split,baseline,sample_id,rowwise_pearson,rmse,de_rowwise_pearson,de_rmse
split_random,ridge_cell,"B cells, MK-5108",0.26922469916325376,0.5769421888902247,0.5402360577795292,1.5957532787298316
split_random,ridge_cell,"T cells, MK-5108",0.14169717327558617,0.5628871889227668,0.24851238554951607,1.656145443644846
split_random,ridge_cell,"B cells, Ganetespib (STA-9090)",0.5428766975167552,1.5650153040522439,0.6708666298315462,2.6082772455432464
split_random,ridge_cell,"NK cells, Ganetespib (STA-9090)",0.4534838390254953,1.0664430957184214,0.6859545193728046,2.2407571257017738
split_random,ridge_cell,"T cells, Ganetespib (STA-9090)",0.5065146302283495,2.0812459998238886,0.5851597657450737,2.953215320049207
split_random,ridge_cell,"B cells, Tivozanib",0.5212509452543271,0.7133938633530433,0.7685763601799828,1.7403846607427695
split_random,ridge_cell,"Myeloid cells, Tivozanib",0.24844564425068869,0.7508530232771286,0.49796014455549525,1.8563360696015712
split_random,ridge_cell,"NK cells, Ixabepilone",0.24120521509691248,0.6160384346867399,0.4226371382343164,1.7813562746064102
split_random,ridge_cell,"T cells, Ixabepilone",0.23404698460049603,0.5277958448648702,0.3159064271737192,1.6185732308388703
split_random,ridge_cell,"Myeloid cells, Linagliptin",0.013517757717772555,0.7516466135083578,0.017902737651771996,1.9606384590839079
split_random,ridge_cell,"NK cells, Linagliptin",0.24650553278081255,0.6068598240302953,0.4859895075845678,1.6877909422257547
split_random,ridge_cell,"NK cells, 5-(9-Isopropyl-8-methyl-2-morpholino-9H-purin-6-yl)pyrimidin-2-amine",0.4867676517623436,0.8267344596454124,0.7355478208266412,1.9485864548685405
split_random,ridge_cell,"NK cells, O-Demethylated Adapalene",0.1679598334045357,0.6316499933617575,0.30177041223180806,1.7527657309950961
split_random,ridge_cell,"Myeloid cells, I-BET151",0.4015548821679731,1.687859867467898,0.5399368204540769,2.7275693495682525
split_random,ridge_cell,"T cells, Foretinib",0.6253245058467986,0.7596916249163546,0.8139134208799826,1.782904230631818
split_random,ridge_cell,"T cells, BMS-387032",0.3668540593141657,1.2242813468608915,0.5342776051013749,2.3826904973497878
split_random,ridge_cell,"Myeloid cells, IN1451",0.3279450002445451,2.3652211860311363,0.4048977368080058,3.1713541499320788
split_random,ridge_cell,"NK cells, Topotecan",0.2183894522054871,0.7755558983029427,0.39650691394687043,1.9771089749535016
split_random,ridge_cell,"Myeloid cells, BAY 87-2243",0.45529842842677165,1.3389271901762825,0.5904882523318696,2.4132919622540516
split_random,ridge_cell,"T cells, TL_HRAS26",0.31798947947568085,0.5252679640190598,0.5318647246041025,1.802269516772961
split_random,ridge_cell,"B cells, BMS-265246",-0.0662719413497476,1.1781852628982605,-0.09496146623278062,2.4485544306955216
split_random,ridge_cell,"NK cells, BMS-265246",0.2535989309927342,0.8516252583566595,0.4693452448490923,2.086751595445446
split_random,ridge_cell,"NK cells, Ruxolitinib",0.39553561415643845,0.6942401470337412,0.6394363766608541,1.7561843103846062
split_random,ridge_cell,"T cells, Ruxolitinib",0.623509133171574,0.8373209028253633,0.8127994109148053,1.8317058310788614
split_random,ridge_cell,"B cells, Pomalidomide",-0.09765746991159535,1.0446079369438122,-0.16333962474714384,2.461233347600442
split_random,ridge_cell,"NK cells, Pomalidomide",0.04381898119774004,0.8545491623872822,0.07089344321829551,2.1675383483361417
split_random,ridge_cell,"Myeloid cells, Dovitinib",0.09557677548926094,0.9638332050165513,0.22788166439106186,2.226214144059057
split_random,ridge_cell,"NK cells, Dovitinib",0.3347921199847505,0.7007900600812988,0.5635567687938889,1.8281688228530817
split_random,ridge_cell,"NK cells, Methotrexate",-0.015881550697279326,0.6650874266482457,-0.001965061779450564,1.8880298125114534
split_random,ridge_cell,"T cells, Methotrexate",-0.17699681528313962,0.707930790396491,-0.5085785386486013,2.2774892168145815
split_random,ridge_cell,"B cells, Palbociclib",0.34160916473053254,0.6183946020529709,0.5894929154030507,1.6302316216772998
split_random,ridge_cell,"Myeloid cells, Palbociclib",0.5029464492534,0.6740112996405468,0.7671683230327067,1.6577499713533121
split_random,ridge_cell,"T cells, Palbociclib",0.3697519845009345,0.5058988821533223,0.6776462120483702,1.4753506607043825
split_random,ridge_cell,"Myeloid cells, AMD-070 (hydrochloride)",0.18437448219037494,0.7563184103463841,0.3705981324366953,1.951193675691322
split_random,ridge_cell,"NK cells, Sgc-cbp30",0.2986609635110876,0.6556360195902118,0.5592690706200926,1.739499099581605
split_random,ridge_cell,"B cells, FK 866",0.3743178799937577,0.7093112289282545,0.6107533602655435,1.7882780575052115
split_random,ridge_cell,"T cells, Chlorpheniramine",0.3916281389580896,0.5428879691667241,0.6537569915927383,1.5040343327348
split_random,ridge_cell,"B cells, Scriptaid",0.39063696544534887,1.66923752889773,0.5105700893329809,2.688057668499346
split_random,ridge_cell,"NK cells, Scriptaid",0.29349844991724017,1.306921136903925,0.45642742022075095,2.516345319357457
split_random,ridge_cell,"NK cells, BAY 61-3606",0.41022410124611514,0.9862535760278339,0.6405758044591991,2.134108030959381
split_random,ridge_cell,"T cells, AT13387",0.5601577253549852,1.968146621365711,0.6456905635584704,2.8625237988443852
split_random,ridge_cell,"T cells, Disulfiram",0.18194478087567992,0.5779734698992057,0.38139943605701604,1.5987993682197958
split_random,ridge_cell,"T cells, Dactolisib",0.6461609404508876,1.4258154097337057,0.7809332624806926,2.4984247841140914
split_random,ridge_cell,"Myeloid cells, Idelalisib",0.4029979938791259,0.8976132151139974,0.6233857497326595,1.9309077657496294
split_random,ridge_cell,"B cells, Quizartinib",0.14297274043058175,0.598823810629304,0.3628361228950007,1.5971591309183744
split_random,ridge_cell,"NK cells, LDN 193189",0.08570832144478946,0.6736218836211969,0.14572424077753252,1.8420372829376208
split_random,ridge_cell,"NK cells, Riociguat",0.25728075560391184,0.6288383051720093,0.4786639147176071,1.7506421236668321
split_random,ridge_cell,"NK cells, AZD3514",0.25633571485618906,0.6452182601872808,0.43276257051340283,1.767873259329065
split_random,ridge_cell,"T cells, Resminostat",0.47421430828119676,2.108631421062234,0.5657124093752525,2.973223425871452
split_random,ridge_cell,"NK cells, Azacitidine",0.21655554696033136,0.6245790643516735,0.39957791645925467,1.7729577630744777
split_random,ridge_cell,"NK cells, Nilotinib",0.34256465379414613,0.6979129425458546,0.5780067718211228,1.778808298640599
split_random,ridge_cell,"NK cells, AT 7867",0.40983887175263356,0.6864608872022099,0.6728428259009531,1.7872094636987343
split_random,ridge_cell,"B cells, GO-6976",0.16496265481134273,0.7152745421278263,0.3536167922135339,1.8492892779436358
split_random,ridge_cell,"T cells, RG7112",0.2745938280139638,0.6167525466688503,0.40826591985469873,2.173092073414873
split_random,ridge_cell,"T cells, Lamivudine",0.26713456113057965,0.5156778394160542,0.45210237417596455,1.532955309666283
split_random,ridge_cell,"B cells, TGX 221",0.6870260211116089,0.7318260065075258,0.8645260582595826,1.7038896212012173
split_random,ridge_cell,"NK cells, TGX 221",0.37220172140945873,0.6936878620007135,0.5665565031584123,1.788679363466521
split_random,ridge_cell,"Myeloid cells, ABT737",0.07190885916885519,0.9681224097479797,0.2384289298189939,2.2023516865200525
split_random,ridge_cell,"NK cells, ABT737",0.2070343557435099,0.7094277529301514,0.35886276959257346,1.8634932811694018
split_random,ridge_cell,"NK cells, PRT-062607",0.42410506908622414,0.7014071659243554,0.6719438077256448,1.7654489565970461
split_random,ridge_cell,"T cells, AZ628",0.612419796882389,0.6511370984695932,0.8258722919517296,1.640944995132483
split_random,ridge_cell,"B cells, Masitinib",0.4902257687731589,0.628265268069085,0.6876234149237078,1.5753001161557192
split_random,ridge_cell,"NK cells, Nefazodone",0.2642390133564166,0.630179763470622,0.46628629184461456,1.778871544519479
split_random,ridge_cell,"T cells, STK219801",0.15455975519536683,0.582529620740312,0.3643549924059298,1.8125229272969416
split_random,ridge_cell,"T cells, TPCA-1",0.6899631450486636,1.0228315565899666,0.8323806870573688,2.015852182623794
split_random,ridge_cell,"NK cells, MGCD-265",0.19180941252936384,0.625889607683031,0.42665996528737055,1.7524676278478153
split_random,ridge_cell,"Myeloid cells, Ricolinostat",0.0988363608474473,1.1861930062337684,0.18619847479260462,2.4071593121167965
split_random,ridge_cell,"T cells, Bosutinib",0.5488351494994334,0.9494189299430295,0.7280444043390503,2.0260593429118354
split_random,ridge_cell,"B cells, Midostaurin",0.5767831388323732,0.7281661862155283,0.7863346946366397,1.7416607361392444
split_random,ridge_cell,"Myeloid cells, R428",0.36934522408887294,1.9727466787981602,0.4733794317317547,2.9280045961657515
split_random,ridge_cell,"Myeloid cells, Oxybenzone",0.2378732724629433,0.5533425405566066,0.568750104265094,1.5127501703610111
split_random,ridge_cell,"NK cells, Oxybenzone",0.23841461978235876,0.6076531345568023,0.42042583346909584,1.725366953073907
split_random,ridge_cell,"T cells, Oxybenzone",0.28971030848553775,0.4820873434389978,0.5124099758545322,1.4581177313171798
split_random,ridge_cell,"NK cells, Vandetanib",0.28528542838104903,0.6203222558731243,0.6033501616268899,1.745140206060651
split_random,ridge_cell,"NK cells, Imatinib",0.23603162969704328,0.6465694891423103,0.45091774657975464,1.7758304643652434
split_random,ridge_cell,"NK cells, SCH-58261",0.12491447651161894,0.652247302530144,0.2536093291131911,1.8158306435550595
split_random,ridge_cell,"T cells, Colforsin",0.3320023968657768,0.5291593408368878,0.5100465607149345,1.4289572403664481
split_random,ridge_cell,"B cells, Tivantinib",0.4158808437390686,0.6629854094775958,0.6220222361149172,1.7062021448635443
split_random,ridge_cell,"NK cells, Tosedostat",0.3404479334138704,0.7251000527742855,0.5921802227135295,1.8535095421518082
split_random,ridge_cell,"B cells, Colchicine",0.2636048211584188,1.043713905198228,0.4356422769196995,2.294144645049527
split_random,ridge_cell,"Myeloid cells, Colchicine",0.32551016104696734,2.399557665138829,0.39845190396436825,3.1879194483242914
split_random,ridge_cell,"NK cells, Colchicine",0.3442533695242036,0.6876202313230264,0.5681236293926287,1.7745245327399022
split_random,ridge_cell,"T cells, Mometasone Furoate",0.5346895080512517,1.372944809285163,0.6767502532002642,2.5091556725061124
split_random,ridge_cell,"T cells, Tipifarnib",0.40294257139617295,0.6336639263974503,0.6897999403243215,1.6776643108246538
split_random,ridge_cell,"Myeloid cells, BX 912",0.5245297604682371,0.7343731311171673,0.7706656318238052,1.7278214557584275
split_random,ridge_cell,"NK cells, BX 912",0.3689723624787603,0.6880152184811296,0.5810523988004408,1.7478359621270667
split_random,ridge_cell,"T cells, Tacalcitol",0.44362838898204215,0.6094853236444067,0.7456876886678919,1.5903027971284989
split_random,ridge_cell,"T cells, GLPG0634",0.5566352235264104,0.6886361572337045,0.8024949166553252,1.6588192234562462
split_random,ridge_cell,"NK cells, Vanoxerine",0.25887910624727456,0.6348720635917133,0.37939617560081923,1.7254953803556967
split_random,ridge_cell,"B cells, TIE2 Kinase Inhibitor",0.18264430277703167,0.5749171227818836,0.2992752502254398,1.6083677950501383
split_random,ridge_cell,"Myeloid cells, TIE2 Kinase Inhibitor",0.10532308020805484,0.6873993744019131,0.40942664837014486,1.7675002890221678
split_random,ridge_cell,"B cells, K-02288",0.44756585168874324,0.5877082899175009,0.723621862698034,1.5456401143657745
split_random,ridge_cell,"Myeloid cells, Vorinostat",0.3860628917047117,1.7872340806132228,0.5123204001101789,2.7938744286157586
split_random,ridge_cell,"Myeloid cells, Ruxolitinib",0.6697948224339624,1.3124727902180728,0.8177912460142299,2.379684648579162
split_random,ridge_cell,"Myeloid cells, Trametinib",0.33513269647283905,1.3604465469441551,0.48226780716590445,2.466987873090095
split_random,ridge_cell,"B cells, BAY 61-3606",0.4673772725030195,1.1517657277028355,0.6445408116539942,2.249084570189922
split_random,ridge_cell,"Myeloid cells, AT13387",0.5239993774459626,1.2427137331939435,0.7089340534407159,2.2450544968889563
split_random,ridge_cell,"B cells, Perhexiline",0.7090866767873713,0.8973759845305141,0.8589777635745738,1.8673556467222214
split_random,ridge_cell,"B cells, RVX-208",0.3920289583901703,0.7031414266837372,0.6074463469215391,1.7505669624723323
split_random,ridge_cell,"Myeloid cells, RVX-208",0.2228984636419061,0.8973965027006712,0.3789185395270962,2.0578275164683424
split_random,ridge_cell,"Myeloid cells, Flutamide",0.30853885142656357,0.5923180339679123,0.5839056899752356,1.6016906600505276
split_random,ridge_cell,"B cells, Amiodarone",0.16499565177429007,0.5752650388508225,0.3503556408564827,1.5784957672139717
split_random,ridge_cell,"Myeloid cells, RN-486",0.2793223437898695,0.7261464572296406,0.490635869195962,1.8463991762277834
split_random,ridge_cell,"Myeloid cells, Defactinib",0.613400954988876,0.8997655712220244,0.8012466607798516,1.8987708304549058
split_random,ridge_cell,"Myeloid cells, AZD3514",0.39316021997583817,0.7832376791007283,0.6471142542138439,1.853115288248302
split_random,ridge_cell,"B cells, HMN-214",-0.033950107313717406,0.6598111241040017,0.029795097076999885,1.7927241833285235
split_random,ridge_cell,"Myeloid cells, CC-401",0.40749522054351395,0.8784269133775291,0.6385873040344147,1.9488029630054153
split_random,ridge_cell,"B cells, Resminostat",0.3708395102275867,1.6370676710096477,0.4931777734717018,2.6718691309711264
split_random,ridge_cell,"Myeloid cells, OSI-930",0.0033461969830418086,0.7504616143744174,0.023926399096616487,1.8589336569737402
split_random,ridge_cell,"Myeloid cells, RG7112",0.37232760469800574,0.7265305974832208,0.5662422690078394,2.026951128095677
split_random,ridge_cell,"B cells, AZD-8330",0.6472168366908458,0.6584548553036468,0.8508243810409609,1.6305315883009694
split_random,ridge_cell,"B cells, Ceritinib",0.4276879281488455,0.5553170428049149,0.6815421310235976,1.4895572875654741
split_random,ridge_cell,"Myeloid cells, Ceritinib",0.5373972643452894,0.8404382382015466,0.7840718899302375,1.9367465874399032
split_random,ridge_cell,"Myeloid cells, CGM-097",0.002455266543570806,1.278416075239183,0.05111890759728148,2.4996443205933017
split_random,ridge_cell,"B cells, SLx-2119",0.44625627698661496,0.596817534622805,0.7037325868051453,1.5456962185074472
split_random,ridge_cell,"Myeloid cells, Bosutinib",0.5524946562135856,1.5592621253245817,0.7022877668576141,2.5980712339880014
split_random,ridge_cell,"B cells, Buspirone",0.11620930920956218,0.6095170755735964,0.2057543819039207,1.7976602514071072
split_random,ridge_cell,"Myeloid cells, Buspirone",0.16657100280131776,0.5925698613158551,0.33151677140515173,1.5924423493624666
split_random,ridge_cell,"B cells, Vandetanib",0.478649348045973,0.6349791584047136,0.7289606295357384,1.6382486032300874
split_random,ridge_cell,"B cells, Tosedostat",0.1828449430064881,0.67138173254702,0.32470238878729923,1.7701130924996937
split_random,ridge_cell,"Myeloid cells, Tosedostat",0.4013563110223263,0.9451376219860441,0.5802775083596279,2.050701837132905
split_random,ridge_cell,"B cells, ABT-199 (GDC-0199)",-0.1434460692335578,1.0678670537513577,-0.2920864505905812,2.338262730884066
split_random,ridge_cell,"Myeloid cells, Tipifarnib",0.4576035491178692,0.7496693488280597,0.7398143464770174,1.74970561964125
split_random,ridge_cell,"B cells, Prednisolone",0.5784713437139863,0.9837141002357012,0.7580948320276572,2.110521121435575
split_random,ridge_cell,"Myeloid cells, Mubritinib (TAK 165)",0.22647111905431944,1.1324014870052432,0.36229372088559686,2.3309110503158084
split_random,ridge_cell,"B cells, Vanoxerine",0.2602268324771062,0.5873047669512607,0.47858111545359017,1.6558733022621128
split_random,ridge_drug_fp,"B cells, MK-5108",0.14601630505168342,0.6533098221332267,0.32381238685309716,1.6663100596931526
split_random,ridge_drug_fp,"T cells, MK-5108",0.24766690706193814,0.577655613081759,0.5568780585834603,1.4793512877645736
split_random,ridge_drug_fp,"B cells, Ganetespib (STA-9090)",0.39055591456996214,1.658889326949627,0.5229310017624931,2.457163706862668
split_random,ridge_drug_fp,"NK cells, Ganetespib (STA-9090)",0.3756586428940062,1.297919778169671,0.591677540344584,1.9570863478218194
split_random,ridge_drug_fp,"T cells, Ganetespib (STA-9090)",0.39812599071566507,2.053991445967951,0.4962560869333042,2.744688758340645
split_random,ridge_drug_fp,"B cells, Tivozanib",0.24346703668559322,0.8290182872843465,0.4537463690982092,1.9493636294537808
split_random,ridge_drug_fp,"Myeloid cells, Tivozanib",0.1564868126265413,0.8043673347269316,0.31415255451133145,1.9494370065103992
split_random,ridge_drug_fp,"NK cells, Ixabepilone",0.1052643613105078,0.7126796860432729,0.2753695139215988,1.8017193585345206
split_random,ridge_drug_fp,"T cells, Ixabepilone",0.20080288543029728,0.5833799802823337,0.5037107195062237,1.527940995337365
split_random,ridge_drug_fp,"Myeloid cells, Linagliptin",0.06755496900869234,0.7337194501460949,0.1465536463639293,1.9104438390847427
split_random,ridge_drug_fp,"NK cells, Linagliptin",0.10322489035689407,0.6826233152486727,0.16867454553646574,1.7697827263545263
split_random,ridge_drug_fp,"NK cells, 5-(9-Isopropyl-8-methyl-2-morpholino-9H-purin-6-yl)pyrimidin-2-amine",0.4844067902919183,1.057921386542287,0.7027759580475225,1.5469775514271837
split_random,ridge_drug_fp,"NK cells, O-Demethylated Adapalene",0.10809297950680295,0.7235855067544118,0.13745903432463794,1.7894832442753774
split_random,ridge_drug_fp,"Myeloid cells, I-BET151",0.5300027718575855,1.5347882823877386,0.6670881399837795,2.248027842558565
split_random,ridge_drug_fp,"T cells, Foretinib",0.48628650284973746,0.8109720288355714,0.7448483800254491,1.6190474163444002
split_random,ridge_drug_fp,"T cells, BMS-387032",0.38560003173135404,1.2103639101331594,0.5735607981842142,2.1888276614398428
split_random,ridge_drug_fp,"Myeloid cells, IN1451",0.6814985384251916,1.8140912991415181,0.778877503810375,2.2705167527605425
split_random,ridge_drug_fp,"NK cells, Topotecan",0.4027976745166168,0.8735540385130008,0.6564650589120669,1.57151280481502
split_random,ridge_drug_fp,"Myeloid cells, BAY 87-2243",0.3108463599825396,1.4296005387952968,0.3983768226279162,2.416973943474391
split_random,ridge_drug_fp,"T cells, TL_HRAS26",0.25353202493982463,0.5585066223690565,0.5983872660587498,1.7359011895075693
split_random,ridge_drug_fp,"B cells, BMS-265246",0.5605602788145254,1.0341995658679952,0.765118428855351,1.5469479823033059
split_random,ridge_drug_fp,"NK cells, BMS-265246",0.46627933690510115,1.0339835269942395,0.7564738408404912,1.4259920652268627
split_random,ridge_drug_fp,"NK cells, Ruxolitinib",0.2186378327262882,0.9611953040239598,0.4214685443883416,1.7705766593066603
split_random,ridge_drug_fp,"T cells, Ruxolitinib",0.49140781114767573,0.9140225642039622,0.7043874441930261,1.6036733018356815
split_random,ridge_drug_fp,"B cells, Pomalidomide",0.4081717242463079,0.9441117853475324,0.6255922518942,1.8625165865043014
split_random,ridge_drug_fp,"NK cells, Pomalidomide",0.3537563104399191,0.8979339485078704,0.5956980024547545,1.7249560010039415
split_random,ridge_drug_fp,"Myeloid cells, Dovitinib",0.12215593467017197,1.0647375870537361,0.28594322962745056,2.201450561630992
split_random,ridge_drug_fp,"NK cells, Dovitinib",0.28651595634222715,0.8293795334268963,0.47698746235446476,1.736147413948829
split_random,ridge_drug_fp,"NK cells, Methotrexate",0.06649935857266341,0.773470119679254,0.11221043673534664,1.9018423504891138
split_random,ridge_drug_fp,"T cells, Methotrexate",0.3590632758130427,0.618780562091546,0.6535705203151727,1.4220097399471512
split_random,ridge_drug_fp,"B cells, Palbociclib",0.07970181819806618,0.7913347218492879,0.22038307731627688,1.8494320882362778
split_random,ridge_drug_fp,"Myeloid cells, Palbociclib",0.17498952017816172,0.8505874312887582,0.3727247573790649,1.9194666447063935
split_random,ridge_drug_fp,"T cells, Palbociclib",0.20780980670016094,0.6553741916740086,0.5589130105891268,1.5276733391305213
split_random,ridge_drug_fp,"Myeloid cells, AMD-070 (hydrochloride)",0.2108380294643525,0.7501040143508668,0.4481283957729294,1.9333601973037298
split_random,ridge_drug_fp,"NK cells, Sgc-cbp30",0.26033894604840996,0.7533841124175071,0.4474395669511785,1.691671683173277
split_random,ridge_drug_fp,"B cells, FK 866",0.3729294379656969,0.7874100219342695,0.6568417743664908,1.588166460852043
split_random,ridge_drug_fp,"T cells, Chlorpheniramine",0.1887326502722707,0.6050131454297824,0.4046398145263289,1.6480034552030287
split_random,ridge_drug_fp,"B cells, Scriptaid",0.7076216881394167,1.2724800412599466,0.8385312310495222,1.6086593979565105
split_random,ridge_drug_fp,"NK cells, Scriptaid",0.6361839331270649,1.2231197893722323,0.8239769372193412,1.4767606391814643
split_random,ridge_drug_fp,"NK cells, BAY 61-3606",0.4723429393078311,1.2997189949987233,0.7273100689051212,1.5830812560093226
split_random,ridge_drug_fp,"T cells, AT13387",0.6596196781920738,1.6373660702586261,0.7442113453572884,2.291885762798165
split_random,ridge_drug_fp,"T cells, Disulfiram",0.24814989809546253,0.5619715058769824,0.5165373253628834,1.5169830314346018
split_random,ridge_drug_fp,"T cells, Dactolisib",0.7065131556243971,1.128723091993207,0.83086061336615,1.6895697599155854
split_random,ridge_drug_fp,"Myeloid cells, Idelalisib",0.22320467326211776,1.0313971538851057,0.38623698714886534,2.0339729487723757
split_random,ridge_drug_fp,"B cells, Quizartinib",0.13122667883814934,0.6312077844050463,0.32128323469477277,1.6153748511808776
split_random,ridge_drug_fp,"NK cells, LDN 193189",0.20964247436825023,0.6861720764245737,0.4304071612048428,1.7099146209533387
split_random,ridge_drug_fp,"NK cells, Riociguat",0.05801557478953101,0.7074446953592751,0.11865444070995201,1.8589519904286764
split_random,ridge_drug_fp,"NK cells, AZD3514",0.25553119273147806,0.7527423899452783,0.44707349939928387,1.6640815286460073
split_random,ridge_drug_fp,"T cells, Resminostat",0.6590787073086862,1.701617405189725,0.746440868746438,2.276864677607441
split_random,ridge_drug_fp,"NK cells, Azacitidine",0.19415104575224967,0.6662024010154172,0.24187375704593697,1.7856847163746548
split_random,ridge_drug_fp,"NK cells, Nilotinib",0.25738033047594905,0.8648640071339174,0.4699182652116251,1.7342062559953604
split_random,ridge_drug_fp,"NK cells, AT 7867",0.22676851247819854,0.8409797255848924,0.463378968110519,1.758551104187458
split_random,ridge_drug_fp,"B cells, GO-6976",0.28213070131866014,0.7654198711136191,0.5053084444830782,1.7049171185243108
split_random,ridge_drug_fp,"T cells, RG7112",0.3457887701043492,0.6246545053532448,0.6116348347330236,1.7725189590010033
split_random,ridge_drug_fp,"T cells, Lamivudine",0.19049159675171207,0.5677422837415697,0.3560122928320934,1.5659581760210555
split_random,ridge_drug_fp,"B cells, TGX 221",0.4593748809288012,0.8504135889948764,0.6832210009567096,1.6903118272365292
split_random,ridge_drug_fp,"NK cells, TGX 221",0.27226859221931077,0.856821045268812,0.46583231971343375,1.6993852041047974
split_random,ridge_drug_fp,"Myeloid cells, ABT737",0.27721315324173657,0.9286620390054978,0.5016468130079506,2.025814785744152
split_random,ridge_drug_fp,"NK cells, ABT737",0.06868372744456167,0.8534017626801212,0.18112860320309113,1.9277306201097095
split_random,ridge_drug_fp,"NK cells, PRT-062607",0.35251603479646487,0.9539276409486955,0.6055872711519869,1.5722250689802826
split_random,ridge_drug_fp,"T cells, AZ628",0.4877962058488347,0.7126583495158546,0.7467401675175647,1.5091277871059796
split_random,ridge_drug_fp,"B cells, Masitinib",0.24992648269507717,0.7231794757900228,0.37026756078522133,1.7762002277376232
split_random,ridge_drug_fp,"NK cells, Nefazodone",0.11813877511014735,0.6880051922852258,0.1422889700900939,1.8583747074686543
split_random,ridge_drug_fp,"T cells, STK219801",0.27715676698444747,0.5848782694764044,0.5267397901208056,1.5653470160898804
split_random,ridge_drug_fp,"T cells, TPCA-1",0.5882851083262355,0.975510825566466,0.7874965892302401,1.6856985630085795
split_random,ridge_drug_fp,"NK cells, MGCD-265",0.06875260141196543,0.7211211807260124,0.09600888818768442,1.8264304953737742
split_random,ridge_drug_fp,"Myeloid cells, Ricolinostat",0.4080039419657262,1.0730715125740387,0.5807293897967892,2.073115931084227
split_random,ridge_drug_fp,"T cells, Bosutinib",0.5875092071526252,0.8759190676998545,0.7826144220581,1.6007481652755506
split_random,ridge_drug_fp,"B cells, Midostaurin",0.37042964857332494,0.8501114838736558,0.5604025153112511,1.7816919713026425
split_random,ridge_drug_fp,"Myeloid cells, R428",0.3321523395647575,1.9577411286609019,0.4227010049465359,2.8290648491161883
split_random,ridge_drug_fp,"Myeloid cells, Oxybenzone",0.044749810408949535,0.6027497720420715,0.0828838784549917,1.707351693330677
split_random,ridge_drug_fp,"NK cells, Oxybenzone",0.05909051223585272,0.6863858945080017,0.026079243822846078,1.852564775096767
split_random,ridge_drug_fp,"T cells, Oxybenzone",0.07013384678186171,0.5583721479035968,0.3251436862907961,1.5437015046687643
split_random,ridge_drug_fp,"NK cells, Vandetanib",0.0611225254033855,0.7475144708426753,0.07270489817857807,1.890905383297647
split_random,ridge_drug_fp,"NK cells, Imatinib",0.09498715547696947,0.7031820946465437,0.22183248744524459,1.8280252691436267
split_random,ridge_drug_fp,"NK cells, SCH-58261",0.10033403795329153,0.6980243207084011,0.1284188548498089,1.849177877910332
split_random,ridge_drug_fp,"T cells, Colforsin",0.22477147371343453,0.5811859146856178,0.4892289881923581,1.4953559479311238
split_random,ridge_drug_fp,"B cells, Tivantinib",0.36925894307908746,0.7096883961293186,0.5932627517532582,1.6328667154365653
split_random,ridge_drug_fp,"NK cells, Tosedostat",0.2913590300448393,0.8245245412579559,0.4784783886677674,1.7634165908975425
split_random,ridge_drug_fp,"B cells, Colchicine",0.43972702431987065,1.0033791421091791,0.6241759820603272,1.9384403772847394
split_random,ridge_drug_fp,"Myeloid cells, Colchicine",0.31330944137195177,2.365451391103527,0.3748591598685775,3.1096026482422823
split_random,ridge_drug_fp,"NK cells, Colchicine",0.19636345165088864,0.9237195258460174,0.41014055998941723,1.7551105040769617
split_random,ridge_drug_fp,"T cells, Mometasone Furoate",0.6088286748788563,1.1998671804087813,0.7643133135076434,1.9124297189403658
split_random,ridge_drug_fp,"T cells, Tipifarnib",0.34307162214128145,0.6845912280558683,0.6305890918442241,1.6196686475218036
split_random,ridge_drug_fp,"Myeloid cells, BX 912",0.22255407556868773,0.9378185021110489,0.41527057107473414,1.9397888589620362
split_random,ridge_drug_fp,"NK cells, BX 912",0.26902213010964937,0.8254932272121651,0.45252396696300506,1.6908089292056645
split_random,ridge_drug_fp,"T cells, Tacalcitol",0.35171827371824416,0.8402906628841076,0.6920032825593371,1.4329502961928509
split_random,ridge_drug_fp,"T cells, GLPG0634",0.5003502287802291,0.7166476867460196,0.7765920057380585,1.4791965744417634
split_random,ridge_drug_fp,"NK cells, Vanoxerine",0.1151220297016993,0.7229239426850396,0.1963573609536349,1.7692637856125368
split_random,ridge_drug_fp,"B cells, TIE2 Kinase Inhibitor",0.16370206213824623,0.6024664754652935,0.3620282356553693,1.5866249574628266
split_random,ridge_drug_fp,"Myeloid cells, TIE2 Kinase Inhibitor",0.18414645036146501,0.6701267551977097,0.34430469726136353,1.8037946133581393
split_random,ridge_drug_fp,"B cells, K-02288",0.11133936830052889,0.7269018445017311,0.22077590671386302,1.8461405321738864
split_random,ridge_drug_fp,"Myeloid cells, Vorinostat",0.48650480239934696,1.6831581919975807,0.6159865304918407,2.365464630711909
split_random,ridge_drug_fp,"Myeloid cells, Ruxolitinib",0.33878747276170845,1.455670600478167,0.4945983391806574,2.457715077194616
split_random,ridge_drug_fp,"Myeloid cells, Trametinib",0.2978637049187102,1.3732045832742545,0.44163582508201316,2.4475246972701843
split_random,ridge_drug_fp,"B cells, BAY 61-3606",0.6096659446232098,1.185884998171712,0.8134601195118099,1.4437507231243631
split_random,ridge_drug_fp,"Myeloid cells, AT13387",0.3667134715069615,1.3912765689265274,0.5295933087375596,2.1581348448465705
split_random,ridge_drug_fp,"B cells, Perhexiline",0.5446897431835853,0.9193495628227656,0.7327225002428952,1.7805020230505588
split_random,ridge_drug_fp,"B cells, RVX-208",0.39826927686744057,0.7385051545749789,0.5848946563800502,1.6029108629338888
split_random,ridge_drug_fp,"Myeloid cells, RVX-208",0.36724764433277446,0.8690084823017842,0.5716360036992792,1.8411354498111632
split_random,ridge_drug_fp,"Myeloid cells, Flutamide",0.1686239936832262,0.6290392903011027,0.28721983364600046,1.7535788024016574
split_random,ridge_drug_fp,"B cells, Amiodarone",0.151881195435313,0.5905717473587145,0.27391175494659986,1.5954385364853438
split_random,ridge_drug_fp,"Myeloid cells, RN-486",-0.02223818956121767,0.8217972071913084,-0.07006088849195546,2.078842096040662
split_random,ridge_drug_fp,"Myeloid cells, Defactinib",0.332247686475531,1.014443854732338,0.5286025351745648,2.0578848662730413
split_random,ridge_drug_fp,"Myeloid cells, AZD3514",0.3971555074220203,0.8121743664278156,0.6352640355777528,1.7108258912373557
split_random,ridge_drug_fp,"B cells, HMN-214",0.31748776896071007,0.6149500941885736,0.5647094600290751,1.4762948279430155
split_random,ridge_drug_fp,"Myeloid cells, CC-401",0.4544674480121562,0.8593730863659264,0.6371905057740885,1.8080475324716916
split_random,ridge_drug_fp,"B cells, Resminostat",0.5720373295517736,1.4306750110142332,0.7131447730566659,2.038759079103218
split_random,ridge_drug_fp,"Myeloid cells, OSI-930",0.18003054542359634,0.6863595964072908,0.27871914767210726,1.7289575050554822
split_random,ridge_drug_fp,"Myeloid cells, RG7112",0.29029262396607985,0.7702483083360343,0.4477582427186259,2.007830292845487
split_random,ridge_drug_fp,"B cells, AZD-8330",0.41941539320887167,0.7776602429160548,0.6854009775513485,1.6507842611546437
split_random,ridge_drug_fp,"B cells, Ceritinib",0.24448173533101228,0.6654080610253518,0.49031968314849855,1.604199260132934
split_random,ridge_drug_fp,"Myeloid cells, Ceritinib",0.15733914244237732,1.0078641288481751,0.36021113282445244,2.2342710287277923
split_random,ridge_drug_fp,"Myeloid cells, CGM-097",0.47786710549148964,1.1015126429609166,0.6238795910140875,1.950423025960856
split_random,ridge_drug_fp,"B cells, SLx-2119",0.21481565784253992,0.6991467221050316,0.49211383530395125,1.6782656839814707
split_random,ridge_drug_fp,"Myeloid cells, Bosutinib",0.4113629260538293,1.5710493858674632,0.5556108509577473,2.5128229568640057
split_random,ridge_drug_fp,"B cells, Buspirone",0.08875043734471896,0.6232279600575723,0.1140712983778179,1.8354792753922062
split_random,ridge_drug_fp,"Myeloid cells, Buspirone",0.16119121952751733,0.5870147244620465,0.2091391704892448,1.6248562965048583
split_random,ridge_drug_fp,"B cells, Vandetanib",0.184386006979356,0.7646817368930312,0.3732171729884795,1.8878813557436167
split_random,ridge_drug_fp,"B cells, Tosedostat",0.23198960027595575,0.7746866720407537,0.4456360090896767,1.6502721194456673
split_random,ridge_drug_fp,"Myeloid cells, Tosedostat",0.35983936579217624,0.9859859036219848,0.5537174296884576,1.9637429202808467
split_random,ridge_drug_fp,"B cells, ABT-199 (GDC-0199)",0.11255638613566574,0.9949648388329293,0.1908467800918331,2.165727416610522
split_random,ridge_drug_fp,"Myeloid cells, Tipifarnib",0.2947199433200359,0.8302580638860457,0.55823679835922,1.8288985527468151
split_random,ridge_drug_fp,"B cells, Prednisolone",0.4532554937311908,1.094005140580168,0.6820691134341732,1.8416520941001833
split_random,ridge_drug_fp,"Myeloid cells, Mubritinib (TAK 165)",0.24464038398064314,1.1957535624578708,0.3843317737373639,2.2800891300541135
split_random,ridge_drug_fp,"B cells, Vanoxerine",0.18678003998776888,0.6378304946561789,0.25043390888035305,1.7503873753404087
split_random,ridge_cell_drug_fp,"B cells, MK-5108",0.22039410669878853,0.6526460666956091,0.4649885901457504,1.5824863934028075
split_random,ridge_cell_drug_fp,"T cells, MK-5108",0.28682124557885746,0.5815967381332355,0.6120016350845786,1.420187583697654
split_random,ridge_cell_drug_fp,"B cells, Ganetespib (STA-9090)",0.4522807123242463,1.5789984564387316,0.5931927668780831,2.331639446458205
split_random,ridge_cell_drug_fp,"NK cells, Ganetespib (STA-9090)",0.4050809998445559,1.2293919432337654,0.6210543813351704,1.9022049298112897
split_random,ridge_cell_drug_fp,"T cells, Ganetespib (STA-9090)",0.464495426737414,1.9665118548104328,0.5641152311175994,2.636413634510839
split_random,ridge_cell_drug_fp,"B cells, Tivozanib",0.3921955739134247,0.7721574470335466,0.6739175384847369,1.7497465223530506
split_random,ridge_cell_drug_fp,"Myeloid cells, Tivozanib",0.2490965886063149,0.7969356102345923,0.5194602132008063,1.8030669885655384
split_random,ridge_cell_drug_fp,"NK cells, Ixabepilone",0.15435292307764606,0.7069399369964731,0.3528077889640093,1.7458817363493055
split_random,ridge_cell_drug_fp,"T cells, Ixabepilone",0.32415691507374406,0.5580930145217945,0.6505622026584755,1.2907664107678714
split_random,ridge_cell_drug_fp,"Myeloid cells, Linagliptin",0.0990828717828079,0.7650350478269682,0.20657646574819616,1.887729269146208
split_random,ridge_cell_drug_fp,"NK cells, Linagliptin",0.1803563570604145,0.6730035714511113,0.3480775976242096,1.6884759682165553
split_random,ridge_cell_drug_fp,"NK cells, 5-(9-Isopropyl-8-methyl-2-morpholino-9H-purin-6-yl)pyrimidin-2-amine",0.5189506691526916,0.9747581250155218,0.734888832293193,1.4560138037533406
split_random,ridge_cell_drug_fp,"NK cells, O-Demethylated Adapalene",0.17313348343023574,0.6906036283797546,0.29745739892562273,1.7104061974207734
split_random,ridge_cell_drug_fp,"Myeloid cells, I-BET151",0.5842568473275116,1.4626881736845188,0.7229711328156155,2.130776613886804
split_random,ridge_cell_drug_fp,"T cells, Foretinib",0.5927849382259146,0.7372087534595375,0.8180997028417065,1.4572367227922052
split_random,ridge_cell_drug_fp,"T cells, BMS-387032",0.40220510288549977,1.206895347403722,0.5888935683989793,2.1491327756627596
split_random,ridge_cell_drug_fp,"Myeloid cells, IN1451",0.7149882191930926,1.7439467442398515,0.8076715648789118,2.1794571972230337
split_random,ridge_cell_drug_fp,"NK cells, Topotecan",0.42119761964471386,0.8671609627030432,0.6795584543871015,1.5331179530707273
split_random,ridge_cell_drug_fp,"Myeloid cells, BAY 87-2243",0.4309303526392208,1.332030771274828,0.5464841111635549,2.2321390154052363
split_random,ridge_cell_drug_fp,"T cells, TL_HRAS26",0.32784273703722683,0.560535335939806,0.656480001657905,1.6549424878637076
split_random,ridge_cell_drug_fp,"B cells, BMS-265246",0.5531063440503462,1.0480821122477075,0.7539754780032052,1.5731785369443099
split_random,ridge_cell_drug_fp,"NK cells, BMS-265246",0.49611531523735497,1.0090149945341624,0.7885095687038479,1.3426797421023395
split_random,ridge_cell_drug_fp,"NK cells, Ruxolitinib",0.2622937422265849,0.8773307503058619,0.4993426689661139,1.6845088244820605
split_random,ridge_cell_drug_fp,"T cells, Ruxolitinib",0.5588132069316927,0.8485511414503006,0.768704251976873,1.4833045162878011
split_random,ridge_cell_drug_fp,"B cells, Pomalidomide",0.4089229199190182,0.9587512144206403,0.6153030371915282,1.8588009098892364
split_random,ridge_cell_drug_fp,"NK cells, Pomalidomide",0.3810533832855145,0.9004507837595989,0.6261202116463721,1.6729323420790347
split_random,ridge_cell_drug_fp,"Myeloid cells, Dovitinib",0.17233699202502692,1.0436588334622172,0.3597937146679565,2.1322860811187563
split_random,ridge_cell_drug_fp,"NK cells, Dovitinib",0.33076020127538486,0.7755724132527342,0.544290883516899,1.6590849149628977
split_random,ridge_cell_drug_fp,"NK cells, Methotrexate",0.1378703226365342,0.7848611754962912,0.2205192371272925,1.8388259648584502
split_random,ridge_cell_drug_fp,"T cells, Methotrexate",0.2963647986601988,0.653958478147664,0.5817058913167029,1.5638201593173582
split_random,ridge_cell_drug_fp,"B cells, Palbociclib",0.21524946992032395,0.7628664014897543,0.47428359381147706,1.6771535794399401
split_random,ridge_cell_drug_fp,"Myeloid cells, Palbociclib",0.38502158208406734,0.7727828594222013,0.6949725741138956,1.606539170188191
split_random,ridge_cell_drug_fp,"T cells, Palbociclib",0.321427285502903,0.6236363007603746,0.6670113486544409,1.3927580961813615
split_random,ridge_cell_drug_fp,"Myeloid cells, AMD-070 (hydrochloride)",0.26576856586277026,0.7506016278679583,0.5122863393930671,1.8536864245351523
split_random,ridge_cell_drug_fp,"NK cells, Sgc-cbp30",0.27962412832968353,0.7391499687174472,0.506304674908615,1.6488889881948112
split_random,ridge_cell_drug_fp,"B cells, FK 866",0.45379152127354494,0.7440736781648043,0.7442625883302424,1.4396114090523822
split_random,ridge_cell_drug_fp,"T cells, Chlorpheniramine",0.29860921953293956,0.5850413385560741,0.573551586358842,1.5430819512394456
split_random,ridge_cell_drug_fp,"B cells, Scriptaid",0.7371036621000256,1.2102967337697623,0.8596283212201556,1.5193323655912574
split_random,ridge_cell_drug_fp,"NK cells, Scriptaid",0.6453079558264573,1.1820815638352042,0.8319200187386764,1.4531232910761165
split_random,ridge_cell_drug_fp,"NK cells, BAY 61-3606",0.49905703691999886,1.2262603490210837,0.7489778301809965,1.5219582684234119
split_random,ridge_cell_drug_fp,"T cells, AT13387",0.7135813789697406,1.553532152569801,0.788053564845802,2.174677644718151
split_random,ridge_cell_drug_fp,"T cells, Disulfiram",0.3452641194085619,0.5510716795130457,0.6777446873646232,1.317356073979253
split_random,ridge_cell_drug_fp,"T cells, Dactolisib",0.7564094786556332,1.0442575742413176,0.862100362293247,1.5530048680005863
split_random,ridge_cell_drug_fp,"Myeloid cells, Idelalisib",0.3752641324971265,0.9532062496250481,0.5986377744354594,1.8191297387844698
split_random,ridge_cell_drug_fp,"B cells, Quizartinib",0.18508992322487489,0.6431983047224081,0.4026463365896445,1.560332967404493
split_random,ridge_cell_drug_fp,"NK cells, LDN 193189",0.27660836060291166,0.6704669238100195,0.5511745133337772,1.6306776920283108
split_random,ridge_cell_drug_fp,"NK cells, Riociguat",0.1451588032990884,0.6899852067723039,0.32156431338099073,1.786541102365491
split_random,ridge_cell_drug_fp,"NK cells, AZD3514",0.28813620496496656,0.7370541606756884,0.48819942691955454,1.6263689966480384
split_random,ridge_cell_drug_fp,"T cells, Resminostat",0.7050230930792655,1.6211242785470807,0.7834473678194569,2.169313709121008
split_random,ridge_cell_drug_fp,"NK cells, Azacitidine",0.2223840717696714,0.6644660434581098,0.34322134365457363,1.7363440517261814
split_random,ridge_cell_drug_fp,"NK cells, Nilotinib",0.2948673486542164,0.8021605945573702,0.5143851719315824,1.6889036605189087
split_random,ridge_cell_drug_fp,"NK cells, AT 7867",0.2569715268429901,0.8164309413884107,0.5156938507425878,1.7164981189838986
split_random,ridge_cell_drug_fp,"B cells, GO-6976",0.3414165012836089,0.733547616096468,0.5810097215414891,1.6279315879560738
split_random,ridge_cell_drug_fp,"T cells, RG7112",0.3611922909530484,0.6349426245201657,0.6234717273004002,1.7563812305787414
split_random,ridge_cell_drug_fp,"T cells, Lamivudine",0.2659861515671636,0.5618673755995922,0.45218203273062885,1.5094159926061013
split_random,ridge_cell_drug_fp,"B cells, TGX 221",0.5758724353157983,0.7655389344559861,0.7980647571787527,1.461131393854823
split_random,ridge_cell_drug_fp,"NK cells, TGX 221",0.3183923348448663,0.7898924478121864,0.5364758421263377,1.6464925655612648
split_random,ridge_cell_drug_fp,"Myeloid cells, ABT737",0.31131433473317505,0.9264459918663778,0.5696132991313513,1.959986273809275
split_random,ridge_cell_drug_fp,"NK cells, ABT737",0.10790240748317716,0.8645185319913786,0.256717249981182,1.8891855501060348
split_random,ridge_cell_drug_fp,"NK cells, PRT-062607",0.403753535188486,0.8576221830765147,0.6650416380650935,1.4767529492989717
split_random,ridge_cell_drug_fp,"T cells, AZ628",0.5785602624803554,0.6569431760522725,0.8079496115365261,1.365684996133857
split_random,ridge_cell_drug_fp,"B cells, Masitinib",0.4023329341955047,0.6740304676630313,0.6167912927464777,1.5838376482654835
split_random,ridge_cell_drug_fp,"NK cells, Nefazodone",0.17836007734954726,0.6782582304143149,0.28976950204328505,1.8089615520075448
split_random,ridge_cell_drug_fp,"T cells, STK219801",0.2941017296205869,0.5936603959059908,0.5918480296677116,1.4999393480381953
split_random,ridge_cell_drug_fp,"T cells, TPCA-1",0.6784370906659626,0.8869256067870279,0.8483076023096153,1.5226364361629745
split_random,ridge_cell_drug_fp,"NK cells, MGCD-265",0.14794825992007898,0.6858246365306332,0.3193414231775071,1.7419421178252934
split_random,ridge_cell_drug_fp,"Myeloid cells, Ricolinostat",0.4135722831740938,1.073770210617104,0.588084217502962,2.0509129924410594
split_random,ridge_cell_drug_fp,"T cells, Bosutinib",0.6535706188375291,0.8165373935724438,0.8258363572447588,1.4807236325478605
split_random,ridge_cell_drug_fp,"B cells, Midostaurin",0.4984520823578955,0.7794163155845135,0.7195923064698019,1.5463059635294152
split_random,ridge_cell_drug_fp,"Myeloid cells, R428",0.4070979988848588,1.89416552215168,0.509630591060099,2.7313165609825645
split_random,ridge_cell_drug_fp,"Myeloid cells, Oxybenzone",0.13076396562607173,0.6260564357940566,0.36463472042392386,1.6028389499147777
split_random,ridge_cell_drug_fp,"NK cells, Oxybenzone",0.11189888382254656,0.6858995847566934,0.18672069991189033,1.7907378548092208
split_random,ridge_cell_drug_fp,"T cells, Oxybenzone",0.1621062714869592,0.551124990404343,0.40904701332882737,1.486866168197946
split_random,ridge_cell_drug_fp,"NK cells, Vandetanib",0.12802968955336688,0.7223281240700034,0.25822218483699655,1.8154678209850905
split_random,ridge_cell_drug_fp,"NK cells, Imatinib",0.14248994724892067,0.6923523209876309,0.3243301857734862,1.7891585574517814
split_random,ridge_cell_drug_fp,"NK cells, SCH-58261",0.17703220325045807,0.694000159724433,0.27394751371462983,1.7939705839838838
split_random,ridge_cell_drug_fp,"T cells, Colforsin",0.326449171854334,0.5692290069934045,0.5732554443816299,1.3476562084518626
split_random,ridge_cell_drug_fp,"B cells, Tivantinib",0.4396013625109857,0.6900105643532491,0.6769578529173753,1.5171501465414472
split_random,ridge_cell_drug_fp,"NK cells, Tosedostat",0.2967968102861676,0.808504235380766,0.5038523820040898,1.7448635966998431
split_random,ridge_cell_drug_fp,"B cells, Colchicine",0.483493210579984,0.9719331939145508,0.6695126498985688,1.8574611831104968
split_random,ridge_cell_drug_fp,"Myeloid cells, Colchicine",0.4102288442241398,2.2854358267056796,0.4842419827048967,2.9984367406198222
split_random,ridge_cell_drug_fp,"NK cells, Colchicine",0.2306245329030627,0.8981326870256597,0.4720115273260581,1.7007143389256838
split_random,ridge_cell_drug_fp,"T cells, Mometasone Furoate",0.6610605968394955,1.131804214715975,0.8076504887271536,1.8062830002175987
split_random,ridge_cell_drug_fp,"T cells, Tipifarnib",0.385160793246263,0.6767356143957467,0.6819942595160938,1.5503197894923388
split_random,ridge_cell_drug_fp,"Myeloid cells, BX 912",0.4044109428734064,0.836370459563979,0.6886725484626772,1.6467558761655694
split_random,ridge_cell_drug_fp,"NK cells, BX 912",0.319666644323979,0.7650093779219831,0.5284289643808298,1.6302861309445076
split_random,ridge_cell_drug_fp,"T cells, Tacalcitol",0.4000303775820753,0.8507193333510481,0.7503628767259615,1.3157327977339992
split_random,ridge_cell_drug_fp,"T cells, GLPG0634",0.5940243962335985,0.659452647207306,0.8399170323975113,1.3102573654472174
split_random,ridge_cell_drug_fp,"NK cells, Vanoxerine",0.17607579634196552,0.696316928419315,0.3251747722038627,1.7072946410892698
split_random,ridge_cell_drug_fp,"B cells, TIE2 Kinase Inhibitor",0.21988252806001934,0.6116253535697779,0.42652462780132117,1.5382817125153214
split_random,ridge_cell_drug_fp,"Myeloid cells, TIE2 Kinase Inhibitor",0.2236986794243664,0.6925533659542381,0.5066575099881933,1.6798780038572152
split_random,ridge_cell_drug_fp,"B cells, K-02288",0.2548669108309476,0.6907782660205501,0.5080249298705359,1.6654973848833245
split_random,ridge_cell_drug_fp,"Myeloid cells, Vorinostat",0.5379407310070943,1.610589547636916,0.670014692625637,2.2560477755526196
split_random,ridge_cell_drug_fp,"Myeloid cells, Ruxolitinib",0.5084568272189685,1.3088406188063468,0.6932532377195935,2.2039475923286234
split_random,ridge_cell_drug_fp,"Myeloid cells, Trametinib",0.46306148703268857,1.2772445566599633,0.647397823816971,2.252237962865245
split_random,ridge_cell_drug_fp,"B cells, BAY 61-3606",0.6559352680870798,1.1024435084995312,0.8433785489923645,1.3381440892137275
split_random,ridge_cell_drug_fp,"Myeloid cells, AT13387",0.44605640828489757,1.3153016375710116,0.6267969605358917,1.9987610924844323
split_random,ridge_cell_drug_fp,"B cells, Perhexiline",0.6579204747698822,0.8275937609158835,0.8249420189932622,1.5634257387547599
split_random,ridge_cell_drug_fp,"B cells, RVX-208",0.46683337491944493,0.7125593545223274,0.6721564283821861,1.4823288580153786
split_random,ridge_cell_drug_fp,"Myeloid cells, RVX-208",0.38803471741314516,0.8719841016745502,0.6095062880509087,1.7842182606872266
split_random,ridge_cell_drug_fp,"Myeloid cells, Flutamide",0.2825738077231515,0.6300058923254653,0.5583963799758965,1.598117025073306
split_random,ridge_cell_drug_fp,"B cells, Amiodarone",0.2208549947776216,0.5973525211620063,0.4318768311267503,1.5102158850029364
split_random,ridge_cell_drug_fp,"Myeloid cells, RN-486",0.11899078254174061,0.8102715622021016,0.2613672344225837,1.955013131354995
split_random,ridge_cell_drug_fp,"Myeloid cells, Defactinib",0.5590452102029684,0.8890176503557654,0.7849765337274244,1.759746412691887
split_random,ridge_cell_drug_fp,"Myeloid cells, AZD3514",0.44300801421121877,0.8039150018007434,0.6949963690310403,1.6045059318212689
split_random,ridge_cell_drug_fp,"B cells, HMN-214",0.33124698263028024,0.6269057267259748,0.6073416697935992,1.4262294116945153
split_random,ridge_cell_drug_fp,"Myeloid cells, CC-401",0.49108708897442216,0.8446661389730898,0.7011592074441984,1.7237164679442456
split_random,ridge_cell_drug_fp,"B cells, Resminostat",0.6226395763750958,1.3582534851860315,0.7584495451295182,1.9165209995736396
split_random,ridge_cell_drug_fp,"Myeloid cells, OSI-930",0.09150203809863984,0.7473482321278443,0.15610131283057171,1.7841175595665402
split_random,ridge_cell_drug_fp,"Myeloid cells, RG7112",0.3824335044728842,0.7498049170157413,0.5811224813104023,1.8472920100923669
split_random,ridge_cell_drug_fp,"B cells, AZD-8330",0.544724808883267,0.7083991218776794,0.7996361280488408,1.4154977305133776
split_random,ridge_cell_drug_fp,"B cells, Ceritinib",0.3463187558966476,0.6512859211101772,0.6365227655203077,1.4402222925279387
split_random,ridge_cell_drug_fp,"Myeloid cells, Ceritinib",0.3710216135100724,0.9247735265002579,0.677632857394253,1.942692404634602
split_random,ridge_cell_drug_fp,"Myeloid cells, CGM-097",0.48760728415017823,1.1018958052218424,0.641871321578213,1.915905388882551
split_random,ridge_cell_drug_fp,"B cells, SLx-2119",0.3282337102222111,0.6734225376940165,0.6508638109292486,1.5126790002215857
split_random,ridge_cell_drug_fp,"Myeloid cells, Bosutinib",0.5248998336432908,1.4740556534586984,0.6865607465207311,2.339608314569221
split_random,ridge_cell_drug_fp,"B cells, Buspirone",0.16402697880719092,0.6309918264268767,0.28966915735049925,1.755022864419349
split_random,ridge_cell_drug_fp,"Myeloid cells, Buspirone",0.17548927688908,0.6285373918122186,0.3064552563905085,1.5766449133386353
split_random,ridge_cell_drug_fp,"B cells, Vandetanib",0.2882300124143638,0.739583180459185,0.5786328773795312,1.7259415934989912
split_random,ridge_cell_drug_fp,"B cells, Tosedostat",0.2630450107306959,0.7636327090781795,0.4745350190470439,1.6272474793654155
split_random,ridge_cell_drug_fp,"Myeloid cells, Tosedostat",0.4478934601313607,0.9324756510608049,0.6626665961673911,1.8404040656408254
split_random,ridge_cell_drug_fp,"B cells, ABT-199 (GDC-0199)",0.10786901385221283,1.0130983577689796,0.16470508890107213,2.1710785270988273
split_random,ridge_cell_drug_fp,"Myeloid cells, Tipifarnib",0.39634082921764585,0.7984161565227182,0.6915173441277899,1.6761513797427898
split_random,ridge_cell_drug_fp,"B cells, Prednisolone",0.5317632383001711,1.0235595127826023,0.7567685405458414,1.6744742320482382
split_random,ridge_cell_drug_fp,"Myeloid cells, Mubritinib (TAK 165)",0.3194874796086035,1.160020021954322,0.4875287297157606,2.1632348077577994
split_random,ridge_cell_drug_fp,"B cells, Vanoxerine",0.2511972827993631,0.6389447529723343,0.39505474749373437,1.6497416652921177
split_cell_heldout,ridge_cell,"NK cells, TIE2 Kinase Inhibitor",0.06100988497632357,0.6427473933285581,0.06097125593691818,1.7974057118900357
split_cell_heldout,ridge_cell,"NK cells, MK-5108",0.015588188482391133,0.7081600549012304,0.060974083226325616,1.8815045546127096
split_cell_heldout,ridge_cell,"NK cells, Lapatinib",-0.1476874847638345,0.7740511823958693,-0.3186435018949961,1.9712791179560543
split_cell_heldout,ridge_cell,"NK cells, Atorvastatin",0.0766018393354579,0.6812226399903284,0.10115611725275064,1.7639439540273767
split_cell_heldout,ridge_cell,"NK cells, Ganetespib (STA-9090)",0.36259912914204745,1.074769540517235,0.5622435220006992,2.239461297318701
split_cell_heldout,ridge_cell,"NK cells, Clomipramine",0.09593136912354627,0.6515948111421522,0.17577759907720486,1.769579651623046
split_cell_heldout,ridge_cell,"NK cells, Sunitinib",0.12504440776065168,0.6761595429158813,0.18466610299262476,1.7675443692324062
split_cell_heldout,ridge_cell,"NK cells, Tivozanib",0.06587183166596389,0.6876043060983739,0.14215834058072058,1.8203307362199204
split_cell_heldout,ridge_cell,"NK cells, Tamatinib",0.28876380945121327,0.8292188673213197,0.4579574980116731,1.8752711159780062
split_cell_heldout,ridge_cell,"NK cells, Ixabepilone",0.08474977699442733,0.6689496979647249,0.11062614447734652,1.8598185469746336
split_cell_heldout,ridge_cell,"NK cells, Linagliptin",0.07116652926901618,0.6647663708381336,0.08507840792444953,1.7839838807341621
split_cell_heldout,ridge_cell,"NK cells, 5-(9-Isopropyl-8-methyl-2-morpholino-9H-purin-6-yl)pyrimidin-2-amine",0.38184508173986603,0.8411953351896133,0.6156330606327115,1.9484891223156333
split_cell_heldout,ridge_cell,"NK cells, O-Demethylated Adapalene",0.035598683675380084,0.68207308966825,-0.03406727210578521,1.8416058878531527
split_cell_heldout,ridge_cell,"NK cells, Protriptyline",-0.010540898661268049,0.6674635425493898,0.015355935315913205,1.8036992352845456
split_cell_heldout,ridge_cell,"NK cells, I-BET151",0.18286058644240072,1.0148241141792274,0.3015595099709165,2.2594278583686314
split_cell_heldout,ridge_cell,"NK cells, Foretinib",0.28517504196986104,0.7460467993519171,0.49095264656982707,1.862504486441156
split_cell_heldout,ridge_cell,"NK cells, GW843682X",0.12007625440373376,0.665725448188178,0.3229296405530964,1.8112358356843774
split_cell_heldout,ridge_cell,"NK cells, BMS-387032",0.1828052559160819,0.8281002404888687,0.3699757630536985,1.9966021724103917
split_cell_heldout,ridge_cell,"NK cells, IN1451",0.24594352357548305,1.2043160012224514,0.37176475184186847,2.3454296927193834
split_cell_heldout,ridge_cell,"NK cells, Raloxifene",-0.08324561230715392,0.827289921492106,-0.14892842443784055,2.0270702255139814
split_cell_heldout,ridge_cell,"NK cells, Topotecan",0.10314396746688535,0.813833715822354,0.21132399581138447,2.0183538246598944
split_cell_heldout,ridge_cell,"NK cells, BAY 87-2243",0.34014302216065323,0.8939119727637362,0.5420635030300094,2.113265422061079
split_cell_heldout,ridge_cell,"NK cells, Phenylbutazone",0.11003162550467684,0.6854774868707098,0.1465833960842583,1.836242922737979
split_cell_heldout,ridge_cell,"NK cells, K-02288",0.038838360815552794,0.6604880546031486,0.04779367845033479,1.8202321112904207
split_cell_heldout,ridge_cell,"NK cells, BMS-777607",0.0787133962493813,0.675976549925047,0.15429958964269752,1.7844313622431636
split_cell_heldout,ridge_cell,"NK cells, Porcn Inhibitor III",-0.11612422024412593,0.8065330805911172,-0.24676702383442808,2.075051720782193
split_cell_heldout,ridge_cell,"NK cells, TL_HRAS26",0.03629890029022352,0.65843689783304,-0.000654333025386397,1.883165391390423
split_cell_heldout,ridge_cell,"NK cells, Proscillaridin A;Proscillaridin-A",-0.025951594155067273,2.2833886887332393,-0.028987261538515195,3.19856892368192
split_cell_heldout,ridge_cell,"NK cells, Vorinostat",0.29522783311036416,1.203868734664272,0.4799246442321684,2.38105733141947
split_cell_heldout,ridge_cell,"NK cells, BMS-265246",0.047267945813066044,0.9104439981153505,0.12361350706671606,2.1810168619693604
split_cell_heldout,ridge_cell,"NK cells, Ruxolitinib",0.24972957792222386,0.7313607141811983,0.4378349578606051,1.8015099672075006
split_cell_heldout,ridge_cell,"NK cells, Pomalidomide",-0.10666112878687624,0.9111161248692318,-0.17518615103891136,2.250042740913459
split_cell_heldout,ridge_cell,"NK cells, Dovitinib",0.21848621011700853,0.7336263891088508,0.38691425734683815,1.8732517582012076
split_cell_heldout,ridge_cell,"NK cells, AVL-292",0.23656014655280005,0.6793651350908376,0.41534178237339053,1.8148684269769102
split_cell_heldout,ridge_cell,"NK cells, Navitoclax",-0.06422492787354198,0.763477277474343,-0.09852116322988122,1.9875384891070242
split_cell_heldout,ridge_cell,"NK cells, Methotrexate",-0.18653610768250412,0.7338591728373434,-0.2874592817802612,1.987470907746957
split_cell_heldout,ridge_cell,"NK cells, Palbociclib",0.06374171594584137,0.6756654114148114,0.05074588802034552,1.8077375901791763
split_cell_heldout,ridge_cell,"NK cells, Trametinib",0.17155073053380002,0.7133123461339684,0.38590476140768515,1.8043065002627545
split_cell_heldout,ridge_cell,"NK cells, AMD-070 (hydrochloride)",-0.036246121094057025,0.6801024970222797,-0.07604162767966306,1.8614552951154615
split_cell_heldout,ridge_cell,"NK cells, Sgc-cbp30",0.20468866836881436,0.6863758986915511,0.3881968372791351,1.7788079722991763
split_cell_heldout,ridge_cell,"NK cells, FK 866",0.07604288390677512,0.7704219289132129,0.23268577337344087,1.9145709734828087
split_cell_heldout,ridge_cell,"NK cells, Chlorpheniramine",0.045259792622276085,0.6952210275579086,0.10670636878069718,1.884120881879897
split_cell_heldout,ridge_cell,"NK cells, Scriptaid",0.3148705895959159,1.2921264116132012,0.478812205824905,2.4757256239100602
split_cell_heldout,ridge_cell,"NK cells, BAY 61-3606",0.2735502212464958,1.0125504773971707,0.4676274726044999,2.160579508696465
split_cell_heldout,ridge_cell,"NK cells, LY2090314",0.055802928402491604,1.2430601658572145,0.10926669401788658,2.5594380478637375
split_cell_heldout,ridge_cell,"NK cells, Vardenafil",0.09837311560269067,0.6773961375148027,0.1808324537381627,1.8379733753574325
split_cell_heldout,ridge_cell,"NK cells, Dasatinib",0.20953817755262694,0.7606026951496,0.36101410904053344,1.86253202738542
split_cell_heldout,ridge_cell,"NK cells, AT13387",0.35531843359204335,1.0488368622692081,0.5314772444908564,2.2154098565069154
split_cell_heldout,ridge_cell,"NK cells, PF-04691502",0.26239299699343405,0.7652325519572969,0.5301963119580652,1.8030821690867467
split_cell_heldout,ridge_cell,"NK cells, Perhexiline",0.322701325051883,0.7640070668204609,0.5234675232431942,1.805638203555375
split_cell_heldout,ridge_cell,"NK cells, RVX-208",0.09133806159074886,0.7194845869430461,0.06605752617799757,1.9093064555701786
split_cell_heldout,ridge_cell,"NK cells, Ketoconazole",-0.1363817847725705,0.9676672743505339,-0.27963760517038705,2.3088475707406717
split_cell_heldout,ridge_cell,"NK cells, Disulfiram",0.06431204568081599,0.6649556041091834,0.005338560633144978,1.8678706321462648
split_cell_heldout,ridge_cell,"NK cells, Flutamide",0.08947077807491359,0.7039398000845639,0.2728811011655698,1.7890319180975134
split_cell_heldout,ridge_cell,"NK cells, Desloratadine",0.019210294986856488,0.6874941052091417,-0.06902952562130397,1.8462208240330056
split_cell_heldout,ridge_cell,"NK cells, Dactolisib",0.43458152348695717,0.964729543167152,0.6501286035293906,2.1468301136261942
split_cell_heldout,ridge_cell,"NK cells, BMS-536924",0.2666845083340597,0.7291872901470191,0.46747921861450487,1.7967733729315472
split_cell_heldout,ridge_cell,"NK cells, IKK Inhibitor VII",0.26930031758812134,0.7312046774136758,0.45372536680759185,1.8367331830238363
split_cell_heldout,ridge_cell,"NK cells, Amiodarone",0.1344130443636252,0.6735254284983182,0.21480228089223136,1.8025281102196054
split_cell_heldout,ridge_cell,"NK cells, Isoniazid",0.059223377671463635,0.6747328677379045,0.10768111033175722,1.836547755157846
split_cell_heldout,ridge_cell,"NK cells, IMD-0354",0.331812440840032,0.9017139428348475,0.5771126075541618,2.0612577393421896
split_cell_heldout,ridge_cell,"NK cells, Canertinib",0.04955552378184437,0.7251288452327153,0.08630152249311739,1.9641401711858277
split_cell_heldout,ridge_cell,"NK cells, Idelalisib",0.1290223028385176,0.7223116341869533,0.29499927961308176,1.8526092711709312
split_cell_heldout,ridge_cell,"NK cells, Alogliptin",-0.061339638383515624,0.6823847675861769,-0.2035548952589164,1.9068906349734926
split_cell_heldout,ridge_cell,"NK cells, Penfluridol",0.054772263343418406,0.7167421279608748,0.12951956277539073,1.8215961262623226
split_cell_heldout,ridge_cell,"NK cells, Quizartinib",0.00865270569179623,0.6864632269512114,0.032289960950357355,1.866149289618622
split_cell_heldout,ridge_cell,"NK cells, RN-486",-0.08202990220564255,0.7402771580023578,-0.20177943904927897,1.9507147969711767
split_cell_heldout,ridge_cell,"NK cells, PD-0325901",0.22706869350416856,0.7734104719914758,0.41350526360023104,1.9175020664942535
split_cell_heldout,ridge_cell,"NK cells, Decitabine",0.0332325896458915,0.6675892386536612,0.03009160801061619,1.7765172820663115
split_cell_heldout,ridge_cell,"NK cells, LDN 193189",-0.06250016216035278,0.7314214394912346,-0.2345670580431237,1.9352224781647989
split_cell_heldout,ridge_cell,"NK cells, Cabozantinib",0.0034772225990228026,0.7109250798021977,0.0616801284274217,1.8303452139967455
split_cell_heldout,ridge_cell,"NK cells, Riociguat",0.06786159946650479,0.6890075837447983,0.1629689708865956,1.8348115040579474
split_cell_heldout,ridge_cell,"NK cells, CHIR-99021",-0.05405926769102608,0.7866489158708486,-0.1379370324170381,1.9973257854907094
split_cell_heldout,ridge_cell,"NK cells, Defactinib",0.09837177463651998,0.6885139293654953,0.27051860503610525,1.838596369934764
split_cell_heldout,ridge_cell,"NK cells, BI-D1870",-0.004818909864204049,0.7529244940187372,0.08414413602185765,1.8338414595262336
split_cell_heldout,ridge_cell,"NK cells, AZD3514",0.11219571074021473,0.6928504164200866,0.2313980283027674,1.8175350334799234
split_cell_heldout,ridge_cell,"NK cells, HMN-214",-0.01257377804941085,0.7370606230263774,-0.015791760749728954,1.8534246988480623
split_cell_heldout,ridge_cell,"NK cells, CC-401",0.2163435345295246,0.6987116647747645,0.3965196959605771,1.8072902993480549
split_cell_heldout,ridge_cell,"NK cells, Resminostat",0.28263253806814126,1.3004597816219867,0.4300677260848327,2.4608395158791563
split_cell_heldout,ridge_cell,"NK cells, Crizotinib",0.2695452432194843,0.7003183668917725,0.4739273942300825,1.7452600768646114
split_cell_heldout,ridge_cell,"NK cells, Azacitidine",0.11233246869675916,0.6648805182357747,0.13716738778413556,1.8315247339033736
split_cell_heldout,ridge_cell,"NK cells, TR-14035",0.18445012772961394,0.6274579465572299,0.2825648902835917,1.8251524388475273
split_cell_heldout,ridge_cell,"NK cells, Nilotinib",0.26360057027078443,0.7196849840667714,0.4887629130649931,1.7945794817124332
split_cell_heldout,ridge_cell,"NK cells, AT 7867",0.26576433828716306,0.7223384052623898,0.47815554083097356,1.8322107418735045
split_cell_heldout,ridge_cell,"NK cells, OSI-930",-0.12655987986451958,0.7436256809065839,-0.32478952475299105,1.949404548832678
split_cell_heldout,ridge_cell,"NK cells, GO-6976",-0.0980700066156924,0.8443467557905628,-0.17398848755667606,2.0162365041021517
split_cell_heldout,ridge_cell,"NK cells, Saracatinib",0.23161883299306488,0.73537939571122,0.3633953132169764,1.8864469226245333
split_cell_heldout,ridge_cell,"NK cells, RG7112",0.1967963620011758,0.6659972838418575,0.37739037065467185,1.8925029286921746
split_cell_heldout,ridge_cell,"NK cells, Lamivudine",0.12573706913536517,0.6790983619970666,0.17788624836255235,1.8878405760286252
split_cell_heldout,ridge_cell,"NK cells, TGX 221",0.27848780388624683,0.7176057777690505,0.43654601869907994,1.8064721412612212
split_cell_heldout,ridge_cell,"NK cells, Pitavastatin Calcium",-0.16901553587709,1.4519930436026889,-0.22688170660560833,2.7418409888257083
split_cell_heldout,ridge_cell,"NK cells, ABT737",0.06761731697481808,0.7567269294985732,0.15409748617424648,1.9095103298295841
split_cell_heldout,ridge_cell,"NK cells, PRT-062607",0.303272123714834,0.7290224591357481,0.5373135211008678,1.7857628398062384
split_cell_heldout,ridge_cell,"NK cells, AZ628",0.2404983576305024,0.7089811660719286,0.45511825477623047,1.7818178369338105
split_cell_heldout,ridge_cell,"NK cells, AZD-8330",0.3098576299123748,0.7283840687249113,0.5021960398221705,1.7898165617311157
split_cell_heldout,ridge_cell,"NK cells, Masitinib",0.18182260770346567,0.6783481228859114,0.2416692107081484,1.8243954636645197
split_cell_heldout,ridge_cell,"NK cells, Ceritinib",0.24771910093182123,0.6867792371802728,0.4205351174270705,1.7882299269856425
split_cell_heldout,ridge_cell,"NK cells, CGM-097",-0.0047841070810268425,0.8699800200697396,0.05730254295735958,2.0956166409227333
split_cell_heldout,ridge_cell,"NK cells, SLx-2119",0.1118532122121794,0.7273803169125905,0.077630152394023,1.9931154948498118
split_cell_heldout,ridge_cell,"NK cells, Nefazodone",0.11916278606426854,0.678137386307468,0.23708406642667498,1.8317906216036797
split_cell_heldout,ridge_cell,"NK cells, STK219801",0.08929918627640211,0.6983353246398973,0.10874652377583158,1.938907291669886
split_cell_heldout,ridge_cell,"NK cells, TPCA-1",0.37096735353188537,0.8399332293765872,0.5973864542659931,1.8872193120041127
split_cell_heldout,ridge_cell,"NK cells, MGCD-265",0.04252375880622778,0.6794857581483545,-0.015347161576819004,1.8441497218897815
split_cell_heldout,ridge_cell,"NK cells, GSK-1070916",0.09931014917007848,0.670887806029277,0.2061743902605955,1.791054540112428
split_cell_heldout,ridge_cell,"NK cells, Ricolinostat",0.06775777673012638,0.7841262546411859,0.0933133894369226,1.928220728283287
split_cell_heldout,ridge_cell,"NK cells, Bosutinib",0.28336415477525084,0.7610466075379851,0.46998685452307365,1.8872439953850462
split_cell_heldout,ridge_cell,"NK cells, Clemastine",0.14735137750505423,0.6691368844750496,0.17161980820470119,1.784520356542103
split_cell_heldout,ridge_cell,"NK cells, YK 4-279",-0.09456167495923821,0.7481571060259982,-0.16438314924800387,1.8955958700776296
split_cell_heldout,ridge_cell,"NK cells, Buspirone",0.024069513763031947,0.6427696301076151,-0.06999061904783623,1.815411639942165
split_cell_heldout,ridge_cell,"NK cells, Midostaurin",0.26966892112282337,0.7245079249744715,0.4519030183185504,1.7731222971894536
split_cell_heldout,ridge_cell,"NK cells, CEP-37440",0.21486403106814023,0.6835658997061581,0.36103829464185416,1.8194156016012895
split_cell_heldout,ridge_cell,"NK cells, GSK256066",0.24859021732043998,0.872356534298922,0.4337124213506705,2.03974176029412
split_cell_heldout,ridge_cell,"NK cells, Oxybenzone",0.10312450524034043,0.6554680257082064,0.1303886802887773,1.7976524623298658
split_cell_heldout,ridge_cell,"NK cells, Vandetanib",0.10856378743020152,0.6758117871718979,0.23974488537663288,1.8341729525439274
split_cell_heldout,ridge_cell,"NK cells, Imatinib",0.12116993514098692,0.6876143923658411,0.26364309947878084,1.822886961105596
split_cell_heldout,ridge_cell,"NK cells, SCH-58261",-0.037335088223078954,0.7120573728089596,-0.05068510813740439,1.8847130026361791
split_cell_heldout,ridge_cell,"NK cells, Colforsin",0.058364267336697175,0.6819727245629897,-0.00430961025252593,1.847977043615393
split_cell_heldout,ridge_cell,"NK cells, Tivantinib",0.17098675374912603,0.690596247056095,0.3375379337773977,1.8334661414778857
split_cell_heldout,ridge_cell,"NK cells, Tosedostat",0.26439820358289173,0.7452879505094727,0.4926640796341304,1.8621913380826876
split_cell_heldout,ridge_cell,"NK cells, Colchicine",0.19908734766325328,0.7283278663536662,0.3602460188800356,1.8216116793622485
split_cell_heldout,ridge_cell,"NK cells, ABT-199 (GDC-0199)",0.034218721272246934,0.6829996204658054,0.08709350990847844,1.8641251133468273
split_cell_heldout,ridge_cell,"NK cells, Mometasone Furoate",0.31993573972342904,0.9239654825373488,0.5068270043982732,2.1277519442587
split_cell_heldout,ridge_cell,"NK cells, Tipifarnib",0.2237394137105875,0.6943981266021212,0.41516184537625395,1.822524753800175
split_cell_heldout,ridge_cell,"NK cells, BX 912",0.2573891719312976,0.7174882097318909,0.43405572019146277,1.7779810806191008
split_cell_heldout,ridge_cell,"NK cells, Doxorubicin",0.23549470804545328,0.8424247251761766,0.4382711984567247,2.0524417316121126
split_cell_heldout,ridge_cell,"NK cells, PF-03814735",0.282188496760369,0.8313844927126598,0.4710776277963536,1.924052266081581
split_cell_heldout,ridge_cell,"NK cells, AZD4547",0.09311904581552705,0.6802433592222771,0.24558374270240033,1.8074267282944765
split_cell_heldout,ridge_cell,"NK cells, Prednisolone",0.28427902545685474,0.9111471245371484,0.45445951579373167,2.1457105251804447
split_cell_heldout,ridge_cell,"NK cells, Tacalcitol",0.17887270213069548,0.6956657575339957,0.3079843696925952,1.8142757580730073
split_cell_heldout,ridge_cell,"NK cells, Selumetinib",0.1466875835443122,0.7185773908988686,0.27412007888328166,1.8471811673417184
split_cell_heldout,ridge_cell,"NK cells, Clotrimazole",0.09101903209121902,0.66335138112501,0.1799834943742699,1.8221978604900595
split_cell_heldout,ridge_cell,"NK cells, RG7090",0.007628538472470707,0.7180557671159833,0.04844096533019815,1.8785844147451465
split_cell_heldout,ridge_cell,"NK cells, GLPG0634",0.25836867519729056,0.7265401029762593,0.44497106583280055,1.8203186261005395
split_cell_heldout,ridge_cell,"NK cells, Mubritinib (TAK 165)",0.2621360134530206,0.8232416229252014,0.48843429774121544,1.9908346972815376
split_cell_heldout,ridge_cell,"NK cells, Vanoxerine",0.11543538394780883,0.6825538795907142,0.145146344311781,1.786804047013611
split_cell_heldout,ridge_cell,"NK cells, SB525334",-0.17869230340168352,0.8350771342370013,-0.3391691428801154,2.0616568128104964
split_cell_heldout,ridge_cell,"NK cells, HYDROXYUREA",0.0010414506435213497,0.6882571914143755,-0.05877604327220798,1.8276772028464747
split_cell_heldout,ridge_drug_fp,"NK cells, TIE2 Kinase Inhibitor",0.11132837951710356,0.6573597198378713,0.12861474930118252,1.7918552833389898
split_cell_heldout,ridge_drug_fp,"NK cells, MK-5108",0.16338438255561769,0.6906016340192671,0.28524168999083527,1.8138167194781294
split_cell_heldout,ridge_drug_fp,"NK cells, Lapatinib",0.15760970608463534,0.7296941705246862,0.357704909242543,1.7439684324266027
split_cell_heldout,ridge_drug_fp,"NK cells, Atorvastatin",0.15500322462077554,0.6969442421523578,0.2872879753851665,1.7145329003834262
split_cell_heldout,ridge_drug_fp,"NK cells, Ganetespib (STA-9090)",0.5635892955194486,1.1735058048866296,0.7902125488237308,1.4774633060099727
split_cell_heldout,ridge_drug_fp,"NK cells, Clomipramine",0.18071880390243836,0.6561652723099772,0.29667024288707583,1.7194801357901288
split_cell_heldout,ridge_drug_fp,"NK cells, Sunitinib",0.20787537268942527,0.7226158137145126,0.37772625175554136,1.6712864997097703
split_cell_heldout,ridge_drug_fp,"NK cells, Tivozanib",0.15234901801266004,0.7310724394331749,0.25279509128478217,1.7865076147010204
split_cell_heldout,ridge_drug_fp,"NK cells, Tamatinib",0.4032783769625214,0.9710967429851519,0.609566901107313,1.6009892878987746
split_cell_heldout,ridge_drug_fp,"NK cells, Ixabepilone",0.1266224643034271,0.6819410034412505,0.2937120740311003,1.7890409723203233
split_cell_heldout,ridge_drug_fp,"NK cells, Linagliptin",0.07783850898874752,0.6821852860781673,0.18870769397032572,1.7633590049672097
split_cell_heldout,ridge_drug_fp,"NK cells, 5-(9-Isopropyl-8-methyl-2-morpholino-9H-purin-6-yl)pyrimidin-2-amine",0.48311304859514465,1.0620458139469136,0.7008531008531313,1.5525758315130855
split_cell_heldout,ridge_drug_fp,"NK cells, O-Demethylated Adapalene",0.10429281291559898,0.7276737727321779,0.13127923095450833,1.7925926085848194
split_cell_heldout,ridge_drug_fp,"NK cells, Protriptyline",0.07389675818712292,0.6495015001117056,0.13904123246092634,1.7830078302140215
split_cell_heldout,ridge_drug_fp,"NK cells, I-BET151",0.5361999343603141,1.1497888273050076,0.7606747198806414,1.5210347219149474
split_cell_heldout,ridge_drug_fp,"NK cells, Foretinib",0.34447502223249804,0.8390126872304372,0.5481141200596429,1.6922500978496224
split_cell_heldout,ridge_drug_fp,"NK cells, GW843682X",0.15824041740138722,0.7028901282387028,0.30181267235870285,1.7845611728992279
split_cell_heldout,ridge_drug_fp,"NK cells, BMS-387032",0.34486440044913474,1.0747203535505876,0.5872741255846143,1.6951675580202863
split_cell_heldout,ridge_drug_fp,"NK cells, IN1451",0.6332646492746655,1.3674951580959271,0.8563986093689435,1.274143414747734
split_cell_heldout,ridge_drug_fp,"NK cells, Raloxifene",0.2047892950757876,0.8006441023440095,0.43241151988281384,1.8013759941101883
split_cell_heldout,ridge_drug_fp,"NK cells, Topotecan",0.40248622436070114,0.8737916561629085,0.6559451712460077,1.5724420084429482
split_cell_heldout,ridge_drug_fp,"NK cells, BAY 87-2243",0.5093458493812449,0.8972654809127155,0.7313983853078672,1.539181814440705
split_cell_heldout,ridge_drug_fp,"NK cells, Phenylbutazone",0.13626477514380458,0.6796151065806102,0.19812963099826,1.8233830914058538
split_cell_heldout,ridge_drug_fp,"NK cells, K-02288",0.05513302253488048,0.7158932291911205,0.08321784790623336,1.8235990367517856
split_cell_heldout,ridge_drug_fp,"NK cells, BMS-777607",0.08919673005285322,0.733351041998132,0.1791404014637922,1.7786146764707118
split_cell_heldout,ridge_drug_fp,"NK cells, Porcn Inhibitor III",0.17680030027877683,0.8008922855471639,0.3726826300061842,1.860214031115203
split_cell_heldout,ridge_drug_fp,"NK cells, TL_HRAS26",0.11507702775727319,0.6651370086811611,0.2248597794234496,1.8231936123060857
split_cell_heldout,ridge_drug_fp,"NK cells, Proscillaridin A;Proscillaridin-A",0.7787602318624118,1.4820763032686888,0.8856468921821181,1.4858083840514482
split_cell_heldout,ridge_drug_fp,"NK cells, Vorinostat",0.6327147411100762,1.1094703837065516,0.81684408465315,1.457058728596597
split_cell_heldout,ridge_drug_fp,"NK cells, BMS-265246",0.4957273662115284,0.9421634403011591,0.774986062052038,1.3868759535725053
split_cell_heldout,ridge_drug_fp,"NK cells, Ruxolitinib",0.26328968595789926,0.9536517226538497,0.47993216322241994,1.7022607732258408
split_cell_heldout,ridge_drug_fp,"NK cells, Pomalidomide",0.38185882431903023,0.8565789903942607,0.62326149172718,1.6887493493168169
split_cell_heldout,ridge_drug_fp,"NK cells, Dovitinib",0.26255019490610987,0.8037866577251085,0.44046250285586463,1.7797017891720974
split_cell_heldout,ridge_drug_fp,"NK cells, AVL-292",0.26390211327833574,0.7862646921809678,0.47280324713864313,1.7114495136808408
split_cell_heldout,ridge_drug_fp,"NK cells, Navitoclax",0.1657667052504537,0.7718743500053995,0.30839824263847765,1.8606074690140333
split_cell_heldout,ridge_drug_fp,"NK cells, Methotrexate",0.09224728168027754,0.7348097039146367,0.10615585163146557,1.8965247254334159
split_cell_heldout,ridge_drug_fp,"NK cells, Palbociclib",0.1444778975495824,0.7072479898363877,0.2865645757033604,1.7351861947497245
split_cell_heldout,ridge_drug_fp,"NK cells, Trametinib",0.23505963709924227,0.8516632919611673,0.44888342939606435,1.714447224276074
split_cell_heldout,ridge_drug_fp,"NK cells, AMD-070 (hydrochloride)",0.056666018483030656,0.7175568744399978,0.08008979638385527,1.8557702279625516
split_cell_heldout,ridge_drug_fp,"NK cells, Sgc-cbp30",0.2609501331132762,0.75405961245172,0.44688827541203724,1.6916218080355305
split_cell_heldout,ridge_drug_fp,"NK cells, FK 866",0.2556475794206027,0.8546694242423593,0.4640235270548975,1.7391245826766106
split_cell_heldout,ridge_drug_fp,"NK cells, Chlorpheniramine",0.08573274036015104,0.6928864116987397,0.11386980286121429,1.883755559604665
split_cell_heldout,ridge_drug_fp,"NK cells, Scriptaid",0.661021163919496,1.1712577025796609,0.8347616598440993,1.4334025029865074
split_cell_heldout,ridge_drug_fp,"NK cells, BAY 61-3606",0.4858267786181987,1.1852806206448279,0.7292923291024636,1.5695041765820386
split_cell_heldout,ridge_drug_fp,"NK cells, LY2090314",0.5617935233273206,1.165523180282125,0.7766564939681454,1.6175815861882106
split_cell_heldout,ridge_drug_fp,"NK cells, Vardenafil",0.09012700169959041,0.7161046816682776,0.0997155598067385,1.869996138300566
split_cell_heldout,ridge_drug_fp,"NK cells, Dasatinib",0.261411334707777,1.065324920166195,0.45433120354947465,1.7615747756533544
split_cell_heldout,ridge_drug_fp,"NK cells, AT13387",0.5215710564964499,1.1540826828037842,0.7635241429841977,1.5440754672776373
split_cell_heldout,ridge_drug_fp,"NK cells, PF-04691502",0.3041986160470871,1.0070109407971026,0.5626609721926522,1.6354635416485495
split_cell_heldout,ridge_drug_fp,"NK cells, Perhexiline",0.3519571953477054,0.8651480416567109,0.5610843339999577,1.6450893563235043
split_cell_heldout,ridge_drug_fp,"NK cells, RVX-208",0.29170667685370183,0.7611535382225656,0.4856006266541719,1.6254624541663296
split_cell_heldout,ridge_drug_fp,"NK cells, Ketoconazole",0.5198540301683512,0.8498473716227286,0.7092303912782808,1.5080185427894643
split_cell_heldout,ridge_drug_fp,"NK cells, Disulfiram",0.16569976059184602,0.6476240344893908,0.24760569224841394,1.7918718518739907
split_cell_heldout,ridge_drug_fp,"NK cells, Flutamide",0.12825667770829943,0.7056468087442394,0.32082241874257605,1.767239744652914
split_cell_heldout,ridge_drug_fp,"NK cells, Desloratadine",0.10233227569344824,0.6822717445658897,0.09077820743214046,1.8109542855889598
split_cell_heldout,ridge_drug_fp,"NK cells, Dactolisib",0.5636475380872578,1.1300227202460902,0.7677614141351518,1.5163899661822926
split_cell_heldout,ridge_drug_fp,"NK cells, BMS-536924",0.2887573618336544,0.9209012622517678,0.4847046681088523,1.708005988379193
split_cell_heldout,ridge_drug_fp,"NK cells, IKK Inhibitor VII",0.3094407440699949,0.9277854219602879,0.5198398970310177,1.6742806020669005
split_cell_heldout,ridge_drug_fp,"NK cells, Amiodarone",0.07845989411743295,0.7093651511225018,0.10112166662755312,1.8399388982781733
split_cell_heldout,ridge_drug_fp,"NK cells, Isoniazid",0.06823188053715583,0.6750020795918131,0.17344726183255194,1.8200815040327738
split_cell_heldout,ridge_drug_fp,"NK cells, IMD-0354",0.46711817823184215,1.0549156672109172,0.7149831045378526,1.5580141542089758
split_cell_heldout,ridge_drug_fp,"NK cells, Canertinib",0.2616141699488832,0.7658000581515049,0.49763592941047247,1.6994798674358438
split_cell_heldout,ridge_drug_fp,"NK cells, Idelalisib",0.21403167538092216,0.8519883335284147,0.4087608529747274,1.7466756678586566
split_cell_heldout,ridge_drug_fp,"NK cells, Alogliptin",0.11310436380763277,0.6545267295119811,0.2507218610327163,1.7717612535372738
split_cell_heldout,ridge_drug_fp,"NK cells, Penfluridol",0.13418610409295417,0.7141885020218405,0.25794347519834737,1.7912059499748363
split_cell_heldout,ridge_drug_fp,"NK cells, Quizartinib",0.08257859241713764,0.7091272256470521,0.22091587790711403,1.8130266556856691
split_cell_heldout,ridge_drug_fp,"NK cells, RN-486",0.05171171230931216,0.7305698340823026,0.1549380074720293,1.8632479878018386
split_cell_heldout,ridge_drug_fp,"NK cells, PD-0325901",0.2745154834508376,0.885338783720381,0.4751997171068,1.800378057822777
split_cell_heldout,ridge_drug_fp,"NK cells, Decitabine",0.062074378229319424,0.6606207719959064,0.06510773028479401,1.7790564859004936
split_cell_heldout,ridge_drug_fp,"NK cells, LDN 193189",0.20593785382382118,0.688086514256165,0.4231655433214903,1.712804300016314
split_cell_heldout,ridge_drug_fp,"NK cells, Cabozantinib",0.15482502997354328,0.709977166208526,0.32969176207685946,1.7386026545642583
split_cell_heldout,ridge_drug_fp,"NK cells, Riociguat",0.05433543959821708,0.7087044343486423,0.10946003697520312,1.8621682710498688
split_cell_heldout,ridge_drug_fp,"NK cells, CHIR-99021",0.3206641411553961,0.8829216358039981,0.5605823868367285,1.6213364008779474
split_cell_heldout,ridge_drug_fp,"NK cells, Defactinib",0.20342777985589602,0.7815306202417336,0.367139794415246,1.7603254985542822
split_cell_heldout,ridge_drug_fp,"NK cells, BI-D1870",0.11530273592861237,0.7688689972332791,0.18744622197665545,1.8050098340621332
split_cell_heldout,ridge_drug_fp,"NK cells, AZD3514",0.2504020152983504,0.7502481020308038,0.43637714233804614,1.6786679653594518
split_cell_heldout,ridge_drug_fp,"NK cells, HMN-214",0.29817630772374837,0.6967155187103826,0.43389476697556184,1.652710901232348
split_cell_heldout,ridge_drug_fp,"NK cells, CC-401",0.2970235916477067,0.7814672522666538,0.4846405660221693,1.6709636442547064
split_cell_heldout,ridge_drug_fp,"NK cells, Resminostat",0.6400558500832901,1.2055045855777193,0.8206564785978783,1.4619715839892442
split_cell_heldout,ridge_drug_fp,"NK cells, Crizotinib",0.2707907542868167,0.8262657290139198,0.4624713100781674,1.6825127232139654
split_cell_heldout,ridge_drug_fp,"NK cells, Azacitidine",0.1859344357460269,0.6745037361489842,0.24014845920211927,1.7853279127048858
split_cell_heldout,ridge_drug_fp,"NK cells, TR-14035",0.13559754198216317,0.6766858992090474,0.19998366454507996,1.8457235722030598
split_cell_heldout,ridge_drug_fp,"NK cells, Nilotinib",0.2571182150667313,0.8624684002335129,0.4689534168235968,1.7351370561673374
split_cell_heldout,ridge_drug_fp,"NK cells, AT 7867",0.22362425497159086,0.8436944885111749,0.45843016522973273,1.7626678323417049
split_cell_heldout,ridge_drug_fp,"NK cells, OSI-930",0.16238693375841842,0.6830473479606919,0.3472793283851953,1.758114844873511
split_cell_heldout,ridge_drug_fp,"NK cells, GO-6976",0.2293843501305321,0.8439956440300891,0.41670484517363005,1.784247657449395
split_cell_heldout,ridge_drug_fp,"NK cells, Saracatinib",0.2932935527185264,0.9684021560408612,0.46474199208823874,1.7497657598420138
split_cell_heldout,ridge_drug_fp,"NK cells, RG7112",0.3097783826396524,0.6730679303650392,0.530448107091807,1.6366153378494444
split_cell_heldout,ridge_drug_fp,"NK cells, Lamivudine",0.07439565833723433,0.7274922212425206,0.10667236514602525,1.9055348052562087
split_cell_heldout,ridge_drug_fp,"NK cells, TGX 221",0.2808065647033132,0.8393734112096735,0.4553756224577731,1.7075772508813276
split_cell_heldout,ridge_drug_fp,"NK cells, Pitavastatin Calcium",0.523879308525591,1.250629032434031,0.7080182755038071,1.8884651985688685
split_cell_heldout,ridge_drug_fp,"NK cells, ABT737",0.05232742862615028,0.8620701649785522,0.15337636456763043,1.939379564053361
split_cell_heldout,ridge_drug_fp,"NK cells, PRT-062607",0.3499882475566455,0.9560416677422171,0.60207226618543,1.5778696684503841
split_cell_heldout,ridge_drug_fp,"NK cells, AZ628",0.2627840322704829,0.824285682403571,0.43799551822534855,1.7185438745423651
split_cell_heldout,ridge_drug_fp,"NK cells, AZD-8330",0.3125510534371225,0.8176507167415079,0.5041427397907396,1.694473178521467
split_cell_heldout,ridge_drug_fp,"NK cells, Masitinib",0.1326713979329931,0.7362389746735812,0.12353657143942416,1.8580270656536382
split_cell_heldout,ridge_drug_fp,"NK cells, Ceritinib",0.15663165329435996,0.78280561073744,0.2349231337683452,1.8278346560558423
split_cell_heldout,ridge_drug_fp,"NK cells, CGM-097",0.429383631024566,0.922494743112854,0.6645169796522153,1.5659387422356774
split_cell_heldout,ridge_drug_fp,"NK cells, SLx-2119",0.21401932704216084,0.7285123958193889,0.3812308927481094,1.8405518933044143
split_cell_heldout,ridge_drug_fp,"NK cells, Nefazodone",0.11327555878837896,0.6890190587235004,0.13398639664421505,1.862100365842074
split_cell_heldout,ridge_drug_fp,"NK cells, STK219801",0.21717746867573873,0.6951355459249128,0.3573286480474763,1.7981612261039301
split_cell_heldout,ridge_drug_fp,"NK cells, TPCA-1",0.40120168194809225,0.9625548780900799,0.6363973614454591,1.6254615373283392
split_cell_heldout,ridge_drug_fp,"NK cells, MGCD-265",0.06667725699003914,0.7245283505031885,0.08632170083035244,1.8297915708503694
split_cell_heldout,ridge_drug_fp,"NK cells, GSK-1070916",0.18369470666517396,0.7123558838867114,0.2616230805748612,1.7591640593995324
split_cell_heldout,ridge_drug_fp,"NK cells, Ricolinostat",0.32777998613710363,0.8447868216921682,0.5228942479543678,1.6216932739878755
split_cell_heldout,ridge_drug_fp,"NK cells, Bosutinib",0.36042309831666697,1.0099115915469135,0.5698205057578425,1.6303680825732736
split_cell_heldout,ridge_drug_fp,"NK cells, Clemastine",0.16368477002239745,0.7019427707337225,0.25560086644939667,1.7506562705932043
split_cell_heldout,ridge_drug_fp,"NK cells, YK 4-279",0.14183916176239156,0.7080760366670048,0.3409586115534577,1.7485347452313942
split_cell_heldout,ridge_drug_fp,"NK cells, Buspirone",0.09636899272665793,0.6355997090191267,0.11888702284900027,1.7866796043874582
split_cell_heldout,ridge_drug_fp,"NK cells, Midostaurin",0.28436855944326556,0.8364927220589412,0.4722176741625666,1.656881260948948
split_cell_heldout,ridge_drug_fp,"NK cells, CEP-37440",0.24950991961991575,0.7416896628557681,0.4081558706338445,1.7234455804574165
split_cell_heldout,ridge_drug_fp,"NK cells, GSK256066",0.3496829314477799,0.8840028202334513,0.5705593884105855,1.8077376982894682
split_cell_heldout,ridge_drug_fp,"NK cells, Oxybenzone",0.08309446063910701,0.6565930139749742,0.049977281678151055,1.8376563774935912
split_cell_heldout,ridge_drug_fp,"NK cells, Vandetanib",0.07109604313776112,0.7350625069841831,0.09943977102796045,1.8767337926783545
split_cell_heldout,ridge_drug_fp,"NK cells, Imatinib",0.0846448347454869,0.7103609054821767,0.18933479160047925,1.837554573077741
split_cell_heldout,ridge_drug_fp,"NK cells, SCH-58261",0.099936605591334,0.698441550421045,0.1281236780208172,1.8492343360556363
split_cell_heldout,ridge_drug_fp,"NK cells, Colforsin",0.10675390103064297,0.6970788027838416,0.17116672998333513,1.799564673316641
split_cell_heldout,ridge_drug_fp,"NK cells, Tivantinib",0.18323497548322948,0.781636414535424,0.29747724314262625,1.811273744319282
split_cell_heldout,ridge_drug_fp,"NK cells, Tosedostat",0.30571766843536446,0.79208545723942,0.5267305385646249,1.739943017007874
split_cell_heldout,ridge_drug_fp,"NK cells, Colchicine",0.2248777284556162,1.1380334414743882,0.4540368092191339,1.7406204405087042
split_cell_heldout,ridge_drug_fp,"NK cells, ABT-199 (GDC-0199)",0.04957083893244248,0.7448405072435169,0.15852250395731757,1.8603916412152572
split_cell_heldout,ridge_drug_fp,"NK cells, Mometasone Furoate",0.42425623276168406,1.1742918313499444,0.6775217741085815,1.6735536372783466
split_cell_heldout,ridge_drug_fp,"NK cells, Tipifarnib",0.24102937732588897,0.7511444957719476,0.39704154911956435,1.773288399205354
split_cell_heldout,ridge_drug_fp,"NK cells, BX 912",0.26441490394595824,0.7970177953133547,0.4517071552758612,1.7040662868047587
split_cell_heldout,ridge_drug_fp,"NK cells, Doxorubicin",0.3820521225422447,1.310995275721317,0.6737652477268247,1.6615813747635277
split_cell_heldout,ridge_drug_fp,"NK cells, PF-03814735",0.39973368616847893,1.1075681871435683,0.6357076389038737,1.592932586675076
split_cell_heldout,ridge_drug_fp,"NK cells, AZD4547",0.10270884833542937,0.7059247161227916,0.1996516304769955,1.8194518674520523
split_cell_heldout,ridge_drug_fp,"NK cells, Prednisolone",0.4113383458064629,1.0502129610018054,0.6387346303264874,1.7518764711649275
split_cell_heldout,ridge_drug_fp,"NK cells, Tacalcitol",0.10831527267441855,1.025457307532392,0.09675337608269474,1.9537596630162395
split_cell_heldout,ridge_drug_fp,"NK cells, Selumetinib",0.19836839000816384,0.8284524780720043,0.3600447511864876,1.7929088848641692
split_cell_heldout,ridge_drug_fp,"NK cells, Clotrimazole",0.08014581399616272,0.6981197769882593,0.09509811669220261,1.855242184178785
split_cell_heldout,ridge_drug_fp,"NK cells, RG7090",0.1731822864252072,0.7399255604101612,0.29078968334353306,1.7936755833463727
split_cell_heldout,ridge_drug_fp,"NK cells, GLPG0634",0.25560420316922255,0.8415202032393438,0.456916906350529,1.737874794280811
split_cell_heldout,ridge_drug_fp,"NK cells, Mubritinib (TAK 165)",0.3843801731792218,0.8774452352108699,0.6285291238120794,1.6779641070015465
split_cell_heldout,ridge_drug_fp,"NK cells, Vanoxerine",0.11727739078031997,0.7069584810965586,0.207241811015617,1.7667147138341786
split_cell_heldout,ridge_drug_fp,"NK cells, SB525334",0.2884170282937093,0.8157035627313455,0.4932852916728335,1.696123687960759
split_cell_heldout,ridge_drug_fp,"NK cells, HYDROXYUREA",0.0642459196636377,0.6880059526707049,0.12383197109086676,1.7936592531861917
split_cell_heldout,ridge_cell_drug_fp,"NK cells, TIE2 Kinase Inhibitor",0.11136667678929354,0.657360918449417,0.12870183976166766,1.7918398174545362
split_cell_heldout,ridge_cell_drug_fp,"NK cells, MK-5108",0.16335041631535738,0.6906069082928257,0.2851330128039233,1.8138610996640299
split_cell_heldout,ridge_cell_drug_fp,"NK cells, Lapatinib",0.15719311924807197,0.7298476000300028,0.3571630044393167,1.7442547394025893
split_cell_heldout,ridge_cell_drug_fp,"NK cells, Atorvastatin",0.15495958886596986,0.6969691718151513,0.28725358155182446,1.7145355100195168
split_cell_heldout,ridge_cell_drug_fp,"NK cells, Ganetespib (STA-9090)",0.5635837865089266,1.1735036986678833,0.790206797161924,1.4774784180399498
split_cell_heldout,ridge_cell_drug_fp,"NK cells, Clomipramine",0.18075612509408903,0.6561299404213609,0.2966790559091415,1.7194905441979584
split_cell_heldout,ridge_cell_drug_fp,"NK cells, Sunitinib",0.20788346552683562,0.7226414921483427,0.37778862529267015,1.6712403948085215
split_cell_heldout,ridge_cell_drug_fp,"NK cells, Tivozanib",0.1523799134074029,0.7310429916082971,0.2528656486864314,1.7864624803188416
split_cell_heldout,ridge_cell_drug_fp,"NK cells, Tamatinib",0.4032449376671836,0.9712073445663926,0.6095574953212092,1.6010121696339128
split_cell_heldout,ridge_cell_drug_fp,"NK cells, Ixabepilone",0.12663814391856926,0.6819263974633629,0.29381235208068646,1.7889943805102382
split_cell_heldout,ridge_cell_drug_fp,"NK cells, Linagliptin",0.07790309181651718,0.6821669440427982,0.18885384862294008,1.7633193024846536
split_cell_heldout,ridge_cell_drug_fp,"NK cells, 5-(9-Isopropyl-8-methyl-2-morpholino-9H-purin-6-yl)pyrimidin-2-amine",0.48307111435094524,1.0620191649208781,0.7008510837246323,1.552507827789779
split_cell_heldout,ridge_cell_drug_fp,"NK cells, O-Demethylated Adapalene",0.10426821439162567,0.727691232627155,0.13123236935153978,1.7926097371334722
split_cell_heldout,ridge_cell_drug_fp,"NK cells, Protriptyline",0.07397656291680295,0.6494918245516589,0.13918079299884567,1.7829645719898786
split_cell_heldout,ridge_cell_drug_fp,"NK cells, I-BET151",0.5361315180467966,1.1498338457399495,0.7606184345224892,1.521175926817375
split_cell_heldout,ridge_cell_drug_fp,"NK cells, Foretinib",0.34836378063672896,0.8330796070721637,0.5550639271246521,1.6839963322889304
split_cell_heldout,ridge_cell_drug_fp,"NK cells, GW843682X",0.15822466103500374,0.7028966842318605,0.3018249016783232,1.7845531744491503
split_cell_heldout,ridge_cell_drug_fp,"NK cells, BMS-387032",0.33313435994129714,1.083012504801414,0.5719208924438266,1.716092746760402
split_cell_heldout,ridge_cell_drug_fp,"NK cells, IN1451",0.6332509514564009,1.367531288540211,0.8563915932099223,1.2741803065115855
split_cell_heldout,ridge_cell_drug_fp,"NK cells, Raloxifene",0.20462223880854427,0.8008201509395585,0.43214415545291457,1.8015185400515163
split_cell_heldout,ridge_cell_drug_fp,"NK cells, Topotecan",0.4024518634192408,0.8738058700845,0.6559053454582947,1.5725005468151443
split_cell_heldout,ridge_cell_drug_fp,"NK cells, BAY 87-2243",0.5094268233319604,0.8971683699573435,0.7314125260920439,1.5391188555807127
split_cell_heldout,ridge_cell_drug_fp,"NK cells, Phenylbutazone",0.13629972890745143,0.6796114440916676,0.19817130427878413,1.8233607359161024
split_cell_heldout,ridge_cell_drug_fp,"NK cells, K-02288",0.05515926386547582,0.7158767533781595,0.08323863500950875,1.8235853355993294
split_cell_heldout,ridge_cell_drug_fp,"NK cells, BMS-777607",0.08914081271484871,0.7334639350821331,0.17892384007307094,1.7786622433215182
split_cell_heldout,ridge_cell_drug_fp,"NK cells, Porcn Inhibitor III",0.17682207528730887,0.8008411750290931,0.37267380393482763,1.8602330597699963
split_cell_heldout,ridge_cell_drug_fp,"NK cells, TL_HRAS26",0.11513682361648678,0.6651224716110362,0.22492388551455728,1.8231664459494565
split_cell_heldout,ridge_cell_drug_fp,"NK cells, Proscillaridin A;Proscillaridin-A",0.778130028452385,1.4829031706890818,0.8855700730252697,1.4871033356524814
split_cell_heldout,ridge_cell_drug_fp,"NK cells, Vorinostat",0.6326115257522559,1.10955546928708,0.8167655219398788,1.457351950338702
split_cell_heldout,ridge_cell_drug_fp,"NK cells, BMS-265246",0.4957867551906113,0.9420968256038035,0.7750461749207858,1.3867144184236349
split_cell_heldout,ridge_cell_drug_fp,"NK cells, Ruxolitinib",0.26330235186079914,0.9536029953507756,0.47991512166083805,1.7022837045918255
split_cell_heldout,ridge_cell_drug_fp,"NK cells, Pomalidomide",0.3818343042089163,0.8566100493801407,0.6232432557371642,1.6888058187753836
split_cell_heldout,ridge_cell_drug_fp,"NK cells, Dovitinib",0.2626184996657848,0.803809145155901,0.4404475022222125,1.7797074699100364
split_cell_heldout,ridge_cell_drug_fp,"NK cells, AVL-292",0.26386538266252685,0.78634198791456,0.4728282143329824,1.7114170354854923
split_cell_heldout,ridge_cell_drug_fp,"NK cells, Navitoclax",0.1658402879374878,0.7717638641492279,0.30841324216356997,1.8605963171678206
split_cell_heldout,ridge_cell_drug_fp,"NK cells, Methotrexate",0.09230853022427371,0.7347484345047783,0.10625145437825206,1.8964498395997345
split_cell_heldout,ridge_cell_drug_fp,"NK cells, Palbociclib",0.14442250593774075,0.7073716038165779,0.2862103663931848,1.7353462262918522
split_cell_heldout,ridge_cell_drug_fp,"NK cells, Trametinib",0.23501078114033686,0.851938510795206,0.44892732357462306,1.7144010614369989
split_cell_heldout,ridge_cell_drug_fp,"NK cells, AMD-070 (hydrochloride)",0.056718173172293225,0.7174924597534309,0.08022719120399835,1.8557205658124296
split_cell_heldout,ridge_cell_drug_fp,"NK cells, Sgc-cbp30",0.26090411615501,0.754079488533757,0.44690581077815356,1.6916455226107905
split_cell_heldout,ridge_cell_drug_fp,"NK cells, FK 866",0.2556157885807469,0.8547806867123284,0.4640192676017558,1.7391358530009202
split_cell_heldout,ridge_cell_drug_fp,"NK cells, Chlorpheniramine",0.08572671009569298,0.6928816545296399,0.11434744890964084,1.8835679345341902
split_cell_heldout,ridge_cell_drug_fp,"NK cells, Scriptaid",0.6610516844981836,1.1712227027758972,0.8347920409380913,1.4332848246538084
split_cell_heldout,ridge_cell_drug_fp,"NK cells, BAY 61-3606",0.4858281862423894,1.1852602700016517,0.7292850693392134,1.5695222156197441
split_cell_heldout,ridge_cell_drug_fp,"NK cells, LY2090314",0.5617434679362282,1.1655879481263012,0.7766118301606701,1.6177177091103683
split_cell_heldout,ridge_cell_drug_fp,"NK cells, Vardenafil",0.09015990365149437,0.7161142896586967,0.09978975995271652,1.8699592933961122
split_cell_heldout,ridge_cell_drug_fp,"NK cells, Dasatinib",0.2614326725604295,1.0653553099082012,0.45428408352313565,1.7616577682862742
split_cell_heldout,ridge_cell_drug_fp,"NK cells, AT13387",0.5216037385677764,1.1541272280833017,0.7635504728136356,1.5439935142948404
split_cell_heldout,ridge_cell_drug_fp,"NK cells, PF-04691502",0.3078934648617352,0.9985032940688238,0.5681156805467404,1.6256770295225798
split_cell_heldout,ridge_cell_drug_fp,"NK cells, Perhexiline",0.3519018909899177,0.865217179805794,0.5609839986673473,1.6451823899301035
split_cell_heldout,ridge_cell_drug_fp,"NK cells, RVX-208",0.2916142867710382,0.7611717011246508,0.48557199910774246,1.6255236577458996
split_cell_heldout,ridge_cell_drug_fp,"NK cells, Ketoconazole",0.5198520742720405,0.8498571199043212,0.7092376007025188,1.5080002417085794
split_cell_heldout,ridge_cell_drug_fp,"NK cells, Disulfiram",0.16576407603313534,0.6476532169256118,0.24789770239011855,1.7917232054713683
split_cell_heldout,ridge_cell_drug_fp,"NK cells, Flutamide",0.12827700069483208,0.705642691687433,0.3209005875228661,1.7672145833747344
split_cell_heldout,ridge_cell_drug_fp,"NK cells, Desloratadine",0.10242439227712029,0.6821938861422057,0.09102458111512822,1.810860634488198
split_cell_heldout,ridge_cell_drug_fp,"NK cells, Dactolisib",0.5636598840375444,1.129991467477568,0.7677577569240003,1.516402084072054
split_cell_heldout,ridge_cell_drug_fp,"NK cells, BMS-536924",0.28879504249409704,0.9208594608070041,0.48483646130644154,1.70782405671215
split_cell_heldout,ridge_cell_drug_fp,"NK cells, IKK Inhibitor VII",0.30941112949194094,0.927827600047618,0.5198097427027317,1.6743110359343343
split_cell_heldout,ridge_cell_drug_fp,"NK cells, Amiodarone",0.07883963284563184,0.7091734990323919,0.10201794620814894,1.8396519612640818
split_cell_heldout,ridge_cell_drug_fp,"NK cells, Isoniazid",0.06825438136743114,0.6750349079158343,0.17352124088124085,1.8200562287952193
split_cell_heldout,ridge_cell_drug_fp,"NK cells, IMD-0354",0.4670977303261925,1.0549451844924136,0.7149863118267279,1.5580108167486513
split_cell_heldout,ridge_cell_drug_fp,"NK cells, Canertinib",0.2581009078618126,0.7666883083869368,0.4981935275855692,1.6999698662481386
split_cell_heldout,ridge_cell_drug_fp,"NK cells, Idelalisib",0.2140222463850361,0.8519837577529118,0.4087504247371023,1.7466862215070524
split_cell_heldout,ridge_cell_drug_fp,"NK cells, Alogliptin",0.11312585668637994,0.6545294933963404,0.2508335155172065,1.771717865502357
split_cell_heldout,ridge_cell_drug_fp,"NK cells, Penfluridol",0.13445302754914548,0.7142097727376617,0.25825171117398255,1.7911225680122798
split_cell_heldout,ridge_cell_drug_fp,"NK cells, Quizartinib",0.08205858940950302,0.7094806606066983,0.2206111791780648,1.8131772842642917
split_cell_heldout,ridge_cell_drug_fp,"NK cells, RN-486",0.05172763806998741,0.7305634638410451,0.15496729437959397,1.8632367126622773
split_cell_heldout,ridge_cell_drug_fp,"NK cells, PD-0325901",0.27461253575807026,0.8851439363698642,0.4752258220370149,1.8003382828481784
split_cell_heldout,ridge_cell_drug_fp,"NK cells, Decitabine",0.06210739926999842,0.6606118078725602,0.06525468454322969,1.779021098084745
split_cell_heldout,ridge_cell_drug_fp,"NK cells, LDN 193189",0.2057745069851577,0.6881597444073487,0.4229505417995808,1.712927712578612
split_cell_heldout,ridge_cell_drug_fp,"NK cells, Cabozantinib",0.15636096205191255,0.7096029337864356,0.3307541347459621,1.7380905521257584
split_cell_heldout,ridge_cell_drug_fp,"NK cells, Riociguat",0.05434533085918774,0.7086951952772501,0.10954892267766626,1.8621496216597437
split_cell_heldout,ridge_cell_drug_fp,"NK cells, CHIR-99021",0.32067530027118446,0.8829476258300947,0.5605902506963709,1.621333230005418
split_cell_heldout,ridge_cell_drug_fp,"NK cells, Defactinib",0.2034449208097106,0.7814981454106178,0.3671289661183178,1.7603290368561189
split_cell_heldout,ridge_cell_drug_fp,"NK cells, BI-D1870",0.1153243072367848,0.7688808107982674,0.18753269750051135,1.8049748669170635
split_cell_heldout,ridge_cell_drug_fp,"NK cells, AZD3514",0.25037420621557716,0.7502777943370991,0.4363534334225437,1.6786988086620205
split_cell_heldout,ridge_cell_drug_fp,"NK cells, HMN-214",0.29814470814268945,0.6966662492980927,0.43384292356955306,1.6527675038709861
split_cell_heldout,ridge_cell_drug_fp,"NK cells, CC-401",0.2970274266716916,0.7814590907847535,0.48459653166327177,1.6710019633629392
split_cell_heldout,ridge_cell_drug_fp,"NK cells, Resminostat",0.6401252643455454,1.205407393209132,0.8207090221805216,1.461782298829654
split_cell_heldout,ridge_cell_drug_fp,"NK cells, Crizotinib",0.27074381264892333,0.8263533506287496,0.4625027143805434,1.682491700189307
split_cell_heldout,ridge_cell_drug_fp,"NK cells, Azacitidine",0.18593732198081606,0.6744946269398584,0.24015418696156055,1.7853359052877626
split_cell_heldout,ridge_cell_drug_fp,"NK cells, TR-14035",0.13573512398130969,0.6766150505284522,0.20007714715884484,1.845647655514049
split_cell_heldout,ridge_cell_drug_fp,"NK cells, Nilotinib",0.25712381162126235,0.8624307731133891,0.46890820322483173,1.7351980326910394
split_cell_heldout,ridge_cell_drug_fp,"NK cells, AT 7867",0.22359785184816627,0.8437250209144613,0.45837968832007026,1.7627050604717276
split_cell_heldout,ridge_cell_drug_fp,"NK cells, OSI-930",0.1625312188779573,0.6830288750428032,0.34760638471950994,1.757984296431186
split_cell_heldout,ridge_cell_drug_fp,"NK cells, GO-6976",0.22948111063930426,0.8437825000137718,0.4168090837186874,1.7842345889796252
split_cell_heldout,ridge_cell_drug_fp,"NK cells, Saracatinib",0.2932805899460849,0.9684756231111078,0.46480942550255394,1.7496732097611332
split_cell_heldout,ridge_cell_drug_fp,"NK cells, RG7112",0.30972576082982184,0.6731076286926173,0.5304535124117161,1.6366145427273548
split_cell_heldout,ridge_cell_drug_fp,"NK cells, Lamivudine",0.07443894456534833,0.7275244907455791,0.10692885054028743,1.9054616805432325
split_cell_heldout,ridge_cell_drug_fp,"NK cells, TGX 221",0.2808145840100971,0.8393753043574691,0.45547281405796264,1.7075054153485476
split_cell_heldout,ridge_cell_drug_fp,"NK cells, Pitavastatin Calcium",0.5238691036081906,1.2506473262342044,0.708001600892611,1.8884981097075573
split_cell_heldout,ridge_cell_drug_fp,"NK cells, ABT737",0.05229840064864257,0.8620838721892404,0.1533150987264999,1.93941021852761
split_cell_heldout,ridge_cell_drug_fp,"NK cells, PRT-062607",0.35003499707494223,0.955917051595825,0.6020605645139047,1.5778950038302775
split_cell_heldout,ridge_cell_drug_fp,"NK cells, AZ628",0.2627803422954206,0.8243321007963694,0.4380686379083313,1.7184792956084132
split_cell_heldout,ridge_cell_drug_fp,"NK cells, AZD-8330",0.3125461236925397,0.8176635953295017,0.504172107774779,1.6944568878121757
split_cell_heldout,ridge_cell_drug_fp,"NK cells, Masitinib",0.1326247005560858,0.7362704341318329,0.1233115335142801,1.8581133260941745
split_cell_heldout,ridge_cell_drug_fp,"NK cells, Ceritinib",0.15669714580260669,0.7827694165451227,0.23501609275581375,1.8277821735618274
split_cell_heldout,ridge_cell_drug_fp,"NK cells, CGM-097",0.42936303094702505,0.92253324628415,0.6645501099408831,1.5658839204666009
split_cell_heldout,ridge_cell_drug_fp,"NK cells, SLx-2119",0.21414873664068415,0.7284602028451065,0.38144854809724105,1.8404398406109013
split_cell_heldout,ridge_cell_drug_fp,"NK cells, Nefazodone",0.1134312911813957,0.6889214706451751,0.13394599903625443,1.8620595030291933
split_cell_heldout,ridge_cell_drug_fp,"NK cells, STK219801",0.2171329125764022,0.6951530008547203,0.357284474299959,1.7981917343216132
split_cell_heldout,ridge_cell_drug_fp,"NK cells, TPCA-1",0.40110165986556684,0.9626962727177953,0.636315860123931,1.6255635469999783
split_cell_heldout,ridge_cell_drug_fp,"NK cells, MGCD-265",0.0664919451880799,0.7245691103681362,0.08645221784089585,1.8297707898001967
split_cell_heldout,ridge_cell_drug_fp,"NK cells, GSK-1070916",0.18369098075761597,0.7123419847327358,0.26158862731999527,1.7591829205812497
split_cell_heldout,ridge_cell_drug_fp,"NK cells, Ricolinostat",0.3278368240470685,0.8447811747694387,0.522989835526706,1.6215765962401087
split_cell_heldout,ridge_cell_drug_fp,"NK cells, Bosutinib",0.359967796443914,1.0106246775216758,0.5695425974900008,1.6306605038012754
split_cell_heldout,ridge_cell_drug_fp,"NK cells, Clemastine",0.16366203259908346,0.7019915798274254,0.25570907125996384,1.7506247519790006
split_cell_heldout,ridge_cell_drug_fp,"NK cells, YK 4-279",0.14183149592831895,0.7080758539502503,0.3409659752145791,1.7485344254285584
split_cell_heldout,ridge_cell_drug_fp,"NK cells, Buspirone",0.09636441860489274,0.6355797440656155,0.11882577038667583,1.7866953345009169
split_cell_heldout,ridge_cell_drug_fp,"NK cells, Midostaurin",0.2842821583872952,0.8365685242936017,0.47218894188017435,1.656933371456046
split_cell_heldout,ridge_cell_drug_fp,"NK cells, CEP-37440",0.24960682331365047,0.7416411723404163,0.4083362355270884,1.7233451579194483
split_cell_heldout,ridge_cell_drug_fp,"NK cells, GSK256066",0.3496943895766701,0.883992041514723,0.5705622133208889,1.8077304670781493
split_cell_heldout,ridge_cell_drug_fp,"NK cells, Oxybenzone",0.08310036210418634,0.6565567345438057,0.04969576322602673,1.8377699832824663
split_cell_heldout,ridge_cell_drug_fp,"NK cells, Vandetanib",0.07110783438695978,0.7350671724677886,0.09957708281674038,1.8766981308453576
split_cell_heldout,ridge_cell_drug_fp,"NK cells, Imatinib",0.08463549996646796,0.7103563782602013,0.18913547844920703,1.837636881850048
split_cell_heldout,ridge_cell_drug_fp,"NK cells, SCH-58261",0.09989279073015049,0.6984450613566622,0.1280460163706158,1.8492590610828705
split_cell_heldout,ridge_cell_drug_fp,"NK cells, Colforsin",0.10677277490909437,0.6970825929228686,0.1712200402393106,1.79954628557386
split_cell_heldout,ridge_cell_drug_fp,"NK cells, Tivantinib",0.18329540023437735,0.781594217689712,0.2976663886658317,1.8111630690927782
split_cell_heldout,ridge_cell_drug_fp,"NK cells, Tosedostat",0.3056229662154005,0.7921031934814375,0.5267317115350131,1.7399724624161765
split_cell_heldout,ridge_cell_drug_fp,"NK cells, Colchicine",0.2248734050785212,1.1381083515880772,0.4540354560345244,1.7406360420437093
split_cell_heldout,ridge_cell_drug_fp,"NK cells, ABT-199 (GDC-0199)",0.04957977587191101,0.7448384003021851,0.1585415511581469,1.8603784101356544
split_cell_heldout,ridge_cell_drug_fp,"NK cells, Mometasone Furoate",0.4242078573142917,1.1744076924229634,0.6774891001084076,1.6736324956863184
split_cell_heldout,ridge_cell_drug_fp,"NK cells, Tipifarnib",0.24109429293513232,0.7511471055100784,0.3972822522992666,1.7731412521058187
split_cell_heldout,ridge_cell_drug_fp,"NK cells, BX 912",0.26440225967326336,0.7970380256690811,0.45174055006408703,1.7040381938618716
split_cell_heldout,ridge_cell_drug_fp,"NK cells, Doxorubicin",0.3820159693239279,1.3110101988510499,0.6737197377617288,1.6616226932404858
split_cell_heldout,ridge_cell_drug_fp,"NK cells, PF-03814735",0.39972055445773574,1.1076222536754488,0.6357051440536039,1.5929373577420758
split_cell_heldout,ridge_cell_drug_fp,"NK cells, AZD4547",0.10263266918356738,0.7059303400182667,0.19947199572917243,1.8195117431557069
split_cell_heldout,ridge_cell_drug_fp,"NK cells, Prednisolone",0.4111539645607002,1.0504614412589772,0.6386003141120091,1.752070757325467
split_cell_heldout,ridge_cell_drug_fp,"NK cells, Tacalcitol",0.10834327877076354,1.025364372326111,0.09688442621209715,1.9536320862867087
split_cell_heldout,ridge_cell_drug_fp,"NK cells, Selumetinib",0.19835805863407857,0.8285105368890887,0.360113598024874,1.7928562310806377
split_cell_heldout,ridge_cell_drug_fp,"NK cells, Clotrimazole",0.08006257291591537,0.6981778259194003,0.0949388340052889,1.855301943423872
split_cell_heldout,ridge_cell_drug_fp,"NK cells, RG7090",0.17316054498030622,0.7398971355685823,0.290859376458957,1.7936386980165533
split_cell_heldout,ridge_cell_drug_fp,"NK cells, GLPG0634",0.25551873728630475,0.8416295363941285,0.45688370015623303,1.737929830967537
split_cell_heldout,ridge_cell_drug_fp,"NK cells, Mubritinib (TAK 165)",0.3843340568996017,0.8774979159716122,0.6285186008679116,1.6779778120075168
split_cell_heldout,ridge_cell_drug_fp,"NK cells, Vanoxerine",0.11731961533048471,0.706936870437014,0.20722088919255466,1.7667341642277583
split_cell_heldout,ridge_cell_drug_fp,"NK cells, SB525334",0.28842708321942195,0.8156505201022336,0.49321885015878475,1.6962009117169454
split_cell_heldout,ridge_cell_drug_fp,"NK cells, HYDROXYUREA",0.06425461816243129,0.6880097059294781,0.12387882663057843,1.7936443991980124
split_scaffold_heldout,ridge_cell,"B cells, MK-5108",0.26800262533119307,0.5777715294653185,0.5277909246949362,1.5993425779584385
split_scaffold_heldout,ridge_cell,"Myeloid cells, MK-5108",0.20368958136965376,0.6130027597766896,0.3780740056178161,1.6706002782110079
split_scaffold_heldout,ridge_cell,"NK cells, MK-5108",0.19409914840845996,0.6483504483156907,0.4006553105159496,1.8001174134389277
split_scaffold_heldout,ridge_cell,"T cells, MK-5108",0.1483411252811853,0.5747358894750191,0.26194847781170166,1.64959902714037
split_scaffold_heldout,ridge_cell,"B cells, Tamatinib",0.6892999437012959,1.0403834549542743,0.8390234250104728,2.0775107103960853
split_scaffold_heldout,ridge_cell,"Myeloid cells, Tamatinib",0.6945163823108789,1.2031847805956748,0.8393320087872201,2.226180082325711
split_scaffold_heldout,ridge_cell,"NK cells, Tamatinib",0.44909385977789956,0.7939150901332376,0.6663307537462246,1.828225938899584
split_scaffold_heldout,ridge_cell,"T cells, Tamatinib",0.656635391995544,0.9534686307047782,0.825806201914697,1.9402651246863805
split_scaffold_heldout,ridge_cell,"NK cells, Protriptyline",0.17783882957003438,0.6028829892507943,0.4022280779514143,1.7193869376580577
split_scaffold_heldout,ridge_cell,"T cells, Protriptyline",0.20983532073163397,0.5174252506224892,0.44578318941597833,1.5384082162085184
split_scaffold_heldout,ridge_cell,"B cells, Topotecan",0.22867152623592318,0.8091928921894681,0.4289933482140598,1.9965753857763269
split_scaffold_heldout,ridge_cell,"Myeloid cells, Topotecan",0.1531653481121238,1.4902858879389274,0.22992493770983316,2.6216168237889876
split_scaffold_heldout,ridge_cell,"NK cells, Topotecan",0.22303272630280502,0.774712825685043,0.3950260443615912,1.9756147496505099
split_scaffold_heldout,ridge_cell,"T cells, Topotecan",0.18033437962594387,1.0438190590333936,0.35661254175981816,2.228415249161051
split_scaffold_heldout,ridge_cell,"NK cells, Phenylbutazone",0.22907692961944803,0.6430481526354016,0.4360024717711195,1.7653275112068507
split_scaffold_heldout,ridge_cell,"T cells, Phenylbutazone",0.10592503633994621,0.5733377511027673,-0.15716520369098924,1.985074761450542
split_scaffold_heldout,ridge_cell,"B cells, Porcn Inhibitor III",0.01274641596639046,0.6503383310613894,0.09135509783670426,1.7693113737552233
split_scaffold_heldout,ridge_cell,"Myeloid cells, Porcn Inhibitor III",-0.11421260546066983,1.2599994405199957,-0.1259653696208837,2.6126316683109634
split_scaffold_heldout,ridge_cell,"NK cells, Porcn Inhibitor III",0.09902413546388461,0.7348965844308468,0.210159248834048,1.9557189793630414
split_scaffold_heldout,ridge_cell,"T cells, Porcn Inhibitor III",-0.12282108980170336,0.7388597239104903,-0.1488809503714798,1.829469394146844
split_scaffold_heldout,ridge_cell,"B cells, Proscillaridin A;Proscillaridin-A",0.1721274606927578,2.2648530150172763,0.21808680948941414,3.132380551617415
split_scaffold_heldout,ridge_cell,"NK cells, Proscillaridin A;Proscillaridin-A",0.08586902077082739,2.2508772897620783,0.121570394101742,3.156554003713511
split_scaffold_heldout,ridge_cell,"T cells, Proscillaridin A;Proscillaridin-A",0.0034881352613281534,2.9913443125003867,0.003935265135913802,3.547225723548824
split_scaffold_heldout,ridge_cell,"NK cells, Ruxolitinib",0.40796401110718533,0.690952602631422,0.6560710644350423,1.747904228444074
split_scaffold_heldout,ridge_cell,"T cells, Ruxolitinib",0.6738232371606198,0.805236888852795,0.8478166694799639,1.7583780966498612
split_scaffold_heldout,ridge_cell,"B cells, Pomalidomide",-0.09569641480667064,1.044683499647357,-0.1544632002779153,2.458940424786579
split_scaffold_heldout,ridge_cell,"Myeloid cells, Pomalidomide",-0.12836833290759064,1.152756294816713,-0.18758586868087737,2.665128230568483
split_scaffold_heldout,ridge_cell,"NK cells, Pomalidomide",0.022129222250750945,0.8597249066521886,0.032317216623873254,2.1773322901570236
split_scaffold_heldout,ridge_cell,"T cells, Pomalidomide",-0.10010285851496567,1.3215921811136646,-0.13914786458129705,2.7288666091709968
split_scaffold_heldout,ridge_cell,"NK cells, Trametinib",0.35627732578703936,0.6612809892657379,0.625833314465441,1.732053739262063
split_scaffold_heldout,ridge_cell,"T cells, Trametinib",0.4212506586037413,0.6463452076280548,0.7247789368315467,1.6838394148821985
split_scaffold_heldout,ridge_cell,"NK cells, BAY 61-3606",0.41071310194750504,0.9853091613358324,0.6439286240017763,2.131124002008839
split_scaffold_heldout,ridge_cell,"T cells, BAY 61-3606",0.4322323145558011,1.7705895321908984,0.5449576020181851,2.748571552849614
split_scaffold_heldout,ridge_cell,"NK cells, LY2090314",0.0015692116952248207,1.244558060880782,-0.03540232370208895,2.5985137495838155
split_scaffold_heldout,ridge_cell,"T cells, LY2090314",-0.024553664522499328,2.472211691385064,-0.034574390292633976,3.3328956586354845
split_scaffold_heldout,ridge_cell,"NK cells, Ketoconazole",0.05366027906077157,0.903000717688913,0.045308751910513735,2.1967921430892923
split_scaffold_heldout,ridge_cell,"T cells, Ketoconazole",-0.19714858995134493,1.316626143866818,-0.30150442761024276,2.7600683475729695
split_scaffold_heldout,ridge_cell,"B cells, Dactolisib",0.6644406778851161,1.3130755894510502,0.7959426477394403,2.368191033881382
split_scaffold_heldout,ridge_cell,"Myeloid cells, Dactolisib",0.5730539628507134,1.9875249580882406,0.6800820768496031,2.898649117529351
split_scaffold_heldout,ridge_cell,"NK cells, Dactolisib",0.4206368659652751,0.9829284093661637,0.6368105581870224,2.214245333029541
split_scaffold_heldout,ridge_cell,"T cells, Dactolisib",0.6938315689796593,1.3913032987495244,0.8149555224573706,2.4398009978141704
split_scaffold_heldout,ridge_cell,"B cells, LDN 193189",0.17772454697334145,0.592553142875426,0.38349145482937697,1.6194808908995835
split_scaffold_heldout,ridge_cell,"Myeloid cells, LDN 193189",0.07180984257169261,0.8168084680395945,0.24457460623268787,1.9720998001538943
split_scaffold_heldout,ridge_cell,"NK cells, LDN 193189",0.07981844229899121,0.6756346930929217,0.13111497982917178,1.845570704537228
split_scaffold_heldout,ridge_cell,"T cells, LDN 193189",0.2670787295253178,0.568010415508366,0.46673129709940353,1.634086741458749
split_scaffold_heldout,ridge_cell,"NK cells, Cabozantinib",0.2082888857620175,0.6449818890047347,0.4149375428979013,1.7456635469469277
split_scaffold_heldout,ridge_cell,"T cells, Cabozantinib",0.027315611178483717,0.6873313050876734,0.1803286044149488,1.8296828792124977
split_scaffold_heldout,ridge_cell,"B cells, Riociguat",0.1832436805818121,0.5916782788324536,0.3500123983859478,1.7207320196451807
split_scaffold_heldout,ridge_cell,"Myeloid cells, Riociguat",0.2510825431764546,0.6036709465106981,0.4151473771037046,1.6343353255720534
split_scaffold_heldout,ridge_cell,"NK cells, Riociguat",0.2537346556105445,0.6298345697079255,0.47716983827766757,1.7510905196433981
split_scaffold_heldout,ridge_cell,"T cells, Riociguat",0.29025165707960665,0.5107790734200965,0.3994564834865788,1.66682551278823
split_scaffold_heldout,ridge_cell,"NK cells, CC-401",0.378191364794839,0.6541380804242061,0.5947012914451212,1.7459525839282628
split_scaffold_heldout,ridge_cell,"T cells, CC-401",0.45936778571335335,0.7523046175153484,0.7001382092959262,1.8121951142313135
split_scaffold_heldout,ridge_cell,"NK cells, Resminostat",0.25652937112090235,1.313356963819307,0.4078638322128585,2.496899749497376
split_scaffold_heldout,ridge_cell,"T cells, Resminostat",0.4706384018771208,2.0982492030200213,0.5568160492639389,2.957541127095355
split_scaffold_heldout,ridge_cell,"B cells, Crizotinib",0.6489671548389963,0.7722449814155292,0.8240466831273529,1.8274342404854689
split_scaffold_heldout,ridge_cell,"Myeloid cells, Crizotinib",0.5943802021470059,0.8297358123692564,0.8024166441119063,1.8803474698037606
split_scaffold_heldout,ridge_cell,"NK cells, Crizotinib",0.40966264883855785,0.6642990050560832,0.6321974157583424,1.6985600499275275
split_scaffold_heldout,ridge_cell,"T cells, Crizotinib",0.5840815383852309,0.7116422302314213,0.7927898337378496,1.7338121198382699
split_scaffold_heldout,ridge_cell,"B cells, AT 7867",0.5540347710156924,0.6809298401939264,0.773783286520386,1.6637963612756799
split_scaffold_heldout,ridge_cell,"Myeloid cells, AT 7867",0.22642101341705378,1.2985551256189252,0.37805663092977454,2.4489218681591334
split_scaffold_heldout,ridge_cell,"NK cells, AT 7867",0.4214488903688006,0.683293350004126,0.6851273208883812,1.7784288340294956
split_scaffold_heldout,ridge_cell,"T cells, AT 7867",0.31535987826151884,0.8388551374406685,0.5695563191192573,1.921219420515044
split_scaffold_heldout,ridge_cell,"B cells, AZ628",0.6923902719400753,0.7843392302119063,0.8477218942239658,1.7639495656357853
split_scaffold_heldout,ridge_cell,"Myeloid cells, AZ628",0.5026009879119175,0.8728709808716973,0.7285991856001773,1.8989277811083456
split_scaffold_heldout,ridge_cell,"NK cells, AZ628",0.3709328508836546,0.673466599604302,0.6326350316365603,1.7338857771062237
split_scaffold_heldout,ridge_cell,"T cells, AZ628",0.6543148243207217,0.6253233707064662,0.8519036711229702,1.572984459346698
split_scaffold_heldout,ridge_cell,"B cells, Midostaurin",0.5820444965305929,0.7257980061281581,0.7932662162208548,1.7373453639563188
split_scaffold_heldout,ridge_cell,"Myeloid cells, Midostaurin",0.4306630187055806,1.063808269910645,0.6350869588145891,2.1836268048002117
split_scaffold_heldout,ridge_cell,"NK cells, Midostaurin",0.3860449994422751,0.694730967577873,0.6048349224084366,1.7435507477859589
split_scaffold_heldout,ridge_cell,"T cells, Midostaurin",0.6319475586602143,0.7677575867968618,0.8327175268660838,1.8237577267465537
split_scaffold_heldout,ridge_cell,"NK cells, Colforsin",0.157618797469383,0.6404152630359372,0.23641145214226306,1.7936681591565393
split_scaffold_heldout,ridge_cell,"T cells, Colforsin",0.35173458653405165,0.5305967918970741,0.5328178494233792,1.3953372628453173
split_scaffold_heldout,ridge_cell,"NK cells, ABT-199 (GDC-0199)",0.18495692327922741,0.6292447297354401,0.4028706886827928,1.7807495804014417
split_scaffold_heldout,ridge_cell,"T cells, ABT-199 (GDC-0199)",0.0460427240129374,0.6154489938698557,0.3955957192583424,1.67628056402243
split_scaffold_heldout,ridge_cell,"NK cells, Tipifarnib",0.33410981984050264,0.6616892843185487,0.5784869724093372,1.790648025337485
split_scaffold_heldout,ridge_cell,"T cells, Tipifarnib",0.4501476985214409,0.6182643774899349,0.7399199779554159,1.619872628193532
split_scaffold_heldout,ridge_cell,"NK cells, Vanoxerine",0.2719147017157829,0.6322654824151646,0.395028646566992,1.7196505998662683
split_scaffold_heldout,ridge_cell,"T cells, Vanoxerine",0.30677212748839194,0.574405485018389,0.5618900098327516,1.5541186939439868
split_scaffold_heldout,ridge_cell,"B cells, Protriptyline",0.08039312841020509,0.6093642591284824,0.2307824599847627,1.6764869541751433
split_scaffold_heldout,ridge_cell,"Myeloid cells, Protriptyline",0.1780562527106369,0.5740830779334264,0.405706110199238,1.5658911237576991
split_scaffold_heldout,ridge_cell,"B cells, Phenylbutazone",0.22161120545753502,0.5603015171349492,0.40153113315522704,1.5913952657577444
split_scaffold_heldout,ridge_cell,"Myeloid cells, Phenylbutazone",0.03478105477742612,0.6430809343044019,0.13463897257836283,1.7074645429971376
split_scaffold_heldout,ridge_cell,"B cells, Ruxolitinib",0.6420510054913552,0.8261176617372937,0.8254427074392178,1.8475198285922088
split_scaffold_heldout,ridge_cell,"Myeloid cells, Ruxolitinib",0.6462223650757674,1.3193648103995324,0.798840387784366,2.3910360316364976
split_scaffold_heldout,ridge_cell,"B cells, Trametinib",0.3602505229877842,0.7094091763947549,0.6338506173989911,1.769444056429541
split_scaffold_heldout,ridge_cell,"Myeloid cells, Trametinib",0.3583553379291469,1.3512397539396637,0.5074113419774166,2.450617444073481
split_scaffold_heldout,ridge_cell,"B cells, BAY 61-3606",0.4630032842673918,1.152937509300753,0.6444272363008707,2.2503283988173504
split_scaffold_heldout,ridge_cell,"Myeloid cells, BAY 61-3606",0.5119558131039733,1.799285694230755,0.6493114804650638,2.7575003396219353
split_scaffold_heldout,ridge_cell,"B cells, LY2090314",0.007497299129774205,1.1887948306328422,0.021322897554712457,2.473665120903582
split_scaffold_heldout,ridge_cell,"Myeloid cells, LY2090314",0.3565523330656686,2.05483264128144,0.4576883793093215,2.969283822458689
split_scaffold_heldout,ridge_cell,"B cells, Ketoconazole",-0.08547436811981762,0.994340079275395,-0.16214070972858793,2.3871700474651614
split_scaffold_heldout,ridge_cell,"Myeloid cells, Ketoconazole",0.07667819031736088,1.3911684476544581,0.113655969630039,2.59136126889532
split_scaffold_heldout,ridge_cell,"B cells, Cabozantinib",0.1445945372072391,0.7370658235584353,0.30320812810112413,1.8728878537871747
split_scaffold_heldout,ridge_cell,"Myeloid cells, Cabozantinib",0.2104753413318901,0.7510860711267384,0.4934107027592643,1.7756722446374307
split_scaffold_heldout,ridge_cell,"B cells, CC-401",0.557236211285115,0.6673049105344929,0.7739155203804449,1.6481354554073906
split_scaffold_heldout,ridge_cell,"Myeloid cells, CC-401",0.41078580188820296,0.8768605889197608,0.6508463425021846,1.9371616747944291
split_scaffold_heldout,ridge_cell,"B cells, Resminostat",0.41227538734766384,1.622738862752,0.5416926762187192,2.6486268094228675
split_scaffold_heldout,ridge_cell,"Myeloid cells, Resminostat",0.4847387080951164,1.8502195051021766,0.6028011432369749,2.7558537462768236
split_scaffold_heldout,ridge_cell,"B cells, Colforsin",0.2842064136656084,0.5717470012574687,0.4153966433184611,1.6036654013316392
split_scaffold_heldout,ridge_cell,"Myeloid cells, Colforsin",0.23198115136568012,0.6740364883636933,0.48533142957313163,1.8065969215923505
split_scaffold_heldout,ridge_cell,"B cells, ABT-199 (GDC-0199)",-0.1295739529119956,1.064524250551652,-0.2663483241189322,2.3283340868180575
split_scaffold_heldout,ridge_cell,"Myeloid cells, ABT-199 (GDC-0199)",0.005000085346987143,0.6430695034070262,0.09238007491633052,1.7871703200815547
split_scaffold_heldout,ridge_cell,"B cells, Tipifarnib",0.4472978163207648,0.5965708487825564,0.6650141478076822,1.5834572730269991
split_scaffold_heldout,ridge_cell,"Myeloid cells, Tipifarnib",0.45787952317981706,0.7493076682233228,0.7394055694195513,1.7466292031449873
split_scaffold_heldout,ridge_cell,"B cells, Vanoxerine",0.2635095764792,0.5867421846415478,0.48022705370612395,1.6526416156383437
split_scaffold_heldout,ridge_cell,"Myeloid cells, Vanoxerine",0.43528122071523956,0.5662631670460394,0.7430640091844286,1.451152318471496
split_scaffold_heldout,ridge_drug_fp,"B cells, MK-5108",0.08914262502802167,0.6511386094230701,0.2082737159745974,1.709592226509867
split_scaffold_heldout,ridge_drug_fp,"Myeloid cells, MK-5108",0.04238156479001866,0.6698563477176687,0.0769902473187268,1.7927287180057456
split_scaffold_heldout,ridge_drug_fp,"NK cells, MK-5108",0.03475409508185936,0.7375623546406642,0.13295529015194257,1.8668292836357006
split_scaffold_heldout,ridge_drug_fp,"T cells, MK-5108",0.09815371648841337,0.6077794273095799,0.1251850629028561,1.712043225297091
split_scaffold_heldout,ridge_drug_fp,"B cells, Tamatinib",0.3363427751539031,1.16637692055606,0.5257509211746806,2.3039083968562313
split_scaffold_heldout,ridge_drug_fp,"Myeloid cells, Tamatinib",0.2916230249818975,1.3622138876521301,0.46025381034561863,2.5010415060118905
split_scaffold_heldout,ridge_drug_fp,"NK cells, Tamatinib",0.22724715197374226,0.8534785507360031,0.3944270182895806,1.8884521840840853
split_scaffold_heldout,ridge_drug_fp,"T cells, Tamatinib",0.3738414647559223,1.0591642977617541,0.5954599097554507,2.1238090886611674
split_scaffold_heldout,ridge_drug_fp,"NK cells, Protriptyline",0.018514218197961892,0.7167509983846022,0.03693613417712636,1.8095838231739587
split_scaffold_heldout,ridge_drug_fp,"T cells, Protriptyline",0.08129288271922262,0.5941568427713041,0.27707744813272606,1.6405634491358543
split_scaffold_heldout,ridge_drug_fp,"B cells, Topotecan",0.08047567313284272,0.8630206743876685,0.18475257063947523,2.115370644960196
split_scaffold_heldout,ridge_drug_fp,"Myeloid cells, Topotecan",0.05670694901467848,1.5230311355938795,0.12287683441611999,2.664981914665323
split_scaffold_heldout,ridge_drug_fp,"NK cells, Topotecan",0.030412686230416354,0.8560003437449094,0.13450712003719978,2.052316655862474
split_scaffold_heldout,ridge_drug_fp,"T cells, Topotecan",0.07265567264588843,1.0824765524067954,0.16640254915582098,2.2959069527382887
split_scaffold_heldout,ridge_drug_fp,"NK cells, Phenylbutazone",0.06371804796823549,0.7480415498075625,0.06674573104023945,1.8687033257312289
split_scaffold_heldout,ridge_drug_fp,"T cells, Phenylbutazone",-0.0038718473424135267,0.6463366550764428,-0.14783800931546684,1.9087371042616779
split_scaffold_heldout,ridge_drug_fp,"B cells, Porcn Inhibitor III",-0.09227229140576738,0.7076497295835765,-0.16722009372276678,1.851815166114612
split_scaffold_heldout,ridge_drug_fp,"Myeloid cells, Porcn Inhibitor III",-0.17306441213142004,1.28609356876575,-0.25452199071937487,2.6361531857763394
split_scaffold_heldout,ridge_drug_fp,"NK cells, Porcn Inhibitor III",-0.1393136574086202,0.8595018569107301,-0.25110346507959613,2.110461950151377
split_scaffold_heldout,ridge_drug_fp,"T cells, Porcn Inhibitor III",-0.28355964741927125,0.8106222814320343,-0.49499923694811065,1.9762948401404792
split_scaffold_heldout,ridge_drug_fp,"B cells, Proscillaridin A;Proscillaridin-A",0.11073947857557391,2.2940714951093497,0.1479119600573585,3.1580585860494366
split_scaffold_heldout,ridge_drug_fp,"NK cells, Proscillaridin A;Proscillaridin-A",0.03858895882529496,2.2898507909922112,0.05675114784770738,3.187515469793509
split_scaffold_heldout,ridge_drug_fp,"T cells, Proscillaridin A;Proscillaridin-A",0.041201761206179875,2.991953397822,0.04797556114453292,3.541633433917661
split_scaffold_heldout,ridge_drug_fp,"NK cells, Ruxolitinib",0.23444541847160402,0.7794518134725182,0.45379466363440385,1.753772175401155
split_scaffold_heldout,ridge_drug_fp,"T cells, Ruxolitinib",0.45968947292773027,0.8788098213963172,0.7261767330960168,1.8132652373177662
split_scaffold_heldout,ridge_drug_fp,"B cells, Pomalidomide",-0.16589669111617675,1.143506441893655,-0.28052213419083083,2.582897546150268
split_scaffold_heldout,ridge_drug_fp,"Myeloid cells, Pomalidomide",-0.09218528757189874,1.1942666157570385,-0.09736822050833323,2.648255565407158
split_scaffold_heldout,ridge_drug_fp,"NK cells, Pomalidomide",-0.12916640816830835,1.0154807993698862,-0.22456124735886515,2.3599361603972424
split_scaffold_heldout,ridge_drug_fp,"T cells, Pomalidomide",-0.16541502250396103,1.4054629768526188,-0.22801236145419207,2.8206311155620827
split_scaffold_heldout,ridge_drug_fp,"NK cells, Trametinib",0.26753276377113905,0.8617125815418021,0.48507631955295333,1.667410148739163
split_scaffold_heldout,ridge_drug_fp,"T cells, Trametinib",0.4327401043952734,0.762588727036145,0.7177297284675311,1.453246184198289
split_scaffold_heldout,ridge_drug_fp,"NK cells, BAY 61-3606",0.2622065107057232,1.019488220471178,0.4783385417083411,2.1306581825607
split_scaffold_heldout,ridge_drug_fp,"T cells, BAY 61-3606",0.27417179790005886,1.8223434884521699,0.3697507602300061,2.8208120293026786
split_scaffold_heldout,ridge_drug_fp,"NK cells, LY2090314",-0.14894535455958088,1.339689399487974,-0.29361298401677727,2.7359229646501837
split_scaffold_heldout,ridge_drug_fp,"T cells, LY2090314",-0.28448673826519094,2.577609558259438,-0.35046254953179745,3.4693216926006722
split_scaffold_heldout,ridge_drug_fp,"NK cells, Ketoconazole",0.03936093899843818,0.9339729206083015,0.0729654800821567,2.1895536915898517
split_scaffold_heldout,ridge_drug_fp,"T cells, Ketoconazole",0.07157700595029245,1.231026812127795,0.08959047738568615,2.57370212981459
split_scaffold_heldout,ridge_drug_fp,"B cells, Dactolisib",-0.055385891899671406,1.5519168767587201,-0.09706650702184164,2.779445553999362
split_scaffold_heldout,ridge_drug_fp,"Myeloid cells, Dactolisib",-0.07763762866439435,2.2138908651806544,-0.10976957703738727,3.2241637289081178
split_scaffold_heldout,ridge_drug_fp,"NK cells, Dactolisib",-0.043904945903534096,1.1095820431556658,-0.11275833115070509,2.444384287195717
split_scaffold_heldout,ridge_drug_fp,"T cells, Dactolisib",-0.030062172885001678,1.6367498008097001,-0.04346971657411058,2.849294645241161
split_scaffold_heldout,ridge_drug_fp,"B cells, LDN 193189",0.0850693174013887,0.5949045771775833,0.24180193457568913,1.697294909049938
split_scaffold_heldout,ridge_drug_fp,"Myeloid cells, LDN 193189",0.03138319915346507,0.7959243559376621,0.15103430813817195,2.0107310231835376
split_scaffold_heldout,ridge_drug_fp,"NK cells, LDN 193189",0.04560919662917251,0.6970256628262441,0.08014887482805746,1.8590081721672882
split_scaffold_heldout,ridge_drug_fp,"T cells, LDN 193189",0.03790841293696496,0.6064830804089303,0.1932436426075316,1.75971998105467
split_scaffold_heldout,ridge_drug_fp,"NK cells, Cabozantinib",0.08035429784959792,0.7765701758812452,0.2157060817685452,1.787812938827451
split_scaffold_heldout,ridge_drug_fp,"T cells, Cabozantinib",0.018433152594561446,0.7667535949722426,0.12029919760701645,1.8852979831995929
split_scaffold_heldout,ridge_drug_fp,"B cells, Riociguat",0.05365817284853359,0.5904689050841093,0.12043308261428065,1.817782135014234
split_scaffold_heldout,ridge_drug_fp,"Myeloid cells, Riociguat",-0.043718961310373054,0.6350389496211267,-0.09198084038742045,1.804775926071374
split_scaffold_heldout,ridge_drug_fp,"NK cells, Riociguat",0.07938452731485672,0.6698190989378097,0.15665023588832927,1.8531000798177422
split_scaffold_heldout,ridge_drug_fp,"T cells, Riociguat",0.029454017345730343,0.5387802547694555,0.20272976783912272,1.7802349430522677
split_scaffold_heldout,ridge_drug_fp,"NK cells, CC-401",0.14774617426802403,0.7257891644134722,0.2809983166977791,1.842638832684319
split_scaffold_heldout,ridge_drug_fp,"T cells, CC-401",0.21603628089089916,0.8340524137021634,0.38412400805255487,2.017572171653072
split_scaffold_heldout,ridge_drug_fp,"NK cells, Resminostat",0.30720460456295723,1.2875366060290574,0.49772800331928385,2.3943779195959514
split_scaffold_heldout,ridge_drug_fp,"T cells, Resminostat",0.40183854313823447,2.104249783638191,0.5046855564792055,2.957173879138683
split_scaffold_heldout,ridge_drug_fp,"B cells, Crizotinib",0.08276912318929189,0.983898131812652,0.20824103263881388,2.238169591752056
split_scaffold_heldout,ridge_drug_fp,"Myeloid cells, Crizotinib",0.15844868682023514,1.00081152679872,0.33771259206754106,2.2066656573613708
split_scaffold_heldout,ridge_drug_fp,"NK cells, Crizotinib",0.11705061471818667,0.7736624327265924,0.25228431223736,1.8208257121061098
split_scaffold_heldout,ridge_drug_fp,"T cells, Crizotinib",0.09626774129333993,0.8971346896431724,0.23832711531195122,2.0991357433421927
split_scaffold_heldout,ridge_drug_fp,"B cells, AT 7867",0.13843592159511825,0.8066559212288114,0.26808171942900205,2.002802914653739
split_scaffold_heldout,ridge_drug_fp,"Myeloid cells, AT 7867",0.14202813837513434,1.319455358017038,0.23780560739237533,2.520955375685758
split_scaffold_heldout,ridge_drug_fp,"NK cells, AT 7867",0.11684315866038206,0.755166151576402,0.2589834771497976,1.9251430726664087
split_scaffold_heldout,ridge_drug_fp,"T cells, AT 7867",0.10652041388907142,0.8891328246317756,0.2330293205418464,2.083738783985024
split_scaffold_heldout,ridge_drug_fp,"B cells, AZ628",0.38058604657734607,0.8977983501744046,0.6163740153316618,1.9931486397068463
split_scaffold_heldout,ridge_drug_fp,"Myeloid cells, AZ628",0.1681816417486715,0.9987582772338593,0.3347190596383079,2.1580622858342897
split_scaffold_heldout,ridge_drug_fp,"NK cells, AZ628",0.15485774025125534,0.7512774033724161,0.2992196018082582,1.822545935744457
split_scaffold_heldout,ridge_drug_fp,"T cells, AZ628",0.37110403548181353,0.7360334434080803,0.6138519274512706,1.828576800815718
split_scaffold_heldout,ridge_drug_fp,"B cells, Midostaurin",-0.043945574311737436,0.9656550010367001,-0.006553111322434877,2.215038258827057
split_scaffold_heldout,ridge_drug_fp,"Myeloid cells, Midostaurin",-0.000670137275857067,1.2310746225666866,0.0259295075952264,2.4786059778335296
split_scaffold_heldout,ridge_drug_fp,"NK cells, Midostaurin",0.018084725305141335,0.8385842223707286,0.12688777120218944,1.9033004397329707
split_scaffold_heldout,ridge_drug_fp,"T cells, Midostaurin",-0.07318036079626546,1.0375483529747487,-0.16979609937183435,2.401124344863275
split_scaffold_heldout,ridge_drug_fp,"NK cells, Colforsin",0.015307207245652665,0.7179534760275074,-0.02229325284098696,1.8600125042572413
split_scaffold_heldout,ridge_drug_fp,"T cells, Colforsin",0.16438543519868662,0.5946036924783342,0.3770755642632369,1.4999508482011434
split_scaffold_heldout,ridge_drug_fp,"NK cells, ABT-199 (GDC-0199)",0.056161266166348006,0.7363886819497758,0.1284344957622815,1.879974399482723
split_scaffold_heldout,ridge_drug_fp,"T cells, ABT-199 (GDC-0199)",0.11048520302547568,0.6384590611108916,0.45461356769189776,1.622719073473358
split_scaffold_heldout,ridge_drug_fp,"NK cells, Tipifarnib",0.059714474977725335,0.7444431843016553,0.13554383522985058,1.9046341464726362
split_scaffold_heldout,ridge_drug_fp,"T cells, Tipifarnib",0.05889787936658262,0.7361448356027919,0.17978800276542709,1.9074354468752772
split_scaffold_heldout,ridge_drug_fp,"NK cells, Vanoxerine",0.1368866583909416,0.702465990953805,0.1580811640575547,1.7809493739324953
split_scaffold_heldout,ridge_drug_fp,"T cells, Vanoxerine",0.09900399604740844,0.6515077952042128,0.30409436575116244,1.7252701251811922
split_scaffold_heldout,ridge_drug_fp,"B cells, Protriptyline",0.012489429783290767,0.6703686472305138,0.04689233080928219,1.7437677574917272
split_scaffold_heldout,ridge_drug_fp,"Myeloid cells, Protriptyline",0.0635965422617445,0.6336655127861415,0.11051575853690165,1.7123465184677855
split_scaffold_heldout,ridge_drug_fp,"B cells, Phenylbutazone",0.04816518108883605,0.6537849922701239,-0.031389909089368416,1.7530239079189893
split_scaffold_heldout,ridge_drug_fp,"Myeloid cells, Phenylbutazone",-0.011186535544306823,0.6832225678759375,-0.01770421771523456,1.7676505647809608
split_scaffold_heldout,ridge_drug_fp,"B cells, Ruxolitinib",0.39830630382148136,0.9142437574089972,0.6869487197263505,1.9190828719974913
split_scaffold_heldout,ridge_drug_fp,"Myeloid cells, Ruxolitinib",0.4202161602546798,1.391719903093306,0.625326149905399,2.4754918160379
split_scaffold_heldout,ridge_drug_fp,"B cells, Trametinib",0.30617564222744614,0.8701219772353869,0.6127227551362701,1.658402586217378
split_scaffold_heldout,ridge_drug_fp,"Myeloid cells, Trametinib",0.3103083643627573,1.3929572886604231,0.45353549707577245,2.382918804188162
split_scaffold_heldout,ridge_drug_fp,"B cells, BAY 61-3606",0.3627420555447589,1.1839240400090392,0.5378039351153286,2.2957319463573005
split_scaffold_heldout,ridge_drug_fp,"Myeloid cells, BAY 61-3606",0.43808327160162613,1.8250210815319625,0.5757146210633639,2.7960338190403924
split_scaffold_heldout,ridge_drug_fp,"B cells, LY2090314",-0.16607409932607922,1.2699028742527163,-0.2811491833387518,2.616808502493699
split_scaffold_heldout,ridge_drug_fp,"Myeloid cells, LY2090314",0.14919216592259324,2.1307848177336375,0.21254980750561722,3.0733671730221297
split_scaffold_heldout,ridge_drug_fp,"B cells, Ketoconazole",0.013867312942804381,0.9657129273337292,0.007702526235915802,2.313105628762715
split_scaffold_heldout,ridge_drug_fp,"Myeloid cells, Ketoconazole",0.04417810872842737,1.3957837896537009,0.06527093212133786,2.6015897730093567
split_scaffold_heldout,ridge_drug_fp,"B cells, Cabozantinib",0.13601793515921196,0.7983346830450013,0.3668412354921255,1.822168187751499
split_scaffold_heldout,ridge_drug_fp,"Myeloid cells, Cabozantinib",0.1374145076876891,0.822483002386718,0.31340343298454915,1.8519048129442632
split_scaffold_heldout,ridge_drug_fp,"B cells, CC-401",0.22275714569253846,0.7819388322086185,0.4367728689551258,1.9072679354105233
split_scaffold_heldout,ridge_drug_fp,"Myeloid cells, CC-401",0.16632261049956384,0.9589577281368141,0.2627175286086441,2.135074293258106
split_scaffold_heldout,ridge_drug_fp,"B cells, Resminostat",0.37984637406136074,1.6211530587637974,0.540783768989817,2.628607762872412
split_scaffold_heldout,ridge_drug_fp,"Myeloid cells, Resminostat",0.3277159838543435,1.9029056696415103,0.44798335020845953,2.8209279523803223
split_scaffold_heldout,ridge_drug_fp,"B cells, Colforsin",0.17528765435042243,0.6121903493060026,0.22924430216748615,1.6882977965649821
split_scaffold_heldout,ridge_drug_fp,"Myeloid cells, Colforsin",0.051821204052371395,0.7270437161866597,0.08110495153811503,1.9850505215444443
split_scaffold_heldout,ridge_drug_fp,"B cells, ABT-199 (GDC-0199)",0.03594177990100731,1.0450731475016886,0.05501272704666892,2.2217961620939617
split_scaffold_heldout,ridge_drug_fp,"Myeloid cells, ABT-199 (GDC-0199)",0.18881959906932594,0.6135473245794046,0.4846820683014552,1.5874389759943823
split_scaffold_heldout,ridge_drug_fp,"B cells, Tipifarnib",0.07239580666459929,0.7092882637791847,0.1688158095904372,1.8453579195543723
split_scaffold_heldout,ridge_drug_fp,"Myeloid cells, Tipifarnib",0.06156998241687077,0.8750314715157121,0.12196102147319426,2.0542504048512162
split_scaffold_heldout,ridge_drug_fp,"B cells, Vanoxerine",0.15212253529349987,0.635826903286043,0.303257466055287,1.7588175177251117
split_scaffold_heldout,ridge_drug_fp,"Myeloid cells, Vanoxerine",0.27922675534230296,0.6244817653737539,0.4698419119788916,1.6332185766820646
split_scaffold_heldout,ridge_cell_drug_fp,"B cells, MK-5108",0.15006700898505804,0.6562251190090214,0.34346569610949296,1.6509184739620892
split_scaffold_heldout,ridge_cell_drug_fp,"Myeloid cells, MK-5108",0.10740092998695729,0.7027484758079154,0.22195317575629742,1.7445823369043927
split_scaffold_heldout,ridge_cell_drug_fp,"NK cells, MK-5108",0.11458644673274072,0.7031728981409269,0.2952367884556229,1.8101992170066323
split_scaffold_heldout,ridge_cell_drug_fp,"T cells, MK-5108",0.13685734864377663,0.6179773338793891,0.2003836319515629,1.6817775886306716
split_scaffold_heldout,ridge_cell_drug_fp,"B cells, Tamatinib",0.49162668932561565,1.0982032845182466,0.6938846507129595,2.149030590718401
split_scaffold_heldout,ridge_cell_drug_fp,"Myeloid cells, Tamatinib",0.5116387451431127,1.2568779133962893,0.700668196414281,2.2868573973059974
split_scaffold_heldout,ridge_cell_drug_fp,"NK cells, Tamatinib",0.24991530122771785,0.8456032400142401,0.44693756454954414,1.867042693361666
split_scaffold_heldout,ridge_cell_drug_fp,"T cells, Tamatinib",0.48496279987861757,1.008715567113715,0.6999850683869936,2.006729444473131
split_scaffold_heldout,ridge_cell_drug_fp,"NK cells, Protriptyline",0.10304536461353736,0.670029405111232,0.23669595095302867,1.7469621567290836
split_scaffold_heldout,ridge_cell_drug_fp,"T cells, Protriptyline",0.14592103877594723,0.6086628161071129,0.3776479219210918,1.5827896020973784
split_scaffold_heldout,ridge_cell_drug_fp,"B cells, Topotecan",0.19577160880485037,0.8319025866340144,0.4339440298619982,2.0034213231223377
split_scaffold_heldout,ridge_cell_drug_fp,"Myeloid cells, Topotecan",0.09892413885540625,1.517299261292971,0.17771885027360274,2.6426734254614446
split_scaffold_heldout,ridge_cell_drug_fp,"NK cells, Topotecan",0.06126323333724419,0.8730806005999289,0.1914347721690757,2.0328279884926372
split_scaffold_heldout,ridge_cell_drug_fp,"T cells, Topotecan",0.1439887843677802,1.0653690438058034,0.28904282734756337,2.2413203061566995
split_scaffold_heldout,ridge_cell_drug_fp,"NK cells, Phenylbutazone",0.10254620530812386,0.719716926552193,0.19659425099530353,1.8178253680654581
split_scaffold_heldout,ridge_cell_drug_fp,"T cells, Phenylbutazone",0.05288461287773554,0.669162450585876,-0.13728278455895493,2.0273094995778993
split_scaffold_heldout,ridge_cell_drug_fp,"B cells, Porcn Inhibitor III",-0.04800571951580627,0.7389957313048148,-0.08807592775174974,1.8516980989796703
split_scaffold_heldout,ridge_cell_drug_fp,"Myeloid cells, Porcn Inhibitor III",-0.1475935415579873,1.3125728351309744,-0.19376394576535744,2.667111849441594
split_scaffold_heldout,ridge_cell_drug_fp,"NK cells, Porcn Inhibitor III",-0.041063707363795596,0.8081906328975866,-0.02483434454303586,2.023212505473822
split_scaffold_heldout,ridge_cell_drug_fp,"T cells, Porcn Inhibitor III",-0.1945951381970934,0.8322388812585629,-0.32435082209156696,1.941057881367836
split_scaffold_heldout,ridge_cell_drug_fp,"B cells, Proscillaridin A;Proscillaridin-A",0.15189884588722538,2.277118241203001,0.1994435379931903,3.129262578079662
split_scaffold_heldout,ridge_cell_drug_fp,"NK cells, Proscillaridin A;Proscillaridin-A",0.09482918664938354,2.259421623584,0.13059358282078404,3.1492173100533756
split_scaffold_heldout,ridge_cell_drug_fp,"T cells, Proscillaridin A;Proscillaridin-A",0.053782608945357545,2.9931836521271604,0.0612491264989789,3.541357269965653
split_scaffold_heldout,ridge_cell_drug_fp,"NK cells, Ruxolitinib",0.2809600416834319,0.7475580130344882,0.5398396544316,1.7117360396382035
split_scaffold_heldout,ridge_cell_drug_fp,"T cells, Ruxolitinib",0.5551944690465782,0.823859364500999,0.8016885636305305,1.6613751658885927
split_scaffold_heldout,ridge_cell_drug_fp,"B cells, Pomalidomide",-0.13033250483926107,1.1547612878288236,-0.21763553280145825,2.5764163812794925
split_scaffold_heldout,ridge_cell_drug_fp,"Myeloid cells, Pomalidomide",-0.12466800701210934,1.2516306804021946,-0.17854527233248996,2.7405449466185456
split_scaffold_heldout,ridge_cell_drug_fp,"NK cells, Pomalidomide",-0.08001413520091132,0.9612048418622956,-0.14242321284442994,2.2906934401625967
split_scaffold_heldout,ridge_cell_drug_fp,"T cells, Pomalidomide",-0.129398644043473,1.4187730707251796,-0.1777687467651277,2.830199590289849
split_scaffold_heldout,ridge_cell_drug_fp,"NK cells, Trametinib",0.3213586556538011,0.7926904004043682,0.5531183687724078,1.5911493948820334
split_scaffold_heldout,ridge_cell_drug_fp,"T cells, Trametinib",0.4710838029974031,0.756750019143563,0.7462933444823047,1.3904944777904646
split_scaffold_heldout,ridge_cell_drug_fp,"NK cells, BAY 61-3606",0.30964545758050466,1.0010890613119279,0.5516851807584022,2.1095712816704113
split_scaffold_heldout,ridge_cell_drug_fp,"T cells, BAY 61-3606",0.3694138425141732,1.7779622552119023,0.4741552034304002,2.7490038164581545
split_scaffold_heldout,ridge_cell_drug_fp,"NK cells, LY2090314",-0.17386022312954316,1.3428975274170947,-0.342940904396893,2.765243955919765
split_scaffold_heldout,ridge_cell_drug_fp,"T cells, LY2090314",-0.17102908605468461,2.552348871096731,-0.21561436001920725,3.431322681812346
split_scaffold_heldout,ridge_cell_drug_fp,"NK cells, Ketoconazole",0.1280034207084965,0.9199890697011233,0.2455273304733792,2.1232150352815133
split_scaffold_heldout,ridge_cell_drug_fp,"T cells, Ketoconazole",0.05346594522518424,1.245696111426997,0.045505543814068156,2.6069149492761237
split_scaffold_heldout,ridge_cell_drug_fp,"B cells, Dactolisib",0.11780372106929174,1.50325897446234,0.17782544056433777,2.680629454754048
split_scaffold_heldout,ridge_cell_drug_fp,"Myeloid cells, Dactolisib",0.13248707693821055,2.151406097037628,0.1731020374444539,3.1271151029117563
split_scaffold_heldout,ridge_cell_drug_fp,"NK cells, Dactolisib",-0.11258797034001773,1.1430854858755308,-0.2489037557974496,2.505836878912154
split_scaffold_heldout,ridge_cell_drug_fp,"T cells, Dactolisib",0.19090349893665806,1.5714956392862378,0.27813922660855783,2.722093335439605
split_scaffold_heldout,ridge_cell_drug_fp,"B cells, LDN 193189",0.1494381740754445,0.6035526624344142,0.3363686372789492,1.6491549436879536
split_scaffold_heldout,ridge_cell_drug_fp,"Myeloid cells, LDN 193189",0.12760507322865844,0.7936651410735579,0.3487906017853806,1.926331677692253
split_scaffold_heldout,ridge_cell_drug_fp,"NK cells, LDN 193189",0.1315018903413256,0.6836204190572875,0.3053933062984668,1.795779421399356
split_scaffold_heldout,ridge_cell_drug_fp,"T cells, LDN 193189",0.14157634637409228,0.6060836193037071,0.35051058806850044,1.700104803758775
split_scaffold_heldout,ridge_cell_drug_fp,"NK cells, Cabozantinib",0.15660808726304898,0.7336992692613468,0.3414849635427979,1.7274142920803977
split_scaffold_heldout,ridge_cell_drug_fp,"T cells, Cabozantinib",0.05911280606254548,0.7812280429904437,0.21513117633460185,1.8434212290662935
split_scaffold_heldout,ridge_cell_drug_fp,"B cells, Riociguat",0.1493321447484274,0.5909432184108278,0.26791933631691284,1.765223746936554
split_scaffold_heldout,ridge_cell_drug_fp,"Myeloid cells, Riociguat",0.05405371561714021,0.6526764526670678,0.11162643102678799,1.766219124425419
split_scaffold_heldout,ridge_cell_drug_fp,"NK cells, Riociguat",0.15037041866258175,0.668446410335404,0.3184997287748188,1.8002845673780536
split_scaffold_heldout,ridge_cell_drug_fp,"T cells, Riociguat",0.20018359377177095,0.5170947201791529,0.4158118408043046,1.6969304399108838
split_scaffold_heldout,ridge_cell_drug_fp,"NK cells, CC-401",0.1839502566812034,0.7174071367979253,0.36741755421579547,1.805774239141845
split_scaffold_heldout,ridge_cell_drug_fp,"T cells, CC-401",0.29673391142261796,0.8126125997237853,0.5150926376534314,1.9369105936051756
split_scaffold_heldout,ridge_cell_drug_fp,"NK cells, Resminostat",0.2701266798704654,1.302839325938892,0.4550423597579631,2.423484681736724
split_scaffold_heldout,ridge_cell_drug_fp,"T cells, Resminostat",0.4802107619300894,2.0533518225484895,0.5868114574124028,2.8810222819152393
split_scaffold_heldout,ridge_cell_drug_fp,"B cells, Crizotinib",0.271988795037147,0.9188071970686946,0.528839343844205,2.04657153240853
split_scaffold_heldout,ridge_cell_drug_fp,"Myeloid cells, Crizotinib",0.35307518619203015,0.9307715836422776,0.616134923231307,1.9951447837182723
split_scaffold_heldout,ridge_cell_drug_fp,"NK cells, Crizotinib",0.1238159599129727,0.782004643945748,0.28123547719396735,1.8022016190225507
split_scaffold_heldout,ridge_cell_drug_fp,"T cells, Crizotinib",0.21632375605826581,0.8641922851998924,0.4664464728295569,1.969778755216291
split_scaffold_heldout,ridge_cell_drug_fp,"B cells, AT 7867",0.34409612490725083,0.75543396474828,0.6261476873057393,1.827781032664499
split_scaffold_heldout,ridge_cell_drug_fp,"Myeloid cells, AT 7867",0.2366380265374677,1.2942404515891555,0.3620642070832909,2.456932701002468
split_scaffold_heldout,ridge_cell_drug_fp,"NK cells, AT 7867",0.12788266225873487,0.7630013665731832,0.3055014763203925,1.9043262223713413
split_scaffold_heldout,ridge_cell_drug_fp,"T cells, AT 7867",0.20275568009491488,0.8737754836268994,0.46057529409150927,1.998281512716533
split_scaffold_heldout,ridge_cell_drug_fp,"B cells, AZ628",0.5126757750526454,0.8374485331183602,0.7417337719225864,1.8249143695608874
split_scaffold_heldout,ridge_cell_drug_fp,"Myeloid cells, AZ628",0.3742649302956261,0.925649153240135,0.6378335989947292,1.9530035003031838
split_scaffold_heldout,ridge_cell_drug_fp,"NK cells, AZ628",0.18512241834011445,0.7351970655305726,0.3597036735828363,1.795889644260599
split_scaffold_heldout,ridge_cell_drug_fp,"T cells, AZ628",0.4557416845312431,0.7058783901702007,0.7084145660760585,1.6887963434531994
split_scaffold_heldout,ridge_cell_drug_fp,"B cells, Midostaurin",0.13052021331721478,0.9116780970442182,0.3487302148011822,2.0453530506085267
split_scaffold_heldout,ridge_cell_drug_fp,"Myeloid cells, Midostaurin",0.1754609651102108,1.1801468940357502,0.3386627249337786,2.3288151687135814
split_scaffold_heldout,ridge_cell_drug_fp,"NK cells, Midostaurin",0.019414942275656922,0.8559659199516644,0.13795203943923942,1.9012858289102323
split_scaffold_heldout,ridge_cell_drug_fp,"T cells, Midostaurin",0.10984592045778224,0.9794879214658005,0.24496777484714494,2.2236240312470734
split_scaffold_heldout,ridge_cell_drug_fp,"NK cells, Colforsin",0.053459651942689916,0.6992876121365873,0.09224783174690894,1.825358911696245
split_scaffold_heldout,ridge_cell_drug_fp,"T cells, Colforsin",0.26242411472032107,0.5881041982842204,0.48352602628675273,1.3893375304254292
split_scaffold_heldout,ridge_cell_drug_fp,"NK cells, ABT-199 (GDC-0199)",0.10179165752884123,0.731743226263255,0.2338539239350966,1.8261676512284297
split_scaffold_heldout,ridge_cell_drug_fp,"T cells, ABT-199 (GDC-0199)",0.13052063223264304,0.6503855707020877,0.45673911792085947,1.624330734871565
split_scaffold_heldout,ridge_cell_drug_fp,"NK cells, Tipifarnib",0.06644998977366472,0.7521330459505151,0.17179109341238946,1.893311297405872
split_scaffold_heldout,ridge_cell_drug_fp,"T cells, Tipifarnib",0.1559445665123964,0.7243669745097855,0.3666908925130289,1.8304727787943857
split_scaffold_heldout,ridge_cell_drug_fp,"NK cells, Vanoxerine",0.19739649428114098,0.6752756382728765,0.2711935205161226,1.7368855191291883
split_scaffold_heldout,ridge_cell_drug_fp,"T cells, Vanoxerine",0.20464198317619364,0.6441014210966306,0.4692158580751169,1.611595211159697
split_scaffold_heldout,ridge_cell_drug_fp,"B cells, Protriptyline",0.0676993466585292,0.6824795720404269,0.19212971666440914,1.68620434756188
split_scaffold_heldout,ridge_cell_drug_fp,"Myeloid cells, Protriptyline",0.14630282066035777,0.6576609118018718,0.35469877869285293,1.5792843813715416
split_scaffold_heldout,ridge_cell_drug_fp,"B cells, Phenylbutazone",0.10548356222901582,0.663413354393264,0.09018078357992067,1.7133529108850694
split_scaffold_heldout,ridge_cell_drug_fp,"Myeloid cells, Phenylbutazone",0.012687967417113467,0.7235040299694474,0.07562594726466931,1.760335126212769
split_scaffold_heldout,ridge_cell_drug_fp,"B cells, Ruxolitinib",0.5136519794507558,0.8533444718254621,0.7730626100696442,1.7581317683564828
split_scaffold_heldout,ridge_cell_drug_fp,"Myeloid cells, Ruxolitinib",0.564297022542763,1.2957215789498444,0.7549530676148061,2.2869257633633597
split_scaffold_heldout,ridge_cell_drug_fp,"B cells, Trametinib",0.3541374431178615,0.8642986635336716,0.6500722741862474,1.594138444975149
split_scaffold_heldout,ridge_cell_drug_fp,"Myeloid cells, Trametinib",0.4013920435422582,1.3350315685028535,0.5625275447254011,2.242229162376537
split_scaffold_heldout,ridge_cell_drug_fp,"B cells, BAY 61-3606",0.4293282921912102,1.1500536713077776,0.6026721247407668,2.2203893604346816
split_scaffold_heldout,ridge_cell_drug_fp,"Myeloid cells, BAY 61-3606",0.5014636796800909,1.766666225700446,0.642416916546889,2.690858643179811
split_scaffold_heldout,ridge_cell_drug_fp,"B cells, LY2090314",-0.13532521329564426,1.2835781998343854,-0.21920765550001967,2.6173343360399786
split_scaffold_heldout,ridge_cell_drug_fp,"Myeloid cells, LY2090314",0.29144247667521656,2.0665991094210954,0.3883364955220915,2.972244969915675
split_scaffold_heldout,ridge_cell_drug_fp,"B cells, Ketoconazole",0.024733360718084928,0.9762851198932325,0.04341393945047405,2.3130048737481648
split_scaffold_heldout,ridge_cell_drug_fp,"Myeloid cells, Ketoconazole",0.13768013370060664,1.3749609153895146,0.22823330136482403,2.5434477186878848
split_scaffold_heldout,ridge_cell_drug_fp,"B cells, Cabozantinib",0.17315833453563606,0.8092358538017573,0.4070908176915914,1.7877487594016424
split_scaffold_heldout,ridge_cell_drug_fp,"Myeloid cells, Cabozantinib",0.20974110051678402,0.8199046955269602,0.45846072938857857,1.752592092373345
split_scaffold_heldout,ridge_cell_drug_fp,"B cells, CC-401",0.3486925241579771,0.7456980503730357,0.594573786006953,1.7827564354651415
split_scaffold_heldout,ridge_cell_drug_fp,"Myeloid cells, CC-401",0.22493789611760737,0.9560974629380097,0.3892832583751293,2.071580880514127
split_scaffold_heldout,ridge_cell_drug_fp,"B cells, Resminostat",0.45171061876474944,1.5793505939546348,0.614262860718234,2.554740031183017
split_scaffold_heldout,ridge_cell_drug_fp,"Myeloid cells, Resminostat",0.4323364317768638,1.8412407625957001,0.5585883916588117,2.7222929020122835
split_scaffold_heldout,ridge_cell_drug_fp,"B cells, Colforsin",0.2378849395889264,0.6129433875201018,0.351697610011165,1.6141815637192325
split_scaffold_heldout,ridge_cell_drug_fp,"Myeloid cells, Colforsin",0.1580640052197369,0.7297418837616213,0.37049115009715194,1.8527993273032075
split_scaffold_heldout,ridge_cell_drug_fp,"B cells, ABT-199 (GDC-0199)",0.05265692101777803,1.0528096688587902,0.07231961380131952,2.218620911933954
split_scaffold_heldout,ridge_cell_drug_fp,"Myeloid cells, ABT-199 (GDC-0199)",0.18787492991386898,0.6523168957893414,0.4675053672210996,1.5753812477797244
split_scaffold_heldout,ridge_cell_drug_fp,"B cells, Tipifarnib",0.21039565010018108,0.6853939481982705,0.4378544898627161,1.7246155066403273
split_scaffold_heldout,ridge_cell_drug_fp,"Myeloid cells, Tipifarnib",0.2197729554056619,0.8448284970363896,0.4207520156680713,1.9242017979469799
split_scaffold_heldout,ridge_cell_drug_fp,"B cells, Vanoxerine",0.21776598542626613,0.6361398943744598,0.42914328506230964,1.6714261235410572
split_scaffold_heldout,ridge_cell_drug_fp,"Myeloid cells, Vanoxerine",0.3594812252791917,0.6197952784030512,0.6532073036787649,1.4827759879557658
split_cell_scaffold_heldout,ridge_cell,"NK cells, MK-5108",0.01626095447137484,0.7091886494236576,0.06363765212213254,1.8810614209943126
split_cell_scaffold_heldout,ridge_cell,"NK cells, Tamatinib",0.29530986984277424,0.8273838329532399,0.4629359315212396,1.8717554302228685
split_cell_scaffold_heldout,ridge_cell,"NK cells, Protriptyline",-0.009630898152842212,0.6685812322689839,0.021868963140118287,1.8031084137628854
split_cell_scaffold_heldout,ridge_cell,"NK cells, Topotecan",0.0933895459584946,0.8172443590694043,0.18787551633263452,2.0249696346949237
split_cell_scaffold_heldout,ridge_cell,"NK cells, Phenylbutazone",0.11286043470950986,0.685680514322498,0.1514653769241987,1.8350535003228583
split_cell_scaffold_heldout,ridge_cell,"NK cells, Porcn Inhibitor III",-0.11816824784094003,0.8084044768062975,-0.25015781905482537,2.0771473944784318
split_cell_scaffold_heldout,ridge_cell,"NK cells, Proscillaridin A;Proscillaridin-A",-0.05201753665789375,2.2910739894838352,-0.061786756914917064,3.2089512874044264
split_cell_scaffold_heldout,ridge_cell,"NK cells, Ruxolitinib",0.25161803985685616,0.7311868929854617,0.439333838455082,1.8001270210022595
split_cell_scaffold_heldout,ridge_cell,"NK cells, Pomalidomide",-0.11841804889277417,0.9154479579281379,-0.2004862763169735,2.2602062633403244
split_cell_scaffold_heldout,ridge_cell,"NK cells, Trametinib",0.1784443113555752,0.7120634845561221,0.4007049706306604,1.7982850175756366
split_cell_scaffold_heldout,ridge_cell,"NK cells, BAY 61-3606",0.2632947901785812,1.0154762946432205,0.44765508901803247,2.1662601765194553
split_cell_scaffold_heldout,ridge_cell,"NK cells, LY2090314",0.036445085798081034,1.2490143310668753,0.0773235155057888,2.56959334678318
split_cell_scaffold_heldout,ridge_cell,"NK cells, Ketoconazole",-0.1341449065482961,0.9683332541924611,-0.2762424606151098,2.3089886145530656
split_cell_scaffold_heldout,ridge_cell,"NK cells, Dactolisib",0.43653660559995,0.9636173179636176,0.6511561486979373,2.1435433616724544
split_cell_scaffold_heldout,ridge_cell,"NK cells, LDN 193189",-0.07007687425077892,0.7346991346607983,-0.24800887345644904,1.941518702779178
split_cell_scaffold_heldout,ridge_cell,"NK cells, Cabozantinib",0.0007203303373459429,0.712823097685458,0.05783618455239517,1.8317314865766505
split_cell_scaffold_heldout,ridge_cell,"NK cells, Riociguat",0.06598065683315407,0.6905628865840204,0.1578668595237277,1.836323058681873
split_cell_scaffold_heldout,ridge_cell,"NK cells, CC-401",0.217668625124769,0.6989332242288129,0.3977209292916585,1.805552354318219
split_cell_scaffold_heldout,ridge_cell,"NK cells, Resminostat",0.2825986162734433,1.300283572399822,0.42886614836915166,2.4599674504310842
split_cell_scaffold_heldout,ridge_cell,"NK cells, Crizotinib",0.27212771018841797,0.6999337817831386,0.4732331324419693,1.7444434241212972
split_cell_scaffold_heldout,ridge_cell,"NK cells, AT 7867",0.2676986253205033,0.7221019482956239,0.47729156997453875,1.8313451605458526
split_cell_scaffold_heldout,ridge_cell,"NK cells, AZ628",0.244168516793582,0.7084330187280217,0.45965534150740184,1.7796336637229897
split_cell_scaffold_heldout,ridge_cell,"NK cells, Midostaurin",0.27781212617490797,0.7224818020936082,0.46106964580523174,1.7681283165706214
split_cell_scaffold_heldout,ridge_cell,"NK cells, Colforsin",0.05948340752180724,0.6828126825475397,-0.0016367049459380487,1.8480875128716892
split_cell_scaffold_heldout,ridge_cell,"NK cells, ABT-199 (GDC-0199)",0.03399460683894858,0.684232703124466,0.08543344221575101,1.8656143786016723
split_cell_scaffold_heldout,ridge_cell,"NK cells, Tipifarnib",0.22855642046528854,0.693637713368454,0.4227581912786099,1.8193463392993166
split_cell_scaffold_heldout,ridge_cell,"NK cells, Vanoxerine",0.11865849828849684,0.6826291039461777,0.15850736717643904,1.7835126848127751
split_cell_scaffold_heldout,ridge_drug_fp,"NK cells, MK-5108",0.01309166833787756,0.7748715924353241,0.08050705697175452,1.892495232207785
split_cell_scaffold_heldout,ridge_drug_fp,"NK cells, Tamatinib",0.18950765742082618,0.8789465902488962,0.34991886835001346,1.8998100970444274
split_cell_scaffold_heldout,ridge_drug_fp,"NK cells, Protriptyline",-0.003804729172159596,0.7511774565774132,-0.04598628713616423,1.8435429461438249
split_cell_scaffold_heldout,ridge_drug_fp,"NK cells, Topotecan",0.012821872839938605,0.8767093418451516,0.0873237782923813,2.073738860806987
split_cell_scaffold_heldout,ridge_drug_fp,"NK cells, Phenylbutazone",0.03904911303494298,0.7805788266281685,-0.0038639296175075493,1.9047660632193766
split_cell_scaffold_heldout,ridge_drug_fp,"NK cells, Porcn Inhibitor III",-0.1556764752307851,0.9025368446608113,-0.2898050146479281,2.15522749659043
split_cell_scaffold_heldout,ridge_drug_fp,"NK cells, Proscillaridin A;Proscillaridin-A",0.030046527396213843,2.3070809675937656,0.0450334431722876,3.2023216966739954
split_cell_scaffold_heldout,ridge_drug_fp,"NK cells, Ruxolitinib",0.2028795824923161,0.8237214602334375,0.3954459477822162,1.7813176211316577
split_cell_scaffold_heldout,ridge_drug_fp,"NK cells, Pomalidomide",-0.12884055690214893,1.0512557016977406,-0.2214462155755711,2.385372558346813
split_cell_scaffold_heldout,ridge_drug_fp,"NK cells, Trametinib",0.22906026602794902,0.951718107797041,0.4423350465906241,1.7241140756114812
split_cell_scaffold_heldout,ridge_drug_fp,"NK cells, BAY 61-3606",0.22802275432849842,1.0391245104490052,0.4285443931699624,2.1417871018587213
split_cell_scaffold_heldout,ridge_drug_fp,"NK cells, LY2090314",-0.12496821789228543,1.3560676430112752,-0.23333302968561287,2.7260472840654666
split_cell_scaffold_heldout,ridge_drug_fp,"NK cells, Ketoconazole",0.005001233208966241,0.9544083119068084,0.006878431756689904,2.2171145096396105
split_cell_scaffold_heldout,ridge_drug_fp,"NK cells, Dactolisib",0.007478246959913087,1.104344437059933,0.005082673988672705,2.408345441382609
split_cell_scaffold_heldout,ridge_drug_fp,"NK cells, LDN 193189",0.0018686236132484228,0.7210910629005906,-0.040575387567977746,1.8923523880865547
split_cell_scaffold_heldout,ridge_drug_fp,"NK cells, Cabozantinib",0.047843897000371914,0.8358600197610438,0.14916184722629627,1.8282465890291797
split_cell_scaffold_heldout,ridge_drug_fp,"NK cells, Riociguat",0.027211762058178265,0.6898779142892227,0.059118305646446205,1.881317095088377
split_cell_scaffold_heldout,ridge_drug_fp,"NK cells, CC-401",0.13731137738433358,0.7412211267106203,0.2685345261118946,1.8471467155852477
split_cell_scaffold_heldout,ridge_drug_fp,"NK cells, Resminostat",0.2849737434300495,1.29799581500345,0.4691701293624104,2.3984917856942753
split_cell_scaffold_heldout,ridge_drug_fp,"NK cells, Crizotinib",0.10579678205102643,0.7989592113863093,0.2368910923459252,1.8278581879612066
split_cell_scaffold_heldout,ridge_drug_fp,"NK cells, AT 7867",0.07803915387152537,0.7722364362845636,0.16306488340305186,1.948249214766728
split_cell_scaffold_heldout,ridge_drug_fp,"NK cells, AZ628",0.12490162642534623,0.7796976638156198,0.24663421148405182,1.843636091338582
split_cell_scaffold_heldout,ridge_drug_fp,"NK cells, Midostaurin",0.01630773684593273,0.8638011226599774,0.12105816907512777,1.9160817135804133
split_cell_scaffold_heldout,ridge_drug_fp,"NK cells, Colforsin",0.009420294884012618,0.7443930285129355,-0.03574252133020285,1.8713846668486611
split_cell_scaffold_heldout,ridge_drug_fp,"NK cells, ABT-199 (GDC-0199)",0.01867740141852983,0.7770896703855825,0.036797462563422055,1.9421656767483408
split_cell_scaffold_heldout,ridge_drug_fp,"NK cells, Tipifarnib",0.022273958687729554,0.7691508561962149,0.03570872239520475,1.9453634079076196
split_cell_scaffold_heldout,ridge_drug_fp,"NK cells, Vanoxerine",0.10275292835658463,0.725485155641313,0.10522991342738515,1.8025576533557255
split_cell_scaffold_heldout,ridge_cell_drug_fp,"NK cells, MK-5108",0.013373652447686879,0.7750277484123886,0.08140261993647942,1.8922549400924726
split_cell_scaffold_heldout,ridge_cell_drug_fp,"NK cells, Tamatinib",0.18952235783621188,0.8791236341929891,0.35071971816545167,1.89947510263297
split_cell_scaffold_heldout,ridge_cell_drug_fp,"NK cells, Protriptyline",-0.0035693217456549643,0.75098224450606,-0.04541554517472824,1.8432962844675465
split_cell_scaffold_heldout,ridge_cell_drug_fp,"NK cells, Topotecan",0.012281441972086892,0.8768081590601075,0.08543478792640678,2.0742930755953144
split_cell_scaffold_heldout,ridge_cell_drug_fp,"NK cells, Phenylbutazone",0.039406566915173004,0.7803635007409834,-0.003301111029218669,1.9043314651226495
split_cell_scaffold_heldout,ridge_cell_drug_fp,"NK cells, Porcn Inhibitor III",-0.1560004341126079,0.9026255601206973,-0.2902413358942829,2.1557540186426243
split_cell_scaffold_heldout,ridge_cell_drug_fp,"NK cells, Proscillaridin A;Proscillaridin-A",0.029226745569564613,2.307632933203736,0.04406851949096196,3.202817921445762
split_cell_scaffold_heldout,ridge_cell_drug_fp,"NK cells, Ruxolitinib",0.20294097251296866,0.8236370835781096,0.3953923951169654,1.781345484861707
split_cell_scaffold_heldout,ridge_cell_drug_fp,"NK cells, Pomalidomide",-0.12892049989229634,1.0513852730301438,-0.22148543494516343,2.3856549040507202
split_cell_scaffold_heldout,ridge_cell_drug_fp,"NK cells, Trametinib",0.229039292754565,0.9530284663919236,0.44274724732633897,1.7235741236852768
split_cell_scaffold_heldout,ridge_cell_drug_fp,"NK cells, BAY 61-3606",0.2279671671759947,1.0390903268885265,0.4282607725783025,2.1419147087212487
split_cell_scaffold_heldout,ridge_cell_drug_fp,"NK cells, LY2090314",-0.12941321907445366,1.3583420464896445,-0.24186985222389226,2.7307129870449627
split_cell_scaffold_heldout,ridge_cell_drug_fp,"NK cells, Ketoconazole",0.0062064020801905545,0.9540787513610497,0.009956720425509855,2.21587533229816
split_cell_scaffold_heldout,ridge_cell_drug_fp,"NK cells, Dactolisib",0.00652794764564837,1.1045520049022048,0.003074338346862414,2.4089652579454
split_cell_scaffold_heldout,ridge_cell_drug_fp,"NK cells, LDN 193189",0.0006941086194046811,0.7211899016570309,-0.04324703813634574,1.8931638973885412
split_cell_scaffold_heldout,ridge_cell_drug_fp,"NK cells, Cabozantinib",0.05308275899695016,0.8323526501939368,0.15397523686519726,1.8255111064049523
split_cell_scaffold_heldout,ridge_cell_drug_fp,"NK cells, Riociguat",0.027395808885301843,0.6897319514401301,0.06023449839434214,1.8811233133459637
split_cell_scaffold_heldout,ridge_cell_drug_fp,"NK cells, CC-401",0.1378950086141263,0.7406542724795502,0.2686718699964527,1.8470942550887244
split_cell_scaffold_heldout,ridge_cell_drug_fp,"NK cells, Resminostat",0.28737796271440175,1.2968929918714964,0.47246526026035185,2.3966039718638026
split_cell_scaffold_heldout,ridge_cell_drug_fp,"NK cells, Crizotinib",0.10535255575890616,0.7992061556431584,0.23704120701147355,1.8278248399427257
split_cell_scaffold_heldout,ridge_cell_drug_fp,"NK cells, AT 7867",0.07757225864678971,0.7721410701341049,0.16233910198382384,1.948541118298477
split_cell_scaffold_heldout,ridge_cell_drug_fp,"NK cells, AZ628",0.1251280644036029,0.7794504241310792,0.24679823241572368,1.8435593371281607
split_cell_scaffold_heldout,ridge_cell_drug_fp,"NK cells, Midostaurin",0.014924318076234224,0.8652140098935891,0.11815641904748825,1.9178532794132102
split_cell_scaffold_heldout,ridge_cell_drug_fp,"NK cells, Colforsin",0.009511412324457642,0.7443783837763683,-0.03568098007258765,1.8713539031360908
split_cell_scaffold_heldout,ridge_cell_drug_fp,"NK cells, ABT-199 (GDC-0199)",0.01875949601196655,0.7771903118904178,0.03671332338226665,1.941867862316096
split_cell_scaffold_heldout,ridge_cell_drug_fp,"NK cells, Tipifarnib",0.023350287031380552,0.7689021535807162,0.039237954583654054,1.9443174963421244
split_cell_scaffold_heldout,ridge_cell_drug_fp,"NK cells, Vanoxerine",0.10292478366180757,0.7254678343692145,0.1052389970355813,1.8025820654911235
