split,baseline,sample_id,rowwise_pearson,rmse,de_rowwise_pearson,de_rmse
split_random,ridge_cell,"T cells, Atorvastatin",0.2588060486486642,0.5538401746151242,0.45243248217733817,1.5804021511171231
split_random,ridge_cell,"NK cells, Tivozanib",0.23822216420683942,0.6313837802746184,0.456450872593092,1.7360902904090503
split_random,ridge_cell,"Myeloid cells, Linagliptin",0.006193747120390277,0.7634943513249721,0.0065854598189392,1.9676024125659177
split_random,ridge_cell,"T cells, Protriptyline",0.20774135810100494,0.5159120604583349,0.441378480915691,1.5436277360451125
split_random,ridge_cell,"Myeloid cells, I-BET151",0.4238794850540562,1.6746116641845592,0.5651101146684037,2.70365861271721
split_random,ridge_cell,"T cells, Foretinib",0.6486657828268925,0.7409455904287361,0.8306416234194651,1.7359693143029011
split_random,ridge_cell,"B cells, GW843682X",0.25319109612788676,0.6254585618228901,0.46399655890002006,1.7774266911375478
split_random,ridge_cell,"NK cells, GW843682X",0.2577680462343397,0.619314570213011,0.5149759532368665,1.7591678834590625
split_random,ridge_cell,"T cells, IN1451",0.26537312248781453,2.772585469612512,0.3127239437269937,3.3775562199244966
split_random,ridge_cell,"B cells, Raloxifene",0.19539536345931735,0.6356329629232961,0.45448742152302224,1.6920252886232436
split_random,ridge_cell,"NK cells, Raloxifene",0.10658302687466331,0.7633522053743069,0.18363032502138402,1.9426721310820088
split_random,ridge_cell,"NK cells, BAY 87-2243",0.28606183618309006,0.9116451624131959,0.44192015496228504,2.1990613513718427
split_random,ridge_cell,"NK cells, BMS-777607",0.22731433618415214,0.6251972621096548,0.4239151082622673,1.7151719851302891
split_random,ridge_cell,"T cells, TL_HRAS26",0.3163799249914382,0.5331902246400732,0.5269032912112136,1.8003619278656986
split_random,ridge_cell,"NK cells, Proscillaridin A;Proscillaridin-A",0.09380154597644566,2.249207970704431,0.13118486099804658,3.154302442776677
split_random,ridge_cell,"T cells, Proscillaridin A;Proscillaridin-A",-0.013291315521404914,2.996235373631494,-0.014902192516311459,3.5530837503102557
split_random,ridge_cell,"T cells, BMS-265246",0.157111887366827,1.3654769182653492,0.25956443389888667,2.53614056593159
split_random,ridge_cell,"T cells, Ruxolitinib",0.6631663810673114,0.8115717937732732,0.8437108803639947,1.7714718528298234
split_random,ridge_cell,"NK cells, Dovitinib",0.3388337675942542,0.6995563887273208,0.5621111307386332,1.8248267296020828
split_random,ridge_cell,"T cells, AVL-292",0.6445718302471863,0.650215716221445,0.8484034867525821,1.6045230499742167
split_random,ridge_cell,"NK cells, Palbociclib",0.27734793230757343,0.6099217483236813,0.4597300910381489,1.6989378063867806
split_random,ridge_cell,"T cells, Trametinib",0.4097853417305151,0.650249137488712,0.7151182211791267,1.6976776402433469
split_random,ridge_cell,"B cells, AMD-070 (hydrochloride)",0.3872164289334955,0.6069896406357148,0.6220455474323161,1.6214900167832889
split_random,ridge_cell,"NK cells, Sgc-cbp30",0.2943937319182417,0.6566117140604185,0.5523944807524831,1.7394414484193255
split_random,ridge_cell,"B cells, FK 866",0.37433635982444036,0.710563899378934,0.6128657955880912,1.776442666950702
split_random,ridge_cell,"T cells, Chlorpheniramine",0.43945397416742044,0.5302326589345228,0.7051209257309532,1.4435016437570796
split_random,ridge_cell,"T cells, LY2090314",-0.026543593906819884,2.4720449782364042,-0.03790851347596094,3.333176673926327
split_random,ridge_cell,"NK cells, Vardenafil",0.25846693604661464,0.625279860697489,0.4301777063411106,1.7756896551889614
split_random,ridge_cell,"T cells, Vardenafil",0.31322860051789303,0.5331849870388751,0.5590867317204564,1.5212771096131399
split_random,ridge_cell,"T cells, Dasatinib",0.6751211966699466,0.9602396449633578,0.8225633274658279,1.9593138696067498
split_random,ridge_cell,"T cells, AT13387",0.5795108236970071,1.948833947644927,0.6644281206130455,2.832589905766012
split_random,ridge_cell,"NK cells, PF-04691502",0.39261696566039883,0.7328254210464982,0.656198790783112,1.781527475224577
split_random,ridge_cell,"B cells, Dactolisib",0.6611750291559991,1.306020709922644,0.7932854162069753,2.353116550657025
split_random,ridge_cell,"NK cells, BMS-536924",0.4220711314326569,0.6901739920052529,0.665040074837355,1.74614526645289
split_random,ridge_cell,"NK cells, Isoniazid",0.16743974020595928,0.631436000225047,0.34815256591374427,1.7826036916113535
split_random,ridge_cell,"NK cells, IMD-0354",0.3270440548011784,0.9080728863277795,0.5436130495247322,2.1079842884867594
split_random,ridge_cell,"NK cells, Canertinib",0.21322636317318827,0.6710847671295227,0.3322934122824952,1.8948624833305034
split_random,ridge_cell,"NK cells, Idelalisib",0.3079502343658221,0.6692773361448862,0.5364659795022189,1.7854385965196335
split_random,ridge_cell,"T cells, Penfluridol",0.087361436125827,0.5635811332452011,0.34044493548963284,1.6077761130631565
split_random,ridge_cell,"NK cells, RN-486",0.058639473092797115,0.6845729912932336,0.16818706788448218,1.860900055389396
split_random,ridge_cell,"B cells, LDN 193189",0.1795560674290322,0.5981411978829596,0.3842538913793423,1.616372463552691
split_random,ridge_cell,"T cells, CHIR-99021",-0.052015990709385826,1.4942696807468063,-0.0554393498715068,2.7866598232055524
split_random,ridge_cell,"T cells, Defactinib",0.24647481920422745,0.7509026689852779,0.4451467940099144,1.9793153892194073
split_random,ridge_cell,"T cells, HMN-214",-0.23792559330253293,0.8280671416194486,-0.5341387424660048,2.4129655807481436
split_random,ridge_cell,"NK cells, Resminostat",0.2565726294703592,1.3131242416333475,0.41129358611331474,2.4955548160021346
split_random,ridge_cell,"T cells, TR-14035",0.4475816280033054,0.5247144696497107,0.7054045329683849,1.4007768928538844
split_random,ridge_cell,"T cells, AT 7867",0.31797602611394127,0.8376552260010581,0.5767824447334479,1.9177632854165996
split_random,ridge_cell,"T cells, OSI-930",0.005931527800410105,0.5978242979609598,-0.032107142296078806,1.745886841344826
split_random,ridge_cell,"Myeloid cells, GO-6976",0.3432766071130687,1.084893553829553,0.5674053184257962,2.1212538055101113
split_random,ridge_cell,"NK cells, RG7112",0.3018536409600574,0.6315592938198,0.5243999444120591,1.8630355383609147
split_random,ridge_cell,"T cells, RG7112",0.30474710269990696,0.613021415142882,0.4346093329110342,2.1561115100740293
split_random,ridge_cell,"NK cells, Lamivudine",0.2796694453965972,0.629948503805485,0.47358956883047526,1.8181385370798022
split_random,ridge_cell,"T cells, Lamivudine",0.27744050206249454,0.5218340305959973,0.46474076207331816,1.5172258085433459
split_random,ridge_cell,"NK cells, TGX 221",0.3875229812437941,0.6896445846899776,0.5872352414056178,1.776398318568105
split_random,ridge_cell,"B cells, ABT737",-0.09200695407616528,1.0249729550462283,-0.1555488241164258,2.2431497655067365
split_random,ridge_cell,"T cells, ABT737",0.17326594563556555,0.6153026571140995,0.5647475158921775,1.74519161781365
split_random,ridge_cell,"T cells, AZD-8330",0.6871988105345274,0.6371172628448308,0.8833525875923348,1.5176459547307897
split_random,ridge_cell,"T cells, CGM-097",0.02759571435951706,1.3724647265687961,0.03358720157796916,2.65719979592944
split_random,ridge_cell,"NK cells, SLx-2119",0.16929773572251722,0.6998896644109133,0.20535300223370467,1.958855270484703
split_random,ridge_cell,"T cells, SLx-2119",0.37878179940826856,0.5766297507125943,0.6252554754308869,1.6562436016716158
split_random,ridge_cell,"T cells, Nefazodone",0.3511322577695346,0.4797533445217038,0.6456656825547678,1.4365413739935329
split_random,ridge_cell,"B cells, STK219801",0.3077778527923043,0.6131355882450669,0.49705739899168483,1.73040077565048
split_random,ridge_cell,"Myeloid cells, STK219801",0.3534064192975771,0.627195157644091,0.5461418355796592,1.7724139548538664
split_random,ridge_cell,"T cells, TPCA-1",0.7374677801505468,0.9899213382712371,0.8627581485106648,1.9523162547152664
split_random,ridge_cell,"T cells, Bosutinib",0.597534461024438,0.9227738063886691,0.7645105533824464,1.9688959566219788
split_random,ridge_cell,"NK cells, Buspirone",0.15533778163610817,0.5914838485689539,0.2917620651206181,1.7415152238361427
split_random,ridge_cell,"Myeloid cells, CEP-37440",0.29708584525056353,0.9005806245191946,0.5584968553787389,2.0226505321257346
split_random,ridge_cell,"NK cells, GSK256066",0.38726727430874075,0.8398801930099065,0.6306372789850996,1.9967095092361393
split_random,ridge_cell,"B cells, Oxybenzone",0.24106686629264915,0.566925814324108,0.4332732237615145,1.6186233288410241
split_random,ridge_cell,"NK cells, SCH-58261",0.12769923247051673,0.6527934027167348,0.270712712971377,1.8115192998650567
split_random,ridge_cell,"T cells, SCH-58261",0.03162095372262039,0.5910430036224413,-0.04748607377469061,1.7858072904912703
split_random,ridge_cell,"Myeloid cells, Tivantinib",0.3656750370683567,0.7733606909264629,0.6130238410398957,1.8741776336015232
split_random,ridge_cell,"NK cells, Tosedostat",0.3357109954603108,0.7257446895729842,0.5801803026168443,1.8537678981853698
split_random,ridge_cell,"Myeloid cells, Colchicine",0.35249166610824123,2.3849753729304473,0.4289328305728864,3.1675476912682545
split_random,ridge_cell,"NK cells, ABT-199 (GDC-0199)",0.19082525949452842,0.628314051916173,0.4178723744659099,1.7753333132072093
split_random,ridge_cell,"T cells, Mometasone Furoate",0.5370227032645066,1.3619718196215305,0.6774477366061297,2.4876754721727874
split_random,ridge_cell,"B cells, BX 912",0.5847980545086613,0.6450671960414999,0.7955728480862323,1.5608432073794092
split_random,ridge_cell,"Myeloid cells, BX 912",0.513769199389112,0.73711490408169,0.7598846644946002,1.720459652278004
split_random,ridge_cell,"NK cells, PF-03814735",0.439564321126811,0.7958961825768489,0.67714776044552,1.8713973918481253
split_random,ridge_cell,"T cells, AZD4547",0.33323674278775633,0.5091368004128349,0.5555931889675501,1.5114508769865627
split_random,ridge_cell,"T cells, Prednisolone",0.5252588588814412,1.311468056827977,0.6556094968706164,2.4677073684860984
split_random,ridge_cell,"B cells, Selumetinib",0.6023815523885376,0.7065492089751627,0.8166986945937073,1.7884284095287268
split_random,ridge_cell,"T cells, Clotrimazole",0.2301711617812515,0.548495962515527,0.4099845900045052,1.6270175741833155
split_random,ridge_cell,"Myeloid cells, GLPG0634",0.5472925049518838,0.8059993851645634,0.8137156765088492,1.7897674549963818
split_random,ridge_cell,"T cells, GLPG0634",0.5853667068195013,0.6718466563951562,0.8256037145930979,1.6032154762559563
split_random,ridge_cell,"NK cells, Mubritinib (TAK 165)",0.3055472979238979,0.8118980136095487,0.5267826239602558,2.0058754076220153
split_random,ridge_cell,"T cells, Vanoxerine",0.31446486063795315,0.5705779625933813,0.5652696486123906,1.5551486679065438
split_random,ridge_cell,"NK cells, SB525334",0.029900273338225706,0.7628159199782027,0.060659006993245654,1.9405712198304872
split_random,ridge_cell,"NK cells, HYDROXYUREA",0.14717232303141137,0.6342062298385064,0.35867389028801544,1.7326519798164257
split_random,ridge_cell,"B cells, Lapatinib",-0.0448684959781271,0.7185287565351223,-0.057657607441567595,1.9117957357560706
split_random,ridge_cell,"Myeloid cells, Lapatinib",-0.07784900742002285,0.7462762569819107,-0.05516301957694136,2.0081177924012277
split_random,ridge_cell,"B cells, Clomipramine",0.21171999372235453,0.6076655703161719,0.37054525856389364,1.6648912881239657
split_random,ridge_cell,"Myeloid cells, Clomipramine",0.3261920847007641,0.652847962858586,0.6049749609866314,1.6418219127270126
split_random,ridge_cell,"Myeloid cells, Ixabepilone",0.17003622453953748,0.6904263283077069,0.2935558018940976,1.8252706670249932
split_random,ridge_cell,"B cells, Phenylbutazone",0.21383644811880517,0.5687192802188066,0.39212404018296876,1.5937070157996829
split_random,ridge_cell,"Myeloid cells, K-02288",0.20164087782828,0.9667551372019719,0.4319974060946636,2.138108270572423
split_random,ridge_cell,"Myeloid cells, Ruxolitinib",0.6409116397813522,1.3147150852097946,0.7968685305885935,2.3786579931301217
split_random,ridge_cell,"Myeloid cells, AVL-292",0.46115043898540414,0.8490088763129813,0.7274777976089954,1.8872130416578976
split_random,ridge_cell,"Myeloid cells, Chlorpheniramine",0.21780345193390702,0.5701269186603923,0.42539825432577366,1.5784809711855674
split_random,ridge_cell,"B cells, Vardenafil",0.2977880844605238,0.5759907618936914,0.5568934537353671,1.5404511149423492
split_random,ridge_cell,"Myeloid cells, Vardenafil",0.34467632042287655,0.6610654342386402,0.6686243994989325,1.5699806785067276
split_random,ridge_cell,"B cells, Dasatinib",0.6684901738293828,1.050422981435931,0.8338019015801137,2.1178154305037484
split_random,ridge_cell,"Myeloid cells, AT13387",0.5332165762080038,1.2336906336984947,0.7217278836251503,2.223352830729487
split_random,ridge_cell,"Myeloid cells, Perhexiline",0.5251609666555007,0.837254258920383,0.7430557220826212,1.8717391585607162
split_random,ridge_cell,"B cells, RVX-208",0.39237186434326743,0.7036720759680192,0.6066053576907087,1.7395070511496522
split_random,ridge_cell,"Myeloid cells, RVX-208",0.21824825379785562,0.9027144392747366,0.375461315135741,2.0551290707322076
split_random,ridge_cell,"B cells, Ketoconazole",-0.09304092521936107,1.0030952424735067,-0.17411535927498653,2.3964830608339325
split_random,ridge_cell,"Myeloid cells, Ketoconazole",0.09435212810564977,1.387722282397737,0.14614169702796337,2.5783923590328306
split_random,ridge_cell,"B cells, Flutamide",0.1408580659706882,0.6090844121967608,0.32650296184159333,1.7166492573899013
split_random,ridge_cell,"B cells, Desloratadine",0.18307602578429596,0.6000872537642339,0.2790428496396589,1.6233160115119
split_random,ridge_cell,"Myeloid cells, BMS-536924",0.5870303721355831,0.9482431655010508,0.7911669377000448,1.9395973233395716
split_random,ridge_cell,"B cells, CC-401",0.5543226146358802,0.6658371523050197,0.7669186934147009,1.6359121088295976
split_random,ridge_cell,"Myeloid cells, CC-401",0.4140888989427847,0.8748388662544943,0.6506503389320231,1.9274075061059979
split_random,ridge_cell,"Myeloid cells, OSI-930",-0.005410772248150433,0.7625165938653284,-0.00311402968464725,1.8706267447565903
split_random,ridge_cell,"B cells, RG7112",0.133332770712899,0.620827017088372,0.32891090772632403,1.9462650709764941
split_random,ridge_cell,"Myeloid cells, Lamivudine",0.2452015092181242,0.7003391409736259,0.5149491267849353,1.7108550773954454
split_random,ridge_cell,"B cells, AZD-8330",0.6384133200071729,0.6568459263667253,0.8470717755702524,1.6161007860949996
split_random,ridge_cell,"Myeloid cells, TPCA-1",0.6715399391676787,1.2621708898754713,0.8160593397756107,2.2767082537471004
split_random,ridge_cell,"Myeloid cells, MGCD-265",0.3041079274323391,0.6138774994728283,0.5591781757779607,1.5562937699585597
split_random,ridge_cell,"B cells, Clemastine",0.34490230300033126,0.6388687832900046,0.5550015909013436,1.7209292221841783
split_random,ridge_cell,"Myeloid cells, GSK256066",0.18215933473824691,1.085814304101567,0.30653351383677263,2.3539683749948046
split_random,ridge_cell,"B cells, Vandetanib",0.47205696035093586,0.636977151315071,0.7262677877814977,1.6273967621407428
split_random,ridge_cell,"Myeloid cells, SCH-58261",0.27647680548771675,0.6542303667486877,0.5547120504801648,1.6559714784773445
split_random,ridge_cell,"B cells, Tosedostat",0.19327593058447495,0.6734253946366374,0.35166040447924946,1.7545300021441534
split_random,ridge_cell,"B cells, Doxorubicin",0.035899782106729214,1.7842032489216955,0.07124502985593582,2.8901288316600726
split_random,ridge_cell,"B cells, AZD4547",0.25638279576491135,0.587782036050058,0.5061769397558686,1.6307235451130164
split_random,ridge_cell,"B cells, Prednisolone",0.577347037743247,0.9781540878122048,0.7585625288228458,2.0938941973402847
split_random,ridge_cell,"B cells, Clotrimazole",0.19042219011967998,0.6250059808373088,0.29731998158573236,1.7079688156365689
split_random,ridge_cell,"Myeloid cells, Clotrimazole",0.0836999596653764,0.7934034368001507,0.2049161172267822,1.9291623578027648
split_random,ridge_cell,"Myeloid cells, Vanoxerine",0.4208303652929791,0.5745125880140435,0.7303119183542316,1.4515838690553926
split_random,ridge_cell,"Myeloid cells, HYDROXYUREA",0.04292995443738228,0.7007936437823281,0.05937816607359714,1.8344598505161611
split_random,ridge_drug_fp,"T cells, Atorvastatin",0.28236986718737433,0.5667093900542755,0.5897289925825374,1.4619781809921037
split_random,ridge_drug_fp,"NK cells, Tivozanib",0.15620600893765177,0.7278371547021409,0.2612800484139177,1.781828466800249
split_random,ridge_drug_fp,"Myeloid cells, Linagliptin",0.04953056495356417,0.7291951583576236,0.11141377531170274,1.919633651517723
split_random,ridge_drug_fp,"T cells, Protriptyline",0.17822539592651268,0.5113689322266876,0.44968343137520606,1.5691609569708491
split_random,ridge_drug_fp,"Myeloid cells, I-BET151",0.5313281755210444,1.5336518272652986,0.6683611694640248,2.2441224108825586
split_random,ridge_drug_fp,"T cells, Foretinib",0.4892597570046651,0.8094858659802167,0.7463000713467519,1.6132253298716102
split_random,ridge_drug_fp,"B cells, GW843682X",0.2894607089826,0.6519644147083482,0.4753549576228764,1.6404162078203561
split_random,ridge_drug_fp,"NK cells, GW843682X",0.14469318978481507,0.7266751143578302,0.2831921936438816,1.7976030077331477
split_random,ridge_drug_fp,"T cells, IN1451",0.7688193608488613,2.020835188357631,0.8147350087144659,2.4131902796404607
split_random,ridge_drug_fp,"B cells, Raloxifene",0.1543987676457376,0.7612445033763339,0.4546811274343302,1.647562200781331
split_random,ridge_drug_fp,"NK cells, Raloxifene",0.23012310669628264,0.8311713606548593,0.48018292206420493,1.7432065509701349
split_random,ridge_drug_fp,"NK cells, BAY 87-2243",0.5097376182622416,0.8948556394196275,0.7311909248609626,1.5408202922062597
split_random,ridge_drug_fp,"NK cells, BMS-777607",0.09000940327988786,0.7308709196925103,0.1849052340682554,1.7757644566760489
split_random,ridge_drug_fp,"T cells, TL_HRAS26",0.25468096170492277,0.558147034002046,0.602090616451985,1.7329874497667475
split_random,ridge_drug_fp,"NK cells, Proscillaridin A;Proscillaridin-A",0.659752417459837,1.7378251959968787,0.7724443688864202,2.032832984041652
split_random,ridge_drug_fp,"T cells, Proscillaridin A;Proscillaridin-A",0.7243366488377256,2.0723346580330118,0.7740642136406638,2.3339920860102152
split_random,ridge_drug_fp,"T cells, BMS-265246",0.6470814187387993,1.0541573550691927,0.8027378645160216,1.7852293945172188
split_random,ridge_drug_fp,"T cells, Ruxolitinib",0.5198093837000063,0.8520535290824819,0.7543282367344363,1.6222410239065128
split_random,ridge_drug_fp,"NK cells, Dovitinib",0.2639406942034728,0.8030176047064075,0.4414772077723549,1.778084394553533
split_random,ridge_drug_fp,"T cells, AVL-292",0.48328938724520876,0.7352167531672301,0.7506294768760297,1.5343528963577016
split_random,ridge_drug_fp,"NK cells, Palbociclib",0.1445407047218563,0.7059051273893335,0.28853991469262613,1.7344249444469801
split_random,ridge_drug_fp,"T cells, Trametinib",0.3820870123980439,0.7523935145711117,0.6897301460992844,1.5482935643208744
split_random,ridge_drug_fp,"B cells, AMD-070 (hydrochloride)",0.18312496658337762,0.6929961965897697,0.3638592797822761,1.7901599532945738
split_random,ridge_drug_fp,"NK cells, Sgc-cbp30",0.2613291263626182,0.7525327978112236,0.44805222390290766,1.6914749418717878
split_random,ridge_drug_fp,"B cells, FK 866",0.37575308577463606,0.7847080566599364,0.6604866591954627,1.5834601316598478
split_random,ridge_drug_fp,"T cells, Chlorpheniramine",0.16256337302690624,0.6337455653069373,0.36059780179370626,1.6574950002943132
split_random,ridge_drug_fp,"T cells, LY2090314",0.44315015791547346,2.1879045665498382,0.5155814179258386,2.8709996387456704
split_random,ridge_drug_fp,"NK cells, Vardenafil",0.06073694964029627,0.7987349817919354,0.08257388344111623,1.8840750838956943
split_random,ridge_drug_fp,"T cells, Vardenafil",0.1981960845115213,0.6649137286705129,0.42703194061714916,1.5935797372098799
split_random,ridge_drug_fp,"T cells, Dasatinib",0.48184108147862736,1.0488815404981178,0.6989484421735274,1.7799667138078126
split_random,ridge_drug_fp,"T cells, AT13387",0.6696596009546434,1.6195280958866127,0.7530564397203198,2.263499567958044
split_random,ridge_drug_fp,"NK cells, PF-04691502",0.30532462550371436,1.0047621235583861,0.5635237875513531,1.6340257890205638
split_random,ridge_drug_fp,"B cells, Dactolisib",0.6651089297907012,1.1345796780661295,0.808950112022402,1.6626476929021257
split_random,ridge_drug_fp,"NK cells, BMS-536924",0.27849022148086083,0.9918538560912988,0.47241121962774724,1.723394616742383
split_random,ridge_drug_fp,"NK cells, Isoniazid",0.07446842182276624,0.6699616987615705,0.19017460055537255,1.8155432057455312
split_random,ridge_drug_fp,"NK cells, IMD-0354",0.4680249021628943,1.0488695783334492,0.715591574623828,1.55684056413292
split_random,ridge_drug_fp,"NK cells, Canertinib",0.27067413721730554,0.7592948358574199,0.5059437526779922,1.6906398624085621
split_random,ridge_drug_fp,"NK cells, Idelalisib",0.21669394116407098,0.8478736899647322,0.4135434901635687,1.7426278553183452
split_random,ridge_drug_fp,"T cells, Penfluridol",0.17412142634700628,0.5591692314541186,0.26420385876801644,1.631660962048236
split_random,ridge_drug_fp,"NK cells, RN-486",0.05149599829196228,0.7304196906994838,0.1572861665804652,1.8634438659275545
split_random,ridge_drug_fp,"B cells, LDN 193189",0.19194276014073394,0.6180828793607732,0.41514592268360234,1.6115658757458327
split_random,ridge_drug_fp,"T cells, CHIR-99021",0.5088409494656047,1.2508380642318935,0.7011283371821605,2.271104392360406
split_random,ridge_drug_fp,"T cells, Defactinib",0.3926712953399433,0.7353985064579659,0.6821517725636924,1.6799410677943112
split_random,ridge_drug_fp,"T cells, HMN-214",0.4313360495087674,0.635658622459157,0.740123514858857,1.5630311413352964
split_random,ridge_drug_fp,"NK cells, Resminostat",0.6416346813063305,1.202244307925368,0.8221454044135778,1.4568220556474916
split_random,ridge_drug_fp,"T cells, TR-14035",0.3312224424679772,0.5711836919418055,0.5783440252279525,1.5181800583490748
split_random,ridge_drug_fp,"T cells, AT 7867",0.2804258257836508,0.9018706843369539,0.49889139650953146,1.8723301721049785
split_random,ridge_drug_fp,"T cells, OSI-930",0.13702489739079862,0.5874265097469386,0.24144551489778557,1.6397148628387996
split_random,ridge_drug_fp,"Myeloid cells, GO-6976",0.2994255512091271,1.1067598284226177,0.4731380348807499,2.14541429240749
split_random,ridge_drug_fp,"NK cells, RG7112",0.23579607121372492,0.8076090548212713,0.4833646571268022,1.6742600236805094
split_random,ridge_drug_fp,"T cells, RG7112",0.3952625935603532,0.7026683537507714,0.7058195823807569,1.5241102863611584
split_random,ridge_drug_fp,"NK cells, Lamivudine",0.08233478994290956,0.7767139784819239,0.1500640333223697,1.8977323321480588
split_random,ridge_drug_fp,"T cells, Lamivudine",0.1690273416230663,0.6337712923692658,0.42021426051712824,1.5258088520318465
split_random,ridge_drug_fp,"NK cells, TGX 221",0.28347327234210157,0.8360035651120358,0.4578185750000102,1.7053244416688909
split_random,ridge_drug_fp,"B cells, ABT737",0.20822218081094623,0.9695608617460878,0.36382839801418765,1.9834937316045833
split_random,ridge_drug_fp,"T cells, ABT737",0.19898654218262188,0.7009012924815917,0.5213591639348722,1.6964635511287878
split_random,ridge_drug_fp,"T cells, AZD-8330",0.272437503264073,0.8943940363498551,0.5268859223610716,1.8015085752917257
split_random,ridge_drug_fp,"T cells, CGM-097",0.6053241898190818,1.0723210742281488,0.7575860117834593,1.9361402680105841
split_random,ridge_drug_fp,"NK cells, SLx-2119",0.1404255583292426,0.7716814453551234,0.25858378474179194,1.9104835355718979
split_random,ridge_drug_fp,"T cells, SLx-2119",0.24365440270990119,0.6586007954923536,0.5053691051075268,1.6632717252256053
split_random,ridge_drug_fp,"T cells, Nefazodone",0.19664796146266392,0.5288462091832885,0.3871972258089955,1.5414018662730877
split_random,ridge_drug_fp,"B cells, STK219801",0.20640803589493312,0.6755535612417274,0.3264558585010537,1.7785937771156424
split_random,ridge_drug_fp,"Myeloid cells, STK219801",0.25524047440999764,0.6785035663029203,0.4562243638309065,1.7420683962935293
split_random,ridge_drug_fp,"T cells, TPCA-1",0.6079124263969905,0.9582549318985751,0.7867829775751687,1.7087811779667186
split_random,ridge_drug_fp,"T cells, Bosutinib",0.6035391864972857,0.8820013958593775,0.805122329831397,1.4825769924704997
split_random,ridge_drug_fp,"NK cells, Buspirone",0.10007573688511828,0.6322477770949118,0.13145286702253622,1.7827840190344175
split_random,ridge_drug_fp,"Myeloid cells, CEP-37440",0.15473547158173911,0.9800437388019834,0.30385888972394226,2.157958234644094
split_random,ridge_drug_fp,"NK cells, GSK256066",0.3904950965286606,0.8645002236774773,0.6040808370887484,1.752892087422984
split_random,ridge_drug_fp,"B cells, Oxybenzone",0.12396890886445408,0.5778105972921465,0.14305555646959364,1.7247210231093073
split_random,ridge_drug_fp,"NK cells, SCH-58261",0.043788642537558604,0.7584514500949308,0.05414873453424467,1.8929148838405752
split_random,ridge_drug_fp,"T cells, SCH-58261",0.11947236442875625,0.622048387166848,0.26779635709296645,1.6561469385033498
split_random,ridge_drug_fp,"Myeloid cells, Tivantinib",0.3060768597912246,0.8187764512411063,0.5320880928147451,1.8706112101958425
split_random,ridge_drug_fp,"NK cells, Tosedostat",0.29987310239001946,0.8433723673862613,0.5084008627839057,1.7354663061619482
split_random,ridge_drug_fp,"Myeloid cells, Colchicine",0.3716689808236424,2.3326064452647777,0.43426529982807427,3.0821205301350805
split_random,ridge_drug_fp,"NK cells, ABT-199 (GDC-0199)",0.05232212522501248,0.743185023372256,0.1649763490976278,1.8570719647720706
split_random,ridge_drug_fp,"T cells, Mometasone Furoate",0.603333803370208,1.2069087166820127,0.7593236456586613,1.923499313205245
split_random,ridge_drug_fp,"B cells, BX 912",0.3792102093102189,0.7772049062325471,0.6272548823782765,1.621499398005761
split_random,ridge_drug_fp,"Myeloid cells, BX 912",0.20870746910563148,0.928190481041237,0.4361162807668441,1.929596634267261
split_random,ridge_drug_fp,"NK cells, PF-03814735",0.40150871869971594,1.0998604976861701,0.637466916357612,1.5891003004576587
split_random,ridge_drug_fp,"T cells, AZD4547",0.18901635280550277,0.6016372008805461,0.3076996836347963,1.6178583127134922
split_random,ridge_drug_fp,"T cells, Prednisolone",0.48932837644538135,1.2830442229348271,0.6607652986652159,2.1331686444390265
split_random,ridge_drug_fp,"B cells, Selumetinib",0.3433702070453405,0.8398026347960451,0.6281765610662926,1.899035950711403
split_random,ridge_drug_fp,"T cells, Clotrimazole",0.10691922988370912,0.6412417262352098,0.35685846134516314,1.675294988027528
split_random,ridge_drug_fp,"Myeloid cells, GLPG0634",0.28430275014098416,0.9589486816063407,0.5462386783415748,1.9449354732800603
split_random,ridge_drug_fp,"T cells, GLPG0634",0.48391798508563333,0.7328245542330724,0.7596691724744338,1.4764417437547996
split_random,ridge_drug_fp,"NK cells, Mubritinib (TAK 165)",0.3852919048411608,0.8769003948936466,0.6297254914879659,1.6759797153434886
split_random,ridge_drug_fp,"T cells, Vanoxerine",0.1482717054541978,0.64397711336052,0.4203273317799244,1.6631158658799445
split_random,ridge_drug_fp,"NK cells, SB525334",0.29268690967829913,0.8156421696614394,0.4987455898739851,1.6903928921148441
split_random,ridge_drug_fp,"NK cells, HYDROXYUREA",0.08155476029216488,0.6822811362478086,0.18240969977595922,1.7726783705456322
split_random,ridge_drug_fp,"B cells, Lapatinib",0.22582382474340315,0.6700899627315768,0.5206414578945268,1.6283623306074488
split_random,ridge_drug_fp,"Myeloid cells, Lapatinib",0.1809498564792724,0.6896672922382441,0.41060379930962837,1.783098628635767
split_random,ridge_drug_fp,"B cells, Clomipramine",0.18133442249126192,0.6296467028736594,0.33158888388633917,1.6785110108888277
split_random,ridge_drug_fp,"Myeloid cells, Clomipramine",0.27153125418366797,0.6736473366053531,0.5352135885467104,1.7296716316006049
split_random,ridge_drug_fp,"Myeloid cells, Ixabepilone",0.18556540099061025,0.6737582088113663,0.33921022609559764,1.7829615140863884
split_random,ridge_drug_fp,"B cells, Phenylbutazone",0.11482445780388062,0.5855783379271177,0.07030156779626373,1.705596771010418
split_random,ridge_drug_fp,"Myeloid cells, K-02288",0.060864223200335035,1.009821882140346,0.14351233498135513,2.2755562695567284
split_random,ridge_drug_fp,"Myeloid cells, Ruxolitinib",0.31897183897008263,1.4463660296271998,0.47087990669841445,2.5242625379532813
split_random,ridge_drug_fp,"Myeloid cells, AVL-292",0.1887413561865618,1.0193623121809512,0.36497530657501853,2.1061643293970826
split_random,ridge_drug_fp,"Myeloid cells, Chlorpheniramine",0.02384858989104561,0.6257459764276646,0.02266352821911575,1.756240905767681
split_random,ridge_drug_fp,"B cells, Vardenafil",0.14994987172165802,0.7123790942269634,0.2948260852437481,1.6563272384740475
split_random,ridge_drug_fp,"Myeloid cells, Vardenafil",0.20087656539620316,0.7719763365232964,0.4068451429108878,1.7317968184021877
split_random,ridge_drug_fp,"B cells, Dasatinib",0.37403269901081543,1.2175485813376061,0.5867946888102755,2.114002501257827
split_random,ridge_drug_fp,"Myeloid cells, AT13387",0.35466274435580164,1.4106876571013016,0.51409311851186,2.180548573104335
split_random,ridge_drug_fp,"Myeloid cells, Perhexiline",0.3746039168286803,0.9478821316691053,0.596352333073253,1.864803725489348
split_random,ridge_drug_fp,"B cells, RVX-208",0.4030856490694348,0.73717418924527,0.5913272555612488,1.5942457792545333
split_random,ridge_drug_fp,"Myeloid cells, RVX-208",0.36771143947500184,0.8697618652606166,0.5718830259564535,1.838941402154256
split_random,ridge_drug_fp,"B cells, Ketoconazole",0.5112188684664418,0.8519317059865262,0.6868637369645757,1.6062885517095846
split_random,ridge_drug_fp,"Myeloid cells, Ketoconazole",0.4798039109015134,1.2121998206905398,0.6275314591271536,2.0854611027225785
split_random,ridge_drug_fp,"B cells, Flutamide",0.12857992559505788,0.6149455144290422,0.2983258519951119,1.7340476149017054
split_random,ridge_drug_fp,"B cells, Desloratadine",0.17378071889145968,0.5991127185006624,0.2847041544347782,1.6256146973282446
split_random,ridge_drug_fp,"Myeloid cells, BMS-536924",0.30612088688888156,1.1975890860388705,0.4930943292307667,2.033174230118831
split_random,ridge_drug_fp,"B cells, CC-401",0.41434691670804974,0.7477425706038326,0.6797181756667493,1.6037214561780149
split_random,ridge_drug_fp,"Myeloid cells, CC-401",0.40193205835254087,0.8914374163326151,0.6009839345490321,1.8528111466474362
split_random,ridge_drug_fp,"Myeloid cells, OSI-930",0.16094009820308422,0.7114794129497862,0.2427891732459768,1.742306535701067
split_random,ridge_drug_fp,"B cells, RG7112",0.19284847204227273,0.7747191315437432,0.4782066614473901,1.6906904982231492
split_random,ridge_drug_fp,"Myeloid cells, Lamivudine",0.163649732876655,0.7730226422052278,0.3936690762670374,1.7724661406333106
split_random,ridge_drug_fp,"B cells, AZD-8330",0.28676576955427197,0.8882284997050662,0.578190391171213,1.7717651861301293
split_random,ridge_drug_fp,"Myeloid cells, TPCA-1",0.33367155598610276,1.4079546033231132,0.48429250743305574,2.413231409981721
split_random,ridge_drug_fp,"Myeloid cells, MGCD-265",0.2195390935736405,0.6447193598411095,0.4367146701864195,1.636030198068576
split_random,ridge_drug_fp,"B cells, Clemastine",0.2603859054435914,0.6773331621526165,0.456451264554574,1.7619875222026529
split_random,ridge_drug_fp,"Myeloid cells, GSK256066",0.18336605819316926,1.1454353393993337,0.29735078597440134,2.3409164492703862
split_random,ridge_drug_fp,"B cells, Vandetanib",0.17280649591457437,0.7501715039881354,0.33230341062640756,1.9154310671601682
split_random,ridge_drug_fp,"Myeloid cells, SCH-58261",0.12135155551059194,0.7355653036833761,0.26448968499228326,1.784737834068267
split_random,ridge_drug_fp,"B cells, Tosedostat",0.2423942540944071,0.7989569589220176,0.5056128218497543,1.5876583261580837
split_random,ridge_drug_fp,"B cells, Doxorubicin",0.5216875562199481,1.5217222947258648,0.6643346042820196,2.2225195080169287
split_random,ridge_drug_fp,"B cells, AZD4547",0.09113752257897963,0.6839611203386652,0.10023226307801197,1.8245840573929697
split_random,ridge_drug_fp,"B cells, Prednisolone",0.3443399915512474,1.1874136848412136,0.574294046033475,2.035036437446596
split_random,ridge_drug_fp,"B cells, Clotrimazole",0.07662295934801655,0.7075038752357684,0.11748604095304337,1.80088449317924
split_random,ridge_drug_fp,"Myeloid cells, Clotrimazole",0.04968158444261644,0.833187808287771,0.15242584965880734,1.9522425678598962
split_random,ridge_drug_fp,"Myeloid cells, Vanoxerine",0.15602992279023026,0.6748353902276055,0.31397897040762085,1.7029232055721233
split_random,ridge_drug_fp,"Myeloid cells, HYDROXYUREA",0.2072340009234472,0.6294587551658002,0.33753772414156813,1.7257044554393572
split_random,ridge_cell_drug_fp,"T cells, Atorvastatin",0.34042781987510684,0.5639768199672595,0.664992328224017,1.3873117927935041
split_random,ridge_cell_drug_fp,"NK cells, Tivozanib",0.21958135012496122,0.7017137194103809,0.37490099305290303,1.7128609945082103
split_random,ridge_cell_drug_fp,"Myeloid cells, Linagliptin",0.0783793837549163,0.7724561769016651,0.16357698882823196,1.9061361850729297
split_random,ridge_cell_drug_fp,"T cells, Protriptyline",0.2718471914094886,0.5051179865757627,0.5955663707379423,1.4508638639572138
split_random,ridge_cell_drug_fp,"Myeloid cells, I-BET151",0.5935354379564871,1.4494009771404381,0.7310635455448444,2.110397230302228
split_random,ridge_cell_drug_fp,"T cells, Foretinib",0.5953457435595746,0.7362705022952182,0.8229326079969312,1.442668270292768
split_random,ridge_cell_drug_fp,"B cells, GW843682X",0.3308907702459227,0.6452679796680195,0.5319215972479514,1.578991146591826
split_random,ridge_cell_drug_fp,"NK cells, GW843682X",0.18291282948498386,0.7145672473483271,0.369390384153716,1.7388393922175505
split_random,ridge_cell_drug_fp,"T cells, IN1451",0.7900666469248978,1.9793234490791438,0.8310705294178977,2.3683161143668348
split_random,ridge_cell_drug_fp,"B cells, Raloxifene",0.22013089603162322,0.7314871292403374,0.5294849058067402,1.5819703814596897
split_random,ridge_cell_drug_fp,"NK cells, Raloxifene",0.2896231568075524,0.8011750293106803,0.5573521261320172,1.6809342246826287
split_random,ridge_cell_drug_fp,"NK cells, BAY 87-2243",0.519248692670291,0.8613367015876296,0.7398633152396482,1.5541997210039835
split_random,ridge_cell_drug_fp,"NK cells, BMS-777607",0.15531995632366086,0.6974216495078501,0.3316745403027826,1.7142114278814091
split_random,ridge_cell_drug_fp,"T cells, TL_HRAS26",0.3352162701394767,0.558800902187083,0.6723368047680092,1.6404682372284174
split_random,ridge_cell_drug_fp,"NK cells, Proscillaridin A;Proscillaridin-A",0.6803363629686099,1.6834825765632375,0.7872495635578388,1.981094266417985
split_random,ridge_cell_drug_fp,"T cells, Proscillaridin A;Proscillaridin-A",0.7366211330797139,2.041613483799403,0.7844458408680873,2.3042703266658453
split_random,ridge_cell_drug_fp,"T cells, BMS-265246",0.6539455930827072,1.0442869669622632,0.8104557225833299,1.7508414981029643
split_random,ridge_cell_drug_fp,"T cells, Ruxolitinib",0.6210421390771975,0.7763159449939515,0.8302742431374162,1.4440285583418138
split_random,ridge_cell_drug_fp,"NK cells, Dovitinib",0.2968574107287521,0.774474984813226,0.49893221276073835,1.7212000347096552
split_random,ridge_cell_drug_fp,"T cells, AVL-292",0.59475456454554,0.6661794320850556,0.8370222278735282,1.3246333853204912
split_random,ridge_cell_drug_fp,"NK cells, Palbociclib",0.24893107209528206,0.6562233824848779,0.47898478794253313,1.6380524888393675
split_random,ridge_cell_drug_fp,"T cells, Trametinib",0.47084716906773383,0.6945190986386596,0.758371593699062,1.4150535276907463
split_random,ridge_cell_drug_fp,"B cells, AMD-070 (hydrochloride)",0.3160304122400164,0.6631753644283852,0.5875925394544552,1.6173391171973586
split_random,ridge_cell_drug_fp,"NK cells, Sgc-cbp30",0.28154756442667167,0.7374423769860817,0.5050698718012211,1.6507188705187799
split_random,ridge_cell_drug_fp,"B cells, FK 866",0.4584314961022434,0.7398681802463861,0.7491058519569931,1.4324468581372054
split_random,ridge_cell_drug_fp,"T cells, Chlorpheniramine",0.2978770171823171,0.603991844264212,0.5798984150643154,1.5208914209403237
split_random,ridge_cell_drug_fp,"T cells, LY2090314",0.4717620055363311,2.153336049910689,0.5408720014220935,2.8251510945274227
split_random,ridge_cell_drug_fp,"NK cells, Vardenafil",0.11177228191310053,0.7538768522687211,0.1764695563963822,1.832717193627853
split_random,ridge_cell_drug_fp,"T cells, Vardenafil",0.24480817487291442,0.6816954994505682,0.4763117665435664,1.552547153581376
split_random,ridge_cell_drug_fp,"T cells, Dasatinib",0.5743807060361088,0.9635113616794957,0.7707663466557899,1.6161856579824159
split_random,ridge_cell_drug_fp,"T cells, AT13387",0.7274447710972772,1.525749536456537,0.8008362287134585,2.130276089339085
split_random,ridge_cell_drug_fp,"NK cells, PF-04691502",0.3464600443480934,0.9220518170371435,0.6094940056284291,1.561398547733818
split_random,ridge_cell_drug_fp,"B cells, Dactolisib",0.7194905101926196,1.0479081463800635,0.8507433589607932,1.5133564777946225
split_random,ridge_cell_drug_fp,"NK cells, BMS-536924",0.3329784962076662,0.8870551617506752,0.5507011379195242,1.615496614458471
split_random,ridge_cell_drug_fp,"NK cells, Isoniazid",0.12385285606466644,0.6636810496418545,0.29935225544422467,1.7787094680661673
split_random,ridge_cell_drug_fp,"NK cells, IMD-0354",0.48328357635521174,0.994926486660929,0.7293073831622461,1.5302784712867714
split_random,ridge_cell_drug_fp,"NK cells, Canertinib",0.33026477005886395,0.7168367046391616,0.5611833593304689,1.6316749606582976
split_random,ridge_cell_drug_fp,"NK cells, Idelalisib",0.27997324256846984,0.7827579114488802,0.49397242913687994,1.6743943963531476
split_random,ridge_cell_drug_fp,"T cells, Penfluridol",0.21196983684935577,0.5620127342910118,0.3781103935855651,1.5709852630382601
split_random,ridge_cell_drug_fp,"NK cells, RN-486",0.13879594260352157,0.7191358729511929,0.3431889367559707,1.7883507760764523
split_random,ridge_cell_drug_fp,"B cells, LDN 193189",0.24314160467781668,0.6259878902084617,0.4764520451554639,1.5556804499515944
split_random,ridge_cell_drug_fp,"T cells, CHIR-99021",0.5338015135627144,1.226496584801791,0.7225561475355897,2.1964672350380177
split_random,ridge_cell_drug_fp,"T cells, Defactinib",0.4715038897287875,0.6956476185310426,0.731156917002416,1.579581450031594
split_random,ridge_cell_drug_fp,"T cells, HMN-214",0.35276428848146846,0.6746422917868106,0.6709638963467183,1.6849960748497008
split_random,ridge_cell_drug_fp,"NK cells, Resminostat",0.6563386336392665,1.1475084977429901,0.8345880974655187,1.4183791264774823
split_random,ridge_cell_drug_fp,"T cells, TR-14035",0.4340301663799416,0.5495265690751407,0.6940769407871129,1.3598543277984445
split_random,ridge_cell_drug_fp,"T cells, AT 7867",0.34557023182933555,0.8760933824610405,0.5960463868320993,1.770970449078483
split_random,ridge_cell_drug_fp,"T cells, OSI-930",0.1556654233827406,0.6117967801100134,0.2816044698521749,1.6293149222535286
split_random,ridge_cell_drug_fp,"Myeloid cells, GO-6976",0.4665049094663618,1.0197825116389114,0.6830975828144633,1.9245934278485075
split_random,ridge_cell_drug_fp,"NK cells, RG7112",0.2641418321474148,0.7751414980685136,0.5246912776961697,1.6285080681700426
split_random,ridge_cell_drug_fp,"T cells, RG7112",0.3893764518028832,0.7178709261411674,0.691678694102999,1.5488485050668115
split_random,ridge_cell_drug_fp,"NK cells, Lamivudine",0.13545905573036474,0.7442119803298749,0.27652391307891494,1.8387285983063577
split_random,ridge_cell_drug_fp,"T cells, Lamivudine",0.21937048971225181,0.619175115830553,0.46251398678799394,1.495295964938354
split_random,ridge_cell_drug_fp,"NK cells, TGX 221",0.3308197841420223,0.7687394853406363,0.5274526073529293,1.6557565355887938
split_random,ridge_cell_drug_fp,"B cells, ABT737",0.21381900048649258,0.9844530664914803,0.3587222061097518,1.9850853258168826
split_random,ridge_cell_drug_fp,"T cells, ABT737",0.2775226226472364,0.6843745574514517,0.6407897004456022,1.5627281433706295
split_random,ridge_cell_drug_fp,"T cells, AZD-8330",0.4319149299769072,0.7940609009532369,0.736295121470445,1.5198135646817967
split_random,ridge_cell_drug_fp,"T cells, CGM-097",0.6200567214409121,1.055713184847381,0.7657660466311315,1.896240328296509
split_random,ridge_cell_drug_fp,"NK cells, SLx-2119",0.16553216870936407,0.7623038831712464,0.3183028968785673,1.879070276345924
split_random,ridge_cell_drug_fp,"T cells, SLx-2119",0.3238784494296176,0.6416549793148344,0.6203090641221651,1.567132565054703
split_random,ridge_cell_drug_fp,"T cells, Nefazodone",0.2614017920488764,0.5336800019054201,0.5038451300551565,1.480180403050602
split_random,ridge_cell_drug_fp,"B cells, STK219801",0.2893622240354455,0.6647222472162552,0.4690042741412456,1.6416644578845052
split_random,ridge_cell_drug_fp,"Myeloid cells, STK219801",0.36128024554672333,0.6665045007198956,0.5985046778715816,1.5974878304856983
split_random,ridge_cell_drug_fp,"T cells, TPCA-1",0.697749858245539,0.8704536389928511,0.85160921565944,1.5321465991568133
split_random,ridge_cell_drug_fp,"T cells, Bosutinib",0.6720606266106938,0.8115925494234052,0.8467555471401456,1.3454477474974198
split_random,ridge_cell_drug_fp,"NK cells, Buspirone",0.16574884454421232,0.6253985857644929,0.3235407077168232,1.7177600396771806
split_random,ridge_cell_drug_fp,"Myeloid cells, CEP-37440",0.29217617979184296,0.936184837024303,0.5526416671702532,1.9667712503971504
split_random,ridge_cell_drug_fp,"NK cells, GSK256066",0.43018549283949625,0.8321476461533922,0.6604350803855376,1.700011484605606
split_random,ridge_cell_drug_fp,"B cells, Oxybenzone",0.20493573511181223,0.5848488407722765,0.34738260588621994,1.6422210982042702
split_random,ridge_cell_drug_fp,"NK cells, SCH-58261",0.10568317530746019,0.7591100316549726,0.17972523129286383,1.842234284898698
split_random,ridge_cell_drug_fp,"T cells, SCH-58261",0.11669663482222196,0.6500136129563148,0.2723760624982053,1.6598577100091358
split_random,ridge_cell_drug_fp,"Myeloid cells, Tivantinib",0.4160615729744018,0.7818041296255455,0.6701994776803594,1.7053048232589327
split_random,ridge_cell_drug_fp,"NK cells, Tosedostat",0.3073886782074348,0.8252543487385705,0.5234633005842196,1.7237607405034703
split_random,ridge_cell_drug_fp,"Myeloid cells, Colchicine",0.4727518025883465,2.249333337739219,0.5446748514930165,2.9656020655291058
split_random,ridge_cell_drug_fp,"NK cells, ABT-199 (GDC-0199)",0.1037770821908256,0.75731057709688,0.2867359123714379,1.7968335372954807
split_random,ridge_cell_drug_fp,"T cells, Mometasone Furoate",0.6555787908813576,1.1392611366676715,0.8028118031464851,1.8140193988571733
split_random,ridge_cell_drug_fp,"B cells, BX 912",0.49367502761285287,0.7245989968593523,0.7434431801525718,1.4169072417871647
split_random,ridge_cell_drug_fp,"Myeloid cells, BX 912",0.38898239681199287,0.8530686941885655,0.7050950990802525,1.630915637407632
split_random,ridge_cell_drug_fp,"NK cells, PF-03814735",0.44660022009939837,1.0020375719401282,0.6862385423043088,1.4958107041345234
split_random,ridge_cell_drug_fp,"T cells, AZD4547",0.24077598885130094,0.6101559020831617,0.4112401999553494,1.5607486105028467
split_random,ridge_cell_drug_fp,"T cells, Prednisolone",0.5577994247706552,1.2111153002089068,0.7219734335706635,2.01359308677065
split_random,ridge_cell_drug_fp,"B cells, Selumetinib",0.5020313987081599,0.7534275616492788,0.7753922285444329,1.6533098649107962
split_random,ridge_cell_drug_fp,"T cells, Clotrimazole",0.21335776166513726,0.6245217540616496,0.5135720165804615,1.5488191914035438
split_random,ridge_cell_drug_fp,"Myeloid cells, GLPG0634",0.45213926576846053,0.8722071649939261,0.7678311729003462,1.6535202625469811
split_random,ridge_cell_drug_fp,"T cells, GLPG0634",0.5765127285629297,0.6789706585512203,0.8278827610766349,1.3019106661752828
split_random,ridge_cell_drug_fp,"NK cells, Mubritinib (TAK 165)",0.39300376800807413,0.859308156688772,0.6354988632988829,1.6742819734269176
split_random,ridge_cell_drug_fp,"T cells, Vanoxerine",0.2681371222708762,0.6252302842884362,0.5877805976335183,1.5193429439680914
split_random,ridge_cell_drug_fp,"NK cells, SB525334",0.3413764044251069,0.8175810804702517,0.5612493058809472,1.6166390067991077
split_random,ridge_cell_drug_fp,"NK cells, HYDROXYUREA",0.15806849180390412,0.6634932903194064,0.40644942161422604,1.6931770661652878
split_random,ridge_cell_drug_fp,"B cells, Lapatinib",0.20221648593324013,0.7050187566786513,0.5156607749899381,1.6264454290269144
split_random,ridge_cell_drug_fp,"Myeloid cells, Lapatinib",0.1560817464755107,0.7361081389285793,0.35568837713513535,1.8088413990997856
split_random,ridge_cell_drug_fp,"B cells, Clomipramine",0.2533368484255258,0.6329258948161798,0.4327821556681176,1.6059167250565787
split_random,ridge_cell_drug_fp,"Myeloid cells, Clomipramine",0.3563482343398943,0.6712542257199549,0.6540139117284751,1.5618059779533369
split_random,ridge_cell_drug_fp,"Myeloid cells, Ixabepilone",0.2285379443426483,0.6944037603591928,0.4230225973152629,1.7191010595033644
split_random,ridge_cell_drug_fp,"B cells, Phenylbutazone",0.18205194179024514,0.6020589095797574,0.19787747119958551,1.660027374919774
split_random,ridge_cell_drug_fp,"Myeloid cells, K-02288",0.20897666890090807,0.9799290870203974,0.45348894806975326,2.1145822752925443
split_random,ridge_cell_drug_fp,"Myeloid cells, Ruxolitinib",0.523829968277601,1.3006161019926572,0.713716968058475,2.245554626922386
split_random,ridge_cell_drug_fp,"Myeloid cells, AVL-292",0.3515926628735308,0.9475984616286988,0.6265087992477865,1.84001518799488
split_random,ridge_cell_drug_fp,"Myeloid cells, Chlorpheniramine",0.1583505098032437,0.6357851731331311,0.34790634714313823,1.6169489453993124
split_random,ridge_cell_drug_fp,"B cells, Vardenafil",0.20833626574063654,0.7110702081362749,0.4198478473943664,1.579921187619655
split_random,ridge_cell_drug_fp,"Myeloid cells, Vardenafil",0.3081725986178613,0.7401559865466685,0.5935729080454002,1.553018387807973
split_random,ridge_cell_drug_fp,"B cells, Dasatinib",0.502936693050031,1.1047515605045248,0.7246074319745226,1.87469918456352
split_random,ridge_cell_drug_fp,"Myeloid cells, AT13387",0.44740477246065874,1.319721425104515,0.6274865255967845,1.99526630447907
split_random,ridge_cell_drug_fp,"Myeloid cells, Perhexiline",0.4959708697861203,0.8759585762842216,0.7317705730580019,1.6441784762682667
split_random,ridge_cell_drug_fp,"B cells, RVX-208",0.46764962911863983,0.7124931056933603,0.6714147928465354,1.479958515478651
split_random,ridge_cell_drug_fp,"Myeloid cells, RVX-208",0.3923052892866337,0.8703104455339635,0.6137918659757622,1.7774027996739479
split_random,ridge_cell_drug_fp,"B cells, Ketoconazole",0.5134546129995227,0.8494634115650687,0.6915389856178892,1.5990271702337302
split_random,ridge_cell_drug_fp,"Myeloid cells, Ketoconazole",0.5140917221845986,1.1860703613168917,0.6604312196665644,2.0137155946964915
split_random,ridge_cell_drug_fp,"B cells, Flutamide",0.18517245660298573,0.6282559183050285,0.4684185907637721,1.646159196879407
split_random,ridge_cell_drug_fp,"B cells, Desloratadine",0.23001191594753323,0.6130179303721712,0.3794742159316138,1.5600755672180435
split_random,ridge_cell_drug_fp,"Myeloid cells, BMS-536924",0.440664391681836,1.0768711074889359,0.6719387420938335,1.7818063856467958
split_random,ridge_cell_drug_fp,"B cells, CC-401",0.5157876573433271,0.6997788061964813,0.7679127072617662,1.434469347879475
split_random,ridge_cell_drug_fp,"Myeloid cells, CC-401",0.45085888392577306,0.8757837601781577,0.6730034065970173,1.7539359767226606
split_random,ridge_cell_drug_fp,"Myeloid cells, OSI-930",0.10398837754527634,0.7652070837080615,0.15517696340151793,1.7859236809038663
split_random,ridge_cell_drug_fp,"B cells, RG7112",0.22321036329869884,0.7781266145013359,0.523581657761962,1.6300859590656833
split_random,ridge_cell_drug_fp,"Myeloid cells, Lamivudine",0.2013712538857383,0.7904764436434388,0.4747125396155349,1.6982432533337481
split_random,ridge_cell_drug_fp,"B cells, AZD-8330",0.43731002179225925,0.7970065864926762,0.7411899927352156,1.5222449460869014
split_random,ridge_cell_drug_fp,"Myeloid cells, TPCA-1",0.5301735533400462,1.255177206558285,0.7141951369951502,2.122716847374563
split_random,ridge_cell_drug_fp,"Myeloid cells, MGCD-265",0.277592201528047,0.6631667095098421,0.5668519305079208,1.5180623119051224
split_random,ridge_cell_drug_fp,"B cells, Clemastine",0.36959958420379035,0.6526216302210232,0.6202540809045866,1.6291399966774451
split_random,ridge_cell_drug_fp,"Myeloid cells, GSK256066",0.27048259028961436,1.1073783475603574,0.42043914920959136,2.2270049274262367
split_random,ridge_cell_drug_fp,"B cells, Vandetanib",0.3006347284323995,0.7227478984030867,0.5854357160178042,1.7312831645145954
split_random,ridge_cell_drug_fp,"Myeloid cells, SCH-58261",0.16675031758759215,0.7683135195977219,0.3199269514855475,1.75602743870998
split_random,ridge_cell_drug_fp,"B cells, Tosedostat",0.28366751490536124,0.7900894576364274,0.5430555849072353,1.5425298359632482
split_random,ridge_cell_drug_fp,"B cells, Doxorubicin",0.5372127205239875,1.5013050700813382,0.6789901366282228,2.189450947418808
split_random,ridge_cell_drug_fp,"B cells, AZD4547",0.18973105118594566,0.6766707360838785,0.3210469095788986,1.712883057580772
split_random,ridge_cell_drug_fp,"B cells, Prednisolone",0.44407264689246534,1.1003158446542856,0.6889497440777442,1.8446183989078235
split_random,ridge_cell_drug_fp,"B cells, Clotrimazole",0.1571001288983752,0.7079359826168322,0.27944838861681387,1.7147802850895524
split_random,ridge_cell_drug_fp,"Myeloid cells, Clotrimazole",0.08056000514790163,0.8669055336865239,0.2317624760482302,1.9208320046380356
split_random,ridge_cell_drug_fp,"Myeloid cells, Vanoxerine",0.30611212961769463,0.6543009843579188,0.6289908954872463,1.4993398680652823
split_random,ridge_cell_drug_fp,"Myeloid cells, HYDROXYUREA",0.10631336958523595,0.7028484865883355,0.17213293701461513,1.7939583500882246
split_cell_heldout,ridge_cell,"T cells, TIE2 Kinase Inhibitor",0.13279755833757892,0.5664949850502669,0.36593440891438367,1.6240811772952817
split_cell_heldout,ridge_cell,"T cells, MK-5108",0.08564258185595797,0.5557089752027652,0.14296950425119945,1.694886547320885
split_cell_heldout,ridge_cell,"T cells, Lapatinib",-0.048609326301723245,0.6405334882752064,-0.03210619964022938,1.8856236572973433
split_cell_heldout,ridge_cell,"T cells, Atorvastatin",0.18299502223015196,0.5499161463261314,0.3992444601597136,1.6366725172916137
split_cell_heldout,ridge_cell,"T cells, Ganetespib (STA-9090)",0.35371249829480755,2.1437681772740476,0.4422850432239022,3.042260363722481
split_cell_heldout,ridge_cell,"T cells, Clomipramine",0.23527072333607907,0.5496408312620469,0.46864237553485116,1.6058892346161222
split_cell_heldout,ridge_cell,"T cells, Sunitinib",0.3578195218242859,0.6585200025417133,0.6336907938755938,1.7612523418673913
split_cell_heldout,ridge_cell,"T cells, Tivozanib",0.22665630614726234,0.6380938332015172,0.45858356888310786,1.8238000510939532
split_cell_heldout,ridge_cell,"T cells, Tamatinib",0.5475420054984084,1.0273032909073605,0.7515806764965662,2.107259993812381
split_cell_heldout,ridge_cell,"T cells, Ixabepilone",0.02125615139770962,0.5587470983928704,-0.10512134220306253,1.8365795816830597
split_cell_heldout,ridge_cell,"T cells, Linagliptin",0.15780046201579576,0.5109279474921543,0.20240177033696993,1.581485082764997
split_cell_heldout,ridge_cell,"T cells, 5-(9-Isopropyl-8-methyl-2-morpholino-9H-purin-6-yl)pyrimidin-2-amine",0.5609802684867634,1.3538732251508416,0.7358169106252669,2.4267473498075023
split_cell_heldout,ridge_cell,"T cells, O-Demethylated Adapalene",0.270437689249738,0.5745920392972685,0.5115365453224674,1.7197264108575092
split_cell_heldout,ridge_cell,"T cells, Protriptyline",0.08701248458692468,0.5116592131318,0.263447973837463,1.650631740774159
split_cell_heldout,ridge_cell,"T cells, I-BET151",0.3239080030981742,1.9232618408073507,0.42312370473727806,2.9083920403887618
split_cell_heldout,ridge_cell,"T cells, Foretinib",0.4753804142687256,0.8239092236066595,0.7247255366605235,1.9441029946497002
split_cell_heldout,ridge_cell,"T cells, GW843682X",0.13198225830322272,0.5980124373907919,0.30575421787351537,1.950690972890633
split_cell_heldout,ridge_cell,"T cells, BMS-387032",0.3592036015536004,1.2361228885763693,0.5487614966409936,2.4177633801866105
split_cell_heldout,ridge_cell,"T cells, IN1451",0.24671274218365,2.792182305239375,0.29529850338559704,3.404051573801033
split_cell_heldout,ridge_cell,"T cells, Raloxifene",-0.19463195891809387,0.9316898113496236,-0.3138901158978783,2.1345444785740875
split_cell_heldout,ridge_cell,"T cells, Topotecan",0.08891168429298019,1.0578356002602558,0.19968809657813896,2.298673624444345
split_cell_heldout,ridge_cell,"T cells, BAY 87-2243",0.34821206770330426,1.2565733331523705,0.5269821782125022,2.390453784362167
split_cell_heldout,ridge_cell,"T cells, Phenylbutazone",-0.002826259509576427,0.5585762660832285,-0.17907939281965757,1.830097978635772
split_cell_heldout,ridge_cell,"T cells, K-02288",0.16102308110432037,0.5518771042907828,0.3283258549416437,1.6890986946429123
split_cell_heldout,ridge_cell,"T cells, BMS-777607",0.3030704763960507,0.5466848729772664,0.6126126201847382,1.5368257026591594
split_cell_heldout,ridge_cell,"T cells, Porcn Inhibitor III",-0.2809240520800032,0.7261891644963774,-0.4567655407045627,1.8922575876736685
split_cell_heldout,ridge_cell,"T cells, TL_HRAS26",0.19647380653798735,0.5436665800571586,0.3760810199560405,1.8938730687345322
split_cell_heldout,ridge_cell,"T cells, Proscillaridin A;Proscillaridin-A",-0.02549270351600295,2.989581474841814,-0.028698960934111173,3.546508780172948
split_cell_heldout,ridge_cell,"T cells, Vorinostat",0.2881305979424796,2.161803546821612,0.3699242589939245,3.0620072580966773
split_cell_heldout,ridge_cell,"T cells, BMS-265246",0.12423648165555508,1.3697111840524974,0.24006119551593885,2.5596499118947404
split_cell_heldout,ridge_cell,"T cells, Ruxolitinib",0.5103361830460045,0.8931906104540994,0.737935172644924,1.9776619164785378
split_cell_heldout,ridge_cell,"T cells, Pomalidomide",-0.174667158834761,1.3087991717195335,-0.24139408127077747,2.715543312374242
split_cell_heldout,ridge_cell,"T cells, Dovitinib",0.3703818265772004,0.7423636995214089,0.652706280485788,2.015258616252393
split_cell_heldout,ridge_cell,"T cells, AVL-292",0.46543277764048896,0.7312224481446886,0.7297440891283147,1.8515176445999981
split_cell_heldout,ridge_cell,"T cells, Navitoclax",-0.06669199315950836,0.5938491277882677,0.3011548774173649,1.8348285087408427
split_cell_heldout,ridge_cell,"T cells, Methotrexate",-0.08167059788496962,0.6575452973191496,-0.3729862802524418,2.045599234666055
split_cell_heldout,ridge_cell,"T cells, Palbociclib",0.2633427250171971,0.5246919553024514,0.6208812731929405,1.6002145175924603
split_cell_heldout,ridge_cell,"T cells, Trametinib",0.30856896285866664,0.677939903037255,0.605900890885274,1.8590402513057935
split_cell_heldout,ridge_cell,"T cells, AMD-070 (hydrochloride)",0.19153521259068712,0.6017067517524423,0.4343824794391169,1.7612822878767773
split_cell_heldout,ridge_cell,"T cells, Sgc-cbp30",0.22935955400176222,0.7564819296365116,0.39260858017411887,1.9501302047531537
split_cell_heldout,ridge_cell,"T cells, FK 866",0.1517242910694121,0.9773195158248095,0.3315645543199531,2.200194775068663
split_cell_heldout,ridge_cell,"T cells, Chlorpheniramine",0.31308402432304966,0.5591708747725053,0.5753593853244183,1.5925286952122515
split_cell_heldout,ridge_cell,"T cells, Scriptaid",0.2768124049825818,2.243267909979173,0.3506196998904784,3.115585286585443
split_cell_heldout,ridge_cell,"T cells, BAY 61-3606",0.31443771615511834,1.8274052816179538,0.42560041777484087,2.842697488468512
split_cell_heldout,ridge_cell,"T cells, LY2090314",-0.2286038358487284,2.5060457512990384,-0.28000617337602035,3.38232311126635
split_cell_heldout,ridge_cell,"T cells, Vardenafil",0.16295538773087978,0.5505668390517663,0.4438547269988851,1.659313123478377
split_cell_heldout,ridge_cell,"T cells, Dasatinib",0.5407833659829713,1.0402348889081516,0.7559299575306833,2.1340644184425317
split_cell_heldout,ridge_cell,"T cells, AT13387",0.36574154932833464,2.0438169790755403,0.4686491554765264,2.973777547854527
split_cell_heldout,ridge_cell,"T cells, PF-04691502",0.48391513736577285,1.0627053312878652,0.6931650150178099,2.2549382473303914
split_cell_heldout,ridge_cell,"T cells, Perhexiline",0.5286288346896623,0.9269043696388013,0.7660435495609851,2.0861026045554256
split_cell_heldout,ridge_cell,"T cells, RVX-208",0.28218782047093277,0.8249170637226255,0.4592916928385884,1.9995277701089147
split_cell_heldout,ridge_cell,"T cells, Ketoconazole",-0.2475161176979064,1.290237122294896,-0.428433701991542,2.7050471619358385
split_cell_heldout,ridge_cell,"T cells, Disulfiram",0.003356281319167597,0.6007611017605857,0.031046870880380936,1.7720490460671134
split_cell_heldout,ridge_cell,"T cells, Flutamide",0.012581575429832063,0.563194495431898,0.33668877287883936,1.6905651407946976
split_cell_heldout,ridge_cell,"T cells, Desloratadine",0.0751876532691963,0.5491303762069539,0.24606228959413237,1.6043225216541863
split_cell_heldout,ridge_cell,"T cells, Dactolisib",0.5016310766152533,1.4935276422368133,0.6814863401878477,2.6239445347316033
split_cell_heldout,ridge_cell,"T cells, BMS-536924",0.5059327261202935,1.0678936196648772,0.7222008512665856,2.2554163085386394
split_cell_heldout,ridge_cell,"T cells, IKK Inhibitor VII",0.4521959441057015,0.8984299567888919,0.7060345482912668,2.0336663507685926
split_cell_heldout,ridge_cell,"T cells, Amiodarone",0.0903012005479802,0.6112896681102192,0.17019634501457936,1.9879660061124342
split_cell_heldout,ridge_cell,"T cells, Isoniazid",-0.02673438493396377,0.5502628088167948,-0.057738322168011884,1.6146861074865466
split_cell_heldout,ridge_cell,"T cells, IMD-0354",0.3886768793903989,1.6578627792459202,0.523618112086748,2.748807745405894
split_cell_heldout,ridge_cell,"T cells, Canertinib",0.16404279729974575,0.7873087448760957,0.33335600665668824,2.05278997969847
split_cell_heldout,ridge_cell,"T cells, Idelalisib",0.419980573818918,0.8486354388846656,0.6868524959712365,2.0171841248113243
split_cell_heldout,ridge_cell,"T cells, Alogliptin",-0.06384205613684343,0.5958024715476071,-0.15356876496762406,1.7485316035585632
split_cell_heldout,ridge_cell,"T cells, Penfluridol",0.031712917440670264,0.5380734218970501,0.1458232490920973,1.674915700948465
split_cell_heldout,ridge_cell,"T cells, Quizartinib",0.13890901889901072,0.5564979152925109,0.2598040075283284,1.813804598517784
split_cell_heldout,ridge_cell,"T cells, RN-486",0.042580232077232036,0.5365936984104742,0.180158537206983,1.6339740847867272
split_cell_heldout,ridge_cell,"T cells, PD-0325901",0.4495704441031055,0.822674257185766,0.6972674783783391,1.9749716199669314
split_cell_heldout,ridge_cell,"T cells, Decitabine",0.16890804647225263,0.5073558531953528,0.2899056311683497,1.6510318091930702
split_cell_heldout,ridge_cell,"T cells, LDN 193189",0.1693851525703575,0.5693526931516049,0.345239905916139,1.7072973649332979
split_cell_heldout,ridge_cell,"T cells, Cabozantinib",-0.09864990719503967,0.6783151633884105,-0.1367890762497805,1.9165200421583648
split_cell_heldout,ridge_cell,"T cells, Riociguat",0.12581562721035222,0.5235338661971238,0.11698097980260072,1.7756990010229778
split_cell_heldout,ridge_cell,"T cells, CHIR-99021",-0.26473575275750666,1.52137343674596,-0.40159501742482173,2.8576311210814276
split_cell_heldout,ridge_cell,"T cells, Defactinib",0.12817341777042887,0.7691148457526057,0.308842662581108,2.0733778304278907
split_cell_heldout,ridge_cell,"T cells, BI-D1870",-0.0188830473627293,0.6200140692191692,-0.02697902905733135,1.7231598486618236
split_cell_heldout,ridge_cell,"T cells, AZD3514",0.29734395498564087,0.7505493703193553,0.49657179751672026,1.9396216504486734
split_cell_heldout,ridge_cell,"T cells, HMN-214",-0.16891816529274073,0.7655357941626507,-0.46380188529992106,2.2410876897008194
split_cell_heldout,ridge_cell,"T cells, CC-401",0.42435695242447047,0.7743121160436519,0.66460683137601,1.9175472261106434
split_cell_heldout,ridge_cell,"T cells, Resminostat",0.32070668160954235,2.168450845082405,0.4072877902017403,3.0604220515206415
split_cell_heldout,ridge_cell,"T cells, Crizotinib",0.4945362535864764,0.7639581704070738,0.7105763251830887,1.906109645990199
split_cell_heldout,ridge_cell,"T cells, Azacitidine",0.15900435056362686,0.6154432306826101,0.36083857678326814,1.7254819531997279
split_cell_heldout,ridge_cell,"T cells, TR-14035",0.313914939993915,0.5556028804367023,0.5874633750245585,1.5777828972333268
split_cell_heldout,ridge_cell,"T cells, Nilotinib",0.5278512810079563,0.7786492006650773,0.7832459538808582,1.8381035807473887
split_cell_heldout,ridge_cell,"T cells, AT 7867",0.22527902664610938,0.8602420426935877,0.3924506812282052,2.0324191078575615
split_cell_heldout,ridge_cell,"T cells, OSI-930",-0.06538827079463981,0.570294925413651,-0.13660342258488917,1.7353968391390266
split_cell_heldout,ridge_cell,"T cells, GO-6976",-0.15087937858425002,0.9402680809772971,-0.3052555367413917,2.1660251537962765
split_cell_heldout,ridge_cell,"T cells, Saracatinib",0.5279531487816385,0.8085965422714447,0.7542165575936557,1.8577734325095685
split_cell_heldout,ridge_cell,"T cells, RG7112",0.29661013529396385,0.6020464592314607,0.5343569069072969,2.1563924226108986
split_cell_heldout,ridge_cell,"T cells, Lamivudine",0.18866631780130985,0.5189301602398018,0.3006859249712869,1.5916137363054563
split_cell_heldout,ridge_cell,"T cells, TGX 221",0.5334346099927584,0.6862603050003786,0.8035273569183194,1.7317176686371492
split_cell_heldout,ridge_cell,"T cells, Pitavastatin Calcium",-0.2531660675033972,1.6482911665707372,-0.3513606065844744,2.89418458606904
split_cell_heldout,ridge_cell,"T cells, ABT737",0.05834913115180873,0.6151760901798412,0.3760902733420092,1.8677535779506442
split_cell_heldout,ridge_cell,"T cells, PRT-062607",0.58236167855987,0.9498855458874265,0.799220628852808,2.01732318492874
split_cell_heldout,ridge_cell,"T cells, AZ628",0.5314564774710612,0.6936056850657708,0.7898921957628563,1.7822857928849802
split_cell_heldout,ridge_cell,"T cells, AZD-8330",0.5063601290238842,0.7242777667685975,0.773553556522427,1.791033905488254
split_cell_heldout,ridge_cell,"T cells, Masitinib",0.2072108483862613,0.5651132269764835,0.6123737322460617,1.5238754813332456
split_cell_heldout,ridge_cell,"T cells, Ceritinib",0.4148470649047999,0.5643570369796584,0.6963923976048129,1.5726910508461511
split_cell_heldout,ridge_cell,"T cells, CGM-097",-0.09176754997000662,1.3846131523659209,-0.13354310144372789,2.687878038887278
split_cell_heldout,ridge_cell,"T cells, SLx-2119",0.2598038710802172,0.5982936631485792,0.4874811660671983,1.7740854156870767
split_cell_heldout,ridge_cell,"T cells, Nefazodone",0.3111741147255854,0.469078745332439,0.5978137641820566,1.5051489506324365
split_cell_heldout,ridge_cell,"T cells, STK219801",0.12879426429212906,0.569735347409702,0.24839403384961237,1.8524701208512597
split_cell_heldout,ridge_cell,"T cells, TPCA-1",0.5676405874938779,1.0883990147795974,0.7596216954968816,2.158644776501362
split_cell_heldout,ridge_cell,"T cells, MGCD-265",0.3717413924037061,0.46642301791297325,0.6145761439944568,1.4928110421331697
split_cell_heldout,ridge_cell,"T cells, GSK-1070916",0.2793370593131619,0.5781450128347011,0.567239944966863,1.6843180840440688
split_cell_heldout,ridge_cell,"T cells, Ricolinostat",0.190001736636276,0.8722041712977653,0.4109581999140493,2.0630883836200034
split_cell_heldout,ridge_cell,"T cells, Bosutinib",0.4810804027916699,0.9868587531546089,0.7027057408483226,2.1217277897798685
split_cell_heldout,ridge_cell,"T cells, Clemastine",0.29030803893999896,0.527800973518886,0.6515917025513445,1.5102093040986435
split_cell_heldout,ridge_cell,"T cells, YK 4-279",-0.1312687928808707,0.6569865842124448,-0.3049985974975186,1.787886616409873
split_cell_heldout,ridge_cell,"T cells, Buspirone",0.02537168895211957,0.5270784575199057,-0.027060790256449304,1.7188434476546315
split_cell_heldout,ridge_cell,"T cells, Midostaurin",0.4422936756583384,0.8536616642497542,0.7200374355652895,2.059003681859401
split_cell_heldout,ridge_cell,"T cells, CEP-37440",0.3278647509358874,0.6444106496050639,0.6490008057853395,1.8441345479618898
split_cell_heldout,ridge_cell,"T cells, GSK256066",0.2817818172283014,0.7372371062542888,0.5015461829790981,2.1265433462222076
split_cell_heldout,ridge_cell,"T cells, R428",0.484426890793091,0.902710704159009,0.6947869441762886,2.0704405045017027
split_cell_heldout,ridge_cell,"T cells, Oxybenzone",0.16973493277778756,0.49457858452028747,0.39248309615408133,1.5482270755861167
split_cell_heldout,ridge_cell,"T cells, Vandetanib",0.1545454885612937,0.5265720321414478,0.35884850339644025,1.5889242991879797
split_cell_heldout,ridge_cell,"T cells, Imatinib",0.16624925815613745,0.5138063796835997,0.31687475856142067,1.5668378672282837
split_cell_heldout,ridge_cell,"T cells, SCH-58261",0.035749129554374516,0.5499438939062375,-0.022257623201280066,1.7338417685354273
split_cell_heldout,ridge_cell,"T cells, Colforsin",0.20227560704925782,0.5511257570371803,0.3427860274624853,1.578579159067102
split_cell_heldout,ridge_cell,"T cells, Tivantinib",0.2380731340911719,0.7441128037881535,0.44185315499229055,1.8642054557693333
split_cell_heldout,ridge_cell,"T cells, Tosedostat",0.26579600925340024,0.7609080269619777,0.47715587847502816,1.9388767112790097
split_cell_heldout,ridge_cell,"T cells, Colchicine",0.2060575291635549,0.9483567278950166,0.3986657604050549,2.3035086348058234
split_cell_heldout,ridge_cell,"T cells, ABT-199 (GDC-0199)",-0.00764117915760086,0.5875183891892788,0.3521281372916504,1.7306739058165708
split_cell_heldout,ridge_cell,"T cells, Mometasone Furoate",0.47888876361808036,1.4104236442553992,0.6157569568190784,2.580627816711967
split_cell_heldout,ridge_cell,"T cells, Tipifarnib",0.4090149175570263,0.6331260747534286,0.7010188068610546,1.7260476264748101
split_cell_heldout,ridge_cell,"T cells, BX 912",0.5372568045745577,0.7482284525515255,0.7941581834963426,1.8347713030246133
split_cell_heldout,ridge_cell,"T cells, Doxorubicin",0.30768782148888146,1.3505347514269619,0.4708186716965738,2.5170273563053907
split_cell_heldout,ridge_cell,"T cells, PF-03814735",0.5281403444944971,1.0819722499839068,0.7332433719364928,2.1985628101262873
split_cell_heldout,ridge_cell,"T cells, AZD4547",0.2805924603227727,0.5034289408003966,0.4670170416964442,1.5855262432546153
split_cell_heldout,ridge_cell,"T cells, Prednisolone",0.4501804639432144,1.362582624933035,0.587800356351085,2.5675184987453994
split_cell_heldout,ridge_cell,"T cells, Tacalcitol",0.326339172414679,0.6433263839510164,0.6483606057789394,1.7277253311392435
split_cell_heldout,ridge_cell,"T cells, Selumetinib",0.4371665016927549,0.6310947160690179,0.7084469659934008,1.7480818226452008
split_cell_heldout,ridge_cell,"T cells, Clotrimazole",0.08435794549966875,0.5554718823702569,0.16386554963141112,1.7532955592776056
split_cell_heldout,ridge_cell,"T cells, RG7090",-0.1557778741740498,0.8565502169194421,-0.25930178950061844,2.1216719459668703
split_cell_heldout,ridge_cell,"T cells, GLPG0634",0.43100348040685166,0.7380435187075094,0.7246308654468626,1.8187321226787296
split_cell_heldout,ridge_cell,"T cells, Mubritinib (TAK 165)",0.303851202478886,1.1210632224072707,0.5144512229518949,2.35668809140687
split_cell_heldout,ridge_cell,"T cells, Vanoxerine",0.13163888911641097,0.5989229864296473,0.3400916075444826,1.7223711126724002
split_cell_heldout,ridge_cell,"T cells, SB525334",-0.35450636612931014,1.0729093067692705,-0.5552110958860678,2.4120557305202994
split_cell_heldout,ridge_cell,"T cells, HYDROXYUREA",-0.025403791752176018,0.5622622203416032,-0.22145837003777963,1.7639513646736544
split_cell_heldout,ridge_drug_fp,"T cells, TIE2 Kinase Inhibitor",0.28581768959458287,0.5514782666337481,0.5869659136381891,1.4809785366008212
split_cell_heldout,ridge_drug_fp,"T cells, MK-5108",0.2716969773202152,0.5456016274319376,0.5462878683096986,1.495709339714497
split_cell_heldout,ridge_drug_fp,"T cells, Lapatinib",0.3411560576998137,0.5772173292344939,0.662678396098107,1.5133412909436503
split_cell_heldout,ridge_drug_fp,"T cells, Atorvastatin",0.28334804227397276,0.5673426765937639,0.5906878391250009,1.4598348331980502
split_cell_heldout,ridge_drug_fp,"T cells, Ganetespib (STA-9090)",0.6521355024446153,1.7296160738541333,0.7334379877633498,2.367276700215197
split_cell_heldout,ridge_drug_fp,"T cells, Clomipramine",0.30900905937172657,0.5598297153141517,0.585706840222845,1.485946534067288
split_cell_heldout,ridge_drug_fp,"T cells, Sunitinib",0.40160947232736643,0.6611059038728139,0.6790555237475947,1.5706215469005775
split_cell_heldout,ridge_drug_fp,"T cells, Tivozanib",0.3486114438357258,0.6365182692123244,0.6736703497893155,1.5969193584265016
split_cell_heldout,ridge_drug_fp,"T cells, Tamatinib",0.5870568862924783,0.9309288146339634,0.7845842724115436,1.588338964682204
split_cell_heldout,ridge_drug_fp,"T cells, Ixabepilone",0.21180941011271415,0.5580165552390118,0.4871646754663722,1.5469846788092039
split_cell_heldout,ridge_drug_fp,"T cells, Linagliptin",0.15273657718853131,0.5518146123859244,0.35959294073775544,1.513598717134451
split_cell_heldout,ridge_drug_fp,"T cells, 5-(9-Isopropyl-8-methyl-2-morpholino-9H-purin-6-yl)pyrimidin-2-amine",0.6848263363886895,1.0742938833495206,0.8070149588861882,1.716564626102307
split_cell_heldout,ridge_drug_fp,"T cells, O-Demethylated Adapalene",0.32358911189843215,0.5983579022370958,0.6487889218164683,1.5057278304353743
split_cell_heldout,ridge_drug_fp,"T cells, Protriptyline",0.17649804470065703,0.51296100996768,0.4424038349500877,1.5717727116540416
split_cell_heldout,ridge_drug_fp,"T cells, I-BET151",0.7115070315820337,1.4550565714743746,0.8003938961138314,2.0948387553878733
split_cell_heldout,ridge_drug_fp,"T cells, Foretinib",0.4704977513562951,0.8232430728577522,0.7325147101547409,1.634353554199893
split_cell_heldout,ridge_drug_fp,"T cells, GW843682X",0.32731106363360885,0.5864545459312427,0.6557590640240799,1.519924633187514
split_cell_heldout,ridge_drug_fp,"T cells, BMS-387032",0.37967276581137166,1.2138963754223457,0.5676460312128819,2.1969544992968024
split_cell_heldout,ridge_drug_fp,"T cells, IN1451",0.7685180409489443,2.0213806773382297,0.8144693754768679,2.413872530844994
split_cell_heldout,ridge_drug_fp,"T cells, Raloxifene",0.2672499768025571,0.8487829304250625,0.4934053823890408,1.8327545497561195
split_cell_heldout,ridge_drug_fp,"T cells, Topotecan",0.5500074615436649,0.8891118282642033,0.7613425269238735,1.6404811908884211
split_cell_heldout,ridge_drug_fp,"T cells, BAY 87-2243",0.539340283593373,1.110944822422974,0.6918993451533372,1.9219397698235603
split_cell_heldout,ridge_drug_fp,"T cells, Phenylbutazone",0.1645246548838217,0.5446263625661643,0.35374660790558515,1.6313138504471536
split_cell_heldout,ridge_drug_fp,"T cells, K-02288",0.16003498012935086,0.6163548122221713,0.3682661049478306,1.6551546532258576
split_cell_heldout,ridge_drug_fp,"T cells, BMS-777607",0.2775599143505544,0.5972458058424304,0.5796805431531303,1.479842008826187
split_cell_heldout,ridge_drug_fp,"T cells, Porcn Inhibitor III",0.3440511572714802,0.6437470117150988,0.6047707476496458,1.4588011434103254
split_cell_heldout,ridge_drug_fp,"T cells, TL_HRAS26",0.25111117866426697,0.5591561615731863,0.5967424749037271,1.7366943258554532
split_cell_heldout,ridge_drug_fp,"T cells, Proscillaridin A;Proscillaridin-A",0.8222528041470449,1.7925799757677752,0.852752504939003,2.047249729783213
split_cell_heldout,ridge_drug_fp,"T cells, Vorinostat",0.7332195663974739,1.611133536290166,0.8019225146253081,2.208289369539305
split_cell_heldout,ridge_drug_fp,"T cells, BMS-265246",0.6471397491707023,1.0541305267716072,0.8023194727638587,1.7863485372451777
split_cell_heldout,ridge_drug_fp,"T cells, Ruxolitinib",0.47509072125045076,0.9071526694112717,0.7292937908212043,1.6201461466575742
split_cell_heldout,ridge_drug_fp,"T cells, Pomalidomide",0.5463408576914643,1.051605926915419,0.7255102156813484,2.0808824707125453
split_cell_heldout,ridge_drug_fp,"T cells, Dovitinib",0.4304549969416546,0.7386450168815588,0.7063227436164963,1.6970878416989397
split_cell_heldout,ridge_drug_fp,"T cells, AVL-292",0.4697895597986646,0.7319690387401727,0.7377230919870142,1.5882963794107747
split_cell_heldout,ridge_drug_fp,"T cells, Navitoclax",0.23727479997197068,0.6292869767617487,0.5934753149989904,1.5992262646336088
split_cell_heldout,ridge_drug_fp,"T cells, Methotrexate",0.35689463839364244,0.5865904115511408,0.6465032198111781,1.479669142799785
split_cell_heldout,ridge_drug_fp,"T cells, Palbociclib",0.29921552707006094,0.5676135290345599,0.624156808742655,1.5170539171156612
split_cell_heldout,ridge_drug_fp,"T cells, Trametinib",0.37408825530886536,0.7588059886907002,0.6818728612723206,1.5601202070259719
split_cell_heldout,ridge_drug_fp,"T cells, AMD-070 (hydrochloride)",0.25790278000034783,0.6210611104585863,0.5688809144485336,1.6478713158540252
split_cell_heldout,ridge_drug_fp,"T cells, Sgc-cbp30",0.36352619437212913,0.7520019141758748,0.5951167464881584,1.7268203507104458
split_cell_heldout,ridge_drug_fp,"T cells, FK 866",0.4866839420098952,0.8631425197505014,0.7040083530056217,1.7781251882056417
split_cell_heldout,ridge_drug_fp,"T cells, Chlorpheniramine",0.17635477783590525,0.6085778613203123,0.3791320800176339,1.6575042506195765
split_cell_heldout,ridge_drug_fp,"T cells, Scriptaid",0.7452131007826004,1.613907521109434,0.8106446611400249,2.1509895943155146
split_cell_heldout,ridge_drug_fp,"T cells, BAY 61-3606",0.6429670788032842,1.4618867862380884,0.7526536521295103,2.1392416108680385
split_cell_heldout,ridge_drug_fp,"T cells, LY2090314",0.43999378098998204,2.1914361041035617,0.5123637747115338,2.875219108062659
split_cell_heldout,ridge_drug_fp,"T cells, Vardenafil",0.21366528493907017,0.584298801792744,0.5005558189442789,1.585517919107079
split_cell_heldout,ridge_drug_fp,"T cells, Dasatinib",0.5620108336702502,0.9638271972187002,0.7566125550310855,1.6626394386346324
split_cell_heldout,ridge_drug_fp,"T cells, AT13387",0.6252482014550879,1.6972369202422481,0.7135944890241793,2.389379432757565
split_cell_heldout,ridge_drug_fp,"T cells, PF-04691502",0.5298308565824564,0.9849990503304693,0.7435881947740066,1.8298596006820183
split_cell_heldout,ridge_drug_fp,"T cells, Perhexiline",0.5643986797632434,0.8506511373673509,0.7817382277556656,1.700380279728885
split_cell_heldout,ridge_drug_fp,"T cells, RVX-208",0.5126898456040906,0.7406040810507432,0.7094923226193592,1.615755210774554
split_cell_heldout,ridge_drug_fp,"T cells, Ketoconazole",0.6109483547297107,0.9597685211549156,0.7806205470318331,1.7646275124094903
split_cell_heldout,ridge_drug_fp,"T cells, Disulfiram",0.24393457066931867,0.5638470202223306,0.5128659331314168,1.5172410822801978
split_cell_heldout,ridge_drug_fp,"T cells, Flutamide",0.08475858295376984,0.5958310660855755,0.4459351140948959,1.631447770927798
split_cell_heldout,ridge_drug_fp,"T cells, Desloratadine",0.23862872108141586,0.5393427299270038,0.5211968636629377,1.457524317646332
split_cell_heldout,ridge_drug_fp,"T cells, Dactolisib",0.7068088532478374,1.1282258320687872,0.831062545173148,1.6898751111607524
split_cell_heldout,ridge_drug_fp,"T cells, BMS-536924",0.49816419181402855,1.0151799347804804,0.7122409006763804,1.9531547876850162
split_cell_heldout,ridge_drug_fp,"T cells, IKK Inhibitor VII",0.46900290317237686,0.911155192164336,0.7249532799019461,1.6588732024826707
split_cell_heldout,ridge_drug_fp,"T cells, Amiodarone",0.19187245063362715,0.6141925224402593,0.48233512434401404,1.8223903588531754
split_cell_heldout,ridge_drug_fp,"T cells, Isoniazid",0.04346634596890484,0.5651260751677778,0.10158092174729147,1.5812132182093181
split_cell_heldout,ridge_drug_fp,"T cells, IMD-0354",0.630625124189912,1.3692662083127976,0.748884507331661,2.145860477760985
split_cell_heldout,ridge_drug_fp,"T cells, Canertinib",0.411131486885771,0.7377113438657312,0.654108778935676,1.6714153791910173
split_cell_heldout,ridge_drug_fp,"T cells, Idelalisib",0.41389759514237034,0.8582677823734209,0.686346156509913,1.7945088966278795
split_cell_heldout,ridge_drug_fp,"T cells, Alogliptin",0.19765477925576425,0.5647590833196132,0.42486256541664574,1.5710728328884476
split_cell_heldout,ridge_drug_fp,"T cells, Penfluridol",0.17207475968990957,0.5590801417661926,0.2595805948949672,1.6337404682870786
split_cell_heldout,ridge_drug_fp,"T cells, Quizartinib",0.1843425879269176,0.5981746789339045,0.4280796824289851,1.7011037586787772
split_cell_heldout,ridge_drug_fp,"T cells, RN-486",0.1210626857914108,0.5706309873121851,0.25003579296819056,1.60567386223459
split_cell_heldout,ridge_drug_fp,"T cells, PD-0325901",0.3561673602214811,0.8993093052596158,0.6547267598891163,1.7506329226033766
split_cell_heldout,ridge_drug_fp,"T cells, Decitabine",0.16049837809409076,0.525341596637695,0.2384751664169284,1.658810191910423
split_cell_heldout,ridge_drug_fp,"T cells, LDN 193189",0.2671632570598858,0.5860887952917978,0.5988996352045252,1.5055897929278859
split_cell_heldout,ridge_drug_fp,"T cells, Cabozantinib",0.19108551839902768,0.659993123054166,0.37632533766731585,1.734986333980812
split_cell_heldout,ridge_drug_fp,"T cells, Riociguat",0.15370166567324803,0.5532959511665586,0.30821276268223696,1.72074406120124
split_cell_heldout,ridge_drug_fp,"T cells, CHIR-99021",0.5065965847484177,1.2522870416798009,0.6993926518541024,2.2735208338501733
split_cell_heldout,ridge_drug_fp,"T cells, Defactinib",0.38880611333373516,0.7365624948501742,0.6799923482920712,1.6859552276266718
split_cell_heldout,ridge_drug_fp,"T cells, BI-D1870",0.16565721506225187,0.6530235916151463,0.4482015978186569,1.5346248420231867
split_cell_heldout,ridge_drug_fp,"T cells, AZD3514",0.48399090239890863,0.6944042594291671,0.7307210192888877,1.5859225965300114
split_cell_heldout,ridge_drug_fp,"T cells, HMN-214",0.4392783170810998,0.632138179842532,0.7453054204899598,1.552982903249172
split_cell_heldout,ridge_drug_fp,"T cells, CC-401",0.5103098596626843,0.733994009709394,0.7254692339346074,1.6116763446274414
split_cell_heldout,ridge_drug_fp,"T cells, Resminostat",0.7485103874000412,1.5513000613565355,0.8157071030015101,2.091458093061514
split_cell_heldout,ridge_drug_fp,"T cells, Crizotinib",0.5323417729478575,0.7294787090277658,0.7878347933057088,1.5244796566561052
split_cell_heldout,ridge_drug_fp,"T cells, Azacitidine",0.33441599029560864,0.5879796334167472,0.6268609245087913,1.5464256708049948
split_cell_heldout,ridge_drug_fp,"T cells, TR-14035",0.3289764017463896,0.5721024701742699,0.5743531953408532,1.5208457945180385
split_cell_heldout,ridge_drug_fp,"T cells, Nilotinib",0.48598748114507173,0.7860273338240321,0.7428997889070015,1.5584761974364376
split_cell_heldout,ridge_drug_fp,"T cells, AT 7867",0.28057296680780563,0.9015928581797199,0.49920871626112523,1.87238841153449
split_cell_heldout,ridge_drug_fp,"T cells, OSI-930",0.16253366105202335,0.5669775365327423,0.3004095116127645,1.6152744441428526
split_cell_heldout,ridge_drug_fp,"T cells, GO-6976",0.3752767852593106,0.8325578168657741,0.6124928836566631,1.7475531855050643
split_cell_heldout,ridge_drug_fp,"T cells, Saracatinib",0.5828887190216283,0.778723358368714,0.7960033382087534,1.3630333407681516
split_cell_heldout,ridge_drug_fp,"T cells, RG7112",0.44583868189078185,0.5827918638737757,0.692541499242105,1.6108467992636997
split_cell_heldout,ridge_drug_fp,"T cells, Lamivudine",0.18618920328439625,0.5696630564074819,0.3523511263298138,1.5670652058038186
split_cell_heldout,ridge_drug_fp,"T cells, TGX 221",0.5247576054695068,0.6886665049053018,0.7979430622652701,1.3958950561799786
split_cell_heldout,ridge_drug_fp,"T cells, Pitavastatin Calcium",0.5662806249299089,1.3115610996999651,0.7370289094719858,1.9648184628284548
split_cell_heldout,ridge_drug_fp,"T cells, ABT737",0.19817628439972948,0.69309515662986,0.5620345988659472,1.701510175776027
split_cell_heldout,ridge_drug_fp,"T cells, PRT-062607",0.5641394522256398,0.9011300915609834,0.7849998659141139,1.5558086340047732
split_cell_heldout,ridge_drug_fp,"T cells, AZ628",0.48348453980011774,0.7159111873639581,0.7445271860657809,1.5132928734481224
split_cell_heldout,ridge_drug_fp,"T cells, AZD-8330",0.390990787266443,0.7934823413649025,0.6800655974985054,1.6374012503308975
split_cell_heldout,ridge_drug_fp,"T cells, Masitinib",0.3190810272544904,0.575426151567121,0.709779870342673,1.3586748981755568
split_cell_heldout,ridge_drug_fp,"T cells, Ceritinib",0.3126798787977135,0.6458411606118146,0.6107244356971249,1.5159684635241026
split_cell_heldout,ridge_drug_fp,"T cells, CGM-097",0.6043735211504233,1.0730623054653219,0.7569376814025757,1.9364586612516463
split_cell_heldout,ridge_drug_fp,"T cells, SLx-2119",0.3036655916382864,0.6200744837087824,0.59867589225807,1.5835357781270547
split_cell_heldout,ridge_drug_fp,"T cells, Nefazodone",0.19274894652368937,0.5301931702256252,0.37521218157017333,1.5468703623728406
split_cell_heldout,ridge_drug_fp,"T cells, STK219801",0.2770462988221906,0.5854815424402176,0.5267890615425677,1.5655018265996858
split_cell_heldout,ridge_drug_fp,"T cells, TPCA-1",0.5814020912227847,0.9817028477047371,0.7820744979505134,1.6986967226548129
split_cell_heldout,ridge_drug_fp,"T cells, MGCD-265",0.25622811374491455,0.5463565619244213,0.4781107265512418,1.5146817477982795
split_cell_heldout,ridge_drug_fp,"T cells, GSK-1070916",0.36779620768347104,0.5923973814041226,0.6246902876041963,1.4577992331391267
split_cell_heldout,ridge_drug_fp,"T cells, Ricolinostat",0.576656752595734,0.7305336628867459,0.7792485717591525,1.480229916528665
split_cell_heldout,ridge_drug_fp,"T cells, Bosutinib",0.6040461443114087,0.8826361499926896,0.8052790284053695,1.4792403896765511
split_cell_heldout,ridge_drug_fp,"T cells, Clemastine",0.313266487328258,0.5607577663480697,0.681589079676269,1.3875891738153607
split_cell_heldout,ridge_drug_fp,"T cells, YK 4-279",0.2779049420606763,0.5870408343643293,0.5440520694086014,1.4749632545082452
split_cell_heldout,ridge_drug_fp,"T cells, Buspirone",0.1332831048535071,0.5362484707334987,0.18149266814938345,1.6777374263780467
split_cell_heldout,ridge_drug_fp,"T cells, Midostaurin",0.4455142274583573,0.8484299643817593,0.7181917969997483,1.7853787982285216
split_cell_heldout,ridge_drug_fp,"T cells, CEP-37440",0.3627761475369727,0.6748405003323766,0.687091446048276,1.6350798660814587
split_cell_heldout,ridge_drug_fp,"T cells, GSK256066",0.410885541705078,0.7530701663599962,0.6461691520040018,1.7280537118470802
split_cell_heldout,ridge_drug_fp,"T cells, R428",0.44337059021659014,1.1290770837715625,0.7215692573517437,1.5837804027440128
split_cell_heldout,ridge_drug_fp,"T cells, Oxybenzone",0.1427460193019065,0.5170450235638258,0.3621897436863344,1.5330341165662424
split_cell_heldout,ridge_drug_fp,"T cells, Vandetanib",0.1811751765652882,0.5859630856803922,0.43472316356143775,1.525191710218903
split_cell_heldout,ridge_drug_fp,"T cells, Imatinib",0.16723832125769408,0.5429755756070835,0.3134967821770468,1.543167077679934
split_cell_heldout,ridge_drug_fp,"T cells, SCH-58261",0.20080509012152434,0.5523731542751178,0.3939722059751814,1.5857336677941292
split_cell_heldout,ridge_drug_fp,"T cells, Colforsin",0.22303876298068787,0.5816047752098273,0.49325859772218816,1.4927417755432657
split_cell_heldout,ridge_drug_fp,"T cells, Tivantinib",0.42039900153251575,0.7072477977686226,0.6846445041762561,1.5696964691694397
split_cell_heldout,ridge_drug_fp,"T cells, Tosedostat",0.4307578321120514,0.7295525174022152,0.691371906309399,1.6193929432292613
split_cell_heldout,ridge_drug_fp,"T cells, Colchicine",0.4251274711587624,1.0384156434189211,0.7212353271222119,1.713185189961769
split_cell_heldout,ridge_drug_fp,"T cells, ABT-199 (GDC-0199)",0.20834438086761967,0.6046846724072746,0.5245770150969331,1.604229242208372
split_cell_heldout,ridge_drug_fp,"T cells, Mometasone Furoate",0.6040210024666683,1.2058815861768228,0.7596469313957289,1.9235144305414114
split_cell_heldout,ridge_drug_fp,"T cells, Tipifarnib",0.39993089488633315,0.6598703820568353,0.6759084020481987,1.5707201821270835
split_cell_heldout,ridge_drug_fp,"T cells, BX 912",0.43244327612277556,0.7758695069584092,0.7240389838267299,1.7102648422960165
split_cell_heldout,ridge_drug_fp,"T cells, Doxorubicin",0.5688927013794044,1.2229801629529322,0.7758712419762523,1.7201046268795745
split_cell_heldout,ridge_drug_fp,"T cells, PF-03814735",0.608930126682207,0.9810476159679867,0.8092414970605579,1.5241937230043319
split_cell_heldout,ridge_drug_fp,"T cells, AZD4547",0.2062519366516773,0.562994367345662,0.34692809072816316,1.5999662165913213
split_cell_heldout,ridge_drug_fp,"T cells, Prednisolone",0.5754353871871409,1.1883380908693169,0.7238530861722478,2.0465657334263763
split_cell_heldout,ridge_drug_fp,"T cells, Tacalcitol",0.35246432383761295,0.8402913048567341,0.6923560631387649,1.4316985497224783
split_cell_heldout,ridge_drug_fp,"T cells, Selumetinib",0.38279311620436013,0.7064292525805219,0.7049862954960051,1.5298427376787729
split_cell_heldout,ridge_drug_fp,"T cells, Clotrimazole",0.2323071533285143,0.5576347784115842,0.5107421683340669,1.592342494380476
split_cell_heldout,ridge_drug_fp,"T cells, RG7090",0.3382215365975774,0.753677096804942,0.6232361790341598,1.7266516924412738
split_cell_heldout,ridge_drug_fp,"T cells, GLPG0634",0.49428197964332726,0.720468093670169,0.7716989392469025,1.4878857229287414
split_cell_heldout,ridge_drug_fp,"T cells, Mubritinib (TAK 165)",0.4699865706449618,1.0353305151529308,0.6632003979881896,2.0053982158556494
split_cell_heldout,ridge_drug_fp,"T cells, Vanoxerine",0.22088228999633525,0.6074621119839405,0.5053444510250249,1.6163651818785403
split_cell_heldout,ridge_drug_fp,"T cells, SB525334",0.4818040607095912,0.8499223714299206,0.7148230768767333,1.7545883126326691
split_cell_heldout,ridge_drug_fp,"T cells, HYDROXYUREA",0.15146053879289656,0.5509449082977221,0.27485631240965047,1.6500133411142892
split_cell_heldout,ridge_cell_drug_fp,"T cells, TIE2 Kinase Inhibitor",0.28577820631187073,0.5514700977381498,0.5869230072225642,1.4810521877525362
split_cell_heldout,ridge_cell_drug_fp,"T cells, MK-5108",0.2716889226782447,0.5455877181187276,0.5463531855294181,1.4956893126938013
split_cell_heldout,ridge_cell_drug_fp,"T cells, Lapatinib",0.3412113684298355,0.5771530607205874,0.6627103952553299,1.513299724571007
split_cell_heldout,ridge_cell_drug_fp,"T cells, Atorvastatin",0.2834052420277565,0.5673263658444431,0.5908075011487929,1.4597462787366622
split_cell_heldout,ridge_cell_drug_fp,"T cells, Ganetespib (STA-9090)",0.6521160311380979,1.7296216076270536,0.733424639592093,2.367261124503581
split_cell_heldout,ridge_cell_drug_fp,"T cells, Clomipramine",0.3087945861382814,0.5598133165409926,0.5853734421218968,1.4862666914151357
split_cell_heldout,ridge_cell_drug_fp,"T cells, Sunitinib",0.4016095492973983,0.6611172456657333,0.6790814566657134,1.5705316632569484
split_cell_heldout,ridge_cell_drug_fp,"T cells, Tivozanib",0.3486028650917759,0.6365085821294783,0.6736352213188516,1.5969747073947966
split_cell_heldout,ridge_cell_drug_fp,"T cells, Tamatinib",0.58703815255857,0.9310081721046569,0.7845417285588492,1.5881644581045902
split_cell_heldout,ridge_cell_drug_fp,"T cells, Ixabepilone",0.21178126325674243,0.5580681705522741,0.48726202400914237,1.5467637170527924
split_cell_heldout,ridge_cell_drug_fp,"T cells, Linagliptin",0.15280875485617657,0.5517964257414097,0.3596369978282054,1.5136166312457262
split_cell_heldout,ridge_cell_drug_fp,"T cells, 5-(9-Isopropyl-8-methyl-2-morpholino-9H-purin-6-yl)pyrimidin-2-amine",0.6847644216722496,1.074370659225039,0.8070077751517881,1.7166237679421528
split_cell_heldout,ridge_cell_drug_fp,"T cells, O-Demethylated Adapalene",0.3236574938483757,0.5983626371944695,0.6487967803660118,1.5056241744309948
split_cell_heldout,ridge_cell_drug_fp,"T cells, Protriptyline",0.17660580029981388,0.5129414934456116,0.4424356522729103,1.5716985755282338
split_cell_heldout,ridge_cell_drug_fp,"T cells, I-BET151",0.7113997470979359,1.4551253917375317,0.8003268841459164,2.094838651306539
split_cell_heldout,ridge_cell_drug_fp,"T cells, Foretinib",0.47116497403293917,0.8238427666717766,0.7361657835623858,1.6313527136827028
split_cell_heldout,ridge_cell_drug_fp,"T cells, GW843682X",0.32734695747219805,0.5864547293122073,0.6557257295338214,1.519907404660741
split_cell_heldout,ridge_cell_drug_fp,"T cells, BMS-387032",0.38539444423076463,1.2118867355993224,0.5749045405031145,2.1842146005596317
split_cell_heldout,ridge_cell_drug_fp,"T cells, IN1451",0.7684392405690944,2.021445733510554,0.8144073331395114,2.413914975452851
split_cell_heldout,ridge_cell_drug_fp,"T cells, Raloxifene",0.2666791359675823,0.8491219102450299,0.492741380454134,1.8330960621070285
split_cell_heldout,ridge_cell_drug_fp,"T cells, Topotecan",0.5499209819330291,0.8891907433980031,0.7612918831270333,1.6405529706892248
split_cell_heldout,ridge_cell_drug_fp,"T cells, BAY 87-2243",0.5395020907689916,1.1107875912286425,0.691985103661059,1.921887716926595
split_cell_heldout,ridge_cell_drug_fp,"T cells, Phenylbutazone",0.16462989200344047,0.5445674872633904,0.35398254882956387,1.6312320866103718
split_cell_heldout,ridge_cell_drug_fp,"T cells, K-02288",0.15990848367659752,0.6162931359504281,0.36798616077217944,1.6553851648512712
split_cell_heldout,ridge_cell_drug_fp,"T cells, BMS-777607",0.27714230607730195,0.5975093611736637,0.5790150712732519,1.4804246007127746
split_cell_heldout,ridge_cell_drug_fp,"T cells, Porcn Inhibitor III",0.34375691366594635,0.6438254959268928,0.6044765873264135,1.4591521275820178
split_cell_heldout,ridge_cell_drug_fp,"T cells, TL_HRAS26",0.25110462588200405,0.5591567780603703,0.5967354371056933,1.7367004768796046
split_cell_heldout,ridge_cell_drug_fp,"T cells, Proscillaridin A;Proscillaridin-A",0.821680261452361,1.7960808605624994,0.8524047380447803,2.051399379134596
split_cell_heldout,ridge_cell_drug_fp,"T cells, Vorinostat",0.7330888492809835,1.6112353108492783,0.8018362444994791,2.208336594706961
split_cell_heldout,ridge_cell_drug_fp,"T cells, BMS-265246",0.647080587668514,1.0541929544833895,0.8022860649870636,1.7864149230791375
split_cell_heldout,ridge_cell_drug_fp,"T cells, Ruxolitinib",0.47513512942505515,0.9070495978280998,0.7293371403644702,1.6201887910414607
split_cell_heldout,ridge_cell_drug_fp,"T cells, Pomalidomide",0.5464523972714564,1.051518331112606,0.7256233376768252,2.08067430252407
split_cell_heldout,ridge_cell_drug_fp,"T cells, Dovitinib",0.4303063044278096,0.7386886553250441,0.7062826120352229,1.6972751625772229
split_cell_heldout,ridge_cell_drug_fp,"T cells, AVL-292",0.46946867620214444,0.7322726099976684,0.7376143284215774,1.5883587391111724
split_cell_heldout,ridge_cell_drug_fp,"T cells, Navitoclax",0.23718465499547864,0.6291929508903887,0.5934684791417651,1.5993006112411676
split_cell_heldout,ridge_cell_drug_fp,"T cells, Methotrexate",0.3568843921081108,0.5865992650806449,0.6464882995701996,1.4796814935272904
split_cell_heldout,ridge_cell_drug_fp,"T cells, Palbociclib",0.299086361266485,0.5677918055145557,0.6239174147539673,1.5172106169275978
split_cell_heldout,ridge_cell_drug_fp,"T cells, Trametinib",0.37401747395768936,0.7590409960705825,0.6818353464898381,1.5601111144968187
split_cell_heldout,ridge_cell_drug_fp,"T cells, AMD-070 (hydrochloride)",0.2576543368260831,0.6211075304729061,0.5686314047671575,1.6481315796679026
split_cell_heldout,ridge_cell_drug_fp,"T cells, Sgc-cbp30",0.36350897286144135,0.7519700815803515,0.5951616793488477,1.7268683108190777
split_cell_heldout,ridge_cell_drug_fp,"T cells, FK 866",0.4864224402486725,0.8633396783310583,0.703809269889626,1.778225410980742
split_cell_heldout,ridge_cell_drug_fp,"T cells, Chlorpheniramine",0.17649992768477643,0.6085302565282228,0.3794557512711538,1.657349257341856
split_cell_heldout,ridge_cell_drug_fp,"T cells, Scriptaid",0.7452011057802114,1.6139362057923519,0.810636197247518,2.1510304157892115
split_cell_heldout,ridge_cell_drug_fp,"T cells, BAY 61-3606",0.6430017918933578,1.4618471746457655,0.7526732135018327,2.139207456722079
split_cell_heldout,ridge_cell_drug_fp,"T cells, LY2090314",0.4399200694263786,2.191517438959717,0.5122863943957842,2.8753094658182268
split_cell_heldout,ridge_cell_drug_fp,"T cells, Vardenafil",0.21367998267385896,0.5843548458751316,0.5005276008456471,1.585500064406303
split_cell_heldout,ridge_cell_drug_fp,"T cells, Dasatinib",0.5621006284775322,0.9638628234504675,0.7566160747788803,1.6621678756991083
split_cell_heldout,ridge_cell_drug_fp,"T cells, AT13387",0.6253778724966225,1.6971556992755596,0.7136927443521063,2.3893611462039233
split_cell_heldout,ridge_cell_drug_fp,"T cells, PF-04691502",0.5329750222504968,0.9828259374302537,0.748359119296208,1.8229746466891859
split_cell_heldout,ridge_cell_drug_fp,"T cells, Perhexiline",0.5645628621221896,0.8505458369096492,0.7817678153982724,1.699806554920494
split_cell_heldout,ridge_cell_drug_fp,"T cells, RVX-208",0.5126625763135877,0.7406276372775645,0.7095667044575877,1.6156508404105243
split_cell_heldout,ridge_cell_drug_fp,"T cells, Ketoconazole",0.6109710936346336,0.9597479409267723,0.7806347380138055,1.7645652825022322
split_cell_heldout,ridge_cell_drug_fp,"T cells, Disulfiram",0.2442187368452119,0.5637984726816327,0.5133787335631549,1.5168118282589615
split_cell_heldout,ridge_cell_drug_fp,"T cells, Flutamide",0.08479448462350207,0.5958029450355186,0.44605303356155507,1.6313842636172742
split_cell_heldout,ridge_cell_drug_fp,"T cells, Desloratadine",0.238694135255765,0.5393352427969704,0.5212740860463047,1.457438554480037
split_cell_heldout,ridge_cell_drug_fp,"T cells, Dactolisib",0.706836150169405,1.1281826355776046,0.8310752351633454,1.6897250805362578
split_cell_heldout,ridge_cell_drug_fp,"T cells, BMS-536924",0.49806778651927297,1.0152865890345795,0.7122318914801667,1.9529495248543312
split_cell_heldout,ridge_cell_drug_fp,"T cells, IKK Inhibitor VII",0.4689758347352885,0.9108813005245651,0.7248922139597815,1.6594408262596996
split_cell_heldout,ridge_cell_drug_fp,"T cells, Amiodarone",0.19193647239369338,0.614244722446566,0.482434594857607,1.8221724621771922
split_cell_heldout,ridge_cell_drug_fp,"T cells, Isoniazid",0.043481235233420436,0.5652932684141868,0.10197081579202168,1.5810529801428543
split_cell_heldout,ridge_cell_drug_fp,"T cells, IMD-0354",0.6305300472400538,1.3693578110468232,0.7488297004036996,2.145954009800956
split_cell_heldout,ridge_cell_drug_fp,"T cells, Canertinib",0.4034266657355259,0.7432737755526954,0.6551872440961775,1.674083565236639
split_cell_heldout,ridge_cell_drug_fp,"T cells, Idelalisib",0.4138410060621638,0.8582724438103003,0.6863023102122928,1.7946625205550542
split_cell_heldout,ridge_cell_drug_fp,"T cells, Alogliptin",0.19787059056948864,0.5646809011383235,0.42500598725914607,1.5710116464893653
split_cell_heldout,ridge_cell_drug_fp,"T cells, Penfluridol",0.1720316566073042,0.559222262079382,0.2594227811690702,1.6338116043565747
split_cell_heldout,ridge_cell_drug_fp,"T cells, Quizartinib",0.18400406354408502,0.5986198662866573,0.4268669881904583,1.701610923122936
split_cell_heldout,ridge_cell_drug_fp,"T cells, RN-486",0.12104518753618505,0.5706317626663866,0.2499857635044638,1.6056896610968447
split_cell_heldout,ridge_cell_drug_fp,"T cells, PD-0325901",0.35628269341355967,0.8991048480257314,0.6548218207430312,1.7505908748910413
split_cell_heldout,ridge_cell_drug_fp,"T cells, Decitabine",0.16071726061591318,0.5253052868918956,0.23882074658742256,1.6586490460638703
split_cell_heldout,ridge_cell_drug_fp,"T cells, LDN 193189",0.2673303713570159,0.5860487352010452,0.5989336906164415,1.505522184470622
split_cell_heldout,ridge_cell_drug_fp,"T cells, Cabozantinib",0.190110161710177,0.6606420029614306,0.37416561435223744,1.7360197212225172
split_cell_heldout,ridge_cell_drug_fp,"T cells, Riociguat",0.1534986901030508,0.5533468094464654,0.307851330527304,1.7208800084361882
split_cell_heldout,ridge_cell_drug_fp,"T cells, CHIR-99021",0.506673810231066,1.252235758241448,0.6994766198088493,2.273434945252923
split_cell_heldout,ridge_cell_drug_fp,"T cells, Defactinib",0.38883964840396046,0.7365256761876423,0.680021108511656,1.68594679961905
split_cell_heldout,ridge_cell_drug_fp,"T cells, BI-D1870",0.165636653669187,0.6530603856831741,0.44811142227473816,1.5346632791121906
split_cell_heldout,ridge_cell_drug_fp,"T cells, AZD3514",0.4839892254932811,0.6944280895029494,0.7307606720105961,1.5857778157606144
split_cell_heldout,ridge_cell_drug_fp,"T cells, HMN-214",0.4394393653289741,0.632060843385773,0.7454162904878987,1.5528063954096267
split_cell_heldout,ridge_cell_drug_fp,"T cells, CC-401",0.5103571977615946,0.7339323379129372,0.725512412477045,1.6117380105615378
split_cell_heldout,ridge_cell_drug_fp,"T cells, Resminostat",0.7485459995124053,1.5512791065855291,0.815728515699348,2.0914751238554747
split_cell_heldout,ridge_cell_drug_fp,"T cells, Crizotinib",0.5323715109654192,0.7295515646563291,0.7878726099716485,1.5239675247372892
split_cell_heldout,ridge_cell_drug_fp,"T cells, Azacitidine",0.3342783971257469,0.5879975077948296,0.6266397619206453,1.5466788298290108
split_cell_heldout,ridge_cell_drug_fp,"T cells, TR-14035",0.32905572422674356,0.5720321525759806,0.5745007659272249,1.5207297756104021
split_cell_heldout,ridge_cell_drug_fp,"T cells, Nilotinib",0.4860982543842823,0.7859466868989821,0.742913183466713,1.5583895791956976
split_cell_heldout,ridge_cell_drug_fp,"T cells, AT 7867",0.2805518253814193,0.901664427416575,0.49915175957191077,1.872398528061296
split_cell_heldout,ridge_cell_drug_fp,"T cells, OSI-930",0.1625161447369626,0.5670460175715296,0.30028893648912786,1.6153393803254423
split_cell_heldout,ridge_cell_drug_fp,"T cells, GO-6976",0.3755094552989854,0.8323570205507681,0.6127862982483335,1.7474275386325244
split_cell_heldout,ridge_cell_drug_fp,"T cells, Saracatinib",0.5827986879935795,0.7788757596395454,0.7959718448972963,1.363029169716872
split_cell_heldout,ridge_cell_drug_fp,"T cells, RG7112",0.44587843383761083,0.5827851773862982,0.6925824129042705,1.6107816234648864
split_cell_heldout,ridge_cell_drug_fp,"T cells, Lamivudine",0.18646508565519318,0.5697233592791818,0.3529608345669484,1.566814383386088
split_cell_heldout,ridge_cell_drug_fp,"T cells, TGX 221",0.5245057833931402,0.6888074823825656,0.7978133559617322,1.3964274689701046
split_cell_heldout,ridge_cell_drug_fp,"T cells, Pitavastatin Calcium",0.5662858885801931,1.3115617026379007,0.7370335592893607,1.964786634149178
split_cell_heldout,ridge_cell_drug_fp,"T cells, ABT737",0.19815822629713908,0.6931074377451482,0.5619854863063436,1.701552411521129
split_cell_heldout,ridge_cell_drug_fp,"T cells, PRT-062607",0.5642764231513749,0.9008838599210162,0.7851037051276967,1.5558973814708394
split_cell_heldout,ridge_cell_drug_fp,"T cells, AZ628",0.4833956939382644,0.7160114041266455,0.7445302738135238,1.5132757204105414
split_cell_heldout,ridge_cell_drug_fp,"T cells, AZD-8330",0.39086759705306356,0.7935706974526792,0.6799596005219463,1.6375717276885229
split_cell_heldout,ridge_cell_drug_fp,"T cells, Masitinib",0.31923029350615123,0.5752099256080718,0.7097628917290836,1.358843842769635
split_cell_heldout,ridge_cell_drug_fp,"T cells, Ceritinib",0.3131319165137495,0.645792601509654,0.6111439879692266,1.515414509061734
split_cell_heldout,ridge_cell_drug_fp,"T cells, CGM-097",0.6043679730170637,1.0730647788073704,0.7569523558384138,1.9364376681251074
split_cell_heldout,ridge_cell_drug_fp,"T cells, SLx-2119",0.3036318044084827,0.6200355778407454,0.5986987803372041,1.5836166429385867
split_cell_heldout,ridge_cell_drug_fp,"T cells, Nefazodone",0.19241982881513817,0.5301760314689457,0.37431338676483483,1.5472879973887745
split_cell_heldout,ridge_cell_drug_fp,"T cells, STK219801",0.277114426087489,0.5854658328874653,0.5268471963361989,1.5654227599059967
split_cell_heldout,ridge_cell_drug_fp,"T cells, TPCA-1",0.5813217003713878,0.9818093783663124,0.7820414976551456,1.6983430369971961
split_cell_heldout,ridge_cell_drug_fp,"T cells, MGCD-265",0.2568005184619951,0.5462481881257771,0.4785162024995034,1.514526114848226
split_cell_heldout,ridge_cell_drug_fp,"T cells, GSK-1070916",0.36772699662894615,0.5924086613302949,0.6246547596078688,1.4579130388226822
split_cell_heldout,ridge_cell_drug_fp,"T cells, Ricolinostat",0.5767100522724825,0.7305080662135714,0.7792879961215352,1.4800655075802913
split_cell_heldout,ridge_cell_drug_fp,"T cells, Bosutinib",0.6036170115311935,0.8833964153393957,0.805143168202591,1.4791418544877573
split_cell_heldout,ridge_cell_drug_fp,"T cells, Clemastine",0.31320221716697483,0.5608689727618755,0.6816636818741372,1.387485653947958
split_cell_heldout,ridge_cell_drug_fp,"T cells, YK 4-279",0.2778739720047076,0.5870549656114663,0.5439955877062395,1.474991354186165
split_cell_heldout,ridge_cell_drug_fp,"T cells, Buspirone",0.13325911162069254,0.5362476073167728,0.18138458485442427,1.6777750225699992
split_cell_heldout,ridge_cell_drug_fp,"T cells, Midostaurin",0.44542307986412416,0.8485451634639978,0.7180833420698767,1.785385370790227
split_cell_heldout,ridge_cell_drug_fp,"T cells, CEP-37440",0.3625828750245056,0.6748306416434361,0.6868649628238386,1.635578246409319
split_cell_heldout,ridge_cell_drug_fp,"T cells, GSK256066",0.41088195662651544,0.7530507921147057,0.6462027160648479,1.728047784443571
split_cell_heldout,ridge_cell_drug_fp,"T cells, R428",0.4393060063184053,1.1161863679696074,0.7216854310657816,1.5863825133596334
split_cell_heldout,ridge_cell_drug_fp,"T cells, Oxybenzone",0.142495237042956,0.517024694491692,0.3613390775725324,1.533406154924833
split_cell_heldout,ridge_cell_drug_fp,"T cells, Vandetanib",0.1810393640876551,0.5860834835740064,0.43413102655400665,1.525516871815084
split_cell_heldout,ridge_cell_drug_fp,"T cells, Imatinib",0.16705795235879176,0.542995961441274,0.31320212365729017,1.5434312308179499
split_cell_heldout,ridge_cell_drug_fp,"T cells, SCH-58261",0.2008547163482392,0.5523358766248448,0.39415394541039267,1.5856488845165249
split_cell_heldout,ridge_cell_drug_fp,"T cells, Colforsin",0.2230082392442007,0.5816179608769021,0.4931905142973716,1.4928133779628179
split_cell_heldout,ridge_cell_drug_fp,"T cells, Tivantinib",0.420481931427911,0.7071084787727151,0.6847161013024698,1.569910400579287
split_cell_heldout,ridge_cell_drug_fp,"T cells, Tosedostat",0.4307507805797214,0.7295890030620562,0.6913206424760762,1.619365319261735
split_cell_heldout,ridge_cell_drug_fp,"T cells, Colchicine",0.42509189214229004,1.0384719801894078,0.7212028458844393,1.7132455529515793
split_cell_heldout,ridge_cell_drug_fp,"T cells, ABT-199 (GDC-0199)",0.20835168182464595,0.6046806351306341,0.5245882096000918,1.6042122486227548
split_cell_heldout,ridge_cell_drug_fp,"T cells, Mometasone Furoate",0.6038970545862155,1.2060653204453573,0.7595460817742217,1.9235784474451374
split_cell_heldout,ridge_cell_drug_fp,"T cells, Tipifarnib",0.3999076410843117,0.6599300458695607,0.6758547823023455,1.570693573576478
split_cell_heldout,ridge_cell_drug_fp,"T cells, BX 912",0.432474997004496,0.7758610043886156,0.7240641167226914,1.7101929248683854
split_cell_heldout,ridge_cell_drug_fp,"T cells, Doxorubicin",0.5688876452357677,1.223001946107108,0.7758634543892555,1.7201104089649657
split_cell_heldout,ridge_cell_drug_fp,"T cells, PF-03814735",0.6088875982798693,0.9810984715342274,0.8092229051127686,1.5242651830975262
split_cell_heldout,ridge_cell_drug_fp,"T cells, AZD4547",0.20626212797963073,0.5630131684901483,0.34695015560773573,1.599944332603731
split_cell_heldout,ridge_cell_drug_fp,"T cells, Prednisolone",0.5752560490348817,1.188505853161864,0.7237127474815712,2.046500945752868
split_cell_heldout,ridge_cell_drug_fp,"T cells, Tacalcitol",0.3525044324152693,0.8403037757831557,0.6923123158304604,1.4317454682406079
split_cell_heldout,ridge_cell_drug_fp,"T cells, Selumetinib",0.38274977462636306,0.706518043120745,0.7049701985285453,1.5298283105338955
split_cell_heldout,ridge_cell_drug_fp,"T cells, Clotrimazole",0.2322254658237733,0.5576147550427686,0.5105964190861202,1.592475905221215
split_cell_heldout,ridge_cell_drug_fp,"T cells, RG7090",0.3385862811936485,0.753490228329256,0.6236308915270481,1.7263634036849866
split_cell_heldout,ridge_cell_drug_fp,"T cells, GLPG0634",0.49422272932525113,0.7207226636281008,0.7716984905730114,1.4872797682184487
split_cell_heldout,ridge_cell_drug_fp,"T cells, Mubritinib (TAK 165)",0.4698811336268297,1.0354150233328572,0.6631484239730498,2.0054112046099286
split_cell_heldout,ridge_cell_drug_fp,"T cells, Vanoxerine",0.22055628061910915,0.6075677412284269,0.5047603800617263,1.6167456320795914
split_cell_heldout,ridge_cell_drug_fp,"T cells, SB525334",0.4816966019004221,0.8499747475611206,0.7147400258261601,1.7548328291402697
split_cell_heldout,ridge_cell_drug_fp,"T cells, HYDROXYUREA",0.1514980588062264,0.5508687374371142,0.2752492494611691,1.649910389039257
split_scaffold_heldout,ridge_cell,"B cells, 5-(9-Isopropyl-8-methyl-2-morpholino-9H-purin-6-yl)pyrimidin-2-amine",0.6955945386296537,1.206546935851927,0.8230129347011739,2.2259200589855896
split_scaffold_heldout,ridge_cell,"Myeloid cells, 5-(9-Isopropyl-8-methyl-2-morpholino-9H-purin-6-yl)pyrimidin-2-amine",0.43077296332263443,1.5144144483767006,0.5799293388003082,2.612455123804143
split_scaffold_heldout,ridge_cell,"NK cells, 5-(9-Isopropyl-8-methyl-2-morpholino-9H-purin-6-yl)pyrimidin-2-amine",0.48938896957053457,0.824307073137013,0.7376915309415131,1.9447043903888217
split_scaffold_heldout,ridge_cell,"T cells, 5-(9-Isopropyl-8-methyl-2-morpholino-9H-purin-6-yl)pyrimidin-2-amine",0.6958552858090286,1.2676712183040921,0.8200149904332433,2.2631771382464847
split_scaffold_heldout,ridge_cell,"B cells, Raloxifene",0.1841120545536404,0.630947551640811,0.4305084810194745,1.7103163514163633
split_scaffold_heldout,ridge_cell,"Myeloid cells, Raloxifene",0.34717609552501755,0.9089367945679002,0.5793517150571659,2.0114774303781027
split_scaffold_heldout,ridge_cell,"NK cells, Raloxifene",0.08210612916948941,0.7686421357762038,0.14942903731287582,1.9505133896979012
split_scaffold_heldout,ridge_cell,"T cells, Raloxifene",-0.061076242159549564,0.9338917381424247,-0.054924289925768165,2.093228527456012
split_scaffold_heldout,ridge_cell,"NK cells, K-02288",0.19860736253198927,0.6046910425793609,0.42366066980304223,1.7364602365268462
split_scaffold_heldout,ridge_cell,"T cells, K-02288",0.39862196906576014,0.5059240140488916,0.6039542897740166,1.485282905754259
split_scaffold_heldout,ridge_cell,"B cells, Proscillaridin A;Proscillaridin-A",0.16821568676074417,2.2663868156843403,0.2155078021597244,3.134675370082132
split_scaffold_heldout,ridge_cell,"NK cells, Proscillaridin A;Proscillaridin-A",0.06281795637357689,2.2558290018759175,0.0908595918885559,3.163296767469357
split_scaffold_heldout,ridge_cell,"T cells, Proscillaridin A;Proscillaridin-A",0.004497860221801925,2.990630440899314,0.005730357395489128,3.54597320934601
split_scaffold_heldout,ridge_cell,"B cells, Dovitinib",0.6123553097821957,0.7834440229619923,0.8247220297144514,1.8629856555530766
split_scaffold_heldout,ridge_cell,"Myeloid cells, Dovitinib",0.07884796661687467,0.9712845806899197,0.20529228397996555,2.235779240488701
split_scaffold_heldout,ridge_cell,"NK cells, Dovitinib",0.34264876400076755,0.6986729106892824,0.5724851282190844,1.823059104736906
split_scaffold_heldout,ridge_cell,"T cells, Dovitinib",0.5310726876843589,0.6820674092851464,0.7574448522013902,1.825052097773992
split_scaffold_heldout,ridge_cell,"NK cells, AVL-292",0.3740295039461547,0.6407742270076968,0.6520168006374915,1.7571065780467756
split_scaffold_heldout,ridge_cell,"T cells, AVL-292",0.6367584504609217,0.6529843333794639,0.8463562177387487,1.6108277730156613
split_scaffold_heldout,ridge_cell,"NK cells, Trametinib",0.3498907271009386,0.6626091713239736,0.6245350321459129,1.7325784091778262
split_scaffold_heldout,ridge_cell,"T cells, Trametinib",0.36864786870715116,0.6648652415520128,0.6824692137708402,1.729979794287414
split_scaffold_heldout,ridge_cell,"NK cells, Sgc-cbp30",0.3039604125278809,0.6545007457845191,0.5627731266040061,1.7356486766530164
split_scaffold_heldout,ridge_cell,"T cells, Sgc-cbp30",0.3849665301160764,0.715233699566663,0.6110403005396969,1.7912796798166746
split_scaffold_heldout,ridge_cell,"B cells, FK 866",0.3728722782408233,0.709501665401253,0.6185344101201176,1.7917841166535657
split_scaffold_heldout,ridge_cell,"Myeloid cells, FK 866",0.36547541948066925,1.0981475989723262,0.5692050036166463,2.2035372717938198
split_scaffold_heldout,ridge_cell,"NK cells, FK 866",0.19785408585379965,0.7284066605146832,0.4068315242194854,1.8666469672493347
split_scaffold_heldout,ridge_cell,"T cells, FK 866",0.20682205325441091,0.9707841156309017,0.3993195378251161,2.1460139343684173
split_scaffold_heldout,ridge_cell,"NK cells, Dasatinib",0.33453964499977557,0.7258547995972651,0.5534687164807218,1.8173735710951298
split_scaffold_heldout,ridge_cell,"T cells, Dasatinib",0.659528662882003,0.9656575138197018,0.8171410158235445,1.9686895318974014
split_scaffold_heldout,ridge_cell,"NK cells, Desloratadine",0.1599636375559452,0.6355678890942361,0.34182403477231893,1.749514191083437
split_scaffold_heldout,ridge_cell,"T cells, Desloratadine",0.2624976423563026,0.530865215293798,0.5002573212171763,1.4523882261637702
split_scaffold_heldout,ridge_cell,"B cells, Dactolisib",0.6509721400941063,1.3223155722650224,0.7881414088815747,2.3856107904757478
split_scaffold_heldout,ridge_cell,"Myeloid cells, Dactolisib",0.5644875884781434,1.9905309538102678,0.6724803175518291,2.9030241053926784
split_scaffold_heldout,ridge_cell,"NK cells, Dactolisib",0.41333631178047314,0.9838753355586016,0.6308362954732926,2.216498521789504
split_scaffold_heldout,ridge_cell,"T cells, Dactolisib",0.6611490055412486,1.4053126012688806,0.7958420226317736,2.4625598341919592
split_scaffold_heldout,ridge_cell,"B cells, Quizartinib",0.1331388051825056,0.5988513165866205,0.35028650168866954,1.6063336614264547
split_scaffold_heldout,ridge_cell,"Myeloid cells, Quizartinib",0.3659613328076293,0.72991982874388,0.6409152849639027,1.9432055590798416
split_scaffold_heldout,ridge_cell,"NK cells, Quizartinib",0.1469538937826887,0.6344724364502028,0.27418248466780853,1.805405236594885
split_scaffold_heldout,ridge_cell,"T cells, Quizartinib",0.2713240231832685,0.5472705592604242,0.48551585499297667,1.706851835768627
split_scaffold_heldout,ridge_cell,"B cells, PD-0325901",0.5711925287026041,0.7095049095320952,0.8023658783022859,1.781932188802234
split_scaffold_heldout,ridge_cell,"Myeloid cells, PD-0325901",0.5415369697191978,1.2466721001585086,0.7269036992092001,2.311800030764678
split_scaffold_heldout,ridge_cell,"NK cells, PD-0325901",0.33961721313454624,0.7428093146628089,0.5631321792613422,1.8858246026633692
split_scaffold_heldout,ridge_cell,"T cells, PD-0325901",0.5631379557445247,0.7663555328254898,0.7576643748310575,1.8411502870094916
split_scaffold_heldout,ridge_cell,"B cells, Riociguat",0.1960973682319997,0.5847235783336104,0.3634688584653982,1.7173378242039994
split_scaffold_heldout,ridge_cell,"Myeloid cells, Riociguat",0.25083946240819616,0.604057763470107,0.4174190596946181,1.6351898796138604
split_scaffold_heldout,ridge_cell,"NK cells, Riociguat",0.25423102180491625,0.6299311342608093,0.48432663766732,1.7472929192717688
split_scaffold_heldout,ridge_cell,"T cells, Riociguat",0.30122322340613017,0.5060140373657023,0.42158661440884826,1.6573945298543873
split_scaffold_heldout,ridge_cell,"B cells, CHIR-99021",-0.14322162417259535,0.8671925094728212,-0.29723489209501314,2.1478323487408377
split_scaffold_heldout,ridge_cell,"Myeloid cells, CHIR-99021",-0.015796550319426422,1.2611504005429575,-0.019858632434793116,2.4755767844646464
split_scaffold_heldout,ridge_cell,"NK cells, CHIR-99021",0.062252561747304876,0.7387113555973928,0.1237688112536855,1.924309462528633
split_scaffold_heldout,ridge_cell,"T cells, CHIR-99021",-0.04610517023317444,1.4927658871075293,-0.04490398878360787,2.782232218725092
split_scaffold_heldout,ridge_cell,"NK cells, Defactinib",0.23667302012981048,0.6416159134611451,0.524783267634279,1.7676637263374195
split_scaffold_heldout,ridge_cell,"T cells, Defactinib",0.28028982095087496,0.7399488617951144,0.5062514674182352,1.9466277960105358
split_scaffold_heldout,ridge_cell,"NK cells, Nilotinib",0.3580469577722691,0.6939610712383281,0.5950511529799986,1.7709734647942557
split_scaffold_heldout,ridge_cell,"T cells, Nilotinib",0.6393598712194307,0.7137037135031503,0.8414854629910664,1.6497416801709455
split_scaffold_heldout,ridge_cell,"B cells, GO-6976",0.1491305623144592,0.7180661696731693,0.3214812926098966,1.8650592127179964
split_scaffold_heldout,ridge_cell,"Myeloid cells, GO-6976",0.26593095808718276,1.1137136533904068,0.46517766650431036,2.1835649329690594
split_scaffold_heldout,ridge_cell,"NK cells, GO-6976",0.08071650706580183,0.7826301677177738,0.22267050584440176,1.9129403292688392
split_scaffold_heldout,ridge_cell,"T cells, GO-6976",-0.09125999600167546,0.9610312180442352,-0.11406625714587974,2.1683618583809268
split_scaffold_heldout,ridge_cell,"B cells, Pitavastatin Calcium",-0.12731459760191258,1.1653674475836513,-0.17029854389766283,2.470925433662495
split_scaffold_heldout,ridge_cell,"Myeloid cells, Pitavastatin Calcium",-0.010817842611251877,2.357017661891858,-0.002472029082671142,3.233942029216012
split_scaffold_heldout,ridge_cell,"NK cells, Pitavastatin Calcium",-0.03894200636629555,1.4031802120482884,-0.030545504915950962,2.671061437602302
split_scaffold_heldout,ridge_cell,"T cells, Pitavastatin Calcium",-0.1691346219547564,1.659434955632802,-0.23647309253514906,2.9086593909662297
split_scaffold_heldout,ridge_cell,"B cells, AZ628",0.6845080624680818,0.7912707893478951,0.844946115087138,1.7820799042941684
split_scaffold_heldout,ridge_cell,"Myeloid cells, AZ628",0.4783973113189887,0.8827044355347213,0.7102840778773785,1.9194312978221424
split_scaffold_heldout,ridge_cell,"NK cells, AZ628",0.37405655617521216,0.6724699646503594,0.6331670927502974,1.7316650421398152
split_scaffold_heldout,ridge_cell,"T cells, AZ628",0.6455269473978613,0.6300278121870797,0.8482366318506536,1.5882078723207789
split_scaffold_heldout,ridge_cell,"NK cells, Clemastine",0.2517437441502628,0.6318078432353857,0.4067238604374528,1.7297760015581198
split_scaffold_heldout,ridge_cell,"T cells, Clemastine",0.43434814886615486,0.49866824566839707,0.796434150015159,1.3158556905800605
split_scaffold_heldout,ridge_cell,"NK cells, YK 4-279",0.06559997762826043,0.6881697466372435,0.14648015502346887,1.818782900616714
split_scaffold_heldout,ridge_cell,"T cells, YK 4-279",-0.053912456205639475,0.6823594965078816,-0.22204998146925206,1.8633679354429034
split_scaffold_heldout,ridge_cell,"NK cells, ABT-199 (GDC-0199)",0.18425629176467193,0.6297830955390745,0.41237439261660247,1.7786597790714038
split_scaffold_heldout,ridge_cell,"T cells, ABT-199 (GDC-0199)",0.05272793529369367,0.6118603476227303,0.4071617330045589,1.6722463125507552
split_scaffold_heldout,ridge_cell,"NK cells, AZD4547",0.2546472738784559,0.6276958352557597,0.4901402261015389,1.7466338561426664
split_scaffold_heldout,ridge_cell,"T cells, AZD4547",0.3238451122170593,0.5126570399022528,0.5465830386957666,1.5155964469079088
split_scaffold_heldout,ridge_cell,"NK cells, Prednisolone",0.3874532808071792,0.8898382008951907,0.6044968336529691,2.117447415980598
split_scaffold_heldout,ridge_cell,"T cells, Prednisolone",0.5443745269227128,1.3040761351598726,0.6774160534677864,2.4551564820661125
split_scaffold_heldout,ridge_cell,"NK cells, Mubritinib (TAK 165)",0.31548554364135756,0.8096963820333598,0.5559357366812281,1.9974034162237755
split_scaffold_heldout,ridge_cell,"T cells, Mubritinib (TAK 165)",0.4412944290488329,1.0674163350452,0.6371852829611762,2.235614637621081
split_scaffold_heldout,ridge_cell,"B cells, K-02288",0.4336791563438217,0.5922667192791684,0.7120949056908603,1.5693601049511756
split_scaffold_heldout,ridge_cell,"Myeloid cells, K-02288",0.18824976194442813,0.9691244598201649,0.4054299626589791,2.1574314823143284
split_scaffold_heldout,ridge_cell,"B cells, AVL-292",0.6756544059383427,0.8667627820818294,0.8473893287151818,1.8833146416971824
split_scaffold_heldout,ridge_cell,"Myeloid cells, AVL-292",0.47112386059944733,0.8461832870053303,0.7323498498243437,1.8966418873637951
split_scaffold_heldout,ridge_cell,"B cells, Trametinib",0.33204745470161195,0.7182366574526515,0.603199693058368,1.799480453107583
split_scaffold_heldout,ridge_cell,"Myeloid cells, Trametinib",0.3006763392805121,1.3727298720849064,0.44054835334397174,2.4856812511503765
split_scaffold_heldout,ridge_cell,"B cells, Sgc-cbp30",0.34105086311288435,0.6327842178344796,0.6543816506815633,1.6268475225761994
split_scaffold_heldout,ridge_cell,"Myeloid cells, Sgc-cbp30",0.25006281969292393,0.9695487171785374,0.45143209905922993,2.103195489036417
split_scaffold_heldout,ridge_cell,"B cells, Dasatinib",0.6597415412363574,1.0655636012514829,0.8330897826291828,2.153747250460549
split_scaffold_heldout,ridge_cell,"Myeloid cells, Dasatinib",0.5755081978164631,1.4170716386328732,0.7398350931765518,2.4164427303557794
split_scaffold_heldout,ridge_cell,"B cells, Desloratadine",0.19098916668579968,0.5886781409200346,0.2872024077200056,1.6244678449147583
split_scaffold_heldout,ridge_cell,"Myeloid cells, Desloratadine",0.10014151564836457,0.6726813524356146,0.2094087556113587,1.7345923221492285
split_scaffold_heldout,ridge_cell,"B cells, Defactinib",0.4573618882501704,0.6660616053374405,0.7086187220967922,1.6315422638861792
split_scaffold_heldout,ridge_cell,"Myeloid cells, Defactinib",0.5799000660444286,0.9119948028241036,0.7846029769524389,1.9184360353416368
split_scaffold_heldout,ridge_cell,"B cells, Nilotinib",0.6510380326901666,0.7829778715593777,0.8470658124889325,1.8030966887457938
split_scaffold_heldout,ridge_cell,"Myeloid cells, Nilotinib",0.46497391746094724,1.092448049465135,0.6861297606726092,2.1941632969311913
split_scaffold_heldout,ridge_cell,"B cells, Clemastine",0.3541274661527631,0.6322038562134261,0.5552151603754334,1.730808156535096
split_scaffold_heldout,ridge_cell,"Myeloid cells, Clemastine",0.44469598368021473,0.6071347169141293,0.7470774058342601,1.513062253724416
split_scaffold_heldout,ridge_cell,"B cells, YK 4-279",0.13754587689894118,0.6279426772609192,0.288817289511984,1.762017898147143
split_scaffold_heldout,ridge_cell,"Myeloid cells, YK 4-279",0.2241915145742313,0.6241601098627663,0.383730469030352,1.634988763524675
split_scaffold_heldout,ridge_cell,"B cells, ABT-199 (GDC-0199)",-0.11409063136632211,1.0564322613952413,-0.2434781090159132,2.3126660100284564
split_scaffold_heldout,ridge_cell,"Myeloid cells, ABT-199 (GDC-0199)",-0.005423081109691558,0.6465030894284791,0.06716559195585325,1.7948127470209567
split_scaffold_heldout,ridge_cell,"B cells, AZD4547",0.2611439107695403,0.5788388903200714,0.5182054836946535,1.6367695477650885
split_scaffold_heldout,ridge_cell,"Myeloid cells, AZD4547",0.2924835934179163,0.659044639784888,0.5532875191525487,1.7369940577203336
split_scaffold_heldout,ridge_cell,"B cells, Prednisolone",0.5749862562865361,0.9873978329701243,0.7574513891374685,2.1222832124879174
split_scaffold_heldout,ridge_cell,"Myeloid cells, Prednisolone",0.5039892297711375,1.4768833738425988,0.6513539699346094,2.525591865969509
split_scaffold_heldout,ridge_cell,"B cells, Mubritinib (TAK 165)",0.47145636380679273,0.7667250004765379,0.707374616887028,1.8398481174558026
split_scaffold_heldout,ridge_cell,"Myeloid cells, Mubritinib (TAK 165)",0.24705309470332376,1.1253293335102608,0.39741111558053616,2.312227326660283
split_scaffold_heldout,ridge_drug_fp,"B cells, 5-(9-Isopropyl-8-methyl-2-morpholino-9H-purin-6-yl)pyrimidin-2-amine",0.6385627566656741,1.1923758979034376,0.7895704858509243,2.1778872571166916
split_scaffold_heldout,ridge_drug_fp,"Myeloid cells, 5-(9-Isopropyl-8-methyl-2-morpholino-9H-purin-6-yl)pyrimidin-2-amine",0.47956486375511564,1.485303424510298,0.6298496574943107,2.554392379906207
split_scaffold_heldout,ridge_drug_fp,"NK cells, 5-(9-Isopropyl-8-methyl-2-morpholino-9H-purin-6-yl)pyrimidin-2-amine",0.4743837895954661,0.7999367540027698,0.6950612844902678,1.7894211502115414
split_scaffold_heldout,ridge_drug_fp,"T cells, 5-(9-Isopropyl-8-methyl-2-morpholino-9H-purin-6-yl)pyrimidin-2-amine",0.6764927784397985,1.2418144525855204,0.8088836798486219,2.206358699427687
split_scaffold_heldout,ridge_drug_fp,"B cells, Raloxifene",0.0530576584305094,0.7144818276636622,0.16683916866253565,1.8060999917048324
split_scaffold_heldout,ridge_drug_fp,"Myeloid cells, Raloxifene",0.019517361848652267,1.0438477826292718,0.09569194207485729,2.251668231124407
split_scaffold_heldout,ridge_drug_fp,"NK cells, Raloxifene",-0.11830306387239374,0.9008495891782358,-0.2053515800612408,2.0940419317207173
split_scaffold_heldout,ridge_drug_fp,"T cells, Raloxifene",-0.23400316194670986,1.0309009300408871,-0.4051335455669475,2.2612589173892026
split_scaffold_heldout,ridge_drug_fp,"NK cells, K-02288",0.06239715434346132,0.7258930470361867,0.19814954242080762,1.7757266427293785
split_scaffold_heldout,ridge_drug_fp,"T cells, K-02288",0.09698712468053039,0.6573858102789464,0.20006843964944512,1.7190306823713517
split_scaffold_heldout,ridge_drug_fp,"B cells, Proscillaridin A;Proscillaridin-A",0.1665704054309194,2.266233333066975,0.2246136732764485,3.128666229408881
split_scaffold_heldout,ridge_drug_fp,"NK cells, Proscillaridin A;Proscillaridin-A",0.12947828443294074,2.2414182594217578,0.17591849741900814,3.130899430958721
split_scaffold_heldout,ridge_drug_fp,"T cells, Proscillaridin A;Proscillaridin-A",0.14578894720449187,2.9431216862259038,0.168949431870984,3.4878664795089582
split_scaffold_heldout,ridge_drug_fp,"B cells, Dovitinib",0.4058395515260754,0.8547423106232623,0.6762984967710295,2.000801893955014
split_scaffold_heldout,ridge_drug_fp,"Myeloid cells, Dovitinib",0.008218132067045728,0.9915927915291672,0.10125069614335708,2.2805219019648817
split_scaffold_heldout,ridge_drug_fp,"NK cells, Dovitinib",0.18883291212482015,0.7573835867701817,0.4038983714728028,1.8563524454057319
split_scaffold_heldout,ridge_drug_fp,"T cells, Dovitinib",0.37073483417731856,0.7417234191387292,0.6718964350976379,1.9258180331126113
split_scaffold_heldout,ridge_drug_fp,"NK cells, AVL-292",0.20022897307272175,0.7321532294651826,0.4231672839929181,1.785106275985641
split_scaffold_heldout,ridge_drug_fp,"T cells, AVL-292",0.3678742873027868,0.7637014058604876,0.6431185116728281,1.779376206927731
split_scaffold_heldout,ridge_drug_fp,"NK cells, Trametinib",0.2329641189445488,0.7954332803459436,0.46544485366533017,1.6970364575261367
split_scaffold_heldout,ridge_drug_fp,"T cells, Trametinib",0.40042381314263353,0.7113245564661421,0.6859522563274117,1.5832724591074472
split_scaffold_heldout,ridge_drug_fp,"NK cells, Sgc-cbp30",0.2135981758720226,0.8106383401054553,0.40447930625491596,1.7102151036258724
split_scaffold_heldout,ridge_drug_fp,"T cells, Sgc-cbp30",0.22487766628724312,0.8678287732435073,0.3750705138748008,1.8960840578144293
split_scaffold_heldout,ridge_drug_fp,"B cells, FK 866",0.09271165878220666,0.8444234369697117,0.2969458247625772,1.9679087962676787
split_scaffold_heldout,ridge_drug_fp,"Myeloid cells, FK 866",-0.00930825080006515,1.258528890090347,0.018280288821210224,2.452457597469378
split_scaffold_heldout,ridge_drug_fp,"NK cells, FK 866",-0.060400982551282865,0.8824614330905495,-0.06760148979455351,2.0323381216779612
split_scaffold_heldout,ridge_drug_fp,"T cells, FK 866",-0.018129703241738026,1.0850431137753367,0.06153419700393329,2.299553036200735
split_scaffold_heldout,ridge_drug_fp,"NK cells, Dasatinib",0.26688780954704533,0.7565954857163498,0.47022394957409375,1.794617441913776
split_scaffold_heldout,ridge_drug_fp,"T cells, Dasatinib",0.5784363665210369,0.9857155083894682,0.7788875483538186,1.9857456591561509
split_scaffold_heldout,ridge_drug_fp,"NK cells, Desloratadine",-0.008151228493823465,0.7116038664714184,-0.07585900511686254,1.8591541556517337
split_scaffold_heldout,ridge_drug_fp,"T cells, Desloratadine",0.009280976474015481,0.6013501425785759,-0.038302702298890205,1.713037133760444
split_scaffold_heldout,ridge_drug_fp,"B cells, Dactolisib",0.03584850273260826,1.5314150870475933,0.051187782676363126,2.73126038832809
split_scaffold_heldout,ridge_drug_fp,"Myeloid cells, Dactolisib",0.003136030782668263,2.1949079088915977,-0.000671431528989379,3.1940297336192804
split_scaffold_heldout,ridge_drug_fp,"NK cells, Dactolisib",0.010789538470162285,1.1041836588991683,-0.0216607588543098,2.423945737897788
split_scaffold_heldout,ridge_drug_fp,"T cells, Dactolisib",0.04868670280869595,1.6188819770559557,0.07466234255419808,2.8132282062349185
split_scaffold_heldout,ridge_drug_fp,"B cells, Quizartinib",0.026147022084798025,0.8703784652965928,0.1778079708752232,1.7777231024357363
split_scaffold_heldout,ridge_drug_fp,"Myeloid cells, Quizartinib",0.10058212907396198,0.9847749879228616,0.15422313727774023,2.2574034543486694
split_scaffold_heldout,ridge_drug_fp,"NK cells, Quizartinib",-0.011293638573467303,0.9361651483156092,-0.04936315446729081,1.9956992727103633
split_scaffold_heldout,ridge_drug_fp,"T cells, Quizartinib",0.1590924327693933,0.8016923178247632,0.33004463181207744,1.7641154318777954
split_scaffold_heldout,ridge_drug_fp,"B cells, PD-0325901",0.4069827131561541,0.7742840746292522,0.6661359531650709,1.8182470120486292
split_scaffold_heldout,ridge_drug_fp,"Myeloid cells, PD-0325901",0.49300270423299936,1.2448943351182076,0.6609716481937415,2.286279154456443
split_scaffold_heldout,ridge_drug_fp,"NK cells, PD-0325901",0.24311483806858863,0.8045353844662533,0.44166051218574626,1.8661966157474335
split_scaffold_heldout,ridge_drug_fp,"T cells, PD-0325901",0.4462024616212343,0.8075663320473475,0.7007942347335915,1.8091606891494378
split_scaffold_heldout,ridge_drug_fp,"B cells, Riociguat",0.08352037232474002,0.5961220675499538,0.17326694789989255,1.7952706321861982
split_scaffold_heldout,ridge_drug_fp,"Myeloid cells, Riociguat",0.017979879829148726,0.6354988208976935,0.02851303299658129,1.7814018865309982
split_scaffold_heldout,ridge_drug_fp,"NK cells, Riociguat",0.10423426846470404,0.6739049202788462,0.20579547157545708,1.8344091498103647
split_scaffold_heldout,ridge_drug_fp,"T cells, Riociguat",0.03981679714332905,0.551435432681897,0.17154553716022913,1.7868254636531888
split_scaffold_heldout,ridge_drug_fp,"B cells, CHIR-99021",-0.18271971447787097,0.9423475064028805,-0.3589515565500041,2.2369169072211297
split_scaffold_heldout,ridge_drug_fp,"Myeloid cells, CHIR-99021",-0.02797962249666341,1.2894969744670748,-0.034057962121421474,2.4915060314621917
split_scaffold_heldout,ridge_drug_fp,"NK cells, CHIR-99021",-0.0636303647339499,0.8612093022239878,-0.14896639194482889,2.0557713990599504
split_scaffold_heldout,ridge_drug_fp,"T cells, CHIR-99021",-0.29462913053037976,1.620004781451955,-0.45834384259158034,3.0039435465197455
split_scaffold_heldout,ridge_drug_fp,"NK cells, Defactinib",0.09394073652481756,0.7203391792635152,0.15818910407485212,1.8664214517538336
split_scaffold_heldout,ridge_drug_fp,"T cells, Defactinib",0.1034055643659262,0.8085215007391673,0.2582215037495354,2.0796433647150727
split_scaffold_heldout,ridge_drug_fp,"NK cells, Nilotinib",0.011106248118789104,0.851028971913966,0.01860622189876643,1.9686810477252452
split_scaffold_heldout,ridge_drug_fp,"T cells, Nilotinib",0.03612728598467832,0.9621070736946362,0.07803362610508785,2.1262269831704237
split_scaffold_heldout,ridge_drug_fp,"B cells, GO-6976",0.007919092148015797,0.7622859397358783,0.07812305876748797,1.950799949119113
split_scaffold_heldout,ridge_drug_fp,"Myeloid cells, GO-6976",0.04449175890437051,1.183487817308227,0.11420390939705134,2.338310005355241
split_scaffold_heldout,ridge_drug_fp,"NK cells, GO-6976",-0.10166229490339224,0.8630890294360725,-0.16476832216493165,2.037293438633759
split_scaffold_heldout,ridge_drug_fp,"T cells, GO-6976",-0.17090197101625274,0.9808733942129765,-0.26254057935925573,2.203012439064602
split_scaffold_heldout,ridge_drug_fp,"B cells, Pitavastatin Calcium",-0.07739813989024677,1.1415370210788287,-0.13141957211922045,2.424263805455432
split_scaffold_heldout,ridge_drug_fp,"Myeloid cells, Pitavastatin Calcium",0.03458171074811836,2.3343242763584025,0.05001791968330533,3.2052547322801317
split_scaffold_heldout,ridge_drug_fp,"NK cells, Pitavastatin Calcium",-0.10299311839783101,1.4362681412029388,-0.168975863796115,2.7177655009238046
split_scaffold_heldout,ridge_drug_fp,"T cells, Pitavastatin Calcium",-0.11399658193906255,1.6297065290815926,-0.1981755587575825,2.8601820140601886
split_scaffold_heldout,ridge_drug_fp,"B cells, AZ628",0.17981478785496208,0.9692100685579289,0.24454827440987126,2.162155202213701
split_scaffold_heldout,ridge_drug_fp,"Myeloid cells, AZ628",0.01255027923302913,1.050542205848005,0.02053666547813759,2.2823933278810333
split_scaffold_heldout,ridge_drug_fp,"NK cells, AZ628",0.034034675208203094,0.789086308935102,0.08647244998628645,1.9009305952020017
split_scaffold_heldout,ridge_drug_fp,"T cells, AZ628",0.15167697568434055,0.8130316844566325,0.16916974641284865,2.0531295695032004
split_scaffold_heldout,ridge_drug_fp,"NK cells, Clemastine",0.10919078156973581,0.6689640030103314,0.15135349771317402,1.7902738603162733
split_scaffold_heldout,ridge_drug_fp,"T cells, Clemastine",0.23607515673051596,0.5416133532595576,0.5476875894025465,1.5493374177864478
split_scaffold_heldout,ridge_drug_fp,"NK cells, YK 4-279",-0.04070829132586637,0.7471139417961626,-0.027649307708781844,1.873023882146538
split_scaffold_heldout,ridge_drug_fp,"T cells, YK 4-279",-0.0763092393578815,0.6788901880896472,-0.14359082633841108,1.7687870437678257
split_scaffold_heldout,ridge_drug_fp,"NK cells, ABT-199 (GDC-0199)",0.059828356400417775,0.7451062515107794,0.11876054422021734,1.8869390733375322
split_scaffold_heldout,ridge_drug_fp,"T cells, ABT-199 (GDC-0199)",0.08775981628567234,0.6572431868002734,0.4364897313482648,1.6366072439852752
split_scaffold_heldout,ridge_drug_fp,"NK cells, AZD4547",0.13304958197511263,0.6923108179658445,0.3074834968554211,1.7762549905174188
split_scaffold_heldout,ridge_drug_fp,"T cells, AZD4547",0.2891416936839847,0.5311665797090371,0.5371523373656806,1.5126270505523223
split_scaffold_heldout,ridge_drug_fp,"NK cells, Prednisolone",0.4239074587480304,0.860766310323877,0.6629913489579533,1.9519417625415965
split_scaffold_heldout,ridge_drug_fp,"T cells, Prednisolone",0.6360103781446546,1.2428900690205487,0.8059492119853455,2.3100561855194854
split_scaffold_heldout,ridge_drug_fp,"NK cells, Mubritinib (TAK 165)",0.2865354567862876,0.8333678774268967,0.5457736938189242,1.9028905176242934
split_scaffold_heldout,ridge_drug_fp,"T cells, Mubritinib (TAK 165)",0.45751965950786433,1.0473237204686152,0.6848785188026627,2.153923877437663
split_scaffold_heldout,ridge_drug_fp,"B cells, K-02288",0.28139320420896896,0.677448032122846,0.5945683879403976,1.6196550676813948
split_scaffold_heldout,ridge_drug_fp,"Myeloid cells, K-02288",-0.08258778924162757,1.095835660203634,-0.06823611917134136,2.381814101368969
split_scaffold_heldout,ridge_drug_fp,"B cells, AVL-292",0.40845278344856467,0.9553047753780611,0.638410933058896,2.004881759203213
split_scaffold_heldout,ridge_drug_fp,"Myeloid cells, AVL-292",0.14969612728290688,0.9823863463188206,0.3372209925296801,2.1463853520480116
split_scaffold_heldout,ridge_drug_fp,"B cells, Trametinib",0.2988621349347911,0.7994315182633627,0.608237159442898,1.7011803937264216
split_scaffold_heldout,ridge_drug_fp,"Myeloid cells, Trametinib",0.2758536919897286,1.3917062951483554,0.39167894872609743,2.4579182380155906
split_scaffold_heldout,ridge_drug_fp,"B cells, Sgc-cbp30",0.1674305981303788,0.8198930555946037,0.38671846049935626,1.7224972329924206
split_scaffold_heldout,ridge_drug_fp,"Myeloid cells, Sgc-cbp30",0.2622617133937481,1.0200329618469843,0.44209266759188787,2.055454041737425
split_scaffold_heldout,ridge_drug_fp,"B cells, Dasatinib",0.4959067855187505,1.1124865366420116,0.715763949124669,2.220005282530204
split_scaffold_heldout,ridge_drug_fp,"Myeloid cells, Dasatinib",0.5446088474859287,1.427251123159777,0.7043485022427961,2.430197380115182
split_scaffold_heldout,ridge_drug_fp,"B cells, Desloratadine",-0.04596414336316547,0.6590681998907083,-0.1569267524730599,1.7841326008783633
split_scaffold_heldout,ridge_drug_fp,"Myeloid cells, Desloratadine",-0.014103641647235227,0.6906709767061517,0.04454825472959333,1.775859779396031
split_scaffold_heldout,ridge_drug_fp,"B cells, Defactinib",0.20340372515595317,0.761253959009122,0.43216198470998834,1.8017056709190058
split_scaffold_heldout,ridge_drug_fp,"Myeloid cells, Defactinib",0.2843749238526937,1.027224984559342,0.49891130541380585,2.1373920825284025
split_scaffold_heldout,ridge_drug_fp,"B cells, Nilotinib",0.10092382037698926,1.0007939558479657,0.18814131217889127,2.2020425044336065
split_scaffold_heldout,ridge_drug_fp,"Myeloid cells, Nilotinib",-0.0038892082425209585,1.2858756040932715,0.007146298842023335,2.5282786296678488
split_scaffold_heldout,ridge_drug_fp,"B cells, Clemastine",0.2511697400712124,0.6536923338814936,0.46119656981904583,1.8064594556435727
split_scaffold_heldout,ridge_drug_fp,"Myeloid cells, Clemastine",0.24260590780266067,0.6594043859060743,0.47863967429096677,1.7521599456981507
split_scaffold_heldout,ridge_drug_fp,"B cells, YK 4-279",0.05767316569071587,0.6488785693440131,0.13036485073052131,1.8192390103902825
split_scaffold_heldout,ridge_drug_fp,"Myeloid cells, YK 4-279",0.045556445531448365,0.6611248863563332,-0.005489476363656708,1.7731443978030976
split_scaffold_heldout,ridge_drug_fp,"B cells, ABT-199 (GDC-0199)",-0.0316492162766295,1.0789319538063333,-0.06665027433096332,2.286605474076522
split_scaffold_heldout,ridge_drug_fp,"Myeloid cells, ABT-199 (GDC-0199)",0.15460628327098877,0.6360549748083939,0.3965570145328237,1.6318117004516826
split_scaffold_heldout,ridge_drug_fp,"B cells, AZD4547",0.21940257585486156,0.6035094948347456,0.43732265512138835,1.67676066575394
split_scaffold_heldout,ridge_drug_fp,"Myeloid cells, AZD4547",0.2454494730359218,0.6724315640324444,0.4664703095398676,1.7944703209492523
split_scaffold_heldout,ridge_drug_fp,"B cells, Prednisolone",0.5036909968075123,0.9964633353089917,0.7424063958017906,2.0828798601785428
split_scaffold_heldout,ridge_drug_fp,"Myeloid cells, Prednisolone",0.5201274354840184,1.4600077230696076,0.6814655988704406,2.488511424393558
split_scaffold_heldout,ridge_drug_fp,"B cells, Mubritinib (TAK 165)",0.40234076888262565,0.7925983721317907,0.6947511538116917,1.8121031592202623
split_scaffold_heldout,ridge_drug_fp,"Myeloid cells, Mubritinib (TAK 165)",0.24410907693340417,1.131872026393159,0.42050677214746496,2.2846664275646704
split_scaffold_heldout,ridge_cell_drug_fp,"B cells, 5-(9-Isopropyl-8-methyl-2-morpholino-9H-purin-6-yl)pyrimidin-2-amine",0.6949045263179779,1.138756806278237,0.8269420659883612,2.0703179742053277
split_scaffold_heldout,ridge_cell_drug_fp,"Myeloid cells, 5-(9-Isopropyl-8-methyl-2-morpholino-9H-purin-6-yl)pyrimidin-2-amine",0.5046115493551755,1.4531514269033146,0.6559163361484424,2.4844711289772814
split_scaffold_heldout,ridge_cell_drug_fp,"NK cells, 5-(9-Isopropyl-8-methyl-2-morpholino-9H-purin-6-yl)pyrimidin-2-amine",0.508950202572229,0.7871888464349235,0.7416957988373145,1.7769797824338496
split_scaffold_heldout,ridge_cell_drug_fp,"T cells, 5-(9-Isopropyl-8-methyl-2-morpholino-9H-purin-6-yl)pyrimidin-2-amine",0.7411232905766918,1.1801814529201873,0.8500513773957782,2.089837830359153
split_scaffold_heldout,ridge_cell_drug_fp,"B cells, Raloxifene",0.11260822429784799,0.7181230679521986,0.2818451833330264,1.7559182678607086
split_scaffold_heldout,ridge_cell_drug_fp,"Myeloid cells, Raloxifene",0.2312824455241588,0.9806059746024093,0.4622916137783531,2.0538205738107553
split_scaffold_heldout,ridge_cell_drug_fp,"NK cells, Raloxifene",-0.04505026552717936,0.8619880466632452,-0.06695342698780601,2.0388819310371984
split_scaffold_heldout,ridge_cell_drug_fp,"T cells, Raloxifene",-0.15294200469778932,1.0381115423078688,-0.2555858891952092,2.2261793650818342
split_scaffold_heldout,ridge_cell_drug_fp,"NK cells, K-02288",0.12232287375677026,0.6893887383720341,0.34331744239673245,1.714227587825947
split_scaffold_heldout,ridge_cell_drug_fp,"T cells, K-02288",0.2226833490162817,0.6379571808445372,0.4376121417836565,1.5763491645328824
split_scaffold_heldout,ridge_cell_drug_fp,"B cells, Proscillaridin A;Proscillaridin-A",0.21255514709498266,2.2469798683576707,0.2830398146542562,3.097399044268529
split_scaffold_heldout,ridge_cell_drug_fp,"NK cells, Proscillaridin A;Proscillaridin-A",0.18512214161618212,2.2205129425082335,0.24596363171995653,3.1023270535577177
split_scaffold_heldout,ridge_cell_drug_fp,"T cells, Proscillaridin A;Proscillaridin-A",0.15353332628638494,2.939241946169458,0.1766287037250556,3.4815464412695674
split_scaffold_heldout,ridge_cell_drug_fp,"B cells, Dovitinib",0.5161126000334318,0.804068521358325,0.7731599042603837,1.841055930604291
split_scaffold_heldout,ridge_cell_drug_fp,"Myeloid cells, Dovitinib",0.060125378790443426,0.9975317705058296,0.17425515468915379,2.252723644415304
split_scaffold_heldout,ridge_cell_drug_fp,"NK cells, Dovitinib",0.23588525137170446,0.7361284662555365,0.49670818656753685,1.8176081415265957
split_scaffold_heldout,ridge_cell_drug_fp,"T cells, Dovitinib",0.45797391708249036,0.710605650347639,0.7315298300392113,1.789877096334936
split_scaffold_heldout,ridge_cell_drug_fp,"NK cells, AVL-292",0.23207159062910046,0.7139361883657888,0.5001845411814753,1.7463895775278986
split_scaffold_heldout,ridge_cell_drug_fp,"T cells, AVL-292",0.48269431017013575,0.7134586737618136,0.7683552780040016,1.6067575905473386
split_scaffold_heldout,ridge_cell_drug_fp,"NK cells, Trametinib",0.29341171256440607,0.7456316051894982,0.5481060865470794,1.6323449000410786
split_scaffold_heldout,ridge_cell_drug_fp,"T cells, Trametinib",0.4353059948039597,0.7077987063402632,0.7209404343889585,1.5020582023794045
split_scaffold_heldout,ridge_cell_drug_fp,"NK cells, Sgc-cbp30",0.2422399124607515,0.7698383247268398,0.45227076031535174,1.676103861198455
split_scaffold_heldout,ridge_cell_drug_fp,"T cells, Sgc-cbp30",0.2821966325207433,0.8622810903117964,0.4677171401489116,1.8050667044753623
split_scaffold_heldout,ridge_cell_drug_fp,"B cells, FK 866",0.170982724280957,0.8318461580709693,0.4414237241723613,1.8737126544271954
split_scaffold_heldout,ridge_cell_drug_fp,"Myeloid cells, FK 866",0.1491060981048769,1.2089628077742838,0.2931495464065004,2.3160181488787273
split_scaffold_heldout,ridge_cell_drug_fp,"NK cells, FK 866",-0.018750611084458368,0.8582399012143469,0.022941072278841002,1.9945657576478932
split_scaffold_heldout,ridge_cell_drug_fp,"T cells, FK 866",0.035538928992161954,1.0875213192153372,0.15711069695872906,2.259186211374063
split_scaffold_heldout,ridge_cell_drug_fp,"NK cells, Dasatinib",0.3117246025121645,0.7367965703905169,0.5461019649720887,1.7635541776610228
split_scaffold_heldout,ridge_cell_drug_fp,"T cells, Dasatinib",0.6521155059073709,0.932510444176452,0.8120789779484865,1.868206296495931
split_scaffold_heldout,ridge_cell_drug_fp,"NK cells, Desloratadine",0.05519590197776931,0.6978047267332398,0.1527612477749758,1.7914488264693391
split_scaffold_heldout,ridge_cell_drug_fp,"T cells, Desloratadine",0.13478711650215427,0.5880322756752786,0.35965892443472286,1.5778437100900893
split_scaffold_heldout,ridge_cell_drug_fp,"B cells, Dactolisib",0.164343348841048,1.489793606848033,0.25662947261071645,2.6466816102944697
split_scaffold_heldout,ridge_cell_drug_fp,"Myeloid cells, Dactolisib",0.18647601247809326,2.1308276832623423,0.24432349768180925,3.0948279362138167
split_scaffold_heldout,ridge_cell_drug_fp,"NK cells, Dactolisib",-0.046655355338421634,1.130131629701962,-0.13643285561120874,2.474525124979025
split_scaffold_heldout,ridge_cell_drug_fp,"T cells, Dactolisib",0.21883890585406798,1.5621475208415496,0.3248429110353146,2.698857648419932
split_scaffold_heldout,ridge_cell_drug_fp,"B cells, Quizartinib",0.05840319131599153,0.8885641554022646,0.22095906607505658,1.763310057430352
split_scaffold_heldout,ridge_cell_drug_fp,"Myeloid cells, Quizartinib",0.21291469131058896,0.9619011534033033,0.40760524339994597,2.029752594660863
split_scaffold_heldout,ridge_cell_drug_fp,"NK cells, Quizartinib",0.01514768925828117,0.8887838938610501,0.0029039927739019935,1.9525498433016912
split_scaffold_heldout,ridge_cell_drug_fp,"T cells, Quizartinib",0.19874154521973386,0.8274582494175432,0.39622563053572324,1.7169039978749296
split_scaffold_heldout,ridge_cell_drug_fp,"B cells, PD-0325901",0.5058283841835565,0.7270697295223345,0.7532684536592934,1.667469795420488
split_scaffold_heldout,ridge_cell_drug_fp,"Myeloid cells, PD-0325901",0.612281910265285,1.153654868060751,0.7701624897590164,2.096555720328609
split_scaffold_heldout,ridge_cell_drug_fp,"NK cells, PD-0325901",0.2840047513938166,0.7763996195321033,0.49307393626948953,1.839054276278715
split_scaffold_heldout,ridge_cell_drug_fp,"T cells, PD-0325901",0.5230484865195424,0.7681159554868978,0.7435770919668155,1.7178120055497363
split_scaffold_heldout,ridge_cell_drug_fp,"B cells, Riociguat",0.16729655012930653,0.5945644066026762,0.3023858957538251,1.744293894402663
split_scaffold_heldout,ridge_cell_drug_fp,"Myeloid cells, Riociguat",0.0835115527322051,0.6623828287152262,0.15495548904608736,1.752898045970121
split_scaffold_heldout,ridge_cell_drug_fp,"NK cells, Riociguat",0.18613165731029993,0.6591565058509933,0.37361759552162543,1.7744490549133387
split_scaffold_heldout,ridge_cell_drug_fp,"T cells, Riociguat",0.18990877027388503,0.5338887648981038,0.37707966091556816,1.704797366102114
split_scaffold_heldout,ridge_cell_drug_fp,"B cells, CHIR-99021",-0.17725399758562962,0.9681155186412788,-0.3493456143183487,2.280209740670528
split_scaffold_heldout,ridge_cell_drug_fp,"Myeloid cells, CHIR-99021",-0.0064861393385060515,1.3131255580995618,0.001013609281358759,2.500340402122821
split_scaffold_heldout,ridge_cell_drug_fp,"NK cells, CHIR-99021",-0.01107975104676824,0.8291629482892112,-0.03013302878236998,2.00176063392482
split_scaffold_heldout,ridge_cell_drug_fp,"T cells, CHIR-99021",-0.18933798675115177,1.5993244295768438,-0.29856334701444204,2.9458621667150893
split_scaffold_heldout,ridge_cell_drug_fp,"NK cells, Defactinib",0.1399756550182349,0.7059627471641776,0.2788715384656206,1.8182289127834301
split_scaffold_heldout,ridge_cell_drug_fp,"T cells, Defactinib",0.21348149204629532,0.7763563472442103,0.4184293892488014,1.9829720601840017
split_scaffold_heldout,ridge_cell_drug_fp,"NK cells, Nilotinib",0.015083066241192917,0.8544463387789469,0.02754162670796684,1.9610365628691873
split_scaffold_heldout,ridge_cell_drug_fp,"T cells, Nilotinib",0.16177799310899935,0.925810750473302,0.3452418827490038,1.9903453198854661
split_scaffold_heldout,ridge_cell_drug_fp,"B cells, GO-6976",0.07977847237108072,0.7632045218380428,0.21898229786160933,1.9010193722838358
split_scaffold_heldout,ridge_cell_drug_fp,"Myeloid cells, GO-6976",0.20976573009863797,1.1393515833385113,0.38504572672234355,2.212294088700121
split_scaffold_heldout,ridge_cell_drug_fp,"NK cells, GO-6976",0.006415756243107815,0.8301901264236067,0.04851971838891471,1.9625519751837672
split_scaffold_heldout,ridge_cell_drug_fp,"T cells, GO-6976",-0.11281441465767919,0.996430216860456,-0.13289928175797414,2.1937050676690033
split_scaffold_heldout,ridge_cell_drug_fp,"B cells, Pitavastatin Calcium",-0.04370030963133537,1.1505255465373192,-0.06211569491623344,2.4204953937657305
split_scaffold_heldout,ridge_cell_drug_fp,"Myeloid cells, Pitavastatin Calcium",0.058310728176248,2.3353106207024825,0.0778224112659778,3.2012116175620355
split_scaffold_heldout,ridge_cell_drug_fp,"NK cells, Pitavastatin Calcium",0.007181478462214914,1.4106604494029313,-0.002127773119323496,2.6696827153792357
split_scaffold_heldout,ridge_cell_drug_fp,"T cells, Pitavastatin Calcium",-0.06510088891180701,1.6296470389267734,-0.12122042529513302,2.8562411078025827
split_scaffold_heldout,ridge_cell_drug_fp,"B cells, AZ628",0.3407292028823505,0.9139428601366032,0.529828206954925,2.002535855475547
split_scaffold_heldout,ridge_cell_drug_fp,"Myeloid cells, AZ628",0.24347877474672996,0.9805360557339202,0.4489088615421391,2.0887792511977024
split_scaffold_heldout,ridge_cell_drug_fp,"NK cells, AZ628",0.05815886515611625,0.782182710624653,0.14884385828784877,1.8768678864599069
split_scaffold_heldout,ridge_cell_drug_fp,"T cells, AZ628",0.2670908688754285,0.790242202076843,0.43682062939078914,1.916382457740362
split_scaffold_heldout,ridge_cell_drug_fp,"NK cells, Clemastine",0.13285104166025563,0.6695091630697274,0.26379314418382416,1.7573489039887187
split_scaffold_heldout,ridge_cell_drug_fp,"T cells, Clemastine",0.34739007430887237,0.5235333294534172,0.7312370968027625,1.4148970512662948
split_scaffold_heldout,ridge_cell_drug_fp,"NK cells, YK 4-279",0.06723971081973616,0.7159092294176167,0.17958267252655946,1.8107829572705392
split_scaffold_heldout,ridge_cell_drug_fp,"T cells, YK 4-279",-0.02545597794426205,0.694686946938574,-0.12854837075753783,1.81166927598094
split_scaffold_heldout,ridge_cell_drug_fp,"NK cells, ABT-199 (GDC-0199)",0.10797125213597802,0.7317445738433853,0.23132665951433304,1.8271464249190197
split_scaffold_heldout,ridge_cell_drug_fp,"T cells, ABT-199 (GDC-0199)",0.11018024403792732,0.6725762840076664,0.44759233179934743,1.6392419089270338
split_scaffold_heldout,ridge_cell_drug_fp,"NK cells, AZD4547",0.19368390466437754,0.6694562243630763,0.4084969047623149,1.735160832060926
split_scaffold_heldout,ridge_cell_drug_fp,"T cells, AZD4547",0.3148595402410134,0.5468708399334227,0.5726238721911489,1.4669044465234355
split_scaffold_heldout,ridge_cell_drug_fp,"NK cells, Prednisolone",0.4516723589876871,0.8497871683770055,0.7009646529375202,1.9307128159885756
split_scaffold_heldout,ridge_cell_drug_fp,"T cells, Prednisolone",0.6736422953158432,1.199265437199404,0.8279557113069717,2.224420432069697
split_scaffold_heldout,ridge_cell_drug_fp,"NK cells, Mubritinib (TAK 165)",0.30194481220224106,0.8219200469210874,0.5599902257260828,1.9031008841647667
split_scaffold_heldout,ridge_cell_drug_fp,"T cells, Mubritinib (TAK 165)",0.5042887084798726,1.015963178129201,0.7211366285517439,2.064397795973716
split_scaffold_heldout,ridge_cell_drug_fp,"B cells, K-02288",0.3540683257367703,0.6608793478273235,0.6750586845789366,1.501893162651437
split_scaffold_heldout,ridge_cell_drug_fp,"Myeloid cells, K-02288",0.03384372277006623,1.085021621400725,0.18527850565353046,2.2793489436626233
split_scaffold_heldout,ridge_cell_drug_fp,"B cells, AVL-292",0.5114349912178989,0.9016314038920354,0.7363114360032484,1.8590591422448564
split_scaffold_heldout,ridge_cell_drug_fp,"Myeloid cells, AVL-292",0.3125292456628701,0.9301472067643173,0.5929153723882797,1.938914713051323
split_scaffold_heldout,ridge_cell_drug_fp,"B cells, Trametinib",0.3545846474215063,0.7871538913851122,0.6542050120689623,1.6206076367326525
split_scaffold_heldout,ridge_cell_drug_fp,"Myeloid cells, Trametinib",0.3768480180296303,1.335049155350112,0.521250975155523,2.3280475484124112
split_scaffold_heldout,ridge_cell_drug_fp,"B cells, Sgc-cbp30",0.2214947634173337,0.8166393456603509,0.49451159550005663,1.636524415830914
split_scaffold_heldout,ridge_cell_drug_fp,"Myeloid cells, Sgc-cbp30",0.2801812803763719,1.0320515269241928,0.4773040522414752,2.0115433936768228
split_scaffold_heldout,ridge_cell_drug_fp,"B cells, Dasatinib",0.6073911895552978,1.0452005397843125,0.8051912116618473,2.069029406071629
split_scaffold_heldout,ridge_cell_drug_fp,"Myeloid cells, Dasatinib",0.6165551836606298,1.3584844434787517,0.7695510357544085,2.3012279115455363
split_scaffold_heldout,ridge_cell_drug_fp,"B cells, Desloratadine",0.02822005285116755,0.6595085154335042,0.020191837911929002,1.733439627085292
split_scaffold_heldout,ridge_cell_drug_fp,"Myeloid cells, Desloratadine",0.007046977703284611,0.7351214251047581,0.09010992478542876,1.784939013275473
split_scaffold_heldout,ridge_cell_drug_fp,"B cells, Defactinib",0.31232525603292216,0.7312440752494229,0.5728921741326731,1.6910653578860904
split_scaffold_heldout,ridge_cell_drug_fp,"Myeloid cells, Defactinib",0.4398072583870204,0.9607481366759953,0.6746247009767897,1.947612252620432
split_scaffold_heldout,ridge_cell_drug_fp,"B cells, Nilotinib",0.23379185314016016,0.9512914651881044,0.4286190957104016,2.0577732460079843
split_scaffold_heldout,ridge_cell_drug_fp,"Myeloid cells, Nilotinib",0.1556436159288289,1.237263996998999,0.3051138821538406,2.385105202535548
split_scaffold_heldout,ridge_cell_drug_fp,"B cells, Clemastine",0.3473660467749592,0.6337803692944886,0.5905112187604848,1.711845363050047
split_scaffold_heldout,ridge_cell_drug_fp,"Myeloid cells, Clemastine",0.4046005141105434,0.6215722711167163,0.6869171694908294,1.5587712713376038
split_scaffold_heldout,ridge_cell_drug_fp,"B cells, YK 4-279",0.12453369317198425,0.6543332421923571,0.2602526225491393,1.7708215421339204
split_scaffold_heldout,ridge_cell_drug_fp,"Myeloid cells, YK 4-279",0.1875847482065216,0.6552343135241323,0.33000620707696154,1.6540517545403324
split_scaffold_heldout,ridge_cell_drug_fp,"B cells, ABT-199 (GDC-0199)",-0.0051631059718169866,1.0829138744492577,-0.024999997145898532,2.27512455259054
split_scaffold_heldout,ridge_cell_drug_fp,"Myeloid cells, ABT-199 (GDC-0199)",0.1506656549325816,0.6803147539767358,0.39076038782650874,1.6247013845597822
split_scaffold_heldout,ridge_cell_drug_fp,"B cells, AZD4547",0.2913547916320262,0.595875329166307,0.5342397793503159,1.5937716110026552
split_scaffold_heldout,ridge_cell_drug_fp,"Myeloid cells, AZD4547",0.29998016292560126,0.6786491525386554,0.5589981587271671,1.6981505561775425
split_scaffold_heldout,ridge_cell_drug_fp,"B cells, Prednisolone",0.5800950343223125,0.9488187336288878,0.804876318606898,1.96803903215777
split_scaffold_heldout,ridge_cell_drug_fp,"Myeloid cells, Prednisolone",0.6029007570281848,1.3914780749522102,0.7559612671581951,2.359730050367512
split_scaffold_heldout,ridge_cell_drug_fp,"B cells, Mubritinib (TAK 165)",0.4498885289708543,0.773529487152859,0.7276805984449595,1.729533325642667
split_scaffold_heldout,ridge_cell_drug_fp,"Myeloid cells, Mubritinib (TAK 165)",0.32392034063329794,1.1026470825431638,0.5222697366664808,2.1883133731084126
split_cell_scaffold_heldout,ridge_cell,"T cells, 5-(9-Isopropyl-8-methyl-2-morpholino-9H-purin-6-yl)pyrimidin-2-amine",0.549574662819935,1.3572160192010265,0.7252793044132785,2.4333677805228744
split_cell_scaffold_heldout,ridge_cell,"T cells, Raloxifene",-0.22928980096237947,0.938751597053525,-0.3799865252728857,2.151404546134539
split_cell_scaffold_heldout,ridge_cell,"T cells, K-02288",0.16942368992687099,0.5496822851984322,0.34149483382912166,1.688103539753971
split_cell_scaffold_heldout,ridge_cell,"T cells, Proscillaridin A;Proscillaridin-A",-0.05920826185993184,2.9973643953592775,-0.06793841457429525,3.5556624299084723
split_cell_scaffold_heldout,ridge_cell,"T cells, Dovitinib",0.36748694546027805,0.7431790754570456,0.6503576429166228,2.0216124982006134
split_cell_scaffold_heldout,ridge_cell,"T cells, AVL-292",0.46404837199349847,0.7318052385696423,0.7279406105972362,1.85535609754489
split_cell_scaffold_heldout,ridge_cell,"T cells, Trametinib",0.27861752958147246,0.685314860424575,0.5802417391970706,1.87638234357761
split_cell_scaffold_heldout,ridge_cell,"T cells, Sgc-cbp30",0.2334275601966793,0.7554522781834776,0.4025401642179365,1.9493099259646793
split_cell_scaffold_heldout,ridge_cell,"T cells, FK 866",0.13055613098889213,0.9822671995071877,0.3036221151057602,2.210024033741217
split_cell_scaffold_heldout,ridge_cell,"T cells, Dasatinib",0.5369766928068178,1.0415971806779123,0.7558920752541869,2.1375883785494656
split_cell_scaffold_heldout,ridge_cell,"T cells, Desloratadine",0.09025974448695778,0.5454730419984489,0.2680596605458966,1.6009920331810348
split_cell_scaffold_heldout,ridge_cell,"T cells, Dactolisib",0.4878122502202055,1.497332969236647,0.6671073837257587,2.631292144142509
split_cell_scaffold_heldout,ridge_cell,"T cells, Quizartinib",0.12628442107035162,0.5591122654983256,0.23230259043090418,1.8206619014204708
split_cell_scaffold_heldout,ridge_cell,"T cells, PD-0325901",0.4425783930557165,0.8247070972762773,0.6895338956701191,1.9838211474051286
split_cell_scaffold_heldout,ridge_cell,"T cells, Riociguat",0.1386488350775053,0.5203421043957235,0.13595721367350885,1.7692736769035455
split_cell_scaffold_heldout,ridge_cell,"T cells, CHIR-99021",-0.26889945425600986,1.5218833501972884,-0.4063431999099124,2.857816166127184
split_cell_scaffold_heldout,ridge_cell,"T cells, Defactinib",0.12846799248867508,0.7689197739534381,0.3122223312394521,2.0742660869399523
split_cell_scaffold_heldout,ridge_cell,"T cells, Nilotinib",0.5332916420389051,0.7775279290801704,0.7898518097559954,1.837311336150772
split_cell_scaffold_heldout,ridge_cell,"T cells, GO-6976",-0.1849015987160272,0.9473178937239808,-0.3625649521359841,2.1824307586585796
split_cell_scaffold_heldout,ridge_cell,"T cells, Pitavastatin Calcium",-0.2913184420429245,1.6564354606105132,-0.40185695565785534,2.9088771150752226
split_cell_scaffold_heldout,ridge_cell,"T cells, AZ628",0.534396880182262,0.6931181455414496,0.7940021088627128,1.7845560569142926
split_cell_scaffold_heldout,ridge_cell,"T cells, Clemastine",0.31299238248275113,0.5221742913577901,0.6739958820288804,1.4973087676026366
split_cell_scaffold_heldout,ridge_cell,"T cells, YK 4-279",-0.1538077302432276,0.6612251988566166,-0.3474240326921384,1.8014799662732437
split_cell_scaffold_heldout,ridge_cell,"T cells, ABT-199 (GDC-0199)",-0.006896650116392504,0.5869910301707073,0.3450659402803502,1.7370400352678996
split_cell_scaffold_heldout,ridge_cell,"T cells, AZD4547",0.28114099181306246,0.5031545639098799,0.4708999300570842,1.5852797841473145
split_cell_scaffold_heldout,ridge_cell,"T cells, Prednisolone",0.4388234963586362,1.3657455607467377,0.5756572749340152,2.574184004491962
split_cell_scaffold_heldout,ridge_cell,"T cells, Mubritinib (TAK 165)",0.28650671222826896,1.1254135308431448,0.4923653336273544,2.3669250842551306
split_cell_scaffold_heldout,ridge_drug_fp,"T cells, 5-(9-Isopropyl-8-methyl-2-morpholino-9H-purin-6-yl)pyrimidin-2-amine",0.5400254909038797,1.3084750453598877,0.7019603609471481,2.319989170221544
split_cell_scaffold_heldout,ridge_drug_fp,"T cells, Raloxifene",-0.247873649637733,1.029136344843556,-0.435995968221548,2.267054249643618
split_cell_scaffold_heldout,ridge_drug_fp,"T cells, K-02288",0.046673489265726856,0.6691772476024854,0.09036120713268862,1.7648180877248592
split_cell_scaffold_heldout,ridge_drug_fp,"T cells, Proscillaridin A;Proscillaridin-A",0.13918550718345205,2.9454057517482393,0.1605339785056741,3.4902928771522093
split_cell_scaffold_heldout,ridge_drug_fp,"T cells, Dovitinib",0.26844401474224605,0.7773728486904545,0.5558309882292358,2.019319885377393
split_cell_scaffold_heldout,ridge_drug_fp,"T cells, AVL-292",0.2923799149018567,0.7956181151946061,0.5385531302622257,1.8662679976285088
split_cell_scaffold_heldout,ridge_drug_fp,"T cells, Trametinib",0.33430753785735723,0.760472933624378,0.6136952042996617,1.6761862318250664
split_cell_scaffold_heldout,ridge_drug_fp,"T cells, Sgc-cbp30",0.18509733465422534,0.8724999674348695,0.31117369998557665,1.947869787057743
split_cell_scaffold_heldout,ridge_drug_fp,"T cells, FK 866",-0.038959824226828706,1.0863913889632073,0.023138833252578993,2.3125376445031653
split_cell_scaffold_heldout,ridge_drug_fp,"T cells, Dasatinib",0.47499319183533717,1.0265873631596756,0.7062933279800245,2.054449027167647
split_cell_scaffold_heldout,ridge_drug_fp,"T cells, Desloratadine",0.00355260245153663,0.610119102205908,-0.0744634512562064,1.7260567419796318
split_cell_scaffold_heldout,ridge_drug_fp,"T cells, Dactolisib",0.01112776492243466,1.6302711173266853,0.007940308314682985,2.8356206773046964
split_cell_scaffold_heldout,ridge_drug_fp,"T cells, Quizartinib",0.12580058187235152,0.7779017090827591,0.25613982609489033,1.810964933134205
split_cell_scaffold_heldout,ridge_drug_fp,"T cells, PD-0325901",0.3239241345039672,0.8733355290419953,0.595761330745915,1.902003250181228
split_cell_scaffold_heldout,ridge_drug_fp,"T cells, Riociguat",-0.016969787933919178,0.571474035745995,0.08407060546462786,1.8093873959581923
split_cell_scaffold_heldout,ridge_drug_fp,"T cells, CHIR-99021",-0.2828503997438425,1.6072000737172925,-0.44666475356056623,2.9829704343233177
split_cell_scaffold_heldout,ridge_drug_fp,"T cells, Defactinib",0.09731800741020007,0.8133755572369518,0.26404535149910097,2.078616584266577
split_cell_scaffold_heldout,ridge_drug_fp,"T cells, Nilotinib",0.05765158544201005,0.9507168480586978,0.11246385911024712,2.1064849677261663
split_cell_scaffold_heldout,ridge_drug_fp,"T cells, GO-6976",-0.17849359152800576,0.9912353135821377,-0.2864681729664588,2.2196400530768927
split_cell_scaffold_heldout,ridge_drug_fp,"T cells, Pitavastatin Calcium",-0.09879988073813314,1.6270459618345285,-0.16135619628545564,2.847480337658263
split_cell_scaffold_heldout,ridge_drug_fp,"T cells, AZ628",0.13731183672092717,0.813602210230054,0.14289521281989748,2.0627059445245
split_cell_scaffold_heldout,ridge_drug_fp,"T cells, Clemastine",0.1774588154684454,0.5574428188193363,0.4321083146781253,1.593039654331643
split_cell_scaffold_heldout,ridge_drug_fp,"T cells, YK 4-279",-0.10277375166790396,0.6880089668099196,-0.1798693404226939,1.7749814668140196
split_cell_scaffold_heldout,ridge_drug_fp,"T cells, ABT-199 (GDC-0199)",0.07923639559462826,0.6601461264996141,0.41110718228912974,1.6576721680331288
split_cell_scaffold_heldout,ridge_drug_fp,"T cells, AZD4547",0.24018117808592798,0.5409474264742323,0.4632949353040175,1.5612929195167236
split_cell_scaffold_heldout,ridge_drug_fp,"T cells, Prednisolone",0.480508793283653,1.3140594619322752,0.6695062965094801,2.4372504906989523
split_cell_scaffold_heldout,ridge_drug_fp,"T cells, Mubritinib (TAK 165)",0.3527486859141797,1.0948576063510476,0.5728585416743053,2.2490770416656582
split_cell_scaffold_heldout,ridge_cell_drug_fp,"T cells, 5-(9-Isopropyl-8-methyl-2-morpholino-9H-purin-6-yl)pyrimidin-2-amine",0.5382483694623171,1.30868703817336,0.7016963503693655,2.320052871467112
split_cell_scaffold_heldout,ridge_cell_drug_fp,"T cells, Raloxifene",-0.2495505767688286,1.033429770501629,-0.43743503661291405,2.271817507017287
split_cell_scaffold_heldout,ridge_cell_drug_fp,"T cells, K-02288",0.04586219821266124,0.6688472840162497,0.0878748381114069,1.765870843262327
split_cell_scaffold_heldout,ridge_cell_drug_fp,"T cells, Proscillaridin A;Proscillaridin-A",0.13916474270921178,2.9454137336460784,0.16058200967404074,3.4902875124057497
split_cell_scaffold_heldout,ridge_cell_drug_fp,"T cells, Dovitinib",0.2670016543181584,0.7769980845071635,0.5567924199283469,2.0219917573059036
split_cell_scaffold_heldout,ridge_cell_drug_fp,"T cells, AVL-292",0.2916500693476779,0.7969989661454301,0.5381410977621132,1.8657313098991728
split_cell_scaffold_heldout,ridge_cell_drug_fp,"T cells, Trametinib",0.3336988057869125,0.7620340589349222,0.6133868803710448,1.6760702785322685
split_cell_scaffold_heldout,ridge_cell_drug_fp,"T cells, Sgc-cbp30",0.18384529355522558,0.873749576584983,0.3104734442960878,1.9483148012635276
split_cell_scaffold_heldout,ridge_cell_drug_fp,"T cells, FK 866",-0.03797378837124064,1.0874450059027045,0.02395505560058357,2.3127591517360555
split_cell_scaffold_heldout,ridge_cell_drug_fp,"T cells, Dasatinib",0.47903888333093214,1.0236912229198811,0.708093337635429,2.0461112671197115
split_cell_scaffold_heldout,ridge_cell_drug_fp,"T cells, Desloratadine",0.0038091657511699927,0.6092897635192089,-0.07431192578168191,1.7257377493663495
split_cell_scaffold_heldout,ridge_cell_drug_fp,"T cells, Dactolisib",0.014422755582992754,1.629195104693315,0.013497089777615625,2.8335852852318837
split_cell_scaffold_heldout,ridge_cell_drug_fp,"T cells, Quizartinib",0.12264467996418944,0.7907249812012651,0.250918925922081,1.8149331627683831
split_cell_scaffold_heldout,ridge_cell_drug_fp,"T cells, PD-0325901",0.3239278111861927,0.8730578825626762,0.5959186181733104,1.9023727302262197
split_cell_scaffold_heldout,ridge_cell_drug_fp,"T cells, Riociguat",-0.02013437701294138,0.5718196545311066,0.07818584141174899,1.8110457162252556
split_cell_scaffold_heldout,ridge_cell_drug_fp,"T cells, CHIR-99021",-0.2829662941565394,1.606572804601257,-0.4468749087606763,2.9822234855416316
split_cell_scaffold_heldout,ridge_cell_drug_fp,"T cells, Defactinib",0.09711081269573399,0.8134370775650679,0.26346029103196317,2.078920611850394
split_cell_scaffold_heldout,ridge_cell_drug_fp,"T cells, Nilotinib",0.0585566915864049,0.9499347967394648,0.11502127184716694,2.105276319443876
split_cell_scaffold_heldout,ridge_cell_drug_fp,"T cells, GO-6976",-0.17883054573362586,0.9910050853498221,-0.2860941985098666,2.2195365353664855
split_cell_scaffold_heldout,ridge_cell_drug_fp,"T cells, Pitavastatin Calcium",-0.09790528955959484,1.6267054986147083,-0.1599276764783362,2.846871881657589
split_cell_scaffold_heldout,ridge_cell_drug_fp,"T cells, AZ628",0.140362609347137,0.8128576764978244,0.15064612254945295,2.0599829195619432
split_cell_scaffold_heldout,ridge_cell_drug_fp,"T cells, Clemastine",0.17859790437187212,0.5573643984908533,0.43505280851494016,1.5920087083824326
split_cell_scaffold_heldout,ridge_cell_drug_fp,"T cells, YK 4-279",-0.10314006903862097,0.6878707767036013,-0.18109827345456805,1.7752195359877236
split_cell_scaffold_heldout,ridge_cell_drug_fp,"T cells, ABT-199 (GDC-0199)",0.07934904103445359,0.6603849930094726,0.4112539468168366,1.6574861244874526
split_cell_scaffold_heldout,ridge_cell_drug_fp,"T cells, AZD4547",0.23918361410839556,0.5415619513235032,0.460494602897783,1.5618204950501149
split_cell_scaffold_heldout,ridge_cell_drug_fp,"T cells, Prednisolone",0.4806020823876335,1.3131698087601886,0.6686254884570902,2.4351106882820996
split_cell_scaffold_heldout,ridge_cell_drug_fp,"T cells, Mubritinib (TAK 165)",0.3517754108988372,1.0952620046507118,0.5723137230829689,2.249177892259551
