split,baseline,sample_id,rowwise_pearson,rmse,de_rowwise_pearson,de_rmse
split_random,ridge_cell,"T cells, MK-5108",0.13569659192150405,0.5826530132360244,0.23517882067289095,1.6603160549120513
split_random,ridge_cell,"T cells, Clomipramine",0.27451656988790324,0.5643237285880452,0.5110535613556921,1.544396195827194
split_random,ridge_cell,"B cells, Sunitinib",0.5023378008279795,0.7547221431756043,0.7350229992673352,1.800132548475518
split_random,ridge_cell,"B cells, Tamatinib",0.6928318532401936,1.033891325258583,0.8427300202684669,2.062117646929511
split_random,ridge_cell,"NK cells, Tamatinib",0.44295367376547096,0.7932835645184809,0.6626324890248936,1.8216251340136846
split_random,ridge_cell,"NK cells, O-Demethylated Adapalene",0.156519515309234,0.6363612878230454,0.28037633966528136,1.756120542481655
split_random,ridge_cell,"T cells, O-Demethylated Adapalene",0.3655610818077558,0.5636746105428664,0.5224348776192239,1.6760572850028375
split_random,ridge_cell,"NK cells, Protriptyline",0.16186514601563662,0.608062599637366,0.38258113705003893,1.72208049106201
split_random,ridge_cell,"B cells, I-BET151",0.4234327234163063,1.2354178388127584,0.5709351423569712,2.346152295447124
split_random,ridge_cell,"NK cells, Foretinib",0.4188954669992677,0.7126481084202531,0.6632911860719373,1.8172128480501593
split_random,ridge_cell,"B cells, GW843682X",0.2677498556744358,0.6189968861198569,0.4669190628581289,1.7733708654841587
split_random,ridge_cell,"Myeloid cells, IN1451",0.3220389943474018,2.3623543564578524,0.3988183369002266,3.1653567736403843
split_random,ridge_cell,"Myeloid cells, Raloxifene",0.3807467529583685,0.8961408805220876,0.6245261561568806,1.971922154297759
split_random,ridge_cell,"T cells, Raloxifene",0.009570632176561419,0.9170215496023819,0.09015467448294001,2.0441957819503287
split_random,ridge_cell,"NK cells, Phenylbutazone",0.21876390890321765,0.6462859168127346,0.42656336814378154,1.7640262593314209
split_random,ridge_cell,"T cells, Phenylbutazone",0.09350533498304633,0.581184653185152,-0.15714027931117577,1.9925196709988586
split_random,ridge_cell,"NK cells, K-02288",0.18869559152340395,0.6079571405095453,0.4266142515089388,1.7335815479649963
split_random,ridge_cell,"T cells, K-02288",0.37839347702044307,0.5159317265958792,0.5795420365940196,1.490052917020615
split_random,ridge_cell,"T cells, BMS-777607",0.42782587058158217,0.5231228004544657,0.7240859917739746,1.3622418945228147
split_random,ridge_cell,"T cells, Porcn Inhibitor III",-0.10685974236213513,0.7394052071346987,-0.1201933541942085,1.8255668696407077
split_random,ridge_cell,"B cells, Proscillaridin A;Proscillaridin-A",0.1365297005344274,2.276356731326064,0.17305640143123288,3.147795128066643
split_random,ridge_cell,"B cells, BMS-265246",-0.09011822166816115,1.1896309319608718,-0.12680449805272728,2.465509941519208
split_random,ridge_cell,"Myeloid cells, Pomalidomide",-0.1691285613509348,1.1760480344090447,-0.2624040321430636,2.70916947165598
split_random,ridge_cell,"Myeloid cells, Navitoclax",-0.2972425061925363,1.0221369036171257,-0.47504075016277425,2.340119568076739
split_random,ridge_cell,"T cells, Navitoclax",-0.0074434072726569074,0.6297778429952526,0.46719145355058517,1.7250603879822248
split_random,ridge_cell,"B cells, Methotrexate",-0.27521891459155756,0.8006586807274895,-0.5391528202358925,2.07863886814312
split_random,ridge_cell,"Myeloid cells, AMD-070 (hydrochloride)",0.1503134547724133,0.7767597715919374,0.31709483098815916,1.975074901962931
split_random,ridge_cell,"B cells, FK 866",0.3616693108945903,0.7147961264636871,0.5975332219571362,1.7911652962573361
split_random,ridge_cell,"B cells, Scriptaid",0.4325484655909342,1.65184002613777,0.5549621758816071,2.659063850462771
split_random,ridge_cell,"NK cells, Vardenafil",0.24360728221687244,0.62919164093376,0.40779957450722476,1.7801822216721321
split_random,ridge_cell,"T cells, AT13387",0.5991460622682125,1.9352574941105778,0.6833504872372013,2.81324826103033
split_random,ridge_cell,"B cells, PF-04691502",0.6832106585479765,0.9833444521509981,0.8318849498497122,2.0199392956134683
split_random,ridge_cell,"NK cells, RVX-208",0.19806247947879965,0.6807730594572461,0.2988948306850109,1.8500856911107857
split_random,ridge_cell,"NK cells, Disulfiram",0.14733315466839048,0.6283811483056625,0.29017264842031115,1.799674762149213
split_random,ridge_cell,"NK cells, Flutamide",0.2605970462673367,0.6503233412033538,0.48588565922421595,1.7288247851596252
split_random,ridge_cell,"Myeloid cells, Dactolisib",0.5637361403901388,1.9815949703705085,0.672248410051736,2.8881719284617677
split_random,ridge_cell,"T cells, IKK Inhibitor VII",0.6235340401863445,0.8133970575230953,0.8288162137502579,1.7922155251880614
split_random,ridge_cell,"T cells, Canertinib",0.31195921597974424,0.757171090277647,0.46348226236110374,1.9438370047513822
split_random,ridge_cell,"NK cells, Alogliptin",0.08979661053099802,0.6258642382826737,0.11894002395603101,1.8156174746355227
split_random,ridge_cell,"NK cells, Quizartinib",0.14327930402986444,0.6366428398952061,0.2639072048771322,1.8069314712425977
split_random,ridge_cell,"T cells, Quizartinib",0.2760105553736874,0.5499810370888917,0.4903873680795299,1.697135687767005
split_random,ridge_cell,"T cells, Cabozantinib",0.04532710483540546,0.685998422554853,0.21035187942678057,1.8172457423467674
split_random,ridge_cell,"NK cells, CHIR-99021",0.07553592366955156,0.7374875571583605,0.14941636807741585,1.917955503934317
split_random,ridge_cell,"T cells, Defactinib",0.28742907581120336,0.7395719672975548,0.4964015326501088,1.9411117583211548
split_random,ridge_cell,"B cells, BI-D1870",0.229856611209552,0.6293064701664615,0.4247498058452601,1.6875466687037788
split_random,ridge_cell,"Myeloid cells, BI-D1870",0.2876869306597423,0.8449586521050287,0.5262317651865366,1.9394035088995074
split_random,ridge_cell,"NK cells, HMN-214",0.2190690156332333,0.666369512122714,0.44003697188859525,1.731719101277052
split_random,ridge_cell,"B cells, Crizotinib",0.6556363390889489,0.7658690328075938,0.8276418675329221,1.8099032730737237
split_random,ridge_cell,"NK cells, Azacitidine",0.22148145721046622,0.6250722008081014,0.4096955535107423,1.768110373321735
split_random,ridge_cell,"T cells, Azacitidine",0.22837412610178537,0.6236582330020357,0.4851435405369335,1.6651002694892258
split_random,ridge_cell,"B cells, TR-14035",0.4493339609679448,0.5914213629366761,0.6623972817311331,1.6034877044987297
split_random,ridge_cell,"T cells, RG7112",0.29376344797586595,0.6198617248946252,0.4352640962133999,2.1485961788148247
split_random,ridge_cell,"B cells, TGX 221",0.7043675726654028,0.7197336835810585,0.8729996978425361,1.6752271676757478
split_random,ridge_cell,"B cells, Pitavastatin Calcium",-0.15832704809342865,1.1821383747622876,-0.22174856166318233,2.4974964281918566
split_random,ridge_cell,"Myeloid cells, Pitavastatin Calcium",0.008319894601480075,2.3536466154936817,0.02317510709903525,3.22729703084881
split_random,ridge_cell,"B cells, ABT737",-0.08707618947927726,1.0213972336152521,-0.14192812170752125,2.2359934366223047
split_random,ridge_cell,"T cells, PRT-062607",0.7048068751945519,0.8632179314042349,0.8547765055501281,1.8122382105990538
split_random,ridge_cell,"T cells, AZ628",0.6281388326887208,0.634039016604364,0.8391381918837277,1.5797183599208935
split_random,ridge_cell,"T cells, AZD-8330",0.6661125933559253,0.6413178928581219,0.8774063808067231,1.5113938423047304
split_random,ridge_cell,"T cells, Masitinib",0.39493230533782236,0.531252833674849,0.7667436868859305,1.2610707330710975
split_random,ridge_cell,"T cells, Nefazodone",0.33606844404517744,0.489363355518035,0.6234407661599682,1.445406993400213
split_random,ridge_cell,"T cells, STK219801",0.16422917750321966,0.5959270079085636,0.38037352429290405,1.794143553770465
split_random,ridge_cell,"T cells, GSK-1070916",0.4455425110779142,0.539731578914109,0.6912025704021453,1.474341512363601
split_random,ridge_cell,"T cells, Buspirone",0.09797739682198343,0.5569476786299591,0.2236294114402533,1.6658730879563044
split_random,ridge_cell,"NK cells, Midostaurin",0.3757958067497022,0.6961093838342521,0.5938046122662157,1.741865426390902
split_random,ridge_cell,"T cells, CEP-37440",0.4274513377725467,0.6177747602176816,0.7035304299370541,1.7116805346034143
split_random,ridge_cell,"Myeloid cells, R428",0.365456762229523,1.9685713134257068,0.4700374343437206,2.9189932785309245
split_random,ridge_cell,"T cells, Oxybenzone",0.2905730633247832,0.49721208820339063,0.5023594573660075,1.4467466005350846
split_random,ridge_cell,"NK cells, SCH-58261",0.12442530561789103,0.6550292253853769,0.24900969353339125,1.8150433303586346
split_random,ridge_cell,"NK cells, Colforsin",0.14883769068803102,0.64401203658267,0.2306690369585068,1.7941671892157185
split_random,ridge_cell,"B cells, Colchicine",0.2394106063123404,1.052319854441661,0.41483027741053435,2.3017166428987883
split_random,ridge_cell,"T cells, Mometasone Furoate",0.5583515934506991,1.3491203943849635,0.6996895558081458,2.462904805161212
split_random,ridge_cell,"NK cells, Tipifarnib",0.33265905294227904,0.6616946269495728,0.57512739421522,1.7840186243201066
split_random,ridge_cell,"Myeloid cells, BX 912",0.5129703664996867,0.7363693610684714,0.7638889743996846,1.711149883055951
split_random,ridge_cell,"NK cells, RG7090",0.16883694522144604,0.66329579186079,0.40008681269797547,1.7928556084711698
split_random,ridge_cell,"NK cells, GLPG0634",0.40975302737621533,0.6868222605114206,0.6440426453404384,1.756663629474645
split_random,ridge_cell,"T cells, Vanoxerine",0.30220609114579017,0.5782579247568279,0.5599587128387843,1.5539132781945981
split_random,ridge_cell,"NK cells, HYDROXYUREA",0.12899988422537695,0.6395846362050825,0.3132490100068753,1.7412145812911737
split_random,ridge_cell,"Myeloid cells, Lapatinib",-0.0841680906031937,0.7526298035558159,-0.07887959926326817,2.0178175642054192
split_random,ridge_cell,"B cells, Atorvastatin",0.24112880898756073,0.6082368314204297,0.49080286126511735,1.6036749486442983
split_random,ridge_cell,"B cells, Clomipramine",0.21896096350762795,0.6033212736045032,0.38549927671910506,1.6619056898874462
split_random,ridge_cell,"B cells, Protriptyline",0.07608816485626867,0.6153200333724435,0.25023910777893665,1.6716668592344608
split_random,ridge_cell,"Myeloid cells, Phenylbutazone",0.04176903768364076,0.6526120695887737,0.1544069671722229,1.7041161590364846
split_random,ridge_cell,"B cells, K-02288",0.4390617821644306,0.5914550561495879,0.7163312666328281,1.5478556661109721
split_random,ridge_cell,"Myeloid cells, AVL-292",0.46554443359312075,0.8462079776653971,0.7281373366369807,1.8801578315650793
split_random,ridge_cell,"Myeloid cells, Trametinib",0.3325850388566579,1.359046579290834,0.4808534364008076,2.4571870867545913
split_random,ridge_cell,"Myeloid cells, Sgc-cbp30",0.25224269852084036,0.9711568241089135,0.4582578431284465,2.0913361076257244
split_random,ridge_cell,"B cells, BAY 61-3606",0.46090285398889774,1.1512778005312112,0.6442080694427721,2.2439907036290156
split_random,ridge_cell,"B cells, AT13387",0.5414134457031881,1.508172558815431,0.6757760569567202,2.5786501254939598
split_random,ridge_cell,"Myeloid cells, Perhexiline",0.5309403880516932,0.8333881503488265,0.7447340586257868,1.8622199787147948
split_random,ridge_cell,"Myeloid cells, Desloratadine",0.06561375551805049,0.693883029341675,0.14101149985639952,1.7645274087628693
split_random,ridge_cell,"B cells, Alogliptin",0.08975532433023775,0.6414142816976883,0.12636039627631165,1.809605949124703
split_random,ridge_cell,"Myeloid cells, Alogliptin",0.051570338358347685,0.6549491307544411,0.1554242833435179,1.7146696708661815
split_random,ridge_cell,"B cells, Decitabine",0.15689428685774873,0.5957605617315478,0.23229850315747302,1.7296408842368136
split_random,ridge_cell,"Myeloid cells, Decitabine",0.2645697388633739,0.5541733876700883,0.3306052691579917,1.6441625309834187
split_random,ridge_cell,"B cells, Cabozantinib",0.1000052752617185,0.7543273906859735,0.2137431337658477,1.9117760969540643
split_random,ridge_cell,"B cells, Defactinib",0.44160147325487276,0.6715186185292856,0.6910762685787969,1.627733322829072
split_random,ridge_cell,"B cells, HMN-214",-0.05192708193524725,0.6710519328558336,-0.012483472115018619,1.8075187494507097
split_random,ridge_cell,"B cells, CC-401",0.5650600823648487,0.6626123058464329,0.7792785085832785,1.634354309528453
split_random,ridge_cell,"Myeloid cells, CC-401",0.4389765066507205,0.8644262774338284,0.6752890298381573,1.9046851858693647
split_random,ridge_cell,"Myeloid cells, Saracatinib",0.6530282619614695,1.2887739675600292,0.806974827308983,2.2578385771509177
split_random,ridge_cell,"Myeloid cells, Ceritinib",0.5248549079967813,0.8405438141735795,0.777921941752367,1.9197946741197425
split_random,ridge_cell,"B cells, Nefazodone",0.28450947799091947,0.5850385171220447,0.5100849260096446,1.6631626267361563
split_random,ridge_cell,"Myeloid cells, GSK-1070916",0.16870835880596913,0.8154317048239604,0.3736827129392752,1.8728342398865248
split_random,ridge_cell,"Myeloid cells, Buspirone",0.17008296726447664,0.60376045574687,0.33852859240669403,1.5815635288938603
split_random,ridge_cell,"B cells, Imatinib",0.17959434743094882,0.5796229128119136,0.4358404659336888,1.6592017355131017
split_random,ridge_cell,"B cells, Tosedostat",0.19346189178772794,0.6715499494185235,0.3455645012713921,1.7591860009656715
split_random,ridge_cell,"B cells, Tacalcitol",0.4529234407660543,0.6202734833497501,0.6866160738798169,1.557460487734894
split_random,ridge_cell,"Myeloid cells, Vanoxerine",0.4387656082468585,0.5684693141768231,0.7446458597423967,1.4329008958361096
split_random,ridge_cell,"B cells, SB525334",-0.12659244124487068,0.7873000890099546,-0.29110543934638894,2.068359145218646
split_random,ridge_cell,"Myeloid cells, SB525334",-0.16612771178456254,1.3460659854241426,-0.2410139004111485,2.6840315338512784
split_random,ridge_drug_fp,"T cells, MK-5108",0.2772056423125623,0.5434432830810787,0.5525428460381004,1.4916329952209146
split_random,ridge_drug_fp,"T cells, Clomipramine",0.25968391486126424,0.5961106292621079,0.535647953059882,1.5142773970165395
split_random,ridge_drug_fp,"B cells, Sunitinib",0.30485225108099506,0.8352997121917297,0.5419715352044111,1.926577732927949
split_random,ridge_drug_fp,"B cells, Tamatinib",0.541314938528352,1.0737282274343143,0.7394272363617108,1.794447864168321
split_random,ridge_drug_fp,"NK cells, Tamatinib",0.3875067473332966,0.9957377892238299,0.606444434554656,1.6099090320129679
split_random,ridge_drug_fp,"NK cells, O-Demethylated Adapalene",0.06472044676611353,0.7724175487232815,0.036303310388383775,1.8438423496412506
split_random,ridge_drug_fp,"T cells, O-Demethylated Adapalene",0.303171966210654,0.6423017490792051,0.6056836205287388,1.5062989316828925
split_random,ridge_drug_fp,"NK cells, Protriptyline",0.08473216843948227,0.6536670310756084,0.20360304218604988,1.7596875241686536
split_random,ridge_drug_fp,"B cells, I-BET151",0.6628411977180191,1.047403470045966,0.8316940314938822,1.4844918182302995
split_random,ridge_drug_fp,"NK cells, Foretinib",0.35159530963655256,0.8339269150297562,0.5543890646382647,1.6836790481571706
split_random,ridge_drug_fp,"B cells, GW843682X",0.28839352664343404,0.6303357754546663,0.4659584218513695,1.6652629653721527
split_random,ridge_drug_fp,"Myeloid cells, IN1451",0.6820744795593227,1.8127710364812648,0.7793672902515032,2.268333875142992
split_random,ridge_drug_fp,"Myeloid cells, Raloxifene",0.12904993703916143,1.0031651133200186,0.21927252666054978,2.1979383660401646
split_random,ridge_drug_fp,"T cells, Raloxifene",0.27328893609570537,0.8415089522619529,0.48647900053657117,1.8422810500969127
split_random,ridge_drug_fp,"NK cells, Phenylbutazone",0.09271813991543465,0.7138722547375006,0.13207645981479038,1.8450230157187661
split_random,ridge_drug_fp,"T cells, Phenylbutazone",0.07407036184072409,0.5902469061568777,0.14993877179572004,1.7155545171181141
split_random,ridge_drug_fp,"NK cells, K-02288",0.043842857198822985,0.8724187363614239,0.14219973219328227,1.825628655194327
split_random,ridge_drug_fp,"T cells, K-02288",0.14576859683181204,0.7818760171738218,0.3313679291268178,1.6717284835356876
split_random,ridge_drug_fp,"T cells, BMS-777607",0.29211470270301326,0.5921933131624145,0.6014643409416462,1.4621745071993895
split_random,ridge_drug_fp,"T cells, Porcn Inhibitor III",0.3440625018234349,0.6438727863511668,0.6067443266894549,1.4562397037726906
split_random,ridge_drug_fp,"B cells, Proscillaridin A;Proscillaridin-A",0.7445775501443133,1.6107830902369065,0.8504965664236757,1.6865989986677576
split_random,ridge_drug_fp,"B cells, BMS-265246",0.5843973903114387,0.9421675045857849,0.7726449513114281,1.5688257604417177
split_random,ridge_drug_fp,"Myeloid cells, Pomalidomide",0.2429077336098535,1.1057209350989914,0.40714416103469464,2.3146676211274757
split_random,ridge_drug_fp,"Myeloid cells, Navitoclax",0.22117933449978686,0.8864319366928879,0.3816276419640615,1.9206286615033779
split_random,ridge_drug_fp,"T cells, Navitoclax",0.1983337865928923,0.6593189049521482,0.5863114388649766,1.6037084502066923
split_random,ridge_drug_fp,"B cells, Methotrexate",0.2275549701854269,0.6802913562719753,0.4735184002394821,1.5935594814508776
split_random,ridge_drug_fp,"Myeloid cells, AMD-070 (hydrochloride)",0.2042444842534439,0.752456315513371,0.4356939529857018,1.9389670970139188
split_random,ridge_drug_fp,"B cells, FK 866",0.3741338678126097,0.7864115595414012,0.6589822807226361,1.5855038567768125
split_random,ridge_drug_fp,"B cells, Scriptaid",0.7291052208474912,1.2107397038995706,0.847471496809908,1.623677049715572
split_random,ridge_drug_fp,"NK cells, Vardenafil",0.09569429324539985,0.7120042770089345,0.10910843823833193,1.8663054184674432
split_random,ridge_drug_fp,"T cells, AT13387",0.493200754292864,1.8537429865550836,0.5907562860287011,2.612398852184068
split_random,ridge_drug_fp,"B cells, PF-04691502",0.5018458916738738,1.027392908904141,0.6957840152928835,1.890051675407188
split_random,ridge_drug_fp,"NK cells, RVX-208",0.2912556335307645,0.7599245126253354,0.4869208515381638,1.624675674596132
split_random,ridge_drug_fp,"NK cells, Disulfiram",0.1686855744019283,0.6463787740198232,0.25179613987725535,1.7890113009532522
split_random,ridge_drug_fp,"NK cells, Flutamide",0.13677395827426023,0.7024512970955069,0.3283814665517375,1.7645398207384553
split_random,ridge_drug_fp,"Myeloid cells, Dactolisib",0.589247749933452,1.7664766505474396,0.6706967488301017,2.4774353903569524
split_random,ridge_drug_fp,"T cells, IKK Inhibitor VII",0.48081776448755403,0.89912444483379,0.7343452911606361,1.6448899397232233
split_random,ridge_drug_fp,"T cells, Canertinib",0.4290299330551287,0.7296109978783203,0.6730185416069897,1.6463569113858325
split_random,ridge_drug_fp,"NK cells, Alogliptin",0.1358558083415061,0.6783955759968994,0.31737364253123257,1.736917274611527
split_random,ridge_drug_fp,"NK cells, Quizartinib",0.0691578552292377,0.7473085445945328,0.21252015025692264,1.8125746187993592
split_random,ridge_drug_fp,"T cells, Quizartinib",0.18635889355951935,0.6335466585855907,0.4296509570832726,1.6876444829724058
split_random,ridge_drug_fp,"T cells, Cabozantinib",0.1060103587245145,0.702614768628328,0.21861946056234657,1.81482476423874
split_random,ridge_drug_fp,"NK cells, CHIR-99021",0.3215031664480637,0.8834865415862799,0.5621461854242733,1.6191311769454837
split_random,ridge_drug_fp,"T cells, Defactinib",0.31700526871185686,0.7970965727543172,0.6157547847151459,1.7648729842359676
split_random,ridge_drug_fp,"B cells, BI-D1870",0.15877477992184938,0.67974010664761,0.25940104348885296,1.768440578475162
split_random,ridge_drug_fp,"Myeloid cells, BI-D1870",0.1814337978341279,0.8877437248994312,0.32504761264425824,2.0530422242938813
split_random,ridge_drug_fp,"NK cells, HMN-214",0.3028102370521731,0.7234178798959636,0.46273973425508164,1.623614301331531
split_random,ridge_drug_fp,"B cells, Crizotinib",0.4478260819839233,0.853294263114676,0.7094397746101497,1.8107984875866203
split_random,ridge_drug_fp,"NK cells, Azacitidine",0.16301390347862224,0.6838182837606781,0.1882442949467998,1.808421486571291
split_random,ridge_drug_fp,"T cells, Azacitidine",0.3431386911030014,0.5940693443978641,0.6623169359440704,1.5079196502803347
split_random,ridge_drug_fp,"B cells, TR-14035",0.231326946103989,0.6737881079644106,0.40177181593167954,1.7862797984987568
split_random,ridge_drug_fp,"T cells, RG7112",0.44485912401683414,0.5829300455656833,0.6915031468829754,1.6116540566572304
split_random,ridge_drug_fp,"B cells, TGX 221",0.4509683903904214,0.8316352360931999,0.6761227032217868,1.7420575984919078
split_random,ridge_drug_fp,"B cells, Pitavastatin Calcium",0.5360792896713619,1.0458552165014179,0.7404032692931802,1.573885574224392
split_random,ridge_drug_fp,"Myeloid cells, Pitavastatin Calcium",0.3924500282608222,2.1464631564337093,0.45767527261450036,2.849947584236012
split_random,ridge_drug_fp,"B cells, ABT737",0.22125597864493887,0.9389152140402657,0.3672075081188413,1.9931095365800964
split_random,ridge_drug_fp,"T cells, PRT-062607",0.5751846891604893,0.8911849788628408,0.7938498038908404,1.5350899271133396
split_random,ridge_drug_fp,"T cells, AZ628",0.49099714760789714,0.710458637276452,0.7494297332502008,1.505691001453388
split_random,ridge_drug_fp,"T cells, AZD-8330",0.4125340574828744,0.7792699152659753,0.7005590315503208,1.6111729369580066
split_random,ridge_drug_fp,"T cells, Masitinib",0.32607363418191315,0.5736491381309564,0.7240238944565838,1.3443367348736408
split_random,ridge_drug_fp,"T cells, Nefazodone",0.17699612374252843,0.5575380647398418,0.3054437085109909,1.5691061964351949
split_random,ridge_drug_fp,"T cells, STK219801",0.2808135969905101,0.5838409380766921,0.5296653286845189,1.5620144847164923
split_random,ridge_drug_fp,"T cells, GSK-1070916",0.32850677649601384,0.610923339478656,0.5794031639602375,1.5025884735900603
split_random,ridge_drug_fp,"T cells, Buspirone",0.10959856625480882,0.5606668883569953,0.1141462662742682,1.7005783698334314
split_random,ridge_drug_fp,"NK cells, Midostaurin",0.2845413983379709,0.8351182966378439,0.47217298863645446,1.6569854952457748
split_random,ridge_drug_fp,"T cells, CEP-37440",0.3693271914789896,0.6705618220042585,0.6913507095665437,1.6294429125302445
split_random,ridge_drug_fp,"Myeloid cells, R428",0.33915547000056856,1.9516746166065528,0.4307386983504183,2.8215174627592514
split_random,ridge_drug_fp,"T cells, Oxybenzone",0.1466249891579936,0.5162668491739032,0.37299711603278185,1.5275306605595815
split_random,ridge_drug_fp,"NK cells, SCH-58261",0.10256547945796747,0.6966939817095771,0.1337514322058475,1.847224870249936
split_random,ridge_drug_fp,"NK cells, Colforsin",0.10765355847619068,0.6961328199117235,0.17253953022288318,1.7992272504930424
split_random,ridge_drug_fp,"B cells, Colchicine",0.4074896037516364,1.1082676540292855,0.6456171255788634,1.8792181050602155
split_random,ridge_drug_fp,"T cells, Mometasone Furoate",0.6080448612887313,1.2006928512075048,0.7632144111023632,1.9157806974914449
split_random,ridge_drug_fp,"NK cells, Tipifarnib",0.2450978361018547,0.7481337199496894,0.40224391011040866,1.769241076226768
split_random,ridge_drug_fp,"Myeloid cells, BX 912",0.22715026647962974,0.9004321674335546,0.43849346693443914,1.9311904316145
split_random,ridge_drug_fp,"NK cells, RG7090",0.17578860348973863,0.7385125264535419,0.2944610670012179,1.7916000110917658
split_random,ridge_drug_fp,"NK cells, GLPG0634",0.2559850195572725,0.837606717388638,0.4570493568322933,1.7390337450183049
split_random,ridge_drug_fp,"T cells, Vanoxerine",0.16070850713600934,0.639402455257004,0.4373764165162357,1.654399305157837
split_random,ridge_drug_fp,"NK cells, HYDROXYUREA",0.06907046072441088,0.6821509325566092,0.14184138797360782,1.7887653086934847
split_random,ridge_drug_fp,"Myeloid cells, Lapatinib",0.2090517433759919,0.6618353491785977,0.43269516049392653,1.7699272700889097
split_random,ridge_drug_fp,"B cells, Atorvastatin",0.25334920184980037,0.6168671877561426,0.48470148737379687,1.5870757731526435
split_random,ridge_drug_fp,"B cells, Clomipramine",0.15389479128077524,0.6546096460418883,0.31026177542840916,1.6888249974877911
split_random,ridge_drug_fp,"B cells, Protriptyline",0.13217762318298165,0.5884739320166428,0.2891334891603546,1.664315280911782
split_random,ridge_drug_fp,"Myeloid cells, Phenylbutazone",0.0970746307284765,0.6198297702686781,0.159367385483499,1.6869144012466988
split_random,ridge_drug_fp,"B cells, K-02288",0.0954947318914824,0.8793386670818725,0.25647846238767197,1.8479288787471613
split_random,ridge_drug_fp,"Myeloid cells, AVL-292",0.2255451591428265,0.9910543600747658,0.415431851454296,2.065791604054614
split_random,ridge_drug_fp,"Myeloid cells, Trametinib",0.3000938285295097,1.372112747630313,0.4442398144709834,2.445399694000183
split_random,ridge_drug_fp,"Myeloid cells, Sgc-cbp30",0.2692264509835945,0.979625373450844,0.47560437657448956,2.051629377656712
split_random,ridge_drug_fp,"B cells, BAY 61-3606",0.6176180933641074,1.0676713354595815,0.8113785522853647,1.4977613187788092
split_random,ridge_drug_fp,"B cells, AT13387",0.4514193635636678,1.494354348253867,0.5978070228071782,2.3772937766187594
split_random,ridge_drug_fp,"Myeloid cells, Perhexiline",0.37733589121182487,0.9466942536312832,0.599977553606932,1.8600248237763346
split_random,ridge_drug_fp,"Myeloid cells, Desloratadine",0.17879387274814557,0.6337734636774367,0.430909771375645,1.6499872654500338
split_random,ridge_drug_fp,"B cells, Alogliptin",0.10904732107195435,0.6666282458653688,0.1286450524808436,1.8304866945680456
split_random,ridge_drug_fp,"Myeloid cells, Alogliptin",0.18156176811224972,0.6226308152291985,0.4336665211470065,1.5961335095547737
split_random,ridge_drug_fp,"B cells, Decitabine",0.10821577274886444,0.6016894374686509,0.2707260228329122,1.724602205691223
split_random,ridge_drug_fp,"Myeloid cells, Decitabine",0.14655415957098197,0.5642586728201671,0.29946932435440454,1.687179944595139
split_random,ridge_drug_fp,"B cells, Cabozantinib",0.19292266796907906,0.7506716979194699,0.4349282803411534,1.7890918890448413
split_random,ridge_drug_fp,"B cells, Defactinib",0.30516347792214754,0.7936662288569798,0.6027283207919217,1.6087547793470913
split_random,ridge_drug_fp,"B cells, HMN-214",0.32575709986315193,0.6365650073467842,0.539459051337728,1.4966829781121318
split_random,ridge_drug_fp,"B cells, CC-401",0.41711948550883277,0.747886677249568,0.6844076758447699,1.5956241724971205
split_random,ridge_drug_fp,"Myeloid cells, CC-401",0.4018698965366021,0.8924948926777008,0.5984923329434468,1.8520527247941343
split_random,ridge_drug_fp,"Myeloid cells, Saracatinib",0.4952027517592019,1.3085653142300526,0.6343015478785464,2.224632561044424
split_random,ridge_drug_fp,"Myeloid cells, Ceritinib",0.21200316899039298,0.9721323644883371,0.45527594067722543,2.193099138157249
split_random,ridge_drug_fp,"B cells, Nefazodone",0.07914151524156,0.6700153706779504,0.08271107301588798,1.8568929386230817
split_random,ridge_drug_fp,"Myeloid cells, GSK-1070916",0.25075457752233615,0.7990124346769819,0.4788234815425397,1.7999241004362299
split_random,ridge_drug_fp,"Myeloid cells, Buspirone",0.2008089713248055,0.5825382143695023,0.3219953005952199,1.5812306681561437
split_random,ridge_drug_fp,"B cells, Imatinib",0.11773971600605124,0.5916676666686038,0.1976923520662872,1.7430521153267462
split_random,ridge_drug_fp,"B cells, Tosedostat",0.24806781909989317,0.7490293467641185,0.5026713329477289,1.5976221457902438
split_random,ridge_drug_fp,"B cells, Tacalcitol",0.20031249603579845,0.9608557104197725,0.44567167320096085,1.7220084700311888
split_random,ridge_drug_fp,"Myeloid cells, Vanoxerine",0.17093034795211762,0.6692384444164863,0.34326005425870715,1.6912841609619358
split_random,ridge_drug_fp,"B cells, SB525334",0.3027277980454608,0.7310598967037109,0.5043999453984889,1.6563964004513925
split_random,ridge_drug_fp,"Myeloid cells, SB525334",0.39356455077100694,1.135211481662948,0.5772843773414127,2.2022999028398993
split_random,ridge_cell_drug_fp,"T cells, MK-5108",0.30165020626546984,0.5575723071594143,0.571866788022783,1.4535735520609758
split_random,ridge_cell_drug_fp,"T cells, Clomipramine",0.29986569906452426,0.6148172575175044,0.6034523237368585,1.4448937803338286
split_random,ridge_cell_drug_fp,"B cells, Sunitinib",0.42415081771457885,0.7913753303109788,0.6920257756671496,1.7313268702786617
split_random,ridge_cell_drug_fp,"B cells, Tamatinib",0.6395508529372786,0.9591071913799665,0.8174912238396549,1.5976555843099884
split_random,ridge_cell_drug_fp,"NK cells, Tamatinib",0.44414149843155115,0.8950506870959373,0.6663878499273928,1.5234058837118172
split_random,ridge_cell_drug_fp,"NK cells, O-Demethylated Adapalene",0.12816377499168874,0.7326157556905869,0.20351360693486228,1.7597631620369247
split_random,ridge_cell_drug_fp,"T cells, O-Demethylated Adapalene",0.37600451301456006,0.6232346624522049,0.6327362802423425,1.4785962411355085
split_random,ridge_cell_drug_fp,"NK cells, Protriptyline",0.18809315851782432,0.6356236360939608,0.37714572609793995,1.693353865281222
split_random,ridge_cell_drug_fp,"B cells, I-BET151",0.7047651073978568,0.9850770198150686,0.859520049798078,1.3737789273502512
split_random,ridge_cell_drug_fp,"NK cells, Foretinib",0.39901310425557235,0.7755340132179129,0.6233417070870887,1.612049835473241
split_random,ridge_cell_drug_fp,"B cells, GW843682X",0.3428089435636035,0.6240096500890222,0.5251100293074769,1.5962988804814902
split_random,ridge_cell_drug_fp,"Myeloid cells, IN1451",0.7175204646837364,1.7393915447824289,0.8092018528547834,2.176273592883974
split_random,ridge_cell_drug_fp,"Myeloid cells, Raloxifene",0.3844596107526718,0.9041604354141701,0.60817550524216,1.9229384439946406
split_random,ridge_cell_drug_fp,"T cells, Raloxifene",0.3200793631608067,0.8342943990081301,0.5458795726232393,1.773209554646413
split_random,ridge_cell_drug_fp,"NK cells, Phenylbutazone",0.12371158161104384,0.7115808110830931,0.2786232678297135,1.787613080639029
split_random,ridge_cell_drug_fp,"T cells, Phenylbutazone",0.13615367267253367,0.5982901231857725,0.089757686519888,1.7857951579771971
split_random,ridge_cell_drug_fp,"NK cells, K-02288",0.09026858245891123,0.8308749140406301,0.26741387389248367,1.7603725568068644
split_random,ridge_cell_drug_fp,"T cells, K-02288",0.26420258769393073,0.7386180728749118,0.5287875667905617,1.496865699999631
split_random,ridge_cell_drug_fp,"T cells, BMS-777607",0.42044124356597323,0.5548694740793889,0.7311122213907147,1.2960966343203562
split_random,ridge_cell_drug_fp,"T cells, Porcn Inhibitor III",0.3626503732460989,0.66082558380703,0.6278990262668062,1.405679244406339
split_random,ridge_cell_drug_fp,"B cells, Proscillaridin A;Proscillaridin-A",0.7606636899434606,1.55615643710273,0.8629980125136664,1.6220301235122974
split_random,ridge_cell_drug_fp,"B cells, BMS-265246",0.5680974084443665,0.9662763202801972,0.7562027601881883,1.5993859091860727
split_random,ridge_cell_drug_fp,"Myeloid cells, Pomalidomide",0.1584216680156342,1.1799834782350984,0.25816716867869793,2.4600460694664967
split_random,ridge_cell_drug_fp,"Myeloid cells, Navitoclax",0.1049646329660008,0.968153776229658,0.15429546667615043,2.069811932732812
split_random,ridge_cell_drug_fp,"T cells, Navitoclax",0.1979282855312045,0.6822634248103913,0.6493281255535298,1.4995743256225829
split_random,ridge_cell_drug_fp,"B cells, Methotrexate",0.18674841392062155,0.7177465853477568,0.4025927497389798,1.643747381095446
split_random,ridge_cell_drug_fp,"Myeloid cells, AMD-070 (hydrochloride)",0.2385876024997416,0.7655228750257208,0.46684046209380536,1.8803246107398004
split_random,ridge_cell_drug_fp,"B cells, FK 866",0.45367852411561504,0.744029659742069,0.7427157517763391,1.4426308170010087
split_random,ridge_cell_drug_fp,"B cells, Scriptaid",0.7658657746272094,1.1357703884497394,0.8724870649289748,1.511483820942321
split_random,ridge_cell_drug_fp,"NK cells, Vardenafil",0.16207072217304938,0.6881115599040266,0.217780259667923,1.8241313058973478
split_random,ridge_cell_drug_fp,"T cells, AT13387",0.6005203096482915,1.732059095405925,0.6923801226010643,2.4380932423287587
split_random,ridge_cell_drug_fp,"B cells, PF-04691502",0.6137363710914678,0.9313343639511206,0.7960354660374335,1.6665675655283174
split_random,ridge_cell_drug_fp,"NK cells, RVX-208",0.32870917357215335,0.7320959082543712,0.5652162108392331,1.5501029690040937
split_random,ridge_cell_drug_fp,"NK cells, Disulfiram",0.17900676322076728,0.6628757168308483,0.34114704107763727,1.7384909423747954
split_random,ridge_cell_drug_fp,"NK cells, Flutamide",0.208174111285118,0.6881661872139037,0.4040339146775691,1.7242005970325445
split_random,ridge_cell_drug_fp,"Myeloid cells, Dactolisib",0.6612164009536791,1.6646461256071974,0.7417686518623243,2.3287411382303502
split_random,ridge_cell_drug_fp,"T cells, IKK Inhibitor VII",0.5961599914821961,0.8062294374005561,0.831853901477104,1.4110266322794007
split_random,ridge_cell_drug_fp,"T cells, Canertinib",0.49883472348495017,0.7002428358162096,0.7343886011860251,1.5382439612724053
split_random,ridge_cell_drug_fp,"NK cells, Alogliptin",0.21055688929383357,0.6678557075246627,0.43583187914261723,1.6627739155733148
split_random,ridge_cell_drug_fp,"NK cells, Quizartinib",0.13596702200939903,0.7211724895420027,0.3160046142030309,1.7589653316344456
split_random,ridge_cell_drug_fp,"T cells, Quizartinib",0.2886918289879495,0.6105653153233378,0.5715594337950841,1.5690376523387177
split_random,ridge_cell_drug_fp,"T cells, Cabozantinib",0.16150992406847622,0.7041071991520285,0.36048591193069124,1.7381532663982455
split_random,ridge_cell_drug_fp,"NK cells, CHIR-99021",0.3457074700002924,0.8897743866485822,0.5987405483375879,1.5715400743380736
split_random,ridge_cell_drug_fp,"T cells, Defactinib",0.421742588994136,0.7418691048166817,0.7030377887452736,1.6212014353182431
split_random,ridge_cell_drug_fp,"B cells, BI-D1870",0.2188267785680383,0.6764732295067624,0.3571587528524797,1.7112802174290023
split_random,ridge_cell_drug_fp,"Myeloid cells, BI-D1870",0.3009765491738101,0.8629109647669854,0.519407447614815,1.8954821307555825
split_random,ridge_cell_drug_fp,"NK cells, HMN-214",0.3515941762210096,0.7246773989568391,0.5394514349715903,1.5466707894898617
split_random,ridge_cell_drug_fp,"B cells, Crizotinib",0.5906639165713495,0.7613950316740725,0.8322000804059599,1.5470413398754432
split_random,ridge_cell_drug_fp,"NK cells, Azacitidine",0.18820550048055237,0.6859083606725779,0.28401947281266476,1.7650404388601721
split_random,ridge_cell_drug_fp,"T cells, Azacitidine",0.34611073194431957,0.6206368979939119,0.6818486713116323,1.474310868156464
split_random,ridge_cell_drug_fp,"B cells, TR-14035",0.35774717738476247,0.6421997675548403,0.5808016578328324,1.6351700694295908
split_random,ridge_cell_drug_fp,"T cells, RG7112",0.439874048483889,0.6044570085188298,0.6959834702341655,1.5992521151349455
split_random,ridge_cell_drug_fp,"B cells, TGX 221",0.5941247499832519,0.7389840499127879,0.809996985838923,1.4767098218307886
split_random,ridge_cell_drug_fp,"B cells, Pitavastatin Calcium",0.5294324238586376,1.0513785757298562,0.7403085921523953,1.576649574246874
split_random,ridge_cell_drug_fp,"Myeloid cells, Pitavastatin Calcium",0.41520242300425014,2.1193501149933853,0.48209508058468103,2.8156232267349495
split_random,ridge_cell_drug_fp,"B cells, ABT737",0.2254299517110278,0.9544409531688496,0.36960907945374466,1.9882957381540907
split_random,ridge_cell_drug_fp,"T cells, PRT-062607",0.6802265110375879,0.7868696536035955,0.8625611729086559,1.3356833004477213
split_random,ridge_cell_drug_fp,"T cells, AZ628",0.5920403111887116,0.6504925465671407,0.817209761582598,1.3357027355285456
split_random,ridge_cell_drug_fp,"T cells, AZD-8330",0.5517399099387464,0.6971556156201498,0.8232968690173965,1.3621597563613816
split_random,ridge_cell_drug_fp,"T cells, Masitinib",0.45314516574810143,0.5440477234127559,0.8009289788737876,1.1185728420231418
split_random,ridge_cell_drug_fp,"T cells, Nefazodone",0.2451635078319971,0.5696464222056474,0.425627351661436,1.5066172674692195
split_random,ridge_cell_drug_fp,"T cells, STK219801",0.3010703619185662,0.5998617987619295,0.6025417575707713,1.4837417603177252
split_random,ridge_cell_drug_fp,"T cells, GSK-1070916",0.4411181507173422,0.5877781658914948,0.6639120540771947,1.3469200914185364
split_random,ridge_cell_drug_fp,"T cells, Buspirone",0.1567783434137479,0.5846380667095307,0.265455816342336,1.6550687643310937
split_random,ridge_cell_drug_fp,"NK cells, Midostaurin",0.3201452268739654,0.7838428715823277,0.5209210629729903,1.6202100830243649
split_random,ridge_cell_drug_fp,"T cells, CEP-37440",0.4456695159642604,0.651373414686209,0.7363203772347865,1.518001064135061
split_random,ridge_cell_drug_fp,"Myeloid cells, R428",0.4108501970718762,1.8907037753579594,0.5145337095081591,2.724183924757649
split_random,ridge_cell_drug_fp,"T cells, Oxybenzone",0.2707398380889357,0.5110683915310946,0.4738525417271489,1.439672369756919
split_random,ridge_cell_drug_fp,"NK cells, SCH-58261",0.17859560017972284,0.693434380819658,0.27037190096667346,1.795252914372158
split_random,ridge_cell_drug_fp,"NK cells, Colforsin",0.1516290417940072,0.6833589822006155,0.3135038670864321,1.7500775655504612
split_random,ridge_cell_drug_fp,"B cells, Colchicine",0.44231309131221835,1.0834947927591065,0.6865168395626882,1.7981855529609225
split_random,ridge_cell_drug_fp,"T cells, Mometasone Furoate",0.6660940342116561,1.1251385831648473,0.8111389127668894,1.7887512954877098
split_random,ridge_cell_drug_fp,"NK cells, Tipifarnib",0.2739886906620707,0.7202716622568824,0.4520021883435093,1.744599986430373
split_random,ridge_cell_drug_fp,"Myeloid cells, BX 912",0.42016950474669673,0.8160202522065754,0.7238901623229498,1.6222388511896708
split_random,ridge_cell_drug_fp,"NK cells, RG7090",0.22046937485130694,0.7418438384719938,0.4054564813725704,1.7269061212248706
split_random,ridge_cell_drug_fp,"NK cells, GLPG0634",0.31524461998767284,0.7701677656544571,0.5547377004631951,1.669321634024586
split_random,ridge_cell_drug_fp,"T cells, Vanoxerine",0.27590532534670814,0.6247964442320202,0.5932730594505005,1.5113525401920458
split_random,ridge_cell_drug_fp,"NK cells, HYDROXYUREA",0.14495953870553394,0.6703839152181078,0.3603322925864309,1.7128630603053319
split_random,ridge_cell_drug_fp,"Myeloid cells, Lapatinib",0.1721208077318207,0.7171519838389933,0.3639085468940618,1.79923730355734
split_random,ridge_cell_drug_fp,"B cells, Atorvastatin",0.32651507487341236,0.6124279932816729,0.5890557090415123,1.4838437784439735
split_random,ridge_cell_drug_fp,"B cells, Clomipramine",0.21244666292980893,0.6716251361007622,0.36659529537768454,1.6392650582687986
split_random,ridge_cell_drug_fp,"B cells, Protriptyline",0.1850597179544468,0.6038432720749702,0.4240586640706647,1.5881473455549928
split_random,ridge_cell_drug_fp,"Myeloid cells, Phenylbutazone",0.09632561500464597,0.6732079336630363,0.22801060833083925,1.6811397867509907
split_random,ridge_cell_drug_fp,"B cells, K-02288",0.17991906280129338,0.839636129898206,0.4503821647168045,1.696556729736518
split_random,ridge_cell_drug_fp,"Myeloid cells, AVL-292",0.38705169143676776,0.9180661711921726,0.6661098149466849,1.796112405333285
split_random,ridge_cell_drug_fp,"Myeloid cells, Trametinib",0.4731484424399856,1.2698902775896899,0.6603927996869511,2.234850332840687
split_random,ridge_cell_drug_fp,"Myeloid cells, Sgc-cbp30",0.3020351352554068,0.9761429138773939,0.5319194758020047,1.9878129237075106
split_random,ridge_cell_drug_fp,"B cells, BAY 61-3606",0.6711986750933093,0.9896865736780638,0.8448038609067873,1.384972216179957
split_random,ridge_cell_drug_fp,"B cells, AT13387",0.5462475505488478,1.39628599339672,0.696096403742601,2.202172393291943
split_random,ridge_cell_drug_fp,"Myeloid cells, Perhexiline",0.49951201523814,0.8739293167691676,0.7348358169113968,1.6375151483907395
split_random,ridge_cell_drug_fp,"Myeloid cells, Desloratadine",0.13799076993813927,0.6927516752957735,0.3212660936648184,1.674026027572096
split_random,ridge_cell_drug_fp,"B cells, Alogliptin",0.11086773027684695,0.6915724722830826,0.135573721453303,1.8258573434897458
split_random,ridge_cell_drug_fp,"Myeloid cells, Alogliptin",0.1934489005438682,0.6697475811769782,0.4409360307054826,1.5766468479540134
split_random,ridge_cell_drug_fp,"B cells, Decitabine",0.16007748530565674,0.6182203001156177,0.37369317776011535,1.6743704811068558
split_random,ridge_cell_drug_fp,"Myeloid cells, Decitabine",0.22028768528891213,0.5891971872382639,0.2914617818603675,1.6706333200166066
split_random,ridge_cell_drug_fp,"B cells, Cabozantinib",0.22491541625860328,0.7604534337410541,0.45863534579961257,1.7583069892738967
split_random,ridge_cell_drug_fp,"B cells, Defactinib",0.43238997721015554,0.7282236575823245,0.7299413853171993,1.4331839733067084
split_random,ridge_cell_drug_fp,"B cells, HMN-214",0.3500455087368062,0.6462576995267884,0.5846917342341318,1.4413079442085897
split_random,ridge_cell_drug_fp,"B cells, CC-401",0.525250737761209,0.6962752702820632,0.7750538801790718,1.4151668504385866
split_random,ridge_cell_drug_fp,"Myeloid cells, CC-401",0.466273755357277,0.8674485158397511,0.6868202663155184,1.7327024176863879
split_random,ridge_cell_drug_fp,"Myeloid cells, Saracatinib",0.6331458718150714,1.1856366616461602,0.7854771691040023,1.9854932419789342
split_random,ridge_cell_drug_fp,"Myeloid cells, Ceritinib",0.419131072553813,0.8919902878822965,0.7338450405891181,1.900246941329313
split_random,ridge_cell_drug_fp,"B cells, Nefazodone",0.18650627009479118,0.6605438771198977,0.3376041261317982,1.7359019966631575
split_random,ridge_cell_drug_fp,"Myeloid cells, GSK-1070916",0.2718007829298423,0.817123489514563,0.5063508387334997,1.7487356872787174
split_random,ridge_cell_drug_fp,"Myeloid cells, Buspirone",0.21323531316531555,0.6295738640032513,0.40173777133078653,1.5280761197194568
split_random,ridge_cell_drug_fp,"B cells, Imatinib",0.16728238127288073,0.6146090245193161,0.38908973191960977,1.657491779167562
split_random,ridge_cell_drug_fp,"B cells, Tosedostat",0.2894867981855374,0.7509186754275534,0.5431634003153524,1.5514988922692392
split_random,ridge_cell_drug_fp,"B cells, Tacalcitol",0.27614404504061385,0.9405182557985948,0.5575543528427578,1.5937139006944752
split_random,ridge_cell_drug_fp,"Myeloid cells, Vanoxerine",0.3234963591995901,0.6487174673063714,0.6498030499679132,1.4777622951177891
split_random,ridge_cell_drug_fp,"B cells, SB525334",0.27383009368054545,0.7553132328928536,0.4953180950055805,1.6693535486683198
split_random,ridge_cell_drug_fp,"Myeloid cells, SB525334",0.3042211549307785,1.195571784316943,0.4569756693986794,2.2925734020240025
split_cell_heldout,ridge_cell,"T cells, TIE2 Kinase Inhibitor",0.13279755833757892,0.5664949850502669,0.36593440891438367,1.6240811772952817
split_cell_heldout,ridge_cell,"T cells, MK-5108",0.08564258185595797,0.5557089752027652,0.14296950425119945,1.694886547320885
split_cell_heldout,ridge_cell,"T cells, Lapatinib",-0.048609326301723245,0.6405334882752064,-0.03210619964022938,1.8856236572973433
split_cell_heldout,ridge_cell,"T cells, Atorvastatin",0.18299502223015196,0.5499161463261314,0.3992444601597136,1.6366725172916137
split_cell_heldout,ridge_cell,"T cells, Ganetespib (STA-9090)",0.35371249829480755,2.1437681772740476,0.4422850432239022,3.042260363722481
split_cell_heldout,ridge_cell,"T cells, Clomipramine",0.23527072333607907,0.5496408312620469,0.46864237553485116,1.6058892346161222
split_cell_heldout,ridge_cell,"T cells, Sunitinib",0.3578195218242859,0.6585200025417133,0.6336907938755938,1.7612523418673913
split_cell_heldout,ridge_cell,"T cells, Tivozanib",0.22665630614726234,0.6380938332015172,0.45858356888310786,1.8238000510939532
split_cell_heldout,ridge_cell,"T cells, Tamatinib",0.5475420054984084,1.0273032909073605,0.7515806764965662,2.107259993812381
split_cell_heldout,ridge_cell,"T cells, Ixabepilone",0.02125615139770962,0.5587470983928704,-0.10512134220306253,1.8365795816830597
split_cell_heldout,ridge_cell,"T cells, Linagliptin",0.15780046201579576,0.5109279474921543,0.20240177033696993,1.581485082764997
split_cell_heldout,ridge_cell,"T cells, 5-(9-Isopropyl-8-methyl-2-morpholino-9H-purin-6-yl)pyrimidin-2-amine",0.5609802684867634,1.3538732251508416,0.7358169106252669,2.4267473498075023
split_cell_heldout,ridge_cell,"T cells, O-Demethylated Adapalene",0.270437689249738,0.5745920392972685,0.5115365453224674,1.7197264108575092
split_cell_heldout,ridge_cell,"T cells, Protriptyline",0.08701248458692468,0.5116592131318,0.263447973837463,1.650631740774159
split_cell_heldout,ridge_cell,"T cells, I-BET151",0.3239080030981742,1.9232618408073507,0.42312370473727806,2.9083920403887618
split_cell_heldout,ridge_cell,"T cells, Foretinib",0.4753804142687256,0.8239092236066595,0.7247255366605235,1.9441029946497002
split_cell_heldout,ridge_cell,"T cells, GW843682X",0.13198225830322272,0.5980124373907919,0.30575421787351537,1.950690972890633
split_cell_heldout,ridge_cell,"T cells, BMS-387032",0.3592036015536004,1.2361228885763693,0.5487614966409936,2.4177633801866105
split_cell_heldout,ridge_cell,"T cells, IN1451",0.24671274218365,2.792182305239375,0.29529850338559704,3.404051573801033
split_cell_heldout,ridge_cell,"T cells, Raloxifene",-0.19463195891809387,0.9316898113496236,-0.3138901158978783,2.1345444785740875
split_cell_heldout,ridge_cell,"T cells, Topotecan",0.08891168429298019,1.0578356002602558,0.19968809657813896,2.298673624444345
split_cell_heldout,ridge_cell,"T cells, BAY 87-2243",0.34821206770330426,1.2565733331523705,0.5269821782125022,2.390453784362167
split_cell_heldout,ridge_cell,"T cells, Phenylbutazone",-0.002826259509576427,0.5585762660832285,-0.17907939281965757,1.830097978635772
split_cell_heldout,ridge_cell,"T cells, K-02288",0.16102308110432037,0.5518771042907828,0.3283258549416437,1.6890986946429123
split_cell_heldout,ridge_cell,"T cells, BMS-777607",0.3030704763960507,0.5466848729772664,0.6126126201847382,1.5368257026591594
split_cell_heldout,ridge_cell,"T cells, Porcn Inhibitor III",-0.2809240520800032,0.7261891644963774,-0.4567655407045627,1.8922575876736685
split_cell_heldout,ridge_cell,"T cells, TL_HRAS26",0.19647380653798735,0.5436665800571586,0.3760810199560405,1.8938730687345322
split_cell_heldout,ridge_cell,"T cells, Proscillaridin A;Proscillaridin-A",-0.02549270351600295,2.989581474841814,-0.028698960934111173,3.546508780172948
split_cell_heldout,ridge_cell,"T cells, Vorinostat",0.2881305979424796,2.161803546821612,0.3699242589939245,3.0620072580966773
split_cell_heldout,ridge_cell,"T cells, BMS-265246",0.12423648165555508,1.3697111840524974,0.24006119551593885,2.5596499118947404
split_cell_heldout,ridge_cell,"T cells, Ruxolitinib",0.5103361830460045,0.8931906104540994,0.737935172644924,1.9776619164785378
split_cell_heldout,ridge_cell,"T cells, Pomalidomide",-0.174667158834761,1.3087991717195335,-0.24139408127077747,2.715543312374242
split_cell_heldout,ridge_cell,"T cells, Dovitinib",0.3703818265772004,0.7423636995214089,0.652706280485788,2.015258616252393
split_cell_heldout,ridge_cell,"T cells, AVL-292",0.46543277764048896,0.7312224481446886,0.7297440891283147,1.8515176445999981
split_cell_heldout,ridge_cell,"T cells, Navitoclax",-0.06669199315950836,0.5938491277882677,0.3011548774173649,1.8348285087408427
split_cell_heldout,ridge_cell,"T cells, Methotrexate",-0.08167059788496962,0.6575452973191496,-0.3729862802524418,2.045599234666055
split_cell_heldout,ridge_cell,"T cells, Palbociclib",0.2633427250171971,0.5246919553024514,0.6208812731929405,1.6002145175924603
split_cell_heldout,ridge_cell,"T cells, Trametinib",0.30856896285866664,0.677939903037255,0.605900890885274,1.8590402513057935
split_cell_heldout,ridge_cell,"T cells, AMD-070 (hydrochloride)",0.19153521259068712,0.6017067517524423,0.4343824794391169,1.7612822878767773
split_cell_heldout,ridge_cell,"T cells, Sgc-cbp30",0.22935955400176222,0.7564819296365116,0.39260858017411887,1.9501302047531537
split_cell_heldout,ridge_cell,"T cells, FK 866",0.1517242910694121,0.9773195158248095,0.3315645543199531,2.200194775068663
split_cell_heldout,ridge_cell,"T cells, Chlorpheniramine",0.31308402432304966,0.5591708747725053,0.5753593853244183,1.5925286952122515
split_cell_heldout,ridge_cell,"T cells, Scriptaid",0.2768124049825818,2.243267909979173,0.3506196998904784,3.115585286585443
split_cell_heldout,ridge_cell,"T cells, BAY 61-3606",0.31443771615511834,1.8274052816179538,0.42560041777484087,2.842697488468512
split_cell_heldout,ridge_cell,"T cells, LY2090314",-0.2286038358487284,2.5060457512990384,-0.28000617337602035,3.38232311126635
split_cell_heldout,ridge_cell,"T cells, Vardenafil",0.16295538773087978,0.5505668390517663,0.4438547269988851,1.659313123478377
split_cell_heldout,ridge_cell,"T cells, Dasatinib",0.5407833659829713,1.0402348889081516,0.7559299575306833,2.1340644184425317
split_cell_heldout,ridge_cell,"T cells, AT13387",0.36574154932833464,2.0438169790755403,0.4686491554765264,2.973777547854527
split_cell_heldout,ridge_cell,"T cells, PF-04691502",0.48391513736577285,1.0627053312878652,0.6931650150178099,2.2549382473303914
split_cell_heldout,ridge_cell,"T cells, Perhexiline",0.5286288346896623,0.9269043696388013,0.7660435495609851,2.0861026045554256
split_cell_heldout,ridge_cell,"T cells, RVX-208",0.28218782047093277,0.8249170637226255,0.4592916928385884,1.9995277701089147
split_cell_heldout,ridge_cell,"T cells, Ketoconazole",-0.2475161176979064,1.290237122294896,-0.428433701991542,2.7050471619358385
split_cell_heldout,ridge_cell,"T cells, Disulfiram",0.003356281319167597,0.6007611017605857,0.031046870880380936,1.7720490460671134
split_cell_heldout,ridge_cell,"T cells, Flutamide",0.012581575429832063,0.563194495431898,0.33668877287883936,1.6905651407946976
split_cell_heldout,ridge_cell,"T cells, Desloratadine",0.0751876532691963,0.5491303762069539,0.24606228959413237,1.6043225216541863
split_cell_heldout,ridge_cell,"T cells, Dactolisib",0.5016310766152533,1.4935276422368133,0.6814863401878477,2.6239445347316033
split_cell_heldout,ridge_cell,"T cells, BMS-536924",0.5059327261202935,1.0678936196648772,0.7222008512665856,2.2554163085386394
split_cell_heldout,ridge_cell,"T cells, IKK Inhibitor VII",0.4521959441057015,0.8984299567888919,0.7060345482912668,2.0336663507685926
split_cell_heldout,ridge_cell,"T cells, Amiodarone",0.0903012005479802,0.6112896681102192,0.17019634501457936,1.9879660061124342
split_cell_heldout,ridge_cell,"T cells, Isoniazid",-0.02673438493396377,0.5502628088167948,-0.057738322168011884,1.6146861074865466
split_cell_heldout,ridge_cell,"T cells, IMD-0354",0.3886768793903989,1.6578627792459202,0.523618112086748,2.748807745405894
split_cell_heldout,ridge_cell,"T cells, Canertinib",0.16404279729974575,0.7873087448760957,0.33335600665668824,2.05278997969847
split_cell_heldout,ridge_cell,"T cells, Idelalisib",0.419980573818918,0.8486354388846656,0.6868524959712365,2.0171841248113243
split_cell_heldout,ridge_cell,"T cells, Alogliptin",-0.06384205613684343,0.5958024715476071,-0.15356876496762406,1.7485316035585632
split_cell_heldout,ridge_cell,"T cells, Penfluridol",0.031712917440670264,0.5380734218970501,0.1458232490920973,1.674915700948465
split_cell_heldout,ridge_cell,"T cells, Quizartinib",0.13890901889901072,0.5564979152925109,0.2598040075283284,1.813804598517784
split_cell_heldout,ridge_cell,"T cells, RN-486",0.042580232077232036,0.5365936984104742,0.180158537206983,1.6339740847867272
split_cell_heldout,ridge_cell,"T cells, PD-0325901",0.4495704441031055,0.822674257185766,0.6972674783783391,1.9749716199669314
split_cell_heldout,ridge_cell,"T cells, Decitabine",0.16890804647225263,0.5073558531953528,0.2899056311683497,1.6510318091930702
split_cell_heldout,ridge_cell,"T cells, LDN 193189",0.1693851525703575,0.5693526931516049,0.345239905916139,1.7072973649332979
split_cell_heldout,ridge_cell,"T cells, Cabozantinib",-0.09864990719503967,0.6783151633884105,-0.1367890762497805,1.9165200421583648
split_cell_heldout,ridge_cell,"T cells, Riociguat",0.12581562721035222,0.5235338661971238,0.11698097980260072,1.7756990010229778
split_cell_heldout,ridge_cell,"T cells, CHIR-99021",-0.26473575275750666,1.52137343674596,-0.40159501742482173,2.8576311210814276
split_cell_heldout,ridge_cell,"T cells, Defactinib",0.12817341777042887,0.7691148457526057,0.308842662581108,2.0733778304278907
split_cell_heldout,ridge_cell,"T cells, BI-D1870",-0.0188830473627293,0.6200140692191692,-0.02697902905733135,1.7231598486618236
split_cell_heldout,ridge_cell,"T cells, AZD3514",0.29734395498564087,0.7505493703193553,0.49657179751672026,1.9396216504486734
split_cell_heldout,ridge_cell,"T cells, HMN-214",-0.16891816529274073,0.7655357941626507,-0.46380188529992106,2.2410876897008194
split_cell_heldout,ridge_cell,"T cells, CC-401",0.42435695242447047,0.7743121160436519,0.66460683137601,1.9175472261106434
split_cell_heldout,ridge_cell,"T cells, Resminostat",0.32070668160954235,2.168450845082405,0.4072877902017403,3.0604220515206415
split_cell_heldout,ridge_cell,"T cells, Crizotinib",0.4945362535864764,0.7639581704070738,0.7105763251830887,1.906109645990199
split_cell_heldout,ridge_cell,"T cells, Azacitidine",0.15900435056362686,0.6154432306826101,0.36083857678326814,1.7254819531997279
split_cell_heldout,ridge_cell,"T cells, TR-14035",0.313914939993915,0.5556028804367023,0.5874633750245585,1.5777828972333268
split_cell_heldout,ridge_cell,"T cells, Nilotinib",0.5278512810079563,0.7786492006650773,0.7832459538808582,1.8381035807473887
split_cell_heldout,ridge_cell,"T cells, AT 7867",0.22527902664610938,0.8602420426935877,0.3924506812282052,2.0324191078575615
split_cell_heldout,ridge_cell,"T cells, OSI-930",-0.06538827079463981,0.570294925413651,-0.13660342258488917,1.7353968391390266
split_cell_heldout,ridge_cell,"T cells, GO-6976",-0.15087937858425002,0.9402680809772971,-0.3052555367413917,2.1660251537962765
split_cell_heldout,ridge_cell,"T cells, Saracatinib",0.5279531487816385,0.8085965422714447,0.7542165575936557,1.8577734325095685
split_cell_heldout,ridge_cell,"T cells, RG7112",0.29661013529396385,0.6020464592314607,0.5343569069072969,2.1563924226108986
split_cell_heldout,ridge_cell,"T cells, Lamivudine",0.18866631780130985,0.5189301602398018,0.3006859249712869,1.5916137363054563
split_cell_heldout,ridge_cell,"T cells, TGX 221",0.5334346099927584,0.6862603050003786,0.8035273569183194,1.7317176686371492
split_cell_heldout,ridge_cell,"T cells, Pitavastatin Calcium",-0.2531660675033972,1.6482911665707372,-0.3513606065844744,2.89418458606904
split_cell_heldout,ridge_cell,"T cells, ABT737",0.05834913115180873,0.6151760901798412,0.3760902733420092,1.8677535779506442
split_cell_heldout,ridge_cell,"T cells, PRT-062607",0.58236167855987,0.9498855458874265,0.799220628852808,2.01732318492874
split_cell_heldout,ridge_cell,"T cells, AZ628",0.5314564774710612,0.6936056850657708,0.7898921957628563,1.7822857928849802
split_cell_heldout,ridge_cell,"T cells, AZD-8330",0.5063601290238842,0.7242777667685975,0.773553556522427,1.791033905488254
split_cell_heldout,ridge_cell,"T cells, Masitinib",0.2072108483862613,0.5651132269764835,0.6123737322460617,1.5238754813332456
split_cell_heldout,ridge_cell,"T cells, Ceritinib",0.4148470649047999,0.5643570369796584,0.6963923976048129,1.5726910508461511
split_cell_heldout,ridge_cell,"T cells, CGM-097",-0.09176754997000662,1.3846131523659209,-0.13354310144372789,2.687878038887278
split_cell_heldout,ridge_cell,"T cells, SLx-2119",0.2598038710802172,0.5982936631485792,0.4874811660671983,1.7740854156870767
split_cell_heldout,ridge_cell,"T cells, Nefazodone",0.3111741147255854,0.469078745332439,0.5978137641820566,1.5051489506324365
split_cell_heldout,ridge_cell,"T cells, STK219801",0.12879426429212906,0.569735347409702,0.24839403384961237,1.8524701208512597
split_cell_heldout,ridge_cell,"T cells, TPCA-1",0.5676405874938779,1.0883990147795974,0.7596216954968816,2.158644776501362
split_cell_heldout,ridge_cell,"T cells, MGCD-265",0.3717413924037061,0.46642301791297325,0.6145761439944568,1.4928110421331697
split_cell_heldout,ridge_cell,"T cells, GSK-1070916",0.2793370593131619,0.5781450128347011,0.567239944966863,1.6843180840440688
split_cell_heldout,ridge_cell,"T cells, Ricolinostat",0.190001736636276,0.8722041712977653,0.4109581999140493,2.0630883836200034
split_cell_heldout,ridge_cell,"T cells, Bosutinib",0.4810804027916699,0.9868587531546089,0.7027057408483226,2.1217277897798685
split_cell_heldout,ridge_cell,"T cells, Clemastine",0.29030803893999896,0.527800973518886,0.6515917025513445,1.5102093040986435
split_cell_heldout,ridge_cell,"T cells, YK 4-279",-0.1312687928808707,0.6569865842124448,-0.3049985974975186,1.787886616409873
split_cell_heldout,ridge_cell,"T cells, Buspirone",0.02537168895211957,0.5270784575199057,-0.027060790256449304,1.7188434476546315
split_cell_heldout,ridge_cell,"T cells, Midostaurin",0.4422936756583384,0.8536616642497542,0.7200374355652895,2.059003681859401
split_cell_heldout,ridge_cell,"T cells, CEP-37440",0.3278647509358874,0.6444106496050639,0.6490008057853395,1.8441345479618898
split_cell_heldout,ridge_cell,"T cells, GSK256066",0.2817818172283014,0.7372371062542888,0.5015461829790981,2.1265433462222076
split_cell_heldout,ridge_cell,"T cells, R428",0.484426890793091,0.902710704159009,0.6947869441762886,2.0704405045017027
split_cell_heldout,ridge_cell,"T cells, Oxybenzone",0.16973493277778756,0.49457858452028747,0.39248309615408133,1.5482270755861167
split_cell_heldout,ridge_cell,"T cells, Vandetanib",0.1545454885612937,0.5265720321414478,0.35884850339644025,1.5889242991879797
split_cell_heldout,ridge_cell,"T cells, Imatinib",0.16624925815613745,0.5138063796835997,0.31687475856142067,1.5668378672282837
split_cell_heldout,ridge_cell,"T cells, SCH-58261",0.035749129554374516,0.5499438939062375,-0.022257623201280066,1.7338417685354273
split_cell_heldout,ridge_cell,"T cells, Colforsin",0.20227560704925782,0.5511257570371803,0.3427860274624853,1.578579159067102
split_cell_heldout,ridge_cell,"T cells, Tivantinib",0.2380731340911719,0.7441128037881535,0.44185315499229055,1.8642054557693333
split_cell_heldout,ridge_cell,"T cells, Tosedostat",0.26579600925340024,0.7609080269619777,0.47715587847502816,1.9388767112790097
split_cell_heldout,ridge_cell,"T cells, Colchicine",0.2060575291635549,0.9483567278950166,0.3986657604050549,2.3035086348058234
split_cell_heldout,ridge_cell,"T cells, ABT-199 (GDC-0199)",-0.00764117915760086,0.5875183891892788,0.3521281372916504,1.7306739058165708
split_cell_heldout,ridge_cell,"T cells, Mometasone Furoate",0.47888876361808036,1.4104236442553992,0.6157569568190784,2.580627816711967
split_cell_heldout,ridge_cell,"T cells, Tipifarnib",0.4090149175570263,0.6331260747534286,0.7010188068610546,1.7260476264748101
split_cell_heldout,ridge_cell,"T cells, BX 912",0.5372568045745577,0.7482284525515255,0.7941581834963426,1.8347713030246133
split_cell_heldout,ridge_cell,"T cells, Doxorubicin",0.30768782148888146,1.3505347514269619,0.4708186716965738,2.5170273563053907
split_cell_heldout,ridge_cell,"T cells, PF-03814735",0.5281403444944971,1.0819722499839068,0.7332433719364928,2.1985628101262873
split_cell_heldout,ridge_cell,"T cells, AZD4547",0.2805924603227727,0.5034289408003966,0.4670170416964442,1.5855262432546153
split_cell_heldout,ridge_cell,"T cells, Prednisolone",0.4501804639432144,1.362582624933035,0.587800356351085,2.5675184987453994
split_cell_heldout,ridge_cell,"T cells, Tacalcitol",0.326339172414679,0.6433263839510164,0.6483606057789394,1.7277253311392435
split_cell_heldout,ridge_cell,"T cells, Selumetinib",0.4371665016927549,0.6310947160690179,0.7084469659934008,1.7480818226452008
split_cell_heldout,ridge_cell,"T cells, Clotrimazole",0.08435794549966875,0.5554718823702569,0.16386554963141112,1.7532955592776056
split_cell_heldout,ridge_cell,"T cells, RG7090",-0.1557778741740498,0.8565502169194421,-0.25930178950061844,2.1216719459668703
split_cell_heldout,ridge_cell,"T cells, GLPG0634",0.43100348040685166,0.7380435187075094,0.7246308654468626,1.8187321226787296
split_cell_heldout,ridge_cell,"T cells, Mubritinib (TAK 165)",0.303851202478886,1.1210632224072707,0.5144512229518949,2.35668809140687
split_cell_heldout,ridge_cell,"T cells, Vanoxerine",0.13163888911641097,0.5989229864296473,0.3400916075444826,1.7223711126724002
split_cell_heldout,ridge_cell,"T cells, SB525334",-0.35450636612931014,1.0729093067692705,-0.5552110958860678,2.4120557305202994
split_cell_heldout,ridge_cell,"T cells, HYDROXYUREA",-0.025403791752176018,0.5622622203416032,-0.22145837003777963,1.7639513646736544
split_cell_heldout,ridge_drug_fp,"T cells, TIE2 Kinase Inhibitor",0.28581768959458287,0.5514782666337481,0.5869659136381891,1.4809785366008212
split_cell_heldout,ridge_drug_fp,"T cells, MK-5108",0.2716969773202152,0.5456016274319376,0.5462878683096986,1.495709339714497
split_cell_heldout,ridge_drug_fp,"T cells, Lapatinib",0.3411560576998137,0.5772173292344939,0.662678396098107,1.5133412909436503
split_cell_heldout,ridge_drug_fp,"T cells, Atorvastatin",0.28334804227397276,0.5673426765937639,0.5906878391250009,1.4598348331980502
split_cell_heldout,ridge_drug_fp,"T cells, Ganetespib (STA-9090)",0.6521355024446153,1.7296160738541333,0.7334379877633498,2.367276700215197
split_cell_heldout,ridge_drug_fp,"T cells, Clomipramine",0.30900905937172657,0.5598297153141517,0.585706840222845,1.485946534067288
split_cell_heldout,ridge_drug_fp,"T cells, Sunitinib",0.40160947232736643,0.6611059038728139,0.6790555237475947,1.5706215469005775
split_cell_heldout,ridge_drug_fp,"T cells, Tivozanib",0.3486114438357258,0.6365182692123244,0.6736703497893155,1.5969193584265016
split_cell_heldout,ridge_drug_fp,"T cells, Tamatinib",0.5870568862924783,0.9309288146339634,0.7845842724115436,1.588338964682204
split_cell_heldout,ridge_drug_fp,"T cells, Ixabepilone",0.21180941011271415,0.5580165552390118,0.4871646754663722,1.5469846788092039
split_cell_heldout,ridge_drug_fp,"T cells, Linagliptin",0.15273657718853131,0.5518146123859244,0.35959294073775544,1.513598717134451
split_cell_heldout,ridge_drug_fp,"T cells, 5-(9-Isopropyl-8-methyl-2-morpholino-9H-purin-6-yl)pyrimidin-2-amine",0.6848263363886895,1.0742938833495206,0.8070149588861882,1.716564626102307
split_cell_heldout,ridge_drug_fp,"T cells, O-Demethylated Adapalene",0.32358911189843215,0.5983579022370958,0.6487889218164683,1.5057278304353743
split_cell_heldout,ridge_drug_fp,"T cells, Protriptyline",0.17649804470065703,0.51296100996768,0.4424038349500877,1.5717727116540416
split_cell_heldout,ridge_drug_fp,"T cells, I-BET151",0.7115070315820337,1.4550565714743746,0.8003938961138314,2.0948387553878733
split_cell_heldout,ridge_drug_fp,"T cells, Foretinib",0.4704977513562951,0.8232430728577522,0.7325147101547409,1.634353554199893
split_cell_heldout,ridge_drug_fp,"T cells, GW843682X",0.32731106363360885,0.5864545459312427,0.6557590640240799,1.519924633187514
split_cell_heldout,ridge_drug_fp,"T cells, BMS-387032",0.37967276581137166,1.2138963754223457,0.5676460312128819,2.1969544992968024
split_cell_heldout,ridge_drug_fp,"T cells, IN1451",0.7685180409489443,2.0213806773382297,0.8144693754768679,2.413872530844994
split_cell_heldout,ridge_drug_fp,"T cells, Raloxifene",0.2672499768025571,0.8487829304250625,0.4934053823890408,1.8327545497561195
split_cell_heldout,ridge_drug_fp,"T cells, Topotecan",0.5500074615436649,0.8891118282642033,0.7613425269238735,1.6404811908884211
split_cell_heldout,ridge_drug_fp,"T cells, BAY 87-2243",0.539340283593373,1.110944822422974,0.6918993451533372,1.9219397698235603
split_cell_heldout,ridge_drug_fp,"T cells, Phenylbutazone",0.1645246548838217,0.5446263625661643,0.35374660790558515,1.6313138504471536
split_cell_heldout,ridge_drug_fp,"T cells, K-02288",0.16003498012935086,0.6163548122221713,0.3682661049478306,1.6551546532258576
split_cell_heldout,ridge_drug_fp,"T cells, BMS-777607",0.2775599143505544,0.5972458058424304,0.5796805431531303,1.479842008826187
split_cell_heldout,ridge_drug_fp,"T cells, Porcn Inhibitor III",0.3440511572714802,0.6437470117150988,0.6047707476496458,1.4588011434103254
split_cell_heldout,ridge_drug_fp,"T cells, TL_HRAS26",0.25111117866426697,0.5591561615731863,0.5967424749037271,1.7366943258554532
split_cell_heldout,ridge_drug_fp,"T cells, Proscillaridin A;Proscillaridin-A",0.8222528041470449,1.7925799757677752,0.852752504939003,2.047249729783213
split_cell_heldout,ridge_drug_fp,"T cells, Vorinostat",0.7332195663974739,1.611133536290166,0.8019225146253081,2.208289369539305
split_cell_heldout,ridge_drug_fp,"T cells, BMS-265246",0.6471397491707023,1.0541305267716072,0.8023194727638587,1.7863485372451777
split_cell_heldout,ridge_drug_fp,"T cells, Ruxolitinib",0.47509072125045076,0.9071526694112717,0.7292937908212043,1.6201461466575742
split_cell_heldout,ridge_drug_fp,"T cells, Pomalidomide",0.5463408576914643,1.051605926915419,0.7255102156813484,2.0808824707125453
split_cell_heldout,ridge_drug_fp,"T cells, Dovitinib",0.4304549969416546,0.7386450168815588,0.7063227436164963,1.6970878416989397
split_cell_heldout,ridge_drug_fp,"T cells, AVL-292",0.4697895597986646,0.7319690387401727,0.7377230919870142,1.5882963794107747
split_cell_heldout,ridge_drug_fp,"T cells, Navitoclax",0.23727479997197068,0.6292869767617487,0.5934753149989904,1.5992262646336088
split_cell_heldout,ridge_drug_fp,"T cells, Methotrexate",0.35689463839364244,0.5865904115511408,0.6465032198111781,1.479669142799785
split_cell_heldout,ridge_drug_fp,"T cells, Palbociclib",0.29921552707006094,0.5676135290345599,0.624156808742655,1.5170539171156612
split_cell_heldout,ridge_drug_fp,"T cells, Trametinib",0.37408825530886536,0.7588059886907002,0.6818728612723206,1.5601202070259719
split_cell_heldout,ridge_drug_fp,"T cells, AMD-070 (hydrochloride)",0.25790278000034783,0.6210611104585863,0.5688809144485336,1.6478713158540252
split_cell_heldout,ridge_drug_fp,"T cells, Sgc-cbp30",0.36352619437212913,0.7520019141758748,0.5951167464881584,1.7268203507104458
split_cell_heldout,ridge_drug_fp,"T cells, FK 866",0.4866839420098952,0.8631425197505014,0.7040083530056217,1.7781251882056417
split_cell_heldout,ridge_drug_fp,"T cells, Chlorpheniramine",0.17635477783590525,0.6085778613203123,0.3791320800176339,1.6575042506195765
split_cell_heldout,ridge_drug_fp,"T cells, Scriptaid",0.7452131007826004,1.613907521109434,0.8106446611400249,2.1509895943155146
split_cell_heldout,ridge_drug_fp,"T cells, BAY 61-3606",0.6429670788032842,1.4618867862380884,0.7526536521295103,2.1392416108680385
split_cell_heldout,ridge_drug_fp,"T cells, LY2090314",0.43999378098998204,2.1914361041035617,0.5123637747115338,2.875219108062659
split_cell_heldout,ridge_drug_fp,"T cells, Vardenafil",0.21366528493907017,0.584298801792744,0.5005558189442789,1.585517919107079
split_cell_heldout,ridge_drug_fp,"T cells, Dasatinib",0.5620108336702502,0.9638271972187002,0.7566125550310855,1.6626394386346324
split_cell_heldout,ridge_drug_fp,"T cells, AT13387",0.6252482014550879,1.6972369202422481,0.7135944890241793,2.389379432757565
split_cell_heldout,ridge_drug_fp,"T cells, PF-04691502",0.5298308565824564,0.9849990503304693,0.7435881947740066,1.8298596006820183
split_cell_heldout,ridge_drug_fp,"T cells, Perhexiline",0.5643986797632434,0.8506511373673509,0.7817382277556656,1.700380279728885
split_cell_heldout,ridge_drug_fp,"T cells, RVX-208",0.5126898456040906,0.7406040810507432,0.7094923226193592,1.615755210774554
split_cell_heldout,ridge_drug_fp,"T cells, Ketoconazole",0.6109483547297107,0.9597685211549156,0.7806205470318331,1.7646275124094903
split_cell_heldout,ridge_drug_fp,"T cells, Disulfiram",0.24393457066931867,0.5638470202223306,0.5128659331314168,1.5172410822801978
split_cell_heldout,ridge_drug_fp,"T cells, Flutamide",0.08475858295376984,0.5958310660855755,0.4459351140948959,1.631447770927798
split_cell_heldout,ridge_drug_fp,"T cells, Desloratadine",0.23862872108141586,0.5393427299270038,0.5211968636629377,1.457524317646332
split_cell_heldout,ridge_drug_fp,"T cells, Dactolisib",0.7068088532478374,1.1282258320687872,0.831062545173148,1.6898751111607524
split_cell_heldout,ridge_drug_fp,"T cells, BMS-536924",0.49816419181402855,1.0151799347804804,0.7122409006763804,1.9531547876850162
split_cell_heldout,ridge_drug_fp,"T cells, IKK Inhibitor VII",0.46900290317237686,0.911155192164336,0.7249532799019461,1.6588732024826707
split_cell_heldout,ridge_drug_fp,"T cells, Amiodarone",0.19187245063362715,0.6141925224402593,0.48233512434401404,1.8223903588531754
split_cell_heldout,ridge_drug_fp,"T cells, Isoniazid",0.04346634596890484,0.5651260751677778,0.10158092174729147,1.5812132182093181
split_cell_heldout,ridge_drug_fp,"T cells, IMD-0354",0.630625124189912,1.3692662083127976,0.748884507331661,2.145860477760985
split_cell_heldout,ridge_drug_fp,"T cells, Canertinib",0.411131486885771,0.7377113438657312,0.654108778935676,1.6714153791910173
split_cell_heldout,ridge_drug_fp,"T cells, Idelalisib",0.41389759514237034,0.8582677823734209,0.686346156509913,1.7945088966278795
split_cell_heldout,ridge_drug_fp,"T cells, Alogliptin",0.19765477925576425,0.5647590833196132,0.42486256541664574,1.5710728328884476
split_cell_heldout,ridge_drug_fp,"T cells, Penfluridol",0.17207475968990957,0.5590801417661926,0.2595805948949672,1.6337404682870786
split_cell_heldout,ridge_drug_fp,"T cells, Quizartinib",0.1843425879269176,0.5981746789339045,0.4280796824289851,1.7011037586787772
split_cell_heldout,ridge_drug_fp,"T cells, RN-486",0.1210626857914108,0.5706309873121851,0.25003579296819056,1.60567386223459
split_cell_heldout,ridge_drug_fp,"T cells, PD-0325901",0.3561673602214811,0.8993093052596158,0.6547267598891163,1.7506329226033766
split_cell_heldout,ridge_drug_fp,"T cells, Decitabine",0.16049837809409076,0.525341596637695,0.2384751664169284,1.658810191910423
split_cell_heldout,ridge_drug_fp,"T cells, LDN 193189",0.2671632570598858,0.5860887952917978,0.5988996352045252,1.5055897929278859
split_cell_heldout,ridge_drug_fp,"T cells, Cabozantinib",0.19108551839902768,0.659993123054166,0.37632533766731585,1.734986333980812
split_cell_heldout,ridge_drug_fp,"T cells, Riociguat",0.15370166567324803,0.5532959511665586,0.30821276268223696,1.72074406120124
split_cell_heldout,ridge_drug_fp,"T cells, CHIR-99021",0.5065965847484177,1.2522870416798009,0.6993926518541024,2.2735208338501733
split_cell_heldout,ridge_drug_fp,"T cells, Defactinib",0.38880611333373516,0.7365624948501742,0.6799923482920712,1.6859552276266718
split_cell_heldout,ridge_drug_fp,"T cells, BI-D1870",0.16565721506225187,0.6530235916151463,0.4482015978186569,1.5346248420231867
split_cell_heldout,ridge_drug_fp,"T cells, AZD3514",0.48399090239890863,0.6944042594291671,0.7307210192888877,1.5859225965300114
split_cell_heldout,ridge_drug_fp,"T cells, HMN-214",0.4392783170810998,0.632138179842532,0.7453054204899598,1.552982903249172
split_cell_heldout,ridge_drug_fp,"T cells, CC-401",0.5103098596626843,0.733994009709394,0.7254692339346074,1.6116763446274414
split_cell_heldout,ridge_drug_fp,"T cells, Resminostat",0.7485103874000412,1.5513000613565355,0.8157071030015101,2.091458093061514
split_cell_heldout,ridge_drug_fp,"T cells, Crizotinib",0.5323417729478575,0.7294787090277658,0.7878347933057088,1.5244796566561052
split_cell_heldout,ridge_drug_fp,"T cells, Azacitidine",0.33441599029560864,0.5879796334167472,0.6268609245087913,1.5464256708049948
split_cell_heldout,ridge_drug_fp,"T cells, TR-14035",0.3289764017463896,0.5721024701742699,0.5743531953408532,1.5208457945180385
split_cell_heldout,ridge_drug_fp,"T cells, Nilotinib",0.48598748114507173,0.7860273338240321,0.7428997889070015,1.5584761974364376
split_cell_heldout,ridge_drug_fp,"T cells, AT 7867",0.28057296680780563,0.9015928581797199,0.49920871626112523,1.87238841153449
split_cell_heldout,ridge_drug_fp,"T cells, OSI-930",0.16253366105202335,0.5669775365327423,0.3004095116127645,1.6152744441428526
split_cell_heldout,ridge_drug_fp,"T cells, GO-6976",0.3752767852593106,0.8325578168657741,0.6124928836566631,1.7475531855050643
split_cell_heldout,ridge_drug_fp,"T cells, Saracatinib",0.5828887190216283,0.778723358368714,0.7960033382087534,1.3630333407681516
split_cell_heldout,ridge_drug_fp,"T cells, RG7112",0.44583868189078185,0.5827918638737757,0.692541499242105,1.6108467992636997
split_cell_heldout,ridge_drug_fp,"T cells, Lamivudine",0.18618920328439625,0.5696630564074819,0.3523511263298138,1.5670652058038186
split_cell_heldout,ridge_drug_fp,"T cells, TGX 221",0.5247576054695068,0.6886665049053018,0.7979430622652701,1.3958950561799786
split_cell_heldout,ridge_drug_fp,"T cells, Pitavastatin Calcium",0.5662806249299089,1.3115610996999651,0.7370289094719858,1.9648184628284548
split_cell_heldout,ridge_drug_fp,"T cells, ABT737",0.19817628439972948,0.69309515662986,0.5620345988659472,1.701510175776027
split_cell_heldout,ridge_drug_fp,"T cells, PRT-062607",0.5641394522256398,0.9011300915609834,0.7849998659141139,1.5558086340047732
split_cell_heldout,ridge_drug_fp,"T cells, AZ628",0.48348453980011774,0.7159111873639581,0.7445271860657809,1.5132928734481224
split_cell_heldout,ridge_drug_fp,"T cells, AZD-8330",0.390990787266443,0.7934823413649025,0.6800655974985054,1.6374012503308975
split_cell_heldout,ridge_drug_fp,"T cells, Masitinib",0.3190810272544904,0.575426151567121,0.709779870342673,1.3586748981755568
split_cell_heldout,ridge_drug_fp,"T cells, Ceritinib",0.3126798787977135,0.6458411606118146,0.6107244356971249,1.5159684635241026
split_cell_heldout,ridge_drug_fp,"T cells, CGM-097",0.6043735211504233,1.0730623054653219,0.7569376814025757,1.9364586612516463
split_cell_heldout,ridge_drug_fp,"T cells, SLx-2119",0.3036655916382864,0.6200744837087824,0.59867589225807,1.5835357781270547
split_cell_heldout,ridge_drug_fp,"T cells, Nefazodone",0.19274894652368937,0.5301931702256252,0.37521218157017333,1.5468703623728406
split_cell_heldout,ridge_drug_fp,"T cells, STK219801",0.2770462988221906,0.5854815424402176,0.5267890615425677,1.5655018265996858
split_cell_heldout,ridge_drug_fp,"T cells, TPCA-1",0.5814020912227847,0.9817028477047371,0.7820744979505134,1.6986967226548129
split_cell_heldout,ridge_drug_fp,"T cells, MGCD-265",0.25622811374491455,0.5463565619244213,0.4781107265512418,1.5146817477982795
split_cell_heldout,ridge_drug_fp,"T cells, GSK-1070916",0.36779620768347104,0.5923973814041226,0.6246902876041963,1.4577992331391267
split_cell_heldout,ridge_drug_fp,"T cells, Ricolinostat",0.576656752595734,0.7305336628867459,0.7792485717591525,1.480229916528665
split_cell_heldout,ridge_drug_fp,"T cells, Bosutinib",0.6040461443114087,0.8826361499926896,0.8052790284053695,1.4792403896765511
split_cell_heldout,ridge_drug_fp,"T cells, Clemastine",0.313266487328258,0.5607577663480697,0.681589079676269,1.3875891738153607
split_cell_heldout,ridge_drug_fp,"T cells, YK 4-279",0.2779049420606763,0.5870408343643293,0.5440520694086014,1.4749632545082452
split_cell_heldout,ridge_drug_fp,"T cells, Buspirone",0.1332831048535071,0.5362484707334987,0.18149266814938345,1.6777374263780467
split_cell_heldout,ridge_drug_fp,"T cells, Midostaurin",0.4455142274583573,0.8484299643817593,0.7181917969997483,1.7853787982285216
split_cell_heldout,ridge_drug_fp,"T cells, CEP-37440",0.3627761475369727,0.6748405003323766,0.687091446048276,1.6350798660814587
split_cell_heldout,ridge_drug_fp,"T cells, GSK256066",0.410885541705078,0.7530701663599962,0.6461691520040018,1.7280537118470802
split_cell_heldout,ridge_drug_fp,"T cells, R428",0.44337059021659014,1.1290770837715625,0.7215692573517437,1.5837804027440128
split_cell_heldout,ridge_drug_fp,"T cells, Oxybenzone",0.1427460193019065,0.5170450235638258,0.3621897436863344,1.5330341165662424
split_cell_heldout,ridge_drug_fp,"T cells, Vandetanib",0.1811751765652882,0.5859630856803922,0.43472316356143775,1.525191710218903
split_cell_heldout,ridge_drug_fp,"T cells, Imatinib",0.16723832125769408,0.5429755756070835,0.3134967821770468,1.543167077679934
split_cell_heldout,ridge_drug_fp,"T cells, SCH-58261",0.20080509012152434,0.5523731542751178,0.3939722059751814,1.5857336677941292
split_cell_heldout,ridge_drug_fp,"T cells, Colforsin",0.22303876298068787,0.5816047752098273,0.49325859772218816,1.4927417755432657
split_cell_heldout,ridge_drug_fp,"T cells, Tivantinib",0.42039900153251575,0.7072477977686226,0.6846445041762561,1.5696964691694397
split_cell_heldout,ridge_drug_fp,"T cells, Tosedostat",0.4307578321120514,0.7295525174022152,0.691371906309399,1.6193929432292613
split_cell_heldout,ridge_drug_fp,"T cells, Colchicine",0.4251274711587624,1.0384156434189211,0.7212353271222119,1.713185189961769
split_cell_heldout,ridge_drug_fp,"T cells, ABT-199 (GDC-0199)",0.20834438086761967,0.6046846724072746,0.5245770150969331,1.604229242208372
split_cell_heldout,ridge_drug_fp,"T cells, Mometasone Furoate",0.6040210024666683,1.2058815861768228,0.7596469313957289,1.9235144305414114
split_cell_heldout,ridge_drug_fp,"T cells, Tipifarnib",0.39993089488633315,0.6598703820568353,0.6759084020481987,1.5707201821270835
split_cell_heldout,ridge_drug_fp,"T cells, BX 912",0.43244327612277556,0.7758695069584092,0.7240389838267299,1.7102648422960165
split_cell_heldout,ridge_drug_fp,"T cells, Doxorubicin",0.5688927013794044,1.2229801629529322,0.7758712419762523,1.7201046268795745
split_cell_heldout,ridge_drug_fp,"T cells, PF-03814735",0.608930126682207,0.9810476159679867,0.8092414970605579,1.5241937230043319
split_cell_heldout,ridge_drug_fp,"T cells, AZD4547",0.2062519366516773,0.562994367345662,0.34692809072816316,1.5999662165913213
split_cell_heldout,ridge_drug_fp,"T cells, Prednisolone",0.5754353871871409,1.1883380908693169,0.7238530861722478,2.0465657334263763
split_cell_heldout,ridge_drug_fp,"T cells, Tacalcitol",0.35246432383761295,0.8402913048567341,0.6923560631387649,1.4316985497224783
split_cell_heldout,ridge_drug_fp,"T cells, Selumetinib",0.38279311620436013,0.7064292525805219,0.7049862954960051,1.5298427376787729
split_cell_heldout,ridge_drug_fp,"T cells, Clotrimazole",0.2323071533285143,0.5576347784115842,0.5107421683340669,1.592342494380476
split_cell_heldout,ridge_drug_fp,"T cells, RG7090",0.3382215365975774,0.753677096804942,0.6232361790341598,1.7266516924412738
split_cell_heldout,ridge_drug_fp,"T cells, GLPG0634",0.49428197964332726,0.720468093670169,0.7716989392469025,1.4878857229287414
split_cell_heldout,ridge_drug_fp,"T cells, Mubritinib (TAK 165)",0.4699865706449618,1.0353305151529308,0.6632003979881896,2.0053982158556494
split_cell_heldout,ridge_drug_fp,"T cells, Vanoxerine",0.22088228999633525,0.6074621119839405,0.5053444510250249,1.6163651818785403
split_cell_heldout,ridge_drug_fp,"T cells, SB525334",0.4818040607095912,0.8499223714299206,0.7148230768767333,1.7545883126326691
split_cell_heldout,ridge_drug_fp,"T cells, HYDROXYUREA",0.15146053879289656,0.5509449082977221,0.27485631240965047,1.6500133411142892
split_cell_heldout,ridge_cell_drug_fp,"T cells, TIE2 Kinase Inhibitor",0.28577820631187073,0.5514700977381498,0.5869230072225642,1.4810521877525362
split_cell_heldout,ridge_cell_drug_fp,"T cells, MK-5108",0.2716889226782447,0.5455877181187276,0.5463531855294181,1.4956893126938013
split_cell_heldout,ridge_cell_drug_fp,"T cells, Lapatinib",0.3412113684298355,0.5771530607205874,0.6627103952553299,1.513299724571007
split_cell_heldout,ridge_cell_drug_fp,"T cells, Atorvastatin",0.2834052420277565,0.5673263658444431,0.5908075011487929,1.4597462787366622
split_cell_heldout,ridge_cell_drug_fp,"T cells, Ganetespib (STA-9090)",0.6521160311380979,1.7296216076270536,0.733424639592093,2.367261124503581
split_cell_heldout,ridge_cell_drug_fp,"T cells, Clomipramine",0.3087945861382814,0.5598133165409926,0.5853734421218968,1.4862666914151357
split_cell_heldout,ridge_cell_drug_fp,"T cells, Sunitinib",0.4016095492973983,0.6611172456657333,0.6790814566657134,1.5705316632569484
split_cell_heldout,ridge_cell_drug_fp,"T cells, Tivozanib",0.3486028650917759,0.6365085821294783,0.6736352213188516,1.5969747073947966
split_cell_heldout,ridge_cell_drug_fp,"T cells, Tamatinib",0.58703815255857,0.9310081721046569,0.7845417285588492,1.5881644581045902
split_cell_heldout,ridge_cell_drug_fp,"T cells, Ixabepilone",0.21178126325674243,0.5580681705522741,0.48726202400914237,1.5467637170527924
split_cell_heldout,ridge_cell_drug_fp,"T cells, Linagliptin",0.15280875485617657,0.5517964257414097,0.3596369978282054,1.5136166312457262
split_cell_heldout,ridge_cell_drug_fp,"T cells, 5-(9-Isopropyl-8-methyl-2-morpholino-9H-purin-6-yl)pyrimidin-2-amine",0.6847644216722496,1.074370659225039,0.8070077751517881,1.7166237679421528
split_cell_heldout,ridge_cell_drug_fp,"T cells, O-Demethylated Adapalene",0.3236574938483757,0.5983626371944695,0.6487967803660118,1.5056241744309948
split_cell_heldout,ridge_cell_drug_fp,"T cells, Protriptyline",0.17660580029981388,0.5129414934456116,0.4424356522729103,1.5716985755282338
split_cell_heldout,ridge_cell_drug_fp,"T cells, I-BET151",0.7113997470979359,1.4551253917375317,0.8003268841459164,2.094838651306539
split_cell_heldout,ridge_cell_drug_fp,"T cells, Foretinib",0.47116497403293917,0.8238427666717766,0.7361657835623858,1.6313527136827028
split_cell_heldout,ridge_cell_drug_fp,"T cells, GW843682X",0.32734695747219805,0.5864547293122073,0.6557257295338214,1.519907404660741
split_cell_heldout,ridge_cell_drug_fp,"T cells, BMS-387032",0.38539444423076463,1.2118867355993224,0.5749045405031145,2.1842146005596317
split_cell_heldout,ridge_cell_drug_fp,"T cells, IN1451",0.7684392405690944,2.021445733510554,0.8144073331395114,2.413914975452851
split_cell_heldout,ridge_cell_drug_fp,"T cells, Raloxifene",0.2666791359675823,0.8491219102450299,0.492741380454134,1.8330960621070285
split_cell_heldout,ridge_cell_drug_fp,"T cells, Topotecan",0.5499209819330291,0.8891907433980031,0.7612918831270333,1.6405529706892248
split_cell_heldout,ridge_cell_drug_fp,"T cells, BAY 87-2243",0.5395020907689916,1.1107875912286425,0.691985103661059,1.921887716926595
split_cell_heldout,ridge_cell_drug_fp,"T cells, Phenylbutazone",0.16462989200344047,0.5445674872633904,0.35398254882956387,1.6312320866103718
split_cell_heldout,ridge_cell_drug_fp,"T cells, K-02288",0.15990848367659752,0.6162931359504281,0.36798616077217944,1.6553851648512712
split_cell_heldout,ridge_cell_drug_fp,"T cells, BMS-777607",0.27714230607730195,0.5975093611736637,0.5790150712732519,1.4804246007127746
split_cell_heldout,ridge_cell_drug_fp,"T cells, Porcn Inhibitor III",0.34375691366594635,0.6438254959268928,0.6044765873264135,1.4591521275820178
split_cell_heldout,ridge_cell_drug_fp,"T cells, TL_HRAS26",0.25110462588200405,0.5591567780603703,0.5967354371056933,1.7367004768796046
split_cell_heldout,ridge_cell_drug_fp,"T cells, Proscillaridin A;Proscillaridin-A",0.821680261452361,1.7960808605624994,0.8524047380447803,2.051399379134596
split_cell_heldout,ridge_cell_drug_fp,"T cells, Vorinostat",0.7330888492809835,1.6112353108492783,0.8018362444994791,2.208336594706961
split_cell_heldout,ridge_cell_drug_fp,"T cells, BMS-265246",0.647080587668514,1.0541929544833895,0.8022860649870636,1.7864149230791375
split_cell_heldout,ridge_cell_drug_fp,"T cells, Ruxolitinib",0.47513512942505515,0.9070495978280998,0.7293371403644702,1.6201887910414607
split_cell_heldout,ridge_cell_drug_fp,"T cells, Pomalidomide",0.5464523972714564,1.051518331112606,0.7256233376768252,2.08067430252407
split_cell_heldout,ridge_cell_drug_fp,"T cells, Dovitinib",0.4303063044278096,0.7386886553250441,0.7062826120352229,1.6972751625772229
split_cell_heldout,ridge_cell_drug_fp,"T cells, AVL-292",0.46946867620214444,0.7322726099976684,0.7376143284215774,1.5883587391111724
split_cell_heldout,ridge_cell_drug_fp,"T cells, Navitoclax",0.23718465499547864,0.6291929508903887,0.5934684791417651,1.5993006112411676
split_cell_heldout,ridge_cell_drug_fp,"T cells, Methotrexate",0.3568843921081108,0.5865992650806449,0.6464882995701996,1.4796814935272904
split_cell_heldout,ridge_cell_drug_fp,"T cells, Palbociclib",0.299086361266485,0.5677918055145557,0.6239174147539673,1.5172106169275978
split_cell_heldout,ridge_cell_drug_fp,"T cells, Trametinib",0.37401747395768936,0.7590409960705825,0.6818353464898381,1.5601111144968187
split_cell_heldout,ridge_cell_drug_fp,"T cells, AMD-070 (hydrochloride)",0.2576543368260831,0.6211075304729061,0.5686314047671575,1.6481315796679026
split_cell_heldout,ridge_cell_drug_fp,"T cells, Sgc-cbp30",0.36350897286144135,0.7519700815803515,0.5951616793488477,1.7268683108190777
split_cell_heldout,ridge_cell_drug_fp,"T cells, FK 866",0.4864224402486725,0.8633396783310583,0.703809269889626,1.778225410980742
split_cell_heldout,ridge_cell_drug_fp,"T cells, Chlorpheniramine",0.17649992768477643,0.6085302565282228,0.3794557512711538,1.657349257341856
split_cell_heldout,ridge_cell_drug_fp,"T cells, Scriptaid",0.7452011057802114,1.6139362057923519,0.810636197247518,2.1510304157892115
split_cell_heldout,ridge_cell_drug_fp,"T cells, BAY 61-3606",0.6430017918933578,1.4618471746457655,0.7526732135018327,2.139207456722079
split_cell_heldout,ridge_cell_drug_fp,"T cells, LY2090314",0.4399200694263786,2.191517438959717,0.5122863943957842,2.8753094658182268
split_cell_heldout,ridge_cell_drug_fp,"T cells, Vardenafil",0.21367998267385896,0.5843548458751316,0.5005276008456471,1.585500064406303
split_cell_heldout,ridge_cell_drug_fp,"T cells, Dasatinib",0.5621006284775322,0.9638628234504675,0.7566160747788803,1.6621678756991083
split_cell_heldout,ridge_cell_drug_fp,"T cells, AT13387",0.6253778724966225,1.6971556992755596,0.7136927443521063,2.3893611462039233
split_cell_heldout,ridge_cell_drug_fp,"T cells, PF-04691502",0.5329750222504968,0.9828259374302537,0.748359119296208,1.8229746466891859
split_cell_heldout,ridge_cell_drug_fp,"T cells, Perhexiline",0.5645628621221896,0.8505458369096492,0.7817678153982724,1.699806554920494
split_cell_heldout,ridge_cell_drug_fp,"T cells, RVX-208",0.5126625763135877,0.7406276372775645,0.7095667044575877,1.6156508404105243
split_cell_heldout,ridge_cell_drug_fp,"T cells, Ketoconazole",0.6109710936346336,0.9597479409267723,0.7806347380138055,1.7645652825022322
split_cell_heldout,ridge_cell_drug_fp,"T cells, Disulfiram",0.2442187368452119,0.5637984726816327,0.5133787335631549,1.5168118282589615
split_cell_heldout,ridge_cell_drug_fp,"T cells, Flutamide",0.08479448462350207,0.5958029450355186,0.44605303356155507,1.6313842636172742
split_cell_heldout,ridge_cell_drug_fp,"T cells, Desloratadine",0.238694135255765,0.5393352427969704,0.5212740860463047,1.457438554480037
split_cell_heldout,ridge_cell_drug_fp,"T cells, Dactolisib",0.706836150169405,1.1281826355776046,0.8310752351633454,1.6897250805362578
split_cell_heldout,ridge_cell_drug_fp,"T cells, BMS-536924",0.49806778651927297,1.0152865890345795,0.7122318914801667,1.9529495248543312
split_cell_heldout,ridge_cell_drug_fp,"T cells, IKK Inhibitor VII",0.4689758347352885,0.9108813005245651,0.7248922139597815,1.6594408262596996
split_cell_heldout,ridge_cell_drug_fp,"T cells, Amiodarone",0.19193647239369338,0.614244722446566,0.482434594857607,1.8221724621771922
split_cell_heldout,ridge_cell_drug_fp,"T cells, Isoniazid",0.043481235233420436,0.5652932684141868,0.10197081579202168,1.5810529801428543
split_cell_heldout,ridge_cell_drug_fp,"T cells, IMD-0354",0.6305300472400538,1.3693578110468232,0.7488297004036996,2.145954009800956
split_cell_heldout,ridge_cell_drug_fp,"T cells, Canertinib",0.4034266657355259,0.7432737755526954,0.6551872440961775,1.674083565236639
split_cell_heldout,ridge_cell_drug_fp,"T cells, Idelalisib",0.4138410060621638,0.8582724438103003,0.6863023102122928,1.7946625205550542
split_cell_heldout,ridge_cell_drug_fp,"T cells, Alogliptin",0.19787059056948864,0.5646809011383235,0.42500598725914607,1.5710116464893653
split_cell_heldout,ridge_cell_drug_fp,"T cells, Penfluridol",0.1720316566073042,0.559222262079382,0.2594227811690702,1.6338116043565747
split_cell_heldout,ridge_cell_drug_fp,"T cells, Quizartinib",0.18400406354408502,0.5986198662866573,0.4268669881904583,1.701610923122936
split_cell_heldout,ridge_cell_drug_fp,"T cells, RN-486",0.12104518753618505,0.5706317626663866,0.2499857635044638,1.6056896610968447
split_cell_heldout,ridge_cell_drug_fp,"T cells, PD-0325901",0.35628269341355967,0.8991048480257314,0.6548218207430312,1.7505908748910413
split_cell_heldout,ridge_cell_drug_fp,"T cells, Decitabine",0.16071726061591318,0.5253052868918956,0.23882074658742256,1.6586490460638703
split_cell_heldout,ridge_cell_drug_fp,"T cells, LDN 193189",0.2673303713570159,0.5860487352010452,0.5989336906164415,1.505522184470622
split_cell_heldout,ridge_cell_drug_fp,"T cells, Cabozantinib",0.190110161710177,0.6606420029614306,0.37416561435223744,1.7360197212225172
split_cell_heldout,ridge_cell_drug_fp,"T cells, Riociguat",0.1534986901030508,0.5533468094464654,0.307851330527304,1.7208800084361882
split_cell_heldout,ridge_cell_drug_fp,"T cells, CHIR-99021",0.506673810231066,1.252235758241448,0.6994766198088493,2.273434945252923
split_cell_heldout,ridge_cell_drug_fp,"T cells, Defactinib",0.38883964840396046,0.7365256761876423,0.680021108511656,1.68594679961905
split_cell_heldout,ridge_cell_drug_fp,"T cells, BI-D1870",0.165636653669187,0.6530603856831741,0.44811142227473816,1.5346632791121906
split_cell_heldout,ridge_cell_drug_fp,"T cells, AZD3514",0.4839892254932811,0.6944280895029494,0.7307606720105961,1.5857778157606144
split_cell_heldout,ridge_cell_drug_fp,"T cells, HMN-214",0.4394393653289741,0.632060843385773,0.7454162904878987,1.5528063954096267
split_cell_heldout,ridge_cell_drug_fp,"T cells, CC-401",0.5103571977615946,0.7339323379129372,0.725512412477045,1.6117380105615378
split_cell_heldout,ridge_cell_drug_fp,"T cells, Resminostat",0.7485459995124053,1.5512791065855291,0.815728515699348,2.0914751238554747
split_cell_heldout,ridge_cell_drug_fp,"T cells, Crizotinib",0.5323715109654192,0.7295515646563291,0.7878726099716485,1.5239675247372892
split_cell_heldout,ridge_cell_drug_fp,"T cells, Azacitidine",0.3342783971257469,0.5879975077948296,0.6266397619206453,1.5466788298290108
split_cell_heldout,ridge_cell_drug_fp,"T cells, TR-14035",0.32905572422674356,0.5720321525759806,0.5745007659272249,1.5207297756104021
split_cell_heldout,ridge_cell_drug_fp,"T cells, Nilotinib",0.4860982543842823,0.7859466868989821,0.742913183466713,1.5583895791956976
split_cell_heldout,ridge_cell_drug_fp,"T cells, AT 7867",0.2805518253814193,0.901664427416575,0.49915175957191077,1.872398528061296
split_cell_heldout,ridge_cell_drug_fp,"T cells, OSI-930",0.1625161447369626,0.5670460175715296,0.30028893648912786,1.6153393803254423
split_cell_heldout,ridge_cell_drug_fp,"T cells, GO-6976",0.3755094552989854,0.8323570205507681,0.6127862982483335,1.7474275386325244
split_cell_heldout,ridge_cell_drug_fp,"T cells, Saracatinib",0.5827986879935795,0.7788757596395454,0.7959718448972963,1.363029169716872
split_cell_heldout,ridge_cell_drug_fp,"T cells, RG7112",0.44587843383761083,0.5827851773862982,0.6925824129042705,1.6107816234648864
split_cell_heldout,ridge_cell_drug_fp,"T cells, Lamivudine",0.18646508565519318,0.5697233592791818,0.3529608345669484,1.566814383386088
split_cell_heldout,ridge_cell_drug_fp,"T cells, TGX 221",0.5245057833931402,0.6888074823825656,0.7978133559617322,1.3964274689701046
split_cell_heldout,ridge_cell_drug_fp,"T cells, Pitavastatin Calcium",0.5662858885801931,1.3115617026379007,0.7370335592893607,1.964786634149178
split_cell_heldout,ridge_cell_drug_fp,"T cells, ABT737",0.19815822629713908,0.6931074377451482,0.5619854863063436,1.701552411521129
split_cell_heldout,ridge_cell_drug_fp,"T cells, PRT-062607",0.5642764231513749,0.9008838599210162,0.7851037051276967,1.5558973814708394
split_cell_heldout,ridge_cell_drug_fp,"T cells, AZ628",0.4833956939382644,0.7160114041266455,0.7445302738135238,1.5132757204105414
split_cell_heldout,ridge_cell_drug_fp,"T cells, AZD-8330",0.39086759705306356,0.7935706974526792,0.6799596005219463,1.6375717276885229
split_cell_heldout,ridge_cell_drug_fp,"T cells, Masitinib",0.31923029350615123,0.5752099256080718,0.7097628917290836,1.358843842769635
split_cell_heldout,ridge_cell_drug_fp,"T cells, Ceritinib",0.3131319165137495,0.645792601509654,0.6111439879692266,1.515414509061734
split_cell_heldout,ridge_cell_drug_fp,"T cells, CGM-097",0.6043679730170637,1.0730647788073704,0.7569523558384138,1.9364376681251074
split_cell_heldout,ridge_cell_drug_fp,"T cells, SLx-2119",0.3036318044084827,0.6200355778407454,0.5986987803372041,1.5836166429385867
split_cell_heldout,ridge_cell_drug_fp,"T cells, Nefazodone",0.19241982881513817,0.5301760314689457,0.37431338676483483,1.5472879973887745
split_cell_heldout,ridge_cell_drug_fp,"T cells, STK219801",0.277114426087489,0.5854658328874653,0.5268471963361989,1.5654227599059967
split_cell_heldout,ridge_cell_drug_fp,"T cells, TPCA-1",0.5813217003713878,0.9818093783663124,0.7820414976551456,1.6983430369971961
split_cell_heldout,ridge_cell_drug_fp,"T cells, MGCD-265",0.2568005184619951,0.5462481881257771,0.4785162024995034,1.514526114848226
split_cell_heldout,ridge_cell_drug_fp,"T cells, GSK-1070916",0.36772699662894615,0.5924086613302949,0.6246547596078688,1.4579130388226822
split_cell_heldout,ridge_cell_drug_fp,"T cells, Ricolinostat",0.5767100522724825,0.7305080662135714,0.7792879961215352,1.4800655075802913
split_cell_heldout,ridge_cell_drug_fp,"T cells, Bosutinib",0.6036170115311935,0.8833964153393957,0.805143168202591,1.4791418544877573
split_cell_heldout,ridge_cell_drug_fp,"T cells, Clemastine",0.31320221716697483,0.5608689727618755,0.6816636818741372,1.387485653947958
split_cell_heldout,ridge_cell_drug_fp,"T cells, YK 4-279",0.2778739720047076,0.5870549656114663,0.5439955877062395,1.474991354186165
split_cell_heldout,ridge_cell_drug_fp,"T cells, Buspirone",0.13325911162069254,0.5362476073167728,0.18138458485442427,1.6777750225699992
split_cell_heldout,ridge_cell_drug_fp,"T cells, Midostaurin",0.44542307986412416,0.8485451634639978,0.7180833420698767,1.785385370790227
split_cell_heldout,ridge_cell_drug_fp,"T cells, CEP-37440",0.3625828750245056,0.6748306416434361,0.6868649628238386,1.635578246409319
split_cell_heldout,ridge_cell_drug_fp,"T cells, GSK256066",0.41088195662651544,0.7530507921147057,0.6462027160648479,1.728047784443571
split_cell_heldout,ridge_cell_drug_fp,"T cells, R428",0.4393060063184053,1.1161863679696074,0.7216854310657816,1.5863825133596334
split_cell_heldout,ridge_cell_drug_fp,"T cells, Oxybenzone",0.142495237042956,0.517024694491692,0.3613390775725324,1.533406154924833
split_cell_heldout,ridge_cell_drug_fp,"T cells, Vandetanib",0.1810393640876551,0.5860834835740064,0.43413102655400665,1.525516871815084
split_cell_heldout,ridge_cell_drug_fp,"T cells, Imatinib",0.16705795235879176,0.542995961441274,0.31320212365729017,1.5434312308179499
split_cell_heldout,ridge_cell_drug_fp,"T cells, SCH-58261",0.2008547163482392,0.5523358766248448,0.39415394541039267,1.5856488845165249
split_cell_heldout,ridge_cell_drug_fp,"T cells, Colforsin",0.2230082392442007,0.5816179608769021,0.4931905142973716,1.4928133779628179
split_cell_heldout,ridge_cell_drug_fp,"T cells, Tivantinib",0.420481931427911,0.7071084787727151,0.6847161013024698,1.569910400579287
split_cell_heldout,ridge_cell_drug_fp,"T cells, Tosedostat",0.4307507805797214,0.7295890030620562,0.6913206424760762,1.619365319261735
split_cell_heldout,ridge_cell_drug_fp,"T cells, Colchicine",0.42509189214229004,1.0384719801894078,0.7212028458844393,1.7132455529515793
split_cell_heldout,ridge_cell_drug_fp,"T cells, ABT-199 (GDC-0199)",0.20835168182464595,0.6046806351306341,0.5245882096000918,1.6042122486227548
split_cell_heldout,ridge_cell_drug_fp,"T cells, Mometasone Furoate",0.6038970545862155,1.2060653204453573,0.7595460817742217,1.9235784474451374
split_cell_heldout,ridge_cell_drug_fp,"T cells, Tipifarnib",0.3999076410843117,0.6599300458695607,0.6758547823023455,1.570693573576478
split_cell_heldout,ridge_cell_drug_fp,"T cells, BX 912",0.432474997004496,0.7758610043886156,0.7240641167226914,1.7101929248683854
split_cell_heldout,ridge_cell_drug_fp,"T cells, Doxorubicin",0.5688876452357677,1.223001946107108,0.7758634543892555,1.7201104089649657
split_cell_heldout,ridge_cell_drug_fp,"T cells, PF-03814735",0.6088875982798693,0.9810984715342274,0.8092229051127686,1.5242651830975262
split_cell_heldout,ridge_cell_drug_fp,"T cells, AZD4547",0.20626212797963073,0.5630131684901483,0.34695015560773573,1.599944332603731
split_cell_heldout,ridge_cell_drug_fp,"T cells, Prednisolone",0.5752560490348817,1.188505853161864,0.7237127474815712,2.046500945752868
split_cell_heldout,ridge_cell_drug_fp,"T cells, Tacalcitol",0.3525044324152693,0.8403037757831557,0.6923123158304604,1.4317454682406079
split_cell_heldout,ridge_cell_drug_fp,"T cells, Selumetinib",0.38274977462636306,0.706518043120745,0.7049701985285453,1.5298283105338955
split_cell_heldout,ridge_cell_drug_fp,"T cells, Clotrimazole",0.2322254658237733,0.5576147550427686,0.5105964190861202,1.592475905221215
split_cell_heldout,ridge_cell_drug_fp,"T cells, RG7090",0.3385862811936485,0.753490228329256,0.6236308915270481,1.7263634036849866
split_cell_heldout,ridge_cell_drug_fp,"T cells, GLPG0634",0.49422272932525113,0.7207226636281008,0.7716984905730114,1.4872797682184487
split_cell_heldout,ridge_cell_drug_fp,"T cells, Mubritinib (TAK 165)",0.4698811336268297,1.0354150233328572,0.6631484239730498,2.0054112046099286
split_cell_heldout,ridge_cell_drug_fp,"T cells, Vanoxerine",0.22055628061910915,0.6075677412284269,0.5047603800617263,1.6167456320795914
split_cell_heldout,ridge_cell_drug_fp,"T cells, SB525334",0.4816966019004221,0.8499747475611206,0.7147400258261601,1.7548328291402697
split_cell_heldout,ridge_cell_drug_fp,"T cells, HYDROXYUREA",0.1514980588062264,0.5508687374371142,0.2752492494611691,1.649910389039257
split_scaffold_heldout,ridge_cell,"NK cells, Atorvastatin",0.2559375732181422,0.6238675894230222,0.40998064162047393,1.6915086006744826
split_scaffold_heldout,ridge_cell,"T cells, Atorvastatin",0.25956869256154,0.5566866605625665,0.44620538172838836,1.580000593287652
split_scaffold_heldout,ridge_cell,"B cells, Linagliptin",0.04618830373135436,0.6343342189184284,0.06504265639683351,1.7720719236773554
split_scaffold_heldout,ridge_cell,"Myeloid cells, Linagliptin",0.009470335130408621,0.7634180175983938,0.013525744268816064,1.966911127739959
split_scaffold_heldout,ridge_cell,"NK cells, Linagliptin",0.240248399074241,0.608771649016434,0.4667851057097346,1.689181479902934
split_scaffold_heldout,ridge_cell,"T cells, Linagliptin",0.23605099280494374,0.5243618325600722,0.3056973643747609,1.5325692611496702
split_scaffold_heldout,ridge_cell,"B cells, Foretinib",0.6474574299269127,0.9733176696496421,0.8210172157409101,2.0217982652588518
split_scaffold_heldout,ridge_cell,"NK cells, Foretinib",0.4253545521752183,0.7122569720570561,0.6703192131338285,1.8215140008375852
split_scaffold_heldout,ridge_cell,"T cells, Foretinib",0.6428445572230133,0.740115556010452,0.8283976350599273,1.7279085933561265
split_scaffold_heldout,ridge_cell,"NK cells, BMS-387032",0.2831763698262078,0.798762201891707,0.4981535736588151,1.964443211766302
split_scaffold_heldout,ridge_cell,"T cells, BMS-387032",0.34677925644246715,1.226496684147961,0.516641336419129,2.376291320366896
split_scaffold_heldout,ridge_cell,"NK cells, Phenylbutazone",0.2254435358566157,0.6440511692382114,0.4188528118387669,1.7680184725924857
split_scaffold_heldout,ridge_cell,"T cells, Phenylbutazone",0.11933650666576912,0.5714325505893504,-0.13281911722620562,1.971611527398879
split_scaffold_heldout,ridge_cell,"NK cells, BMS-777607",0.21904994041466885,0.6270183221726902,0.4091435708565084,1.71953089560166
split_scaffold_heldout,ridge_cell,"T cells, BMS-777607",0.44809358737792065,0.5147954164741501,0.7401471184994015,1.3505528889496603
split_scaffold_heldout,ridge_cell,"B cells, TL_HRAS26",0.37689614583028513,0.5888314288728842,0.6263069287530935,1.604886657915536
split_scaffold_heldout,ridge_cell,"Myeloid cells, TL_HRAS26",0.09228734412668212,0.6744267100916955,0.26025399549983785,1.8872419923326098
split_scaffold_heldout,ridge_cell,"NK cells, TL_HRAS26",0.17871166327974505,0.6060895159166019,0.31767637189309783,1.8098151536411826
split_scaffold_heldout,ridge_cell,"T cells, TL_HRAS26",0.320806444459931,0.5344227377884635,0.5326570439879572,1.7919538107871742
split_scaffold_heldout,ridge_cell,"B cells, Proscillaridin A;Proscillaridin-A",0.16278416868031562,2.267897594919617,0.20584232236017924,3.136809885486928
split_scaffold_heldout,ridge_cell,"NK cells, Proscillaridin A;Proscillaridin-A",0.0703003939730573,2.2542165505612797,0.10056107744407235,3.1611211994080213
split_scaffold_heldout,ridge_cell,"T cells, Proscillaridin A;Proscillaridin-A",0.007810159700156322,2.990359264541417,0.008913878858236211,3.5459009934651693
split_scaffold_heldout,ridge_cell,"NK cells, Sgc-cbp30",0.3082763507353761,0.6535330093663684,0.5713151748357137,1.7320640610641718
split_scaffold_heldout,ridge_cell,"T cells, Sgc-cbp30",0.3780895006196033,0.7180357766104732,0.5947366654606744,1.7905266565835087
split_scaffold_heldout,ridge_cell,"NK cells, Perhexiline",0.4282792244839449,0.7413731880571048,0.6463231401715132,1.7881885092199477
split_scaffold_heldout,ridge_cell,"T cells, Perhexiline",0.644926955503075,0.8536044547559499,0.8246837815696134,1.9016337134686436
split_scaffold_heldout,ridge_cell,"NK cells, Amiodarone",0.24408854916649406,0.6343976888680823,0.46866845011864816,1.7489022829911558
split_scaffold_heldout,ridge_cell,"T cells, Amiodarone",0.32142688229791444,0.5738692971846217,0.6463265040467107,1.6331556267344258
split_scaffold_heldout,ridge_cell,"NK cells, Canertinib",0.19817115089995174,0.6743653820498221,0.3078295777567608,1.9013295891509285
split_scaffold_heldout,ridge_cell,"T cells, Canertinib",0.30531980115938984,0.7590774022252829,0.4454943894566308,1.9508222917975093
split_scaffold_heldout,ridge_cell,"B cells, Penfluridol",-0.04672295056323183,0.6651897375683002,-0.16559617769864354,1.8723931115684023
split_scaffold_heldout,ridge_cell,"Myeloid cells, Penfluridol",0.2279996571332913,0.7252856410319298,0.43248795584283684,1.7376304975005072
split_scaffold_heldout,ridge_cell,"NK cells, Penfluridol",0.2435552305513852,0.6573241151506014,0.45707086202628794,1.7462815722295033
split_scaffold_heldout,ridge_cell,"T cells, Penfluridol",0.08135802105442254,0.5699055723203703,0.3451500981754691,1.6056579635147918
split_scaffold_heldout,ridge_cell,"NK cells, Defactinib",0.23813741256290508,0.6412543364225762,0.5266358066319992,1.7696618465151364
split_scaffold_heldout,ridge_cell,"T cells, Defactinib",0.2838462791842156,0.7398866783316859,0.49601869905026147,1.9456177128504863
split_scaffold_heldout,ridge_cell,"NK cells, AZD3514",0.253305224486438,0.6462507665069711,0.421203351589356,1.768206819766975
split_scaffold_heldout,ridge_cell,"T cells, AZD3514",0.3738945653196793,0.7297928657656764,0.5667641827621924,1.8492163799159465
split_scaffold_heldout,ridge_cell,"NK cells, CC-401",0.3761030146618788,0.6543840249826023,0.5790669170899458,1.7480317131268897
split_scaffold_heldout,ridge_cell,"T cells, CC-401",0.4436689589742234,0.7578560319436962,0.6879486187987426,1.8213782103063
split_scaffold_heldout,ridge_cell,"B cells, Pitavastatin Calcium",-0.11890539056548875,1.1658044259729208,-0.1533092022502404,2.4685346397321757
split_scaffold_heldout,ridge_cell,"Myeloid cells, Pitavastatin Calcium",0.021328595685156264,2.3479693281261422,0.03851521593356731,3.220067744711404
split_scaffold_heldout,ridge_cell,"NK cells, Pitavastatin Calcium",-0.031059583778328997,1.4015301600173868,-0.015645669301052156,2.6686783754608707
split_scaffold_heldout,ridge_cell,"T cells, Pitavastatin Calcium",-0.12545234812850828,1.648390466838686,-0.1754012338616957,2.8889010182322985
split_scaffold_heldout,ridge_cell,"B cells, PRT-062607",0.7028411561557333,1.0008276605889823,0.8488837743885248,2.014690112518562
split_scaffold_heldout,ridge_cell,"Myeloid cells, PRT-062607",0.6940216790812728,1.2757500808437943,0.8242666058148769,2.278662730718396
split_scaffold_heldout,ridge_cell,"NK cells, PRT-062607",0.43942877280001247,0.6968587422667023,0.6844003749850939,1.751975940861723
split_scaffold_heldout,ridge_cell,"T cells, PRT-062607",0.708478593392349,0.8637430877636725,0.8556101433061621,1.8152772426990642
split_scaffold_heldout,ridge_cell,"B cells, Masitinib",0.5021024029151396,0.6238665186147735,0.701730710447327,1.5652567973717992
split_scaffold_heldout,ridge_cell,"Myeloid cells, Masitinib",0.44033714290374804,0.6733035405390387,0.7334941884001532,1.6607586781573507
split_scaffold_heldout,ridge_cell,"NK cells, Masitinib",0.314165736079172,0.637323420482595,0.45643181922485043,1.7649584806346545
split_scaffold_heldout,ridge_cell,"T cells, Masitinib",0.42279302480744263,0.5203236292535162,0.7821960876314336,1.2411653839144594
split_scaffold_heldout,ridge_cell,"NK cells, SLx-2119",0.17498185091821591,0.6987049881286805,0.2182483620651192,1.9565979666634001
split_scaffold_heldout,ridge_cell,"T cells, SLx-2119",0.37478216255574615,0.5796024265982858,0.6219829210056572,1.6586486035830552
split_scaffold_heldout,ridge_cell,"NK cells, Nefazodone",0.27061143364089435,0.6291270210846007,0.47707045074207927,1.7717575891731263
split_scaffold_heldout,ridge_cell,"T cells, Nefazodone",0.34179695997364146,0.4858967606737283,0.6274533898797959,1.443420583968965
split_scaffold_heldout,ridge_cell,"NK cells, Bosutinib",0.3515692245669824,0.7439820974682263,0.5817546732172585,1.879914423069415
split_scaffold_heldout,ridge_cell,"T cells, Bosutinib",0.5850522171856518,0.9245565122955226,0.7541600172189779,1.9695261631384515
split_scaffold_heldout,ridge_cell,"B cells, Midostaurin",0.5757455401088561,0.728427262290549,0.789803146731567,1.744457134733865
split_scaffold_heldout,ridge_cell,"Myeloid cells, Midostaurin",0.39508244024440053,1.076017110386637,0.5969406102655154,2.1985006932227416
split_scaffold_heldout,ridge_cell,"NK cells, Midostaurin",0.37788653467050454,0.6963073969251448,0.6000985252729296,1.7453579582624332
split_scaffold_heldout,ridge_cell,"T cells, Midostaurin",0.6211177073180508,0.770712347610311,0.8267214303436486,1.8240701939531263
split_scaffold_heldout,ridge_cell,"NK cells, AZD4547",0.2507815451234799,0.6285002162271864,0.48992651635003986,1.7479069551704933
split_scaffold_heldout,ridge_cell,"T cells, AZD4547",0.3168012216771207,0.5174365300481907,0.5381020213760089,1.5189970099641525
split_scaffold_heldout,ridge_cell,"B cells, Selumetinib",0.6039500355654016,0.7104986836141024,0.8230458804017822,1.8085931216028872
split_scaffold_heldout,ridge_cell,"Myeloid cells, Selumetinib",0.5901686339517408,0.9175433119521228,0.8039243658901334,1.9639821693381123
split_scaffold_heldout,ridge_cell,"NK cells, Selumetinib",0.3020509829070771,0.6717040336968314,0.515963713097776,1.774666985750556
split_scaffold_heldout,ridge_cell,"T cells, Selumetinib",0.5475199543963571,0.5858209059839597,0.804661313691037,1.5470874087862718
split_scaffold_heldout,ridge_cell,"NK cells, Clotrimazole",0.23868120618982291,0.6130385808953787,0.42782726797677073,1.7522017892450585
split_scaffold_heldout,ridge_cell,"T cells, Clotrimazole",0.23579856910267627,0.5501895904741039,0.4081622281075718,1.627637703236045
split_scaffold_heldout,ridge_cell,"B cells, Atorvastatin",0.24199860599622017,0.6045315658117828,0.4963404261051473,1.6067509652725025
split_scaffold_heldout,ridge_cell,"Myeloid cells, Atorvastatin",-0.02402175647128138,0.8066461350476015,-0.07052311687845858,2.1790105462236973
split_scaffold_heldout,ridge_cell,"B cells, Phenylbutazone",0.21317230626987835,0.5624500137787684,0.3865627380013173,1.5994653497207085
split_scaffold_heldout,ridge_cell,"Myeloid cells, Phenylbutazone",0.03824270982840525,0.650753565467416,0.13664358553029737,1.7082577274959916
split_scaffold_heldout,ridge_cell,"B cells, BMS-777607",0.4143329575491329,0.593874845038345,0.6536631770156902,1.5794563696665742
split_scaffold_heldout,ridge_cell,"Myeloid cells, BMS-777607",0.4219698789225813,0.7074789586341578,0.705426650591696,1.7409934641934737
split_scaffold_heldout,ridge_cell,"B cells, Sgc-cbp30",0.33736207461988293,0.6350532912079088,0.6565542791400012,1.6217733086717299
split_scaffold_heldout,ridge_cell,"Myeloid cells, Sgc-cbp30",0.2556450162746451,0.9693542618158165,0.4663414329992731,2.0873811772264963
split_scaffold_heldout,ridge_cell,"B cells, Perhexiline",0.6884176950351086,0.9051475626508404,0.8465846133162307,1.8826040076602966
split_scaffold_heldout,ridge_cell,"Myeloid cells, Perhexiline",0.5264771266841068,0.836254451203329,0.7421416215615811,1.8689384576937724
split_scaffold_heldout,ridge_cell,"B cells, Amiodarone",0.16933949003828305,0.5741435985634202,0.3391240271664067,1.5827659551114863
split_scaffold_heldout,ridge_cell,"Myeloid cells, Amiodarone",0.18365131989603417,0.6544862483618639,0.38914149609569315,1.7171004576603812
split_scaffold_heldout,ridge_cell,"B cells, Canertinib",0.2889894566880633,0.7158271925181411,0.505347926602292,1.849935708998773
split_scaffold_heldout,ridge_cell,"B cells, Defactinib",0.45561543186524683,0.666410025128475,0.7063685998804371,1.6242950926648738
split_scaffold_heldout,ridge_cell,"Myeloid cells, Defactinib",0.5886992349904335,0.9034836692582938,0.785462210667225,1.895570090172896
split_scaffold_heldout,ridge_cell,"B cells, AZD3514",0.31420226062002404,0.6974002175973999,0.48904233377478623,1.8013076573763782
split_scaffold_heldout,ridge_cell,"Myeloid cells, AZD3514",0.41190102464392464,0.7766653638064811,0.6728067988848377,1.8215450937703437
split_scaffold_heldout,ridge_cell,"B cells, CC-401",0.5482376602973452,0.6709339853389354,0.7677345829260367,1.658013591777971
split_scaffold_heldout,ridge_cell,"Myeloid cells, CC-401",0.40615258706223634,0.8780351397276238,0.6405939967104687,1.9329406586638165
split_scaffold_heldout,ridge_cell,"B cells, SLx-2119",0.43019681564936735,0.6025156528423964,0.704200678363686,1.5559934302019818
split_scaffold_heldout,ridge_cell,"Myeloid cells, SLx-2119",0.17146191189294208,0.6588721330648025,0.2142793181792739,1.9644487741673242
split_scaffold_heldout,ridge_cell,"B cells, Nefazodone",0.2801819016958711,0.5834544433987963,0.5135622592443893,1.6685164982751715
split_scaffold_heldout,ridge_cell,"Myeloid cells, Nefazodone",0.3543080376927912,0.5328832506782006,0.5772594352551057,1.4890204551205048
split_scaffold_heldout,ridge_cell,"B cells, Bosutinib",0.6584518279340945,1.063615346084824,0.8080239780519655,2.1133905881668844
split_scaffold_heldout,ridge_cell,"Myeloid cells, Bosutinib",0.5363586359730176,1.557315050274163,0.6873588365767885,2.591326354311521
split_scaffold_heldout,ridge_cell,"B cells, AZD4547",0.2566731485654496,0.582396808197108,0.5144662396796688,1.636789434225274
split_scaffold_heldout,ridge_cell,"Myeloid cells, AZD4547",0.30219978050370405,0.6596124567688171,0.5689120462571964,1.7130870617838139
split_scaffold_heldout,ridge_cell,"B cells, Clotrimazole",0.19976312908205776,0.6162737313972652,0.30553011763805754,1.7063895689007873
split_scaffold_heldout,ridge_cell,"Myeloid cells, Clotrimazole",0.10250477763831164,0.7877499561608253,0.2371388880305387,1.9153106289375648
split_scaffold_heldout,ridge_drug_fp,"NK cells, Atorvastatin",0.09727511787264694,0.7545673954076193,0.15127187780006385,1.76264644533254
split_scaffold_heldout,ridge_drug_fp,"T cells, Atorvastatin",0.12098371113653081,0.6666507281644912,0.2940410883533919,1.6547578447647078
split_scaffold_heldout,ridge_drug_fp,"B cells, Linagliptin",0.03452786169606991,0.666505719795185,0.015193942096198369,1.8009142763080994
split_scaffold_heldout,ridge_drug_fp,"Myeloid cells, Linagliptin",-0.03949052775061446,0.7831022560925754,-0.06527915128895109,1.9830030088516033
split_scaffold_heldout,ridge_drug_fp,"NK cells, Linagliptin",0.12080215471549705,0.6883563690898533,0.19845722363638357,1.7476216327152214
split_scaffold_heldout,ridge_drug_fp,"T cells, Linagliptin",0.22630891969806635,0.5485443328901238,0.33131465101838403,1.509614849668164
split_scaffold_heldout,ridge_drug_fp,"B cells, Foretinib",0.057217483920726155,1.1932105261079204,0.15135126143555225,2.403648864472827
split_scaffold_heldout,ridge_drug_fp,"NK cells, Foretinib",0.045256921936628954,0.8533294267042109,0.17700675885790518,1.9905123935330649
split_scaffold_heldout,ridge_drug_fp,"T cells, Foretinib",-0.04801504768245099,1.006309951132098,-0.03219386788887909,2.244507530271708
split_scaffold_heldout,ridge_drug_fp,"NK cells, BMS-387032",0.18677713328977835,0.8496398937334315,0.337721825591678,1.9872886461509518
split_scaffold_heldout,ridge_drug_fp,"T cells, BMS-387032",0.35435447027109684,1.2192253045637256,0.5292609805498246,2.3469328511533427
split_scaffold_heldout,ridge_drug_fp,"NK cells, Phenylbutazone",0.04485733952609241,0.7232488295900374,0.09373904897444438,1.858853023377546
split_scaffold_heldout,ridge_drug_fp,"T cells, Phenylbutazone",0.012658274221780137,0.6008398491182517,-0.06446592515408543,1.8296168957413552
split_scaffold_heldout,ridge_drug_fp,"NK cells, BMS-777607",0.06906928566001184,0.7475773505903784,0.11441294381023612,1.814321945776588
split_scaffold_heldout,ridge_drug_fp,"T cells, BMS-777607",0.07562740016551726,0.6891829108999352,0.3091324900335758,1.6422566632351108
split_scaffold_heldout,ridge_drug_fp,"B cells, TL_HRAS26",0.25643387654989613,0.6320040941105529,0.5120724243620868,1.6842918190918656
split_scaffold_heldout,ridge_drug_fp,"Myeloid cells, TL_HRAS26",0.027241439335373614,0.6772423110599204,0.1586842338008841,1.9277894835603893
split_scaffold_heldout,ridge_drug_fp,"NK cells, TL_HRAS26",0.05914355160673477,0.6748456269048284,0.08553880925438159,1.8659239319261496
split_scaffold_heldout,ridge_drug_fp,"T cells, TL_HRAS26",0.20407016553181087,0.5720698204714796,0.4405450098148829,1.836353524089555
split_scaffold_heldout,ridge_drug_fp,"B cells, Proscillaridin A;Proscillaridin-A",0.10028019576175572,2.3001273985226836,0.13691759265299622,3.163900642169846
split_scaffold_heldout,ridge_drug_fp,"NK cells, Proscillaridin A;Proscillaridin-A",0.010692660076154353,2.3047211500522145,0.020725178162422003,3.2068014876931445
split_scaffold_heldout,ridge_drug_fp,"T cells, Proscillaridin A;Proscillaridin-A",0.01407300133860799,3.0060911736627705,0.01680901320460913,3.557795588329877
split_scaffold_heldout,ridge_drug_fp,"NK cells, Sgc-cbp30",0.22734821473478728,0.8016624570618486,0.43993256302740286,1.6810133360974915
split_scaffold_heldout,ridge_drug_fp,"T cells, Sgc-cbp30",0.26957402291568816,0.8422639796319746,0.4693639807531696,1.8159467619908332
split_scaffold_heldout,ridge_drug_fp,"NK cells, Perhexiline",0.24403149045166903,0.792744335661813,0.43478259948740805,1.8414959096627679
split_scaffold_heldout,ridge_drug_fp,"T cells, Perhexiline",0.508025298224987,0.9092611849588942,0.7159931393485002,2.0227932834841824
split_scaffold_heldout,ridge_drug_fp,"NK cells, Amiodarone",-0.0038734052081069604,0.7891288621850763,-0.06137183914326488,1.911317268970172
split_scaffold_heldout,ridge_drug_fp,"T cells, Amiodarone",-0.09855687659629314,0.7678235744902595,-0.23632488398047596,2.3797381696936757
split_scaffold_heldout,ridge_drug_fp,"NK cells, Canertinib",0.05218784090198882,0.8148534080062121,0.08424734727201086,1.9916425877963213
split_scaffold_heldout,ridge_drug_fp,"T cells, Canertinib",0.16590046397903724,0.8545492782131222,0.3117990456058846,2.039952069317498
split_scaffold_heldout,ridge_drug_fp,"B cells, Penfluridol",-0.06250378287636454,0.6862838650920284,-0.12818416129190272,1.8619228457300947
split_scaffold_heldout,ridge_drug_fp,"Myeloid cells, Penfluridol",0.08275087227414411,0.7687528183876948,0.20004475399277394,1.8564323684176152
split_scaffold_heldout,ridge_drug_fp,"NK cells, Penfluridol",0.08378413760868962,0.7349164138042766,0.20586800274023562,1.8009126328511849
split_scaffold_heldout,ridge_drug_fp,"T cells, Penfluridol",0.02600269520792829,0.595444037753255,0.2271016406334694,1.6496386662299551
split_scaffold_heldout,ridge_drug_fp,"NK cells, Defactinib",0.09487936951092861,0.7048690583878847,0.1929711615768653,1.8544847895817238
split_scaffold_heldout,ridge_drug_fp,"T cells, Defactinib",0.1541249488662679,0.7798327105279723,0.3679708116475994,2.0410825678566646
split_scaffold_heldout,ridge_drug_fp,"NK cells, AZD3514",0.0661247669845859,0.7608771219168141,0.15294114107773077,1.8453113319211365
split_scaffold_heldout,ridge_drug_fp,"T cells, AZD3514",0.05817059000486998,0.8665330793727674,0.16797350986787388,2.056031568812132
split_scaffold_heldout,ridge_drug_fp,"NK cells, CC-401",0.11145533989883258,0.7382229273262814,0.23211919174801643,1.8583718525327875
split_scaffold_heldout,ridge_drug_fp,"T cells, CC-401",0.10537670305360446,0.8689985726126863,0.1919878852874005,2.090134881944935
split_scaffold_heldout,ridge_drug_fp,"B cells, Pitavastatin Calcium",-0.0050403482103308014,1.1316490079617192,0.004337202292612813,2.3966071594428304
split_scaffold_heldout,ridge_drug_fp,"Myeloid cells, Pitavastatin Calcium",0.11837174286338298,2.310833314234151,0.16745494726980503,3.1708272229199745
split_scaffold_heldout,ridge_drug_fp,"NK cells, Pitavastatin Calcium",-0.060444998356376484,1.4342645002172478,-0.09129589752466341,2.708038356123283
split_scaffold_heldout,ridge_drug_fp,"T cells, Pitavastatin Calcium",-0.051857769824753173,1.6210482493036,-0.08608944532142125,2.8386786700473734
split_scaffold_heldout,ridge_drug_fp,"B cells, PRT-062607",0.5435269132673147,1.0120376781046496,0.7537166175519172,1.9404326117658222
split_scaffold_heldout,ridge_drug_fp,"Myeloid cells, PRT-062607",0.5183984549420093,1.3069830943931016,0.6962645160079175,2.2725982068832526
split_scaffold_heldout,ridge_drug_fp,"NK cells, PRT-062607",0.3332898183289507,0.7780668383837851,0.5670579015735827,1.6626385364280076
split_scaffold_heldout,ridge_drug_fp,"T cells, PRT-062607",0.624011635076664,0.8427966912156825,0.8273142584371901,1.6465047993573652
split_scaffold_heldout,ridge_drug_fp,"B cells, Masitinib",0.20933614669726694,0.7227841798078727,0.3446344400877347,1.8001861362841882
split_scaffold_heldout,ridge_drug_fp,"Myeloid cells, Masitinib",0.20621504609675437,0.7491655978133808,0.4630980495297293,1.9232564782429895
split_scaffold_heldout,ridge_drug_fp,"NK cells, Masitinib",0.1527409187823214,0.6956722468770412,0.21100054173438618,1.8275644439914638
split_scaffold_heldout,ridge_drug_fp,"T cells, Masitinib",0.20280000078373359,0.5865051772561805,0.5566287600162105,1.5283560751128786
split_scaffold_heldout,ridge_drug_fp,"NK cells, SLx-2119",0.04556859596694229,0.8096173156693851,-0.0027706605347722173,2.042827170871517
split_scaffold_heldout,ridge_drug_fp,"T cells, SLx-2119",0.17850753532973146,0.6860262860093055,0.35327173447694127,1.7901431873054927
split_scaffold_heldout,ridge_drug_fp,"NK cells, Nefazodone",-0.05095596548179444,0.717345756176709,-0.09930734534306994,1.9288682566363642
split_scaffold_heldout,ridge_drug_fp,"T cells, Nefazodone",-0.07980217174404156,0.5715443165879646,-0.11043562578984005,1.695619248608437
split_scaffold_heldout,ridge_drug_fp,"NK cells, Bosutinib",0.19085167954808271,0.7985362330893201,0.3035141184841855,1.9411496236988544
split_scaffold_heldout,ridge_drug_fp,"T cells, Bosutinib",0.3311018157003946,1.0180169010593374,0.5450661176887903,2.1330184122796587
split_scaffold_heldout,ridge_drug_fp,"B cells, Midostaurin",0.010088498536148464,0.9393136165926395,0.08829165152201693,2.167469386205966
split_scaffold_heldout,ridge_drug_fp,"Myeloid cells, Midostaurin",0.11024734778019862,1.1853013697274022,0.2275981228803553,2.3959997198686493
split_scaffold_heldout,ridge_drug_fp,"NK cells, Midostaurin",0.055291582747511864,0.817929404721915,0.1740260879240329,1.8796940498267443
split_scaffold_heldout,ridge_drug_fp,"T cells, Midostaurin",0.0037276389898502245,1.0032840023529488,-0.005602591764745359,2.3262449289472604
split_scaffold_heldout,ridge_drug_fp,"NK cells, AZD4547",0.12749766388362724,0.6741815858625133,0.2881916135460079,1.7900681141867778
split_scaffold_heldout,ridge_drug_fp,"T cells, AZD4547",0.2835967223092029,0.5139562830470102,0.5014121658259665,1.5538172574970694
split_scaffold_heldout,ridge_drug_fp,"B cells, Selumetinib",0.4807735965363492,0.7532662670975834,0.7421790841285246,1.7664032790799675
split_scaffold_heldout,ridge_drug_fp,"Myeloid cells, Selumetinib",0.3891922086002585,1.001799761144124,0.6262832302264968,2.062950140670514
split_scaffold_heldout,ridge_drug_fp,"NK cells, Selumetinib",0.19204970882263847,0.7697171389584117,0.32971822225108494,1.8026302203858082
split_scaffold_heldout,ridge_drug_fp,"T cells, Selumetinib",0.5227403832247172,0.6045015800380346,0.7816404840260681,1.4335562938733553
split_scaffold_heldout,ridge_drug_fp,"NK cells, Clotrimazole",0.1062914630467061,0.6622949555876079,0.23829527989308327,1.8029097583711753
split_scaffold_heldout,ridge_drug_fp,"T cells, Clotrimazole",0.1970674481933038,0.544809952635503,0.4209791385218721,1.6526146658656349
split_scaffold_heldout,ridge_drug_fp,"B cells, Atorvastatin",0.12582856469824816,0.7064340621244911,0.3616262211532455,1.6598207733252826
split_scaffold_heldout,ridge_drug_fp,"Myeloid cells, Atorvastatin",-0.04961544088621431,0.8638504026173609,-0.13097320378561741,2.2324971380174587
split_scaffold_heldout,ridge_drug_fp,"B cells, Phenylbutazone",0.01066682013143522,0.6272693429650013,-0.08590620150544503,1.7678212976943783
split_scaffold_heldout,ridge_drug_fp,"Myeloid cells, Phenylbutazone",0.042300120985266886,0.6296271426440774,0.09228090707112316,1.7114322027557987
split_scaffold_heldout,ridge_drug_fp,"B cells, BMS-777607",0.1591708069953305,0.7226122754724433,0.371902478134675,1.7802260604256435
split_scaffold_heldout,ridge_drug_fp,"Myeloid cells, BMS-777607",0.08340230101055102,0.8592892593374047,0.26631014954732296,2.011724956203729
split_scaffold_heldout,ridge_drug_fp,"B cells, Sgc-cbp30",0.184040054449001,0.8093872919739378,0.47984514000617645,1.6655278172790677
split_scaffold_heldout,ridge_drug_fp,"Myeloid cells, Sgc-cbp30",0.2847342433353469,1.0062899939080034,0.4827227757721156,2.01872525513495
split_scaffold_heldout,ridge_drug_fp,"B cells, Perhexiline",0.4975139029654661,0.9756076326257823,0.6889676079468936,2.0280541542481423
split_scaffold_heldout,ridge_drug_fp,"Myeloid cells, Perhexiline",0.4327095413973277,0.8792964732403064,0.6590505062392696,1.9887178238281769
split_scaffold_heldout,ridge_drug_fp,"B cells, Amiodarone",-0.023824318606148386,0.7016255332963397,0.00817484845520291,1.7213997533960588
split_scaffold_heldout,ridge_drug_fp,"Myeloid cells, Amiodarone",0.014279472509497418,0.7499836981735337,0.12025159435640126,1.866947276552493
split_scaffold_heldout,ridge_drug_fp,"B cells, Canertinib",0.1904235114057028,0.801876594171995,0.36093572538629326,1.9024017105457918
split_scaffold_heldout,ridge_drug_fp,"B cells, Defactinib",0.20669210247243175,0.7504504007988717,0.4190978296968448,1.8195378047487827
split_scaffold_heldout,ridge_drug_fp,"Myeloid cells, Defactinib",0.2182993534628784,1.0477704956921832,0.399453080525082,2.1942106222668087
split_scaffold_heldout,ridge_drug_fp,"B cells, AZD3514",0.06881718042220139,0.8127582177628614,0.22343614942853182,1.923504279074992
split_scaffold_heldout,ridge_drug_fp,"Myeloid cells, AZD3514",0.07637136438084094,0.9177050699680072,0.18258419736584036,2.088833646792759
split_scaffold_heldout,ridge_drug_fp,"B cells, CC-401",0.14019725330886357,0.808470286460061,0.25448319155252047,1.9796355989849177
split_scaffold_heldout,ridge_drug_fp,"Myeloid cells, CC-401",0.09820564351192271,0.9810323535294079,0.14907700183543823,2.177807386577487
split_scaffold_heldout,ridge_drug_fp,"B cells, SLx-2119",0.26085678960058606,0.6942070154478361,0.511074917261902,1.656579063693463
split_scaffold_heldout,ridge_drug_fp,"Myeloid cells, SLx-2119",0.1230574370170465,0.705484776213893,0.13478910602945748,2.044845465794786
split_scaffold_heldout,ridge_drug_fp,"B cells, Nefazodone",-0.020733787480334276,0.6490355770797884,0.1559626589547811,1.84958091336806
split_scaffold_heldout,ridge_drug_fp,"Myeloid cells, Nefazodone",-0.032833795919220504,0.6059758500031911,0.06938856285148548,1.7559296291070858
split_scaffold_heldout,ridge_drug_fp,"B cells, Bosutinib",0.27107314455256976,1.1997177206938836,0.46073687019665044,2.3458759734719594
split_scaffold_heldout,ridge_drug_fp,"Myeloid cells, Bosutinib",0.25469774513150356,1.670388000251254,0.3625443609719678,2.7744284354017466
split_scaffold_heldout,ridge_drug_fp,"B cells, AZD4547",0.19958297874062195,0.5904666446613984,0.44084083557124437,1.6938319156762023
split_scaffold_heldout,ridge_drug_fp,"Myeloid cells, AZD4547",0.2005120220659517,0.671749002647564,0.4313518022679679,1.8346701468282838
split_scaffold_heldout,ridge_drug_fp,"B cells, Clotrimazole",0.15968815411283332,0.6180698259504757,0.2825106842776537,1.7352785743608656
split_scaffold_heldout,ridge_drug_fp,"Myeloid cells, Clotrimazole",0.13696411126275437,0.751208981395821,0.31083502281995007,1.8954588561288963
split_scaffold_heldout,ridge_cell_drug_fp,"NK cells, Atorvastatin",0.16486577042203793,0.7109160686773223,0.28440907311287816,1.7040543837674682
split_scaffold_heldout,ridge_cell_drug_fp,"T cells, Atorvastatin",0.16493030947501927,0.6962113865931815,0.3378079679795375,1.629838374090733
split_scaffold_heldout,ridge_cell_drug_fp,"B cells, Linagliptin",0.06471789576096194,0.6888911945365671,0.10166782566773427,1.7745853030319585
split_scaffold_heldout,ridge_cell_drug_fp,"Myeloid cells, Linagliptin",0.00014942680873504302,0.817554697993065,0.013551588355299954,1.973620111648565
split_scaffold_heldout,ridge_cell_drug_fp,"NK cells, Linagliptin",0.19787675372666322,0.652573125652211,0.37709130819182357,1.6770994929088758
split_scaffold_heldout,ridge_cell_drug_fp,"T cells, Linagliptin",0.262326996938381,0.5697880783463738,0.37244576945496394,1.4784210948054972
split_scaffold_heldout,ridge_cell_drug_fp,"B cells, Foretinib",0.19428933065761933,1.1465384648952903,0.3986168454612179,2.2763104991215752
split_scaffold_heldout,ridge_cell_drug_fp,"NK cells, Foretinib",0.06067038721863203,0.8672531266761544,0.2033457421487692,1.9772073310453602
split_scaffold_heldout,ridge_cell_drug_fp,"T cells, Foretinib",0.12588624702601295,0.952869448418942,0.2960659984397251,2.092596728332601
split_scaffold_heldout,ridge_cell_drug_fp,"NK cells, BMS-387032",0.22722984075217584,0.825724803279109,0.39202745569068076,1.9642305832164684
split_scaffold_heldout,ridge_cell_drug_fp,"T cells, BMS-387032",0.3571829368710077,1.2159317084254089,0.5279358358661308,2.317957254249648
split_scaffold_heldout,ridge_cell_drug_fp,"NK cells, Phenylbutazone",0.08223436163443684,0.7151086177952313,0.22724981506684777,1.8120251115590504
split_scaffold_heldout,ridge_cell_drug_fp,"T cells, Phenylbutazone",0.08204060015657183,0.618572239547598,-0.0717030034558785,1.9310785602975573
split_scaffold_heldout,ridge_cell_drug_fp,"NK cells, BMS-777607",0.10913962363268453,0.7376888334441322,0.22340048757044836,1.7672481996052316
split_scaffold_heldout,ridge_cell_drug_fp,"T cells, BMS-777607",0.1918181863904472,0.658369183095324,0.5177855054737794,1.5056566858119023
split_scaffold_heldout,ridge_cell_drug_fp,"B cells, TL_HRAS26",0.31660846441566776,0.627982491186551,0.5770801356045361,1.6071886813157057
split_scaffold_heldout,ridge_cell_drug_fp,"Myeloid cells, TL_HRAS26",0.07481287637440565,0.7147296022697094,0.26870045698046635,1.8845013807139324
split_scaffold_heldout,ridge_cell_drug_fp,"NK cells, TL_HRAS26",0.12966904665070358,0.6411774604667487,0.25867398899683497,1.8117475223994455
split_scaffold_heldout,ridge_cell_drug_fp,"T cells, TL_HRAS26",0.27355197156135985,0.5792728977936147,0.5136071320719013,1.7753729948912271
split_scaffold_heldout,ridge_cell_drug_fp,"B cells, Proscillaridin A;Proscillaridin-A",0.13821721913035212,2.2850874165769723,0.1851086819496199,3.137520390546455
split_scaffold_heldout,ridge_cell_drug_fp,"NK cells, Proscillaridin A;Proscillaridin-A",0.05833138941609154,2.276699424805329,0.08365428489348838,3.171777330338463
split_scaffold_heldout,ridge_cell_drug_fp,"T cells, Proscillaridin A;Proscillaridin-A",0.034632080448633216,3.0041552612755695,0.03984922249102622,3.553587648331316
split_scaffold_heldout,ridge_cell_drug_fp,"NK cells, Sgc-cbp30",0.2597262315381902,0.7569237512379411,0.49071378447319064,1.6431640370808305
split_scaffold_heldout,ridge_cell_drug_fp,"T cells, Sgc-cbp30",0.32178818954048755,0.8411107423159603,0.5406849664282362,1.7273173155575443
split_scaffold_heldout,ridge_cell_drug_fp,"NK cells, Perhexiline",0.27984511524843736,0.7772529029696462,0.4839688638527394,1.8296370129270398
split_scaffold_heldout,ridge_cell_drug_fp,"T cells, Perhexiline",0.5797089794403735,0.8629996795355187,0.7604736698206208,1.8979669890905362
split_scaffold_heldout,ridge_cell_drug_fp,"NK cells, Amiodarone",0.020831794219915017,0.7859566794739913,0.03283083213527423,1.8723219899482675
split_scaffold_heldout,ridge_cell_drug_fp,"T cells, Amiodarone",0.033222053924418335,0.7531190215039566,0.05890391921391402,2.11565246953916
split_scaffold_heldout,ridge_cell_drug_fp,"NK cells, Canertinib",0.1116803222891312,0.7633070633821187,0.18693413761961172,1.9357183346485423
split_scaffold_heldout,ridge_cell_drug_fp,"T cells, Canertinib",0.23658493013325915,0.8432699588420017,0.3833036428064265,1.9806675748450562
split_scaffold_heldout,ridge_cell_drug_fp,"B cells, Penfluridol",-0.03686522127220557,0.7139263260211453,-0.08319102840036563,1.8744593641270675
split_scaffold_heldout,ridge_cell_drug_fp,"Myeloid cells, Penfluridol",0.1917040610742193,0.7677814398092452,0.3766245406094532,1.7609643569092217
split_scaffold_heldout,ridge_cell_drug_fp,"NK cells, Penfluridol",0.1753035114178072,0.698019460673959,0.3411494356342533,1.7501344728031925
split_scaffold_heldout,ridge_cell_drug_fp,"T cells, Penfluridol",0.05909722902977274,0.6193244095393082,0.3369876377725621,1.6012772199715672
split_scaffold_heldout,ridge_cell_drug_fp,"NK cells, Defactinib",0.14126314818889624,0.6964552534788548,0.30489446877863663,1.8101399698285525
split_scaffold_heldout,ridge_cell_drug_fp,"T cells, Defactinib",0.26489251202927316,0.751231523751078,0.5183167685493858,1.9413358940862644
split_scaffold_heldout,ridge_cell_drug_fp,"NK cells, AZD3514",0.09857067784147787,0.7674123213829329,0.21742185459457902,1.8182779873080939
split_scaffold_heldout,ridge_cell_drug_fp,"T cells, AZD3514",0.14990893563467073,0.8369190759698677,0.3038447096141974,1.9890572676654812
split_scaffold_heldout,ridge_cell_drug_fp,"NK cells, CC-401",0.15233734475932428,0.7324634213911936,0.3198495999205676,1.819908573903139
split_scaffold_heldout,ridge_cell_drug_fp,"T cells, CC-401",0.19887644735856372,0.8467308157566033,0.36296899637196,2.013952646361299
split_scaffold_heldout,ridge_cell_drug_fp,"B cells, Pitavastatin Calcium",0.0030249442404164262,1.1453776538456981,0.025592813550626328,2.4034895784310364
split_scaffold_heldout,ridge_cell_drug_fp,"Myeloid cells, Pitavastatin Calcium",0.138683720165407,2.3068193498519918,0.1837349259130745,3.158211994677618
split_scaffold_heldout,ridge_cell_drug_fp,"NK cells, Pitavastatin Calcium",0.037162026695953206,1.4017125474400343,0.060294565365672015,2.655211398886566
split_scaffold_heldout,ridge_cell_drug_fp,"T cells, Pitavastatin Calcium",-0.00394049893068533,1.6206413109297995,-0.012726436939601366,2.8315327321517505
split_scaffold_heldout,ridge_cell_drug_fp,"B cells, PRT-062607",0.6390717061709341,0.9393383674597904,0.819445562382967,1.7853582614341073
split_scaffold_heldout,ridge_cell_drug_fp,"Myeloid cells, PRT-062607",0.6425153031532318,1.1986548224284137,0.8021334362757411,2.0623347773288794
split_scaffold_heldout,ridge_cell_drug_fp,"NK cells, PRT-062607",0.38653336970718444,0.7315825064981045,0.6332050348544519,1.6183772424568397
split_scaffold_heldout,ridge_cell_drug_fp,"T cells, PRT-062607",0.6873852635738584,0.7869843914552224,0.8610402109296467,1.5126919755277608
split_scaffold_heldout,ridge_cell_drug_fp,"B cells, Masitinib",0.3440238972869176,0.6875314119895624,0.5725316308352902,1.6491907585175443
split_scaffold_heldout,ridge_cell_drug_fp,"Myeloid cells, Masitinib",0.3460394335316883,0.7161726776540847,0.6546948484074862,1.7334544940222276
split_scaffold_heldout,ridge_cell_drug_fp,"NK cells, Masitinib",0.18253252819499352,0.69079991836114,0.30102111281150556,1.7920139249882234
split_scaffold_heldout,ridge_cell_drug_fp,"T cells, Masitinib",0.3407633592705523,0.5600943700449262,0.7323261956288812,1.3270654120560292
split_scaffold_heldout,ridge_cell_drug_fp,"NK cells, SLx-2119",0.0560784883494068,0.7917897849487999,0.0411267051663327,2.0213827826570676
split_scaffold_heldout,ridge_cell_drug_fp,"T cells, SLx-2119",0.24982408385040938,0.6855942101665148,0.4640484584167461,1.7150760000805254
split_scaffold_heldout,ridge_cell_drug_fp,"NK cells, Nefazodone",0.013492711894671066,0.7281818523235529,0.04703223923234789,1.8976706678951416
split_scaffold_heldout,ridge_cell_drug_fp,"T cells, Nefazodone",0.024230389028366037,0.5683505800076425,0.10603398028491508,1.6503526579870438
split_scaffold_heldout,ridge_cell_drug_fp,"NK cells, Bosutinib",0.18741787272983634,0.79672368833406,0.3253688970949301,1.9385418178537965
split_scaffold_heldout,ridge_cell_drug_fp,"T cells, Bosutinib",0.4201032132947015,0.9807520013312346,0.6178656848961348,2.0341842646947184
split_scaffold_heldout,ridge_cell_drug_fp,"B cells, Midostaurin",0.1860232574734404,0.8838224985316308,0.4291425734058733,1.9992591923394731
split_scaffold_heldout,ridge_cell_drug_fp,"Myeloid cells, Midostaurin",0.25433932834733525,1.1421324200459935,0.45556601794760754,2.2572457672720927
split_scaffold_heldout,ridge_cell_drug_fp,"NK cells, Midostaurin",0.06134208207773446,0.8289612066196324,0.19962372123382205,1.8701163954491062
split_scaffold_heldout,ridge_cell_drug_fp,"T cells, Midostaurin",0.1840088185645861,0.9471273345670376,0.4062156588561296,2.150451059485925
split_scaffold_heldout,ridge_cell_drug_fp,"NK cells, AZD4547",0.19773980250825238,0.6537321242179313,0.40415008794223756,1.7494973681308263
split_scaffold_heldout,ridge_cell_drug_fp,"T cells, AZD4547",0.30525067996715133,0.5315022895196495,0.5495113562136431,1.5057547893904148
split_scaffold_heldout,ridge_cell_drug_fp,"B cells, Selumetinib",0.5710621162817594,0.7037903285247376,0.8058661215798044,1.5963818024474639
split_scaffold_heldout,ridge_cell_drug_fp,"Myeloid cells, Selumetinib",0.5533012916251427,0.9057711230746261,0.7791809641904432,1.8117017929539811
split_scaffold_heldout,ridge_cell_drug_fp,"NK cells, Selumetinib",0.25694066602835897,0.7229310369038755,0.4271857767798385,1.7403435452109606
split_scaffold_heldout,ridge_cell_drug_fp,"T cells, Selumetinib",0.5715518615816246,0.5874031212053257,0.8145551695969513,1.3164468704414851
split_scaffold_heldout,ridge_cell_drug_fp,"NK cells, Clotrimazole",0.1827521341211961,0.6377720854696614,0.3545580154901415,1.7554409164118239
split_scaffold_heldout,ridge_cell_drug_fp,"T cells, Clotrimazole",0.27728242587065755,0.54470975207422,0.5041977805049118,1.5642910854321619
split_scaffold_heldout,ridge_cell_drug_fp,"B cells, Atorvastatin",0.1830451906773248,0.707405940640638,0.441039769198347,1.598853033661795
split_scaffold_heldout,ridge_cell_drug_fp,"Myeloid cells, Atorvastatin",-0.03172609947197657,0.8981731855484377,-0.0962681774399949,2.2581151334138374
split_scaffold_heldout,ridge_cell_drug_fp,"B cells, Phenylbutazone",0.07797154426166221,0.6366401265591908,0.044075511436547865,1.7283623657499614
split_scaffold_heldout,ridge_cell_drug_fp,"Myeloid cells, Phenylbutazone",0.0607164529670851,0.6655261604678006,0.17914723901656662,1.695876075105898
split_scaffold_heldout,ridge_cell_drug_fp,"B cells, BMS-777607",0.26417304434894917,0.6945966077005578,0.5206572116981696,1.651643277444416
split_scaffold_heldout,ridge_cell_drug_fp,"Myeloid cells, BMS-777607",0.22909559579936928,0.8360375423147874,0.5296640956889038,1.82377452596059
split_scaffold_heldout,ridge_cell_drug_fp,"B cells, Sgc-cbp30",0.24342127042047274,0.8023498429748664,0.5749243131174631,1.571953285106063
split_scaffold_heldout,ridge_cell_drug_fp,"Myeloid cells, Sgc-cbp30",0.2985350933613783,1.0216700367566318,0.5147027089016452,1.9716596758045268
split_scaffold_heldout,ridge_cell_drug_fp,"B cells, Perhexiline",0.6028780782703452,0.9146841123502272,0.780726918632313,1.8769896561866415
split_scaffold_heldout,ridge_cell_drug_fp,"Myeloid cells, Perhexiline",0.5255076070518756,0.8287826066797752,0.7416865506544097,1.8246297154955915
split_scaffold_heldout,ridge_cell_drug_fp,"B cells, Amiodarone",0.038008094436999346,0.7019072007416711,0.16095514944259223,1.659711261849434
split_scaffold_heldout,ridge_cell_drug_fp,"Myeloid cells, Amiodarone",0.09754875075551896,0.7591810800291396,0.3087984687300285,1.7537013891749684
split_scaffold_heldout,ridge_cell_drug_fp,"B cells, Canertinib",0.2310465235141778,0.8077042326899021,0.41980770527041267,1.8479227217639629
split_scaffold_heldout,ridge_cell_drug_fp,"B cells, Defactinib",0.32348070064872175,0.7207782004942794,0.580234364912502,1.7009329220936247
split_scaffold_heldout,ridge_cell_drug_fp,"Myeloid cells, Defactinib",0.42810070907737097,0.967200003667622,0.6623832759811853,1.9812745481258027
split_scaffold_heldout,ridge_cell_drug_fp,"B cells, AZD3514",0.12320512440547939,0.8023305806619851,0.3049605464826624,1.886333475462276
split_scaffold_heldout,ridge_cell_drug_fp,"Myeloid cells, AZD3514",0.17835997074099214,0.9122701770810364,0.37613933087946116,1.9806015461974684
split_scaffold_heldout,ridge_cell_drug_fp,"B cells, CC-401",0.27355700051173515,0.7738480848100385,0.47439681631216535,1.8609472428149467
split_scaffold_heldout,ridge_cell_drug_fp,"Myeloid cells, CC-401",0.17685802494778347,0.9806025095468714,0.31688520378719526,2.1124045365108577
split_scaffold_heldout,ridge_cell_drug_fp,"B cells, SLx-2119",0.32237340983603624,0.6861876029883996,0.593024573811921,1.5569032435907293
split_scaffold_heldout,ridge_cell_drug_fp,"Myeloid cells, SLx-2119",0.18028289942203254,0.7254633940646948,0.24503606262993224,1.975603941938792
split_scaffold_heldout,ridge_cell_drug_fp,"B cells, Nefazodone",0.09961562195952683,0.6379966406968414,0.3605607210472913,1.7582008843079806
split_scaffold_heldout,ridge_cell_drug_fp,"Myeloid cells, Nefazodone",0.1423425956581906,0.6043739367179796,0.3155952643065317,1.6551038468601649
split_scaffold_heldout,ridge_cell_drug_fp,"B cells, Bosutinib",0.4328026550996903,1.1337298061209162,0.6434102068004585,2.201552847571015
split_scaffold_heldout,ridge_cell_drug_fp,"Myeloid cells, Bosutinib",0.3861189242825171,1.6061755981640984,0.5365672641663315,2.648928105939869
split_scaffold_heldout,ridge_cell_drug_fp,"B cells, AZD4547",0.2690357900005251,0.5885937508018791,0.5301230793616026,1.6139840368193876
split_scaffold_heldout,ridge_cell_drug_fp,"Myeloid cells, AZD4547",0.278860258549315,0.6734780531144251,0.5563088942524719,1.7182382701391636
split_scaffold_heldout,ridge_cell_drug_fp,"B cells, Clotrimazole",0.21963052399470706,0.6204531564942122,0.3606471406553492,1.679472305465083
split_scaffold_heldout,ridge_cell_drug_fp,"Myeloid cells, Clotrimazole",0.12611916442555968,0.7899688928928409,0.29763384338396437,1.8853560200564938
split_cell_scaffold_heldout,ridge_cell,"T cells, Atorvastatin",0.17437341299346146,0.552965503471778,0.3893653700803146,1.639291859754059
split_cell_scaffold_heldout,ridge_cell,"T cells, Linagliptin",0.1492519739560543,0.5141468796462365,0.1880547449721455,1.5845962108476246
split_cell_scaffold_heldout,ridge_cell,"T cells, Foretinib",0.4825498664170902,0.8211061205667378,0.7294683658092425,1.9367180375120252
split_cell_scaffold_heldout,ridge_cell,"T cells, BMS-387032",0.34700191004721265,1.2384821109574249,0.5332144375348677,2.42108273555257
split_cell_scaffold_heldout,ridge_cell,"T cells, Phenylbutazone",0.0030601371217602153,0.5589720505979282,-0.17227404151188275,1.8287812648125341
split_cell_scaffold_heldout,ridge_cell,"T cells, BMS-777607",0.3056169956005009,0.5465437148787624,0.621280516241455,1.5313704835277453
split_cell_scaffold_heldout,ridge_cell,"T cells, TL_HRAS26",0.19849370957490006,0.5441476829911723,0.38439688799287935,1.890026025992108
split_cell_scaffold_heldout,ridge_cell,"T cells, Proscillaridin A;Proscillaridin-A",-0.05690874427430586,2.9974935373401266,-0.06542118274849847,3.555862584963471
split_cell_scaffold_heldout,ridge_cell,"T cells, Sgc-cbp30",0.22848535529978758,0.7570279966844649,0.38961349903880355,1.948799986291452
split_cell_scaffold_heldout,ridge_cell,"T cells, Perhexiline",0.5232990594781796,0.9270503919277359,0.7612467556347101,2.08512446300423
split_cell_scaffold_heldout,ridge_cell,"T cells, Amiodarone",0.10045331521495927,0.6101195806647781,0.212040249232121,1.9732254677940178
split_cell_scaffold_heldout,ridge_cell,"T cells, Canertinib",0.15792964149995573,0.7893116427800863,0.3186537912737575,2.0555325687491384
split_cell_scaffold_heldout,ridge_cell,"T cells, Penfluridol",0.02663924729446529,0.5408172798681042,0.1415295464880374,1.6757817285419025
split_cell_scaffold_heldout,ridge_cell,"T cells, Defactinib",0.13035694625143796,0.7693428321952279,0.30554320583530065,2.073114254275308
split_cell_scaffold_heldout,ridge_cell,"T cells, AZD3514",0.29048724370776224,0.7523143575122817,0.48867114500838055,1.9408505852507156
split_cell_scaffold_heldout,ridge_cell,"T cells, CC-401",0.4084657524223931,0.777876213719189,0.6505071000270105,1.9232311958316535
split_cell_scaffold_heldout,ridge_cell,"T cells, Pitavastatin Calcium",-0.2578340021460777,1.650849618244418,-0.3574073227874351,2.8987279266469277
split_cell_scaffold_heldout,ridge_cell,"T cells, PRT-062607",0.5792506836800267,0.9491741669695842,0.7992722196351663,2.01378141528079
split_cell_scaffold_heldout,ridge_cell,"T cells, Masitinib",0.22145692369703032,0.5625296094120507,0.6300172135203626,1.5135924398375438
split_cell_scaffold_heldout,ridge_cell,"T cells, SLx-2119",0.2586964716392473,0.599068711033841,0.48270301853348513,1.7748369733449387
split_cell_scaffold_heldout,ridge_cell,"T cells, Nefazodone",0.3076002395033772,0.47070221093264436,0.5963752509458388,1.5044971285879805
split_cell_scaffold_heldout,ridge_cell,"T cells, Bosutinib",0.4791503050840908,0.9862497479044722,0.7000831440139421,2.1193885536263433
split_cell_scaffold_heldout,ridge_cell,"T cells, Midostaurin",0.4432709892003223,0.8526027682856339,0.7232110823095983,2.0538740050803996
split_cell_scaffold_heldout,ridge_cell,"T cells, AZD4547",0.27611358071836395,0.5052782387252555,0.45987425873774057,1.5863407952362005
split_cell_scaffold_heldout,ridge_cell,"T cells, Selumetinib",0.43765622759002004,0.6305571668425775,0.7134168397852122,1.7431786141834333
split_cell_scaffold_heldout,ridge_cell,"T cells, Clotrimazole",0.08933771472340915,0.5557073559019868,0.1784062734159202,1.7491331289349394
split_cell_scaffold_heldout,ridge_drug_fp,"T cells, Atorvastatin",0.10012380302768335,0.6508921113437057,0.27562864968678574,1.66460381465352
split_cell_scaffold_heldout,ridge_drug_fp,"T cells, Linagliptin",0.1942564765932486,0.5649316458257075,0.2883628949688751,1.5310878261490115
split_cell_scaffold_heldout,ridge_drug_fp,"T cells, Foretinib",-0.0669924139756172,1.0270667576833283,-0.0797443625330839,2.268653916674619
split_cell_scaffold_heldout,ridge_drug_fp,"T cells, BMS-387032",0.29853442436891187,1.2418039500165288,0.4671602361365237,2.3854127917322483
split_cell_scaffold_heldout,ridge_drug_fp,"T cells, Phenylbutazone",-0.010762877760916735,0.5979183722741823,-0.11770141659137624,1.8232769948793586
split_cell_scaffold_heldout,ridge_drug_fp,"T cells, BMS-777607",0.059642406902699584,0.6920034107939651,0.28025978371844723,1.6561319216277486
split_cell_scaffold_heldout,ridge_drug_fp,"T cells, TL_HRAS26",0.15352947964881178,0.5912230916976924,0.36467284310498194,1.8765553356545088
split_cell_scaffold_heldout,ridge_drug_fp,"T cells, Proscillaridin A;Proscillaridin-A",0.016476549522296057,3.002269359875155,0.01894777693539622,3.5539953122007857
split_cell_scaffold_heldout,ridge_drug_fp,"T cells, Sgc-cbp30",0.20770591232322344,0.8583645071693116,0.36805010519053083,1.9063729798837712
split_cell_scaffold_heldout,ridge_drug_fp,"T cells, Perhexiline",0.4349760862221612,0.9347130248126918,0.669372499375531,2.06855194524192
split_cell_scaffold_heldout,ridge_drug_fp,"T cells, Amiodarone",-0.11296921193955242,0.7526410690468914,-0.30148732516675186,2.404703364188576
split_cell_scaffold_heldout,ridge_drug_fp,"T cells, Canertinib",0.10889737273188542,0.8787552962847512,0.23608335501329597,2.086122619985767
split_cell_scaffold_heldout,ridge_drug_fp,"T cells, Penfluridol",0.01227973815759967,0.6070863097812933,0.1314228544186468,1.6837978015661994
split_cell_scaffold_heldout,ridge_drug_fp,"T cells, Defactinib",0.1426168531435779,0.7873073286825646,0.3671232794898734,2.0444399022854043
split_cell_scaffold_heldout,ridge_drug_fp,"T cells, AZD3514",0.0728666060373592,0.854244840748764,0.18618992479128113,2.0445738071607544
split_cell_scaffold_heldout,ridge_drug_fp,"T cells, CC-401",0.11195810313285562,0.8708357219811846,0.1978718680255949,2.0861250674921656
split_cell_scaffold_heldout,ridge_drug_fp,"T cells, Pitavastatin Calcium",-0.08114735704062993,1.6335260319243943,-0.1247947438598448,2.8498784436967943
split_cell_scaffold_heldout,ridge_drug_fp,"T cells, PRT-062607",0.5129752238991078,0.9172221227475034,0.7440027099513419,1.786930775072057
split_cell_scaffold_heldout,ridge_drug_fp,"T cells, Masitinib",0.14961281728536024,0.6128231100128365,0.438200348720853,1.578358049212992
split_cell_scaffold_heldout,ridge_drug_fp,"T cells, SLx-2119",0.12801622309143562,0.7079384010053897,0.2587820919330078,1.8385744624284486
split_cell_scaffold_heldout,ridge_drug_fp,"T cells, Nefazodone",-0.08200996777027107,0.5767984446969914,-0.20982339952244686,1.718525151721361
split_cell_scaffold_heldout,ridge_drug_fp,"T cells, Bosutinib",0.3128214807865102,1.0243936634488147,0.5304031189201605,2.1438037224291775
split_cell_scaffold_heldout,ridge_drug_fp,"T cells, Midostaurin",0.010290694919600737,1.0090990415588899,-0.012499632978173516,2.335543765833955
split_cell_scaffold_heldout,ridge_drug_fp,"T cells, AZD4547",0.20907013487451714,0.5309502216678988,0.37479887663463574,1.6103127407472957
split_cell_scaffold_heldout,ridge_drug_fp,"T cells, Selumetinib",0.4368623455835506,0.6463376473413953,0.724950058374619,1.544675545930788
split_cell_scaffold_heldout,ridge_drug_fp,"T cells, Clotrimazole",0.12357553289794669,0.5765441214758595,0.27859373619127586,1.709190040374108
split_cell_scaffold_heldout,ridge_cell_drug_fp,"T cells, Atorvastatin",0.10037228258660634,0.650744544716783,0.27604873481238956,1.6644095787247672
split_cell_scaffold_heldout,ridge_cell_drug_fp,"T cells, Linagliptin",0.19395464250275882,0.5661392128521381,0.28711029305224417,1.5318665860276675
split_cell_scaffold_heldout,ridge_cell_drug_fp,"T cells, Foretinib",-0.06534623121653868,1.026450425980009,-0.07691712365139462,2.267308516924346
split_cell_scaffold_heldout,ridge_cell_drug_fp,"T cells, BMS-387032",0.2981061703912569,1.2419696762433379,0.46650327324090735,2.385293092669294
split_cell_scaffold_heldout,ridge_cell_drug_fp,"T cells, Phenylbutazone",-0.01063274618968123,0.5975315103440942,-0.11674890684701603,1.8224850975860558
split_cell_scaffold_heldout,ridge_cell_drug_fp,"T cells, BMS-777607",0.05932866998465684,0.692130075007654,0.27923770761056027,1.6566430908166907
split_cell_scaffold_heldout,ridge_cell_drug_fp,"T cells, TL_HRAS26",0.1536662071990705,0.5919105082334671,0.3650657475264085,1.8762534026002886
split_cell_scaffold_heldout,ridge_cell_drug_fp,"T cells, Proscillaridin A;Proscillaridin-A",0.01553028491115835,3.0029835406080863,0.017868858944197336,3.5547054584717834
split_cell_scaffold_heldout,ridge_cell_drug_fp,"T cells, Sgc-cbp30",0.20726746751394326,0.858727926946325,0.36795708485865625,1.9064992700982804
split_cell_scaffold_heldout,ridge_cell_drug_fp,"T cells, Perhexiline",0.43588891268666125,0.9344000072843825,0.6700301667980415,2.0679727179119833
split_cell_scaffold_heldout,ridge_cell_drug_fp,"T cells, Amiodarone",-0.11411577898014869,0.7528774650146466,-0.3026595064283965,2.407265389783217
split_cell_scaffold_heldout,ridge_cell_drug_fp,"T cells, Canertinib",0.10882101957386832,0.8794190413572631,0.23596563891077138,2.086240137411325
split_cell_scaffold_heldout,ridge_cell_drug_fp,"T cells, Penfluridol",0.012133472790216827,0.607118084724699,0.13146723347467706,1.6837805972373354
split_cell_scaffold_heldout,ridge_cell_drug_fp,"T cells, Defactinib",0.14251832252402788,0.7874740062619714,0.3667757070366798,2.044508688272104
split_cell_scaffold_heldout,ridge_cell_drug_fp,"T cells, AZD3514",0.07373835772439394,0.8544622924414919,0.18868884405054978,2.0436123865068785
split_cell_scaffold_heldout,ridge_cell_drug_fp,"T cells, CC-401",0.11150104388277358,0.8705324636255684,0.19775983378764816,2.08620047370766
split_cell_scaffold_heldout,ridge_cell_drug_fp,"T cells, Pitavastatin Calcium",-0.08129959753040168,1.6337864505929063,-0.12500346823728692,2.8501645033312415
split_cell_scaffold_heldout,ridge_cell_drug_fp,"T cells, PRT-062607",0.5136467779914273,0.9168189276645036,0.7446121699695731,1.7882190634015278
split_cell_scaffold_heldout,ridge_cell_drug_fp,"T cells, Masitinib",0.1478691907330974,0.6129640941449738,0.4332959913175673,1.5806007407004006
split_cell_scaffold_heldout,ridge_cell_drug_fp,"T cells, SLx-2119",0.1278359737597226,0.7075425427019916,0.25876643971741664,1.8387899374155547
split_cell_scaffold_heldout,ridge_cell_drug_fp,"T cells, Nefazodone",-0.08367030881942311,0.5771173401764581,-0.21529880726652464,1.7195756406186118
split_cell_scaffold_heldout,ridge_cell_drug_fp,"T cells, Bosutinib",0.3115769964109603,1.0248640863403269,0.5290338018960826,2.144690441679595
split_cell_scaffold_heldout,ridge_cell_drug_fp,"T cells, Midostaurin",0.011913007632072356,1.0089659906703914,-0.00931556119831536,2.334678851217075
split_cell_scaffold_heldout,ridge_cell_drug_fp,"T cells, AZD4547",0.20897459638984972,0.5312738216071259,0.3739277290109898,1.6102791766863631
split_cell_scaffold_heldout,ridge_cell_drug_fp,"T cells, Selumetinib",0.43602789079562926,0.646993783619543,0.7248643337420672,1.544954725147515
split_cell_scaffold_heldout,ridge_cell_drug_fp,"T cells, Clotrimazole",0.12390235512306716,0.5752175593244058,0.2778205353794231,1.7095846900352314
