split,baseline,sample_id,rowwise_pearson,rmse,de_rowwise_pearson,de_rmse
split_random,ridge_cell,"NK cells, Lapatinib",-0.014813341249771603,0.7177905799106233,-0.06587907936435138,1.8892570515500402
split_random,ridge_cell,"T cells, Ganetespib (STA-9090)",0.5421587215060554,2.0586557957385323,0.6199769699059864,2.9203798816626043
split_random,ridge_cell,"NK cells, Clomipramine",0.2367654678405701,0.6026860160385566,0.45228951686043456,1.7040898796708017
split_random,ridge_cell,"Myeloid cells, Linagliptin",0.006900411796305709,0.7498342101703106,0.002929242936735744,1.9638155898016332
split_random,ridge_cell,"NK cells, 5-(9-Isopropyl-8-methyl-2-morpholino-9H-purin-6-yl)pyrimidin-2-amine",0.4837951007323629,0.8256691536910873,0.7284497224351789,1.9465097669825409
split_random,ridge_cell,"B cells, O-Demethylated Adapalene",0.45774378487321793,0.6437026969608748,0.7080210972767998,1.6736255809448044
split_random,ridge_cell,"NK cells, Protriptyline",0.17244653500698418,0.6045656819967389,0.39511601675806907,1.7206187998212834
split_random,ridge_cell,"T cells, Protriptyline",0.20919252408531358,0.5146826425044497,0.45168513438612345,1.5335071362664978
split_random,ridge_cell,"T cells, I-BET151",0.4657416876031837,1.858409183186005,0.5630034041136667,2.8068083472745964
split_random,ridge_cell,"B cells, Topotecan",0.23360821777996565,0.8054827496921064,0.4424898193948667,1.9966821047388137
split_random,ridge_cell,"NK cells, Topotecan",0.21457879238506455,0.7766609928499149,0.3784840883596251,1.9796169052778159
split_random,ridge_cell,"B cells, BAY 87-2243",0.6092359446873663,0.8715942033741848,0.797076452225065,1.9564507377332094
split_random,ridge_cell,"NK cells, Phenylbutazone",0.21639872422533515,0.6461115747973145,0.41907384853628205,1.7699131469754221
split_random,ridge_cell,"T cells, Phenylbutazone",0.09780715546560012,0.5724644221676142,-0.16350611230874676,1.9934262158824065
split_random,ridge_cell,"T cells, K-02288",0.38375725026511454,0.5103333479117839,0.5836819542751894,1.4982109983365701
split_random,ridge_cell,"NK cells, Porcn Inhibitor III",0.12393917569182729,0.7301611901728802,0.24181463204056988,1.9479146292330394
split_random,ridge_cell,"T cells, TL_HRAS26",0.31966757620821784,0.5316013231338979,0.5252876341484581,1.7961731791027054
split_random,ridge_cell,"T cells, Pomalidomide",-0.08396862216564849,1.3143631386934889,-0.11138276542394074,2.7169981376915837
split_random,ridge_cell,"NK cells, AVL-292",0.3654794894400471,0.6425745657535941,0.6411705771094248,1.7564020780967522
split_random,ridge_cell,"NK cells, Navitoclax",0.03437681807771038,0.7181412282069053,0.06029362090773322,1.9431163115597383
split_random,ridge_cell,"T cells, Navitoclax",0.0036834146961092305,0.6184518749331838,0.4839187513770652,1.7143961861221129
split_random,ridge_cell,"T cells, Palbociclib",0.3811415721152222,0.5078758857776484,0.685434072501322,1.4526360599616281
split_random,ridge_cell,"B cells, AMD-070 (hydrochloride)",0.39096170343045056,0.6023299593335442,0.6304595607558351,1.6391845975087134
split_random,ridge_cell,"T cells, AMD-070 (hydrochloride)",0.390682720861996,0.5590790111112259,0.6610746759395862,1.5717197070926645
split_random,ridge_cell,"T cells, Scriptaid",0.43724608453280067,2.1759732006356582,0.5201916444405313,3.019644665749653
split_random,ridge_cell,"B cells, PF-04691502",0.6500033459274362,1.0073391579012652,0.8117967918474618,2.071850962744676
split_random,ridge_cell,"T cells, PF-04691502",0.6038557977436418,0.9960137106074199,0.7754985684825373,2.102160637658562
split_random,ridge_cell,"NK cells, RVX-208",0.19163548636410876,0.6814426283927979,0.28430377747467517,1.8567422063648906
split_random,ridge_cell,"T cells, RVX-208",0.39453906757135004,0.7900234602304512,0.5690876846484543,1.9037648356231434
split_random,ridge_cell,"Myeloid cells, Dactolisib",0.5692990668550446,1.995241476748762,0.6778233733472167,2.9109055619059756
split_random,ridge_cell,"NK cells, IKK Inhibitor VII",0.34066728760611453,0.7115266240806626,0.5829760311820302,1.8191167027202721
split_random,ridge_cell,"T cells, Amiodarone",0.2994117420000471,0.5784415832816698,0.6105519348706263,1.6880175228198493
split_random,ridge_cell,"NK cells, IMD-0354",0.3385703393997207,0.9053982821312311,0.555756750265695,2.1025728455356925
split_random,ridge_cell,"T cells, Canertinib",0.3074941068430518,0.7570928703370513,0.45370198868457134,1.9583063520122834
split_random,ridge_cell,"B cells, Penfluridol",-0.04032638213258397,0.6568483303222261,-0.1562027044293829,1.8646962502081985
split_random,ridge_cell,"T cells, Quizartinib",0.28423998590233895,0.5420678356716785,0.5055362344195885,1.6928174762409294
split_random,ridge_cell,"NK cells, PD-0325901",0.33115796316479196,0.7447302255241932,0.5476401024839354,1.8895247023692245
split_random,ridge_cell,"Myeloid cells, LDN 193189",0.07793039955751616,0.8099067583384472,0.257461733246578,1.9662955609349155
split_random,ridge_cell,"NK cells, LDN 193189",0.07931695174371471,0.6764369563626633,0.13212375249642153,1.8460497261859143
split_random,ridge_cell,"T cells, LDN 193189",0.27406461722170783,0.5636936325022535,0.48295986997071527,1.626313734825054
split_random,ridge_cell,"Myeloid cells, Riociguat",0.22914519161941413,0.6062575270672534,0.3850562660727085,1.6534441378265885
split_random,ridge_cell,"NK cells, CHIR-99021",0.0853166686368424,0.7339741864971246,0.17374060467110414,1.9122596973060304
split_random,ridge_cell,"T cells, HMN-214",-0.21628926202127946,0.8211677270598416,-0.5137548178008067,2.40464004541429
split_random,ridge_cell,"NK cells, Resminostat",0.2370136263909759,1.3173784456426587,0.3882473535156916,2.5026517581683487
split_random,ridge_cell,"B cells, Crizotinib",0.6423033107714974,0.7801510656374578,0.8226189066613451,1.8502652890613787
split_random,ridge_cell,"Myeloid cells, Crizotinib",0.573117398017092,0.842420945256954,0.7879890433772612,1.9118114640455122
split_random,ridge_cell,"NK cells, Crizotinib",0.4106647398603019,0.6636677725556722,0.6301444483771209,1.696382604199757
split_random,ridge_cell,"B cells, Azacitidine",0.2125542902984748,0.6696062819375255,0.4622574410352925,1.7514089115391607
split_random,ridge_cell,"Myeloid cells, TR-14035",0.34722361483198705,0.5854664866190095,0.6441705381193727,1.5663759477372214
split_random,ridge_cell,"T cells, TR-14035",0.44444259304247274,0.5256296840519551,0.7012762411035919,1.4042488094881718
split_random,ridge_cell,"NK cells, Lamivudine",0.2784923796284302,0.6302665921382286,0.48135816817064275,1.818170199133101
split_random,ridge_cell,"Myeloid cells, PRT-062607",0.7027995765821592,1.2889496280807458,0.8311371728195612,2.3084093114122237
split_random,ridge_cell,"T cells, PRT-062607",0.7107507721027772,0.8682189001316584,0.855219625582412,1.8271164630328274
split_random,ridge_cell,"NK cells, AZD-8330",0.4463509290458853,0.6965841647164444,0.6898816385176387,1.7370271344434314
split_random,ridge_cell,"T cells, AZD-8330",0.6658237704000627,0.6465541396828046,0.8754488701351134,1.535378315920401
split_random,ridge_cell,"T cells, Masitinib",0.40188650858503094,0.5257396110560482,0.769371506387022,1.268253354195453
split_random,ridge_cell,"NK cells, STK219801",0.21832579065967617,0.6533379880221601,0.3726939082753318,1.8734877046646308
split_random,ridge_cell,"T cells, TPCA-1",0.7202495626055512,0.9976699946888078,0.850730656298245,1.9652168115519177
split_random,ridge_cell,"NK cells, Clemastine",0.2300380275972362,0.6365790053599624,0.36543230961214157,1.7396284142114875
split_random,ridge_cell,"NK cells, Buspirone",0.14590033752778975,0.5936531244182581,0.2762137641374689,1.7461083448984882
split_random,ridge_cell,"NK cells, CEP-37440",0.2918819128818173,0.6572770218931691,0.4641313099355169,1.8020559883771623
split_random,ridge_cell,"NK cells, GSK256066",0.3867174253259322,0.8399039012048134,0.6357178067120863,1.9954097159253033
split_random,ridge_cell,"T cells, GSK256066",0.37177310101492483,0.7144376468820226,0.6722645100239799,2.019131712019552
split_random,ridge_cell,"Myeloid cells, R428",0.3679725155185792,1.9749215316198219,0.4735056751358949,2.9318623139889435
split_random,ridge_cell,"NK cells, Oxybenzone",0.23390583453043143,0.6094059549921937,0.4215609056881247,1.7233567915382648
split_random,ridge_cell,"NK cells, Vandetanib",0.29158020894119013,0.6191808740101519,0.6115404834478817,1.7384255425578248
split_random,ridge_cell,"T cells, Imatinib",0.28300464127586217,0.5103987007555022,0.4319277778063526,1.431341765525585
split_random,ridge_cell,"T cells, SCH-58261",0.019343538631155545,0.5934732136612709,-0.05699537774686602,1.796221261315767
split_random,ridge_cell,"B cells, Tivantinib",0.43454807549943136,0.656498114595546,0.6507206502549633,1.6979108887789673
split_random,ridge_cell,"Myeloid cells, Tivantinib",0.33351346110361346,0.7830004062792505,0.5732097688908276,1.9151906226792321
split_random,ridge_cell,"B cells, Colchicine",0.2611725825613322,1.0441530517640791,0.44168039747983023,2.2969743362808708
split_random,ridge_cell,"T cells, Tipifarnib",0.42328286772003193,0.6277413808858009,0.7079533744530998,1.6448196954470415
split_random,ridge_cell,"NK cells, Doxorubicin",0.34084662885461425,0.8158423951095108,0.5618877439406693,2.0340414144814702
split_random,ridge_cell,"NK cells, PF-03814735",0.42487364221396673,0.7991256031417179,0.6653008766545573,1.8750423421333586
split_random,ridge_cell,"NK cells, Tacalcitol",0.29984060629132747,0.6576444453399244,0.5064539395458493,1.7681678745980183
split_random,ridge_cell,"Myeloid cells, RG7090",0.18247415799030983,0.8464175201746796,0.33324770217288685,1.9972662145594204
split_random,ridge_cell,"NK cells, SB525334",0.046557351823561764,0.7595711374592173,0.087764476615592,1.9339609677964786
split_random,ridge_cell,"T cells, HYDROXYUREA",0.05939757130114575,0.5823312123090169,0.025132778725289854,1.7380965251380605
split_random,ridge_cell,"Myeloid cells, TIE2 Kinase Inhibitor",0.0863954241183559,0.6897608288305832,0.3853035047989683,1.7819135889572335
split_random,ridge_cell,"Myeloid cells, K-02288",0.1995923014231652,0.9628031866722639,0.43317943411718235,2.1470412703302033
split_random,ridge_cell,"Myeloid cells, Vorinostat",0.3702383760251997,1.7947255445674193,0.4965526406954859,2.8060870195485177
split_random,ridge_cell,"B cells, AVL-292",0.6786731614622701,0.8681489822631907,0.8488858570245407,1.8865951658473585
split_random,ridge_cell,"B cells, Trametinib",0.3592466807162545,0.7089718055440042,0.6356307509662741,1.7786792706249912
split_random,ridge_cell,"B cells, BAY 61-3606",0.4692765377216894,1.1541545530663326,0.6509021679574122,2.256511288530276
split_random,ridge_cell,"B cells, AT13387",0.5453822310002935,1.5162197318381827,0.6856016530425042,2.594541399972434
split_random,ridge_cell,"Myeloid cells, Disulfiram",0.027471787583043014,0.6891457807730492,0.1582658159709639,1.8779704553491399
split_random,ridge_cell,"Myeloid cells, BMS-536924",0.595203573727428,0.9537411054117543,0.7965072800219235,1.9643678062309824
split_random,ridge_cell,"B cells, Cabozantinib",0.14882658485724637,0.7318041247025366,0.3038919952829393,1.8738800567239877
split_random,ridge_cell,"Myeloid cells, Defactinib",0.6045671252922682,0.9064975043168056,0.7987525975397062,1.9180828823180176
split_random,ridge_cell,"Myeloid cells, Resminostat",0.4341188523223776,1.873268485106422,0.5517265549073658,2.789922992298978
split_random,ridge_cell,"B cells, OSI-930",0.13719961523384477,0.5887490212515382,0.3938567670364553,1.6267143836149238
split_random,ridge_cell,"B cells, Saracatinib",0.6994335161122691,0.9363326410053798,0.859407156597536,1.9993334274405532
split_random,ridge_cell,"Myeloid cells, Saracatinib",0.6070745352687609,1.3239854454391327,0.7714224896771724,2.322772491427737
split_random,ridge_cell,"B cells, Nefazodone",0.27964093508161497,0.5803199233473286,0.5094108087615086,1.6755126029320928
split_random,ridge_cell,"Myeloid cells, Nefazodone",0.3596386528404016,0.5212749431012245,0.5793172101376938,1.5048812915023182
split_random,ridge_cell,"Myeloid cells, TPCA-1",0.6598164936072082,1.2812665958405316,0.8063507359498281,2.3157266660297817
split_random,ridge_cell,"Myeloid cells, GSK-1070916",0.1517698121629928,0.8110303397222854,0.3606149509617362,1.8869019228856978
split_random,ridge_cell,"B cells, Bosutinib",0.6550044873768056,1.071015994212587,0.8068435522626647,2.130017818291403
split_random,ridge_cell,"Myeloid cells, Bosutinib",0.5609188322072347,1.5594891025683715,0.712980899099101,2.5996399558523797
split_random,ridge_cell,"B cells, Buspirone",0.1206011877909102,0.6031528194383948,0.1988490817196125,1.8012988774592593
split_random,ridge_cell,"Myeloid cells, Buspirone",0.14119784174481625,0.5965070970455624,0.293406413033953,1.6106894988468659
split_random,ridge_cell,"Myeloid cells, Tosedostat",0.3906030042905948,0.9498761717070121,0.5690945212485836,2.0621564206794476
split_random,ridge_cell,"B cells, Tacalcitol",0.4370234239077364,0.6255987589804138,0.6754207551428342,1.5872816821415163
split_random,ridge_cell,"B cells, Clotrimazole",0.20034025415808843,0.6120167951072092,0.3101461330963307,1.7076128804964188
split_random,ridge_cell,"Myeloid cells, Clotrimazole",0.06796470095287785,0.7875922364697293,0.16839755881656313,1.9430338123635673
split_random,ridge_drug_fp,"NK cells, Lapatinib",0.1635943733402026,0.7277825789228598,0.3684856651227046,1.7387933656517682
split_random,ridge_drug_fp,"T cells, Ganetespib (STA-9090)",0.6589631082780065,1.720306658482687,0.7396504414049048,2.3547742095440136
split_random,ridge_drug_fp,"NK cells, Clomipramine",0.18732937245963596,0.6533769932895197,0.3146122698873988,1.7116859620023683
split_random,ridge_drug_fp,"Myeloid cells, Linagliptin",0.05142345771270646,0.7287010098897451,0.11680713543403673,1.9179156658990137
split_random,ridge_drug_fp,"NK cells, 5-(9-Isopropyl-8-methyl-2-morpholino-9H-purin-6-yl)pyrimidin-2-amine",0.48507987615403475,1.0570918024983633,0.7030140245101384,1.546360022198712
split_random,ridge_drug_fp,"B cells, O-Demethylated Adapalene",0.2449511965894408,0.7326834058380243,0.4558478389743938,1.8252232284476964
split_random,ridge_drug_fp,"NK cells, Protriptyline",0.057596636827373274,0.6669539470687004,0.0894968587787787,1.7995308408522774
split_random,ridge_drug_fp,"T cells, Protriptyline",0.19057243327228907,0.5196903406156331,0.47215809052579694,1.5517150711679641
split_random,ridge_drug_fp,"T cells, I-BET151",0.7161288399968725,1.449225616542997,0.8037165200405807,2.087979379339522
split_random,ridge_drug_fp,"B cells, Topotecan",0.45628962287041913,0.9286348040559348,0.6795049396361909,1.5985325268204478
split_random,ridge_drug_fp,"NK cells, Topotecan",0.3871585546731824,0.9734439523198025,0.6550083159649635,1.5718224375409409
split_random,ridge_drug_fp,"B cells, BAY 87-2243",0.43087271072846023,1.014843739444622,0.618265648152788,1.843047713945459
split_random,ridge_drug_fp,"NK cells, Phenylbutazone",0.12221900699095399,0.6918554282028316,0.19569051949703223,1.8217274453972825
split_random,ridge_drug_fp,"T cells, Phenylbutazone",0.15681745229788985,0.5500566345474397,0.2864363263408732,1.6581785835513811
split_random,ridge_drug_fp,"T cells, K-02288",0.13867931420532673,0.6238164695418404,0.3165449259017656,1.6689787421390183
split_random,ridge_drug_fp,"NK cells, Porcn Inhibitor III",0.1806173647688001,0.8002447835670915,0.37763906320962226,1.8573328853491369
split_random,ridge_drug_fp,"T cells, TL_HRAS26",0.25615175698936843,0.557941862365221,0.6014699021998495,1.7330356918972385
split_random,ridge_drug_fp,"T cells, Pomalidomide",0.5483714994871611,1.0503044709125646,0.7262954183623431,2.0793786845256137
split_random,ridge_drug_fp,"NK cells, AVL-292",0.22759771060400905,0.7911632014461069,0.42069754337034543,1.7604974859234013
split_random,ridge_drug_fp,"NK cells, Navitoclax",0.14205664539941412,0.8399917360248784,0.25737231251084663,1.88684301911668
split_random,ridge_drug_fp,"T cells, Navitoclax",0.220758686647709,0.6955369589748863,0.5351595627521198,1.6253964659041253
split_random,ridge_drug_fp,"T cells, Palbociclib",0.3073659973020786,0.5640515445217514,0.6315765541785892,1.5106389327855316
split_random,ridge_drug_fp,"B cells, AMD-070 (hydrochloride)",0.12492700941848774,0.7339849816736579,0.27043120786050784,1.8340331901910893
split_random,ridge_drug_fp,"T cells, AMD-070 (hydrochloride)",0.22347393328545345,0.6537239322888044,0.5163808431067483,1.6704032734356191
split_random,ridge_drug_fp,"T cells, Scriptaid",0.7523202289903658,1.6002661982798683,0.8162057452715396,2.1333393739989828
split_random,ridge_drug_fp,"B cells, PF-04691502",0.28598895535973573,1.1716223201463452,0.5046249534307022,2.1874648137340538
split_random,ridge_drug_fp,"T cells, PF-04691502",0.3322175985724767,1.1214985369832393,0.5701563622104733,2.134340610179386
split_random,ridge_drug_fp,"NK cells, RVX-208",0.23888164413687032,0.7873146793635925,0.44785749700214467,1.6717492479731153
split_random,ridge_drug_fp,"T cells, RVX-208",0.4866384217613583,0.7679698298625138,0.7045561493943523,1.5883303704755622
split_random,ridge_drug_fp,"Myeloid cells, Dactolisib",0.5874310943718182,1.7691828023716778,0.66887922522408,2.481990079886809
split_random,ridge_drug_fp,"NK cells, IKK Inhibitor VII",0.31175009022460637,0.9199721722296659,0.5231473745774474,1.6704534924176397
split_random,ridge_drug_fp,"T cells, Amiodarone",0.18589819602709376,0.6155899680858086,0.4702283954794148,1.8300082659562742
split_random,ridge_drug_fp,"NK cells, IMD-0354",0.4681302547471815,1.0478365696872614,0.7149674347907652,1.5580915416424348
split_random,ridge_drug_fp,"T cells, Canertinib",0.4306542999195728,0.7270531416295367,0.6731145427650669,1.6532451274487603
split_random,ridge_drug_fp,"B cells, Penfluridol",0.10835878826594991,0.6398730503630393,0.2761690078061682,1.7203423746195619
split_random,ridge_drug_fp,"T cells, Quizartinib",0.1917736925132101,0.5951417098761344,0.44231314093501733,1.692748516962079
split_random,ridge_drug_fp,"NK cells, PD-0325901",0.27509844169174497,0.8865064655161953,0.47523027275764773,1.8000018592088936
split_random,ridge_drug_fp,"Myeloid cells, LDN 193189",0.08889244546345029,0.8355482295062397,0.2536471516090611,1.9686767338411593
split_random,ridge_drug_fp,"NK cells, LDN 193189",0.10241644335839446,0.7428036197690673,0.25844836181325725,1.7928462802553504
split_random,ridge_drug_fp,"T cells, LDN 193189",0.23175581918339536,0.614937142484517,0.5602486213739559,1.516019256612114
split_random,ridge_drug_fp,"Myeloid cells, Riociguat",0.14793843583447067,0.6228740786688988,0.3174585571091543,1.696492413164026
split_random,ridge_drug_fp,"NK cells, CHIR-99021",0.32128694976071254,0.8834848448065796,0.5613898822566232,1.6202832107672784
split_random,ridge_drug_fp,"T cells, HMN-214",0.439226417660232,0.6315243978897164,0.7450139920616049,1.5565740940884176
split_random,ridge_drug_fp,"NK cells, Resminostat",0.6650962449457344,1.2078377578213224,0.8404626843146165,1.390405590485755
split_random,ridge_drug_fp,"B cells, Crizotinib",0.4672873436067501,0.8605943376371562,0.6943060571489915,1.7528788494099996
split_random,ridge_drug_fp,"Myeloid cells, Crizotinib",0.35559901583427145,0.9721168963724367,0.5435849159377553,1.9895937219359967
split_random,ridge_drug_fp,"NK cells, Crizotinib",0.2961390652681871,0.8179983927863261,0.4923749957533306,1.6471777012382616
split_random,ridge_drug_fp,"B cells, Azacitidine",0.2799490694078392,0.6554633453254676,0.5257752850581363,1.7002549306882848
split_random,ridge_drug_fp,"Myeloid cells, TR-14035",0.14475950968990145,0.6751089309940561,0.29413068869192754,1.7638327439451527
split_random,ridge_drug_fp,"T cells, TR-14035",0.2947082899245805,0.5982024753458717,0.5458257013426756,1.5211705111297327
split_random,ridge_drug_fp,"NK cells, Lamivudine",0.07599297103958129,0.7248769408601468,0.10761765244994743,1.905084821148075
split_random,ridge_drug_fp,"Myeloid cells, PRT-062607",0.36151386617838244,1.4132946635291634,0.5136671005851543,2.3856406119721334
split_random,ridge_drug_fp,"T cells, PRT-062607",0.5862512146174846,0.8710027365496563,0.7946922044947048,1.5557978169365616
split_random,ridge_drug_fp,"NK cells, AZD-8330",0.2517078692025372,0.8872667917931344,0.4366748613655956,1.7564820689322231
split_random,ridge_drug_fp,"T cells, AZD-8330",0.3475914875758215,0.8613793584737643,0.6430068940480567,1.660126171573148
split_random,ridge_drug_fp,"T cells, Masitinib",0.3195944314667525,0.5745202061741833,0.7122280635080633,1.3579561075596747
split_random,ridge_drug_fp,"NK cells, STK219801",0.21840932934710788,0.6936918987071388,0.3596288503442148,1.7967878516822557
split_random,ridge_drug_fp,"T cells, TPCA-1",0.6085864638538415,0.9575880827413817,0.7876440407921622,1.7074687882974087
split_random,ridge_drug_fp,"NK cells, Clemastine",0.1643973046539329,0.7014243287931443,0.2553142607428919,1.7508521526332395
split_random,ridge_drug_fp,"NK cells, Buspirone",0.07601399226309195,0.6621839038606395,0.013444565290099937,1.8166313151657194
split_random,ridge_drug_fp,"NK cells, CEP-37440",0.24961183228473688,0.7383805787045203,0.40818806475663033,1.72530444052183
split_random,ridge_drug_fp,"NK cells, GSK256066",0.26286184290838466,0.9659783171133361,0.47916004606526014,1.901608634351188
split_random,ridge_drug_fp,"T cells, GSK256066",0.3249064238551038,0.8352796200894358,0.5341282306423273,1.866872591885935
split_random,ridge_drug_fp,"Myeloid cells, R428",0.3383262056782579,1.9525534232352364,0.4301794049209002,2.821778033200785
split_random,ridge_drug_fp,"NK cells, Oxybenzone",0.09109419073875305,0.6550374526127457,0.06386644664603962,1.8329215259863756
split_random,ridge_drug_fp,"NK cells, Vandetanib",0.07367225812825273,0.7316251948924543,0.10447051794506744,1.874179431032892
split_random,ridge_drug_fp,"T cells, Imatinib",0.1742871891059714,0.5405925469267148,0.334138276255708,1.5352708414224283
split_random,ridge_drug_fp,"T cells, SCH-58261",0.20161628838606185,0.5525350217436183,0.3957434840835697,1.5845161826129432
split_random,ridge_drug_fp,"B cells, Tivantinib",0.33413700611531144,0.7344117673058103,0.5366973588899386,1.6709811789097595
split_random,ridge_drug_fp,"Myeloid cells, Tivantinib",0.26049534165662674,0.8505024540819797,0.47481979550565956,1.9107487950979032
split_random,ridge_drug_fp,"B cells, Colchicine",0.4085186730756534,1.1098144683868596,0.6469425587951331,1.875875682570363
split_random,ridge_drug_fp,"T cells, Tipifarnib",0.4031569297093042,0.6583874794287364,0.679571292476148,1.5662824009181369
split_random,ridge_drug_fp,"NK cells, Doxorubicin",0.3829531474949555,1.3085854382768272,0.6749815536325369,1.6578036361737314
split_random,ridge_drug_fp,"NK cells, PF-03814735",0.40221926398314145,1.0983327934584326,0.6384982520177748,1.5869548500785664
split_random,ridge_drug_fp,"NK cells, Tacalcitol",0.09148782582629048,1.2529049602678277,0.06742195494897096,2.0584039500558813
split_random,ridge_drug_fp,"Myeloid cells, RG7090",0.28060387794118913,0.823811822090936,0.4840949807291554,1.88766050606981
split_random,ridge_drug_fp,"NK cells, SB525334",0.2918471467146837,0.8136725927025766,0.49699163298753213,1.6925477821923136
split_random,ridge_drug_fp,"T cells, HYDROXYUREA",0.16260821141278814,0.549004619457701,0.29393693957274913,1.641195186444864
split_random,ridge_drug_fp,"Myeloid cells, TIE2 Kinase Inhibitor",0.20161191406996,0.6488702709857173,0.37054298648855144,1.7983533870281743
split_random,ridge_drug_fp,"Myeloid cells, K-02288",0.0003677471857832745,1.0498847891622354,0.041270346521591866,2.312490190663698
split_random,ridge_drug_fp,"Myeloid cells, Vorinostat",0.481474797955663,1.6903331391302543,0.6099374528284797,2.376645547350483
split_random,ridge_drug_fp,"B cells, AVL-292",0.3972499152077859,0.9758163454605979,0.6171120749150762,1.9565919887957168
split_random,ridge_drug_fp,"B cells, Trametinib",0.3510250848179059,0.8011100740320315,0.6654980465408485,1.6047076400242342
split_random,ridge_drug_fp,"B cells, BAY 61-3606",0.6209854858980806,1.061295240276517,0.8133375048110163,1.4929134159511035
split_random,ridge_drug_fp,"B cells, AT13387",0.6103150783939119,1.3203611879740076,0.7491747969011789,2.0222177851005645
split_random,ridge_drug_fp,"Myeloid cells, Disulfiram",0.12909856763948954,0.6494318134261444,0.29444620663475823,1.8127129228863983
split_random,ridge_drug_fp,"Myeloid cells, BMS-536924",0.3195162437228775,1.1185863736504675,0.5085078514505287,2.0348759860824477
split_random,ridge_drug_fp,"B cells, Cabozantinib",0.2819701320648581,0.6987072874979777,0.5801166285718448,1.7204953164786425
split_random,ridge_drug_fp,"Myeloid cells, Defactinib",0.3372641693497087,1.012012866010579,0.5389615918075529,2.0506998573042745
split_random,ridge_drug_fp,"Myeloid cells, Resminostat",0.4761547173806529,1.8573049382632603,0.5971895195620313,2.3925523071871884
split_random,ridge_drug_fp,"B cells, OSI-930",0.16414639474641177,0.5981886021185694,0.3514896594074454,1.6289983312196685
split_random,ridge_drug_fp,"B cells, Saracatinib",0.4648309227595475,0.9989994636117019,0.6746048091653493,1.9840607846402285
split_random,ridge_drug_fp,"Myeloid cells, Saracatinib",0.45555918809204243,1.3400257374199638,0.6037641962824041,2.287706098615378
split_random,ridge_drug_fp,"B cells, Nefazodone",0.0795847990353277,0.6642863962730089,0.04194408645983647,1.8673422501479005
split_random,ridge_drug_fp,"Myeloid cells, Nefazodone",0.1614358353754163,0.5968336912011522,0.2743863850764301,1.6721527602443493
split_random,ridge_drug_fp,"Myeloid cells, TPCA-1",0.3388965184337427,1.4043876443182408,0.4915435714689051,2.4061365793812697
split_random,ridge_drug_fp,"Myeloid cells, GSK-1070916",0.30270405674210976,0.7691002806923036,0.5152281250186687,1.7718395770690913
split_random,ridge_drug_fp,"B cells, Bosutinib",0.5093424460859057,1.0727504839404869,0.67835413787887,1.959075321752463
split_random,ridge_drug_fp,"Myeloid cells, Bosutinib",0.43280328745677454,1.555151312094783,0.5650518412855772,2.5065620017575987
split_random,ridge_drug_fp,"B cells, Buspirone",0.08570416749410302,0.6355782109510858,0.11742386750374274,1.8344298058494295
split_random,ridge_drug_fp,"Myeloid cells, Buspirone",0.18153873669836795,0.5910669375569312,0.28410133085231964,1.5933445511431965
split_random,ridge_drug_fp,"Myeloid cells, Tosedostat",0.3633346724539779,0.9633828170223464,0.5663883320138144,2.006575123311697
split_random,ridge_drug_fp,"B cells, Tacalcitol",0.18701063051698233,1.1957751489709998,0.4227452955271573,1.8386776543216767
split_random,ridge_drug_fp,"B cells, Clotrimazole",0.14473671626699566,0.6458448781343392,0.20332198849245373,1.7625576111040708
split_random,ridge_drug_fp,"Myeloid cells, Clotrimazole",0.14282515648499483,0.7677541691095545,0.3017700040920956,1.888685398689191
split_random,ridge_cell_drug_fp,"NK cells, Lapatinib",0.2186216931652822,0.7362851431035474,0.4711778950063726,1.6757433469550718
split_random,ridge_cell_drug_fp,"T cells, Ganetespib (STA-9090)",0.7142333199603,1.6309494802006954,0.7833419598296931,2.2342660100140868
split_random,ridge_cell_drug_fp,"NK cells, Clomipramine",0.24646056632683053,0.6338211237025554,0.4069789874087966,1.6604343934994508
split_random,ridge_cell_drug_fp,"Myeloid cells, Linagliptin",0.07156183264928763,0.7710512019763214,0.13627627989956367,1.9174591921521051
split_random,ridge_cell_drug_fp,"NK cells, 5-(9-Isopropyl-8-methyl-2-morpholino-9H-purin-6-yl)pyrimidin-2-amine",0.5189133556877232,0.9696751687529542,0.7327147775140554,1.461916634329941
split_random,ridge_cell_drug_fp,"B cells, O-Demethylated Adapalene",0.3557248377315126,0.7030670328180959,0.6277125721624001,1.664315973077406
split_random,ridge_cell_drug_fp,"NK cells, Protriptyline",0.15032740739816153,0.6544810904920092,0.2787864922199521,1.736004413514427
split_random,ridge_cell_drug_fp,"T cells, Protriptyline",0.2646933732168391,0.5219516819844637,0.6067349484354397,1.4327564654904075
split_random,ridge_cell_drug_fp,"T cells, I-BET151",0.7537734853039317,1.3808101784722255,0.8307752364608432,1.986451468717475
split_random,ridge_cell_drug_fp,"B cells, Topotecan",0.5019690041150074,0.9055045975248568,0.7331049510635601,1.4752369844262527
split_random,ridge_cell_drug_fp,"NK cells, Topotecan",0.4049865833123516,0.9639878678736309,0.6726736630045959,1.5413929362535128
split_random,ridge_cell_drug_fp,"B cells, BAY 87-2243",0.5164952369579731,0.946926445090163,0.715476917420989,1.6547640412526294
split_random,ridge_cell_drug_fp,"NK cells, Phenylbutazone",0.15221432430811857,0.6954359779424242,0.3221459799601354,1.7709193190897186
split_random,ridge_cell_drug_fp,"T cells, Phenylbutazone",0.20987819115442996,0.5652181419581026,0.12775755031750496,1.7599187043027384
split_random,ridge_cell_drug_fp,"T cells, K-02288",0.2966205356351596,0.5921968537951287,0.561762092635173,1.4837882462962153
split_random,ridge_cell_drug_fp,"NK cells, Porcn Inhibitor III",0.25583710637620255,0.7914870348479224,0.5075783815512235,1.7631698405649912
split_random,ridge_cell_drug_fp,"T cells, TL_HRAS26",0.33454562309290836,0.5616964391605828,0.6627185095999547,1.6460444919240584
split_random,ridge_cell_drug_fp,"T cells, Pomalidomide",0.5348944040625422,1.056077621734744,0.7131389777081585,2.0784025286919876
split_random,ridge_cell_drug_fp,"NK cells, AVL-292",0.272854107728785,0.7387675409938658,0.5168494294272475,1.688566678145598
split_random,ridge_cell_drug_fp,"NK cells, Navitoclax",0.1552736256203495,0.8885555935073454,0.2826094316558808,1.8781557594306206
split_random,ridge_cell_drug_fp,"T cells, Navitoclax",0.22730805610680252,0.7379547551727093,0.6101792808829033,1.5305725472839622
split_random,ridge_cell_drug_fp,"T cells, Palbociclib",0.4047997767405154,0.5422394255591704,0.7095057003486513,1.3784604142035528
split_random,ridge_cell_drug_fp,"B cells, AMD-070 (hydrochloride)",0.2644665163219168,0.7002349602734459,0.5249390595546041,1.6598109490787616
split_random,ridge_cell_drug_fp,"T cells, AMD-070 (hydrochloride)",0.3652914094310088,0.6190676079973098,0.686354060368675,1.4853537292613153
split_random,ridge_cell_drug_fp,"T cells, Scriptaid",0.7837800936232517,1.5277743697312907,0.8389364681469824,2.0377867540638777
split_random,ridge_cell_drug_fp,"B cells, PF-04691502",0.4432568139698363,1.0708476084059397,0.6885305610653067,1.9482367659826656
split_random,ridge_cell_drug_fp,"T cells, PF-04691502",0.4622789119782234,1.0386685619804745,0.7077402852721387,1.9379728470872841
split_random,ridge_cell_drug_fp,"NK cells, RVX-208",0.274623265186713,0.7637405518222833,0.527273527056493,1.6018770231514616
split_random,ridge_cell_drug_fp,"T cells, RVX-208",0.5353257474894515,0.7441432710593112,0.7409584922949246,1.5101083736330583
split_random,ridge_cell_drug_fp,"Myeloid cells, Dactolisib",0.6613769958968128,1.6662734728243496,0.7410859419013618,2.3338183254125444
split_random,ridge_cell_drug_fp,"NK cells, IKK Inhibitor VII",0.34764675981896265,0.845087752078587,0.5771258288864226,1.6088916940819658
split_random,ridge_cell_drug_fp,"T cells, Amiodarone",0.3417248746733804,0.5845094124138024,0.6746013608696773,1.5381691616834392
split_random,ridge_cell_drug_fp,"NK cells, IMD-0354",0.4817337498018087,0.9968302815665478,0.7268035813804282,1.5362794032122926
split_random,ridge_cell_drug_fp,"T cells, Canertinib",0.49775969486206434,0.6986125737795383,0.733407725911636,1.550585806608317
split_random,ridge_cell_drug_fp,"B cells, Penfluridol",0.11673178449784263,0.6599764027948624,0.2624739282903998,1.7253664849736572
split_random,ridge_cell_drug_fp,"T cells, Quizartinib",0.29612703231105963,0.5793831183394212,0.5810628273427653,1.5805751001722494
split_random,ridge_cell_drug_fp,"NK cells, PD-0325901",0.3127493994670623,0.8338776035255193,0.5158475932083365,1.759737549260365
split_random,ridge_cell_drug_fp,"Myeloid cells, LDN 193189",0.16971189342652115,0.8334253033555319,0.42018681801441304,1.865696058139667
split_random,ridge_cell_drug_fp,"NK cells, LDN 193189",0.15805319138364152,0.7322461642174671,0.3864600854077785,1.7282521514850293
split_random,ridge_cell_drug_fp,"T cells, LDN 193189",0.2908941821267269,0.6098382932848504,0.5955923342851963,1.4727012724743305
split_random,ridge_cell_drug_fp,"Myeloid cells, Riociguat",0.18764563084844654,0.6501742830599111,0.3588060976114453,1.6615981211549866
split_random,ridge_cell_drug_fp,"NK cells, CHIR-99021",0.34719831440925175,0.8854420951786952,0.5991877131719482,1.570858010796398
split_random,ridge_cell_drug_fp,"T cells, HMN-214",0.3613125502523352,0.6692291464282423,0.6729956742997448,1.684066014055185
split_random,ridge_cell_drug_fp,"NK cells, Resminostat",0.6755303598319349,1.152629423278376,0.8507509211232148,1.3511527769331402
split_random,ridge_cell_drug_fp,"B cells, Crizotinib",0.5609615357293397,0.7927474802477,0.7948797632693962,1.5506608645183992
split_random,ridge_cell_drug_fp,"Myeloid cells, Crizotinib",0.49034256155188344,0.8853127630633051,0.732999708843866,1.7269174556559916
split_random,ridge_cell_drug_fp,"NK cells, Crizotinib",0.33499992890318825,0.7714047092582332,0.5409537648722303,1.5944680721841236
split_random,ridge_cell_drug_fp,"B cells, Azacitidine",0.317494173406249,0.6607241985677998,0.5772672035081862,1.630009593446988
split_random,ridge_cell_drug_fp,"Myeloid cells, TR-14035",0.29438281773608943,0.6552152482319019,0.6078224359384518,1.545030947391324
split_random,ridge_cell_drug_fp,"T cells, TR-14035",0.40658407064999724,0.5749726103670149,0.6727824114482921,1.3641405719481043
split_random,ridge_cell_drug_fp,"NK cells, Lamivudine",0.13933481846592935,0.7000644591373931,0.28489917248253277,1.8470165370193772
split_random,ridge_cell_drug_fp,"Myeloid cells, PRT-062607",0.5400718167158806,1.2673604750086223,0.715603351346874,2.1136614090514922
split_random,ridge_cell_drug_fp,"T cells, PRT-062607",0.6777422300102386,0.7863747615914162,0.8527280404448451,1.3792891684988986
split_random,ridge_cell_drug_fp,"NK cells, AZD-8330",0.2967074819626747,0.8238865832940333,0.5216708529668842,1.6824106369460858
split_random,ridge_cell_drug_fp,"T cells, AZD-8330",0.4642626728773494,0.7761483761210598,0.7650159097047218,1.4625619942660695
split_random,ridge_cell_drug_fp,"T cells, Masitinib",0.4506263445411213,0.542095235613339,0.798772774256584,1.1303764972268038
split_random,ridge_cell_drug_fp,"NK cells, STK219801",0.2626936723893437,0.6822379860672741,0.4287441410304032,1.7426382586008615
split_random,ridge_cell_drug_fp,"T cells, TPCA-1",0.6974511933029764,0.8696313124448493,0.850427123180012,1.5251180508493578
split_random,ridge_cell_drug_fp,"NK cells, Clemastine",0.19914316300297616,0.6812126637657521,0.3544325390067138,1.7097183256020632
split_random,ridge_cell_drug_fp,"NK cells, Buspirone",0.12137049830298753,0.6589776373354153,0.18231754034730263,1.763426047055592
split_random,ridge_cell_drug_fp,"NK cells, CEP-37440",0.27597496789585335,0.7153572845439596,0.46739982271962743,1.692319249106049
split_random,ridge_cell_drug_fp,"NK cells, GSK256066",0.2855893351192192,0.9478107524126499,0.5320866981811012,1.8557521050233952
split_random,ridge_cell_drug_fp,"T cells, GSK256066",0.39060817735661835,0.7961572039019775,0.6361576358168407,1.7538187105710668
split_random,ridge_cell_drug_fp,"Myeloid cells, R428",0.411886361567819,1.8894950733916187,0.5154907603362568,2.7237041092238705
split_random,ridge_cell_drug_fp,"NK cells, Oxybenzone",0.1488894109786067,0.6497437859658235,0.24579846252225585,1.7736991488677598
split_random,ridge_cell_drug_fp,"NK cells, Vandetanib",0.1501223490020278,0.6996389996577671,0.31045728188230287,1.7930485821970041
split_random,ridge_cell_drug_fp,"T cells, Imatinib",0.2726437068013829,0.5406377282462075,0.4511381306087396,1.407619359374281
split_random,ridge_cell_drug_fp,"T cells, SCH-58261",0.17493553048444155,0.5807588469989517,0.3495920230987768,1.6090029310490623
split_random,ridge_cell_drug_fp,"B cells, Tivantinib",0.4128435923632902,0.7113565520410446,0.6365234643705162,1.5519457419261944
split_random,ridge_cell_drug_fp,"Myeloid cells, Tivantinib",0.36800983801895965,0.8151166944158639,0.6255015064002949,1.7542358388280561
split_random,ridge_cell_drug_fp,"B cells, Colchicine",0.44062674576928795,1.0844203786487199,0.6861182033320005,1.8005643521675154
split_random,ridge_cell_drug_fp,"T cells, Tipifarnib",0.4492143311456894,0.647247938263724,0.7265691738522775,1.4833791916797652
split_random,ridge_cell_drug_fp,"NK cells, Doxorubicin",0.38796312161208935,1.3035162722907343,0.6871995033580419,1.621283673665607
split_random,ridge_cell_drug_fp,"NK cells, PF-03814735",0.44602898137853453,1.0025679429903671,0.6865354587739809,1.4955171168793908
split_random,ridge_cell_drug_fp,"NK cells, Tacalcitol",0.1039332842655399,1.224538158886323,0.09425509273728808,2.028561753303781
split_random,ridge_cell_drug_fp,"Myeloid cells, RG7090",0.37554902307987026,0.7948707893542322,0.5958244191082569,1.7804232935494364
split_random,ridge_cell_drug_fp,"NK cells, SB525334",0.34435626342446896,0.8139597883871987,0.5630929273748845,1.614623031344695
split_random,ridge_cell_drug_fp,"T cells, HYDROXYUREA",0.18633350732522444,0.5818904550939459,0.32664307589102065,1.6259944283078875
split_random,ridge_cell_drug_fp,"Myeloid cells, TIE2 Kinase Inhibitor",0.22995344477782023,0.6714452543417545,0.5192417180025919,1.6815440500258179
split_random,ridge_cell_drug_fp,"Myeloid cells, K-02288",0.1455471997341131,1.0218320872204127,0.3745450384866887,2.1602798352843258
split_random,ridge_cell_drug_fp,"Myeloid cells, Vorinostat",0.5366661903224813,1.612248736780287,0.6680466828054529,2.2596135822909655
split_random,ridge_cell_drug_fp,"B cells, AVL-292",0.5187039931020908,0.8969874391555529,0.7462030967200646,1.7718213678643164
split_random,ridge_cell_drug_fp,"B cells, Trametinib",0.4370848585474909,0.7523134184434243,0.7428817729792848,1.4705016258688515
split_random,ridge_cell_drug_fp,"B cells, BAY 61-3606",0.6705430851368699,0.9899874082122,0.8442519871351691,1.3883043109489417
split_random,ridge_cell_drug_fp,"B cells, AT13387",0.6665915587847454,1.240437667468734,0.7979680165464865,1.884781834987296
split_random,ridge_cell_drug_fp,"Myeloid cells, Disulfiram",0.1291072040983907,0.6819535932266804,0.3584730613238914,1.7721472208024858
split_random,ridge_cell_drug_fp,"Myeloid cells, BMS-536924",0.4645719491473511,1.0174138530389236,0.6952277881075237,1.7951172405875002
split_random,ridge_cell_drug_fp,"B cells, Cabozantinib",0.3236106397888839,0.6938883681174489,0.6180355136653222,1.669338717092358
split_random,ridge_cell_drug_fp,"Myeloid cells, Defactinib",0.5513235225139946,0.8943725851372154,0.7793589174378625,1.7743069369111413
split_random,ridge_cell_drug_fp,"Myeloid cells, Resminostat",0.5344307551912435,1.7497336402786794,0.6557523472630318,2.2543237097611186
split_random,ridge_cell_drug_fp,"B cells, OSI-930",0.215165083240292,0.6148880254165549,0.49628549009264417,1.5368851209090462
split_random,ridge_cell_drug_fp,"B cells, Saracatinib",0.590363835495225,0.907710193204761,0.7906760128345494,1.7641259725747973
split_random,ridge_cell_drug_fp,"Myeloid cells, Saracatinib",0.5937106439406987,1.2291809805199174,0.7614839485030386,2.069198118543244
split_random,ridge_cell_drug_fp,"B cells, Nefazodone",0.19612800337873992,0.6500302918811288,0.3215599206937515,1.7288822712201743
split_random,ridge_cell_drug_fp,"Myeloid cells, Nefazodone",0.293988270103807,0.5945240786970082,0.43944590370753994,1.551081050783906
split_random,ridge_cell_drug_fp,"Myeloid cells, TPCA-1",0.5174474045234702,1.2663282518864418,0.701180044053244,2.1444932203835605
split_random,ridge_cell_drug_fp,"Myeloid cells, GSK-1070916",0.3025484026904278,0.7867774114781725,0.5566345961815734,1.718350427856577
split_random,ridge_cell_drug_fp,"B cells, Bosutinib",0.6230325967902972,0.9744414544536357,0.7810246564853016,1.7507007304204405
split_random,ridge_cell_drug_fp,"Myeloid cells, Bosutinib",0.5595842880038662,1.445491677276446,0.7067211145706881,2.310342958118313
split_random,ridge_cell_drug_fp,"B cells, Buspirone",0.15500991045206874,0.6407878857304165,0.29105773921658207,1.7525063773542924
split_random,ridge_cell_drug_fp,"Myeloid cells, Buspirone",0.1524466033924184,0.6493518124061272,0.26615172621598343,1.5984760428263478
split_random,ridge_cell_drug_fp,"Myeloid cells, Tosedostat",0.4525520806916755,0.919527066392737,0.6713281433514653,1.886098360285481
split_random,ridge_cell_drug_fp,"B cells, Tacalcitol",0.233741662928562,1.179326731725291,0.5009208488839425,1.7441712108242153
split_random,ridge_cell_drug_fp,"B cells, Clotrimazole",0.21608321373847328,0.6487721870627483,0.34324141834355004,1.6808588277552556
split_random,ridge_cell_drug_fp,"Myeloid cells, Clotrimazole",0.12253262786449191,0.8106856804790405,0.28936607427579475,1.8874681108366678
split_cell_heldout,ridge_cell,"T cells, TIE2 Kinase Inhibitor",0.13279755833757892,0.5664949850502669,0.36593440891438367,1.6240811772952817
split_cell_heldout,ridge_cell,"T cells, MK-5108",0.08564258185595797,0.5557089752027652,0.14296950425119945,1.694886547320885
split_cell_heldout,ridge_cell,"T cells, Lapatinib",-0.048609326301723245,0.6405334882752064,-0.03210619964022938,1.8856236572973433
split_cell_heldout,ridge_cell,"T cells, Atorvastatin",0.18299502223015196,0.5499161463261314,0.3992444601597136,1.6366725172916137
split_cell_heldout,ridge_cell,"T cells, Ganetespib (STA-9090)",0.35371249829480755,2.1437681772740476,0.4422850432239022,3.042260363722481
split_cell_heldout,ridge_cell,"T cells, Clomipramine",0.23527072333607907,0.5496408312620469,0.46864237553485116,1.6058892346161222
split_cell_heldout,ridge_cell,"T cells, Sunitinib",0.3578195218242859,0.6585200025417133,0.6336907938755938,1.7612523418673913
split_cell_heldout,ridge_cell,"T cells, Tivozanib",0.22665630614726234,0.6380938332015172,0.45858356888310786,1.8238000510939532
split_cell_heldout,ridge_cell,"T cells, Tamatinib",0.5475420054984084,1.0273032909073605,0.7515806764965662,2.107259993812381
split_cell_heldout,ridge_cell,"T cells, Ixabepilone",0.02125615139770962,0.5587470983928704,-0.10512134220306253,1.8365795816830597
split_cell_heldout,ridge_cell,"T cells, Linagliptin",0.15780046201579576,0.5109279474921543,0.20240177033696993,1.581485082764997
split_cell_heldout,ridge_cell,"T cells, 5-(9-Isopropyl-8-methyl-2-morpholino-9H-purin-6-yl)pyrimidin-2-amine",0.5609802684867634,1.3538732251508416,0.7358169106252669,2.4267473498075023
split_cell_heldout,ridge_cell,"T cells, O-Demethylated Adapalene",0.270437689249738,0.5745920392972685,0.5115365453224674,1.7197264108575092
split_cell_heldout,ridge_cell,"T cells, Protriptyline",0.08701248458692468,0.5116592131318,0.263447973837463,1.650631740774159
split_cell_heldout,ridge_cell,"T cells, I-BET151",0.3239080030981742,1.9232618408073507,0.42312370473727806,2.9083920403887618
split_cell_heldout,ridge_cell,"T cells, Foretinib",0.4753804142687256,0.8239092236066595,0.7247255366605235,1.9441029946497002
split_cell_heldout,ridge_cell,"T cells, GW843682X",0.13198225830322272,0.5980124373907919,0.30575421787351537,1.950690972890633
split_cell_heldout,ridge_cell,"T cells, BMS-387032",0.3592036015536004,1.2361228885763693,0.5487614966409936,2.4177633801866105
split_cell_heldout,ridge_cell,"T cells, IN1451",0.24671274218365,2.792182305239375,0.29529850338559704,3.404051573801033
split_cell_heldout,ridge_cell,"T cells, Raloxifene",-0.19463195891809387,0.9316898113496236,-0.3138901158978783,2.1345444785740875
split_cell_heldout,ridge_cell,"T cells, Topotecan",0.08891168429298019,1.0578356002602558,0.19968809657813896,2.298673624444345
split_cell_heldout,ridge_cell,"T cells, BAY 87-2243",0.34821206770330426,1.2565733331523705,0.5269821782125022,2.390453784362167
split_cell_heldout,ridge_cell,"T cells, Phenylbutazone",-0.002826259509576427,0.5585762660832285,-0.17907939281965757,1.830097978635772
split_cell_heldout,ridge_cell,"T cells, K-02288",0.16102308110432037,0.5518771042907828,0.3283258549416437,1.6890986946429123
split_cell_heldout,ridge_cell,"T cells, BMS-777607",0.3030704763960507,0.5466848729772664,0.6126126201847382,1.5368257026591594
split_cell_heldout,ridge_cell,"T cells, Porcn Inhibitor III",-0.2809240520800032,0.7261891644963774,-0.4567655407045627,1.8922575876736685
split_cell_heldout,ridge_cell,"T cells, TL_HRAS26",0.19647380653798735,0.5436665800571586,0.3760810199560405,1.8938730687345322
split_cell_heldout,ridge_cell,"T cells, Proscillaridin A;Proscillaridin-A",-0.02549270351600295,2.989581474841814,-0.028698960934111173,3.546508780172948
split_cell_heldout,ridge_cell,"T cells, Vorinostat",0.2881305979424796,2.161803546821612,0.3699242589939245,3.0620072580966773
split_cell_heldout,ridge_cell,"T cells, BMS-265246",0.12423648165555508,1.3697111840524974,0.24006119551593885,2.5596499118947404
split_cell_heldout,ridge_cell,"T cells, Ruxolitinib",0.5103361830460045,0.8931906104540994,0.737935172644924,1.9776619164785378
split_cell_heldout,ridge_cell,"T cells, Pomalidomide",-0.174667158834761,1.3087991717195335,-0.24139408127077747,2.715543312374242
split_cell_heldout,ridge_cell,"T cells, Dovitinib",0.3703818265772004,0.7423636995214089,0.652706280485788,2.015258616252393
split_cell_heldout,ridge_cell,"T cells, AVL-292",0.46543277764048896,0.7312224481446886,0.7297440891283147,1.8515176445999981
split_cell_heldout,ridge_cell,"T cells, Navitoclax",-0.06669199315950836,0.5938491277882677,0.3011548774173649,1.8348285087408427
split_cell_heldout,ridge_cell,"T cells, Methotrexate",-0.08167059788496962,0.6575452973191496,-0.3729862802524418,2.045599234666055
split_cell_heldout,ridge_cell,"T cells, Palbociclib",0.2633427250171971,0.5246919553024514,0.6208812731929405,1.6002145175924603
split_cell_heldout,ridge_cell,"T cells, Trametinib",0.30856896285866664,0.677939903037255,0.605900890885274,1.8590402513057935
split_cell_heldout,ridge_cell,"T cells, AMD-070 (hydrochloride)",0.19153521259068712,0.6017067517524423,0.4343824794391169,1.7612822878767773
split_cell_heldout,ridge_cell,"T cells, Sgc-cbp30",0.22935955400176222,0.7564819296365116,0.39260858017411887,1.9501302047531537
split_cell_heldout,ridge_cell,"T cells, FK 866",0.1517242910694121,0.9773195158248095,0.3315645543199531,2.200194775068663
split_cell_heldout,ridge_cell,"T cells, Chlorpheniramine",0.31308402432304966,0.5591708747725053,0.5753593853244183,1.5925286952122515
split_cell_heldout,ridge_cell,"T cells, Scriptaid",0.2768124049825818,2.243267909979173,0.3506196998904784,3.115585286585443
split_cell_heldout,ridge_cell,"T cells, BAY 61-3606",0.31443771615511834,1.8274052816179538,0.42560041777484087,2.842697488468512
split_cell_heldout,ridge_cell,"T cells, LY2090314",-0.2286038358487284,2.5060457512990384,-0.28000617337602035,3.38232311126635
split_cell_heldout,ridge_cell,"T cells, Vardenafil",0.16295538773087978,0.5505668390517663,0.4438547269988851,1.659313123478377
split_cell_heldout,ridge_cell,"T cells, Dasatinib",0.5407833659829713,1.0402348889081516,0.7559299575306833,2.1340644184425317
split_cell_heldout,ridge_cell,"T cells, AT13387",0.36574154932833464,2.0438169790755403,0.4686491554765264,2.973777547854527
split_cell_heldout,ridge_cell,"T cells, PF-04691502",0.48391513736577285,1.0627053312878652,0.6931650150178099,2.2549382473303914
split_cell_heldout,ridge_cell,"T cells, Perhexiline",0.5286288346896623,0.9269043696388013,0.7660435495609851,2.0861026045554256
split_cell_heldout,ridge_cell,"T cells, RVX-208",0.28218782047093277,0.8249170637226255,0.4592916928385884,1.9995277701089147
split_cell_heldout,ridge_cell,"T cells, Ketoconazole",-0.2475161176979064,1.290237122294896,-0.428433701991542,2.7050471619358385
split_cell_heldout,ridge_cell,"T cells, Disulfiram",0.003356281319167597,0.6007611017605857,0.031046870880380936,1.7720490460671134
split_cell_heldout,ridge_cell,"T cells, Flutamide",0.012581575429832063,0.563194495431898,0.33668877287883936,1.6905651407946976
split_cell_heldout,ridge_cell,"T cells, Desloratadine",0.0751876532691963,0.5491303762069539,0.24606228959413237,1.6043225216541863
split_cell_heldout,ridge_cell,"T cells, Dactolisib",0.5016310766152533,1.4935276422368133,0.6814863401878477,2.6239445347316033
split_cell_heldout,ridge_cell,"T cells, BMS-536924",0.5059327261202935,1.0678936196648772,0.7222008512665856,2.2554163085386394
split_cell_heldout,ridge_cell,"T cells, IKK Inhibitor VII",0.4521959441057015,0.8984299567888919,0.7060345482912668,2.0336663507685926
split_cell_heldout,ridge_cell,"T cells, Amiodarone",0.0903012005479802,0.6112896681102192,0.17019634501457936,1.9879660061124342
split_cell_heldout,ridge_cell,"T cells, Isoniazid",-0.02673438493396377,0.5502628088167948,-0.057738322168011884,1.6146861074865466
split_cell_heldout,ridge_cell,"T cells, IMD-0354",0.3886768793903989,1.6578627792459202,0.523618112086748,2.748807745405894
split_cell_heldout,ridge_cell,"T cells, Canertinib",0.16404279729974575,0.7873087448760957,0.33335600665668824,2.05278997969847
split_cell_heldout,ridge_cell,"T cells, Idelalisib",0.419980573818918,0.8486354388846656,0.6868524959712365,2.0171841248113243
split_cell_heldout,ridge_cell,"T cells, Alogliptin",-0.06384205613684343,0.5958024715476071,-0.15356876496762406,1.7485316035585632
split_cell_heldout,ridge_cell,"T cells, Penfluridol",0.031712917440670264,0.5380734218970501,0.1458232490920973,1.674915700948465
split_cell_heldout,ridge_cell,"T cells, Quizartinib",0.13890901889901072,0.5564979152925109,0.2598040075283284,1.813804598517784
split_cell_heldout,ridge_cell,"T cells, RN-486",0.042580232077232036,0.5365936984104742,0.180158537206983,1.6339740847867272
split_cell_heldout,ridge_cell,"T cells, PD-0325901",0.4495704441031055,0.822674257185766,0.6972674783783391,1.9749716199669314
split_cell_heldout,ridge_cell,"T cells, Decitabine",0.16890804647225263,0.5073558531953528,0.2899056311683497,1.6510318091930702
split_cell_heldout,ridge_cell,"T cells, LDN 193189",0.1693851525703575,0.5693526931516049,0.345239905916139,1.7072973649332979
split_cell_heldout,ridge_cell,"T cells, Cabozantinib",-0.09864990719503967,0.6783151633884105,-0.1367890762497805,1.9165200421583648
split_cell_heldout,ridge_cell,"T cells, Riociguat",0.12581562721035222,0.5235338661971238,0.11698097980260072,1.7756990010229778
split_cell_heldout,ridge_cell,"T cells, CHIR-99021",-0.26473575275750666,1.52137343674596,-0.40159501742482173,2.8576311210814276
split_cell_heldout,ridge_cell,"T cells, Defactinib",0.12817341777042887,0.7691148457526057,0.308842662581108,2.0733778304278907
split_cell_heldout,ridge_cell,"T cells, BI-D1870",-0.0188830473627293,0.6200140692191692,-0.02697902905733135,1.7231598486618236
split_cell_heldout,ridge_cell,"T cells, AZD3514",0.29734395498564087,0.7505493703193553,0.49657179751672026,1.9396216504486734
split_cell_heldout,ridge_cell,"T cells, HMN-214",-0.16891816529274073,0.7655357941626507,-0.46380188529992106,2.2410876897008194
split_cell_heldout,ridge_cell,"T cells, CC-401",0.42435695242447047,0.7743121160436519,0.66460683137601,1.9175472261106434
split_cell_heldout,ridge_cell,"T cells, Resminostat",0.32070668160954235,2.168450845082405,0.4072877902017403,3.0604220515206415
split_cell_heldout,ridge_cell,"T cells, Crizotinib",0.4945362535864764,0.7639581704070738,0.7105763251830887,1.906109645990199
split_cell_heldout,ridge_cell,"T cells, Azacitidine",0.15900435056362686,0.6154432306826101,0.36083857678326814,1.7254819531997279
split_cell_heldout,ridge_cell,"T cells, TR-14035",0.313914939993915,0.5556028804367023,0.5874633750245585,1.5777828972333268
split_cell_heldout,ridge_cell,"T cells, Nilotinib",0.5278512810079563,0.7786492006650773,0.7832459538808582,1.8381035807473887
split_cell_heldout,ridge_cell,"T cells, AT 7867",0.22527902664610938,0.8602420426935877,0.3924506812282052,2.0324191078575615
split_cell_heldout,ridge_cell,"T cells, OSI-930",-0.06538827079463981,0.570294925413651,-0.13660342258488917,1.7353968391390266
split_cell_heldout,ridge_cell,"T cells, GO-6976",-0.15087937858425002,0.9402680809772971,-0.3052555367413917,2.1660251537962765
split_cell_heldout,ridge_cell,"T cells, Saracatinib",0.5279531487816385,0.8085965422714447,0.7542165575936557,1.8577734325095685
split_cell_heldout,ridge_cell,"T cells, RG7112",0.29661013529396385,0.6020464592314607,0.5343569069072969,2.1563924226108986
split_cell_heldout,ridge_cell,"T cells, Lamivudine",0.18866631780130985,0.5189301602398018,0.3006859249712869,1.5916137363054563
split_cell_heldout,ridge_cell,"T cells, TGX 221",0.5334346099927584,0.6862603050003786,0.8035273569183194,1.7317176686371492
split_cell_heldout,ridge_cell,"T cells, Pitavastatin Calcium",-0.2531660675033972,1.6482911665707372,-0.3513606065844744,2.89418458606904
split_cell_heldout,ridge_cell,"T cells, ABT737",0.05834913115180873,0.6151760901798412,0.3760902733420092,1.8677535779506442
split_cell_heldout,ridge_cell,"T cells, PRT-062607",0.58236167855987,0.9498855458874265,0.799220628852808,2.01732318492874
split_cell_heldout,ridge_cell,"T cells, AZ628",0.5314564774710612,0.6936056850657708,0.7898921957628563,1.7822857928849802
split_cell_heldout,ridge_cell,"T cells, AZD-8330",0.5063601290238842,0.7242777667685975,0.773553556522427,1.791033905488254
split_cell_heldout,ridge_cell,"T cells, Masitinib",0.2072108483862613,0.5651132269764835,0.6123737322460617,1.5238754813332456
split_cell_heldout,ridge_cell,"T cells, Ceritinib",0.4148470649047999,0.5643570369796584,0.6963923976048129,1.5726910508461511
split_cell_heldout,ridge_cell,"T cells, CGM-097",-0.09176754997000662,1.3846131523659209,-0.13354310144372789,2.687878038887278
split_cell_heldout,ridge_cell,"T cells, SLx-2119",0.2598038710802172,0.5982936631485792,0.4874811660671983,1.7740854156870767
split_cell_heldout,ridge_cell,"T cells, Nefazodone",0.3111741147255854,0.469078745332439,0.5978137641820566,1.5051489506324365
split_cell_heldout,ridge_cell,"T cells, STK219801",0.12879426429212906,0.569735347409702,0.24839403384961237,1.8524701208512597
split_cell_heldout,ridge_cell,"T cells, TPCA-1",0.5676405874938779,1.0883990147795974,0.7596216954968816,2.158644776501362
split_cell_heldout,ridge_cell,"T cells, MGCD-265",0.3717413924037061,0.46642301791297325,0.6145761439944568,1.4928110421331697
split_cell_heldout,ridge_cell,"T cells, GSK-1070916",0.2793370593131619,0.5781450128347011,0.567239944966863,1.6843180840440688
split_cell_heldout,ridge_cell,"T cells, Ricolinostat",0.190001736636276,0.8722041712977653,0.4109581999140493,2.0630883836200034
split_cell_heldout,ridge_cell,"T cells, Bosutinib",0.4810804027916699,0.9868587531546089,0.7027057408483226,2.1217277897798685
split_cell_heldout,ridge_cell,"T cells, Clemastine",0.29030803893999896,0.527800973518886,0.6515917025513445,1.5102093040986435
split_cell_heldout,ridge_cell,"T cells, YK 4-279",-0.1312687928808707,0.6569865842124448,-0.3049985974975186,1.787886616409873
split_cell_heldout,ridge_cell,"T cells, Buspirone",0.02537168895211957,0.5270784575199057,-0.027060790256449304,1.7188434476546315
split_cell_heldout,ridge_cell,"T cells, Midostaurin",0.4422936756583384,0.8536616642497542,0.7200374355652895,2.059003681859401
split_cell_heldout,ridge_cell,"T cells, CEP-37440",0.3278647509358874,0.6444106496050639,0.6490008057853395,1.8441345479618898
split_cell_heldout,ridge_cell,"T cells, GSK256066",0.2817818172283014,0.7372371062542888,0.5015461829790981,2.1265433462222076
split_cell_heldout,ridge_cell,"T cells, R428",0.484426890793091,0.902710704159009,0.6947869441762886,2.0704405045017027
split_cell_heldout,ridge_cell,"T cells, Oxybenzone",0.16973493277778756,0.49457858452028747,0.39248309615408133,1.5482270755861167
split_cell_heldout,ridge_cell,"T cells, Vandetanib",0.1545454885612937,0.5265720321414478,0.35884850339644025,1.5889242991879797
split_cell_heldout,ridge_cell,"T cells, Imatinib",0.16624925815613745,0.5138063796835997,0.31687475856142067,1.5668378672282837
split_cell_heldout,ridge_cell,"T cells, SCH-58261",0.035749129554374516,0.5499438939062375,-0.022257623201280066,1.7338417685354273
split_cell_heldout,ridge_cell,"T cells, Colforsin",0.20227560704925782,0.5511257570371803,0.3427860274624853,1.578579159067102
split_cell_heldout,ridge_cell,"T cells, Tivantinib",0.2380731340911719,0.7441128037881535,0.44185315499229055,1.8642054557693333
split_cell_heldout,ridge_cell,"T cells, Tosedostat",0.26579600925340024,0.7609080269619777,0.47715587847502816,1.9388767112790097
split_cell_heldout,ridge_cell,"T cells, Colchicine",0.2060575291635549,0.9483567278950166,0.3986657604050549,2.3035086348058234
split_cell_heldout,ridge_cell,"T cells, ABT-199 (GDC-0199)",-0.00764117915760086,0.5875183891892788,0.3521281372916504,1.7306739058165708
split_cell_heldout,ridge_cell,"T cells, Mometasone Furoate",0.47888876361808036,1.4104236442553992,0.6157569568190784,2.580627816711967
split_cell_heldout,ridge_cell,"T cells, Tipifarnib",0.4090149175570263,0.6331260747534286,0.7010188068610546,1.7260476264748101
split_cell_heldout,ridge_cell,"T cells, BX 912",0.5372568045745577,0.7482284525515255,0.7941581834963426,1.8347713030246133
split_cell_heldout,ridge_cell,"T cells, Doxorubicin",0.30768782148888146,1.3505347514269619,0.4708186716965738,2.5170273563053907
split_cell_heldout,ridge_cell,"T cells, PF-03814735",0.5281403444944971,1.0819722499839068,0.7332433719364928,2.1985628101262873
split_cell_heldout,ridge_cell,"T cells, AZD4547",0.2805924603227727,0.5034289408003966,0.4670170416964442,1.5855262432546153
split_cell_heldout,ridge_cell,"T cells, Prednisolone",0.4501804639432144,1.362582624933035,0.587800356351085,2.5675184987453994
split_cell_heldout,ridge_cell,"T cells, Tacalcitol",0.326339172414679,0.6433263839510164,0.6483606057789394,1.7277253311392435
split_cell_heldout,ridge_cell,"T cells, Selumetinib",0.4371665016927549,0.6310947160690179,0.7084469659934008,1.7480818226452008
split_cell_heldout,ridge_cell,"T cells, Clotrimazole",0.08435794549966875,0.5554718823702569,0.16386554963141112,1.7532955592776056
split_cell_heldout,ridge_cell,"T cells, RG7090",-0.1557778741740498,0.8565502169194421,-0.25930178950061844,2.1216719459668703
split_cell_heldout,ridge_cell,"T cells, GLPG0634",0.43100348040685166,0.7380435187075094,0.7246308654468626,1.8187321226787296
split_cell_heldout,ridge_cell,"T cells, Mubritinib (TAK 165)",0.303851202478886,1.1210632224072707,0.5144512229518949,2.35668809140687
split_cell_heldout,ridge_cell,"T cells, Vanoxerine",0.13163888911641097,0.5989229864296473,0.3400916075444826,1.7223711126724002
split_cell_heldout,ridge_cell,"T cells, SB525334",-0.35450636612931014,1.0729093067692705,-0.5552110958860678,2.4120557305202994
split_cell_heldout,ridge_cell,"T cells, HYDROXYUREA",-0.025403791752176018,0.5622622203416032,-0.22145837003777963,1.7639513646736544
split_cell_heldout,ridge_drug_fp,"T cells, TIE2 Kinase Inhibitor",0.28581768959458287,0.5514782666337481,0.5869659136381891,1.4809785366008212
split_cell_heldout,ridge_drug_fp,"T cells, MK-5108",0.2716969773202152,0.5456016274319376,0.5462878683096986,1.495709339714497
split_cell_heldout,ridge_drug_fp,"T cells, Lapatinib",0.3411560576998137,0.5772173292344939,0.662678396098107,1.5133412909436503
split_cell_heldout,ridge_drug_fp,"T cells, Atorvastatin",0.28334804227397276,0.5673426765937639,0.5906878391250009,1.4598348331980502
split_cell_heldout,ridge_drug_fp,"T cells, Ganetespib (STA-9090)",0.6521355024446153,1.7296160738541333,0.7334379877633498,2.367276700215197
split_cell_heldout,ridge_drug_fp,"T cells, Clomipramine",0.30900905937172657,0.5598297153141517,0.585706840222845,1.485946534067288
split_cell_heldout,ridge_drug_fp,"T cells, Sunitinib",0.40160947232736643,0.6611059038728139,0.6790555237475947,1.5706215469005775
split_cell_heldout,ridge_drug_fp,"T cells, Tivozanib",0.3486114438357258,0.6365182692123244,0.6736703497893155,1.5969193584265016
split_cell_heldout,ridge_drug_fp,"T cells, Tamatinib",0.5870568862924783,0.9309288146339634,0.7845842724115436,1.588338964682204
split_cell_heldout,ridge_drug_fp,"T cells, Ixabepilone",0.21180941011271415,0.5580165552390118,0.4871646754663722,1.5469846788092039
split_cell_heldout,ridge_drug_fp,"T cells, Linagliptin",0.15273657718853131,0.5518146123859244,0.35959294073775544,1.513598717134451
split_cell_heldout,ridge_drug_fp,"T cells, 5-(9-Isopropyl-8-methyl-2-morpholino-9H-purin-6-yl)pyrimidin-2-amine",0.6848263363886895,1.0742938833495206,0.8070149588861882,1.716564626102307
split_cell_heldout,ridge_drug_fp,"T cells, O-Demethylated Adapalene",0.32358911189843215,0.5983579022370958,0.6487889218164683,1.5057278304353743
split_cell_heldout,ridge_drug_fp,"T cells, Protriptyline",0.17649804470065703,0.51296100996768,0.4424038349500877,1.5717727116540416
split_cell_heldout,ridge_drug_fp,"T cells, I-BET151",0.7115070315820337,1.4550565714743746,0.8003938961138314,2.0948387553878733
split_cell_heldout,ridge_drug_fp,"T cells, Foretinib",0.4704977513562951,0.8232430728577522,0.7325147101547409,1.634353554199893
split_cell_heldout,ridge_drug_fp,"T cells, GW843682X",0.32731106363360885,0.5864545459312427,0.6557590640240799,1.519924633187514
split_cell_heldout,ridge_drug_fp,"T cells, BMS-387032",0.37967276581137166,1.2138963754223457,0.5676460312128819,2.1969544992968024
split_cell_heldout,ridge_drug_fp,"T cells, IN1451",0.7685180409489443,2.0213806773382297,0.8144693754768679,2.413872530844994
split_cell_heldout,ridge_drug_fp,"T cells, Raloxifene",0.2672499768025571,0.8487829304250625,0.4934053823890408,1.8327545497561195
split_cell_heldout,ridge_drug_fp,"T cells, Topotecan",0.5500074615436649,0.8891118282642033,0.7613425269238735,1.6404811908884211
split_cell_heldout,ridge_drug_fp,"T cells, BAY 87-2243",0.539340283593373,1.110944822422974,0.6918993451533372,1.9219397698235603
split_cell_heldout,ridge_drug_fp,"T cells, Phenylbutazone",0.1645246548838217,0.5446263625661643,0.35374660790558515,1.6313138504471536
split_cell_heldout,ridge_drug_fp,"T cells, K-02288",0.16003498012935086,0.6163548122221713,0.3682661049478306,1.6551546532258576
split_cell_heldout,ridge_drug_fp,"T cells, BMS-777607",0.2775599143505544,0.5972458058424304,0.5796805431531303,1.479842008826187
split_cell_heldout,ridge_drug_fp,"T cells, Porcn Inhibitor III",0.3440511572714802,0.6437470117150988,0.6047707476496458,1.4588011434103254
split_cell_heldout,ridge_drug_fp,"T cells, TL_HRAS26",0.25111117866426697,0.5591561615731863,0.5967424749037271,1.7366943258554532
split_cell_heldout,ridge_drug_fp,"T cells, Proscillaridin A;Proscillaridin-A",0.8222528041470449,1.7925799757677752,0.852752504939003,2.047249729783213
split_cell_heldout,ridge_drug_fp,"T cells, Vorinostat",0.7332195663974739,1.611133536290166,0.8019225146253081,2.208289369539305
split_cell_heldout,ridge_drug_fp,"T cells, BMS-265246",0.6471397491707023,1.0541305267716072,0.8023194727638587,1.7863485372451777
split_cell_heldout,ridge_drug_fp,"T cells, Ruxolitinib",0.47509072125045076,0.9071526694112717,0.7292937908212043,1.6201461466575742
split_cell_heldout,ridge_drug_fp,"T cells, Pomalidomide",0.5463408576914643,1.051605926915419,0.7255102156813484,2.0808824707125453
split_cell_heldout,ridge_drug_fp,"T cells, Dovitinib",0.4304549969416546,0.7386450168815588,0.7063227436164963,1.6970878416989397
split_cell_heldout,ridge_drug_fp,"T cells, AVL-292",0.4697895597986646,0.7319690387401727,0.7377230919870142,1.5882963794107747
split_cell_heldout,ridge_drug_fp,"T cells, Navitoclax",0.23727479997197068,0.6292869767617487,0.5934753149989904,1.5992262646336088
split_cell_heldout,ridge_drug_fp,"T cells, Methotrexate",0.35689463839364244,0.5865904115511408,0.6465032198111781,1.479669142799785
split_cell_heldout,ridge_drug_fp,"T cells, Palbociclib",0.29921552707006094,0.5676135290345599,0.624156808742655,1.5170539171156612
split_cell_heldout,ridge_drug_fp,"T cells, Trametinib",0.37408825530886536,0.7588059886907002,0.6818728612723206,1.5601202070259719
split_cell_heldout,ridge_drug_fp,"T cells, AMD-070 (hydrochloride)",0.25790278000034783,0.6210611104585863,0.5688809144485336,1.6478713158540252
split_cell_heldout,ridge_drug_fp,"T cells, Sgc-cbp30",0.36352619437212913,0.7520019141758748,0.5951167464881584,1.7268203507104458
split_cell_heldout,ridge_drug_fp,"T cells, FK 866",0.4866839420098952,0.8631425197505014,0.7040083530056217,1.7781251882056417
split_cell_heldout,ridge_drug_fp,"T cells, Chlorpheniramine",0.17635477783590525,0.6085778613203123,0.3791320800176339,1.6575042506195765
split_cell_heldout,ridge_drug_fp,"T cells, Scriptaid",0.7452131007826004,1.613907521109434,0.8106446611400249,2.1509895943155146
split_cell_heldout,ridge_drug_fp,"T cells, BAY 61-3606",0.6429670788032842,1.4618867862380884,0.7526536521295103,2.1392416108680385
split_cell_heldout,ridge_drug_fp,"T cells, LY2090314",0.43999378098998204,2.1914361041035617,0.5123637747115338,2.875219108062659
split_cell_heldout,ridge_drug_fp,"T cells, Vardenafil",0.21366528493907017,0.584298801792744,0.5005558189442789,1.585517919107079
split_cell_heldout,ridge_drug_fp,"T cells, Dasatinib",0.5620108336702502,0.9638271972187002,0.7566125550310855,1.6626394386346324
split_cell_heldout,ridge_drug_fp,"T cells, AT13387",0.6252482014550879,1.6972369202422481,0.7135944890241793,2.389379432757565
split_cell_heldout,ridge_drug_fp,"T cells, PF-04691502",0.5298308565824564,0.9849990503304693,0.7435881947740066,1.8298596006820183
split_cell_heldout,ridge_drug_fp,"T cells, Perhexiline",0.5643986797632434,0.8506511373673509,0.7817382277556656,1.700380279728885
split_cell_heldout,ridge_drug_fp,"T cells, RVX-208",0.5126898456040906,0.7406040810507432,0.7094923226193592,1.615755210774554
split_cell_heldout,ridge_drug_fp,"T cells, Ketoconazole",0.6109483547297107,0.9597685211549156,0.7806205470318331,1.7646275124094903
split_cell_heldout,ridge_drug_fp,"T cells, Disulfiram",0.24393457066931867,0.5638470202223306,0.5128659331314168,1.5172410822801978
split_cell_heldout,ridge_drug_fp,"T cells, Flutamide",0.08475858295376984,0.5958310660855755,0.4459351140948959,1.631447770927798
split_cell_heldout,ridge_drug_fp,"T cells, Desloratadine",0.23862872108141586,0.5393427299270038,0.5211968636629377,1.457524317646332
split_cell_heldout,ridge_drug_fp,"T cells, Dactolisib",0.7068088532478374,1.1282258320687872,0.831062545173148,1.6898751111607524
split_cell_heldout,ridge_drug_fp,"T cells, BMS-536924",0.49816419181402855,1.0151799347804804,0.7122409006763804,1.9531547876850162
split_cell_heldout,ridge_drug_fp,"T cells, IKK Inhibitor VII",0.46900290317237686,0.911155192164336,0.7249532799019461,1.6588732024826707
split_cell_heldout,ridge_drug_fp,"T cells, Amiodarone",0.19187245063362715,0.6141925224402593,0.48233512434401404,1.8223903588531754
split_cell_heldout,ridge_drug_fp,"T cells, Isoniazid",0.04346634596890484,0.5651260751677778,0.10158092174729147,1.5812132182093181
split_cell_heldout,ridge_drug_fp,"T cells, IMD-0354",0.630625124189912,1.3692662083127976,0.748884507331661,2.145860477760985
split_cell_heldout,ridge_drug_fp,"T cells, Canertinib",0.411131486885771,0.7377113438657312,0.654108778935676,1.6714153791910173
split_cell_heldout,ridge_drug_fp,"T cells, Idelalisib",0.41389759514237034,0.8582677823734209,0.686346156509913,1.7945088966278795
split_cell_heldout,ridge_drug_fp,"T cells, Alogliptin",0.19765477925576425,0.5647590833196132,0.42486256541664574,1.5710728328884476
split_cell_heldout,ridge_drug_fp,"T cells, Penfluridol",0.17207475968990957,0.5590801417661926,0.2595805948949672,1.6337404682870786
split_cell_heldout,ridge_drug_fp,"T cells, Quizartinib",0.1843425879269176,0.5981746789339045,0.4280796824289851,1.7011037586787772
split_cell_heldout,ridge_drug_fp,"T cells, RN-486",0.1210626857914108,0.5706309873121851,0.25003579296819056,1.60567386223459
split_cell_heldout,ridge_drug_fp,"T cells, PD-0325901",0.3561673602214811,0.8993093052596158,0.6547267598891163,1.7506329226033766
split_cell_heldout,ridge_drug_fp,"T cells, Decitabine",0.16049837809409076,0.525341596637695,0.2384751664169284,1.658810191910423
split_cell_heldout,ridge_drug_fp,"T cells, LDN 193189",0.2671632570598858,0.5860887952917978,0.5988996352045252,1.5055897929278859
split_cell_heldout,ridge_drug_fp,"T cells, Cabozantinib",0.19108551839902768,0.659993123054166,0.37632533766731585,1.734986333980812
split_cell_heldout,ridge_drug_fp,"T cells, Riociguat",0.15370166567324803,0.5532959511665586,0.30821276268223696,1.72074406120124
split_cell_heldout,ridge_drug_fp,"T cells, CHIR-99021",0.5065965847484177,1.2522870416798009,0.6993926518541024,2.2735208338501733
split_cell_heldout,ridge_drug_fp,"T cells, Defactinib",0.38880611333373516,0.7365624948501742,0.6799923482920712,1.6859552276266718
split_cell_heldout,ridge_drug_fp,"T cells, BI-D1870",0.16565721506225187,0.6530235916151463,0.4482015978186569,1.5346248420231867
split_cell_heldout,ridge_drug_fp,"T cells, AZD3514",0.48399090239890863,0.6944042594291671,0.7307210192888877,1.5859225965300114
split_cell_heldout,ridge_drug_fp,"T cells, HMN-214",0.4392783170810998,0.632138179842532,0.7453054204899598,1.552982903249172
split_cell_heldout,ridge_drug_fp,"T cells, CC-401",0.5103098596626843,0.733994009709394,0.7254692339346074,1.6116763446274414
split_cell_heldout,ridge_drug_fp,"T cells, Resminostat",0.7485103874000412,1.5513000613565355,0.8157071030015101,2.091458093061514
split_cell_heldout,ridge_drug_fp,"T cells, Crizotinib",0.5323417729478575,0.7294787090277658,0.7878347933057088,1.5244796566561052
split_cell_heldout,ridge_drug_fp,"T cells, Azacitidine",0.33441599029560864,0.5879796334167472,0.6268609245087913,1.5464256708049948
split_cell_heldout,ridge_drug_fp,"T cells, TR-14035",0.3289764017463896,0.5721024701742699,0.5743531953408532,1.5208457945180385
split_cell_heldout,ridge_drug_fp,"T cells, Nilotinib",0.48598748114507173,0.7860273338240321,0.7428997889070015,1.5584761974364376
split_cell_heldout,ridge_drug_fp,"T cells, AT 7867",0.28057296680780563,0.9015928581797199,0.49920871626112523,1.87238841153449
split_cell_heldout,ridge_drug_fp,"T cells, OSI-930",0.16253366105202335,0.5669775365327423,0.3004095116127645,1.6152744441428526
split_cell_heldout,ridge_drug_fp,"T cells, GO-6976",0.3752767852593106,0.8325578168657741,0.6124928836566631,1.7475531855050643
split_cell_heldout,ridge_drug_fp,"T cells, Saracatinib",0.5828887190216283,0.778723358368714,0.7960033382087534,1.3630333407681516
split_cell_heldout,ridge_drug_fp,"T cells, RG7112",0.44583868189078185,0.5827918638737757,0.692541499242105,1.6108467992636997
split_cell_heldout,ridge_drug_fp,"T cells, Lamivudine",0.18618920328439625,0.5696630564074819,0.3523511263298138,1.5670652058038186
split_cell_heldout,ridge_drug_fp,"T cells, TGX 221",0.5247576054695068,0.6886665049053018,0.7979430622652701,1.3958950561799786
split_cell_heldout,ridge_drug_fp,"T cells, Pitavastatin Calcium",0.5662806249299089,1.3115610996999651,0.7370289094719858,1.9648184628284548
split_cell_heldout,ridge_drug_fp,"T cells, ABT737",0.19817628439972948,0.69309515662986,0.5620345988659472,1.701510175776027
split_cell_heldout,ridge_drug_fp,"T cells, PRT-062607",0.5641394522256398,0.9011300915609834,0.7849998659141139,1.5558086340047732
split_cell_heldout,ridge_drug_fp,"T cells, AZ628",0.48348453980011774,0.7159111873639581,0.7445271860657809,1.5132928734481224
split_cell_heldout,ridge_drug_fp,"T cells, AZD-8330",0.390990787266443,0.7934823413649025,0.6800655974985054,1.6374012503308975
split_cell_heldout,ridge_drug_fp,"T cells, Masitinib",0.3190810272544904,0.575426151567121,0.709779870342673,1.3586748981755568
split_cell_heldout,ridge_drug_fp,"T cells, Ceritinib",0.3126798787977135,0.6458411606118146,0.6107244356971249,1.5159684635241026
split_cell_heldout,ridge_drug_fp,"T cells, CGM-097",0.6043735211504233,1.0730623054653219,0.7569376814025757,1.9364586612516463
split_cell_heldout,ridge_drug_fp,"T cells, SLx-2119",0.3036655916382864,0.6200744837087824,0.59867589225807,1.5835357781270547
split_cell_heldout,ridge_drug_fp,"T cells, Nefazodone",0.19274894652368937,0.5301931702256252,0.37521218157017333,1.5468703623728406
split_cell_heldout,ridge_drug_fp,"T cells, STK219801",0.2770462988221906,0.5854815424402176,0.5267890615425677,1.5655018265996858
split_cell_heldout,ridge_drug_fp,"T cells, TPCA-1",0.5814020912227847,0.9817028477047371,0.7820744979505134,1.6986967226548129
split_cell_heldout,ridge_drug_fp,"T cells, MGCD-265",0.25622811374491455,0.5463565619244213,0.4781107265512418,1.5146817477982795
split_cell_heldout,ridge_drug_fp,"T cells, GSK-1070916",0.36779620768347104,0.5923973814041226,0.6246902876041963,1.4577992331391267
split_cell_heldout,ridge_drug_fp,"T cells, Ricolinostat",0.576656752595734,0.7305336628867459,0.7792485717591525,1.480229916528665
split_cell_heldout,ridge_drug_fp,"T cells, Bosutinib",0.6040461443114087,0.8826361499926896,0.8052790284053695,1.4792403896765511
split_cell_heldout,ridge_drug_fp,"T cells, Clemastine",0.313266487328258,0.5607577663480697,0.681589079676269,1.3875891738153607
split_cell_heldout,ridge_drug_fp,"T cells, YK 4-279",0.2779049420606763,0.5870408343643293,0.5440520694086014,1.4749632545082452
split_cell_heldout,ridge_drug_fp,"T cells, Buspirone",0.1332831048535071,0.5362484707334987,0.18149266814938345,1.6777374263780467
split_cell_heldout,ridge_drug_fp,"T cells, Midostaurin",0.4455142274583573,0.8484299643817593,0.7181917969997483,1.7853787982285216
split_cell_heldout,ridge_drug_fp,"T cells, CEP-37440",0.3627761475369727,0.6748405003323766,0.687091446048276,1.6350798660814587
split_cell_heldout,ridge_drug_fp,"T cells, GSK256066",0.410885541705078,0.7530701663599962,0.6461691520040018,1.7280537118470802
split_cell_heldout,ridge_drug_fp,"T cells, R428",0.44337059021659014,1.1290770837715625,0.7215692573517437,1.5837804027440128
split_cell_heldout,ridge_drug_fp,"T cells, Oxybenzone",0.1427460193019065,0.5170450235638258,0.3621897436863344,1.5330341165662424
split_cell_heldout,ridge_drug_fp,"T cells, Vandetanib",0.1811751765652882,0.5859630856803922,0.43472316356143775,1.525191710218903
split_cell_heldout,ridge_drug_fp,"T cells, Imatinib",0.16723832125769408,0.5429755756070835,0.3134967821770468,1.543167077679934
split_cell_heldout,ridge_drug_fp,"T cells, SCH-58261",0.20080509012152434,0.5523731542751178,0.3939722059751814,1.5857336677941292
split_cell_heldout,ridge_drug_fp,"T cells, Colforsin",0.22303876298068787,0.5816047752098273,0.49325859772218816,1.4927417755432657
split_cell_heldout,ridge_drug_fp,"T cells, Tivantinib",0.42039900153251575,0.7072477977686226,0.6846445041762561,1.5696964691694397
split_cell_heldout,ridge_drug_fp,"T cells, Tosedostat",0.4307578321120514,0.7295525174022152,0.691371906309399,1.6193929432292613
split_cell_heldout,ridge_drug_fp,"T cells, Colchicine",0.4251274711587624,1.0384156434189211,0.7212353271222119,1.713185189961769
split_cell_heldout,ridge_drug_fp,"T cells, ABT-199 (GDC-0199)",0.20834438086761967,0.6046846724072746,0.5245770150969331,1.604229242208372
split_cell_heldout,ridge_drug_fp,"T cells, Mometasone Furoate",0.6040210024666683,1.2058815861768228,0.7596469313957289,1.9235144305414114
split_cell_heldout,ridge_drug_fp,"T cells, Tipifarnib",0.39993089488633315,0.6598703820568353,0.6759084020481987,1.5707201821270835
split_cell_heldout,ridge_drug_fp,"T cells, BX 912",0.43244327612277556,0.7758695069584092,0.7240389838267299,1.7102648422960165
split_cell_heldout,ridge_drug_fp,"T cells, Doxorubicin",0.5688927013794044,1.2229801629529322,0.7758712419762523,1.7201046268795745
split_cell_heldout,ridge_drug_fp,"T cells, PF-03814735",0.608930126682207,0.9810476159679867,0.8092414970605579,1.5241937230043319
split_cell_heldout,ridge_drug_fp,"T cells, AZD4547",0.2062519366516773,0.562994367345662,0.34692809072816316,1.5999662165913213
split_cell_heldout,ridge_drug_fp,"T cells, Prednisolone",0.5754353871871409,1.1883380908693169,0.7238530861722478,2.0465657334263763
split_cell_heldout,ridge_drug_fp,"T cells, Tacalcitol",0.35246432383761295,0.8402913048567341,0.6923560631387649,1.4316985497224783
split_cell_heldout,ridge_drug_fp,"T cells, Selumetinib",0.38279311620436013,0.7064292525805219,0.7049862954960051,1.5298427376787729
split_cell_heldout,ridge_drug_fp,"T cells, Clotrimazole",0.2323071533285143,0.5576347784115842,0.5107421683340669,1.592342494380476
split_cell_heldout,ridge_drug_fp,"T cells, RG7090",0.3382215365975774,0.753677096804942,0.6232361790341598,1.7266516924412738
split_cell_heldout,ridge_drug_fp,"T cells, GLPG0634",0.49428197964332726,0.720468093670169,0.7716989392469025,1.4878857229287414
split_cell_heldout,ridge_drug_fp,"T cells, Mubritinib (TAK 165)",0.4699865706449618,1.0353305151529308,0.6632003979881896,2.0053982158556494
split_cell_heldout,ridge_drug_fp,"T cells, Vanoxerine",0.22088228999633525,0.6074621119839405,0.5053444510250249,1.6163651818785403
split_cell_heldout,ridge_drug_fp,"T cells, SB525334",0.4818040607095912,0.8499223714299206,0.7148230768767333,1.7545883126326691
split_cell_heldout,ridge_drug_fp,"T cells, HYDROXYUREA",0.15146053879289656,0.5509449082977221,0.27485631240965047,1.6500133411142892
split_cell_heldout,ridge_cell_drug_fp,"T cells, TIE2 Kinase Inhibitor",0.28577820631187073,0.5514700977381498,0.5869230072225642,1.4810521877525362
split_cell_heldout,ridge_cell_drug_fp,"T cells, MK-5108",0.2716889226782447,0.5455877181187276,0.5463531855294181,1.4956893126938013
split_cell_heldout,ridge_cell_drug_fp,"T cells, Lapatinib",0.3412113684298355,0.5771530607205874,0.6627103952553299,1.513299724571007
split_cell_heldout,ridge_cell_drug_fp,"T cells, Atorvastatin",0.2834052420277565,0.5673263658444431,0.5908075011487929,1.4597462787366622
split_cell_heldout,ridge_cell_drug_fp,"T cells, Ganetespib (STA-9090)",0.6521160311380979,1.7296216076270536,0.733424639592093,2.367261124503581
split_cell_heldout,ridge_cell_drug_fp,"T cells, Clomipramine",0.3087945861382814,0.5598133165409926,0.5853734421218968,1.4862666914151357
split_cell_heldout,ridge_cell_drug_fp,"T cells, Sunitinib",0.4016095492973983,0.6611172456657333,0.6790814566657134,1.5705316632569484
split_cell_heldout,ridge_cell_drug_fp,"T cells, Tivozanib",0.3486028650917759,0.6365085821294783,0.6736352213188516,1.5969747073947966
split_cell_heldout,ridge_cell_drug_fp,"T cells, Tamatinib",0.58703815255857,0.9310081721046569,0.7845417285588492,1.5881644581045902
split_cell_heldout,ridge_cell_drug_fp,"T cells, Ixabepilone",0.21178126325674243,0.5580681705522741,0.48726202400914237,1.5467637170527924
split_cell_heldout,ridge_cell_drug_fp,"T cells, Linagliptin",0.15280875485617657,0.5517964257414097,0.3596369978282054,1.5136166312457262
split_cell_heldout,ridge_cell_drug_fp,"T cells, 5-(9-Isopropyl-8-methyl-2-morpholino-9H-purin-6-yl)pyrimidin-2-amine",0.6847644216722496,1.074370659225039,0.8070077751517881,1.7166237679421528
split_cell_heldout,ridge_cell_drug_fp,"T cells, O-Demethylated Adapalene",0.3236574938483757,0.5983626371944695,0.6487967803660118,1.5056241744309948
split_cell_heldout,ridge_cell_drug_fp,"T cells, Protriptyline",0.17660580029981388,0.5129414934456116,0.4424356522729103,1.5716985755282338
split_cell_heldout,ridge_cell_drug_fp,"T cells, I-BET151",0.7113997470979359,1.4551253917375317,0.8003268841459164,2.094838651306539
split_cell_heldout,ridge_cell_drug_fp,"T cells, Foretinib",0.47116497403293917,0.8238427666717766,0.7361657835623858,1.6313527136827028
split_cell_heldout,ridge_cell_drug_fp,"T cells, GW843682X",0.32734695747219805,0.5864547293122073,0.6557257295338214,1.519907404660741
split_cell_heldout,ridge_cell_drug_fp,"T cells, BMS-387032",0.38539444423076463,1.2118867355993224,0.5749045405031145,2.1842146005596317
split_cell_heldout,ridge_cell_drug_fp,"T cells, IN1451",0.7684392405690944,2.021445733510554,0.8144073331395114,2.413914975452851
split_cell_heldout,ridge_cell_drug_fp,"T cells, Raloxifene",0.2666791359675823,0.8491219102450299,0.492741380454134,1.8330960621070285
split_cell_heldout,ridge_cell_drug_fp,"T cells, Topotecan",0.5499209819330291,0.8891907433980031,0.7612918831270333,1.6405529706892248
split_cell_heldout,ridge_cell_drug_fp,"T cells, BAY 87-2243",0.5395020907689916,1.1107875912286425,0.691985103661059,1.921887716926595
split_cell_heldout,ridge_cell_drug_fp,"T cells, Phenylbutazone",0.16462989200344047,0.5445674872633904,0.35398254882956387,1.6312320866103718
split_cell_heldout,ridge_cell_drug_fp,"T cells, K-02288",0.15990848367659752,0.6162931359504281,0.36798616077217944,1.6553851648512712
split_cell_heldout,ridge_cell_drug_fp,"T cells, BMS-777607",0.27714230607730195,0.5975093611736637,0.5790150712732519,1.4804246007127746
split_cell_heldout,ridge_cell_drug_fp,"T cells, Porcn Inhibitor III",0.34375691366594635,0.6438254959268928,0.6044765873264135,1.4591521275820178
split_cell_heldout,ridge_cell_drug_fp,"T cells, TL_HRAS26",0.25110462588200405,0.5591567780603703,0.5967354371056933,1.7367004768796046
split_cell_heldout,ridge_cell_drug_fp,"T cells, Proscillaridin A;Proscillaridin-A",0.821680261452361,1.7960808605624994,0.8524047380447803,2.051399379134596
split_cell_heldout,ridge_cell_drug_fp,"T cells, Vorinostat",0.7330888492809835,1.6112353108492783,0.8018362444994791,2.208336594706961
split_cell_heldout,ridge_cell_drug_fp,"T cells, BMS-265246",0.647080587668514,1.0541929544833895,0.8022860649870636,1.7864149230791375
split_cell_heldout,ridge_cell_drug_fp,"T cells, Ruxolitinib",0.47513512942505515,0.9070495978280998,0.7293371403644702,1.6201887910414607
split_cell_heldout,ridge_cell_drug_fp,"T cells, Pomalidomide",0.5464523972714564,1.051518331112606,0.7256233376768252,2.08067430252407
split_cell_heldout,ridge_cell_drug_fp,"T cells, Dovitinib",0.4303063044278096,0.7386886553250441,0.7062826120352229,1.6972751625772229
split_cell_heldout,ridge_cell_drug_fp,"T cells, AVL-292",0.46946867620214444,0.7322726099976684,0.7376143284215774,1.5883587391111724
split_cell_heldout,ridge_cell_drug_fp,"T cells, Navitoclax",0.23718465499547864,0.6291929508903887,0.5934684791417651,1.5993006112411676
split_cell_heldout,ridge_cell_drug_fp,"T cells, Methotrexate",0.3568843921081108,0.5865992650806449,0.6464882995701996,1.4796814935272904
split_cell_heldout,ridge_cell_drug_fp,"T cells, Palbociclib",0.299086361266485,0.5677918055145557,0.6239174147539673,1.5172106169275978
split_cell_heldout,ridge_cell_drug_fp,"T cells, Trametinib",0.37401747395768936,0.7590409960705825,0.6818353464898381,1.5601111144968187
split_cell_heldout,ridge_cell_drug_fp,"T cells, AMD-070 (hydrochloride)",0.2576543368260831,0.6211075304729061,0.5686314047671575,1.6481315796679026
split_cell_heldout,ridge_cell_drug_fp,"T cells, Sgc-cbp30",0.36350897286144135,0.7519700815803515,0.5951616793488477,1.7268683108190777
split_cell_heldout,ridge_cell_drug_fp,"T cells, FK 866",0.4864224402486725,0.8633396783310583,0.703809269889626,1.778225410980742
split_cell_heldout,ridge_cell_drug_fp,"T cells, Chlorpheniramine",0.17649992768477643,0.6085302565282228,0.3794557512711538,1.657349257341856
split_cell_heldout,ridge_cell_drug_fp,"T cells, Scriptaid",0.7452011057802114,1.6139362057923519,0.810636197247518,2.1510304157892115
split_cell_heldout,ridge_cell_drug_fp,"T cells, BAY 61-3606",0.6430017918933578,1.4618471746457655,0.7526732135018327,2.139207456722079
split_cell_heldout,ridge_cell_drug_fp,"T cells, LY2090314",0.4399200694263786,2.191517438959717,0.5122863943957842,2.8753094658182268
split_cell_heldout,ridge_cell_drug_fp,"T cells, Vardenafil",0.21367998267385896,0.5843548458751316,0.5005276008456471,1.585500064406303
split_cell_heldout,ridge_cell_drug_fp,"T cells, Dasatinib",0.5621006284775322,0.9638628234504675,0.7566160747788803,1.6621678756991083
split_cell_heldout,ridge_cell_drug_fp,"T cells, AT13387",0.6253778724966225,1.6971556992755596,0.7136927443521063,2.3893611462039233
split_cell_heldout,ridge_cell_drug_fp,"T cells, PF-04691502",0.5329750222504968,0.9828259374302537,0.748359119296208,1.8229746466891859
split_cell_heldout,ridge_cell_drug_fp,"T cells, Perhexiline",0.5645628621221896,0.8505458369096492,0.7817678153982724,1.699806554920494
split_cell_heldout,ridge_cell_drug_fp,"T cells, RVX-208",0.5126625763135877,0.7406276372775645,0.7095667044575877,1.6156508404105243
split_cell_heldout,ridge_cell_drug_fp,"T cells, Ketoconazole",0.6109710936346336,0.9597479409267723,0.7806347380138055,1.7645652825022322
split_cell_heldout,ridge_cell_drug_fp,"T cells, Disulfiram",0.2442187368452119,0.5637984726816327,0.5133787335631549,1.5168118282589615
split_cell_heldout,ridge_cell_drug_fp,"T cells, Flutamide",0.08479448462350207,0.5958029450355186,0.44605303356155507,1.6313842636172742
split_cell_heldout,ridge_cell_drug_fp,"T cells, Desloratadine",0.238694135255765,0.5393352427969704,0.5212740860463047,1.457438554480037
split_cell_heldout,ridge_cell_drug_fp,"T cells, Dactolisib",0.706836150169405,1.1281826355776046,0.8310752351633454,1.6897250805362578
split_cell_heldout,ridge_cell_drug_fp,"T cells, BMS-536924",0.49806778651927297,1.0152865890345795,0.7122318914801667,1.9529495248543312
split_cell_heldout,ridge_cell_drug_fp,"T cells, IKK Inhibitor VII",0.4689758347352885,0.9108813005245651,0.7248922139597815,1.6594408262596996
split_cell_heldout,ridge_cell_drug_fp,"T cells, Amiodarone",0.19193647239369338,0.614244722446566,0.482434594857607,1.8221724621771922
split_cell_heldout,ridge_cell_drug_fp,"T cells, Isoniazid",0.043481235233420436,0.5652932684141868,0.10197081579202168,1.5810529801428543
split_cell_heldout,ridge_cell_drug_fp,"T cells, IMD-0354",0.6305300472400538,1.3693578110468232,0.7488297004036996,2.145954009800956
split_cell_heldout,ridge_cell_drug_fp,"T cells, Canertinib",0.4034266657355259,0.7432737755526954,0.6551872440961775,1.674083565236639
split_cell_heldout,ridge_cell_drug_fp,"T cells, Idelalisib",0.4138410060621638,0.8582724438103003,0.6863023102122928,1.7946625205550542
split_cell_heldout,ridge_cell_drug_fp,"T cells, Alogliptin",0.19787059056948864,0.5646809011383235,0.42500598725914607,1.5710116464893653
split_cell_heldout,ridge_cell_drug_fp,"T cells, Penfluridol",0.1720316566073042,0.559222262079382,0.2594227811690702,1.6338116043565747
split_cell_heldout,ridge_cell_drug_fp,"T cells, Quizartinib",0.18400406354408502,0.5986198662866573,0.4268669881904583,1.701610923122936
split_cell_heldout,ridge_cell_drug_fp,"T cells, RN-486",0.12104518753618505,0.5706317626663866,0.2499857635044638,1.6056896610968447
split_cell_heldout,ridge_cell_drug_fp,"T cells, PD-0325901",0.35628269341355967,0.8991048480257314,0.6548218207430312,1.7505908748910413
split_cell_heldout,ridge_cell_drug_fp,"T cells, Decitabine",0.16071726061591318,0.5253052868918956,0.23882074658742256,1.6586490460638703
split_cell_heldout,ridge_cell_drug_fp,"T cells, LDN 193189",0.2673303713570159,0.5860487352010452,0.5989336906164415,1.505522184470622
split_cell_heldout,ridge_cell_drug_fp,"T cells, Cabozantinib",0.190110161710177,0.6606420029614306,0.37416561435223744,1.7360197212225172
split_cell_heldout,ridge_cell_drug_fp,"T cells, Riociguat",0.1534986901030508,0.5533468094464654,0.307851330527304,1.7208800084361882
split_cell_heldout,ridge_cell_drug_fp,"T cells, CHIR-99021",0.506673810231066,1.252235758241448,0.6994766198088493,2.273434945252923
split_cell_heldout,ridge_cell_drug_fp,"T cells, Defactinib",0.38883964840396046,0.7365256761876423,0.680021108511656,1.68594679961905
split_cell_heldout,ridge_cell_drug_fp,"T cells, BI-D1870",0.165636653669187,0.6530603856831741,0.44811142227473816,1.5346632791121906
split_cell_heldout,ridge_cell_drug_fp,"T cells, AZD3514",0.4839892254932811,0.6944280895029494,0.7307606720105961,1.5857778157606144
split_cell_heldout,ridge_cell_drug_fp,"T cells, HMN-214",0.4394393653289741,0.632060843385773,0.7454162904878987,1.5528063954096267
split_cell_heldout,ridge_cell_drug_fp,"T cells, CC-401",0.5103571977615946,0.7339323379129372,0.725512412477045,1.6117380105615378
split_cell_heldout,ridge_cell_drug_fp,"T cells, Resminostat",0.7485459995124053,1.5512791065855291,0.815728515699348,2.0914751238554747
split_cell_heldout,ridge_cell_drug_fp,"T cells, Crizotinib",0.5323715109654192,0.7295515646563291,0.7878726099716485,1.5239675247372892
split_cell_heldout,ridge_cell_drug_fp,"T cells, Azacitidine",0.3342783971257469,0.5879975077948296,0.6266397619206453,1.5466788298290108
split_cell_heldout,ridge_cell_drug_fp,"T cells, TR-14035",0.32905572422674356,0.5720321525759806,0.5745007659272249,1.5207297756104021
split_cell_heldout,ridge_cell_drug_fp,"T cells, Nilotinib",0.4860982543842823,0.7859466868989821,0.742913183466713,1.5583895791956976
split_cell_heldout,ridge_cell_drug_fp,"T cells, AT 7867",0.2805518253814193,0.901664427416575,0.49915175957191077,1.872398528061296
split_cell_heldout,ridge_cell_drug_fp,"T cells, OSI-930",0.1625161447369626,0.5670460175715296,0.30028893648912786,1.6153393803254423
split_cell_heldout,ridge_cell_drug_fp,"T cells, GO-6976",0.3755094552989854,0.8323570205507681,0.6127862982483335,1.7474275386325244
split_cell_heldout,ridge_cell_drug_fp,"T cells, Saracatinib",0.5827986879935795,0.7788757596395454,0.7959718448972963,1.363029169716872
split_cell_heldout,ridge_cell_drug_fp,"T cells, RG7112",0.44587843383761083,0.5827851773862982,0.6925824129042705,1.6107816234648864
split_cell_heldout,ridge_cell_drug_fp,"T cells, Lamivudine",0.18646508565519318,0.5697233592791818,0.3529608345669484,1.566814383386088
split_cell_heldout,ridge_cell_drug_fp,"T cells, TGX 221",0.5245057833931402,0.6888074823825656,0.7978133559617322,1.3964274689701046
split_cell_heldout,ridge_cell_drug_fp,"T cells, Pitavastatin Calcium",0.5662858885801931,1.3115617026379007,0.7370335592893607,1.964786634149178
split_cell_heldout,ridge_cell_drug_fp,"T cells, ABT737",0.19815822629713908,0.6931074377451482,0.5619854863063436,1.701552411521129
split_cell_heldout,ridge_cell_drug_fp,"T cells, PRT-062607",0.5642764231513749,0.9008838599210162,0.7851037051276967,1.5558973814708394
split_cell_heldout,ridge_cell_drug_fp,"T cells, AZ628",0.4833956939382644,0.7160114041266455,0.7445302738135238,1.5132757204105414
split_cell_heldout,ridge_cell_drug_fp,"T cells, AZD-8330",0.39086759705306356,0.7935706974526792,0.6799596005219463,1.6375717276885229
split_cell_heldout,ridge_cell_drug_fp,"T cells, Masitinib",0.31923029350615123,0.5752099256080718,0.7097628917290836,1.358843842769635
split_cell_heldout,ridge_cell_drug_fp,"T cells, Ceritinib",0.3131319165137495,0.645792601509654,0.6111439879692266,1.515414509061734
split_cell_heldout,ridge_cell_drug_fp,"T cells, CGM-097",0.6043679730170637,1.0730647788073704,0.7569523558384138,1.9364376681251074
split_cell_heldout,ridge_cell_drug_fp,"T cells, SLx-2119",0.3036318044084827,0.6200355778407454,0.5986987803372041,1.5836166429385867
split_cell_heldout,ridge_cell_drug_fp,"T cells, Nefazodone",0.19241982881513817,0.5301760314689457,0.37431338676483483,1.5472879973887745
split_cell_heldout,ridge_cell_drug_fp,"T cells, STK219801",0.277114426087489,0.5854658328874653,0.5268471963361989,1.5654227599059967
split_cell_heldout,ridge_cell_drug_fp,"T cells, TPCA-1",0.5813217003713878,0.9818093783663124,0.7820414976551456,1.6983430369971961
split_cell_heldout,ridge_cell_drug_fp,"T cells, MGCD-265",0.2568005184619951,0.5462481881257771,0.4785162024995034,1.514526114848226
split_cell_heldout,ridge_cell_drug_fp,"T cells, GSK-1070916",0.36772699662894615,0.5924086613302949,0.6246547596078688,1.4579130388226822
split_cell_heldout,ridge_cell_drug_fp,"T cells, Ricolinostat",0.5767100522724825,0.7305080662135714,0.7792879961215352,1.4800655075802913
split_cell_heldout,ridge_cell_drug_fp,"T cells, Bosutinib",0.6036170115311935,0.8833964153393957,0.805143168202591,1.4791418544877573
split_cell_heldout,ridge_cell_drug_fp,"T cells, Clemastine",0.31320221716697483,0.5608689727618755,0.6816636818741372,1.387485653947958
split_cell_heldout,ridge_cell_drug_fp,"T cells, YK 4-279",0.2778739720047076,0.5870549656114663,0.5439955877062395,1.474991354186165
split_cell_heldout,ridge_cell_drug_fp,"T cells, Buspirone",0.13325911162069254,0.5362476073167728,0.18138458485442427,1.6777750225699992
split_cell_heldout,ridge_cell_drug_fp,"T cells, Midostaurin",0.44542307986412416,0.8485451634639978,0.7180833420698767,1.785385370790227
split_cell_heldout,ridge_cell_drug_fp,"T cells, CEP-37440",0.3625828750245056,0.6748306416434361,0.6868649628238386,1.635578246409319
split_cell_heldout,ridge_cell_drug_fp,"T cells, GSK256066",0.41088195662651544,0.7530507921147057,0.6462027160648479,1.728047784443571
split_cell_heldout,ridge_cell_drug_fp,"T cells, R428",0.4393060063184053,1.1161863679696074,0.7216854310657816,1.5863825133596334
split_cell_heldout,ridge_cell_drug_fp,"T cells, Oxybenzone",0.142495237042956,0.517024694491692,0.3613390775725324,1.533406154924833
split_cell_heldout,ridge_cell_drug_fp,"T cells, Vandetanib",0.1810393640876551,0.5860834835740064,0.43413102655400665,1.525516871815084
split_cell_heldout,ridge_cell_drug_fp,"T cells, Imatinib",0.16705795235879176,0.542995961441274,0.31320212365729017,1.5434312308179499
split_cell_heldout,ridge_cell_drug_fp,"T cells, SCH-58261",0.2008547163482392,0.5523358766248448,0.39415394541039267,1.5856488845165249
split_cell_heldout,ridge_cell_drug_fp,"T cells, Colforsin",0.2230082392442007,0.5816179608769021,0.4931905142973716,1.4928133779628179
split_cell_heldout,ridge_cell_drug_fp,"T cells, Tivantinib",0.420481931427911,0.7071084787727151,0.6847161013024698,1.569910400579287
split_cell_heldout,ridge_cell_drug_fp,"T cells, Tosedostat",0.4307507805797214,0.7295890030620562,0.6913206424760762,1.619365319261735
split_cell_heldout,ridge_cell_drug_fp,"T cells, Colchicine",0.42509189214229004,1.0384719801894078,0.7212028458844393,1.7132455529515793
split_cell_heldout,ridge_cell_drug_fp,"T cells, ABT-199 (GDC-0199)",0.20835168182464595,0.6046806351306341,0.5245882096000918,1.6042122486227548
split_cell_heldout,ridge_cell_drug_fp,"T cells, Mometasone Furoate",0.6038970545862155,1.2060653204453573,0.7595460817742217,1.9235784474451374
split_cell_heldout,ridge_cell_drug_fp,"T cells, Tipifarnib",0.3999076410843117,0.6599300458695607,0.6758547823023455,1.570693573576478
split_cell_heldout,ridge_cell_drug_fp,"T cells, BX 912",0.432474997004496,0.7758610043886156,0.7240641167226914,1.7101929248683854
split_cell_heldout,ridge_cell_drug_fp,"T cells, Doxorubicin",0.5688876452357677,1.223001946107108,0.7758634543892555,1.7201104089649657
split_cell_heldout,ridge_cell_drug_fp,"T cells, PF-03814735",0.6088875982798693,0.9810984715342274,0.8092229051127686,1.5242651830975262
split_cell_heldout,ridge_cell_drug_fp,"T cells, AZD4547",0.20626212797963073,0.5630131684901483,0.34695015560773573,1.599944332603731
split_cell_heldout,ridge_cell_drug_fp,"T cells, Prednisolone",0.5752560490348817,1.188505853161864,0.7237127474815712,2.046500945752868
split_cell_heldout,ridge_cell_drug_fp,"T cells, Tacalcitol",0.3525044324152693,0.8403037757831557,0.6923123158304604,1.4317454682406079
split_cell_heldout,ridge_cell_drug_fp,"T cells, Selumetinib",0.38274977462636306,0.706518043120745,0.7049701985285453,1.5298283105338955
split_cell_heldout,ridge_cell_drug_fp,"T cells, Clotrimazole",0.2322254658237733,0.5576147550427686,0.5105964190861202,1.592475905221215
split_cell_heldout,ridge_cell_drug_fp,"T cells, RG7090",0.3385862811936485,0.753490228329256,0.6236308915270481,1.7263634036849866
split_cell_heldout,ridge_cell_drug_fp,"T cells, GLPG0634",0.49422272932525113,0.7207226636281008,0.7716984905730114,1.4872797682184487
split_cell_heldout,ridge_cell_drug_fp,"T cells, Mubritinib (TAK 165)",0.4698811336268297,1.0354150233328572,0.6631484239730498,2.0054112046099286
split_cell_heldout,ridge_cell_drug_fp,"T cells, Vanoxerine",0.22055628061910915,0.6075677412284269,0.5047603800617263,1.6167456320795914
split_cell_heldout,ridge_cell_drug_fp,"T cells, SB525334",0.4816966019004221,0.8499747475611206,0.7147400258261601,1.7548328291402697
split_cell_heldout,ridge_cell_drug_fp,"T cells, HYDROXYUREA",0.1514980588062264,0.5508687374371142,0.2752492494611691,1.649910389039257
split_scaffold_heldout,ridge_cell,"NK cells, Lapatinib",-0.013104426828057071,0.716530220494214,-0.06387992319341759,1.8880497438756971
split_scaffold_heldout,ridge_cell,"T cells, Lapatinib",0.02548498177412841,0.6565136529403667,0.08244277110851438,1.8721778132417666
split_scaffold_heldout,ridge_cell,"B cells, Ganetespib (STA-9090)",0.5306916485146979,1.5690137728006097,0.660142508606767,2.614113622354049
split_scaffold_heldout,ridge_cell,"Myeloid cells, Ganetespib (STA-9090)",0.5273646579329284,1.3829331835145198,0.6809596868144995,2.4066315669277554
split_scaffold_heldout,ridge_cell,"NK cells, Ganetespib (STA-9090)",0.463701117628626,1.0630690664732592,0.6927064998716248,2.2339667724664154
split_scaffold_heldout,ridge_cell,"T cells, Ganetespib (STA-9090)",0.5494574445880368,2.0586716664048668,0.626019263527031,2.9211847160368465
split_scaffold_heldout,ridge_cell,"NK cells, Ixabepilone",0.24232153483911126,0.6161622715165567,0.420069775407807,1.7804168630915047
split_scaffold_heldout,ridge_cell,"T cells, Ixabepilone",0.22082928486162,0.5389522437405264,0.29335955190677415,1.6234838425028995
split_scaffold_heldout,ridge_cell,"NK cells, Phenylbutazone",0.22797131912122665,0.6433050486544047,0.4291100986378507,1.7657586120468258
split_scaffold_heldout,ridge_cell,"T cells, Phenylbutazone",0.11443565610909667,0.5649853160246507,-0.14050729336324294,1.9618305616413796
split_scaffold_heldout,ridge_cell,"B cells, Pomalidomide",-0.10269229294822382,1.0463432273689304,-0.17703212524231463,2.4660666548821646
split_scaffold_heldout,ridge_cell,"Myeloid cells, Pomalidomide",-0.14753816563409575,1.1590409448050325,-0.21887318263810593,2.6834712931715514
split_scaffold_heldout,ridge_cell,"NK cells, Pomalidomide",0.039002134192136016,0.8563133055381811,0.054769273427138596,2.171967522029284
split_scaffold_heldout,ridge_cell,"T cells, Pomalidomide",-0.09501699415340083,1.315824045094149,-0.13111147143472607,2.7214166323843787
split_scaffold_heldout,ridge_cell,"NK cells, AVL-292",0.3684365285124456,0.6421280040306979,0.6425784643742348,1.7586655827031092
split_scaffold_heldout,ridge_cell,"T cells, AVL-292",0.6449603268177222,0.6523974876692733,0.8494752958773584,1.6125307699286
split_scaffold_heldout,ridge_cell,"B cells, AMD-070 (hydrochloride)",0.39254295428473546,0.603050847735348,0.6269419285255462,1.6284325276987184
split_scaffold_heldout,ridge_cell,"Myeloid cells, AMD-070 (hydrochloride)",0.17629750718091908,0.7606390160164872,0.35807142800740943,1.955984357543207
split_scaffold_heldout,ridge_cell,"NK cells, AMD-070 (hydrochloride)",0.15222011731376517,0.6146515599157711,0.34363756284585556,1.7674671202979937
split_scaffold_heldout,ridge_cell,"T cells, AMD-070 (hydrochloride)",0.3904025081592258,0.5582290350438655,0.6593118120168525,1.5796738351852768
split_scaffold_heldout,ridge_cell,"B cells, Scriptaid",0.37767596856972846,1.6734339203566333,0.49722352309159074,2.693985588166245
split_scaffold_heldout,ridge_cell,"Myeloid cells, Scriptaid",0.36865982819952986,1.8534522409829297,0.4736327727306034,2.855931719916203
split_scaffold_heldout,ridge_cell,"NK cells, Scriptaid",0.25690824516027677,1.314313328618236,0.3978976813925912,2.530420983733583
split_scaffold_heldout,ridge_cell,"T cells, Scriptaid",0.3992843161075108,2.1905128840419086,0.47958025162753354,3.039601452433869
split_scaffold_heldout,ridge_cell,"NK cells, Dasatinib",0.3192735508293862,0.7292251324637894,0.5343879167991251,1.8246275708635047
split_scaffold_heldout,ridge_cell,"T cells, Dasatinib",0.6699231313037808,0.9658476195193997,0.8221584448702506,1.9701434401373605
split_scaffold_heldout,ridge_cell,"NK cells, RVX-208",0.19813667817936215,0.6796999871696345,0.3069159885160993,1.8500859357685275
split_scaffold_heldout,ridge_cell,"T cells, RVX-208",0.41723364403216734,0.7822843803836556,0.5990137774817992,1.8909658052988974
split_scaffold_heldout,ridge_cell,"NK cells, Amiodarone",0.23608994118346308,0.6359333923271037,0.4533995610511685,1.7541100600532482
split_scaffold_heldout,ridge_cell,"T cells, Amiodarone",0.3043179795950109,0.5754310875070682,0.6122215076819291,1.696254537245731
split_scaffold_heldout,ridge_cell,"NK cells, Canertinib",0.21204005211062435,0.6711405762271124,0.3261344456045407,1.8959805482696275
split_scaffold_heldout,ridge_cell,"T cells, Canertinib",0.30773750421092866,0.7564452819844582,0.45293350209139044,1.960058909459153
split_scaffold_heldout,ridge_cell,"B cells, Penfluridol",-0.044048784057496064,0.664598766302904,-0.1634154009985488,1.8735261712731353
split_scaffold_heldout,ridge_cell,"Myeloid cells, Penfluridol",0.24033905256965316,0.7162737099331646,0.44808267211722036,1.7335707626103178
split_scaffold_heldout,ridge_cell,"NK cells, Penfluridol",0.2570149907642186,0.6542326786079231,0.4756789366287387,1.7410307553280073
split_scaffold_heldout,ridge_cell,"T cells, Penfluridol",0.10784753684567089,0.5540135691021635,0.3860466256262923,1.5908864684778885
split_scaffold_heldout,ridge_cell,"B cells, PD-0325901",0.5890437028213836,0.7009021584109962,0.8105630360049014,1.7555997196070074
split_scaffold_heldout,ridge_cell,"Myeloid cells, PD-0325901",0.5811035425090908,1.230895225447916,0.7525188863783812,2.2859016297834898
split_scaffold_heldout,ridge_cell,"NK cells, PD-0325901",0.3324845519273269,0.7446090516017811,0.552699671499377,1.8899603192986492
split_scaffold_heldout,ridge_cell,"T cells, PD-0325901",0.5896951095643937,0.7585604832916808,0.7745202102850398,1.8246110738710406
split_scaffold_heldout,ridge_cell,"NK cells, HMN-214",0.22429006398810677,0.6642570257062409,0.44998921300693817,1.73342980424798
split_scaffold_heldout,ridge_cell,"T cells, HMN-214",-0.22997062257638257,0.8214109446920328,-0.5443065941928142,2.4152836814565943
split_scaffold_heldout,ridge_cell,"NK cells, Resminostat",0.20976711826722536,1.323394519567693,0.344553079322783,2.5149391438204325
split_scaffold_heldout,ridge_cell,"T cells, Resminostat",0.4184702082644022,2.120113544153474,0.5056744286768801,2.9876963379039747
split_scaffold_heldout,ridge_cell,"NK cells, Nilotinib",0.3447646529484456,0.6972052717877046,0.5768090425336967,1.7773615619757823
split_scaffold_heldout,ridge_cell,"T cells, Nilotinib",0.6358466781978523,0.718035194528182,0.8382186783127763,1.6594628578463577
split_scaffold_heldout,ridge_cell,"NK cells, OSI-930",0.006256704804570419,0.6867681249940627,0.004463503047232196,1.861905046466768
split_scaffold_heldout,ridge_cell,"T cells, OSI-930",0.0016662612876837297,0.5949136475454054,-0.02970614798338535,1.7466121821602183
split_scaffold_heldout,ridge_cell,"B cells, ABT737",-0.11442545923557101,1.0243128076299726,-0.19753727975721286,2.251975669818284
split_scaffold_heldout,ridge_cell,"Myeloid cells, ABT737",0.05696276571566912,0.9747870376000296,0.1937405147974078,2.2217490341470447
split_scaffold_heldout,ridge_cell,"NK cells, ABT737",0.20486554527819387,0.710149931028167,0.3527216442036447,1.8646874749912994
split_scaffold_heldout,ridge_cell,"T cells, ABT737",0.17001726903986036,0.6135547084534009,0.566324573984741,1.7453087860667849
split_scaffold_heldout,ridge_cell,"NK cells, AZD-8330",0.44511727483911095,0.697335825367753,0.6898342370690503,1.7397103303205181
split_scaffold_heldout,ridge_cell,"T cells, AZD-8330",0.67004840526045,0.6469095209767528,0.8803511718866732,1.5426357386400482
split_scaffold_heldout,ridge_cell,"NK cells, YK 4-279",0.09753542904156548,0.6809892728281575,0.20742099774387465,1.804757828974837
split_scaffold_heldout,ridge_cell,"T cells, YK 4-279",-0.023352091818169475,0.6692393992271388,-0.17874192973713515,1.8331208726590054
split_scaffold_heldout,ridge_cell,"NK cells, Vandetanib",0.28530201334290345,0.6204549177660842,0.6057203700162226,1.7412106298684762
split_scaffold_heldout,ridge_cell,"T cells, Vandetanib",0.26865023432679486,0.5217746804104121,0.5213198720039832,1.4755077356029351
split_scaffold_heldout,ridge_cell,"B cells, Colchicine",0.2588211784218517,1.0453054361884195,0.42993982182712503,2.2969897252251132
split_scaffold_heldout,ridge_cell,"Myeloid cells, Colchicine",0.3204830725775219,2.400390882530032,0.39192285427393353,3.188822929479535
split_scaffold_heldout,ridge_cell,"NK cells, Colchicine",0.35355525661823467,0.6852954794218888,0.575313980130851,1.7696291244025535
split_scaffold_heldout,ridge_cell,"T cells, Colchicine",0.2655613603839127,0.9356764270966447,0.48274821849231114,2.2419060873788292
split_scaffold_heldout,ridge_cell,"NK cells, ABT-199 (GDC-0199)",0.1836182863867097,0.6295468778203432,0.3968139657007232,1.7822319716198833
split_scaffold_heldout,ridge_cell,"T cells, ABT-199 (GDC-0199)",0.03678684853991681,0.6118616679519836,0.38001805914153314,1.6874256799159317
split_scaffold_heldout,ridge_cell,"NK cells, Mometasone Furoate",0.40261979205176274,0.9106220015910763,0.6222496178152663,2.119991610918185
split_scaffold_heldout,ridge_cell,"T cells, Mometasone Furoate",0.5571670568339427,1.3576601028110449,0.6967568693537043,2.4808741446482445
split_scaffold_heldout,ridge_cell,"NK cells, Doxorubicin",0.3381568792900828,0.816690809140349,0.5594275595679106,2.0370739677105267
split_scaffold_heldout,ridge_cell,"T cells, Doxorubicin",0.40816688135222323,1.30750114848506,0.572890667367264,2.4304541600096328
split_scaffold_heldout,ridge_cell,"B cells, GLPG0634",0.5994965681932084,0.7498206938455702,0.79040521159832,1.7058258667392916
split_scaffold_heldout,ridge_cell,"Myeloid cells, GLPG0634",0.5726276188856615,0.7982403724738848,0.8256955054261141,1.7845736669423604
split_scaffold_heldout,ridge_cell,"NK cells, GLPG0634",0.41608769111720545,0.6866553646975253,0.6478306250029155,1.7629523047059088
split_scaffold_heldout,ridge_cell,"T cells, GLPG0634",0.5877566820399394,0.6726565678057466,0.8277859936478206,1.6112882253449534
split_scaffold_heldout,ridge_cell,"B cells, Lapatinib",-0.040885967467620805,0.7089746342971114,-0.04183392934275896,1.903272368130601
split_scaffold_heldout,ridge_cell,"Myeloid cells, Lapatinib",-0.08125386343651268,0.7396587918099016,-0.07170973024448746,2.01595115081338
split_scaffold_heldout,ridge_cell,"B cells, Ixabepilone",0.19866661331893115,0.586361339436656,0.3802926774051691,1.7741568921840345
split_scaffold_heldout,ridge_cell,"Myeloid cells, Ixabepilone",0.1766463731442371,0.6831697902312158,0.3076213548544273,1.821662244057304
split_scaffold_heldout,ridge_cell,"B cells, Phenylbutazone",0.23637779360168445,0.5554466402998748,0.4314053278913451,1.5794738951916876
split_scaffold_heldout,ridge_cell,"Myeloid cells, Phenylbutazone",0.050012947856897146,0.6387085217428498,0.16529101254738376,1.6958266611209927
split_scaffold_heldout,ridge_cell,"B cells, AVL-292",0.7000678876842423,0.8537455415992645,0.8591946192646382,1.8531428096420193
split_scaffold_heldout,ridge_cell,"Myeloid cells, AVL-292",0.48484907511427394,0.8403812755275567,0.7409335232238049,1.8830456214146862
split_scaffold_heldout,ridge_cell,"B cells, Dasatinib",0.6581949951532683,1.0624137995673097,0.8233940490259124,2.147640777988384
split_scaffold_heldout,ridge_cell,"Myeloid cells, Dasatinib",0.5726262227838589,1.4184426120769325,0.7339083555271974,2.4176784285135717
split_scaffold_heldout,ridge_cell,"B cells, RVX-208",0.3942649668118642,0.7023744318844425,0.6087597105072191,1.7472017383485965
split_scaffold_heldout,ridge_cell,"Myeloid cells, RVX-208",0.24440628377809476,0.8905799166351364,0.41159456976885406,2.039358551605992
split_scaffold_heldout,ridge_cell,"B cells, Amiodarone",0.16531349683058438,0.5754406210508343,0.34904867045027593,1.5779531444130324
split_scaffold_heldout,ridge_cell,"Myeloid cells, Amiodarone",0.17308855437505988,0.6517838086080658,0.37592901388912386,1.7307437126777838
split_scaffold_heldout,ridge_cell,"B cells, Canertinib",0.29648015506905334,0.7133891951789985,0.506478640715975,1.845000854899363
split_scaffold_heldout,ridge_cell,"B cells, HMN-214",-0.03756067211253906,0.6611760943490652,0.021990216472707207,1.795402686609637
split_scaffold_heldout,ridge_cell,"Myeloid cells, HMN-214",0.22603640992708576,0.8422832896076117,0.4053807573313459,1.9481404641064237
split_scaffold_heldout,ridge_cell,"B cells, Resminostat",0.35818158508018655,1.6411506040777066,0.4804614521762225,2.6776735049225238
split_scaffold_heldout,ridge_cell,"Myeloid cells, Resminostat",0.4291267635763183,1.8713139692211875,0.5442296060490422,2.7857567715005795
split_scaffold_heldout,ridge_cell,"B cells, Nilotinib",0.6636313900769689,0.7750596133858473,0.8483947713568377,1.7818596447909092
split_scaffold_heldout,ridge_cell,"Myeloid cells, Nilotinib",0.47128469722313293,1.0900420052711535,0.6887895468422461,2.1873755840862352
split_scaffold_heldout,ridge_cell,"B cells, OSI-930",0.11784285905958274,0.599724633873052,0.3425780856927415,1.640575799355713
split_scaffold_heldout,ridge_cell,"Myeloid cells, OSI-930",0.004422879990689038,0.7527067253094925,0.015775843160584346,1.8669778331208966
split_scaffold_heldout,ridge_cell,"B cells, AZD-8330",0.6400542933728732,0.6611028905587061,0.8460517830858886,1.6374229333280403
split_scaffold_heldout,ridge_cell,"Myeloid cells, AZD-8330",0.5531336750180795,1.0126609298906968,0.7688043824895876,2.1028150063495388
split_scaffold_heldout,ridge_cell,"B cells, YK 4-279",0.13913863806172652,0.6303708588117304,0.29825216977268504,1.7574659192273718
split_scaffold_heldout,ridge_cell,"Myeloid cells, YK 4-279",0.26257574235318654,0.6108574875360744,0.4390704467589583,1.60154582385688
split_scaffold_heldout,ridge_cell,"B cells, Vandetanib",0.48624256099826074,0.6321866439454692,0.7373587850883788,1.630381292643666
split_scaffold_heldout,ridge_cell,"Myeloid cells, Vandetanib",0.22945425675256031,0.7804406354017158,0.43646580045124816,1.8720152283408678
split_scaffold_heldout,ridge_cell,"B cells, ABT-199 (GDC-0199)",-0.15814633878481946,1.072409549921554,-0.3153648857162162,2.346302452471237
split_scaffold_heldout,ridge_cell,"Myeloid cells, ABT-199 (GDC-0199)",0.008366298049723888,0.6420744564621602,0.11208277393500243,1.7778839651741156
split_scaffold_heldout,ridge_cell,"B cells, Mometasone Furoate",0.6163283666970788,1.1295940750661642,0.7626043592854977,2.227964368950595
split_scaffold_heldout,ridge_cell,"Myeloid cells, Mometasone Furoate",0.6671225454650205,1.7788084257492738,0.7702298832790877,2.672847908859999
split_scaffold_heldout,ridge_cell,"B cells, Doxorubicin",0.004700186265970973,1.791583164825425,0.02538248586729088,2.905343349807767
split_scaffold_heldout,ridge_cell,"Myeloid cells, Doxorubicin",0.18410579834157037,2.3234988794822464,0.2354358137913239,3.1558154912134797
split_scaffold_heldout,ridge_drug_fp,"NK cells, Lapatinib",-0.14908910605442033,0.947465137949135,-0.31136296946774766,2.1470606013749913
split_scaffold_heldout,ridge_drug_fp,"T cells, Lapatinib",0.027810495260886664,0.8002983108836057,0.11234104796563235,1.9024679372716957
split_scaffold_heldout,ridge_drug_fp,"B cells, Ganetespib (STA-9090)",0.5372602578020912,1.542695235730881,0.6859769794077866,2.558996716488783
split_scaffold_heldout,ridge_drug_fp,"Myeloid cells, Ganetespib (STA-9090)",0.42702158368472953,1.415239742689855,0.592665068506298,2.4457689863655325
split_scaffold_heldout,ridge_drug_fp,"NK cells, Ganetespib (STA-9090)",0.4747616026214021,1.0193008465923539,0.6915750234542934,2.080054593621031
split_scaffold_heldout,ridge_drug_fp,"T cells, Ganetespib (STA-9090)",0.6165886652250191,2.001312641769687,0.7046625850181921,2.8337273058674075
split_scaffold_heldout,ridge_drug_fp,"NK cells, Ixabepilone",0.060901292739800134,0.7190628688776687,0.12698852635655491,1.8641519786216203
split_scaffold_heldout,ridge_drug_fp,"T cells, Ixabepilone",-0.05610307441386046,0.6556672099047375,-0.25616770665044053,2.1028375949162372
split_scaffold_heldout,ridge_drug_fp,"NK cells, Phenylbutazone",0.08450759530456253,0.684988990178692,0.20487067868306086,1.8297001133252122
split_scaffold_heldout,ridge_drug_fp,"T cells, Phenylbutazone",-0.06752182780160941,0.5805655626816,-0.25717134841444794,1.9072671626938875
split_scaffold_heldout,ridge_drug_fp,"B cells, Pomalidomide",-0.11767670564600544,1.0577393385640728,-0.21785870115244532,2.4770082746014173
split_scaffold_heldout,ridge_drug_fp,"Myeloid cells, Pomalidomide",-0.09063489207547436,1.1336738220681477,-0.11519955529396793,2.6134673046996753
split_scaffold_heldout,ridge_drug_fp,"NK cells, Pomalidomide",-0.0923983570700393,0.9315743454107928,-0.1605420885955808,2.265348415094004
split_scaffold_heldout,ridge_drug_fp,"T cells, Pomalidomide",-0.1426820454062785,1.33665364160165,-0.20600666280631605,2.7426003371153675
split_scaffold_heldout,ridge_drug_fp,"NK cells, AVL-292",0.23946507291624325,0.7078503039445995,0.46787682323791724,1.759065195112765
split_scaffold_heldout,ridge_drug_fp,"T cells, AVL-292",0.39861141797865357,0.746783886664217,0.6752138101825682,1.7544578544886698
split_scaffold_heldout,ridge_drug_fp,"B cells, AMD-070 (hydrochloride)",0.24304259230566946,0.6706696106625951,0.4194093089764995,1.7460335053385425
split_scaffold_heldout,ridge_drug_fp,"Myeloid cells, AMD-070 (hydrochloride)",0.11995128611538151,0.7906734075425069,0.2808751471995111,1.9979812551462477
split_scaffold_heldout,ridge_drug_fp,"NK cells, AMD-070 (hydrochloride)",-0.03808029451668596,0.7322518368308241,-0.03304061536932868,1.8701841900001768
split_scaffold_heldout,ridge_drug_fp,"T cells, AMD-070 (hydrochloride)",0.2339104850131408,0.6323466736305091,0.4686326942978285,1.6984000892781579
split_scaffold_heldout,ridge_drug_fp,"B cells, Scriptaid",0.6874432395967445,1.5112655834783617,0.8121169748442125,2.431523070457643
split_scaffold_heldout,ridge_drug_fp,"Myeloid cells, Scriptaid",0.5923807247372707,1.739046455984047,0.7228906976793597,2.6767886776774397
split_scaffold_heldout,ridge_drug_fp,"NK cells, Scriptaid",0.6237582750065178,1.139247381009936,0.8031692965498163,2.1683374376714504
split_scaffold_heldout,ridge_drug_fp,"T cells, Scriptaid",0.7254873034742871,2.0142998274875685,0.802052304429422,2.7944318343319647
split_scaffold_heldout,ridge_drug_fp,"NK cells, Dasatinib",0.22305685299278197,0.7648210022050763,0.4232969605729754,1.832244971624898
split_scaffold_heldout,ridge_drug_fp,"T cells, Dasatinib",0.4669167271659858,1.037770156765505,0.6943711235217436,2.09157098471156
split_scaffold_heldout,ridge_drug_fp,"NK cells, RVX-208",0.08191989128760818,0.7277446510816737,0.0927433248385622,1.9193055120928781
split_scaffold_heldout,ridge_drug_fp,"T cells, RVX-208",0.19493103490309852,0.8526856597594892,0.3173804480405312,2.0252830575643896
split_scaffold_heldout,ridge_drug_fp,"NK cells, Amiodarone",-0.03526295327982719,0.8498077609606093,-0.09850194706834589,1.9535961850751042
split_scaffold_heldout,ridge_drug_fp,"T cells, Amiodarone",-0.17998301329668528,0.8522655123672579,-0.4006799187363636,2.660187725424367
split_scaffold_heldout,ridge_drug_fp,"NK cells, Canertinib",0.0692745572253919,0.9467994415632449,0.13839353832632098,2.0110656243895355
split_scaffold_heldout,ridge_drug_fp,"T cells, Canertinib",0.17612909544885122,0.9615044793292901,0.3139078029144372,2.0558283242663395
split_scaffold_heldout,ridge_drug_fp,"B cells, Penfluridol",-0.05470457423924024,0.709354775340366,-0.12112050343039328,1.8736795029079636
split_scaffold_heldout,ridge_drug_fp,"Myeloid cells, Penfluridol",0.02896768197265412,0.8054195670350777,0.08943624428562146,1.906947213752372
split_scaffold_heldout,ridge_drug_fp,"NK cells, Penfluridol",0.08343679392509507,0.7536650828429703,0.21248417142428158,1.7948875259172505
split_scaffold_heldout,ridge_drug_fp,"T cells, Penfluridol",0.029627078287959633,0.6200208861624773,0.19924960740402242,1.6599127870637338
split_scaffold_heldout,ridge_drug_fp,"B cells, PD-0325901",0.3449439538789463,0.8009507601511487,0.6270592577702983,1.8821618427320463
split_scaffold_heldout,ridge_drug_fp,"Myeloid cells, PD-0325901",0.5168660887127617,1.236649498305564,0.6951362448243926,2.2783682489485764
split_scaffold_heldout,ridge_drug_fp,"NK cells, PD-0325901",0.2275664385498405,0.8063733177347268,0.4258143440858127,1.8818032041002748
split_scaffold_heldout,ridge_drug_fp,"T cells, PD-0325901",0.3915923360546002,0.8324814325138382,0.6837171966265785,1.843421051647863
split_scaffold_heldout,ridge_drug_fp,"NK cells, HMN-214",0.03636941097652302,0.7506791002548836,0.015338408412515018,1.8525832165941718
split_scaffold_heldout,ridge_drug_fp,"T cells, HMN-214",0.04429111046327845,0.7573412172049521,0.13719642810594893,2.054648614104381
split_scaffold_heldout,ridge_drug_fp,"NK cells, Resminostat",0.4532304238324248,1.214220401058021,0.6551900890870788,2.2464528440297444
split_scaffold_heldout,ridge_drug_fp,"T cells, Resminostat",0.5772495185312089,2.0013585794716295,0.6830403657116533,2.8114207247828698
split_scaffold_heldout,ridge_drug_fp,"NK cells, Nilotinib",0.03747404600519194,0.8391606229245729,0.1258674724471512,1.9328898503136727
split_scaffold_heldout,ridge_drug_fp,"T cells, Nilotinib",0.04903460738273143,0.9546654288877628,0.13775966152728011,2.096189472790981
split_scaffold_heldout,ridge_drug_fp,"NK cells, OSI-930",-0.0007417194260600093,0.7528435924638961,0.0020434283712946534,1.8966295960956856
split_scaffold_heldout,ridge_drug_fp,"T cells, OSI-930",-0.023555192648426287,0.6320073377352974,-0.032548671413276144,1.74365501230134
split_scaffold_heldout,ridge_drug_fp,"B cells, ABT737",0.24804866490544752,0.929204107968051,0.44533481180681034,1.9614565794811583
split_scaffold_heldout,ridge_drug_fp,"Myeloid cells, ABT737",0.2229323046104614,0.9339933530548196,0.3651718281467726,2.129907060483706
split_scaffold_heldout,ridge_drug_fp,"NK cells, ABT737",0.0158768879797832,0.8378570029470624,0.06561221227355801,1.9571744688573
split_scaffold_heldout,ridge_drug_fp,"T cells, ABT737",0.072404037978425,0.7016450995441627,0.22955870709865148,1.913126741035724
split_scaffold_heldout,ridge_drug_fp,"NK cells, AZD-8330",0.29594729876563675,0.759941158536589,0.4931499773963855,1.7383385961586606
split_scaffold_heldout,ridge_drug_fp,"T cells, AZD-8330",0.36081778750097204,0.7726943279780104,0.5936976089003974,1.7891236173242255
split_scaffold_heldout,ridge_drug_fp,"NK cells, YK 4-279",-0.025049458864314752,0.722652512084219,0.00047275084817077366,1.8600896594372776
split_scaffold_heldout,ridge_drug_fp,"T cells, YK 4-279",-0.04419581517914224,0.6468891086280474,-0.06905939525612968,1.7469448040546982
split_scaffold_heldout,ridge_drug_fp,"NK cells, Vandetanib",0.1337729471219621,0.7861324802969358,0.29883048053500527,1.7946206740786137
split_scaffold_heldout,ridge_drug_fp,"T cells, Vandetanib",0.16116947976480253,0.680190331946485,0.46895881218600827,1.5383651459048389
split_scaffold_heldout,ridge_drug_fp,"B cells, Colchicine",0.2019361810811372,1.0635339943150093,0.3526747846198043,2.3481957506145528
split_scaffold_heldout,ridge_drug_fp,"Myeloid cells, Colchicine",0.21027939254767614,2.443630457455099,0.2722599249683125,3.2488490457443198
split_scaffold_heldout,ridge_drug_fp,"NK cells, Colchicine",0.20996740275190479,0.7315782000213189,0.3699318966323139,1.816669365881877
split_scaffold_heldout,ridge_drug_fp,"T cells, Colchicine",0.2055356456048776,0.9543489501218644,0.3737265887730179,2.298012141530398
split_scaffold_heldout,ridge_drug_fp,"NK cells, ABT-199 (GDC-0199)",0.019124620050276774,0.7452118510259449,0.026944608027876647,1.9122709053062705
split_scaffold_heldout,ridge_drug_fp,"T cells, ABT-199 (GDC-0199)",0.04264836616632909,0.6578098141947031,0.34643586848961033,1.7046959581496821
split_scaffold_heldout,ridge_drug_fp,"NK cells, Mometasone Furoate",0.32632292053597245,0.9381549306845413,0.5967248754861002,1.965580366026419
split_scaffold_heldout,ridge_drug_fp,"T cells, Mometasone Furoate",0.47604707926674217,1.3451744930850127,0.6673776084822094,2.386242300851633
split_scaffold_heldout,ridge_drug_fp,"NK cells, Doxorubicin",0.11354255047812124,0.9121483274466607,0.20514212423266331,2.1314005182640905
split_scaffold_heldout,ridge_drug_fp,"T cells, Doxorubicin",0.17167219164137656,1.3935756465798605,0.2753652161944166,2.5538178788365062
split_scaffold_heldout,ridge_drug_fp,"B cells, GLPG0634",0.42962988967633614,0.8123681618228062,0.6803453242999146,1.7348973216584123
split_scaffold_heldout,ridge_drug_fp,"Myeloid cells, GLPG0634",0.3385859756560027,0.9019343570538344,0.6607944545665354,1.9151589909022053
split_scaffold_heldout,ridge_drug_fp,"NK cells, GLPG0634",0.22254049854690364,0.7857885852499047,0.441235677961477,1.7752554297668783
split_scaffold_heldout,ridge_drug_fp,"T cells, GLPG0634",0.4549395255573633,0.7272008116956613,0.7318504331152978,1.5965920872607078
split_scaffold_heldout,ridge_drug_fp,"B cells, Lapatinib",0.005530990153211845,0.8354798395812406,0.0921711044995968,1.8987780032907493
split_scaffold_heldout,ridge_drug_fp,"Myeloid cells, Lapatinib",-0.1434720399568925,0.8965687325088524,-0.20683880428658785,2.1513538115886424
split_scaffold_heldout,ridge_drug_fp,"B cells, Ixabepilone",-0.020748831439498825,0.683874949390281,-0.1503079884269039,1.9433379384806186
split_scaffold_heldout,ridge_drug_fp,"Myeloid cells, Ixabepilone",-0.03453349535850852,0.7658612502075717,-0.0732608363861533,1.9577624825866948
split_scaffold_heldout,ridge_drug_fp,"B cells, Phenylbutazone",0.07124654450578236,0.5765291877843056,0.11849335668360722,1.690817232651571
split_scaffold_heldout,ridge_drug_fp,"Myeloid cells, Phenylbutazone",-0.009448548766602,0.607902152543809,0.06570986071903592,1.7096192406785407
split_scaffold_heldout,ridge_drug_fp,"B cells, AVL-292",0.44885533231368174,0.9386689268600015,0.6940727620881586,1.9746188603498878
split_scaffold_heldout,ridge_drug_fp,"Myeloid cells, AVL-292",0.24150834069126034,0.9386907082977551,0.4757198377512512,2.0612799421477583
split_scaffold_heldout,ridge_drug_fp,"B cells, Dasatinib",0.4302795888824152,1.1441947740258223,0.6524722737296446,2.2885345342683636
split_scaffold_heldout,ridge_drug_fp,"Myeloid cells, Dasatinib",0.47495217919983296,1.4645058566947229,0.6492366642412166,2.4944298313608577
split_scaffold_heldout,ridge_drug_fp,"B cells, RVX-208",0.18904201600855383,0.765883045675699,0.337434463640147,1.902047235867128
split_scaffold_heldout,ridge_drug_fp,"Myeloid cells, RVX-208",0.1343406092090592,0.9164776006004526,0.24987791210260096,2.121666724023802
split_scaffold_heldout,ridge_drug_fp,"B cells, Amiodarone",-0.06502880539627254,0.7713500789168698,-0.0781393999970154,1.7854938874252961
split_scaffold_heldout,ridge_drug_fp,"Myeloid cells, Amiodarone",-0.06530797640658093,0.8304611509800557,-0.08507926941215879,2.0041136938838005
split_scaffold_heldout,ridge_drug_fp,"B cells, Canertinib",0.2167265812018816,0.9037686961161673,0.3779876287802785,1.8773737923257887
split_scaffold_heldout,ridge_drug_fp,"B cells, HMN-214",0.0034871476568424696,0.6625231711279473,0.04115043992692136,1.7976164823523577
split_scaffold_heldout,ridge_drug_fp,"Myeloid cells, HMN-214",0.05848016962090146,0.8975170166558875,0.1561321542180195,2.0458094462831493
split_scaffold_heldout,ridge_drug_fp,"B cells, Resminostat",0.5361315498438223,1.531827172095546,0.706015487266012,2.4756381462493793
split_scaffold_heldout,ridge_drug_fp,"Myeloid cells, Resminostat",0.42369767201875314,1.8474745230880156,0.5505474725222647,2.7335253719822328
split_scaffold_heldout,ridge_drug_fp,"B cells, Nilotinib",0.0956663971245508,1.0014684823738007,0.2237913109132694,2.197244693162494
split_scaffold_heldout,ridge_drug_fp,"Myeloid cells, Nilotinib",-0.01802509664878243,1.2898374644029307,0.003685155802762448,2.5319865084134014
split_scaffold_heldout,ridge_drug_fp,"B cells, OSI-930",0.05269598598493722,0.6436004004105025,0.10400160229454736,1.7316255522190591
split_scaffold_heldout,ridge_drug_fp,"Myeloid cells, OSI-930",0.027158717636853954,0.7530178183509985,0.03883802752185526,1.8258920516986374
split_scaffold_heldout,ridge_drug_fp,"B cells, AZD-8330",0.39429261322166526,0.7596136586721023,0.6902777940847091,1.731364923002795
split_scaffold_heldout,ridge_drug_fp,"Myeloid cells, AZD-8330",0.4342327566423763,1.0514768522818205,0.6670711424452664,2.1380234788741044
split_scaffold_heldout,ridge_drug_fp,"B cells, YK 4-279",-0.014778009985024161,0.6470726941593326,-0.004848808168369166,1.8568104239856162
split_scaffold_heldout,ridge_drug_fp,"Myeloid cells, YK 4-279",0.013415444989936255,0.649515812384033,-0.031011959416673316,1.7830287166910614
split_scaffold_heldout,ridge_drug_fp,"B cells, Vandetanib",0.4065755802392757,0.7056893296500825,0.6678255393148554,1.5934760584698815
split_scaffold_heldout,ridge_drug_fp,"Myeloid cells, Vandetanib",0.018780785755968612,0.9426406566714988,0.07821442436908074,2.0704580541329984
split_scaffold_heldout,ridge_drug_fp,"B cells, ABT-199 (GDC-0199)",-0.0492125796506311,1.073735446662738,-0.10340278519145144,2.2876914958455568
split_scaffold_heldout,ridge_drug_fp,"Myeloid cells, ABT-199 (GDC-0199)",0.09648779883057333,0.6426389368828715,0.2969132801633993,1.6984867987148262
split_scaffold_heldout,ridge_drug_fp,"B cells, Mometasone Furoate",0.33137339487837825,1.2261929558537064,0.5353443574566846,2.3104662901197153
split_scaffold_heldout,ridge_drug_fp,"Myeloid cells, Mometasone Furoate",0.4033125079432144,1.8509349282549719,0.5366046333036799,2.7477548872696915
split_scaffold_heldout,ridge_drug_fp,"B cells, Doxorubicin",0.13447148174911494,1.7574772610702771,0.19506987433560521,2.840044129554147
split_scaffold_heldout,ridge_drug_fp,"Myeloid cells, Doxorubicin",0.08108505015282268,2.3639754801760473,0.10498953177179454,3.206187737759328
split_scaffold_heldout,ridge_cell_drug_fp,"NK cells, Lapatinib",-0.10591856262283486,0.9016315985268702,-0.23121561559718068,2.083918717060168
split_scaffold_heldout,ridge_cell_drug_fp,"T cells, Lapatinib",0.05003328635962069,0.8158970359561137,0.1426962456751581,1.9043260135112094
split_scaffold_heldout,ridge_cell_drug_fp,"B cells, Ganetespib (STA-9090)",0.6046654353620889,1.4909757038606857,0.7487941537753389,2.4627613741153738
split_scaffold_heldout,ridge_cell_drug_fp,"Myeloid cells, Ganetespib (STA-9090)",0.5277533357410374,1.3557692202378402,0.6894712730994015,2.3364855672883
split_scaffold_heldout,ridge_cell_drug_fp,"NK cells, Ganetespib (STA-9090)",0.4778283340207148,1.0192149490004057,0.7124222739553963,2.0782242505769357
split_scaffold_heldout,ridge_cell_drug_fp,"T cells, Ganetespib (STA-9090)",0.6627251915152383,1.9420664096299187,0.7420942063019094,2.74673978406694
split_scaffold_heldout,ridge_cell_drug_fp,"NK cells, Ixabepilone",0.1011021610041845,0.7191762318672138,0.23812340745859795,1.8163391018987798
split_scaffold_heldout,ridge_cell_drug_fp,"T cells, Ixabepilone",0.06106370266981377,0.6467600656707868,-0.004656022474646867,1.9069004282871374
split_scaffold_heldout,ridge_cell_drug_fp,"NK cells, Phenylbutazone",0.12322770374718993,0.680560783184341,0.3222404073275735,1.7878915355122251
split_scaffold_heldout,ridge_cell_drug_fp,"T cells, Phenylbutazone",0.030636688252129705,0.5864600094575423,-0.20540087943331614,2.0043858442453395
split_scaffold_heldout,ridge_cell_drug_fp,"B cells, Pomalidomide",-0.07943004120759675,1.0719340160287805,-0.15265567393465948,2.4759837162341496
split_scaffold_heldout,ridge_cell_drug_fp,"Myeloid cells, Pomalidomide",-0.14055725173397451,1.1940465338996584,-0.2248689250966739,2.715435306792842
split_scaffold_heldout,ridge_cell_drug_fp,"NK cells, Pomalidomide",-0.004132252325304829,0.8940055556435413,-0.020295340926894237,2.204474057649449
split_scaffold_heldout,ridge_cell_drug_fp,"T cells, Pomalidomide",-0.09363255116983803,1.3403837673577161,-0.13495397598062234,2.7426995121617788
split_scaffold_heldout,ridge_cell_drug_fp,"NK cells, AVL-292",0.2752863867363372,0.6874817536167911,0.5515506748904433,1.7192883197767843
split_scaffold_heldout,ridge_cell_drug_fp,"T cells, AVL-292",0.5333238957734963,0.6854275773655011,0.7981917651095336,1.5775679228745723
split_scaffold_heldout,ridge_cell_drug_fp,"B cells, AMD-070 (hydrochloride)",0.32674442183190994,0.6575227670630887,0.5348138968027297,1.6378784127060126
split_scaffold_heldout,ridge_cell_drug_fp,"Myeloid cells, AMD-070 (hydrochloride)",0.1668370849925788,0.8012635421974421,0.3592548492468799,1.9446383318075404
split_scaffold_heldout,ridge_cell_drug_fp,"NK cells, AMD-070 (hydrochloride)",0.048284560139896,0.6860514777100869,0.16419751600009652,1.8018145752883667
split_scaffold_heldout,ridge_cell_drug_fp,"T cells, AMD-070 (hydrochloride)",0.32139905111882616,0.6238131414383646,0.5814561333581364,1.5870190911456068
split_scaffold_heldout,ridge_cell_drug_fp,"B cells, Scriptaid",0.6960339888376339,1.4751110555391063,0.8116315209800501,2.3661771677362013
split_scaffold_heldout,ridge_cell_drug_fp,"Myeloid cells, Scriptaid",0.6303004368488376,1.690871567434196,0.745406875706776,2.5997601047591603
split_scaffold_heldout,ridge_cell_drug_fp,"NK cells, Scriptaid",0.6322875456021279,1.1464270399016665,0.8222187565467439,2.1883295378845165
split_scaffold_heldout,ridge_cell_drug_fp,"T cells, Scriptaid",0.7412152456591303,1.9674586593448165,0.8066955520668778,2.7277747370623735
split_scaffold_heldout,ridge_cell_drug_fp,"NK cells, Dasatinib",0.2523327215864997,0.7528975800031672,0.4918827514865905,1.8091398972129313
split_scaffold_heldout,ridge_cell_drug_fp,"T cells, Dasatinib",0.5742392663154547,0.9833029318805704,0.7589602935118406,1.9726188568444039
split_scaffold_heldout,ridge_cell_drug_fp,"NK cells, RVX-208",0.11779648707345859,0.7229048274981882,0.20514993063843845,1.8860486519670208
split_scaffold_heldout,ridge_cell_drug_fp,"T cells, RVX-208",0.304458370484408,0.8232842685781179,0.46507967152178536,1.9455714210145882
split_scaffold_heldout,ridge_cell_drug_fp,"NK cells, Amiodarone",-0.015451503942676808,0.8590073134645833,-0.03100708456799789,1.922921459575552
split_scaffold_heldout,ridge_cell_drug_fp,"T cells, Amiodarone",-0.06929830212483744,0.8405233035591352,-0.22397758098837,2.421543044744538
split_scaffold_heldout,ridge_cell_drug_fp,"NK cells, Canertinib",0.10985938235948195,0.8836323675807387,0.2049226451801647,1.9525893685470594
split_scaffold_heldout,ridge_cell_drug_fp,"T cells, Canertinib",0.2263088123507956,0.9502044022179211,0.3663775073633855,2.0143409495296614
split_scaffold_heldout,ridge_cell_drug_fp,"B cells, Penfluridol",-0.03549445559012285,0.7458359122215372,-0.09429234405646562,1.894033229444997
split_scaffold_heldout,ridge_cell_drug_fp,"Myeloid cells, Penfluridol",0.1417641614924352,0.7980169390101182,0.29308220240698585,1.8121348048127066
split_scaffold_heldout,ridge_cell_drug_fp,"NK cells, Penfluridol",0.16284615890329918,0.7146248032222635,0.34279337905559043,1.7441656269975885
split_scaffold_heldout,ridge_cell_drug_fp,"T cells, Penfluridol",0.06384566243237004,0.6411899740313529,0.31623988752068977,1.6081871673362418
split_scaffold_heldout,ridge_cell_drug_fp,"B cells, PD-0325901",0.4722456985989432,0.7443040062883618,0.7490059637133814,1.7027963463474889
split_scaffold_heldout,ridge_cell_drug_fp,"Myeloid cells, PD-0325901",0.6416084706396346,1.1388509543218757,0.7991009620621355,2.079130619774103
split_scaffold_heldout,ridge_cell_drug_fp,"NK cells, PD-0325901",0.2569525632037408,0.7862452835770496,0.4697714791792281,1.859616860636311
split_scaffold_heldout,ridge_cell_drug_fp,"T cells, PD-0325901",0.48964302684439875,0.7859074100819868,0.7386761183833397,1.7419466008715163
split_scaffold_heldout,ridge_cell_drug_fp,"NK cells, HMN-214",0.12603522395550892,0.7363556713499604,0.2360685579406827,1.7778438681884778
split_scaffold_heldout,ridge_cell_drug_fp,"T cells, HMN-214",-0.025030461074817656,0.809231454131219,-0.13190153903498741,2.1785174984672446
split_scaffold_heldout,ridge_cell_drug_fp,"NK cells, Resminostat",0.4508224827698926,1.2192643010235398,0.6594087995370795,2.2652274823568295
split_scaffold_heldout,ridge_cell_drug_fp,"T cells, Resminostat",0.6021244047758729,1.9609325390340115,0.7013816596655621,2.74911355569299
split_scaffold_heldout,ridge_cell_drug_fp,"NK cells, Nilotinib",0.03420317170829991,0.8457233868419626,0.11839904943929835,1.9295479895992813
split_scaffold_heldout,ridge_cell_drug_fp,"T cells, Nilotinib",0.1720841362122333,0.9164202935232394,0.39867107874462465,1.9595900370192965
split_scaffold_heldout,ridge_cell_drug_fp,"NK cells, OSI-930",0.07638103296327681,0.7324118334497806,0.16971824984182152,1.8289722039091054
split_scaffold_heldout,ridge_cell_drug_fp,"T cells, OSI-930",0.013193201707865213,0.6537321502657685,0.01833439047809094,1.7447303544344301
split_scaffold_heldout,ridge_cell_drug_fp,"B cells, ABT737",0.24306418387991557,0.9395018207334759,0.43745987716939877,1.9648763930620574
split_scaffold_heldout,ridge_cell_drug_fp,"Myeloid cells, ABT737",0.2651390368535262,0.9219683316962309,0.4487125168275399,2.076698882322756
split_scaffold_heldout,ridge_cell_drug_fp,"NK cells, ABT737",0.04682205404491901,0.8752797163336788,0.12274592314980141,1.942158101741138
split_scaffold_heldout,ridge_cell_drug_fp,"T cells, ABT737",0.1408699975200385,0.682608062282789,0.44082193744494413,1.8113730105154624
split_scaffold_heldout,ridge_cell_drug_fp,"NK cells, AZD-8330",0.321411735698756,0.744260632726946,0.5532619714816326,1.6996660775266725
split_scaffold_heldout,ridge_cell_drug_fp,"T cells, AZD-8330",0.4859553363115792,0.7163529917137699,0.7541425971231058,1.5976295121640876
split_scaffold_heldout,ridge_cell_drug_fp,"NK cells, YK 4-279",0.0953536891955755,0.7005031272359091,0.22299684140850456,1.7987513809334528
split_scaffold_heldout,ridge_cell_drug_fp,"T cells, YK 4-279",0.021500287109068105,0.6576922778854795,-0.04823545581449114,1.7789421720782077
split_scaffold_heldout,ridge_cell_drug_fp,"NK cells, Vandetanib",0.18993764394279214,0.7378670517316928,0.4354262690570263,1.7218541778002507
split_scaffold_heldout,ridge_cell_drug_fp,"T cells, Vandetanib",0.22405961029408256,0.6682357349718144,0.521233225416594,1.513801602030011
split_scaffold_heldout,ridge_cell_drug_fp,"B cells, Colchicine",0.2519193672397128,1.0507273447612018,0.42135296396724353,2.294357421690461
split_scaffold_heldout,ridge_cell_drug_fp,"Myeloid cells, Colchicine",0.30538257978729805,2.3968158977293363,0.3819996581556954,3.1796280222310433
split_scaffold_heldout,ridge_cell_drug_fp,"NK cells, Colchicine",0.2524955850021159,0.718798589680515,0.45957577279557954,1.7837479748870204
split_scaffold_heldout,ridge_cell_drug_fp,"T cells, Colchicine",0.2501992839843579,0.9451972478283841,0.4351023035147871,2.2558802670758373
split_scaffold_heldout,ridge_cell_drug_fp,"NK cells, ABT-199 (GDC-0199)",0.06837916878965691,0.7407442670919309,0.15319551012163246,1.8574739423625328
split_scaffold_heldout,ridge_cell_drug_fp,"T cells, ABT-199 (GDC-0199)",0.06656123658526406,0.6765455721576618,0.36978949759793034,1.69338031908189
split_scaffold_heldout,ridge_cell_drug_fp,"NK cells, Mometasone Furoate",0.32149686497897695,0.9402498505991591,0.5950746575146619,1.9665809588183605
split_scaffold_heldout,ridge_cell_drug_fp,"T cells, Mometasone Furoate",0.5168038715617944,1.312125042377901,0.7088339021809671,2.314107336540813
split_scaffold_heldout,ridge_cell_drug_fp,"NK cells, Doxorubicin",0.11625907822327584,0.9216100532518106,0.20445608665454088,2.130352555762684
split_scaffold_heldout,ridge_cell_drug_fp,"T cells, Doxorubicin",0.2528600786394633,1.3619250454863614,0.39158740643150014,2.488690018553824
split_scaffold_heldout,ridge_cell_drug_fp,"B cells, GLPG0634",0.5192492757864092,0.7675724936445911,0.7494423432236523,1.5923167507752998
split_scaffold_heldout,ridge_cell_drug_fp,"Myeloid cells, GLPG0634",0.4876329267189293,0.829997557812053,0.8023078710398427,1.6817039985345974
split_scaffold_heldout,ridge_cell_drug_fp,"NK cells, GLPG0634",0.27444011634865734,0.7472174543844322,0.5190544047385238,1.7341984844416023
split_scaffold_heldout,ridge_cell_drug_fp,"T cells, GLPG0634",0.5124514999896987,0.704301459928588,0.7658516627817885,1.4777278105693095
split_scaffold_heldout,ridge_cell_drug_fp,"B cells, Lapatinib",0.005628618284776216,0.8741250612203613,0.0904360352520238,1.91527796345582
split_scaffold_heldout,ridge_cell_drug_fp,"Myeloid cells, Lapatinib",-0.12669621719899068,0.9400184317029496,-0.16399962303864538,2.1770469007834703
split_scaffold_heldout,ridge_cell_drug_fp,"B cells, Ixabepilone",0.057554210517973055,0.684607353725854,0.002337362490103925,1.8966145353147346
split_scaffold_heldout,ridge_cell_drug_fp,"Myeloid cells, Ixabepilone",0.03618358645134884,0.7730806653064917,0.11448237559330886,1.9009464936136011
split_scaffold_heldout,ridge_cell_drug_fp,"B cells, Phenylbutazone",0.1540395883181504,0.5822726947868291,0.259407503000866,1.6404743974597018
split_scaffold_heldout,ridge_cell_drug_fp,"Myeloid cells, Phenylbutazone",0.0322069108008848,0.644859198213381,0.18683541624359473,1.6881542688456626
split_scaffold_heldout,ridge_cell_drug_fp,"B cells, AVL-292",0.5711798880633433,0.8711327773420191,0.7888319977895439,1.7982508987328423
split_scaffold_heldout,ridge_cell_drug_fp,"Myeloid cells, AVL-292",0.3792418256857124,0.8913240041936085,0.6590748294417909,1.8638775545084467
split_scaffold_heldout,ridge_cell_drug_fp,"B cells, Dasatinib",0.5655985093947226,1.0702242480462694,0.7701385516511045,2.119675238398888
split_scaffold_heldout,ridge_cell_drug_fp,"Myeloid cells, Dasatinib",0.5520510314871614,1.401138341778924,0.7162159293217069,2.372695062918688
split_scaffold_heldout,ridge_cell_drug_fp,"B cells, RVX-208",0.2718840639111001,0.7521981482591339,0.49431815982584876,1.8101119825839096
split_scaffold_heldout,ridge_cell_drug_fp,"Myeloid cells, RVX-208",0.1874771911931064,0.9165047941703264,0.34339300813505536,2.0709342745311052
split_scaffold_heldout,ridge_cell_drug_fp,"B cells, Amiodarone",-0.009530611367273869,0.7658514759393414,0.06714625575276213,1.7161810979063756
split_scaffold_heldout,ridge_cell_drug_fp,"Myeloid cells, Amiodarone",0.01481176238022118,0.8286976001674552,0.12109116296279791,1.8878757345805932
split_scaffold_heldout,ridge_cell_drug_fp,"B cells, Canertinib",0.2458300120018298,0.9227663063567052,0.42155210362031476,1.837150454324741
split_scaffold_heldout,ridge_cell_drug_fp,"B cells, HMN-214",0.038957184988237956,0.6706664107376125,0.14885708775524126,1.7605663656405584
split_scaffold_heldout,ridge_cell_drug_fp,"Myeloid cells, HMN-214",0.1612535936898149,0.880868426889508,0.36274453830200615,1.9571586982562932
split_scaffold_heldout,ridge_cell_drug_fp,"B cells, Resminostat",0.5796444526439511,1.4932094244536982,0.7396173453263555,2.4070679214670903
split_scaffold_heldout,ridge_cell_drug_fp,"Myeloid cells, Resminostat",0.49458305667821023,1.794050397668137,0.6184127166381141,2.6480936639171
split_scaffold_heldout,ridge_cell_drug_fp,"B cells, Nilotinib",0.2562734140387938,0.9406647799377948,0.49528348128180394,2.0273303612105504
split_scaffold_heldout,ridge_cell_drug_fp,"Myeloid cells, Nilotinib",0.14545684703257342,1.2429662244523447,0.3076643396665128,2.3900988730680583
split_scaffold_heldout,ridge_cell_drug_fp,"B cells, OSI-930",0.10737278981178128,0.6483293207959379,0.2867752390258816,1.6558896617078833
split_scaffold_heldout,ridge_cell_drug_fp,"Myeloid cells, OSI-930",-0.002435304568457748,0.8024062111647516,-0.000796294828339486,1.8691083690396795
split_scaffold_heldout,ridge_cell_drug_fp,"B cells, AZD-8330",0.5035162369004932,0.7103780501448989,0.7812427992831942,1.5536595135679716
split_scaffold_heldout,ridge_cell_drug_fp,"Myeloid cells, AZD-8330",0.5732343988633669,0.9652380850953877,0.7853029801556006,1.923452507533966
split_scaffold_heldout,ridge_cell_drug_fp,"B cells, YK 4-279",0.07853701716888307,0.6539565995294658,0.2000860363061384,1.7977442172416152
split_scaffold_heldout,ridge_cell_drug_fp,"Myeloid cells, YK 4-279",0.21541280159979562,0.6247382731792055,0.37735137216548176,1.6362929836203115
split_scaffold_heldout,ridge_cell_drug_fp,"B cells, Vandetanib",0.4664722150774943,0.6887678527765928,0.7242053389605203,1.4699916524896077
split_scaffold_heldout,ridge_cell_drug_fp,"Myeloid cells, Vandetanib",0.07229564731826982,0.9693089685813868,0.19083771624590895,2.02534418850602
split_scaffold_heldout,ridge_cell_drug_fp,"B cells, ABT-199 (GDC-0199)",-0.0388083892158455,1.0826656525959026,-0.09399227087374756,2.292363876917537
split_scaffold_heldout,ridge_cell_drug_fp,"Myeloid cells, ABT-199 (GDC-0199)",0.11530719052522283,0.6757972656786068,0.34033336517087126,1.667614440893154
split_scaffold_heldout,ridge_cell_drug_fp,"B cells, Mometasone Furoate",0.4299909170361384,1.1715328250431134,0.64709090064722,2.1910025838000053
split_scaffold_heldout,ridge_cell_drug_fp,"Myeloid cells, Mometasone Furoate",0.5621755365869101,1.745378511827367,0.6969397556090312,2.5865900941106097
split_scaffold_heldout,ridge_cell_drug_fp,"B cells, Doxorubicin",0.13260604334168613,1.7632381142580258,0.19265835517798155,2.838442226837329
split_scaffold_heldout,ridge_cell_drug_fp,"Myeloid cells, Doxorubicin",0.1314043882896583,2.346238717027352,0.16742653919599684,3.177792198882002
split_cell_scaffold_heldout,ridge_cell,"T cells, Lapatinib",-0.04851685141877625,0.6398288436827351,-0.03213417183295681,1.8858675686230466
split_cell_scaffold_heldout,ridge_cell,"T cells, Ganetespib (STA-9090)",0.3476924990699059,2.1455753237771775,0.4350965978998029,3.045124253843212
split_cell_scaffold_heldout,ridge_cell,"T cells, Ixabepilone",0.0201680273509022,0.5583995716670535,-0.12075581038896648,1.8433507919539727
split_cell_scaffold_heldout,ridge_cell,"T cells, Phenylbutazone",0.0025321111764014066,0.5568034643201836,-0.1652306122672113,1.8242470772444705
split_cell_scaffold_heldout,ridge_cell,"T cells, Pomalidomide",-0.19101993281787039,1.3120156933246139,-0.268588173051582,2.7223427122962836
split_cell_scaffold_heldout,ridge_cell,"T cells, AVL-292",0.46530795692991445,0.7314759581834194,0.727971231337446,1.853925889614592
split_cell_scaffold_heldout,ridge_cell,"T cells, AMD-070 (hydrochloride)",0.19359770398278325,0.6008409221973859,0.44153945483473667,1.7597406934892645
split_cell_scaffold_heldout,ridge_cell,"T cells, Scriptaid",0.22943793971077575,2.254939037196659,0.2923362034369279,3.131841395451925
split_cell_scaffold_heldout,ridge_cell,"T cells, Dasatinib",0.543114526086192,1.0401659083859023,0.7586611352135028,2.134479239425326
split_cell_scaffold_heldout,ridge_cell,"T cells, RVX-208",0.2771342373189664,0.8261306016811645,0.44968607879352973,2.0031206355384064
split_cell_scaffold_heldout,ridge_cell,"T cells, Amiodarone",0.08437669891016811,0.6122407809990862,0.12753123412069922,2.0024670045138753
split_cell_scaffold_heldout,ridge_cell,"T cells, Canertinib",0.15919274223185653,0.788290491616655,0.32695162373183534,2.057066731852883
split_cell_scaffold_heldout,ridge_cell,"T cells, Penfluridol",0.044058645850154884,0.5347254827460396,0.1723353611236175,1.6688619603663752
split_cell_scaffold_heldout,ridge_cell,"T cells, PD-0325901",0.45341248010794866,0.8219293977626082,0.6999903914921033,1.974085091452933
split_cell_scaffold_heldout,ridge_cell,"T cells, HMN-214",-0.16519476532334176,0.7639997121334834,-0.46940040622179313,2.2413418645473033
split_cell_scaffold_heldout,ridge_cell,"T cells, Resminostat",0.2729779473272368,2.180322804352068,0.3507119917153509,3.0768070240705168
split_cell_scaffold_heldout,ridge_cell,"T cells, Nilotinib",0.525563822863028,0.7796130854798583,0.7803089970627256,1.8411611753522659
split_cell_scaffold_heldout,ridge_cell,"T cells, OSI-930",-0.0754248411446636,0.571701808150526,-0.16094889153854605,1.7420017345986143
split_cell_scaffold_heldout,ridge_cell,"T cells, ABT737",0.048524419565291375,0.616879323841269,0.3655287576149539,1.8718751461594325
split_cell_scaffold_heldout,ridge_cell,"T cells, AZD-8330",0.4996744047497227,0.7264013882183556,0.7664129917454644,1.7976626677614544
split_cell_scaffold_heldout,ridge_cell,"T cells, YK 4-279",-0.13479352160902439,0.6569651870205708,-0.30998641926135273,1.7888807365424952
split_cell_scaffold_heldout,ridge_cell,"T cells, Vandetanib",0.13973979938302286,0.5294588408234361,0.34038305447325273,1.5961079139094434
split_cell_scaffold_heldout,ridge_cell,"T cells, Colchicine",0.19504963469726147,0.9509407789741007,0.3827576906309269,2.309802086092747
split_cell_scaffold_heldout,ridge_cell,"T cells, ABT-199 (GDC-0199)",-0.023726141223961127,0.5902687126273551,0.3255758406325921,1.7408414459769117
split_cell_scaffold_heldout,ridge_cell,"T cells, Mometasone Furoate",0.4747232336007169,1.411974900263343,0.6095115695078026,2.583627052115432
split_cell_scaffold_heldout,ridge_cell,"T cells, Doxorubicin",0.29389730544031484,1.3541077459234043,0.45163912357942393,2.523671366831935
split_cell_scaffold_heldout,ridge_cell,"T cells, GLPG0634",0.4280030344497736,0.7389970396400133,0.7213361859215427,1.8217377863563264
split_cell_scaffold_heldout,ridge_drug_fp,"T cells, Lapatinib",0.0022392470752939844,0.7927220945699591,0.05705924112016984,1.9181986373998086
split_cell_scaffold_heldout,ridge_drug_fp,"T cells, Ganetespib (STA-9090)",0.4480918922654743,2.0819740006890317,0.5413590466258704,2.9473267410911506
split_cell_scaffold_heldout,ridge_drug_fp,"T cells, Ixabepilone",-0.08324352544328915,0.6634152437837141,-0.3138155414095272,2.14682701952475
split_cell_scaffold_heldout,ridge_drug_fp,"T cells, Phenylbutazone",-0.07511634705503437,0.5795743770978717,-0.25599316551874385,1.8700258670752425
split_cell_scaffold_heldout,ridge_drug_fp,"T cells, Pomalidomide",-0.16700027372667478,1.3462380359401176,-0.24710415503647581,2.7565466169519146
split_cell_scaffold_heldout,ridge_drug_fp,"T cells, AVL-292",0.3127085799915553,0.7861819120495334,0.5728810014414627,1.838834097332565
split_cell_scaffold_heldout,ridge_drug_fp,"T cells, AMD-070 (hydrochloride)",0.15365846672833114,0.6610248132465081,0.34436814108013647,1.7701352511382666
split_cell_scaffold_heldout,ridge_drug_fp,"T cells, Scriptaid",0.5665832499966621,2.100590591846705,0.6644858939070131,2.911031187434143
split_cell_scaffold_heldout,ridge_drug_fp,"T cells, Dasatinib",0.4046064184767875,1.05842847971099,0.6424993352489795,2.1272820473452856
split_cell_scaffold_heldout,ridge_drug_fp,"T cells, RVX-208",0.1643436836108329,0.8633413627434857,0.27924481422640757,2.0392164510233206
split_cell_scaffold_heldout,ridge_drug_fp,"T cells, Amiodarone",-0.18632170122663677,0.8143111934062505,-0.4276967437728279,2.64039837118037
split_cell_scaffold_heldout,ridge_drug_fp,"T cells, Canertinib",0.12017725128497951,0.9933802073309235,0.2427525813544885,2.1119536488130874
split_cell_scaffold_heldout,ridge_drug_fp,"T cells, Penfluridol",0.015181321096410627,0.6291846803758999,0.10592989973574454,1.6974653190274975
split_cell_scaffold_heldout,ridge_drug_fp,"T cells, PD-0325901",0.27467402603583696,0.8919311558807943,0.5682798945332761,1.9363324678544231
split_cell_scaffold_heldout,ridge_drug_fp,"T cells, HMN-214",0.052654770411985824,0.7509363636046601,0.1564807011796997,2.046730502381373
split_cell_scaffold_heldout,ridge_drug_fp,"T cells, Resminostat",0.4620817537313092,2.0700680138048937,0.5680662860234142,2.909008841918214
split_cell_scaffold_heldout,ridge_drug_fp,"T cells, Nilotinib",0.06493218503461204,0.9482984445171626,0.15481057943746032,2.087198547638438
split_cell_scaffold_heldout,ridge_drug_fp,"T cells, OSI-930",-0.04376556606986552,0.6321336929272707,-0.10902959213380299,1.7715204227639088
split_cell_scaffold_heldout,ridge_drug_fp,"T cells, ABT737",0.06482484387871756,0.7170989796476579,0.13729105821197865,1.9540113643454091
split_cell_scaffold_heldout,ridge_drug_fp,"T cells, AZD-8330",0.25473942546376954,0.8214927128462522,0.4598550075349635,1.8953179258268065
split_cell_scaffold_heldout,ridge_drug_fp,"T cells, YK 4-279",-0.09024418551724961,0.6615430494493922,-0.14314824562394796,1.760830795187973
split_cell_scaffold_heldout,ridge_drug_fp,"T cells, Vandetanib",0.1085967744113507,0.7134809508482417,0.40380459203219543,1.5760442139994948
split_cell_scaffold_heldout,ridge_drug_fp,"T cells, Colchicine",0.15709871771253178,0.9730088243689341,0.2927219298677896,2.3253194735018954
split_cell_scaffold_heldout,ridge_drug_fp,"T cells, ABT-199 (GDC-0199)",0.03905759497809938,0.658945046605019,0.31838549430061436,1.7240142454199663
split_cell_scaffold_heldout,ridge_drug_fp,"T cells, Mometasone Furoate",0.37596490059118404,1.4011480204251814,0.5441399352155363,2.496631776897733
split_cell_scaffold_heldout,ridge_drug_fp,"T cells, Doxorubicin",0.13923243213814598,1.406593215604808,0.2288719853088205,2.575386317884112
split_cell_scaffold_heldout,ridge_drug_fp,"T cells, GLPG0634",0.3753627373140199,0.7616414791571632,0.6757072488126747,1.6991879556373481
split_cell_scaffold_heldout,ridge_cell_drug_fp,"T cells, Lapatinib",0.0023545425333997678,0.7922586494633477,0.0572473898371069,1.9178669491018143
split_cell_scaffold_heldout,ridge_cell_drug_fp,"T cells, Ganetespib (STA-9090)",0.44848751536168274,2.0816384294187564,0.5417111656533476,2.946818712994778
split_cell_scaffold_heldout,ridge_cell_drug_fp,"T cells, Ixabepilone",-0.08336726688431936,0.6637281587827322,-0.31493549142285376,2.1442820635681783
split_cell_scaffold_heldout,ridge_cell_drug_fp,"T cells, Phenylbutazone",-0.07533286581051912,0.5793117981833446,-0.25567645161376046,1.869051722783707
split_cell_scaffold_heldout,ridge_cell_drug_fp,"T cells, Pomalidomide",-0.16624223034002886,1.344608153771734,-0.24647377316213187,2.7544540602356196
split_cell_scaffold_heldout,ridge_cell_drug_fp,"T cells, AVL-292",0.31187213550851955,0.7863484095577247,0.5719091402238966,1.8399983377469815
split_cell_scaffold_heldout,ridge_cell_drug_fp,"T cells, AMD-070 (hydrochloride)",0.15133869028084093,0.6607424437210443,0.3413114202578623,1.7721298835871064
split_cell_scaffold_heldout,ridge_cell_drug_fp,"T cells, Scriptaid",0.5658154572863117,2.1009173280017124,0.6639711446307472,2.911465055744949
split_cell_scaffold_heldout,ridge_cell_drug_fp,"T cells, Dasatinib",0.4127233340828283,1.0545532670403706,0.6490738547539012,2.1169461277443147
split_cell_scaffold_heldout,ridge_cell_drug_fp,"T cells, RVX-208",0.16526853544363226,0.8632729062578417,0.2813620435584551,2.0384596661249907
split_cell_scaffold_heldout,ridge_cell_drug_fp,"T cells, Amiodarone",-0.18501269079077698,0.8138216729231398,-0.42877961809273046,2.6366130710037754
split_cell_scaffold_heldout,ridge_cell_drug_fp,"T cells, Canertinib",0.1182062438197595,0.9971936528776001,0.2401183686494023,2.115191739728064
split_cell_scaffold_heldout,ridge_cell_drug_fp,"T cells, Penfluridol",0.01531195072206524,0.6298199674037986,0.10397991205851641,1.698426183133193
split_cell_scaffold_heldout,ridge_cell_drug_fp,"T cells, PD-0325901",0.2751351829958487,0.8909622639134405,0.5694663258072058,1.936424911238912
split_cell_scaffold_heldout,ridge_cell_drug_fp,"T cells, HMN-214",0.054480445501179114,0.7503530813279168,0.16062002843961634,2.045327556970594
split_cell_scaffold_heldout,ridge_cell_drug_fp,"T cells, Resminostat",0.46289250177614677,2.0702928969621266,0.568835100071218,2.909536748405614
split_cell_scaffold_heldout,ridge_cell_drug_fp,"T cells, Nilotinib",0.06544394568969457,0.9474333824701024,0.156416382661236,2.0864113589151874
split_cell_scaffold_heldout,ridge_cell_drug_fp,"T cells, OSI-930",-0.043698482928951614,0.63146647078417,-0.10983582105661682,1.7721278296665968
split_cell_scaffold_heldout,ridge_cell_drug_fp,"T cells, ABT737",0.06433079398290704,0.7177578211891392,0.1346594292261189,1.9552383250442893
split_cell_scaffold_heldout,ridge_cell_drug_fp,"T cells, AZD-8330",0.253996971734855,0.8218321752941133,0.4587405463615958,1.8962186867391222
split_cell_scaffold_heldout,ridge_cell_drug_fp,"T cells, YK 4-279",-0.09012067227047346,0.6616998998290028,-0.14268989505550778,1.7608761235694341
split_cell_scaffold_heldout,ridge_cell_drug_fp,"T cells, Vandetanib",0.10823698729183595,0.712807995367913,0.4035061595728013,1.5760076247875483
split_cell_scaffold_heldout,ridge_cell_drug_fp,"T cells, Colchicine",0.1562166626174268,0.9734035945200699,0.2913088596271816,2.325925283723596
split_cell_scaffold_heldout,ridge_cell_drug_fp,"T cells, ABT-199 (GDC-0199)",0.03912818511867471,0.659044347906754,0.3186954479974061,1.7238209480131135
split_cell_scaffold_heldout,ridge_cell_drug_fp,"T cells, Mometasone Furoate",0.3773973224117123,1.4003257218996492,0.5454539859184906,2.495040089130132
split_cell_scaffold_heldout,ridge_cell_drug_fp,"T cells, Doxorubicin",0.1393847023281462,1.4064046235045238,0.2294307341735518,2.575252245508115
split_cell_scaffold_heldout,ridge_cell_drug_fp,"T cells, GLPG0634",0.3764771595262336,0.7628572217723912,0.6771419495976448,1.6924342062535167
