split,baseline,sample_id,rowwise_pearson,rmse,de_rowwise_pearson,de_rmse
split_random,global_train_mean,"NK cells, Ganetespib (STA-9090)",0.4208396,1.0647368,0.624816358089447,2.231274366378784
split_random,global_train_mean,"T cells, Sunitinib",0.4224483,0.6411853,0.6839829087257385,1.7144172191619873
split_random,global_train_mean,"T cells, Tivozanib",0.26673603,0.62883294,0.5150994062423706,1.7899610996246338
split_random,global_train_mean,"B cells, Linagliptin",-0.0013012199,0.61320984,-0.07290972769260406,1.7974830865859985
split_random,global_train_mean,"B cells, 5-(9-Isopropyl-8-methyl-2-morpholino-9H-purin-6-yl)pyrimidin-2-amine",0.6514088,1.2582157,0.8043153285980225,2.329965829849243
split_random,global_train_mean,"NK cells, 5-(9-Isopropyl-8-methyl-2-morpholino-9H-purin-6-yl)pyrimidin-2-amine",0.44966695,0.8269026,0.6811189651489258,1.936381220817566
split_random,global_train_mean,"B cells, O-Demethylated Adapalene",0.39519674,0.66582614,0.640869677066803,1.7880631685256958
split_random,global_train_mean,"T cells, O-Demethylated Adapalene",0.34018904,0.55766845,0.5441044569015503,1.6943504810333252
split_random,global_train_mean,"B cells, Foretinib",0.60747343,1.0200977,0.7945050597190857,2.143989086151123
split_random,global_train_mean,"NK cells, Foretinib",0.34813616,0.72806126,0.5697054862976074,1.8431016206741333
split_random,global_train_mean,"B cells, IN1451",0.2734625,1.5720632,0.3870534598827362,2.647258996963501
split_random,global_train_mean,"T cells, IN1451",0.2779577,2.783399,0.33050811290740967,3.3933210372924805
split_random,global_train_mean,"T cells, Raloxifene",-0.14277734,0.9225711,-0.20787282288074493,2.1100962162017822
split_random,global_train_mean,"B cells, Topotecan",0.12990724,0.8240154,0.26825207471847534,2.0859522819519043
split_random,global_train_mean,"NK cells, BAY 87-2243",0.37213713,0.88806707,0.574755847454071,2.120525598526001
split_random,global_train_mean,"T cells, K-02288",0.26368347,0.52875656,0.498493492603302,1.6203113794326782
split_random,global_train_mean,"T cells, Proscillaridin A;Proscillaridin-A",-0.01328195,2.9872975,-0.014689370058476925,3.5440151691436768
split_random,global_train_mean,"T cells, Vorinostat",0.3603273,2.1426938,0.44943317770957947,3.035344123840332
split_random,global_train_mean,"NK cells, Ruxolitinib",0.3107835,0.71238834,0.5209234952926636,1.7797349691390991
split_random,global_train_mean,"T cells, Navitoclax",-0.051694956,0.5933257,0.378346711397171,1.7983945608139038
split_random,global_train_mean,"Myeloid cells, Methotrexate",0.11666144,0.91652673,0.2325918823480606,2.107024669647217
split_random,global_train_mean,"T cells, Methotrexate",-0.11781016,0.6675872,-0.4753027856349945,2.117947816848755
split_random,global_train_mean,"B cells, AMD-070 (hydrochloride)",0.29357868,0.6254104,0.5389705896377563,1.7525196075439453
split_random,global_train_mean,"T cells, AMD-070 (hydrochloride)",0.27299035,0.5828011,0.5474257469177246,1.7064208984375
split_random,global_train_mean,"T cells, Sgc-cbp30",0.30365485,0.7381715,0.5012803673744202,1.9017685651779175
split_random,global_train_mean,"Myeloid cells, FK 866",0.2622769,1.1375676,0.41789430379867554,2.3152356147766113
split_random,global_train_mean,"NK cells, FK 866",0.12051171,0.7504629,0.3151107728481293,1.893438458442688
split_random,global_train_mean,"B cells, Scriptaid",0.34858742,1.6988221,0.4728057086467743,2.7432472705841064
split_random,global_train_mean,"NK cells, Scriptaid",0.32469848,1.2941355,0.4913000464439392,2.486863136291504
split_random,global_train_mean,"T cells, Desloratadine",0.14561018,0.5350945,0.3848637044429779,1.5544288158416748
split_random,global_train_mean,"T cells, IKK Inhibitor VII",0.5683853,0.86559904,0.8016189932823181,1.9580663442611694
split_random,global_train_mean,"T cells, Amiodarone",0.18241082,0.5915602,0.4394489824771881,1.8889508247375488
split_random,global_train_mean,"NK cells, Canertinib",0.09922452,0.7023445,0.1757439374923706,1.9382116794586182
split_random,global_train_mean,"B cells, Penfluridol",-0.085739814,0.6370524,-0.2858085632324219,1.8610457181930542
split_random,global_train_mean,"Myeloid cells, Penfluridol",0.13478845,0.722328,0.30472099781036377,1.8244153261184692
split_random,global_train_mean,"B cells, Quizartinib",0.06923811,0.58911586,0.30128759145736694,1.6388710737228394
split_random,global_train_mean,"T cells, Quizartinib",0.20990111,0.5412896,0.40673333406448364,1.7717961072921753
split_random,global_train_mean,"NK cells, RN-486",-0.060186684,0.7201934,-0.1255703866481781,1.927400827407837
split_random,global_train_mean,"T cells, RN-486",0.09781323,0.5265169,0.28374823927879333,1.6053320169448853
split_random,global_train_mean,"T cells, PD-0325901",0.5428766,0.79608077,0.7572517991065979,1.9242525100708008
split_random,global_train_mean,"NK cells, Decitabine",0.06984149,0.6463246,0.13112960755825043,1.7534019947052002
split_random,global_train_mean,"NK cells, LDN 193189",-0.04085128,0.7118228,-0.1655573695898056,1.9129481315612793
split_random,global_train_mean,"T cells, LDN 193189",0.22022943,0.5585538,0.41030076146125793,1.6824454069137573
split_random,global_train_mean,"NK cells, Riociguat",0.117847,0.66607106,0.28170621395111084,1.8090755939483643
split_random,global_train_mean,"NK cells, AZD3514",0.15866736,0.6722202,0.3165085017681122,1.7978688478469849
split_random,global_train_mean,"T cells, HMN-214",-0.20335335,0.7756478,-0.5218607187271118,2.2841057777404785
split_random,global_train_mean,"B cells, TR-14035",0.37560344,0.6130517,0.5857815146446228,1.7303069829940796
split_random,global_train_mean,"NK cells, TR-14035",0.2311022,0.6077326,0.40158793330192566,1.8003549575805664
split_random,global_train_mean,"T cells, TR-14035",0.38553512,0.5376716,0.6596144437789917,1.5234426259994507
split_random,global_train_mean,"B cells, AT 7867",0.43127874,0.73289156,0.6705324649810791,1.8319693803787231
split_random,global_train_mean,"NK cells, AT 7867",0.32475892,0.70429564,0.5662648677825928,1.8115592002868652
split_random,global_train_mean,"T cells, AT 7867",0.27202147,0.8488431,0.4780938923358917,2.00004506111145
split_random,global_train_mean,"T cells, OSI-930",-0.053120222,0.57062215,-0.12337782233953476,1.7409011125564575
split_random,global_train_mean,"T cells, GO-6976",-0.12742564,0.9373224,-0.23259826004505157,2.1553170680999756
split_random,global_train_mean,"NK cells, Saracatinib",0.2779458,0.71955013,0.44484513998031616,1.864922046661377
split_random,global_train_mean,"NK cells, RG7112",0.2446749,0.6472325,0.46516022086143494,1.8756279945373535
split_random,global_train_mean,"B cells, Pitavastatin Calcium",-0.15748517,1.1474619,-0.2237410545349121,2.455927610397339
split_random,global_train_mean,"T cells, Pitavastatin Calcium",-0.22882627,1.6451341,-0.3182975947856903,2.8907039165496826
split_random,global_train_mean,"Myeloid cells, ABT737",-0.044736687,0.9705276,0.02325739711523056,2.271888256072998
split_random,global_train_mean,"Myeloid cells, PRT-062607",0.53952044,1.3886225,0.7052813172340393,2.4923858642578125
split_random,global_train_mean,"NK cells, PRT-062607",0.3635546,0.71209055,0.6063547134399414,1.769533634185791
split_random,global_train_mean,"NK cells, AZ628",0.29170674,0.6917531,0.5339499115943909,1.7629457712173462
split_random,global_train_mean,"B cells, Masitinib",0.38521618,0.66561824,0.5876523852348328,1.7218269109725952
split_random,global_train_mean,"T cells, TPCA-1",0.68163985,1.054627,0.835607647895813,2.0949878692626953
split_random,global_train_mean,"T cells, MGCD-265",0.42339966,0.4533745,0.664108157157898,1.4436887502670288
split_random,global_train_mean,"T cells, Clemastine",0.36175403,0.51035255,0.7294316291809082,1.4570695161819458
split_random,global_train_mean,"T cells, YK 4-279",-0.1010558,0.6532935,-0.2682647109031677,1.7954224348068237
split_random,global_train_mean,"Myeloid cells, Oxybenzone",0.16500962,0.5373764,0.38908103108406067,1.6260650157928467
split_random,global_train_mean,"NK cells, SCH-58261",0.0009992723,0.68911314,0.042889297008514404,1.8612709045410156
split_random,global_train_mean,"NK cells, Colforsin",0.081135705,0.66498214,0.04514332860708237,1.8343075513839722
split_random,global_train_mean,"B cells, Tivantinib",0.3813804,0.6749642,0.6034460663795471,1.7785992622375488
split_random,global_train_mean,"NK cells, ABT-199 (GDC-0199)",0.07209792,0.66176486,0.16904792189598083,1.83926260471344
split_random,global_train_mean,"NK cells, Tipifarnib",0.27522293,0.6762301,0.5017073154449463,1.8040534257888794
split_random,global_train_mean,"T cells, Tipifarnib",0.459438,0.619158,0.7442629933357239,1.689634919166565
split_random,global_train_mean,"T cells, Prednisolone",0.52308553,1.3416553,0.655003547668457,2.5315322875976562
split_random,global_train_mean,"NK cells, Tacalcitol",0.22454056,0.6774541,0.39291882514953613,1.7964916229248047
split_random,global_train_mean,"B cells, Selumetinib",0.47833225,0.77024376,0.733600378036499,1.9975980520248413
split_random,global_train_mean,"B cells, GLPG0634",0.50617933,0.8016425,0.7387040257453918,1.851362943649292
split_random,global_train_mean,"Myeloid cells, GLPG0634",0.42519936,0.8711339,0.7273392081260681,2.00390887260437
split_random,global_train_mean,"NK cells, Mubritinib (TAK 165)",0.3053261,0.8107059,0.5458805561065674,1.9828802347183228
split_random,global_train_mean,"B cells, Lapatinib",-0.060498748,0.67905337,-0.09779251366853714,1.8997431993484497
split_random,global_train_mean,"Myeloid cells, Clomipramine",0.28979695,0.6454367,0.5898275375366211,1.7604072093963623
split_random,global_train_mean,"Myeloid cells, Ixabepilone",0.13377967,0.66290665,0.18161921203136444,1.8759503364562988
split_random,global_train_mean,"Myeloid cells, Protriptyline",0.060757708,0.5599298,0.050781261175870895,1.713389277458191
split_random,global_train_mean,"Myeloid cells, Phenylbutazone",-0.0061684414,0.6020997,-0.018582701683044434,1.7249716520309448
split_random,global_train_mean,"B cells, K-02288",0.36968377,0.61015254,0.6511120796203613,1.6881836652755737
split_random,global_train_mean,"Myeloid cells, BMS-777607",0.27799174,0.7487223,0.528713047504425,1.9476860761642456
split_random,global_train_mean,"Myeloid cells, AVL-292",0.31093326,0.9073197,0.5473232865333557,2.0946061611175537
split_random,global_train_mean,"B cells, Chlorpheniramine",0.22613956,0.5893845,0.42099204659461975,1.7075183391571045
split_random,global_train_mean,"Myeloid cells, Vardenafil",0.20163785,0.68418807,0.503210186958313,1.7719007730484009
split_random,global_train_mean,"B cells, Dasatinib",0.5486567,1.1307695,0.7527282238006592,2.297346830368042
split_random,global_train_mean,"Myeloid cells, Perhexiline",0.44897136,0.8875624,0.6683502793312073,2.035212516784668
split_random,global_train_mean,"Myeloid cells, RVX-208",0.24939251,0.87995076,0.4350473880767822,2.0709056854248047
split_random,global_train_mean,"Myeloid cells, Flutamide",0.24131,0.5893769,0.43059852719306946,1.7116636037826538
split_random,global_train_mean,"B cells, BMS-536924",0.6007127,0.99584144,0.7925035357475281,2.114884614944458
split_random,global_train_mean,"Myeloid cells, IKK Inhibitor VII",0.42385685,1.4810241,0.6009506583213806,2.660573720932007
split_random,global_train_mean,"Myeloid cells, Amiodarone",0.08107399,0.6397997,0.19925206899642944,1.8322745561599731
split_random,global_train_mean,"B cells, Alogliptin",0.08000539,0.6108618,0.16425591707229614,1.8053326606750488
split_random,global_train_mean,"Myeloid cells, RN-486",0.22019775,0.7283069,0.39633575081825256,1.9341461658477783
split_random,global_train_mean,"B cells, Cabozantinib",0.07360674,0.7342622,0.21755680441856384,1.9145880937576294
split_random,global_train_mean,"Myeloid cells, Defactinib",0.44026643,0.98778987,0.6914973855018616,2.1075422763824463
split_random,global_train_mean,"B cells, Resminostat",0.32471216,1.665883,0.45048922300338745,2.7262091636657715
split_random,global_train_mean,"Myeloid cells, Resminostat",0.38689652,1.9144301,0.5114656686782837,2.858057975769043
split_random,global_train_mean,"B cells, Nilotinib",0.5805179,0.8321954,0.8089326620101929,1.9421073198318481
split_random,global_train_mean,"Myeloid cells, OSI-930",0.045460854,0.69839275,0.08048977702856064,1.8208950757980347
split_random,global_train_mean,"B cells, Ceritinib",0.3764863,0.5658753,0.636837363243103,1.5977141857147217
split_random,global_train_mean,"Myeloid cells, Nefazodone",0.28900045,0.5208352,0.5721419453620911,1.584678053855896
split_random,global_train_mean,"Myeloid cells, GSK256066",0.08761134,1.0965376,0.1730162650346756,2.422813892364502
split_random,global_train_mean,"Myeloid cells, Vandetanib",0.19321093,0.7722824,0.3943983316421509,1.9302713871002197
split_random,global_train_mean,"B cells, Colforsin",0.22801688,0.56943226,0.3145305812358856,1.680421233177185
split_random,global_train_mean,"B cells, ABT-199 (GDC-0199)",-0.21400018,1.0537448,-0.40889033675193787,2.3323068618774414
split_random,global_train_mean,"B cells, Prednisolone",0.5060395,1.032276,0.7122721076011658,2.2279720306396484
split_random,global_train_mean,"Myeloid cells, Clotrimazole",0.07863632,0.7551294,0.1603461354970932,1.94476318359375
split_random,global_train_mean,"Myeloid cells, SB525334",-0.15243149,1.2916911,-0.22088228166103363,2.6115012168884277
split_random,global_train_mean,"B cells, HYDROXYUREA",0.073682435,0.60293126,0.19361357390880585,1.711441993713379
split_random,cell_context_mean,"NK cells, Ganetespib (STA-9090)",0.4407508,1.0682099,0.6776031851768494,2.242733955383301
split_random,cell_context_mean,"T cells, Sunitinib",0.43744907,0.63525814,0.6772165298461914,1.6092413663864136
split_random,cell_context_mean,"T cells, Tivozanib",0.28138253,0.64594674,0.5491987466812134,1.7082396745681763
split_random,cell_context_mean,"B cells, Linagliptin",0.047059838,0.63503975,0.07868819683790207,1.7691524028778076
split_random,cell_context_mean,"B cells, 5-(9-Isopropyl-8-methyl-2-morpholino-9H-purin-6-yl)pyrimidin-2-amine",0.7050661,1.1977428,0.8266326785087585,2.208132028579712
split_random,cell_context_mean,"NK cells, 5-(9-Isopropyl-8-methyl-2-morpholino-9H-purin-6-yl)pyrimidin-2-amine",0.4620883,0.8313558,0.7160020470619202,1.957805871963501
split_random,cell_context_mean,"B cells, O-Demethylated Adapalene",0.46337548,0.64126307,0.7107585072517395,1.6560872793197632
split_random,cell_context_mean,"T cells, O-Demethylated Adapalene",0.39923957,0.5554573,0.5564895868301392,1.6390975713729858
split_random,cell_context_mean,"B cells, Foretinib",0.6647391,0.96585506,0.8315093517303467,2.0066800117492676
split_random,cell_context_mean,"NK cells, Foretinib",0.4084252,0.7165049,0.6624342203140259,1.8294036388397217
split_random,cell_context_mean,"B cells, IN1451",0.30002525,1.555689,0.4149468243122101,2.6085562705993652
split_random,cell_context_mean,"T cells, IN1451",0.2661295,2.7674475,0.3143176734447479,3.369852066040039
split_random,cell_context_mean,"T cells, Raloxifene",-0.03373189,0.93823034,0.001838231342844665,2.0804078578948975
split_random,cell_context_mean,"B cells, Topotecan",0.24671578,0.803493,0.45515355467796326,1.9833062887191772
split_random,cell_context_mean,"NK cells, BAY 87-2243",0.27056694,0.91517514,0.4234735071659088,2.2065038681030273
split_random,cell_context_mean,"T cells, K-02288",0.41800427,0.50643694,0.6190800666809082,1.443347454071045
split_random,cell_context_mean,"T cells, Proscillaridin A;Proscillaridin-A",-0.022209425,3.0035305,-0.02545139752328396,3.5609354972839355
split_random,cell_context_mean,"T cells, Vorinostat",0.4607096,2.0781784,0.545455276966095,2.939011573791504
split_random,cell_context_mean,"NK cells, Ruxolitinib",0.3959854,0.6936282,0.6454121470451355,1.752799153327942
split_random,cell_context_mean,"T cells, Navitoclax",-0.010241603,0.6411949,0.475992351770401,1.7168428897857666
split_random,cell_context_mean,"Myeloid cells, Methotrexate",0.18424062,0.9256321,0.34277141094207764,2.0395846366882324
split_random,cell_context_mean,"T cells, Methotrexate",-0.19868815,0.7503106,-0.5401907563209534,2.397134304046631
split_random,cell_context_mean,"B cells, AMD-070 (hydrochloride)",0.39344415,0.6029288,0.6287534832954407,1.6245455741882324
split_random,cell_context_mean,"T cells, AMD-070 (hydrochloride)",0.386091,0.5674453,0.6471207737922668,1.5621490478515625
split_random,cell_context_mean,"T cells, Sgc-cbp30",0.3648561,0.7249127,0.5815797448158264,1.7880468368530273
split_random,cell_context_mean,"Myeloid cells, FK 866",0.40189004,1.0803738,0.6045918464660645,2.156830310821533
split_random,cell_context_mean,"NK cells, FK 866",0.22961015,0.7212456,0.4482455849647522,1.853643536567688
split_random,cell_context_mean,"B cells, Scriptaid",0.39728588,1.666405,0.5197365880012512,2.6828465461730957
split_random,cell_context_mean,"NK cells, Scriptaid",0.26955074,1.3115784,0.4227152466773987,2.523939371109009
split_random,cell_context_mean,"T cells, Desloratadine",0.27169433,0.5398745,0.5007944107055664,1.4320944547653198
split_random,cell_context_mean,"T cells, IKK Inhibitor VII",0.67402893,0.7849405,0.8530126810073853,1.727357268333435
split_random,cell_context_mean,"T cells, Amiodarone",0.34179115,0.5727916,0.6498770713806152,1.5851315259933472
split_random,cell_context_mean,"NK cells, Canertinib",0.21858062,0.6697503,0.3453972637653351,1.890390157699585
split_random,cell_context_mean,"B cells, Penfluridol",-0.036847323,0.66355395,-0.15376798808574677,1.8711402416229248
split_random,cell_context_mean,"Myeloid cells, Penfluridol",0.25184005,0.7240786,0.46039775013923645,1.7141624689102173
split_random,cell_context_mean,"B cells, Quizartinib",0.14591527,0.5989867,0.37222060561180115,1.592373251914978
split_random,cell_context_mean,"T cells, Quizartinib",0.28319004,0.5543885,0.5026884078979492,1.6851863861083984
split_random,cell_context_mean,"NK cells, RN-486",0.080530204,0.6796227,0.20498856902122498,1.8519647121429443
split_random,cell_context_mean,"T cells, RN-486",0.20732136,0.5441307,0.42521345615386963,1.5288972854614258
split_random,cell_context_mean,"T cells, PD-0325901",0.5955704,0.74570906,0.7749326825141907,1.7840253114700317
split_random,cell_context_mean,"NK cells, Decitabine",0.20539704,0.60873663,0.377567321062088,1.6917438507080078
split_random,cell_context_mean,"NK cells, LDN 193189",0.099156976,0.6717188,0.17655594646930695,1.8346550464630127
split_random,cell_context_mean,"T cells, LDN 193189",0.27577227,0.5744991,0.4729354977607727,1.6202739477157593
split_random,cell_context_mean,"NK cells, Riociguat",0.27467227,0.6253039,0.5022361874580383,1.7398642301559448
split_random,cell_context_mean,"NK cells, AZD3514",0.26352975,0.6438526,0.43920519948005676,1.7624486684799194
split_random,cell_context_mean,"T cells, HMN-214",-0.2622604,0.854849,-0.572650671005249,2.4823975563049316
split_random,cell_context_mean,"B cells, TR-14035",0.43418768,0.59647536,0.6541820764541626,1.6182019710540771
split_random,cell_context_mean,"NK cells, TR-14035",0.3085823,0.58633643,0.5886679291725159,1.7472411394119263
split_random,cell_context_mean,"T cells, TR-14035",0.46182787,0.52406925,0.7054482698440552,1.3668465614318848
split_random,cell_context_mean,"B cells, AT 7867",0.54990673,0.68234336,0.7723962664604187,1.6616706848144531
split_random,cell_context_mean,"NK cells, AT 7867",0.4146073,0.6848063,0.6843678951263428,1.7781312465667725
split_random,cell_context_mean,"T cells, AT 7867",0.32073125,0.838952,0.5816282629966736,1.8986234664916992
split_random,cell_context_mean,"T cells, OSI-930",0.0065254006,0.6158274,-0.0487808920443058,1.7615935802459717
split_random,cell_context_mean,"T cells, GO-6976",-0.08101511,0.97139645,-0.08786799013614655,2.167470932006836
split_random,cell_context_mean,"NK cells, Saracatinib",0.3072282,0.7123247,0.5676844716072083,1.836979627609253
split_random,cell_context_mean,"NK cells, RG7112",0.29152754,0.6338145,0.5130244493484497,1.864959716796875
split_random,cell_context_mean,"B cells, Pitavastatin Calcium",-0.09931062,1.1607367,-0.1278270184993744,2.4579737186431885
split_random,cell_context_mean,"T cells, Pitavastatin Calcium",-0.15950648,1.6675774,-0.22973224520683289,2.9183197021484375
split_random,cell_context_mean,"Myeloid cells, ABT737",0.024175717,1.0011737,0.1311415582895279,2.2531208992004395
split_random,cell_context_mean,"Myeloid cells, PRT-062607",0.70043224,1.2588651,0.8296002149581909,2.245407819747925
split_random,cell_context_mean,"NK cells, PRT-062607",0.41680863,0.702437,0.6649236083030701,1.7664272785186768
split_random,cell_context_mean,"NK cells, AZ628",0.34973833,0.67821246,0.6192228198051453,1.7391122579574585
split_random,cell_context_mean,"B cells, Masitinib",0.48618415,0.62957704,0.6894322633743286,1.57571542263031
split_random,cell_context_mean,"T cells, TPCA-1",0.74731135,0.96734196,0.861533522605896,1.9031662940979004
split_random,cell_context_mean,"T cells, MGCD-265",0.43361372,0.4711791,0.6906993985176086,1.3220559358596802
split_random,cell_context_mean,"T cells, Clemastine",0.43537232,0.50495344,0.7983896732330322,1.2877603769302368
split_random,cell_context_mean,"T cells, YK 4-279",-0.029473614,0.69200754,-0.188445046544075,1.8653514385223389
split_random,cell_context_mean,"Myeloid cells, Oxybenzone",0.2013216,0.58801246,0.5105177164077759,1.5287370681762695
split_random,cell_context_mean,"NK cells, SCH-58261",0.14207643,0.64942324,0.28510528802871704,1.8079460859298706
split_random,cell_context_mean,"NK cells, Colforsin",0.15405862,0.6412121,0.24632635712623596,1.7914572954177856
split_random,cell_context_mean,"B cells, Tivantinib",0.41592705,0.6630115,0.6295876502990723,1.700034260749817
split_random,cell_context_mean,"NK cells, ABT-199 (GDC-0199)",0.19545862,0.62705797,0.4127490818500519,1.777438759803772
split_random,cell_context_mean,"NK cells, Tipifarnib",0.31742173,0.66540164,0.5754044651985168,1.7933392524719238
split_random,cell_context_mean,"T cells, Tipifarnib",0.43697426,0.6249036,0.7229023575782776,1.6049543619155884
split_random,cell_context_mean,"T cells, Prednisolone",0.53964406,1.2951531,0.6703794002532959,2.433218479156494
split_random,cell_context_mean,"NK cells, Tacalcitol",0.294862,0.6587082,0.5039651989936829,1.7686400413513184
split_random,cell_context_mean,"B cells, Selumetinib",0.60370165,0.7100271,0.8216919898986816,1.8024396896362305
split_random,cell_context_mean,"B cells, GLPG0634",0.58331007,0.7554832,0.7802256345748901,1.715364933013916
split_random,cell_context_mean,"Myeloid cells, GLPG0634",0.52924097,0.8095349,0.801405668258667,1.773574948310852
split_random,cell_context_mean,"NK cells, Mubritinib (TAK 165)",0.30733332,0.81161433,0.5350388884544373,2.0038866996765137
split_random,cell_context_mean,"B cells, Lapatinib",-0.036221646,0.70854104,-0.03594855219125748,1.900304913520813
split_random,cell_context_mean,"Myeloid cells, Clomipramine",0.3118978,0.66585094,0.5878934860229492,1.6381138563156128
split_random,cell_context_mean,"Myeloid cells, Ixabepilone",0.1483538,0.709669,0.2620154321193695,1.840618371963501
split_random,cell_context_mean,"Myeloid cells, Protriptyline",0.15902798,0.6015139,0.3685624301433563,1.5715972185134888
split_random,cell_context_mean,"Myeloid cells, Phenylbutazone",0.0116249295,0.6740368,0.08893231302499771,1.7356505393981934
split_random,cell_context_mean,"B cells, K-02288",0.4438192,0.58916056,0.7212796807289124,1.5482810735702515
split_random,cell_context_mean,"Myeloid cells, BMS-777607",0.3978424,0.71997577,0.686847984790802,1.74250328540802
split_random,cell_context_mean,"Myeloid cells, AVL-292",0.43814725,0.8571361,0.7059784531593323,1.8835878372192383
split_random,cell_context_mean,"B cells, Chlorpheniramine",0.30044714,0.5848513,0.5422102212905884,1.5966438055038452
split_random,cell_context_mean,"Myeloid cells, Vardenafil",0.32801166,0.6742091,0.6511630415916443,1.5637332201004028
split_random,cell_context_mean,"B cells, Dasatinib",0.65916467,1.0612068,0.828152596950531,2.1434249877929688
split_random,cell_context_mean,"Myeloid cells, Perhexiline",0.5190707,0.8356289,0.7392257452011108,1.8498764038085938
split_random,cell_context_mean,"Myeloid cells, RVX-208",0.23941548,0.90010244,0.4156457185745239,2.0273923873901367
split_random,cell_context_mean,"Myeloid cells, Flutamide",0.30289885,0.61030185,0.5810953974723816,1.5828015804290771
split_random,cell_context_mean,"B cells, BMS-536924",0.7074799,0.9234766,0.8652446866035461,1.936157464981079
split_random,cell_context_mean,"Myeloid cells, IKK Inhibitor VII",0.606539,1.363957,0.7555431127548218,2.436324119567871
split_random,cell_context_mean,"Myeloid cells, Amiodarone",0.16084926,0.6736707,0.3641150891780853,1.7264105081558228
split_random,cell_context_mean,"B cells, Alogliptin",0.09674255,0.6354652,0.1572197526693344,1.8001586198806763
split_random,cell_context_mean,"Myeloid cells, RN-486",0.25143394,0.7485586,0.44631853699684143,1.8552913665771484
split_random,cell_context_mean,"B cells, Cabozantinib",0.15589242,0.73389435,0.31757229566574097,1.8655925989151
split_random,cell_context_mean,"Myeloid cells, Defactinib",0.591099,0.8950808,0.7893748879432678,1.8678838014602661
split_random,cell_context_mean,"B cells, Resminostat",0.3788212,1.6338428,0.505934476852417,2.6654300689697266
split_random,cell_context_mean,"Myeloid cells, Resminostat",0.47235852,1.8414825,0.5910053253173828,2.737184524536133
split_random,cell_context_mean,"B cells, Nilotinib",0.644979,0.78164685,0.8387038707733154,1.7945358753204346
split_random,cell_context_mean,"Myeloid cells, OSI-930",-0.020791076,0.78224057,-0.01860664412379265,1.889660358428955
split_random,cell_context_mean,"B cells, Ceritinib",0.41865435,0.55878335,0.6758025288581848,1.4954025745391846
split_random,cell_context_mean,"Myeloid cells, Nefazodone",0.35156152,0.54354817,0.5762925744056702,1.47757089138031
split_random,cell_context_mean,"Myeloid cells, GSK256066",0.19300708,1.086364,0.3181227147579193,2.3437540531158447
split_random,cell_context_mean,"Myeloid cells, Vandetanib",0.23183636,0.7902151,0.45337486267089844,1.8506975173950195
split_random,cell_context_mean,"B cells, Colforsin",0.27398834,0.5752449,0.3966483771800995,1.6096407175064087
split_random,cell_context_mean,"B cells, ABT-199 (GDC-0199)",-0.1302369,1.0650324,-0.26574674248695374,2.32875394821167
split_random,cell_context_mean,"B cells, Prednisolone",0.57141644,0.98542583,0.7546361088752747,2.1134097576141357
split_random,cell_context_mean,"Myeloid cells, Clotrimazole",0.0583958,0.8140224,0.15254636108875275,1.9531267881393433
split_random,cell_context_mean,"Myeloid cells, SB525334",-0.13708243,1.3451372,-0.19498220086097717,2.672619342803955
split_random,cell_context_mean,"B cells, HYDROXYUREA",0.14020489,0.61394185,0.3331405222415924,1.6533148288726807
split_random,drug_mean,"NK cells, Ganetespib (STA-9090)",0.5621755,1.2506677,0.7898524403572083,1.4860559701919556
split_random,drug_mean,"T cells, Sunitinib",0.39751667,0.67185825,0.6743292212486267,1.5549684762954712
split_random,drug_mean,"T cells, Tivozanib",0.35117295,0.654018,0.6841452717781067,1.5541415214538574
split_random,drug_mean,"B cells, Linagliptin",0.07859373,0.6450351,0.12385097146034241,1.7627263069152832
split_random,drug_mean,"B cells, 5-(9-Isopropyl-8-methyl-2-morpholino-9H-purin-6-yl)pyrimidin-2-amine",0.6101366,1.2150911,0.7509368658065796,1.7215189933776855
split_random,drug_mean,"NK cells, 5-(9-Isopropyl-8-methyl-2-morpholino-9H-purin-6-yl)pyrimidin-2-amine",0.4595728,1.2295917,0.6925289630889893,1.6285147666931152
split_random,drug_mean,"B cells, O-Demethylated Adapalene",0.12398763,0.8394207,0.22636081278324127,1.948185920715332
split_random,drug_mean,"T cells, O-Demethylated Adapalene",0.20954166,0.70433253,0.5308578610420227,1.5915625095367432
split_random,drug_mean,"B cells, Foretinib",0.4748136,1.0760276,0.6458179950714111,1.8746042251586914
split_random,drug_mean,"NK cells, Foretinib",0.30224103,1.0017052,0.48409736156463623,1.8055118322372437
split_random,drug_mean,"B cells, IN1451",0.66711503,1.3267344,0.8315474390983582,1.5380363464355469
split_random,drug_mean,"T cells, IN1451",0.7074335,2.0434775,0.7701837420463562,2.371159315109253
split_random,drug_mean,"T cells, Raloxifene",0.29626006,0.85009044,0.5317031741142273,1.786513328552246
split_random,drug_mean,"B cells, Topotecan",0.46634066,0.8633221,0.6910397410392761,1.571790099143982
split_random,drug_mean,"NK cells, BAY 87-2243",0.5089842,0.928767,0.7291316986083984,1.5232957601547241
split_random,drug_mean,"T cells, K-02288",0.11457599,0.7453274,0.29816535115242004,1.6991560459136963
split_random,drug_mean,"T cells, Proscillaridin A;Proscillaridin-A",0.82369465,1.7270118,0.8538662791252136,1.9451712369918823
split_random,drug_mean,"T cells, Vorinostat",0.7270911,1.5605707,0.7978113889694214,2.0905978679656982
split_random,drug_mean,"NK cells, Ruxolitinib",0.2618269,0.9927588,0.4785003662109375,1.7089214324951172
split_random,drug_mean,"T cells, Navitoclax",0.23135187,0.6574686,0.5767216086387634,1.6032068729400635
split_random,drug_mean,"Myeloid cells, Methotrexate",0.033636343,1.0207152,0.07786541432142258,2.1793692111968994
split_random,drug_mean,"T cells, Methotrexate",0.2382969,0.6736612,0.5914119482040405,1.511743187904358
split_random,drug_mean,"B cells, AMD-070 (hydrochloride)",0.10240866,0.7751216,0.22646556794643402,1.860868215560913
split_random,drug_mean,"T cells, AMD-070 (hydrochloride)",0.1972165,0.69548297,0.4768606126308441,1.681628704071045
split_random,drug_mean,"T cells, Sgc-cbp30",0.359811,0.76212025,0.5932296514511108,1.71576988697052
split_random,drug_mean,"Myeloid cells, FK 866",0.39363733,1.1148071,0.5709113478660583,2.040442705154419
split_random,drug_mean,"NK cells, FK 866",0.25878322,0.8899168,0.45671477913856506,1.750832200050354
split_random,drug_mean,"B cells, Scriptaid",0.698382,1.3889326,0.8313281536102295,1.5825384855270386
split_random,drug_mean,"NK cells, Scriptaid",0.6266043,1.42747,0.8169779777526855,1.5391747951507568
split_random,drug_mean,"T cells, Desloratadine",0.24187566,0.558846,0.5226086974143982,1.4316014051437378
split_random,drug_mean,"T cells, IKK Inhibitor VII",0.49885356,0.8809901,0.741478443145752,1.6166095733642578
split_random,drug_mean,"T cells, Amiodarone",0.16567156,0.66752195,0.5160481333732605,1.7527190446853638
split_random,drug_mean,"NK cells, Canertinib",0.27004775,0.794919,0.4973301291465759,1.6987149715423584
split_random,drug_mean,"B cells, Penfluridol",0.10798637,0.6740137,0.2589235305786133,1.7273638248443604
split_random,drug_mean,"Myeloid cells, Penfluridol",0.17371103,0.76626194,0.3754940927028656,1.7768359184265137
split_random,drug_mean,"B cells, Quizartinib",0.09327884,0.72118247,0.21631895005702972,1.6777098178863525
split_random,drug_mean,"T cells, Quizartinib",0.1332963,0.6945268,0.2962951958179474,1.779019832611084
split_random,drug_mean,"NK cells, RN-486",0.057915084,0.8609754,0.07970160990953445,1.9264062643051147
split_random,drug_mean,"T cells, RN-486",0.081049554,0.7352008,0.14356011152267456,1.6800347566604614
split_random,drug_mean,"T cells, PD-0325901",0.35366213,0.9200985,0.6534180045127869,1.7324706315994263
split_random,drug_mean,"NK cells, Decitabine",0.065190904,0.6782098,0.06420040130615234,1.7864395380020142
split_random,drug_mean,"NK cells, LDN 193189",0.18307745,0.7481017,0.390420138835907,1.717124104499817
split_random,drug_mean,"T cells, LDN 193189",0.24002098,0.64970726,0.6074526309967041,1.4723881483078003
split_random,drug_mean,"NK cells, Riociguat",0.04880797,0.72213393,0.09926265478134155,1.8675380945205688
split_random,drug_mean,"NK cells, AZD3514",0.24763395,0.77491015,0.4348115026950836,1.6778970956802368
split_random,drug_mean,"T cells, HMN-214",0.45026505,0.63901347,0.7497210502624512,1.4988380670547485
split_random,drug_mean,"B cells, TR-14035",0.12228318,0.84388256,0.24823375046253204,1.8637769222259521
split_random,drug_mean,"NK cells, TR-14035",0.05838026,0.8411754,0.06510773301124573,1.9410752058029175
split_random,drug_mean,"T cells, TR-14035",0.20034774,0.75357497,0.4023861885070801,1.5955841541290283
split_random,drug_mean,"B cells, AT 7867",0.1663959,1.4364152,0.27277737855911255,2.215762138366699
split_random,drug_mean,"NK cells, AT 7867",0.055944283,1.4897033,0.15489277243614197,2.223444938659668
split_random,drug_mean,"T cells, AT 7867",0.111322805,1.5133651,0.26842930912971497,2.2943904399871826
split_random,drug_mean,"T cells, OSI-930",0.14710836,0.62040776,0.2569581866264343,1.6330056190490723
split_random,drug_mean,"T cells, GO-6976",0.38837475,0.84250116,0.624144434928894,1.7058420181274414
split_random,drug_mean,"NK cells, Saracatinib",0.29408535,1.012812,0.4660043716430664,1.7547343969345093
split_random,drug_mean,"NK cells, RG7112",0.30803207,0.6852421,0.5268231630325317,1.6362898349761963
split_random,drug_mean,"B cells, Pitavastatin Calcium",0.43174937,1.4506726,0.6816898584365845,1.7463607788085938
split_random,drug_mean,"T cells, Pitavastatin Calcium",0.4913651,1.5682911,0.676165759563446,2.041170120239258
split_random,drug_mean,"Myeloid cells, ABT737",0.21567246,0.9460581,0.4405396282672882,2.093644857406616
split_random,drug_mean,"Myeloid cells, PRT-062607",0.3603799,1.4717044,0.5007692575454712,2.358222007751465
split_random,drug_mean,"NK cells, PRT-062607",0.34017274,1.020654,0.5770482420921326,1.6298943758010864
split_random,drug_mean,"NK cells, AZ628",0.2617161,0.8436619,0.43622803688049316,1.721524953842163
split_random,drug_mean,"B cells, Masitinib",0.23176807,0.74880713,0.337302565574646,1.7823967933654785
split_random,drug_mean,"T cells, TPCA-1",0.5793732,0.9962458,0.7809752225875854,1.630765676498413
split_random,drug_mean,"T cells, MGCD-265",0.22860482,0.5662404,0.4344708025455475,1.5349434614181519
split_random,drug_mean,"T cells, Clemastine",0.3083082,0.583678,0.6707791686058044,1.3649137020111084
split_random,drug_mean,"T cells, YK 4-279",0.2890811,0.5981377,0.5538785457611084,1.4472739696502686
split_random,drug_mean,"Myeloid cells, Oxybenzone",0.16079077,0.5741736,0.3431181311607361,1.621104121208191
split_random,drug_mean,"NK cells, SCH-58261",0.105775036,0.70527434,0.1322183907032013,1.8498034477233887
split_random,drug_mean,"NK cells, Colforsin",0.12811492,0.7360455,0.25575095415115356,1.762057900428772
split_random,drug_mean,"B cells, Tivantinib",0.35064,0.72936547,0.5690551996231079,1.6377123594284058
split_random,drug_mean,"NK cells, ABT-199 (GDC-0199)",0.08033626,0.72312963,0.2304874062538147,1.827224612236023
split_random,drug_mean,"NK cells, Tipifarnib",0.18309857,0.8326469,0.27096474170684814,1.845481514930725
split_random,drug_mean,"T cells, Tipifarnib",0.35719487,0.734173,0.6379761695861816,1.5585129261016846
split_random,drug_mean,"T cells, Prednisolone",0.47563455,1.3207033,0.6472840905189514,2.1243960857391357
split_random,drug_mean,"NK cells, Tacalcitol",0.10451792,1.0778034,0.0923008993268013,1.9763284921646118
split_random,drug_mean,"B cells, Selumetinib",0.31752318,0.86111313,0.6038880944252014,1.919914722442627
split_random,drug_mean,"B cells, GLPG0634",0.41244185,0.8554994,0.647445797920227,1.6872947216033936
split_random,drug_mean,"Myeloid cells, GLPG0634",0.23876165,1.0008072,0.47893083095550537,2.0009989738464355
split_random,drug_mean,"NK cells, Mubritinib (TAK 165)",0.38243815,0.89742905,0.6255066990852356,1.6751160621643066
split_random,drug_mean,"B cells, Lapatinib",0.24518095,0.65654707,0.5350027680397034,1.6133813858032227
split_random,drug_mean,"Myeloid cells, Clomipramine",0.26523912,0.6817086,0.5092365741729736,1.7317880392074585
split_random,drug_mean,"Myeloid cells, Ixabepilone",0.18283707,0.6830428,0.33373790979385376,1.784783124923706
split_random,drug_mean,"Myeloid cells, Protriptyline",0.15233456,0.57324535,0.2613152265548706,1.6475322246551514
split_random,drug_mean,"Myeloid cells, Phenylbutazone",0.16267493,0.6035885,0.23364000022411346,1.657736897468567
split_random,drug_mean,"B cells, K-02288",0.01956971,0.8682291,0.01861976645886898,1.9696980714797974
split_random,drug_mean,"Myeloid cells, BMS-777607",0.15330249,0.8189238,0.2686174809932709,2.0081405639648438
split_random,drug_mean,"Myeloid cells, AVL-292",0.21629581,1.0222468,0.3960321247577667,2.0759809017181396
split_random,drug_mean,"B cells, Chlorpheniramine",0.15778208,0.6448407,0.2882676124572754,1.7370015382766724
split_random,drug_mean,"Myeloid cells, Vardenafil",0.14983855,0.73318636,0.27167707681655884,1.8203054666519165
split_random,drug_mean,"B cells, Dasatinib",0.45876446,1.1495345,0.6611582636833191,1.9789105653762817
split_random,drug_mean,"Myeloid cells, Perhexiline",0.36593187,0.98778504,0.5895696878433228,1.8522051572799683
split_random,drug_mean,"Myeloid cells, RVX-208",0.4019425,0.85569227,0.5987141728401184,1.7953479290008545
split_random,drug_mean,"Myeloid cells, Flutamide",0.121386394,0.6575119,0.19250908493995667,1.7878928184509277
split_random,drug_mean,"B cells, BMS-536924",0.50079715,0.9844696,0.7089159488677979,1.8479293584823608
split_random,drug_mean,"Myeloid cells, IKK Inhibitor VII",0.26487654,1.541471,0.3986668586730957,2.6145222187042236
split_random,drug_mean,"Myeloid cells, Amiodarone",0.073443025,0.7226176,0.13563454151153564,1.8476502895355225
split_random,drug_mean,"B cells, Alogliptin",0.106016785,0.64990485,0.09037070721387863,1.8380448818206787
split_random,drug_mean,"Myeloid cells, RN-486",-0.019549083,0.95552236,-0.06619689613580704,2.1583101749420166
split_random,drug_mean,"B cells, Cabozantinib",0.26222378,0.7244875,0.5464448928833008,1.7159762382507324
split_random,drug_mean,"Myeloid cells, Defactinib",0.31753433,1.0273412,0.5100403428077698,2.05761456489563
split_random,drug_mean,"B cells, Resminostat",0.7066493,1.2916505,0.8319719433784485,1.5710949897766113
split_random,drug_mean,"Myeloid cells, Resminostat",0.46404505,1.9045849,0.5871185660362244,2.41792368888855
split_random,drug_mean,"B cells, Nilotinib",0.45286214,0.8777005,0.6938477158546448,1.727745532989502
split_random,drug_mean,"Myeloid cells, OSI-930",0.17258011,0.73398453,0.25829628109931946,1.7313207387924194
split_random,drug_mean,"B cells, Ceritinib",0.28437725,0.6710383,0.56166672706604,1.539016604423523
split_random,drug_mean,"Myeloid cells, Nefazodone",0.17007273,0.5924298,0.2362195998430252,1.6787927150726318
split_random,drug_mean,"Myeloid cells, GSK256066",0.17556575,1.1573639,0.2855560779571533,2.3528642654418945
split_random,drug_mean,"Myeloid cells, Vandetanib",0.092654265,0.8417646,0.23520112037658691,1.9656113386154175
split_random,drug_mean,"B cells, Colforsin",0.15165842,0.6762852,0.20826265215873718,1.7073274850845337
split_random,drug_mean,"B cells, ABT-199 (GDC-0199)",0.15377516,0.99686503,0.2606510519981384,2.1366820335388184
split_random,drug_mean,"B cells, Prednisolone",0.32896757,1.2547804,0.5532237887382507,2.0568044185638428
split_random,drug_mean,"Myeloid cells, Clotrimazole",0.16273081,0.76551664,0.341156542301178,1.86556875705719
split_random,drug_mean,"Myeloid cells, SB525334",0.40956292,1.1267998,0.5877432227134705,2.1860313415527344
split_random,drug_mean,"B cells, HYDROXYUREA",0.10734548,0.6395008,0.2264779508113861,1.701880693435669
split_cell_heldout,global_train_mean,"Myeloid cells, MK-5108",0.10387438,0.60245514,0.23843978345394135,1.7511584758758545
split_cell_heldout,global_train_mean,"Myeloid cells, Ganetespib (STA-9090)",0.3974882,1.4578917,0.5555981993675232,2.548299551010132
split_cell_heldout,global_train_mean,"Myeloid cells, Sunitinib",0.08791389,0.6766325,0.2330218255519867,1.8055590391159058
split_cell_heldout,global_train_mean,"Myeloid cells, Tivozanib",0.09686265,0.77208465,0.18247190117835999,2.0138227939605713
split_cell_heldout,global_train_mean,"Myeloid cells, Tamatinib",0.33070967,1.3611112,0.4879857301712036,2.525935173034668
split_cell_heldout,global_train_mean,"Myeloid cells, Linagliptin",-0.067256615,0.7277517,-0.14736175537109375,1.9792139530181885
split_cell_heldout,global_train_mean,"Myeloid cells, 5-(9-Isopropyl-8-methyl-2-morpholino-9H-purin-6-yl)pyrimidin-2-amine",0.38981467,1.5550779,0.5349555611610413,2.696627378463745
split_cell_heldout,global_train_mean,"Myeloid cells, O-Demethylated Adapalene",0.10562946,0.82337236,0.19446419179439545,2.2319154739379883
split_cell_heldout,global_train_mean,"Myeloid cells, I-BET151",0.30079436,1.7400402,0.41961851716041565,2.8222813606262207
split_cell_heldout,global_train_mean,"Myeloid cells, GW843682X",0.05054806,0.75694317,0.13920404016971588,2.073518991470337
split_cell_heldout,global_train_mean,"Myeloid cells, IN1451",0.24286719,2.409322,0.30290845036506653,3.2370448112487793
split_cell_heldout,global_train_mean,"Myeloid cells, Raloxifene",-0.04223285,1.007964,-0.02544255182147026,2.2710819244384766
split_cell_heldout,global_train_mean,"Myeloid cells, Topotecan",0.121004835,1.4929533,0.2011319398880005,2.6451988220214844
split_cell_heldout,global_train_mean,"Myeloid cells, BAY 87-2243",0.18943955,1.4341068,0.24862618744373322,2.5941216945648193
split_cell_heldout,global_train_mean,"Myeloid cells, Porcn Inhibitor III",-0.15666784,1.230174,-0.22519977390766144,2.5751755237579346
split_cell_heldout,global_train_mean,"Myeloid cells, TL_HRAS26",0.007712405,0.6434025,-0.014648767188191414,1.9650474786758423
split_cell_heldout,global_train_mean,"Myeloid cells, BMS-265246",0.058760807,1.7432919,0.12934967875480652,2.8759820461273193
split_cell_heldout,global_train_mean,"Myeloid cells, Pomalidomide",-0.030304477,1.0867976,0.04793199524283409,2.5462646484375
split_cell_heldout,global_train_mean,"Myeloid cells, Dovitinib",-0.008315991,0.9651472,0.08215713500976562,2.2793796062469482
split_cell_heldout,global_train_mean,"Myeloid cells, Navitoclax",-0.22555667,0.92957515,-0.3493543267250061,2.1798524856567383
split_cell_heldout,global_train_mean,"Myeloid cells, Methotrexate",0.052307922,0.9312883,0.11519742757081985,2.140225648880005
split_cell_heldout,global_train_mean,"Myeloid cells, Palbociclib",0.16633537,0.77497536,0.36945751309394836,1.9831146001815796
split_cell_heldout,global_train_mean,"Myeloid cells, AMD-070 (hydrochloride)",0.09532282,0.7548031,0.2046564370393753,2.0359606742858887
split_cell_heldout,global_train_mean,"Myeloid cells, FK 866",0.13099308,1.1698301,0.22035935521125793,2.376803398132324
split_cell_heldout,global_train_mean,"Myeloid cells, Scriptaid",0.25170654,1.9078773,0.3534370958805084,2.9458768367767334
split_cell_heldout,global_train_mean,"Myeloid cells, Dactolisib",0.426023,2.077765,0.5333283543586731,3.033776044845581
split_cell_heldout,global_train_mean,"Myeloid cells, Isoniazid",0.08798628,0.61174256,0.15663199126720428,1.7604337930679321
split_cell_heldout,global_train_mean,"Myeloid cells, Idelalisib",0.119088404,0.9803388,0.24173378944396973,2.1460952758789062
split_cell_heldout,global_train_mean,"Myeloid cells, Penfluridol",0.03989753,0.743839,0.1418805867433548,1.8745579719543457
split_cell_heldout,global_train_mean,"Myeloid cells, Quizartinib",0.10195913,0.792508,0.18394708633422852,2.2351982593536377
split_cell_heldout,global_train_mean,"Myeloid cells, PD-0325901",0.16761999,1.3824102,0.26312360167503357,2.5799601078033447
split_cell_heldout,global_train_mean,"Myeloid cells, LDN 193189",-0.08054937,0.8173782,-0.07704988121986389,2.070765733718872
split_cell_heldout,global_train_mean,"Myeloid cells, Riociguat",0.2136336,0.584117,0.4240908622741699,1.6816375255584717
split_cell_heldout,global_train_mean,"Myeloid cells, CHIR-99021",-0.06478444,1.2437227,-0.11065205931663513,2.4735195636749268
split_cell_heldout,global_train_mean,"Myeloid cells, BI-D1870",0.11434822,0.8778997,0.26898637413978577,2.1084160804748535
split_cell_heldout,global_train_mean,"Myeloid cells, Crizotinib",0.33932242,0.9358633,0.5073059797286987,2.1700689792633057
split_cell_heldout,global_train_mean,"Myeloid cells, Azacitidine",0.10300786,0.6156417,0.2933520972728729,1.7217141389846802
split_cell_heldout,global_train_mean,"Myeloid cells, TR-14035",0.16643287,0.61651087,0.30344605445861816,1.7831768989562988
split_cell_heldout,global_train_mean,"Myeloid cells, AT 7867",0.10397396,1.3286049,0.2232142984867096,2.5318405628204346
split_cell_heldout,global_train_mean,"Myeloid cells, GO-6976",0.010499664,1.1761279,0.049083732068538666,2.3524787425994873
split_cell_heldout,global_train_mean,"Myeloid cells, TGX 221",0.3251796,0.9528228,0.5211657881736755,2.1605265140533447
split_cell_heldout,global_train_mean,"Myeloid cells, Pitavastatin Calcium",-0.0573882,2.3523712,-0.05689462274312973,3.2323923110961914
split_cell_heldout,global_train_mean,"Myeloid cells, ABT737",-0.06634933,0.97455263,-0.031286872923374176,2.284196376800537
split_cell_heldout,global_train_mean,"Myeloid cells, PRT-062607",0.3481874,1.4387031,0.4893409311771393,2.5790371894836426
split_cell_heldout,global_train_mean,"Myeloid cells, AZ628",0.18381606,0.97975814,0.31103354692459106,2.1803576946258545
split_cell_heldout,global_train_mean,"Myeloid cells, Masitinib",0.23641223,0.7299563,0.48728466033935547,1.9375066757202148
split_cell_heldout,global_train_mean,"Myeloid cells, STK219801",0.21784364,0.6459849,0.35680219531059265,1.9014962911605835
split_cell_heldout,global_train_mean,"Myeloid cells, Ricolinostat",0.046725824,1.18184,0.10813583433628082,2.4370527267456055
split_cell_heldout,global_train_mean,"Myeloid cells, Midostaurin",0.17341574,1.150034,0.3028236925601959,2.3900516033172607
split_cell_heldout,global_train_mean,"Myeloid cells, CEP-37440",0.051633816,0.9565095,0.127674400806427,2.2409818172454834
split_cell_heldout,global_train_mean,"Myeloid cells, R428",0.17961693,2.044565,0.25406771898269653,3.0412325859069824
split_cell_heldout,global_train_mean,"Myeloid cells, Oxybenzone",0.110829845,0.54891634,0.203323096036911,1.6692204475402832
split_cell_heldout,global_train_mean,"Myeloid cells, Tivantinib",0.17939572,0.81955266,0.3399110436439514,2.0559587478637695
split_cell_heldout,global_train_mean,"Myeloid cells, Colchicine",0.13509509,2.468396,0.17930108308792114,3.284646511077881
split_cell_heldout,global_train_mean,"Myeloid cells, BX 912",0.21352892,0.83667266,0.3729202449321747,2.0278377532958984
split_cell_heldout,global_train_mean,"Myeloid cells, Selumetinib",0.21310425,1.0610138,0.3637112081050873,2.313793659210205
split_cell_heldout,global_train_mean,"Myeloid cells, RG7090",-0.044058584,0.88350683,-0.003395501058548689,2.114567279815674
split_cell_heldout,global_train_mean,"Myeloid cells, GLPG0634",0.28831214,0.9066298,0.5396088361740112,2.0882718563079834
split_cell_heldout,global_train_mean,"Myeloid cells, TIE2 Kinase Inhibitor",-0.022482775,0.67972195,-0.012049469165503979,1.9194445610046387
split_cell_heldout,global_train_mean,"Myeloid cells, Lapatinib",-0.13182372,0.6947946,-0.2010882943868637,2.0000290870666504
split_cell_heldout,global_train_mean,"Myeloid cells, Atorvastatin",-0.05743544,0.76028955,-0.14159367978572845,2.137831211090088
split_cell_heldout,global_train_mean,"Myeloid cells, Clomipramine",0.21884565,0.6626618,0.45756274461746216,1.8139351606369019
split_cell_heldout,global_train_mean,"Myeloid cells, Ixabepilone",0.096584,0.6708498,0.08480608463287354,1.9003394842147827
split_cell_heldout,global_train_mean,"Myeloid cells, Protriptyline",-0.007324581,0.5736798,-0.15625429153442383,1.771420955657959
split_cell_heldout,global_train_mean,"Myeloid cells, Phenylbutazone",-0.019611506,0.6037187,-0.0960274413228035,1.7350788116455078
split_cell_heldout,global_train_mean,"Myeloid cells, K-02288",-0.029681426,1.0072895,-0.032377712428569794,2.319737195968628
split_cell_heldout,global_train_mean,"Myeloid cells, BMS-777607",0.1585943,0.7778048,0.2840004861354828,2.025695323944092
split_cell_heldout,global_train_mean,"Myeloid cells, Vorinostat",0.26151702,1.8441954,0.3730052411556244,2.8913183212280273
split_cell_heldout,global_train_mean,"Myeloid cells, Ruxolitinib",0.3072883,1.4640287,0.4656340479850769,2.6601829528808594
split_cell_heldout,global_train_mean,"Myeloid cells, AVL-292",0.18339817,0.938989,0.33852237462997437,2.173398733139038
split_cell_heldout,global_train_mean,"Myeloid cells, Trametinib",-0.009075465,1.4589795,-0.004877051804214716,2.660698175430298
split_cell_heldout,global_train_mean,"Myeloid cells, Sgc-cbp30",0.22269167,0.9706789,0.4037539064884186,2.1650664806365967
split_cell_heldout,global_train_mean,"Myeloid cells, Chlorpheniramine",0.035071984,0.5675996,-0.03542621061205864,1.7421396970748901
split_cell_heldout,global_train_mean,"Myeloid cells, BAY 61-3606",0.32911178,1.8888148,0.4330125153064728,2.9073169231414795
split_cell_heldout,global_train_mean,"Myeloid cells, LY2090314",0.09734012,2.143662,0.1426992267370224,3.1046340465545654
split_cell_heldout,global_train_mean,"Myeloid cells, Vardenafil",0.091687575,0.7097984,0.24733451008796692,1.8537639379501343
split_cell_heldout,global_train_mean,"Myeloid cells, Dasatinib",0.40073287,1.5107198,0.5507097840309143,2.5843582153320312
split_cell_heldout,global_train_mean,"Myeloid cells, AT13387",0.36216247,1.3214544,0.5150687098503113,2.407331943511963
split_cell_heldout,global_train_mean,"Myeloid cells, Perhexiline",0.32131633,0.9210444,0.5197685360908508,2.1069447994232178
split_cell_heldout,global_train_mean,"Myeloid cells, RVX-208",0.2020927,0.8915276,0.35792937874794006,2.097630500793457
split_cell_heldout,global_train_mean,"Myeloid cells, Ketoconazole",-0.109040655,1.4193178,-0.20606009662151337,2.668443202972412
split_cell_heldout,global_train_mean,"Myeloid cells, Disulfiram",-0.020525293,0.659423,-0.0968884825706482,1.9323779344558716
split_cell_heldout,global_train_mean,"Myeloid cells, Flutamide",0.16330335,0.6074663,0.27601197361946106,1.7623991966247559
split_cell_heldout,global_train_mean,"Myeloid cells, Desloratadine",0.085418686,0.6348176,0.1466427594423294,1.7501634359359741
split_cell_heldout,global_train_mean,"Myeloid cells, BMS-536924",0.35292777,1.0550994,0.5455007553100586,2.190739870071411
split_cell_heldout,global_train_mean,"Myeloid cells, IKK Inhibitor VII",0.24063723,1.5276401,0.37759822607040405,2.7405734062194824
split_cell_heldout,global_train_mean,"Myeloid cells, Amiodarone",0.021011868,0.6524715,0.029600119218230247,1.8808660507202148
split_cell_heldout,global_train_mean,"Myeloid cells, IMD-0354",0.32948062,1.5454963,0.46811237931251526,2.666856527328491
split_cell_heldout,global_train_mean,"Myeloid cells, Alogliptin",-0.010321153,0.6080243,-0.020712608471512794,1.7321141958236694
split_cell_heldout,global_train_mean,"Myeloid cells, RN-486",0.15754025,0.74308115,0.27745193243026733,1.9711066484451294
split_cell_heldout,global_train_mean,"Myeloid cells, Decitabine",0.20425399,0.52537596,0.4151255488395691,1.6581224203109741
split_cell_heldout,global_train_mean,"Myeloid cells, Cabozantinib",0.070969485,0.76285595,0.2141159325838089,1.9084933996200562
split_cell_heldout,global_train_mean,"Myeloid cells, Defactinib",0.27640152,1.0301476,0.4810178279876709,2.193720579147339
split_cell_heldout,global_train_mean,"Myeloid cells, AZD3514",0.30360168,0.8119459,0.5396608114242554,1.9822286367416382
split_cell_heldout,global_train_mean,"Myeloid cells, HMN-214",0.07321712,0.86488307,0.0775354653596878,2.067488670349121
split_cell_heldout,global_train_mean,"Myeloid cells, CC-401",0.36397138,0.90139616,0.5527385473251343,2.039841413497925
split_cell_heldout,global_train_mean,"Myeloid cells, Resminostat",0.27868816,1.9420948,0.3853074312210083,2.8983335494995117
split_cell_heldout,global_train_mean,"Myeloid cells, Nilotinib",0.20955591,1.1842592,0.34152889251708984,2.4112563133239746
split_cell_heldout,global_train_mean,"Myeloid cells, OSI-930",0.07145591,0.69145185,0.11985565721988678,1.8098344802856445
split_cell_heldout,global_train_mean,"Myeloid cells, Saracatinib",0.40417013,1.4222373,0.5455142855644226,2.5100672245025635
split_cell_heldout,global_train_mean,"Myeloid cells, RG7112",0.24971445,0.7560333,0.45837873220443726,2.181478261947632
split_cell_heldout,global_train_mean,"Myeloid cells, Lamivudine",0.1476935,0.6989576,0.3351755142211914,1.8428549766540527
split_cell_heldout,global_train_mean,"Myeloid cells, AZD-8330",0.1861422,1.1443655,0.3405061960220337,2.405576229095459
split_cell_heldout,global_train_mean,"Myeloid cells, Ceritinib",0.22348127,0.9496267,0.41818100214004517,2.2448930740356445
split_cell_heldout,global_train_mean,"Myeloid cells, CGM-097",-0.106382735,1.2788519,-0.11968033015727997,2.5241527557373047
split_cell_heldout,global_train_mean,"Myeloid cells, SLx-2119",0.035018887,0.6494838,-0.04460090771317482,2.068084239959717
split_cell_heldout,global_train_mean,"Myeloid cells, Nefazodone",0.20146762,0.54147977,0.4694651961326599,1.631334900856018
split_cell_heldout,global_train_mean,"Myeloid cells, TPCA-1",0.30954915,1.4235933,0.45966094732284546,2.5773749351501465
split_cell_heldout,global_train_mean,"Myeloid cells, MGCD-265",0.25664872,0.60061145,0.4394223392009735,1.6760811805725098
split_cell_heldout,global_train_mean,"Myeloid cells, GSK-1070916",0.14596653,0.791379,0.32503387331962585,1.9264030456542969
split_cell_heldout,global_train_mean,"Myeloid cells, Bosutinib",0.35473186,1.6543549,0.4716174900531769,2.7664685249328613
split_cell_heldout,global_train_mean,"Myeloid cells, Clemastine",0.18587676,0.67306685,0.41842785477638245,1.7875361442565918
split_cell_heldout,global_train_mean,"Myeloid cells, YK 4-279",-0.01820685,0.64979476,-0.11888906359672546,1.796876311302185
split_cell_heldout,global_train_mean,"Myeloid cells, Buspirone",0.15914698,0.55559427,0.31699153780937195,1.61745023727417
split_cell_heldout,global_train_mean,"Myeloid cells, GSK256066",0.010345929,1.1143893,0.0326385460793972,2.4613914489746094
split_cell_heldout,global_train_mean,"Myeloid cells, Vandetanib",0.14047629,0.7845972,0.28760066628456116,1.9652518033981323
split_cell_heldout,global_train_mean,"Myeloid cells, Imatinib",0.08929478,0.54081774,0.26266542077064514,1.6286087036132812
split_cell_heldout,global_train_mean,"Myeloid cells, SCH-58261",0.23206462,0.64042085,0.5042693018913269,1.7227439880371094
split_cell_heldout,global_train_mean,"Myeloid cells, Colforsin",0.049869455,0.69247144,0.006028828676789999,1.9957321882247925
split_cell_heldout,global_train_mean,"Myeloid cells, Tosedostat",0.30922052,0.98232675,0.46811702847480774,2.1631438732147217
split_cell_heldout,global_train_mean,"Myeloid cells, ABT-199 (GDC-0199)",-0.06452766,0.6041107,-0.07073907554149628,1.8133970499038696
split_cell_heldout,global_train_mean,"Myeloid cells, Mometasone Furoate",0.38984403,1.9138978,0.5133239030838013,2.8793838024139404
split_cell_heldout,global_train_mean,"Myeloid cells, Tipifarnib",0.30180416,0.80293727,0.555108904838562,1.9318925142288208
split_cell_heldout,global_train_mean,"Myeloid cells, Doxorubicin",0.1492925,2.3389227,0.19568274915218353,3.183595657348633
split_cell_heldout,global_train_mean,"Myeloid cells, PF-03814735",0.42199925,1.8712715,0.5386741161346436,2.8484292030334473
split_cell_heldout,global_train_mean,"Myeloid cells, AZD4547",0.17259978,0.67025846,0.3612237572669983,1.8764797449111938
split_cell_heldout,global_train_mean,"Myeloid cells, Prednisolone",0.31373125,1.564647,0.4356228709220886,2.6868927478790283
split_cell_heldout,global_train_mean,"Myeloid cells, Tacalcitol",0.17373194,2.2103624,0.2280934751033783,3.1497201919555664
split_cell_heldout,global_train_mean,"Myeloid cells, Clotrimazole",0.079509266,0.7541657,0.14282454550266266,1.9485893249511719
split_cell_heldout,global_train_mean,"Myeloid cells, Mubritinib (TAK 165)",0.046331838,1.1728195,0.07950253784656525,2.449178457260132
split_cell_heldout,global_train_mean,"Myeloid cells, Vanoxerine",0.29478112,0.5973515,0.486966073513031,1.6686549186706543
split_cell_heldout,global_train_mean,"Myeloid cells, SB525334",-0.12088659,1.2834501,-0.17584066092967987,2.5956759452819824
split_cell_heldout,global_train_mean,"Myeloid cells, HYDROXYUREA",0.1438874,0.6248485,0.22048375010490417,1.775493860244751
split_cell_heldout,cell_context_mean,"Myeloid cells, MK-5108",0.10387438,0.60245514,0.23843978345394135,1.7511584758758545
split_cell_heldout,cell_context_mean,"Myeloid cells, Ganetespib (STA-9090)",0.3974882,1.4578917,0.5555981993675232,2.548299551010132
split_cell_heldout,cell_context_mean,"Myeloid cells, Sunitinib",0.08791389,0.6766325,0.2330218255519867,1.8055590391159058
split_cell_heldout,cell_context_mean,"Myeloid cells, Tivozanib",0.09686265,0.77208465,0.18247190117835999,2.0138227939605713
split_cell_heldout,cell_context_mean,"Myeloid cells, Tamatinib",0.33070967,1.3611112,0.4879857301712036,2.525935173034668
split_cell_heldout,cell_context_mean,"Myeloid cells, Linagliptin",-0.067256615,0.7277517,-0.14736175537109375,1.9792139530181885
split_cell_heldout,cell_context_mean,"Myeloid cells, 5-(9-Isopropyl-8-methyl-2-morpholino-9H-purin-6-yl)pyrimidin-2-amine",0.38981467,1.5550779,0.5349555611610413,2.696627378463745
split_cell_heldout,cell_context_mean,"Myeloid cells, O-Demethylated Adapalene",0.10562946,0.82337236,0.19446419179439545,2.2319154739379883
split_cell_heldout,cell_context_mean,"Myeloid cells, I-BET151",0.30079436,1.7400402,0.41961851716041565,2.8222813606262207
split_cell_heldout,cell_context_mean,"Myeloid cells, GW843682X",0.05054806,0.75694317,0.13920404016971588,2.073518991470337
split_cell_heldout,cell_context_mean,"Myeloid cells, IN1451",0.24286719,2.409322,0.30290845036506653,3.2370448112487793
split_cell_heldout,cell_context_mean,"Myeloid cells, Raloxifene",-0.04223285,1.007964,-0.02544255182147026,2.2710819244384766
split_cell_heldout,cell_context_mean,"Myeloid cells, Topotecan",0.121004835,1.4929533,0.2011319398880005,2.6451988220214844
split_cell_heldout,cell_context_mean,"Myeloid cells, BAY 87-2243",0.18943955,1.4341068,0.24862618744373322,2.5941216945648193
split_cell_heldout,cell_context_mean,"Myeloid cells, Porcn Inhibitor III",-0.15666784,1.230174,-0.22519977390766144,2.5751755237579346
split_cell_heldout,cell_context_mean,"Myeloid cells, TL_HRAS26",0.007712405,0.6434025,-0.014648767188191414,1.9650474786758423
split_cell_heldout,cell_context_mean,"Myeloid cells, BMS-265246",0.058760807,1.7432919,0.12934967875480652,2.8759820461273193
split_cell_heldout,cell_context_mean,"Myeloid cells, Pomalidomide",-0.030304477,1.0867976,0.04793199524283409,2.5462646484375
split_cell_heldout,cell_context_mean,"Myeloid cells, Dovitinib",-0.008315991,0.9651472,0.08215713500976562,2.2793796062469482
split_cell_heldout,cell_context_mean,"Myeloid cells, Navitoclax",-0.22555667,0.92957515,-0.3493543267250061,2.1798524856567383
split_cell_heldout,cell_context_mean,"Myeloid cells, Methotrexate",0.052307922,0.9312883,0.11519742757081985,2.140225648880005
split_cell_heldout,cell_context_mean,"Myeloid cells, Palbociclib",0.16633537,0.77497536,0.36945751309394836,1.9831146001815796
split_cell_heldout,cell_context_mean,"Myeloid cells, AMD-070 (hydrochloride)",0.09532282,0.7548031,0.2046564370393753,2.0359606742858887
split_cell_heldout,cell_context_mean,"Myeloid cells, FK 866",0.13099308,1.1698301,0.22035935521125793,2.376803398132324
split_cell_heldout,cell_context_mean,"Myeloid cells, Scriptaid",0.25170654,1.9078773,0.3534370958805084,2.9458768367767334
split_cell_heldout,cell_context_mean,"Myeloid cells, Dactolisib",0.426023,2.077765,0.5333283543586731,3.033776044845581
split_cell_heldout,cell_context_mean,"Myeloid cells, Isoniazid",0.08798628,0.61174256,0.15663199126720428,1.7604337930679321
split_cell_heldout,cell_context_mean,"Myeloid cells, Idelalisib",0.119088404,0.9803388,0.24173378944396973,2.1460952758789062
split_cell_heldout,cell_context_mean,"Myeloid cells, Penfluridol",0.03989753,0.743839,0.1418805867433548,1.8745579719543457
split_cell_heldout,cell_context_mean,"Myeloid cells, Quizartinib",0.10195913,0.792508,0.18394708633422852,2.2351982593536377
split_cell_heldout,cell_context_mean,"Myeloid cells, PD-0325901",0.16761999,1.3824102,0.26312360167503357,2.5799601078033447
split_cell_heldout,cell_context_mean,"Myeloid cells, LDN 193189",-0.08054937,0.8173782,-0.07704988121986389,2.070765733718872
split_cell_heldout,cell_context_mean,"Myeloid cells, Riociguat",0.2136336,0.584117,0.4240908622741699,1.6816375255584717
split_cell_heldout,cell_context_mean,"Myeloid cells, CHIR-99021",-0.06478444,1.2437227,-0.11065205931663513,2.4735195636749268
split_cell_heldout,cell_context_mean,"Myeloid cells, BI-D1870",0.11434822,0.8778997,0.26898637413978577,2.1084160804748535
split_cell_heldout,cell_context_mean,"Myeloid cells, Crizotinib",0.33932242,0.9358633,0.5073059797286987,2.1700689792633057
split_cell_heldout,cell_context_mean,"Myeloid cells, Azacitidine",0.10300786,0.6156417,0.2933520972728729,1.7217141389846802
split_cell_heldout,cell_context_mean,"Myeloid cells, TR-14035",0.16643287,0.61651087,0.30344605445861816,1.7831768989562988
split_cell_heldout,cell_context_mean,"Myeloid cells, AT 7867",0.10397396,1.3286049,0.2232142984867096,2.5318405628204346
split_cell_heldout,cell_context_mean,"Myeloid cells, GO-6976",0.010499664,1.1761279,0.049083732068538666,2.3524787425994873
split_cell_heldout,cell_context_mean,"Myeloid cells, TGX 221",0.3251796,0.9528228,0.5211657881736755,2.1605265140533447
split_cell_heldout,cell_context_mean,"Myeloid cells, Pitavastatin Calcium",-0.0573882,2.3523712,-0.05689462274312973,3.2323923110961914
split_cell_heldout,cell_context_mean,"Myeloid cells, ABT737",-0.06634933,0.97455263,-0.031286872923374176,2.284196376800537
split_cell_heldout,cell_context_mean,"Myeloid cells, PRT-062607",0.3481874,1.4387031,0.4893409311771393,2.5790371894836426
split_cell_heldout,cell_context_mean,"Myeloid cells, AZ628",0.18381606,0.97975814,0.31103354692459106,2.1803576946258545
split_cell_heldout,cell_context_mean,"Myeloid cells, Masitinib",0.23641223,0.7299563,0.48728466033935547,1.9375066757202148
split_cell_heldout,cell_context_mean,"Myeloid cells, STK219801",0.21784364,0.6459849,0.35680219531059265,1.9014962911605835
split_cell_heldout,cell_context_mean,"Myeloid cells, Ricolinostat",0.046725824,1.18184,0.10813583433628082,2.4370527267456055
split_cell_heldout,cell_context_mean,"Myeloid cells, Midostaurin",0.17341574,1.150034,0.3028236925601959,2.3900516033172607
split_cell_heldout,cell_context_mean,"Myeloid cells, CEP-37440",0.051633816,0.9565095,0.127674400806427,2.2409818172454834
split_cell_heldout,cell_context_mean,"Myeloid cells, R428",0.17961693,2.044565,0.25406771898269653,3.0412325859069824
split_cell_heldout,cell_context_mean,"Myeloid cells, Oxybenzone",0.110829845,0.54891634,0.203323096036911,1.6692204475402832
split_cell_heldout,cell_context_mean,"Myeloid cells, Tivantinib",0.17939572,0.81955266,0.3399110436439514,2.0559587478637695
split_cell_heldout,cell_context_mean,"Myeloid cells, Colchicine",0.13509509,2.468396,0.17930108308792114,3.284646511077881
split_cell_heldout,cell_context_mean,"Myeloid cells, BX 912",0.21352892,0.83667266,0.3729202449321747,2.0278377532958984
split_cell_heldout,cell_context_mean,"Myeloid cells, Selumetinib",0.21310425,1.0610138,0.3637112081050873,2.313793659210205
split_cell_heldout,cell_context_mean,"Myeloid cells, RG7090",-0.044058584,0.88350683,-0.003395501058548689,2.114567279815674
split_cell_heldout,cell_context_mean,"Myeloid cells, GLPG0634",0.28831214,0.9066298,0.5396088361740112,2.0882718563079834
split_cell_heldout,cell_context_mean,"Myeloid cells, TIE2 Kinase Inhibitor",-0.022482775,0.67972195,-0.012049469165503979,1.9194445610046387
split_cell_heldout,cell_context_mean,"Myeloid cells, Lapatinib",-0.13182372,0.6947946,-0.2010882943868637,2.0000290870666504
split_cell_heldout,cell_context_mean,"Myeloid cells, Atorvastatin",-0.05743544,0.76028955,-0.14159367978572845,2.137831211090088
split_cell_heldout,cell_context_mean,"Myeloid cells, Clomipramine",0.21884565,0.6626618,0.45756274461746216,1.8139351606369019
split_cell_heldout,cell_context_mean,"Myeloid cells, Ixabepilone",0.096584,0.6708498,0.08480608463287354,1.9003394842147827
split_cell_heldout,cell_context_mean,"Myeloid cells, Protriptyline",-0.007324581,0.5736798,-0.15625429153442383,1.771420955657959
split_cell_heldout,cell_context_mean,"Myeloid cells, Phenylbutazone",-0.019611506,0.6037187,-0.0960274413228035,1.7350788116455078
split_cell_heldout,cell_context_mean,"Myeloid cells, K-02288",-0.029681426,1.0072895,-0.032377712428569794,2.319737195968628
split_cell_heldout,cell_context_mean,"Myeloid cells, BMS-777607",0.1585943,0.7778048,0.2840004861354828,2.025695323944092
split_cell_heldout,cell_context_mean,"Myeloid cells, Vorinostat",0.26151702,1.8441954,0.3730052411556244,2.8913183212280273
split_cell_heldout,cell_context_mean,"Myeloid cells, Ruxolitinib",0.3072883,1.4640287,0.4656340479850769,2.6601829528808594
split_cell_heldout,cell_context_mean,"Myeloid cells, AVL-292",0.18339817,0.938989,0.33852237462997437,2.173398733139038
split_cell_heldout,cell_context_mean,"Myeloid cells, Trametinib",-0.009075465,1.4589795,-0.004877051804214716,2.660698175430298
split_cell_heldout,cell_context_mean,"Myeloid cells, Sgc-cbp30",0.22269167,0.9706789,0.4037539064884186,2.1650664806365967
split_cell_heldout,cell_context_mean,"Myeloid cells, Chlorpheniramine",0.035071984,0.5675996,-0.03542621061205864,1.7421396970748901
split_cell_heldout,cell_context_mean,"Myeloid cells, BAY 61-3606",0.32911178,1.8888148,0.4330125153064728,2.9073169231414795
split_cell_heldout,cell_context_mean,"Myeloid cells, LY2090314",0.09734012,2.143662,0.1426992267370224,3.1046340465545654
split_cell_heldout,cell_context_mean,"Myeloid cells, Vardenafil",0.091687575,0.7097984,0.24733451008796692,1.8537639379501343
split_cell_heldout,cell_context_mean,"Myeloid cells, Dasatinib",0.40073287,1.5107198,0.5507097840309143,2.5843582153320312
split_cell_heldout,cell_context_mean,"Myeloid cells, AT13387",0.36216247,1.3214544,0.5150687098503113,2.407331943511963
split_cell_heldout,cell_context_mean,"Myeloid cells, Perhexiline",0.32131633,0.9210444,0.5197685360908508,2.1069447994232178
split_cell_heldout,cell_context_mean,"Myeloid cells, RVX-208",0.2020927,0.8915276,0.35792937874794006,2.097630500793457
split_cell_heldout,cell_context_mean,"Myeloid cells, Ketoconazole",-0.109040655,1.4193178,-0.20606009662151337,2.668443202972412
split_cell_heldout,cell_context_mean,"Myeloid cells, Disulfiram",-0.020525293,0.659423,-0.0968884825706482,1.9323779344558716
split_cell_heldout,cell_context_mean,"Myeloid cells, Flutamide",0.16330335,0.6074663,0.27601197361946106,1.7623991966247559
split_cell_heldout,cell_context_mean,"Myeloid cells, Desloratadine",0.085418686,0.6348176,0.1466427594423294,1.7501634359359741
split_cell_heldout,cell_context_mean,"Myeloid cells, BMS-536924",0.35292777,1.0550994,0.5455007553100586,2.190739870071411
split_cell_heldout,cell_context_mean,"Myeloid cells, IKK Inhibitor VII",0.24063723,1.5276401,0.37759822607040405,2.7405734062194824
split_cell_heldout,cell_context_mean,"Myeloid cells, Amiodarone",0.021011868,0.6524715,0.029600119218230247,1.8808660507202148
split_cell_heldout,cell_context_mean,"Myeloid cells, IMD-0354",0.32948062,1.5454963,0.46811237931251526,2.666856527328491
split_cell_heldout,cell_context_mean,"Myeloid cells, Alogliptin",-0.010321153,0.6080243,-0.020712608471512794,1.7321141958236694
split_cell_heldout,cell_context_mean,"Myeloid cells, RN-486",0.15754025,0.74308115,0.27745193243026733,1.9711066484451294
split_cell_heldout,cell_context_mean,"Myeloid cells, Decitabine",0.20425399,0.52537596,0.4151255488395691,1.6581224203109741
split_cell_heldout,cell_context_mean,"Myeloid cells, Cabozantinib",0.070969485,0.76285595,0.2141159325838089,1.9084933996200562
split_cell_heldout,cell_context_mean,"Myeloid cells, Defactinib",0.27640152,1.0301476,0.4810178279876709,2.193720579147339
split_cell_heldout,cell_context_mean,"Myeloid cells, AZD3514",0.30360168,0.8119459,0.5396608114242554,1.9822286367416382
split_cell_heldout,cell_context_mean,"Myeloid cells, HMN-214",0.07321712,0.86488307,0.0775354653596878,2.067488670349121
split_cell_heldout,cell_context_mean,"Myeloid cells, CC-401",0.36397138,0.90139616,0.5527385473251343,2.039841413497925
split_cell_heldout,cell_context_mean,"Myeloid cells, Resminostat",0.27868816,1.9420948,0.3853074312210083,2.8983335494995117
split_cell_heldout,cell_context_mean,"Myeloid cells, Nilotinib",0.20955591,1.1842592,0.34152889251708984,2.4112563133239746
split_cell_heldout,cell_context_mean,"Myeloid cells, OSI-930",0.07145591,0.69145185,0.11985565721988678,1.8098344802856445
split_cell_heldout,cell_context_mean,"Myeloid cells, Saracatinib",0.40417013,1.4222373,0.5455142855644226,2.5100672245025635
split_cell_heldout,cell_context_mean,"Myeloid cells, RG7112",0.24971445,0.7560333,0.45837873220443726,2.181478261947632
split_cell_heldout,cell_context_mean,"Myeloid cells, Lamivudine",0.1476935,0.6989576,0.3351755142211914,1.8428549766540527
split_cell_heldout,cell_context_mean,"Myeloid cells, AZD-8330",0.1861422,1.1443655,0.3405061960220337,2.405576229095459
split_cell_heldout,cell_context_mean,"Myeloid cells, Ceritinib",0.22348127,0.9496267,0.41818100214004517,2.2448930740356445
split_cell_heldout,cell_context_mean,"Myeloid cells, CGM-097",-0.106382735,1.2788519,-0.11968033015727997,2.5241527557373047
split_cell_heldout,cell_context_mean,"Myeloid cells, SLx-2119",0.035018887,0.6494838,-0.04460090771317482,2.068084239959717
split_cell_heldout,cell_context_mean,"Myeloid cells, Nefazodone",0.20146762,0.54147977,0.4694651961326599,1.631334900856018
split_cell_heldout,cell_context_mean,"Myeloid cells, TPCA-1",0.30954915,1.4235933,0.45966094732284546,2.5773749351501465
split_cell_heldout,cell_context_mean,"Myeloid cells, MGCD-265",0.25664872,0.60061145,0.4394223392009735,1.6760811805725098
split_cell_heldout,cell_context_mean,"Myeloid cells, GSK-1070916",0.14596653,0.791379,0.32503387331962585,1.9264030456542969
split_cell_heldout,cell_context_mean,"Myeloid cells, Bosutinib",0.35473186,1.6543549,0.4716174900531769,2.7664685249328613
split_cell_heldout,cell_context_mean,"Myeloid cells, Clemastine",0.18587676,0.67306685,0.41842785477638245,1.7875361442565918
split_cell_heldout,cell_context_mean,"Myeloid cells, YK 4-279",-0.01820685,0.64979476,-0.11888906359672546,1.796876311302185
split_cell_heldout,cell_context_mean,"Myeloid cells, Buspirone",0.15914698,0.55559427,0.31699153780937195,1.61745023727417
split_cell_heldout,cell_context_mean,"Myeloid cells, GSK256066",0.010345929,1.1143893,0.0326385460793972,2.4613914489746094
split_cell_heldout,cell_context_mean,"Myeloid cells, Vandetanib",0.14047629,0.7845972,0.28760066628456116,1.9652518033981323
split_cell_heldout,cell_context_mean,"Myeloid cells, Imatinib",0.08929478,0.54081774,0.26266542077064514,1.6286087036132812
split_cell_heldout,cell_context_mean,"Myeloid cells, SCH-58261",0.23206462,0.64042085,0.5042693018913269,1.7227439880371094
split_cell_heldout,cell_context_mean,"Myeloid cells, Colforsin",0.049869455,0.69247144,0.006028828676789999,1.9957321882247925
split_cell_heldout,cell_context_mean,"Myeloid cells, Tosedostat",0.30922052,0.98232675,0.46811702847480774,2.1631438732147217
split_cell_heldout,cell_context_mean,"Myeloid cells, ABT-199 (GDC-0199)",-0.06452766,0.6041107,-0.07073907554149628,1.8133970499038696
split_cell_heldout,cell_context_mean,"Myeloid cells, Mometasone Furoate",0.38984403,1.9138978,0.5133239030838013,2.8793838024139404
split_cell_heldout,cell_context_mean,"Myeloid cells, Tipifarnib",0.30180416,0.80293727,0.555108904838562,1.9318925142288208
split_cell_heldout,cell_context_mean,"Myeloid cells, Doxorubicin",0.1492925,2.3389227,0.19568274915218353,3.183595657348633
split_cell_heldout,cell_context_mean,"Myeloid cells, PF-03814735",0.42199925,1.8712715,0.5386741161346436,2.8484292030334473
split_cell_heldout,cell_context_mean,"Myeloid cells, AZD4547",0.17259978,0.67025846,0.3612237572669983,1.8764797449111938
split_cell_heldout,cell_context_mean,"Myeloid cells, Prednisolone",0.31373125,1.564647,0.4356228709220886,2.6868927478790283
split_cell_heldout,cell_context_mean,"Myeloid cells, Tacalcitol",0.17373194,2.2103624,0.2280934751033783,3.1497201919555664
split_cell_heldout,cell_context_mean,"Myeloid cells, Clotrimazole",0.079509266,0.7541657,0.14282454550266266,1.9485893249511719
split_cell_heldout,cell_context_mean,"Myeloid cells, Mubritinib (TAK 165)",0.046331838,1.1728195,0.07950253784656525,2.449178457260132
split_cell_heldout,cell_context_mean,"Myeloid cells, Vanoxerine",0.29478112,0.5973515,0.486966073513031,1.6686549186706543
split_cell_heldout,cell_context_mean,"Myeloid cells, SB525334",-0.12088659,1.2834501,-0.17584066092967987,2.5956759452819824
split_cell_heldout,cell_context_mean,"Myeloid cells, HYDROXYUREA",0.1438874,0.6248485,0.22048375010490417,1.775493860244751
split_cell_heldout,drug_mean,"Myeloid cells, MK-5108",0.25817844,0.60182816,0.45958760380744934,1.6286102533340454
split_cell_heldout,drug_mean,"Myeloid cells, Ganetespib (STA-9090)",0.4187448,1.5997324,0.5844385027885437,2.2025904655456543
split_cell_heldout,drug_mean,"Myeloid cells, Sunitinib",0.1775261,0.7592779,0.44744598865509033,1.6733473539352417
split_cell_heldout,drug_mean,"Myeloid cells, Tivozanib",0.18759261,0.8170163,0.3681196868419647,1.914036512374878
split_cell_heldout,drug_mean,"Myeloid cells, Tamatinib",0.41467404,1.3198138,0.5763503909111023,2.223799705505371
split_cell_heldout,drug_mean,"Myeloid cells, Linagliptin",0.04993,0.73912257,0.10981498658657074,1.9220584630966187
split_cell_heldout,drug_mean,"Myeloid cells, 5-(9-Isopropyl-8-methyl-2-morpholino-9H-purin-6-yl)pyrimidin-2-amine",0.54048586,1.3834789,0.6876358389854431,2.136638879776001
split_cell_heldout,drug_mean,"Myeloid cells, O-Demethylated Adapalene",0.1556818,0.8587575,0.27828577160835266,2.1757314205169678
split_cell_heldout,drug_mean,"Myeloid cells, I-BET151",0.52235585,1.5618753,0.6582214832305908,2.2386083602905273
split_cell_heldout,drug_mean,"Myeloid cells, GW843682X",0.22453639,0.7536147,0.37131643295288086,1.9040610790252686
split_cell_heldout,drug_mean,"Myeloid cells, IN1451",0.6820815,1.7991223,0.7795103192329407,2.180737018585205
split_cell_heldout,drug_mean,"Myeloid cells, Raloxifene",0.14757563,1.0240219,0.2285800725221634,2.2004294395446777
split_cell_heldout,drug_mean,"Myeloid cells, Topotecan",0.42974198,1.3582798,0.5676543712615967,2.294872760772705
split_cell_heldout,drug_mean,"Myeloid cells, BAY 87-2243",0.3140229,1.4438196,0.4027000367641449,2.411824941635132
split_cell_heldout,drug_mean,"Myeloid cells, Porcn Inhibitor III",0.24338672,1.1463114,0.3850608468055725,2.3721485137939453
split_cell_heldout,drug_mean,"Myeloid cells, TL_HRAS26",0.12637636,0.6661867,0.37390831112861633,1.8407849073410034
split_cell_heldout,drug_mean,"Myeloid cells, BMS-265246",0.43472973,1.5845277,0.564691960811615,2.4537763595581055
split_cell_heldout,drug_mean,"Myeloid cells, Pomalidomide",0.24843556,1.1495619,0.4128234088420868,2.3023836612701416
split_cell_heldout,drug_mean,"Myeloid cells, Dovitinib",0.12996684,1.0414526,0.29718369245529175,2.1860060691833496
split_cell_heldout,drug_mean,"Myeloid cells, Navitoclax",0.26288655,0.8491247,0.44435685873031616,1.8864303827285767
split_cell_heldout,drug_mean,"Myeloid cells, Methotrexate",0.16623358,0.93768513,0.27242806553840637,2.060201644897461
split_cell_heldout,drug_mean,"Myeloid cells, Palbociclib",0.20787744,0.7942764,0.4164219796657562,1.922315001487732
split_cell_heldout,drug_mean,"Myeloid cells, AMD-070 (hydrochloride)",0.20478107,0.7603496,0.43772780895233154,1.9307076930999756
split_cell_heldout,drug_mean,"Myeloid cells, FK 866",0.3908243,1.0938623,0.5750001668930054,2.0819590091705322
split_cell_heldout,drug_mean,"Myeloid cells, Scriptaid",0.4873167,1.8231152,0.6030967235565186,2.4069879055023193
split_cell_heldout,drug_mean,"Myeloid cells, Dactolisib",0.58949244,1.7533379,0.6706568598747253,2.4283347129821777
split_cell_heldout,drug_mean,"Myeloid cells, Isoniazid",0.11273267,0.64368033,0.17386667430400848,1.75322687625885
split_cell_heldout,drug_mean,"Myeloid cells, Idelalisib",0.21735963,1.0534844,0.3783395290374756,2.039804458618164
split_cell_heldout,drug_mean,"Myeloid cells, Penfluridol",0.17406203,0.7411616,0.36379438638687134,1.790758728981018
split_cell_heldout,drug_mean,"Myeloid cells, Quizartinib",0.12723999,0.81841034,0.2978871166706085,2.1949243545532227
split_cell_heldout,drug_mean,"Myeloid cells, PD-0325901",0.19838618,1.4144636,0.31202569603919983,2.5133721828460693
split_cell_heldout,drug_mean,"Myeloid cells, LDN 193189",0.2170142,0.7763546,0.421755850315094,1.8805760145187378
split_cell_heldout,drug_mean,"Myeloid cells, Riociguat",0.14361125,0.63495404,0.31096625328063965,1.6960201263427734
split_cell_heldout,drug_mean,"Myeloid cells, CHIR-99021",0.4073743,1.1298876,0.5736384391784668,2.04258394241333
split_cell_heldout,drug_mean,"Myeloid cells, BI-D1870",0.2109828,0.8740485,0.3556707203388214,2.0385208129882812
split_cell_heldout,drug_mean,"Myeloid cells, Crizotinib",0.35229474,0.96608365,0.5271682739257812,2.0067596435546875
split_cell_heldout,drug_mean,"Myeloid cells, Azacitidine",0.15465598,0.67596436,0.368890643119812,1.6518425941467285
split_cell_heldout,drug_mean,"Myeloid cells, TR-14035",0.18951932,0.6677065,0.3646821081638336,1.730688452720642
split_cell_heldout,drug_mean,"Myeloid cells, AT 7867",0.16052012,1.3616338,0.2801806330680847,2.4786717891693115
split_cell_heldout,drug_mean,"Myeloid cells, GO-6976",0.28982386,1.121717,0.457269549369812,2.1380622386932373
split_cell_heldout,drug_mean,"Myeloid cells, TGX 221",0.33508584,0.98148954,0.5248223543167114,2.0144269466400146
split_cell_heldout,drug_mean,"Myeloid cells, Pitavastatin Calcium",0.4104219,2.1264486,0.47795745730400085,2.8198671340942383
split_cell_heldout,drug_mean,"Myeloid cells, ABT737",0.21567246,0.9460581,0.4405396282672882,2.093644857406616
split_cell_heldout,drug_mean,"Myeloid cells, PRT-062607",0.37537274,1.4111686,0.5228636264801025,2.359236001968384
split_cell_heldout,drug_mean,"Myeloid cells, AZ628",0.26064426,1.0235137,0.4404355585575104,2.0351028442382812
split_cell_heldout,drug_mean,"Myeloid cells, Masitinib",0.22975147,0.7713268,0.4320165514945984,1.9046016931533813
split_cell_heldout,drug_mean,"Myeloid cells, STK219801",0.30872363,0.65502393,0.49400874972343445,1.6987587213516235
split_cell_heldout,drug_mean,"Myeloid cells, Ricolinostat",0.40178627,1.0787601,0.5735006332397461,2.0735831260681152
split_cell_heldout,drug_mean,"Myeloid cells, Midostaurin",0.2537514,1.1766902,0.44506382942199707,2.236185312271118
split_cell_heldout,drug_mean,"Myeloid cells, CEP-37440",0.1395645,0.9934099,0.2694608271121979,2.174642324447632
split_cell_heldout,drug_mean,"Myeloid cells, R428",0.32814267,1.9678631,0.4178455173969269,2.822134256362915
split_cell_heldout,drug_mean,"Myeloid cells, Oxybenzone",0.16079077,0.5741736,0.3431181311607361,1.621104121208191
split_cell_heldout,drug_mean,"Myeloid cells, Tivantinib",0.2927451,0.83377576,0.5133663415908813,1.8730483055114746
split_cell_heldout,drug_mean,"Myeloid cells, Colchicine",0.36707002,2.3285022,0.42868831753730774,3.0704305171966553
split_cell_heldout,drug_mean,"Myeloid cells, BX 912",0.2139125,0.9190208,0.42111727595329285,1.9415031671524048
split_cell_heldout,drug_mean,"Myeloid cells, Selumetinib",0.22874467,1.0927297,0.3859246075153351,2.2373247146606445
split_cell_heldout,drug_mean,"Myeloid cells, RG7090",0.28401238,0.83475006,0.48382943868637085,1.8697248697280884
split_cell_heldout,drug_mean,"Myeloid cells, GLPG0634",0.31590134,0.947945,0.5667030811309814,1.9163119792938232
split_cell_heldout,drug_mean,"Myeloid cells, TIE2 Kinase Inhibitor",0.18433604,0.6658966,0.3332248628139496,1.8098580837249756
split_cell_heldout,drug_mean,"Myeloid cells, Lapatinib",0.21856369,0.67095834,0.44758301973342896,1.755143642425537
split_cell_heldout,drug_mean,"Myeloid cells, Atorvastatin",0.22802402,0.72625875,0.4981050491333008,1.8838059902191162
split_cell_heldout,drug_mean,"Myeloid cells, Clomipramine",0.26523912,0.6817086,0.5092365741729736,1.7317880392074585
split_cell_heldout,drug_mean,"Myeloid cells, Ixabepilone",0.18283707,0.6830428,0.33373790979385376,1.784783124923706
split_cell_heldout,drug_mean,"Myeloid cells, Protriptyline",0.15233456,0.57324535,0.2613152265548706,1.6475322246551514
split_cell_heldout,drug_mean,"Myeloid cells, Phenylbutazone",0.16267493,0.6035885,0.23364000022411346,1.657736897468567
split_cell_heldout,drug_mean,"Myeloid cells, K-02288",0.07689222,1.0111283,0.16419865190982819,2.2674202919006348
split_cell_heldout,drug_mean,"Myeloid cells, BMS-777607",0.15330249,0.8189238,0.2686174809932709,2.0081405639648438
split_cell_heldout,drug_mean,"Myeloid cells, Vorinostat",0.46622276,1.7828974,0.5948813557624817,2.388350248336792
split_cell_heldout,drug_mean,"Myeloid cells, Ruxolitinib",0.33008835,1.4458218,0.4798150062561035,2.504753828048706
split_cell_heldout,drug_mean,"Myeloid cells, AVL-292",0.21629581,1.0222468,0.3960321247577667,2.0759809017181396
split_cell_heldout,drug_mean,"Myeloid cells, Trametinib",0.27363968,1.3869703,0.40956515073776245,2.4648146629333496
split_cell_heldout,drug_mean,"Myeloid cells, Sgc-cbp30",0.24687788,0.99608004,0.440828412771225,2.0659022331237793
split_cell_heldout,drug_mean,"Myeloid cells, Chlorpheniramine",0.07019551,0.62978673,0.06294705718755722,1.7349966764450073
split_cell_heldout,drug_mean,"Myeloid cells, BAY 61-3606",0.4706348,1.741503,0.5871280431747437,2.4676802158355713
split_cell_heldout,drug_mean,"Myeloid cells, LY2090314",0.20696281,2.2852674,0.2569352090358734,3.080972194671631
split_cell_heldout,drug_mean,"Myeloid cells, Vardenafil",0.14983855,0.73318636,0.27167707681655884,1.8203054666519165
split_cell_heldout,drug_mean,"Myeloid cells, Dasatinib",0.45920178,1.4136819,0.6103200316429138,2.267838954925537
split_cell_heldout,drug_mean,"Myeloid cells, AT13387",0.33985108,1.5823287,0.49639132618904114,2.2351293563842773
split_cell_heldout,drug_mean,"Myeloid cells, Perhexiline",0.36593187,0.98778504,0.5895696878433228,1.8522051572799683
split_cell_heldout,drug_mean,"Myeloid cells, RVX-208",0.4019425,0.85569227,0.5987141728401184,1.7953479290008545
split_cell_heldout,drug_mean,"Myeloid cells, Ketoconazole",0.50293833,1.1928402,0.6493741273880005,2.050454616546631
split_cell_heldout,drug_mean,"Myeloid cells, Disulfiram",0.12466658,0.67603827,0.291737824678421,1.8124781847000122
split_cell_heldout,drug_mean,"Myeloid cells, Flutamide",0.121386394,0.6575119,0.19250908493995667,1.7878928184509277
split_cell_heldout,drug_mean,"Myeloid cells, Desloratadine",0.18766555,0.6478853,0.4418887197971344,1.6340240240097046
split_cell_heldout,drug_mean,"Myeloid cells, BMS-536924",0.318162,1.1383787,0.5059413313865662,2.0283896923065186
split_cell_heldout,drug_mean,"Myeloid cells, IKK Inhibitor VII",0.2995521,1.5132942,0.4511403441429138,2.574225425720215
split_cell_heldout,drug_mean,"Myeloid cells, Amiodarone",0.1335382,0.6729025,0.21797536313533783,1.81987464427948
split_cell_heldout,drug_mean,"Myeloid cells, IMD-0354",0.47473675,1.4487293,0.617265522480011,2.214914083480835
split_cell_heldout,drug_mean,"Myeloid cells, Alogliptin",0.1546533,0.61291474,0.3358677923679352,1.6383877992630005
split_cell_heldout,drug_mean,"Myeloid cells, RN-486",-0.02874173,0.8348011,-0.08710802346467972,2.0901906490325928
split_cell_heldout,drug_mean,"Myeloid cells, Decitabine",0.11889709,0.58422583,0.2466990202665329,1.6988285779953003
split_cell_heldout,drug_mean,"Myeloid cells, Cabozantinib",0.17664117,0.78877485,0.3237718641757965,1.846720576286316
split_cell_heldout,drug_mean,"Myeloid cells, Defactinib",0.31753433,1.0273412,0.5100403428077698,2.05761456489563
split_cell_heldout,drug_mean,"Myeloid cells, AZD3514",0.3798759,0.81244576,0.6261283159255981,1.743562936782837
split_cell_heldout,drug_mean,"Myeloid cells, HMN-214",0.41016343,0.78064275,0.6535026431083679,1.679711937904358
split_cell_heldout,drug_mean,"Myeloid cells, CC-401",0.45148677,0.8677246,0.6353919506072998,1.783410668373108
split_cell_heldout,drug_mean,"Myeloid cells, Resminostat",0.47549585,1.8550192,0.591847836971283,2.4013619422912598
split_cell_heldout,drug_mean,"Myeloid cells, Nilotinib",0.3151627,1.1770054,0.4733905494213104,2.2303366661071777
split_cell_heldout,drug_mean,"Myeloid cells, OSI-930",0.19203301,0.694046,0.29188892245292664,1.7160110473632812
split_cell_heldout,drug_mean,"Myeloid cells, Saracatinib",0.4916905,1.3086319,0.6306418180465698,2.2054944038391113
split_cell_heldout,drug_mean,"Myeloid cells, RG7112",0.38743567,0.7297022,0.5165814161300659,1.9130853414535522
split_cell_heldout,drug_mean,"Myeloid cells, Lamivudine",0.13036367,0.7418613,0.3042532503604889,1.8321177959442139
split_cell_heldout,drug_mean,"Myeloid cells, AZD-8330",0.18460397,1.2048684,0.33826684951782227,2.3532755374908447
split_cell_heldout,drug_mean,"Myeloid cells, Ceritinib",0.20294097,0.9828333,0.4359866678714752,2.1947474479675293
split_cell_heldout,drug_mean,"Myeloid cells, CGM-097",0.48141772,1.1112869,0.6258249282836914,1.9304704666137695
split_cell_heldout,drug_mean,"Myeloid cells, SLx-2119",0.16994293,0.6908318,0.3845204710960388,1.8126410245895386
split_cell_heldout,drug_mean,"Myeloid cells, Nefazodone",0.17007273,0.5924298,0.2362195998430252,1.6787927150726318
split_cell_heldout,drug_mean,"Myeloid cells, TPCA-1",0.36399582,1.4168371,0.5269835591316223,2.337841749191284
split_cell_heldout,drug_mean,"Myeloid cells, MGCD-265",0.20193945,0.6573746,0.4205937087535858,1.6400150060653687
split_cell_heldout,drug_mean,"Myeloid cells, GSK-1070916",0.28434068,0.7807524,0.4907541275024414,1.7806371450424194
split_cell_heldout,drug_mean,"Myeloid cells, Bosutinib",0.46464095,1.5263222,0.6003646850585938,2.4152417182922363
split_cell_heldout,drug_mean,"Myeloid cells, Clemastine",0.2891905,0.68117136,0.5032005310058594,1.6982556581497192
split_cell_heldout,drug_mean,"Myeloid cells, YK 4-279",0.20532472,0.647276,0.40938320755958557,1.6110261678695679
split_cell_heldout,drug_mean,"Myeloid cells, Buspirone",0.18624413,0.5792259,0.27747780084609985,1.6039822101593018
split_cell_heldout,drug_mean,"Myeloid cells, GSK256066",0.17556575,1.1573639,0.2855560779571533,2.3528642654418945
split_cell_heldout,drug_mean,"Myeloid cells, Vandetanib",0.092654265,0.8417646,0.23520112037658691,1.9656113386154175
split_cell_heldout,drug_mean,"Myeloid cells, Imatinib",0.111183405,0.58047694,0.27765363454818726,1.6149131059646606
split_cell_heldout,drug_mean,"Myeloid cells, SCH-58261",0.15344135,0.69076306,0.2862932085990906,1.77937650680542
split_cell_heldout,drug_mean,"Myeloid cells, Colforsin",0.15219809,0.70723534,0.2841264009475708,1.9161256551742554
split_cell_heldout,drug_mean,"Myeloid cells, Tosedostat",0.35705796,0.97209007,0.5619350671768188,1.9921725988388062
split_cell_heldout,drug_mean,"Myeloid cells, ABT-199 (GDC-0199)",0.11793802,0.66258013,0.23677171766757965,1.7250479459762573
split_cell_heldout,drug_mean,"Myeloid cells, Mometasone Furoate",0.45652193,1.7762641,0.579981803894043,2.5164480209350586
split_cell_heldout,drug_mean,"Myeloid cells, Tipifarnib",0.33870712,0.8136854,0.6019483804702759,1.7807841300964355
split_cell_heldout,drug_mean,"Myeloid cells, Doxorubicin",0.5334723,2.0119767,0.6151191592216492,2.6494300365448
split_cell_heldout,drug_mean,"Myeloid cells, PF-03814735",0.50894976,1.6913192,0.6151753664016724,2.4824440479278564
split_cell_heldout,drug_mean,"Myeloid cells, AZD4547",0.15893158,0.7051963,0.42917099595069885,1.8158960342407227
split_cell_heldout,drug_mean,"Myeloid cells, Prednisolone",0.3585597,1.5547925,0.4980333745479584,2.4430665969848633
split_cell_heldout,drug_mean,"Myeloid cells, Tacalcitol",0.19648403,2.19588,0.2592483460903168,3.1082136631011963
split_cell_heldout,drug_mean,"Myeloid cells, Clotrimazole",0.16273081,0.76551664,0.341156542301178,1.86556875705719
split_cell_heldout,drug_mean,"Myeloid cells, Mubritinib (TAK 165)",0.238421,1.2140837,0.3755280077457428,2.29129695892334
split_cell_heldout,drug_mean,"Myeloid cells, Vanoxerine",0.21285343,0.65751314,0.40181589126586914,1.65474534034729
split_cell_heldout,drug_mean,"Myeloid cells, SB525334",0.40956292,1.1267998,0.5877432227134705,2.1860313415527344
split_cell_heldout,drug_mean,"Myeloid cells, HYDROXYUREA",0.102087036,0.67312616,0.14635714888572693,1.7984771728515625
split_scaffold_heldout,global_train_mean,"B cells, MK-5108",0.22554539,0.5715701,0.4418222904205322,1.6566121578216553
split_scaffold_heldout,global_train_mean,"Myeloid cells, MK-5108",0.16266645,0.59108734,0.3386348485946655,1.7226063013076782
split_scaffold_heldout,global_train_mean,"NK cells, MK-5108",0.062079363,0.68656987,0.15717144310474396,1.8553787469863892
split_scaffold_heldout,global_train_mean,"T cells, MK-5108",0.12612772,0.55022603,0.2052840292453766,1.6772363185882568
split_scaffold_heldout,global_train_mean,"NK cells, Atorvastatin",0.1230061,0.66074115,0.20438465476036072,1.7406398057937622
split_scaffold_heldout,global_train_mean,"T cells, Atorvastatin",0.22818567,0.54169005,0.4339478313922882,1.6154035329818726
split_scaffold_heldout,global_train_mean,"B cells, O-Demethylated Adapalene",0.4099287,0.661477,0.6541318893432617,1.7756092548370361
split_scaffold_heldout,global_train_mean,"Myeloid cells, O-Demethylated Adapalene",0.19983329,0.8017221,0.3710554242134094,2.1740925312042236
split_scaffold_heldout,global_train_mean,"NK cells, O-Demethylated Adapalene",0.079426646,0.66121304,0.07133930176496506,1.810319423675537
split_scaffold_heldout,global_train_mean,"T cells, O-Demethylated Adapalene",0.35843995,0.5533066,0.5663554072380066,1.6785435676574707
split_scaffold_heldout,global_train_mean,"B cells, I-BET151",0.38365194,1.26377,0.5235890746116638,2.41986083984375
split_scaffold_heldout,global_train_mean,"Myeloid cells, I-BET151",0.37765974,1.718642,0.515460729598999,2.788053035736084
split_scaffold_heldout,global_train_mean,"NK cells, I-BET151",0.1947648,1.0096276,0.31357771158218384,2.26080322265625
split_scaffold_heldout,global_train_mean,"T cells, I-BET151",0.37538582,1.9074285,0.47382012009620667,2.8850481510162354
split_scaffold_heldout,global_train_mean,"B cells, Foretinib",0.6253863,1.0124503,0.8055281639099121,2.1291308403015137
split_scaffold_heldout,global_train_mean,"NK cells, Foretinib",0.3540735,0.72628945,0.5743683576583862,1.8369073867797852
split_scaffold_heldout,global_train_mean,"T cells, Foretinib",0.6027091,0.78514683,0.8077269196510315,1.8604518175125122
split_scaffold_heldout,global_train_mean,"B cells, IN1451",0.2408451,1.5796582,0.3440607786178589,2.658618927001953
split_scaffold_heldout,global_train_mean,"Myeloid cells, IN1451",0.26980928,2.4011595,0.33578264713287354,3.225480079650879
split_scaffold_heldout,global_train_mean,"NK cells, IN1451",0.24071765,1.206683,0.36893969774246216,2.3548126220703125
split_scaffold_heldout,global_train_mean,"T cells, IN1451",0.23819816,2.7923272,0.2842470109462738,3.4040141105651855
split_scaffold_heldout,global_train_mean,"B cells, Raloxifene",0.120527774,0.6290757,0.35055068135261536,1.7576854228973389
split_scaffold_heldout,global_train_mean,"Myeloid cells, Raloxifene",0.11396031,0.972578,0.29731258749961853,2.188899517059326
split_scaffold_heldout,global_train_mean,"NK cells, Raloxifene",-0.06907167,0.81231403,-0.12025918811559677,2.015160083770752
split_scaffold_heldout,global_train_mean,"T cells, Raloxifene",-0.17977177,0.93334806,-0.27886494994163513,2.132136583328247
split_scaffold_heldout,global_train_mean,"NK cells, Phenylbutazone",0.15795396,0.66551715,0.2669190764427185,1.8088172674179077
split_scaffold_heldout,global_train_mean,"T cells, Phenylbutazone",0.055259332,0.5506808,-0.15486665070056915,1.8646466732025146
split_scaffold_heldout,global_train_mean,"NK cells, BMS-777607",0.12525864,0.65542537,0.27216261625289917,1.7579983472824097
split_scaffold_heldout,global_train_mean,"T cells, BMS-777607",0.4078504,0.5202979,0.6966131925582886,1.4616127014160156
split_scaffold_heldout,global_train_mean,"B cells, Porcn Inhibitor III",-0.040001202,0.6300455,0.029619179666042328,1.7778264284133911
split_scaffold_heldout,global_train_mean,"Myeloid cells, Porcn Inhibitor III",-0.16863823,1.2361528,-0.23216350376605988,2.587062358856201
split_scaffold_heldout,global_train_mean,"NK cells, Porcn Inhibitor III",-0.095841765,0.78911334,-0.1927356719970703,2.052152395248413
split_scaffold_heldout,global_train_mean,"T cells, Porcn Inhibitor III",-0.26531294,0.7294476,-0.45022618770599365,1.8868768215179443
split_scaffold_heldout,global_train_mean,"B cells, Pomalidomide",-0.17136149,1.036325,-0.28856444358825684,2.4704840183258057
split_scaffold_heldout,global_train_mean,"Myeloid cells, Pomalidomide",-0.101131104,1.1059996,-0.11066793650388718,2.59047794342041
split_scaffold_heldout,global_train_mean,"NK cells, Pomalidomide",-0.100622855,0.8982023,-0.17064189910888672,2.2389776706695557
split_scaffold_heldout,global_train_mean,"T cells, Pomalidomide",-0.17505357,1.3132601,-0.24548186361789703,2.7257728576660156
split_scaffold_heldout,global_train_mean,"B cells, Scriptaid",0.34546894,1.6983559,0.4678274691104889,2.7421932220458984
split_scaffold_heldout,global_train_mean,"Myeloid cells, Scriptaid",0.3383897,1.8845245,0.45709720253944397,2.9109084606170654
split_scaffold_heldout,global_train_mean,"NK cells, Scriptaid",0.3148671,1.2958149,0.4794788658618927,2.4891152381896973
split_scaffold_heldout,global_train_mean,"T cells, Scriptaid",0.34059647,2.2249477,0.4203631579875946,3.0903873443603516
split_scaffold_heldout,global_train_mean,"NK cells, AT13387",0.39519167,1.0420185,0.5689200758934021,2.213371753692627
split_scaffold_heldout,global_train_mean,"T cells, AT13387",0.46402463,2.0152647,0.5632514953613281,2.9329159259796143
split_scaffold_heldout,global_train_mean,"B cells, PF-04691502",0.5896635,1.0524079,0.7798375487327576,2.181087017059326
split_scaffold_heldout,global_train_mean,"NK cells, PF-04691502",0.3154877,0.7492788,0.5854099988937378,1.7895770072937012
split_scaffold_heldout,global_train_mean,"T cells, PF-04691502",0.5859844,1.0310658,0.7717989683151245,2.1926910877227783
split_scaffold_heldout,global_train_mean,"NK cells, Amiodarone",0.17471907,0.6558866,0.302968829870224,1.7837921380996704
split_scaffold_heldout,global_train_mean,"T cells, Amiodarone",0.19765207,0.5891941,0.45035117864608765,1.8792299032211304
split_scaffold_heldout,global_train_mean,"B cells, Idelalisib",0.5577728,0.9262542,0.7773239016532898,2.076756238937378
split_scaffold_heldout,global_train_mean,"Myeloid cells, Idelalisib",0.23401403,0.9525936,0.41934338212013245,2.0832157135009766
split_scaffold_heldout,global_train_mean,"NK cells, Idelalisib",0.18303321,0.70188844,0.38541311025619507,1.8297210931777954
split_scaffold_heldout,global_train_mean,"T cells, Idelalisib",0.5269347,0.81715715,0.7735477089881897,1.9388363361358643
split_scaffold_heldout,global_train_mean,"B cells, Quizartinib",0.07135875,0.59068143,0.296631395816803,1.639723539352417
split_scaffold_heldout,global_train_mean,"Myeloid cells, Quizartinib",0.22788316,0.7631974,0.45224857330322266,2.14298415184021
split_scaffold_heldout,global_train_mean,"NK cells, Quizartinib",0.04158185,0.6675954,0.09101708978414536,1.8495687246322632
split_scaffold_heldout,global_train_mean,"T cells, Quizartinib",0.20083863,0.5449433,0.3771283030509949,1.7783243656158447
split_scaffold_heldout,global_train_mean,"NK cells, Decitabine",0.063728265,0.64961016,0.10290411114692688,1.7584320306777954
split_scaffold_heldout,global_train_mean,"T cells, Decitabine",0.23998278,0.49391678,0.3964505195617676,1.6148674488067627
split_scaffold_heldout,global_train_mean,"NK cells, HMN-214",0.017456336,0.7190993,0.05969769507646561,1.8304730653762817
split_scaffold_heldout,global_train_mean,"T cells, HMN-214",-0.23855881,0.7862463,-0.5773791670799255,2.3187968730926514
split_scaffold_heldout,global_train_mean,"B cells, Azacitidine",0.15593931,0.671041,0.40257760882377625,1.8047806024551392
split_scaffold_heldout,global_train_mean,"Myeloid cells, Azacitidine",0.1316246,0.6114655,0.39071089029312134,1.693178415298462
split_scaffold_heldout,global_train_mean,"NK cells, Azacitidine",0.15170074,0.6467533,0.24569842219352722,1.8105483055114746
split_scaffold_heldout,global_train_mean,"T cells, Azacitidine",0.20345329,0.6072835,0.426588237285614,1.7053252458572388
split_scaffold_heldout,global_train_mean,"B cells, Pitavastatin Calcium",-0.21407379,1.1627853,-0.31367096304893494,2.48824143409729
split_scaffold_heldout,global_train_mean,"Myeloid cells, Pitavastatin Calcium",-0.09470258,2.3629925,-0.10506092756986618,3.2468388080596924
split_scaffold_heldout,global_train_mean,"NK cells, Pitavastatin Calcium",-0.19876288,1.4489218,-0.2761569023132324,2.7443110942840576
split_scaffold_heldout,global_train_mean,"T cells, Pitavastatin Calcium",-0.28667137,1.6609749,-0.39708974957466125,2.9184162616729736
split_scaffold_heldout,global_train_mean,"NK cells, YK 4-279",-0.07784898,0.7313778,-0.1219763532280922,1.8808262348175049
split_scaffold_heldout,global_train_mean,"T cells, YK 4-279",-0.11963667,0.66010374,-0.30870863795280457,1.8123483657836914
split_scaffold_heldout,global_train_mean,"NK cells, Colforsin",0.08885012,0.664859,0.06534843891859055,1.8307366371154785
split_scaffold_heldout,global_train_mean,"T cells, Colforsin",0.29001153,0.53189284,0.48424726724624634,1.5080329179763794
split_scaffold_heldout,global_train_mean,"B cells, Tivantinib",0.38664177,0.67327607,0.607178270816803,1.774778127670288
split_scaffold_heldout,global_train_mean,"Myeloid cells, Tivantinib",0.28968447,0.7924521,0.5276076793670654,1.9940993785858154
split_scaffold_heldout,global_train_mean,"NK cells, Tivantinib",0.2104299,0.6744403,0.42586836218833923,1.8174290657043457
split_scaffold_heldout,global_train_mean,"T cells, Tivantinib",0.32054678,0.7238605,0.5449542999267578,1.8151071071624756
split_scaffold_heldout,global_train_mean,"B cells, Colchicine",0.19297284,1.0620514,0.35732728242874146,2.3585879802703857
split_scaffold_heldout,global_train_mean,"Myeloid cells, Colchicine",0.20311652,2.4510517,0.2650655508041382,3.260941743850708
split_scaffold_heldout,global_train_mean,"NK cells, Colchicine",0.24133278,0.71284884,0.4292023777961731,1.8055014610290527
split_scaffold_heldout,global_train_mean,"T cells, Colchicine",0.2011689,0.9501461,0.3857780694961548,2.303840398788452
split_scaffold_heldout,global_train_mean,"NK cells, Doxorubicin",0.26194128,0.83351725,0.46819576621055603,2.049861431121826
split_scaffold_heldout,global_train_mean,"T cells, Doxorubicin",0.3403175,1.340361,0.5037002563476562,2.4983811378479004
split_scaffold_heldout,global_train_mean,"NK cells, AZD4547",0.13683511,0.6608195,0.3396880030632019,1.7884808778762817
split_scaffold_heldout,global_train_mean,"T cells, AZD4547",0.31842512,0.49590835,0.5173360705375671,1.5597307682037354
split_scaffold_heldout,global_train_mean,"B cells, Selumetinib",0.4955783,0.764208,0.7474029660224915,1.9801665544509888
split_scaffold_heldout,global_train_mean,"Myeloid cells, Selumetinib",0.40183,1.0119581,0.6365960836410522,2.2056405544281006
split_scaffold_heldout,global_train_mean,"NK cells, Selumetinib",0.20059147,0.6985882,0.3641583025455475,1.8182896375656128
split_scaffold_heldout,global_train_mean,"T cells, Selumetinib",0.5339765,0.6026446,0.7828053832054138,1.6693233251571655
split_scaffold_heldout,global_train_mean,"B cells, Atorvastatin",0.17756328,0.60381204,0.4271876811981201,1.6727010011672974
split_scaffold_heldout,global_train_mean,"Myeloid cells, Atorvastatin",-0.06509885,0.7654306,-0.1548178642988205,2.1507058143615723
split_scaffold_heldout,global_train_mean,"B cells, Phenylbutazone",0.18466926,0.5476487,0.3932599723339081,1.625715732574463
split_scaffold_heldout,global_train_mean,"Myeloid cells, Phenylbutazone",0.034751166,0.5952397,0.06838900595903397,1.7043030261993408
split_scaffold_heldout,global_train_mean,"B cells, BMS-777607",0.32914707,0.6148316,0.5885860919952393,1.7054516077041626
split_scaffold_heldout,global_train_mean,"Myeloid cells, BMS-777607",0.30907595,0.74086946,0.5721684098243713,1.9281102418899536
split_scaffold_heldout,global_train_mean,"B cells, AT13387",0.4583966,1.5633776,0.5949324369430542,2.684483051300049
split_scaffold_heldout,global_train_mean,"Myeloid cells, AT13387",0.48302168,1.2877755,0.6580489873886108,2.3477978706359863
split_scaffold_heldout,global_train_mean,"B cells, Amiodarone",0.10829516,0.56447935,0.1941165030002594,1.6364129781723022
split_scaffold_heldout,global_train_mean,"Myeloid cells, Amiodarone",0.09714776,0.6377841,0.22848127782344818,1.8244082927703857
split_scaffold_heldout,global_train_mean,"B cells, Decitabine",0.12068036,0.5756842,0.10827283561229706,1.7664254903793335
split_scaffold_heldout,global_train_mean,"Myeloid cells, Decitabine",0.24913959,0.5166528,0.4319637715816498,1.649576187133789
split_scaffold_heldout,global_train_mean,"B cells, HMN-214",-0.12429301,0.64620906,-0.2031959593296051,1.8455852270126343
split_scaffold_heldout,global_train_mean,"Myeloid cells, HMN-214",0.117248505,0.8559901,0.1547240912914276,2.046168327331543
split_scaffold_heldout,global_train_mean,"B cells, YK 4-279",0.07310024,0.622946,0.1533002406358719,1.8085790872573853
split_scaffold_heldout,global_train_mean,"Myeloid cells, YK 4-279",0.0802403,0.63046867,0.12361614406108856,1.7441413402557373
split_scaffold_heldout,global_train_mean,"B cells, Colforsin",0.24023487,0.56756014,0.3404219448566437,1.671290636062622
split_scaffold_heldout,global_train_mean,"Myeloid cells, Colforsin",0.14770034,0.67167836,0.3161187171936035,1.9213885068893433
split_scaffold_heldout,global_train_mean,"B cells, Doxorubicin",-0.049775213,1.794379,-0.05289909988641739,2.9201619625091553
split_scaffold_heldout,global_train_mean,"Myeloid cells, Doxorubicin",0.14672434,2.339128,0.19123776257038116,3.1836230754852295
split_scaffold_heldout,global_train_mean,"B cells, AZD4547",0.17452472,0.58598304,0.4167262017726898,1.7181752920150757
split_scaffold_heldout,global_train_mean,"Myeloid cells, AZD4547",0.24749294,0.6533054,0.5008512139320374,1.82308828830719
split_scaffold_heldout,cell_context_mean,"B cells, MK-5108",0.26202708,0.58579576,0.5281363725662231,1.593058466911316
split_scaffold_heldout,cell_context_mean,"Myeloid cells, MK-5108",0.20841527,0.6275737,0.35778990387916565,1.6759848594665527
split_scaffold_heldout,cell_context_mean,"NK cells, MK-5108",0.20325725,0.6475862,0.4090688228607178,1.7930965423583984
split_scaffold_heldout,cell_context_mean,"T cells, MK-5108",0.16157784,0.57496923,0.25184527039527893,1.6522530317306519
split_scaffold_heldout,cell_context_mean,"NK cells, Atorvastatin",0.26917052,0.62148404,0.439738005399704,1.6800295114517212
split_scaffold_heldout,cell_context_mean,"T cells, Atorvastatin",0.2685356,0.5556144,0.4416735768318176,1.5788018703460693
split_scaffold_heldout,cell_context_mean,"B cells, O-Demethylated Adapalene",0.47236088,0.6377467,0.7189212441444397,1.6320332288742065
split_scaffold_heldout,cell_context_mean,"Myeloid cells, O-Demethylated Adapalene",0.28108454,0.7980593,0.4692884385585785,2.0585880279541016
split_scaffold_heldout,cell_context_mean,"NK cells, O-Demethylated Adapalene",0.17921628,0.6313826,0.3256244659423828,1.7435846328735352
split_scaffold_heldout,cell_context_mean,"T cells, O-Demethylated Adapalene",0.40655413,0.54907244,0.5693190693855286,1.6352436542510986
split_scaffold_heldout,cell_context_mean,"B cells, I-BET151",0.41960913,1.2350762,0.5674983263015747,2.3418262004852295
split_scaffold_heldout,cell_context_mean,"Myeloid cells, I-BET151",0.42100364,1.6702621,0.5580965280532837,2.692901849746704
split_scaffold_heldout,cell_context_mean,"NK cells, I-BET151",0.2492308,0.9964503,0.38665860891342163,2.2420685291290283
split_scaffold_heldout,cell_context_mean,"T cells, I-BET151",0.45720106,1.8562719,0.5544788837432861,2.802307605743408
split_scaffold_heldout,cell_context_mean,"B cells, Foretinib",0.678595,0.95192516,0.841386079788208,1.973617672920227
split_scaffold_heldout,cell_context_mean,"NK cells, Foretinib",0.43534687,0.7086811,0.6823604702949524,1.8101894855499268
split_scaffold_heldout,cell_context_mean,"T cells, Foretinib",0.6664295,0.72832584,0.8392135500907898,1.7006467580795288
split_scaffold_heldout,cell_context_mean,"B cells, IN1451",0.27301776,1.5635407,0.37958696484565735,2.6178457736968994
split_scaffold_heldout,cell_context_mean,"Myeloid cells, IN1451",0.2944184,2.37061,0.363751620054245,3.1752004623413086
split_scaffold_heldout,cell_context_mean,"NK cells, IN1451",0.27677122,1.2003262,0.44793200492858887,2.3430802822113037
split_scaffold_heldout,cell_context_mean,"T cells, IN1451",0.27779114,2.7660308,0.3260143995285034,3.369203805923462
split_scaffold_heldout,cell_context_mean,"B cells, Raloxifene",0.18441334,0.6403736,0.4383680820465088,1.699784278869629
split_scaffold_heldout,cell_context_mean,"Myeloid cells, Raloxifene",0.37590134,0.8985292,0.611879825592041,1.9645600318908691
split_scaffold_heldout,cell_context_mean,"NK cells, Raloxifene",0.09738685,0.76679885,0.16370007395744324,1.9469420909881592
split_scaffold_heldout,cell_context_mean,"T cells, Raloxifene",-0.043630946,0.93381566,-0.014768636785447598,2.0842654705047607
split_scaffold_heldout,cell_context_mean,"NK cells, Phenylbutazone",0.23678665,0.64223075,0.436335951089859,1.7587499618530273
split_scaffold_heldout,cell_context_mean,"T cells, Phenylbutazone",0.12705266,0.57177836,-0.1294127106666565,1.9905059337615967
split_scaffold_heldout,cell_context_mean,"NK cells, BMS-777607",0.2312474,0.62517065,0.42187026143074036,1.7104227542877197
split_scaffold_heldout,cell_context_mean,"T cells, BMS-777607",0.47793442,0.5043364,0.748603880405426,1.3224412202835083
split_scaffold_heldout,cell_context_mean,"B cells, Porcn Inhibitor III",0.009226851,0.6612035,0.09647808223962784,1.7685314416885376
split_scaffold_heldout,cell_context_mean,"Myeloid cells, Porcn Inhibitor III",-0.11459373,1.2760428,-0.1287008374929428,2.631516933441162
split_scaffold_heldout,cell_context_mean,"NK cells, Porcn Inhibitor III",0.100046925,0.73668003,0.2048698514699936,1.9558100700378418
split_scaffold_heldout,cell_context_mean,"T cells, Porcn Inhibitor III",-0.13562775,0.74778545,-0.19783459603786469,1.8484275341033936
split_scaffold_heldout,cell_context_mean,"B cells, Pomalidomide",-0.09273079,1.0514097,-0.15772880613803864,2.46457576751709
split_scaffold_heldout,cell_context_mean,"Myeloid cells, Pomalidomide",-0.16448806,1.1828524,-0.25444266200065613,2.7187578678131104
split_scaffold_heldout,cell_context_mean,"NK cells, Pomalidomide",0.02692975,0.8608273,0.029998566955327988,2.1780295372009277
split_scaffold_heldout,cell_context_mean,"T cells, Pomalidomide",-0.09553762,1.3235326,-0.13385558128356934,2.729322910308838
split_scaffold_heldout,cell_context_mean,"B cells, Scriptaid",0.4148927,1.655836,0.5363049507141113,2.663954496383667
split_scaffold_heldout,cell_context_mean,"Myeloid cells, Scriptaid",0.3912693,1.8365961,0.49939945340156555,2.825435161590576
split_scaffold_heldout,cell_context_mean,"NK cells, Scriptaid",0.27089867,1.3101054,0.42474907636642456,2.5193710327148438
split_scaffold_heldout,cell_context_mean,"T cells, Scriptaid",0.42842835,2.1741018,0.5095969438552856,3.0160350799560547
split_scaffold_heldout,cell_context_mean,"NK cells, AT13387",0.43453646,1.0386899,0.6371549367904663,2.2132210731506348
split_scaffold_heldout,cell_context_mean,"T cells, AT13387",0.5891046,1.938617,0.6687765121459961,2.818549394607544
split_scaffold_heldout,cell_context_mean,"B cells, PF-04691502",0.6821819,0.9793534,0.8305090069770813,2.0087175369262695
split_scaffold_heldout,cell_context_mean,"NK cells, PF-04691502",0.38891584,0.732766,0.6507851481437683,1.7779884338378906
split_scaffold_heldout,cell_context_mean,"T cells, PF-04691502",0.6200048,0.9835601,0.7864922285079956,2.0746567249298096
split_scaffold_heldout,cell_context_mean,"NK cells, Amiodarone",0.25243,0.63315535,0.4820348024368286,1.7414848804473877
split_scaffold_heldout,cell_context_mean,"T cells, Amiodarone",0.32173494,0.5752383,0.6231643557548523,1.6544653177261353
split_scaffold_heldout,cell_context_mean,"B cells, Idelalisib",0.64918345,0.86058617,0.8258368372917175,1.9011749029159546
split_scaffold_heldout,cell_context_mean,"Myeloid cells, Idelalisib",0.39104748,0.90155405,0.606138288974762,1.9122806787490845
split_scaffold_heldout,cell_context_mean,"NK cells, Idelalisib",0.3103409,0.6687283,0.5348640084266663,1.7813043594360352
split_scaffold_heldout,cell_context_mean,"T cells, Idelalisib",0.5916658,0.7699586,0.8027597069740295,1.779590129852295
split_scaffold_heldout,cell_context_mean,"B cells, Quizartinib",0.1322316,0.61099625,0.3573293685913086,1.598340630531311
split_scaffold_heldout,cell_context_mean,"Myeloid cells, Quizartinib",0.36449066,0.7356981,0.631394624710083,1.919012188911438
split_scaffold_heldout,cell_context_mean,"NK cells, Quizartinib",0.15273552,0.63459843,0.26698625087738037,1.8050516843795776
split_scaffold_heldout,cell_context_mean,"T cells, Quizartinib",0.28141457,0.5483462,0.49269163608551025,1.6947576999664307
split_scaffold_heldout,cell_context_mean,"NK cells, Decitabine",0.18533786,0.61455494,0.3373135030269623,1.6987780332565308
split_scaffold_heldout,cell_context_mean,"T cells, Decitabine",0.29994112,0.506249,0.4508252739906311,1.5533018112182617
split_scaffold_heldout,cell_context_mean,"NK cells, HMN-214",0.21056357,0.6683588,0.42653095722198486,1.7363370656967163
split_scaffold_heldout,cell_context_mean,"T cells, HMN-214",-0.26254687,0.8435492,-0.5783969759941101,2.4724857807159424
split_scaffold_heldout,cell_context_mean,"B cells, Azacitidine",0.20207378,0.6823412,0.4459420144557953,1.749072790145874
split_scaffold_heldout,cell_context_mean,"Myeloid cells, Azacitidine",0.10149907,0.676609,0.33923211693763733,1.6786361932754517
split_scaffold_heldout,cell_context_mean,"NK cells, Azacitidine",0.22533482,0.6242512,0.4053640365600586,1.766281008720398
split_scaffold_heldout,cell_context_mean,"T cells, Azacitidine",0.23554333,0.62162936,0.4805394113063812,1.669368028640747
split_scaffold_heldout,cell_context_mean,"B cells, Pitavastatin Calcium",-0.15958057,1.1864798,-0.22581112384796143,2.5051801204681396
split_scaffold_heldout,cell_context_mean,"Myeloid cells, Pitavastatin Calcium",-0.05483585,2.3807964,-0.05696886032819748,3.263174295425415
split_scaffold_heldout,cell_context_mean,"NK cells, Pitavastatin Calcium",-0.029341057,1.4024808,-0.018884921446442604,2.669419765472412
split_scaffold_heldout,cell_context_mean,"T cells, Pitavastatin Calcium",-0.17688315,1.6667541,-0.2515318989753723,2.921027898788452
split_scaffold_heldout,cell_context_mean,"NK cells, YK 4-279",0.08178678,0.68651474,0.17471660673618317,1.8117883205413818
split_scaffold_heldout,cell_context_mean,"T cells, YK 4-279",-0.043637723,0.68637913,-0.20872877538204193,1.8653522729873657
split_scaffold_heldout,cell_context_mean,"NK cells, Colforsin",0.15372993,0.6429263,0.23547646403312683,1.7921178340911865
split_scaffold_heldout,cell_context_mean,"T cells, Colforsin",0.3658526,0.5282387,0.5454577803611755,1.3868850469589233
split_scaffold_heldout,cell_context_mean,"B cells, Tivantinib",0.42831916,0.6590563,0.63996821641922,1.6818625926971436
split_scaffold_heldout,cell_context_mean,"Myeloid cells, Tivantinib",0.37822348,0.7704727,0.6182631850242615,1.8570326566696167
split_scaffold_heldout,cell_context_mean,"NK cells, Tivantinib",0.2687581,0.65730035,0.5203208923339844,1.7879232168197632
split_scaffold_heldout,cell_context_mean,"T cells, Tivantinib",0.3945607,0.7037006,0.5824189782142639,1.7218414545059204
split_scaffold_heldout,cell_context_mean,"B cells, Colchicine",0.23245654,1.0554051,0.3957314193248749,2.307628631591797
split_scaffold_heldout,cell_context_mean,"Myeloid cells, Colchicine",0.2761436,2.4113595,0.3419881761074066,3.1998801231384277
split_scaffold_heldout,cell_context_mean,"NK cells, Colchicine",0.34668195,0.686331,0.5672575831413269,1.7661164999008179
split_scaffold_heldout,cell_context_mean,"T cells, Colchicine",0.23421788,0.9483051,0.43622297048568726,2.2578439712524414
split_scaffold_heldout,cell_context_mean,"NK cells, Doxorubicin",0.3277613,0.81810224,0.5485993027687073,2.034841299057007
split_scaffold_heldout,cell_context_mean,"T cells, Doxorubicin",0.3905027,1.3097758,0.5548180937767029,2.428205728530884
split_scaffold_heldout,cell_context_mean,"NK cells, AZD4547",0.25274944,0.6287153,0.48803722858428955,1.7436072826385498
split_scaffold_heldout,cell_context_mean,"T cells, AZD4547",0.326071,0.5161169,0.5491122007369995,1.5066516399383545
split_scaffold_heldout,cell_context_mean,"B cells, Selumetinib",0.6130579,0.7013177,0.8291656970977783,1.771459937095642
split_scaffold_heldout,cell_context_mean,"Myeloid cells, Selumetinib",0.61255604,0.9004,0.8198047280311584,1.9161585569381714
split_scaffold_heldout,cell_context_mean,"NK cells, Selumetinib",0.30995694,0.6699482,0.5391871929168701,1.7631275653839111
split_scaffold_heldout,cell_context_mean,"T cells, Selumetinib",0.57136583,0.57569087,0.8117654919624329,1.51993989944458
split_scaffold_heldout,cell_context_mean,"B cells, Atorvastatin",0.24493806,0.6098638,0.48517733812332153,1.602210283279419
split_scaffold_heldout,cell_context_mean,"Myeloid cells, Atorvastatin",-0.03852269,0.82270837,-0.09693612903356552,2.2036826610565186
split_scaffold_heldout,cell_context_mean,"B cells, Phenylbutazone",0.2316882,0.5643144,0.406029611825943,1.5826992988586426
split_scaffold_heldout,cell_context_mean,"Myeloid cells, Phenylbutazone",0.07804625,0.6504842,0.2111552208662033,1.678581714630127
split_scaffold_heldout,cell_context_mean,"B cells, BMS-777607",0.43442807,0.5885221,0.6671634316444397,1.5452325344085693
split_scaffold_heldout,cell_context_mean,"Myeloid cells, BMS-777607",0.4647749,0.69032747,0.7454771995544434,1.6820800304412842
split_scaffold_heldout,cell_context_mean,"B cells, AT13387",0.5384815,1.5058093,0.6729142665863037,2.57267427444458
split_scaffold_heldout,cell_context_mean,"Myeloid cells, AT13387",0.5254603,1.2292004,0.7066478729248047,2.2106621265411377
split_scaffold_heldout,cell_context_mean,"B cells, Amiodarone",0.17565058,0.58060634,0.35593125224113464,1.57198965549469
split_scaffold_heldout,cell_context_mean,"Myeloid cells, Amiodarone",0.18605466,0.6630832,0.39239180088043213,1.7126919031143188
split_scaffold_heldout,cell_context_mean,"B cells, Decitabine",0.16593088,0.5967806,0.26072806119918823,1.7196754217147827
split_scaffold_heldout,cell_context_mean,"Myeloid cells, Decitabine",0.24721009,0.5682032,0.29597094655036926,1.6635041236877441
split_scaffold_heldout,cell_context_mean,"B cells, HMN-214",-0.043045476,0.67351586,-0.004789083730429411,1.8061535358428955
split_scaffold_heldout,cell_context_mean,"Myeloid cells, HMN-214",0.1929556,0.8636442,0.3488183915615082,1.9650013446807861
split_scaffold_heldout,cell_context_mean,"B cells, YK 4-279",0.1570225,0.6326362,0.32675331830978394,1.7424545288085938
split_scaffold_heldout,cell_context_mean,"Myeloid cells, YK 4-279",0.25585163,0.62719893,0.424198180437088,1.6036895513534546
split_scaffold_heldout,cell_context_mean,"B cells, Colforsin",0.29000282,0.57534575,0.4233483374118805,1.5901800394058228
split_scaffold_heldout,cell_context_mean,"Myeloid cells, Colforsin",0.25702155,0.6773244,0.5207914113998413,1.7664334774017334
split_scaffold_heldout,cell_context_mean,"B cells, Doxorubicin",-0.00023904903,1.7967316,0.01742083951830864,2.909905433654785
split_scaffold_heldout,cell_context_mean,"Myeloid cells, Doxorubicin",0.15208444,2.335242,0.1945875734090805,3.168304443359375
split_scaffold_heldout,cell_context_mean,"B cells, AZD4547",0.24572828,0.5923967,0.498222291469574,1.6334152221679688
split_scaffold_heldout,cell_context_mean,"Myeloid cells, AZD4547",0.30179736,0.66557103,0.5689854025840759,1.702023983001709
split_scaffold_heldout,drug_mean,"B cells, MK-5108",0.22554539,0.5715701,0.4418222904205322,1.6566121578216553
split_scaffold_heldout,drug_mean,"Myeloid cells, MK-5108",0.16266645,0.59108734,0.3386348485946655,1.7226063013076782
split_scaffold_heldout,drug_mean,"NK cells, MK-5108",0.062079363,0.68656987,0.15717144310474396,1.8553787469863892
split_scaffold_heldout,drug_mean,"T cells, MK-5108",0.12612772,0.55022603,0.2052840292453766,1.6772363185882568
split_scaffold_heldout,drug_mean,"NK cells, Atorvastatin",0.1230061,0.66074115,0.20438465476036072,1.7406398057937622
split_scaffold_heldout,drug_mean,"T cells, Atorvastatin",0.22818567,0.54169005,0.4339478313922882,1.6154035329818726
split_scaffold_heldout,drug_mean,"B cells, O-Demethylated Adapalene",0.4099287,0.661477,0.6541318893432617,1.7756092548370361
split_scaffold_heldout,drug_mean,"Myeloid cells, O-Demethylated Adapalene",0.19983329,0.8017221,0.3710554242134094,2.1740925312042236
split_scaffold_heldout,drug_mean,"NK cells, O-Demethylated Adapalene",0.079426646,0.66121304,0.07133930176496506,1.810319423675537
split_scaffold_heldout,drug_mean,"T cells, O-Demethylated Adapalene",0.35843995,0.5533066,0.5663554072380066,1.6785435676574707
split_scaffold_heldout,drug_mean,"B cells, I-BET151",0.38365194,1.26377,0.5235890746116638,2.41986083984375
split_scaffold_heldout,drug_mean,"Myeloid cells, I-BET151",0.37765974,1.718642,0.515460729598999,2.788053035736084
split_scaffold_heldout,drug_mean,"NK cells, I-BET151",0.1947648,1.0096276,0.31357771158218384,2.26080322265625
split_scaffold_heldout,drug_mean,"T cells, I-BET151",0.37538582,1.9074285,0.47382012009620667,2.8850481510162354
split_scaffold_heldout,drug_mean,"B cells, Foretinib",0.6253863,1.0124503,0.8055281639099121,2.1291308403015137
split_scaffold_heldout,drug_mean,"NK cells, Foretinib",0.3540735,0.72628945,0.5743683576583862,1.8369073867797852
split_scaffold_heldout,drug_mean,"T cells, Foretinib",0.6027091,0.78514683,0.8077269196510315,1.8604518175125122
split_scaffold_heldout,drug_mean,"B cells, IN1451",0.2408451,1.5796582,0.3440607786178589,2.658618927001953
split_scaffold_heldout,drug_mean,"Myeloid cells, IN1451",0.26980928,2.4011595,0.33578264713287354,3.225480079650879
split_scaffold_heldout,drug_mean,"NK cells, IN1451",0.24071765,1.206683,0.36893969774246216,2.3548126220703125
split_scaffold_heldout,drug_mean,"T cells, IN1451",0.23819816,2.7923272,0.2842470109462738,3.4040141105651855
split_scaffold_heldout,drug_mean,"B cells, Raloxifene",0.120527774,0.6290757,0.35055068135261536,1.7576854228973389
split_scaffold_heldout,drug_mean,"Myeloid cells, Raloxifene",0.11396031,0.972578,0.29731258749961853,2.188899517059326
split_scaffold_heldout,drug_mean,"NK cells, Raloxifene",-0.06907167,0.81231403,-0.12025918811559677,2.015160083770752
split_scaffold_heldout,drug_mean,"T cells, Raloxifene",-0.17977177,0.93334806,-0.27886494994163513,2.132136583328247
split_scaffold_heldout,drug_mean,"NK cells, Phenylbutazone",0.15795396,0.66551715,0.2669190764427185,1.8088172674179077
split_scaffold_heldout,drug_mean,"T cells, Phenylbutazone",0.055259332,0.5506808,-0.15486665070056915,1.8646466732025146
split_scaffold_heldout,drug_mean,"NK cells, BMS-777607",0.12525864,0.65542537,0.27216261625289917,1.7579983472824097
split_scaffold_heldout,drug_mean,"T cells, BMS-777607",0.4078504,0.5202979,0.6966131925582886,1.4616127014160156
split_scaffold_heldout,drug_mean,"B cells, Porcn Inhibitor III",-0.040001202,0.6300455,0.029619179666042328,1.7778264284133911
split_scaffold_heldout,drug_mean,"Myeloid cells, Porcn Inhibitor III",-0.16863823,1.2361528,-0.23216350376605988,2.587062358856201
split_scaffold_heldout,drug_mean,"NK cells, Porcn Inhibitor III",-0.095841765,0.78911334,-0.1927356719970703,2.052152395248413
split_scaffold_heldout,drug_mean,"T cells, Porcn Inhibitor III",-0.26531294,0.7294476,-0.45022618770599365,1.8868768215179443
split_scaffold_heldout,drug_mean,"B cells, Pomalidomide",-0.17136149,1.036325,-0.28856444358825684,2.4704840183258057
split_scaffold_heldout,drug_mean,"Myeloid cells, Pomalidomide",-0.101131104,1.1059996,-0.11066793650388718,2.59047794342041
split_scaffold_heldout,drug_mean,"NK cells, Pomalidomide",-0.100622855,0.8982023,-0.17064189910888672,2.2389776706695557
split_scaffold_heldout,drug_mean,"T cells, Pomalidomide",-0.17505357,1.3132601,-0.24548186361789703,2.7257728576660156
split_scaffold_heldout,drug_mean,"B cells, Scriptaid",0.34546894,1.6983559,0.4678274691104889,2.7421932220458984
split_scaffold_heldout,drug_mean,"Myeloid cells, Scriptaid",0.3383897,1.8845245,0.45709720253944397,2.9109084606170654
split_scaffold_heldout,drug_mean,"NK cells, Scriptaid",0.3148671,1.2958149,0.4794788658618927,2.4891152381896973
split_scaffold_heldout,drug_mean,"T cells, Scriptaid",0.34059647,2.2249477,0.4203631579875946,3.0903873443603516
split_scaffold_heldout,drug_mean,"NK cells, AT13387",0.39519167,1.0420185,0.5689200758934021,2.213371753692627
split_scaffold_heldout,drug_mean,"T cells, AT13387",0.46402463,2.0152647,0.5632514953613281,2.9329159259796143
split_scaffold_heldout,drug_mean,"B cells, PF-04691502",0.5896635,1.0524079,0.7798375487327576,2.181087017059326
split_scaffold_heldout,drug_mean,"NK cells, PF-04691502",0.3154877,0.7492788,0.5854099988937378,1.7895770072937012
split_scaffold_heldout,drug_mean,"T cells, PF-04691502",0.5859844,1.0310658,0.7717989683151245,2.1926910877227783
split_scaffold_heldout,drug_mean,"NK cells, Amiodarone",0.17471907,0.6558866,0.302968829870224,1.7837921380996704
split_scaffold_heldout,drug_mean,"T cells, Amiodarone",0.19765207,0.5891941,0.45035117864608765,1.8792299032211304
split_scaffold_heldout,drug_mean,"B cells, Idelalisib",0.5577728,0.9262542,0.7773239016532898,2.076756238937378
split_scaffold_heldout,drug_mean,"Myeloid cells, Idelalisib",0.23401403,0.9525936,0.41934338212013245,2.0832157135009766
split_scaffold_heldout,drug_mean,"NK cells, Idelalisib",0.18303321,0.70188844,0.38541311025619507,1.8297210931777954
split_scaffold_heldout,drug_mean,"T cells, Idelalisib",0.5269347,0.81715715,0.7735477089881897,1.9388363361358643
split_scaffold_heldout,drug_mean,"B cells, Quizartinib",0.07135875,0.59068143,0.296631395816803,1.639723539352417
split_scaffold_heldout,drug_mean,"Myeloid cells, Quizartinib",0.22788316,0.7631974,0.45224857330322266,2.14298415184021
split_scaffold_heldout,drug_mean,"NK cells, Quizartinib",0.04158185,0.6675954,0.09101708978414536,1.8495687246322632
split_scaffold_heldout,drug_mean,"T cells, Quizartinib",0.20083863,0.5449433,0.3771283030509949,1.7783243656158447
split_scaffold_heldout,drug_mean,"NK cells, Decitabine",0.063728265,0.64961016,0.10290411114692688,1.7584320306777954
split_scaffold_heldout,drug_mean,"T cells, Decitabine",0.23998278,0.49391678,0.3964505195617676,1.6148674488067627
split_scaffold_heldout,drug_mean,"NK cells, HMN-214",0.017456336,0.7190993,0.05969769507646561,1.8304730653762817
split_scaffold_heldout,drug_mean,"T cells, HMN-214",-0.23855881,0.7862463,-0.5773791670799255,2.3187968730926514
split_scaffold_heldout,drug_mean,"B cells, Azacitidine",0.15593931,0.671041,0.40257760882377625,1.8047806024551392
split_scaffold_heldout,drug_mean,"Myeloid cells, Azacitidine",0.1316246,0.6114655,0.39071089029312134,1.693178415298462
split_scaffold_heldout,drug_mean,"NK cells, Azacitidine",0.15170074,0.6467533,0.24569842219352722,1.8105483055114746
split_scaffold_heldout,drug_mean,"T cells, Azacitidine",0.20345329,0.6072835,0.426588237285614,1.7053252458572388
split_scaffold_heldout,drug_mean,"B cells, Pitavastatin Calcium",-0.21407379,1.1627853,-0.31367096304893494,2.48824143409729
split_scaffold_heldout,drug_mean,"Myeloid cells, Pitavastatin Calcium",-0.09470258,2.3629925,-0.10506092756986618,3.2468388080596924
split_scaffold_heldout,drug_mean,"NK cells, Pitavastatin Calcium",-0.19876288,1.4489218,-0.2761569023132324,2.7443110942840576
split_scaffold_heldout,drug_mean,"T cells, Pitavastatin Calcium",-0.28667137,1.6609749,-0.39708974957466125,2.9184162616729736
split_scaffold_heldout,drug_mean,"NK cells, YK 4-279",-0.07784898,0.7313778,-0.1219763532280922,1.8808262348175049
split_scaffold_heldout,drug_mean,"T cells, YK 4-279",-0.11963667,0.66010374,-0.30870863795280457,1.8123483657836914
split_scaffold_heldout,drug_mean,"NK cells, Colforsin",0.08885012,0.664859,0.06534843891859055,1.8307366371154785
split_scaffold_heldout,drug_mean,"T cells, Colforsin",0.29001153,0.53189284,0.48424726724624634,1.5080329179763794
split_scaffold_heldout,drug_mean,"B cells, Tivantinib",0.38664177,0.67327607,0.607178270816803,1.774778127670288
split_scaffold_heldout,drug_mean,"Myeloid cells, Tivantinib",0.28968447,0.7924521,0.5276076793670654,1.9940993785858154
split_scaffold_heldout,drug_mean,"NK cells, Tivantinib",0.2104299,0.6744403,0.42586836218833923,1.8174290657043457
split_scaffold_heldout,drug_mean,"T cells, Tivantinib",0.32054678,0.7238605,0.5449542999267578,1.8151071071624756
split_scaffold_heldout,drug_mean,"B cells, Colchicine",0.19297284,1.0620514,0.35732728242874146,2.3585879802703857
split_scaffold_heldout,drug_mean,"Myeloid cells, Colchicine",0.20311652,2.4510517,0.2650655508041382,3.260941743850708
split_scaffold_heldout,drug_mean,"NK cells, Colchicine",0.24133278,0.71284884,0.4292023777961731,1.8055014610290527
split_scaffold_heldout,drug_mean,"T cells, Colchicine",0.2011689,0.9501461,0.3857780694961548,2.303840398788452
split_scaffold_heldout,drug_mean,"NK cells, Doxorubicin",0.26194128,0.83351725,0.46819576621055603,2.049861431121826
split_scaffold_heldout,drug_mean,"T cells, Doxorubicin",0.3403175,1.340361,0.5037002563476562,2.4983811378479004
split_scaffold_heldout,drug_mean,"NK cells, AZD4547",0.13683511,0.6608195,0.3396880030632019,1.7884808778762817
split_scaffold_heldout,drug_mean,"T cells, AZD4547",0.31842512,0.49590835,0.5173360705375671,1.5597307682037354
split_scaffold_heldout,drug_mean,"B cells, Selumetinib",0.4955783,0.764208,0.7474029660224915,1.9801665544509888
split_scaffold_heldout,drug_mean,"Myeloid cells, Selumetinib",0.40183,1.0119581,0.6365960836410522,2.2056405544281006
split_scaffold_heldout,drug_mean,"NK cells, Selumetinib",0.20059147,0.6985882,0.3641583025455475,1.8182896375656128
split_scaffold_heldout,drug_mean,"T cells, Selumetinib",0.5339765,0.6026446,0.7828053832054138,1.6693233251571655
split_scaffold_heldout,drug_mean,"B cells, Atorvastatin",0.17756328,0.60381204,0.4271876811981201,1.6727010011672974
split_scaffold_heldout,drug_mean,"Myeloid cells, Atorvastatin",-0.06509885,0.7654306,-0.1548178642988205,2.1507058143615723
split_scaffold_heldout,drug_mean,"B cells, Phenylbutazone",0.18466926,0.5476487,0.3932599723339081,1.625715732574463
split_scaffold_heldout,drug_mean,"Myeloid cells, Phenylbutazone",0.034751166,0.5952397,0.06838900595903397,1.7043030261993408
split_scaffold_heldout,drug_mean,"B cells, BMS-777607",0.32914707,0.6148316,0.5885860919952393,1.7054516077041626
split_scaffold_heldout,drug_mean,"Myeloid cells, BMS-777607",0.30907595,0.74086946,0.5721684098243713,1.9281102418899536
split_scaffold_heldout,drug_mean,"B cells, AT13387",0.4583966,1.5633776,0.5949324369430542,2.684483051300049
split_scaffold_heldout,drug_mean,"Myeloid cells, AT13387",0.48302168,1.2877755,0.6580489873886108,2.3477978706359863
split_scaffold_heldout,drug_mean,"B cells, Amiodarone",0.10829516,0.56447935,0.1941165030002594,1.6364129781723022
split_scaffold_heldout,drug_mean,"Myeloid cells, Amiodarone",0.09714776,0.6377841,0.22848127782344818,1.8244082927703857
split_scaffold_heldout,drug_mean,"B cells, Decitabine",0.12068036,0.5756842,0.10827283561229706,1.7664254903793335
split_scaffold_heldout,drug_mean,"Myeloid cells, Decitabine",0.24913959,0.5166528,0.4319637715816498,1.649576187133789
split_scaffold_heldout,drug_mean,"B cells, HMN-214",-0.12429301,0.64620906,-0.2031959593296051,1.8455852270126343
split_scaffold_heldout,drug_mean,"Myeloid cells, HMN-214",0.117248505,0.8559901,0.1547240912914276,2.046168327331543
split_scaffold_heldout,drug_mean,"B cells, YK 4-279",0.07310024,0.622946,0.1533002406358719,1.8085790872573853
split_scaffold_heldout,drug_mean,"Myeloid cells, YK 4-279",0.0802403,0.63046867,0.12361614406108856,1.7441413402557373
split_scaffold_heldout,drug_mean,"B cells, Colforsin",0.24023487,0.56756014,0.3404219448566437,1.671290636062622
split_scaffold_heldout,drug_mean,"Myeloid cells, Colforsin",0.14770034,0.67167836,0.3161187171936035,1.9213885068893433
split_scaffold_heldout,drug_mean,"B cells, Doxorubicin",-0.049775213,1.794379,-0.05289909988641739,2.9201619625091553
split_scaffold_heldout,drug_mean,"Myeloid cells, Doxorubicin",0.14672434,2.339128,0.19123776257038116,3.1836230754852295
split_scaffold_heldout,drug_mean,"B cells, AZD4547",0.17452472,0.58598304,0.4167262017726898,1.7181752920150757
split_scaffold_heldout,drug_mean,"Myeloid cells, AZD4547",0.24749294,0.6533054,0.5008512139320374,1.82308828830719
split_cell_scaffold_heldout,global_train_mean,"Myeloid cells, MK-5108",0.10899039,0.60357827,0.2362959384918213,1.7510590553283691
split_cell_scaffold_heldout,global_train_mean,"Myeloid cells, O-Demethylated Adapalene",0.12089589,0.8210344,0.2174868881702423,2.223895788192749
split_cell_scaffold_heldout,global_train_mean,"Myeloid cells, I-BET151",0.28566182,1.7425967,0.39930790662765503,2.825608253479004
split_cell_scaffold_heldout,global_train_mean,"Myeloid cells, IN1451",0.20738208,2.4171367,0.26032838225364685,3.246877431869507
split_cell_scaffold_heldout,global_train_mean,"Myeloid cells, Raloxifene",-0.04292459,1.010215,-0.025242462754249573,2.2715635299682617
split_cell_scaffold_heldout,global_train_mean,"Myeloid cells, Porcn Inhibitor III",-0.16564168,1.2348322,-0.2408897578716278,2.5817346572875977
split_cell_scaffold_heldout,global_train_mean,"Myeloid cells, Pomalidomide",-0.049644545,1.0932883,0.003724317532032728,2.5572075843811035
split_cell_scaffold_heldout,global_train_mean,"Myeloid cells, Scriptaid",0.24867177,1.9076269,0.34926703572273254,2.944779634475708
split_cell_scaffold_heldout,global_train_mean,"Myeloid cells, Idelalisib",0.10946538,0.9837347,0.22838810086250305,2.149677038192749
split_cell_scaffold_heldout,global_train_mean,"Myeloid cells, Quizartinib",0.1150611,0.7907871,0.20543652772903442,2.227159023284912
split_cell_scaffold_heldout,global_train_mean,"Myeloid cells, Azacitidine",0.12302989,0.6131433,0.3434867262840271,1.7081741094589233
split_cell_scaffold_heldout,global_train_mean,"Myeloid cells, Pitavastatin Calcium",-0.09795771,2.3633895,-0.11084479093551636,3.2468349933624268
split_cell_scaffold_heldout,global_train_mean,"Myeloid cells, Tivantinib",0.19042861,0.8176883,0.3605065643787384,2.0486936569213867
split_cell_scaffold_heldout,global_train_mean,"Myeloid cells, Colchicine",0.12784204,2.4698265,0.1707739531993866,3.2860329151153564
split_cell_scaffold_heldout,global_train_mean,"Myeloid cells, Selumetinib",0.21853586,1.0597557,0.3739200234413147,2.3082191944122314
split_cell_scaffold_heldout,global_train_mean,"Myeloid cells, Atorvastatin",-0.06690663,0.7652693,-0.15689624845981598,2.1442883014678955
split_cell_scaffold_heldout,global_train_mean,"Myeloid cells, Phenylbutazone",0.005891138,0.60107213,-0.0412127785384655,1.7233898639678955
split_cell_scaffold_heldout,global_train_mean,"Myeloid cells, BMS-777607",0.17140451,0.77583015,0.30508753657341003,2.019014835357666
split_cell_scaffold_heldout,global_train_mean,"Myeloid cells, AT13387",0.37210152,1.3175313,0.5246608257293701,2.4000637531280518
split_cell_scaffold_heldout,global_train_mean,"Myeloid cells, Amiodarone",0.03313753,0.652273,0.0545944981276989,1.8743250370025635
split_cell_scaffold_heldout,global_train_mean,"Myeloid cells, Decitabine",0.20428641,0.52736515,0.4078880250453949,1.6589775085449219
split_cell_scaffold_heldout,global_train_mean,"Myeloid cells, HMN-214",0.05638754,0.8705474,0.03600091487169266,2.0797290802001953
split_cell_scaffold_heldout,global_train_mean,"Myeloid cells, YK 4-279",-0.025645476,0.65441567,-0.14505550265312195,1.8046127557754517
split_cell_scaffold_heldout,global_train_mean,"Myeloid cells, Colforsin",0.06379369,0.691444,0.054330963641405106,1.9847581386566162
split_cell_scaffold_heldout,global_train_mean,"Myeloid cells, Doxorubicin",0.1169385,2.346673,0.15394572913646698,3.193713903427124
split_cell_scaffold_heldout,global_train_mean,"Myeloid cells, AZD4547",0.1737654,0.6715343,0.36521852016448975,1.874216079711914
split_cell_scaffold_heldout,cell_context_mean,"Myeloid cells, MK-5108",0.10899039,0.60357827,0.2362959384918213,1.7510590553283691
split_cell_scaffold_heldout,cell_context_mean,"Myeloid cells, O-Demethylated Adapalene",0.12089589,0.8210344,0.2174868881702423,2.223895788192749
split_cell_scaffold_heldout,cell_context_mean,"Myeloid cells, I-BET151",0.28566182,1.7425967,0.39930790662765503,2.825608253479004
split_cell_scaffold_heldout,cell_context_mean,"Myeloid cells, IN1451",0.20738208,2.4171367,0.26032838225364685,3.246877431869507
split_cell_scaffold_heldout,cell_context_mean,"Myeloid cells, Raloxifene",-0.04292459,1.010215,-0.025242462754249573,2.2715635299682617
split_cell_scaffold_heldout,cell_context_mean,"Myeloid cells, Porcn Inhibitor III",-0.16564168,1.2348322,-0.2408897578716278,2.5817346572875977
split_cell_scaffold_heldout,cell_context_mean,"Myeloid cells, Pomalidomide",-0.049644545,1.0932883,0.003724317532032728,2.5572075843811035
split_cell_scaffold_heldout,cell_context_mean,"Myeloid cells, Scriptaid",0.24867177,1.9076269,0.34926703572273254,2.944779634475708
split_cell_scaffold_heldout,cell_context_mean,"Myeloid cells, Idelalisib",0.10946538,0.9837347,0.22838810086250305,2.149677038192749
split_cell_scaffold_heldout,cell_context_mean,"Myeloid cells, Quizartinib",0.1150611,0.7907871,0.20543652772903442,2.227159023284912
split_cell_scaffold_heldout,cell_context_mean,"Myeloid cells, Azacitidine",0.12302989,0.6131433,0.3434867262840271,1.7081741094589233
split_cell_scaffold_heldout,cell_context_mean,"Myeloid cells, Pitavastatin Calcium",-0.09795771,2.3633895,-0.11084479093551636,3.2468349933624268
split_cell_scaffold_heldout,cell_context_mean,"Myeloid cells, Tivantinib",0.19042861,0.8176883,0.3605065643787384,2.0486936569213867
split_cell_scaffold_heldout,cell_context_mean,"Myeloid cells, Colchicine",0.12784204,2.4698265,0.1707739531993866,3.2860329151153564
split_cell_scaffold_heldout,cell_context_mean,"Myeloid cells, Selumetinib",0.21853586,1.0597557,0.3739200234413147,2.3082191944122314
split_cell_scaffold_heldout,cell_context_mean,"Myeloid cells, Atorvastatin",-0.06690663,0.7652693,-0.15689624845981598,2.1442883014678955
split_cell_scaffold_heldout,cell_context_mean,"Myeloid cells, Phenylbutazone",0.005891138,0.60107213,-0.0412127785384655,1.7233898639678955
split_cell_scaffold_heldout,cell_context_mean,"Myeloid cells, BMS-777607",0.17140451,0.77583015,0.30508753657341003,2.019014835357666
split_cell_scaffold_heldout,cell_context_mean,"Myeloid cells, AT13387",0.37210152,1.3175313,0.5246608257293701,2.4000637531280518
split_cell_scaffold_heldout,cell_context_mean,"Myeloid cells, Amiodarone",0.03313753,0.652273,0.0545944981276989,1.8743250370025635
split_cell_scaffold_heldout,cell_context_mean,"Myeloid cells, Decitabine",0.20428641,0.52736515,0.4078880250453949,1.6589775085449219
split_cell_scaffold_heldout,cell_context_mean,"Myeloid cells, HMN-214",0.05638754,0.8705474,0.03600091487169266,2.0797290802001953
split_cell_scaffold_heldout,cell_context_mean,"Myeloid cells, YK 4-279",-0.025645476,0.65441567,-0.14505550265312195,1.8046127557754517
split_cell_scaffold_heldout,cell_context_mean,"Myeloid cells, Colforsin",0.06379369,0.691444,0.054330963641405106,1.9847581386566162
split_cell_scaffold_heldout,cell_context_mean,"Myeloid cells, Doxorubicin",0.1169385,2.346673,0.15394572913646698,3.193713903427124
split_cell_scaffold_heldout,cell_context_mean,"Myeloid cells, AZD4547",0.1737654,0.6715343,0.36521852016448975,1.874216079711914
split_cell_scaffold_heldout,drug_mean,"Myeloid cells, MK-5108",0.10899039,0.60357827,0.2362959384918213,1.7510590553283691
split_cell_scaffold_heldout,drug_mean,"Myeloid cells, O-Demethylated Adapalene",0.12089589,0.8210344,0.2174868881702423,2.223895788192749
split_cell_scaffold_heldout,drug_mean,"Myeloid cells, I-BET151",0.28566182,1.7425967,0.39930790662765503,2.825608253479004
split_cell_scaffold_heldout,drug_mean,"Myeloid cells, IN1451",0.20738208,2.4171367,0.26032838225364685,3.246877431869507
split_cell_scaffold_heldout,drug_mean,"Myeloid cells, Raloxifene",-0.04292459,1.010215,-0.025242462754249573,2.2715635299682617
split_cell_scaffold_heldout,drug_mean,"Myeloid cells, Porcn Inhibitor III",-0.16564168,1.2348322,-0.2408897578716278,2.5817346572875977
split_cell_scaffold_heldout,drug_mean,"Myeloid cells, Pomalidomide",-0.049644545,1.0932883,0.003724317532032728,2.5572075843811035
split_cell_scaffold_heldout,drug_mean,"Myeloid cells, Scriptaid",0.24867177,1.9076269,0.34926703572273254,2.944779634475708
split_cell_scaffold_heldout,drug_mean,"Myeloid cells, Idelalisib",0.10946538,0.9837347,0.22838810086250305,2.149677038192749
split_cell_scaffold_heldout,drug_mean,"Myeloid cells, Quizartinib",0.1150611,0.7907871,0.20543652772903442,2.227159023284912
split_cell_scaffold_heldout,drug_mean,"Myeloid cells, Azacitidine",0.12302989,0.6131433,0.3434867262840271,1.7081741094589233
split_cell_scaffold_heldout,drug_mean,"Myeloid cells, Pitavastatin Calcium",-0.09795771,2.3633895,-0.11084479093551636,3.2468349933624268
split_cell_scaffold_heldout,drug_mean,"Myeloid cells, Tivantinib",0.19042861,0.8176883,0.3605065643787384,2.0486936569213867
split_cell_scaffold_heldout,drug_mean,"Myeloid cells, Colchicine",0.12784204,2.4698265,0.1707739531993866,3.2860329151153564
split_cell_scaffold_heldout,drug_mean,"Myeloid cells, Selumetinib",0.21853586,1.0597557,0.3739200234413147,2.3082191944122314
split_cell_scaffold_heldout,drug_mean,"Myeloid cells, Atorvastatin",-0.06690663,0.7652693,-0.15689624845981598,2.1442883014678955
split_cell_scaffold_heldout,drug_mean,"Myeloid cells, Phenylbutazone",0.005891138,0.60107213,-0.0412127785384655,1.7233898639678955
split_cell_scaffold_heldout,drug_mean,"Myeloid cells, BMS-777607",0.17140451,0.77583015,0.30508753657341003,2.019014835357666
split_cell_scaffold_heldout,drug_mean,"Myeloid cells, AT13387",0.37210152,1.3175313,0.5246608257293701,2.4000637531280518
split_cell_scaffold_heldout,drug_mean,"Myeloid cells, Amiodarone",0.03313753,0.652273,0.0545944981276989,1.8743250370025635
split_cell_scaffold_heldout,drug_mean,"Myeloid cells, Decitabine",0.20428641,0.52736515,0.4078880250453949,1.6589775085449219
split_cell_scaffold_heldout,drug_mean,"Myeloid cells, HMN-214",0.05638754,0.8705474,0.03600091487169266,2.0797290802001953
split_cell_scaffold_heldout,drug_mean,"Myeloid cells, YK 4-279",-0.025645476,0.65441567,-0.14505550265312195,1.8046127557754517
split_cell_scaffold_heldout,drug_mean,"Myeloid cells, Colforsin",0.06379369,0.691444,0.054330963641405106,1.9847581386566162
split_cell_scaffold_heldout,drug_mean,"Myeloid cells, Doxorubicin",0.1169385,2.346673,0.15394572913646698,3.193713903427124
split_cell_scaffold_heldout,drug_mean,"Myeloid cells, AZD4547",0.1737654,0.6715343,0.36521852016448975,1.874216079711914
