split,baseline,sample_id,rowwise_pearson,rmse,de_rowwise_pearson,de_rmse
split_random,global_train_mean,"Myeloid cells, MK-5108",0.15238158,0.593271,0.33523398637771606,1.7231004238128662
split_random,global_train_mean,"NK cells, Ganetespib (STA-9090)",0.4242668,1.0627857,0.6286531686782837,2.2260682582855225
split_random,global_train_mean,"T cells, Clomipramine",0.2743217,0.54181075,0.522084653377533,1.5795323848724365
split_random,global_train_mean,"Myeloid cells, Sunitinib",0.08395708,0.6797264,0.2425185889005661,1.8009450435638428
split_random,global_train_mean,"T cells, Ixabepilone",0.088395774,0.5479216,0.062362369149923325,1.7741814851760864
split_random,global_train_mean,"B cells, Linagliptin",-0.0016088086,0.6151523,-0.07825832813978195,1.7993863821029663
split_random,global_train_mean,"NK cells, Linagliptin",0.11484077,0.6442013,0.18877920508384705,1.7569141387939453
split_random,global_train_mean,"T cells, Linagliptin",0.19924402,0.50431305,0.2594660818576813,1.5657981634140015
split_random,global_train_mean,"B cells, 5-(9-Isopropyl-8-methyl-2-morpholino-9H-purin-6-yl)pyrimidin-2-amine",0.64482814,1.257543,0.7980238199234009,2.3281571865081787
split_random,global_train_mean,"NK cells, O-Demethylated Adapalene",0.063906446,0.6645063,0.04001833125948906,1.819151759147644
split_random,global_train_mean,"T cells, O-Demethylated Adapalene",0.32516807,0.5619669,0.5342538356781006,1.6988838911056519
split_random,global_train_mean,"NK cells, Protriptyline",0.02834999,0.6460082,0.12850633263587952,1.7792609930038452
split_random,global_train_mean,"T cells, Raloxifene",-0.15286103,0.92673886,-0.22394463419914246,2.1171932220458984
split_random,global_train_mean,"NK cells, BAY 87-2243",0.3547301,0.8920783,0.5529440641403198,2.129293918609619
split_random,global_train_mean,"T cells, Phenylbutazone",0.035807,0.55460036,-0.1767646223306656,1.872721791267395
split_random,global_train_mean,"T cells, K-02288",0.2581597,0.5310564,0.48355135321617126,1.6246298551559448
split_random,global_train_mean,"NK cells, BMS-777607",0.1134259,0.6579586,0.23803570866584778,1.765720009803772
split_random,global_train_mean,"B cells, Porcn Inhibitor III",-0.030167075,0.62736076,0.05565832182765007,1.7729719877243042
split_random,global_train_mean,"NK cells, Porcn Inhibitor III",-0.07951494,0.7849151,-0.17127174139022827,2.046245574951172
split_random,global_train_mean,"T cells, BMS-265246",0.15135482,1.3633769,0.2715415060520172,2.5468361377716064
split_random,global_train_mean,"NK cells, Ruxolitinib",0.30629596,0.7136403,0.5086793899536133,1.781490445137024
split_random,global_train_mean,"T cells, Dovitinib",0.46274182,0.7166034,0.7242250442504883,1.9495596885681152
split_random,global_train_mean,"NK cells, Navitoclax",-0.0461429,0.7468635,-0.0623113289475441,1.9723926782608032
split_random,global_train_mean,"NK cells, Palbociclib",0.11226818,0.6539242,0.1629563868045807,1.7792010307312012
split_random,global_train_mean,"T cells, Palbociclib",0.3207574,0.5119896,0.663401186466217,1.5504961013793945
split_random,global_train_mean,"NK cells, Trametinib",0.2216094,0.694716,0.45856973528862,1.7830536365509033
split_random,global_train_mean,"T cells, Trametinib",0.36295107,0.663877,0.668877363204956,1.8056315183639526
split_random,global_train_mean,"B cells, FK 866",0.32014453,0.7229325,0.5728263854980469,1.8722364902496338
split_random,global_train_mean,"NK cells, FK 866",0.106535286,0.7548357,0.2890594005584717,1.900393009185791
split_random,global_train_mean,"T cells, FK 866",0.18959126,0.9687405,0.3814488649368286,2.1772818565368652
split_random,global_train_mean,"T cells, Chlorpheniramine",0.37853023,0.5429638,0.6478877663612366,1.5482147932052612
split_random,global_train_mean,"T cells, BAY 61-3606",0.37888804,1.8087379,0.4911459982395172,2.8143527507781982
split_random,global_train_mean,"T cells, LY2090314",-0.17140071,2.4958398,-0.21241185069084167,3.368633508682251
split_random,global_train_mean,"T cells, Vardenafil",0.22991727,0.5371628,0.512978732585907,1.6114773750305176
split_random,global_train_mean,"B cells, PF-04691502",0.56943506,1.0584685,0.7626798152923584,2.192016363143921
split_random,global_train_mean,"T cells, Desloratadine",0.14135043,0.537594,0.37361136078834534,1.5585180521011353
split_random,global_train_mean,"Myeloid cells, Dactolisib",0.5256127,2.0493097,0.638505220413208,2.993314743041992
split_random,global_train_mean,"T cells, Dactolisib",0.59942937,1.4635645,0.7609244585037231,2.5722849369049072
split_random,global_train_mean,"NK cells, IKK Inhibitor VII",0.30566806,0.719305,0.5045758485794067,1.8267204761505127
split_random,global_train_mean,"NK cells, Amiodarone",0.16648462,0.6576575,0.2892589569091797,1.7867275476455688
split_random,global_train_mean,"NK cells, Isoniazid",0.08731527,0.65776515,0.17962847650051117,1.8201987743377686
split_random,global_train_mean,"B cells, Penfluridol",-0.083873756,0.63879603,-0.2792307734489441,1.86258864402771
split_random,global_train_mean,"NK cells, Decitabine",0.07495996,0.64657587,0.1397092491388321,1.7514971494674683
split_random,global_train_mean,"T cells, Decitabine",0.22924308,0.4962255,0.37839949131011963,1.6205775737762451
split_random,global_train_mean,"B cells, CHIR-99021",-0.16586094,0.8427836,-0.3572421967983246,2.113816261291504
split_random,global_train_mean,"NK cells, CHIR-99021",-0.03491266,0.77035433,-0.08808401226997375,1.9784114360809326
split_random,global_train_mean,"T cells, CHIR-99021",-0.21595226,1.5144064,-0.3185371458530426,2.8422155380249023
split_random,global_train_mean,"T cells, Defactinib",0.1935078,0.75479716,0.39094090461730957,2.0345678329467773
split_random,global_train_mean,"T cells, CC-401",0.47927865,0.75763947,0.7110397815704346,1.8753681182861328
split_random,global_train_mean,"T cells, AT 7867",0.29494914,0.8429535,0.5082125067710876,1.9858661890029907
split_random,global_train_mean,"NK cells, Lamivudine",0.17090848,0.6598635,0.2823850214481354,1.8675135374069214
split_random,global_train_mean,"Myeloid cells, TGX 221",0.46740666,0.91429985,0.7021633982658386,2.0748260021209717
split_random,global_train_mean,"B cells, Pitavastatin Calcium",-0.15334937,1.1481866,-0.21636119484901428,2.457141876220703
split_random,global_train_mean,"Myeloid cells, Pitavastatin Calcium",-0.022508675,2.345097,-0.010795877315104008,3.2225658893585205
split_random,global_train_mean,"B cells, ABT737",-0.15244737,1.0034459,-0.2645537853240967,2.2328808307647705
split_random,global_train_mean,"Myeloid cells, PRT-062607",0.52040696,1.3918421,0.6840949058532715,2.4978342056274414
split_random,global_train_mean,"NK cells, AZ628",0.28906792,0.69266045,0.5261404514312744,1.7630506753921509
split_random,global_train_mean,"Myeloid cells, Masitinib",0.33906662,0.70417935,0.6515787839889526,1.8600651025772095
split_random,global_train_mean,"T cells, CGM-097",-0.06299475,1.3805047,-0.09000461548566818,2.681229829788208
split_random,global_train_mean,"NK cells, SLx-2119",0.13709654,0.7134057,0.1212373897433281,1.9789254665374756
split_random,global_train_mean,"T cells, SLx-2119",0.3266753,0.5826852,0.5682942271232605,1.734917163848877
split_random,global_train_mean,"NK cells, Nefazodone",0.16674739,0.65810865,0.33221152424812317,1.8096449375152588
split_random,global_train_mean,"B cells, STK219801",0.27796507,0.6068201,0.4320799708366394,1.8151715993881226
split_random,global_train_mean,"Myeloid cells, STK219801",0.29995593,0.62632775,0.4790574312210083,1.8585165739059448
split_random,global_train_mean,"NK cells, GSK-1070916",0.12882318,0.65458083,0.2835424840450287,1.7743417024612427
split_random,global_train_mean,"Myeloid cells, Ricolinostat",0.09403374,1.1715001,0.19164177775382996,2.4137864112854004
split_random,global_train_mean,"T cells, YK 4-279",-0.10900556,0.6572117,-0.2832139730453491,1.8029530048370361
split_random,global_train_mean,"NK cells, Midostaurin",0.3187549,0.70920694,0.5133609175682068,1.7580839395523071
split_random,global_train_mean,"T cells, CEP-37440",0.40305513,0.62457556,0.7012642025947571,1.7951483726501465
split_random,global_train_mean,"NK cells, Vandetanib",0.1584845,0.6549095,0.3671482801437378,1.8061236143112183
split_random,global_train_mean,"NK cells, Tosedostat",0.30074698,0.7334524,0.5368841290473938,1.8555808067321777
split_random,global_train_mean,"NK cells, ABT-199 (GDC-0199)",0.07200399,0.6631909,0.1714317798614502,1.8377816677093506
split_random,global_train_mean,"NK cells, Mometasone Furoate",0.36667043,0.9133453,0.5623732805252075,2.118028402328491
split_random,global_train_mean,"T cells, Tipifarnib",0.4583649,0.618907,0.7471332550048828,1.685386061668396
split_random,global_train_mean,"B cells, BX 912",0.4924907,0.6934405,0.7314244508743286,1.7392730712890625
split_random,global_train_mean,"Myeloid cells, BX 912",0.352642,0.8014707,0.5866835117340088,1.9412850141525269
split_random,global_train_mean,"NK cells, BX 912",0.3070573,0.7015681,0.49908891320228577,1.761352777481079
split_random,global_train_mean,"NK cells, Selumetinib",0.19494466,0.6998157,0.34562966227531433,1.8246670961380005
split_random,global_train_mean,"NK cells, Clotrimazole",0.13712305,0.6426893,0.2901762127876282,1.7979230880737305
split_random,global_train_mean,"NK cells, RG7090",0.044422135,0.69836557,0.1402340531349182,1.8547394275665283
split_random,global_train_mean,"NK cells, Mubritinib (TAK 165)",0.29653284,0.81290627,0.5317078828811646,1.9864206314086914
split_random,global_train_mean,"NK cells, Vanoxerine",0.15945467,0.66337764,0.23089149594306946,1.7659305334091187
split_random,global_train_mean,"B cells, TIE2 Kinase Inhibitor",0.1328845,0.5630543,0.22534723579883575,1.6414541006088257
split_random,global_train_mean,"Myeloid cells, Lapatinib",-0.123444594,0.6966177,-0.16871240735054016,1.9945039749145508
split_random,global_train_mean,"B cells, Clomipramine",0.15445013,0.5964906,0.2723764181137085,1.7206504344940186
split_random,global_train_mean,"Myeloid cells, Ixabepilone",0.1369983,0.663233,0.1886833757162094,1.8737386465072632
split_random,global_train_mean,"B cells, Phenylbutazone",0.16587718,0.551855,0.3555787205696106,1.6360257863998413
split_random,global_train_mean,"Myeloid cells, BMS-777607",0.27696446,0.74917424,0.5211718082427979,1.947730541229248
split_random,global_train_mean,"Myeloid cells, Ruxolitinib",0.46742186,1.4210639,0.6567116975784302,2.583953857421875
split_random,global_train_mean,"Myeloid cells, Sgc-cbp30",0.2606782,0.9611819,0.47467759251594543,2.139599561691284
split_random,global_train_mean,"Myeloid cells, Chlorpheniramine",0.10673765,0.5542156,0.18378815054893494,1.6927541494369507
split_random,global_train_mean,"Myeloid cells, BAY 61-3606",0.43293142,1.8603958,0.5607382655143738,2.8630523681640625
split_random,global_train_mean,"B cells, RVX-208",0.36009836,0.7135348,0.5699214935302734,1.8212230205535889
split_random,global_train_mean,"Myeloid cells, Ketoconazole",-0.05669772,1.4089404,-0.11717382818460464,2.6481595039367676
split_random,global_train_mean,"Myeloid cells, Flutamide",0.2352275,0.59171766,0.42327988147735596,1.713510513305664
split_random,global_train_mean,"B cells, BMS-536924",0.60565376,0.99244356,0.7942610383033752,2.1065590381622314
split_random,global_train_mean,"Myeloid cells, IKK Inhibitor VII",0.40541652,1.4845235,0.5780583024024963,2.666250705718994
split_random,global_train_mean,"Myeloid cells, IMD-0354",0.44117853,1.515011,0.5994638204574585,2.6161844730377197
split_random,global_train_mean,"B cells, Decitabine",0.12528107,0.5742144,0.1187942698597908,1.7640674114227295
split_random,global_train_mean,"Myeloid cells, Cabozantinib",0.1332903,0.7497466,0.35129839181900024,1.8661998510360718
split_random,global_train_mean,"B cells, Defactinib",0.37018442,0.69515073,0.6297117471694946,1.7369569540023804
split_random,global_train_mean,"Myeloid cells, Nilotinib",0.32484984,1.1546432,0.5146021842956543,2.349207639694214
split_random,global_train_mean,"Myeloid cells, Saracatinib",0.53474724,1.3856345,0.6922311782836914,2.446359872817993
split_random,global_train_mean,"B cells, Lamivudine",0.292325,0.60053486,0.5614585280418396,1.6707907915115356
split_random,global_train_mean,"B cells, AZD-8330",0.56146973,0.7092122,0.7925022840499878,1.8073303699493408
split_random,global_train_mean,"B cells, CGM-097",-0.13772756,1.1203988,-0.219804048538208,2.442694664001465
split_random,global_train_mean,"Myeloid cells, YK 4-279",0.07684787,0.63088536,0.12187667191028595,1.7437028884887695
split_random,global_train_mean,"B cells, Imatinib",0.13902117,0.56140065,0.2703576683998108,1.7293550968170166
split_random,global_train_mean,"Myeloid cells, Imatinib",0.1344256,0.53317654,0.40374910831451416,1.5963135957717896
split_random,global_train_mean,"Myeloid cells, SCH-58261",0.2794224,0.62953347,0.5740000009536743,1.6963187456130981
split_random,global_train_mean,"Myeloid cells, Tosedostat",0.38879582,0.96087754,0.5667560696601868,2.1198172569274902
split_random,global_train_mean,"B cells, ABT-199 (GDC-0199)",-0.20589006,1.0538923,-0.39866650104522705,2.3314030170440674
split_random,global_train_mean,"B cells, Mometasone Furoate",0.5667618,1.1760666,0.7359123229980469,2.329760789871216
split_random,global_train_mean,"B cells, PF-03814735",0.53883594,1.1612271,0.7228206992149353,2.3191184997558594
split_random,global_train_mean,"Myeloid cells, Vanoxerine",0.3870313,0.57390964,0.6457194685935974,1.5995289087295532
split_random,cell_context_mean,"Myeloid cells, MK-5108",0.19720986,0.6195513,0.37311336398124695,1.6714434623718262
split_random,cell_context_mean,"NK cells, Ganetespib (STA-9090)",0.4512017,1.0631737,0.6834197640419006,2.2308149337768555
split_random,cell_context_mean,"T cells, Clomipramine",0.29742387,0.56336224,0.5445443987846375,1.5171104669570923
split_random,cell_context_mean,"Myeloid cells, Sunitinib",0.046348315,0.7338671,0.192359060049057,1.8168284893035889
split_random,cell_context_mean,"T cells, Ixabepilone",0.20364442,0.5618726,0.274832159280777,1.6119115352630615
split_random,cell_context_mean,"B cells, Linagliptin",0.04552846,0.6458583,0.06875991076231003,1.7731612920761108
split_random,cell_context_mean,"NK cells, Linagliptin",0.2435743,0.6087908,0.48187029361724854,1.6822195053100586
split_random,cell_context_mean,"T cells, Linagliptin",0.24841145,0.5312995,0.336861252784729,1.5193911790847778
split_random,cell_context_mean,"B cells, 5-(9-Isopropyl-8-methyl-2-morpholino-9H-purin-6-yl)pyrimidin-2-amine",0.69956493,1.1879705,0.8238080143928528,2.186628580093384
split_random,cell_context_mean,"NK cells, O-Demethylated Adapalene",0.1601684,0.6355594,0.30424070358276367,1.7499037981033325
split_random,cell_context_mean,"T cells, O-Demethylated Adapalene",0.37413424,0.5653116,0.5350635647773743,1.6588066816329956
split_random,cell_context_mean,"NK cells, Protriptyline",0.17628469,0.6049106,0.40749838948249817,1.7141613960266113
split_random,cell_context_mean,"T cells, Raloxifene",-0.039382637,0.94064194,-0.0029942134860903025,2.083919048309326
split_random,cell_context_mean,"NK cells, BAY 87-2243",0.27388006,0.9139116,0.42760878801345825,2.20208477973938
split_random,cell_context_mean,"T cells, Phenylbutazone",0.10122518,0.5895449,-0.159630686044693,2.0254411697387695
split_random,cell_context_mean,"T cells, K-02288",0.38278615,0.52014977,0.5910376310348511,1.475343108177185
split_random,cell_context_mean,"NK cells, BMS-777607",0.21510775,0.6287531,0.4049158990383148,1.7172397375106812
split_random,cell_context_mean,"B cells, Porcn Inhibitor III",0.017898388,0.6602917,0.10699592530727386,1.7658836841583252
split_random,cell_context_mean,"NK cells, Porcn Inhibitor III",0.13207267,0.7296376,0.267598420381546,1.940928339958191
split_random,cell_context_mean,"T cells, BMS-265246",0.14852355,1.3717295,0.24727977812290192,2.5371222496032715
split_random,cell_context_mean,"NK cells, Ruxolitinib",0.39207804,0.69347113,0.6354027986526489,1.7485600709915161
split_random,cell_context_mean,"T cells, Dovitinib",0.5326604,0.6775174,0.7548484802246094,1.7871404886245728
split_random,cell_context_mean,"NK cells, Navitoclax",0.045049146,0.71765655,0.09292251616716385,1.9350926876068115
split_random,cell_context_mean,"NK cells, Palbociclib",0.27224243,0.6115518,0.45751988887786865,1.69759202003479
split_random,cell_context_mean,"T cells, Palbociclib",0.3726895,0.52073383,0.6890748739242554,1.4346585273742676
split_random,cell_context_mean,"NK cells, Trametinib",0.33904937,0.66477674,0.6008965969085693,1.7343922853469849
split_random,cell_context_mean,"T cells, Trametinib",0.40376085,0.6552613,0.7092757821083069,1.6698451042175293
split_random,cell_context_mean,"B cells, FK 866",0.3814185,0.7086539,0.6192482709884644,1.765695571899414
split_random,cell_context_mean,"NK cells, FK 866",0.22072503,0.72390157,0.4261418879032135,1.8565247058868408
split_random,cell_context_mean,"T cells, FK 866",0.21377626,0.97295755,0.4001494348049164,2.1345393657684326
split_random,cell_context_mean,"T cells, Chlorpheniramine",0.42692477,0.54059935,0.6951180696487427,1.4353792667388916
split_random,cell_context_mean,"T cells, BAY 61-3606",0.4069199,1.7724433,0.5164886116981506,2.748246192932129
split_random,cell_context_mean,"T cells, LY2090314",-0.040468827,2.4826293,-0.056116122752428055,3.3456764221191406
split_random,cell_context_mean,"T cells, Vardenafil",0.30988306,0.5454678,0.5564857125282288,1.5126838684082031
split_random,cell_context_mean,"B cells, PF-04691502",0.65769374,0.98787445,0.814282238483429,2.0228564739227295
split_random,cell_context_mean,"T cells, Desloratadine",0.23716785,0.5521446,0.4682495892047882,1.462997555732727
split_random,cell_context_mean,"Myeloid cells, Dactolisib",0.54643977,1.9931675,0.6546409130096436,2.9052677154541016
split_random,cell_context_mean,"T cells, Dactolisib",0.6700667,1.3849158,0.800193727016449,2.4243686199188232
split_random,cell_context_mean,"NK cells, IKK Inhibitor VII",0.32140628,0.7155812,0.5633001923561096,1.8238193988800049
split_random,cell_context_mean,"NK cells, Amiodarone",0.2302999,0.6381222,0.4551243484020233,1.7507718801498413
split_random,cell_context_mean,"NK cells, Isoniazid",0.16696617,0.63285005,0.34633275866508484,1.7799944877624512
split_random,cell_context_mean,"B cells, Penfluridol",-0.043293655,0.6768543,-0.16012853384017944,1.8805434703826904
split_random,cell_context_mean,"NK cells, Decitabine",0.20790163,0.6095409,0.3751789331436157,1.6883370876312256
split_random,cell_context_mean,"T cells, Decitabine",0.29448518,0.5159097,0.44581618905067444,1.5469012260437012
split_random,cell_context_mean,"B cells, CHIR-99021",-0.1560151,0.88656956,-0.32389768958091736,2.183605432510376
split_random,cell_context_mean,"NK cells, CHIR-99021",0.09558889,0.73317176,0.1983574628829956,1.9056440591812134
split_random,cell_context_mean,"T cells, CHIR-99021",-0.08036429,1.5135683,-0.10336873680353165,2.8131191730499268
split_random,cell_context_mean,"T cells, Defactinib",0.2682102,0.75006616,0.4790327250957489,1.9433132410049438
split_random,cell_context_mean,"T cells, CC-401",0.47274593,0.7451778,0.7115992903709412,1.7779947519302368
split_random,cell_context_mean,"T cells, AT 7867",0.33981287,0.83190864,0.5990221500396729,1.887900948524475
split_random,cell_context_mean,"NK cells, Lamivudine",0.2704971,0.6324037,0.4583078622817993,1.8202307224273682
split_random,cell_context_mean,"Myeloid cells, TGX 221",0.588481,0.8421265,0.8082369565963745,1.8644376993179321
split_random,cell_context_mean,"B cells, Pitavastatin Calcium",-0.113662966,1.1734108,-0.14905914664268494,2.4753918647766113
split_random,cell_context_mean,"Myeloid cells, Pitavastatin Calcium",0.06862586,2.330223,0.09748093038797379,3.1965768337249756
split_random,cell_context_mean,"B cells, ABT737",-0.07911446,1.0240356,-0.1350168138742447,2.237760543823242
split_random,cell_context_mean,"Myeloid cells, PRT-062607",0.69426644,1.2786789,0.823594331741333,2.285223960876465
split_random,cell_context_mean,"NK cells, AZ628",0.34723192,0.6782256,0.6080909371376038,1.73594069480896
split_random,cell_context_mean,"Myeloid cells, Masitinib",0.42462757,0.67940545,0.7261512875556946,1.6777760982513428
split_random,cell_context_mean,"T cells, CGM-097",0.0035153776,1.3884681,-0.0030817342922091484,2.6787538528442383
split_random,cell_context_mean,"NK cells, SLx-2119",0.17990439,0.69855684,0.2387775033712387,1.9504776000976562
split_random,cell_context_mean,"T cells, SLx-2119",0.37268278,0.58543634,0.6210141777992249,1.6442822217941284
split_random,cell_context_mean,"NK cells, Nefazodone",0.27223292,0.6291975,0.470584511756897,1.7695252895355225
split_random,cell_context_mean,"B cells, STK219801",0.31086347,0.61351204,0.5125533938407898,1.7187860012054443
split_random,cell_context_mean,"Myeloid cells, STK219801",0.3490008,0.6281345,0.5383784174919128,1.7776917219161987
split_random,cell_context_mean,"NK cells, GSK-1070916",0.18520448,0.6357123,0.4160751402378082,1.7421337366104126
split_random,cell_context_mean,"Myeloid cells, Ricolinostat",0.1306312,1.1780374,0.23978158831596375,2.3832385540008545
split_random,cell_context_mean,"T cells, YK 4-279",-0.042303424,0.6967139,-0.21705181896686554,1.87386953830719
split_random,cell_context_mean,"NK cells, Midostaurin",0.35695994,0.7005339,0.5798553228378296,1.7494068145751953
split_random,cell_context_mean,"T cells, CEP-37440",0.43855715,0.61519116,0.7079525589942932,1.6907615661621094
split_random,cell_context_mean,"NK cells, Vandetanib",0.29054916,0.6197167,0.6172366142272949,1.733514428138733
split_random,cell_context_mean,"NK cells, Tosedostat",0.32512042,0.727755,0.5656615495681763,1.853644847869873
split_random,cell_context_mean,"NK cells, ABT-199 (GDC-0199)",0.19128884,0.6293312,0.4171585440635681,1.7721624374389648
split_random,cell_context_mean,"NK cells, Mometasone Furoate",0.3881507,0.9121794,0.6123659610748291,2.1182234287261963
split_random,cell_context_mean,"T cells, Tipifarnib",0.45205152,0.6190668,0.744967520236969,1.5884462594985962
split_random,cell_context_mean,"B cells, BX 912",0.5852751,0.64375997,0.7969068884849548,1.5515917539596558
split_random,cell_context_mean,"Myeloid cells, BX 912",0.5158339,0.73612785,0.7621785998344421,1.717983603477478
split_random,cell_context_mean,"NK cells, BX 912",0.36332357,0.68820834,0.5806185603141785,1.740194320678711
split_random,cell_context_mean,"NK cells, Selumetinib",0.29345697,0.67370594,0.511710524559021,1.7753264904022217
split_random,cell_context_mean,"NK cells, Clotrimazole",0.24059089,0.6133698,0.4236395061016083,1.7488459348678589
split_random,cell_context_mean,"NK cells, RG7090",0.17735323,0.66141903,0.40750324726104736,1.7905522584915161
split_random,cell_context_mean,"NK cells, Mubritinib (TAK 165)",0.3142602,0.80949765,0.547526478767395,1.9948822259902954
split_random,cell_context_mean,"NK cells, Vanoxerine",0.26165983,0.6351228,0.37850135564804077,1.7214144468307495
split_random,cell_context_mean,"B cells, TIE2 Kinase Inhibitor",0.18011767,0.5854996,0.29470059275627136,1.6063060760498047
split_random,cell_context_mean,"Myeloid cells, Lapatinib",-0.062417462,0.73986185,-0.030824076384305954,1.9967625141143799
split_random,cell_context_mean,"B cells, Clomipramine",0.21204692,0.6098484,0.3657359182834625,1.6638950109481812
split_random,cell_context_mean,"Myeloid cells, Ixabepilone",0.17752826,0.6867023,0.31546682119369507,1.8161261081695557
split_random,cell_context_mean,"B cells, Phenylbutazone",0.21763119,0.5700605,0.39298027753829956,1.5892107486724854
split_random,cell_context_mean,"Myeloid cells, BMS-777607",0.42825818,0.70451903,0.7154820561408997,1.7376455068588257
split_random,cell_context_mean,"Myeloid cells, Ruxolitinib",0.63550586,1.3186171,0.7900042533874512,2.3859987258911133
split_random,cell_context_mean,"Myeloid cells, Sgc-cbp30",0.23858961,0.974881,0.44121167063713074,2.1024069786071777
split_random,cell_context_mean,"Myeloid cells, Chlorpheniramine",0.22520266,0.56620735,0.4444899260997772,1.569746732711792
split_random,cell_context_mean,"Myeloid cells, BAY 61-3606",0.52082545,1.7918217,0.6560157537460327,2.7450883388519287
split_random,cell_context_mean,"B cells, RVX-208",0.3987119,0.701647,0.6160182952880859,1.7282415628433228
split_random,cell_context_mean,"Myeloid cells, Ketoconazole",0.08749644,1.3892941,0.13338984549045563,2.583829164505005
split_random,cell_context_mean,"Myeloid cells, Flutamide",0.29636034,0.6016269,0.5760384202003479,1.6004985570907593
split_random,cell_context_mean,"B cells, BMS-536924",0.7065273,0.9130201,0.8639138340950012,1.908494472503662
split_random,cell_context_mean,"Myeloid cells, IKK Inhibitor VII",0.60394377,1.3785667,0.7509679198265076,2.469212532043457
split_random,cell_context_mean,"Myeloid cells, IMD-0354",0.5205858,1.4520679,0.6594865918159485,2.4978668689727783
split_random,cell_context_mean,"B cells, Decitabine",0.16670859,0.59784985,0.2614862024784088,1.7185900211334229
split_random,cell_context_mean,"Myeloid cells, Cabozantinib",0.21341117,0.7530187,0.4986562132835388,1.7686516046524048
split_random,cell_context_mean,"B cells, Defactinib",0.4496275,0.6685855,0.6978620886802673,1.6112202405929565
split_random,cell_context_mean,"Myeloid cells, Nilotinib",0.44710675,1.0976695,0.6664358973503113,2.1969313621520996
split_random,cell_context_mean,"Myeloid cells, Saracatinib",0.60337335,1.3147912,0.7650582790374756,2.301621198654175
split_random,cell_context_mean,"B cells, Lamivudine",0.3614494,0.59406394,0.65147465467453,1.554235577583313
split_random,cell_context_mean,"B cells, AZD-8330",0.6403459,0.65433425,0.8482872843742371,1.6048171520233154
split_random,cell_context_mean,"B cells, CGM-097",-0.12500435,1.1528811,-0.20561760663986206,2.478119134902954
split_random,cell_context_mean,"Myeloid cells, YK 4-279",0.25952077,0.6155519,0.4366791248321533,1.6004506349563599
split_random,cell_context_mean,"B cells, Imatinib",0.17867175,0.58499503,0.4288211166858673,1.6539325714111328
split_random,cell_context_mean,"Myeloid cells, Imatinib",0.17515157,0.57000273,0.5047020316123962,1.5235058069229126
split_random,cell_context_mean,"Myeloid cells, SCH-58261",0.25673673,0.66019785,0.5134005546569824,1.678855538368225
split_random,cell_context_mean,"Myeloid cells, Tosedostat",0.38512677,0.9506304,0.5632238984107971,2.0517919063568115
split_random,cell_context_mean,"B cells, ABT-199 (GDC-0199)",-0.12179328,1.0715312,-0.25671061873435974,2.333730936050415
split_random,cell_context_mean,"B cells, Mometasone Furoate",0.6086309,1.1228033,0.7559174299240112,2.2089524269104004
split_random,cell_context_mean,"B cells, PF-03814735",0.63160163,1.0916911,0.7929909825325012,2.1593587398529053
split_random,cell_context_mean,"Myeloid cells, Vanoxerine",0.42116556,0.57358676,0.7320842742919922,1.4524670839309692
split_random,drug_mean,"Myeloid cells, MK-5108",0.25817844,0.60182816,0.45958760380744934,1.6286102533340454
split_random,drug_mean,"NK cells, Ganetespib (STA-9090)",0.5621755,1.2506677,0.7898524403572083,1.4860559701919556
split_random,drug_mean,"T cells, Clomipramine",0.27452958,0.6306262,0.562981367111206,1.4629695415496826
split_random,drug_mean,"Myeloid cells, Sunitinib",0.1775261,0.7592779,0.44744598865509033,1.6733473539352417
split_random,drug_mean,"T cells, Ixabepilone",0.16144085,0.6157163,0.420775443315506,1.5813876390457153
split_random,drug_mean,"B cells, Linagliptin",0.042905416,0.8562945,0.01573152095079422,1.871748924255371
split_random,drug_mean,"NK cells, Linagliptin",0.002348887,0.91551685,0.1015673577785492,1.8520715236663818
split_random,drug_mean,"T cells, Linagliptin",0.05375492,0.8082961,0.17187349498271942,1.62686288356781
split_random,drug_mean,"B cells, 5-(9-Isopropyl-8-methyl-2-morpholino-9H-purin-6-yl)pyrimidin-2-amine",0.6216438,1.1161556,0.7602869272232056,1.736573338508606
split_random,drug_mean,"NK cells, O-Demethylated Adapalene",0.06381065,0.82665455,0.04469839856028557,1.8632441759109497
split_random,drug_mean,"T cells, O-Demethylated Adapalene",0.2780697,0.700951,0.5816304087638855,1.5088821649551392
split_random,drug_mean,"NK cells, Protriptyline",0.0781676,0.66411495,0.1486644744873047,1.7813905477523804
split_random,drug_mean,"T cells, Raloxifene",0.29626006,0.85009044,0.5317031741142273,1.786513328552246
split_random,drug_mean,"NK cells, BAY 87-2243",0.5089842,0.928767,0.7291316986083984,1.5232957601547241
split_random,drug_mean,"T cells, Phenylbutazone",0.16673812,0.6162386,0.35781732201576233,1.6040574312210083
split_random,drug_mean,"T cells, K-02288",0.14305523,0.6494706,0.3465723395347595,1.66713285446167
split_random,drug_mean,"NK cells, BMS-777607",0.09299019,0.7619396,0.16554458439350128,1.7860654592514038
split_random,drug_mean,"B cells, Porcn Inhibitor III",0.16482566,0.8504916,0.38888034224510193,1.6433968544006348
split_random,drug_mean,"NK cells, Porcn Inhibitor III",0.16981736,0.9397375,0.37842339277267456,1.843377709388733
split_random,drug_mean,"T cells, BMS-265246",0.6478413,1.0531509,0.8031020164489746,1.7060327529907227
split_random,drug_mean,"NK cells, Ruxolitinib",0.2824983,0.9595449,0.48881998658180237,1.7087656259536743
split_random,drug_mean,"T cells, Dovitinib",0.4222049,0.7550087,0.7007114291191101,1.6775811910629272
split_random,drug_mean,"NK cells, Navitoclax",0.16032472,0.79435045,0.30337342619895935,1.8617486953735352
split_random,drug_mean,"NK cells, Palbociclib",0.09959365,0.7851818,0.19163042306900024,1.7854458093643188
split_random,drug_mean,"T cells, Palbociclib",0.26195735,0.6485617,0.5484687089920044,1.5536569356918335
split_random,drug_mean,"NK cells, Trametinib",0.17022294,1.035346,0.3747110366821289,1.785876989364624
split_random,drug_mean,"T cells, Trametinib",0.31067517,0.94925964,0.6139159202575684,1.6215224266052246
split_random,drug_mean,"B cells, FK 866",0.24326988,1.2384917,0.5130194425582886,1.8501607179641724
split_random,drug_mean,"NK cells, FK 866",0.1742754,1.2774905,0.37732502818107605,1.8988327980041504
split_random,drug_mean,"T cells, FK 866",0.39060628,1.2052177,0.6247255206108093,1.789549469947815
split_random,drug_mean,"T cells, Chlorpheniramine",0.1799195,0.67424846,0.41422757506370544,1.6121677160263062
split_random,drug_mean,"T cells, BAY 61-3606",0.67494935,1.4271191,0.7623493671417236,2.1171975135803223
split_random,drug_mean,"T cells, LY2090314",0.45019734,2.1783862,0.522240400314331,2.843292474746704
split_random,drug_mean,"T cells, Vardenafil",0.20361093,0.5983252,0.484300434589386,1.5911527872085571
split_random,drug_mean,"B cells, PF-04691502",0.48839378,1.0510976,0.6828768253326416,1.875064730644226
split_random,drug_mean,"T cells, Desloratadine",0.24187566,0.558846,0.5226086974143982,1.4316014051437378
split_random,drug_mean,"Myeloid cells, Dactolisib",0.54807603,1.814172,0.632842481136322,2.5253539085388184
split_random,drug_mean,"T cells, Dactolisib",0.7022267,1.1352496,0.8097187280654907,1.7441246509552002
split_random,drug_mean,"NK cells, IKK Inhibitor VII",0.32317922,0.9496568,0.5105923414230347,1.6895639896392822
split_random,drug_mean,"NK cells, Amiodarone",0.08510376,0.7238099,0.12202239036560059,1.8356090784072876
split_random,drug_mean,"NK cells, Isoniazid",0.06593344,0.6981109,0.18045231699943542,1.8175263404846191
split_random,drug_mean,"B cells, Penfluridol",0.11703561,0.6566736,0.28156909346580505,1.715975284576416
split_random,drug_mean,"NK cells, Decitabine",0.046057306,0.7870049,0.07118843495845795,1.8305083513259888
split_random,drug_mean,"T cells, Decitabine",0.12636593,0.66773903,0.223467618227005,1.6699626445770264
split_random,drug_mean,"B cells, CHIR-99021",0.29391453,1.2224923,0.5317331552505493,1.7807226181030273
split_random,drug_mean,"NK cells, CHIR-99021",0.20150083,1.2733053,0.4266709089279175,1.8486326932907104
split_random,drug_mean,"T cells, CHIR-99021",0.37672824,1.4909562,0.5668607950210571,2.2689149379730225
split_random,drug_mean,"T cells, Defactinib",0.3093761,0.8392233,0.6079116463661194,1.7457149028778076
split_random,drug_mean,"T cells, CC-401",0.5044408,0.74712086,0.7215232253074646,1.584172010421753
split_random,drug_mean,"T cells, AT 7867",0.2777946,0.93494314,0.4947884678840637,1.8628181219100952
split_random,drug_mean,"NK cells, Lamivudine",0.0409279,0.7837364,0.011152447201311588,1.950331211090088
split_random,drug_mean,"Myeloid cells, TGX 221",0.33508584,0.98148954,0.5248223543167114,2.0144269466400146
split_random,drug_mean,"B cells, Pitavastatin Calcium",0.53619194,1.1599392,0.7406798005104065,1.5763237476348877
split_random,drug_mean,"Myeloid cells, Pitavastatin Calcium",0.38091907,2.1887236,0.4449213743209839,2.8619534969329834
split_random,drug_mean,"B cells, ABT737",0.19032441,0.96267915,0.3149946630001068,2.018028974533081
split_random,drug_mean,"Myeloid cells, PRT-062607",0.37537274,1.4111686,0.5228636264801025,2.359236001968384
split_random,drug_mean,"NK cells, AZ628",0.2617161,0.8436619,0.43622803688049316,1.721524953842163
split_random,drug_mean,"Myeloid cells, Masitinib",0.22975147,0.7713268,0.4320165514945984,1.9046016931533813
split_random,drug_mean,"T cells, CGM-097",0.5297979,1.1441591,0.7030459046363831,1.9966073036193848
split_random,drug_mean,"NK cells, SLx-2119",0.13630165,0.7926849,0.2633809447288513,1.9091596603393555
split_random,drug_mean,"T cells, SLx-2119",0.21878144,0.6884582,0.4789729118347168,1.6717299222946167
split_random,drug_mean,"NK cells, Nefazodone",0.11984998,0.69970953,0.13969694077968597,1.859288215637207
split_random,drug_mean,"B cells, STK219801",0.20447692,0.69860065,0.3277643918991089,1.7805278301239014
split_random,drug_mean,"Myeloid cells, STK219801",0.24995254,0.7003018,0.44753599166870117,1.7377917766571045
split_random,drug_mean,"NK cells, GSK-1070916",0.17791039,0.7230803,0.2451716661453247,1.766252875328064
split_random,drug_mean,"Myeloid cells, Ricolinostat",0.40178627,1.0787601,0.5735006332397461,2.0735831260681152
split_random,drug_mean,"T cells, YK 4-279",0.24312662,0.644662,0.49633046984672546,1.4720532894134521
split_random,drug_mean,"NK cells, Midostaurin",0.2843017,0.8717642,0.4702094793319702,1.6545599699020386
split_random,drug_mean,"T cells, CEP-37440",0.3460321,0.6899225,0.6728843450546265,1.641252040863037
split_random,drug_mean,"NK cells, Vandetanib",0.06002072,0.7543854,0.07195113599300385,1.8908964395523071
split_random,drug_mean,"NK cells, Tosedostat",0.2790799,0.8175863,0.4968867003917694,1.7589682340621948
split_random,drug_mean,"NK cells, ABT-199 (GDC-0199)",0.08033626,0.72312963,0.2304874062538147,1.827224612236023
split_random,drug_mean,"NK cells, Mometasone Furoate",0.39855054,1.4130969,0.6731271743774414,1.740114688873291
split_random,drug_mean,"T cells, Tipifarnib",0.39086315,0.67583287,0.6655551791191101,1.5624252557754517
split_random,drug_mean,"B cells, BX 912",0.38110617,0.9080542,0.6182795763015747,1.5964856147766113
split_random,drug_mean,"Myeloid cells, BX 912",0.17840704,1.0922084,0.37449562549591064,1.9869471788406372
split_random,drug_mean,"NK cells, BX 912",0.25946167,0.96872836,0.45280081033706665,1.7021781206130981
split_random,drug_mean,"NK cells, Selumetinib",0.19585869,0.8408355,0.3613710403442383,1.7938345670700073
split_random,drug_mean,"NK cells, Clotrimazole",0.075094186,0.72256094,0.07766060531139374,1.8675144910812378
split_random,drug_mean,"NK cells, RG7090",0.17527936,0.7689252,0.2941438555717468,1.791492223739624
split_random,drug_mean,"NK cells, Mubritinib (TAK 165)",0.38243815,0.89742905,0.6255066990852356,1.6751160621643066
split_random,drug_mean,"NK cells, Vanoxerine",0.0892379,0.7572586,0.18600785732269287,1.7795614004135132
split_random,drug_mean,"B cells, TIE2 Kinase Inhibitor",0.17104633,0.6050928,0.38971084356307983,1.5727204084396362
split_random,drug_mean,"Myeloid cells, Lapatinib",0.21856369,0.67095834,0.44758301973342896,1.755143642425537
split_random,drug_mean,"B cells, Clomipramine",0.16698958,0.69318295,0.3301810026168823,1.6746288537979126
split_random,drug_mean,"Myeloid cells, Ixabepilone",0.124551296,0.7360719,0.292696475982666,1.8100212812423706
split_random,drug_mean,"B cells, Phenylbutazone",0.09986066,0.66252375,0.05970343202352524,1.738707184791565
split_random,drug_mean,"Myeloid cells, BMS-777607",0.17558765,0.8393847,0.3117443919181824,1.9793970584869385
split_random,drug_mean,"Myeloid cells, Ruxolitinib",0.33585486,1.4709387,0.4871121346950531,2.4684956073760986
split_random,drug_mean,"Myeloid cells, Sgc-cbp30",0.24687788,0.99608004,0.440828412771225,2.0659022331237793
split_random,drug_mean,"Myeloid cells, Chlorpheniramine",0.033679992,0.6816923,0.04698318988084793,1.761704444885254
split_random,drug_mean,"Myeloid cells, BAY 61-3606",0.43631843,1.7616245,0.5449805855751038,2.5720062255859375
split_random,drug_mean,"B cells, RVX-208",0.42435142,0.74344796,0.6048537492752075,1.5595037937164307
split_random,drug_mean,"Myeloid cells, Ketoconazole",0.50293833,1.1928402,0.6493741273880005,2.050454616546631
split_random,drug_mean,"Myeloid cells, Flutamide",0.121386394,0.6575119,0.19250908493995667,1.7878928184509277
split_random,drug_mean,"B cells, BMS-536924",0.50079715,0.9844696,0.7089159488677979,1.8479293584823608
split_random,drug_mean,"Myeloid cells, IKK Inhibitor VII",0.29238856,1.5540257,0.44304007291793823,2.56207275390625
split_random,drug_mean,"Myeloid cells, IMD-0354",0.47473675,1.4487293,0.617265522480011,2.214914083480835
split_random,drug_mean,"B cells, Decitabine",0.05437955,0.73516524,-0.04868024215102196,1.8894474506378174
split_random,drug_mean,"Myeloid cells, Cabozantinib",0.17664117,0.78877485,0.3237718641757965,1.846720576286316
split_random,drug_mean,"B cells, Defactinib",0.28876135,0.84246176,0.581243097782135,1.6130526065826416
split_random,drug_mean,"Myeloid cells, Nilotinib",0.3151627,1.1770054,0.4733905494213104,2.2303366661071777
split_random,drug_mean,"Myeloid cells, Saracatinib",0.4916905,1.3086319,0.6306418180465698,2.2054944038391113
split_random,drug_mean,"B cells, Lamivudine",0.14346303,0.71895695,0.2745112180709839,1.753699779510498
split_random,drug_mean,"B cells, AZD-8330",0.39053234,0.8093269,0.6618393659591675,1.6683307886123657
split_random,drug_mean,"B cells, CGM-097",0.49789613,0.9650937,0.7026808857917786,1.693179726600647
split_random,drug_mean,"Myeloid cells, YK 4-279",0.14713088,0.69601464,0.28604134917259216,1.6701825857162476
split_random,drug_mean,"B cells, Imatinib",0.076657504,0.6587982,0.2026752382516861,1.749253511428833
split_random,drug_mean,"Myeloid cells, Imatinib",0.094974294,0.6276653,0.15760207176208496,1.6619837284088135
split_random,drug_mean,"Myeloid cells, SCH-58261",0.15344135,0.69076306,0.2862932085990906,1.77937650680542
split_random,drug_mean,"Myeloid cells, Tosedostat",0.33891314,0.9918997,0.5366356372833252,1.9944220781326294
split_random,drug_mean,"B cells, ABT-199 (GDC-0199)",0.15377516,0.99686503,0.2606510519981384,2.1366820335388184
split_random,drug_mean,"B cells, Mometasone Furoate",0.51780933,1.3730459,0.7296451330184937,1.7849489450454712
split_random,drug_mean,"B cells, PF-03814735",0.5528032,1.1181252,0.7529981136322021,1.7731858491897583
split_random,drug_mean,"Myeloid cells, Vanoxerine",0.21474513,0.6814145,0.40970945358276367,1.6415188312530518
split_cell_heldout,global_train_mean,"Myeloid cells, MK-5108",0.10387438,0.60245514,0.23843978345394135,1.7511584758758545
split_cell_heldout,global_train_mean,"Myeloid cells, Ganetespib (STA-9090)",0.3974882,1.4578917,0.5555981993675232,2.548299551010132
split_cell_heldout,global_train_mean,"Myeloid cells, Sunitinib",0.08791389,0.6766325,0.2330218255519867,1.8055590391159058
split_cell_heldout,global_train_mean,"Myeloid cells, Tivozanib",0.09686265,0.77208465,0.18247190117835999,2.0138227939605713
split_cell_heldout,global_train_mean,"Myeloid cells, Tamatinib",0.33070967,1.3611112,0.4879857301712036,2.525935173034668
split_cell_heldout,global_train_mean,"Myeloid cells, Linagliptin",-0.067256615,0.7277517,-0.14736175537109375,1.9792139530181885
split_cell_heldout,global_train_mean,"Myeloid cells, 5-(9-Isopropyl-8-methyl-2-morpholino-9H-purin-6-yl)pyrimidin-2-amine",0.38981467,1.5550779,0.5349555611610413,2.696627378463745
split_cell_heldout,global_train_mean,"Myeloid cells, O-Demethylated Adapalene",0.10562946,0.82337236,0.19446419179439545,2.2319154739379883
split_cell_heldout,global_train_mean,"Myeloid cells, I-BET151",0.30079436,1.7400402,0.41961851716041565,2.8222813606262207
split_cell_heldout,global_train_mean,"Myeloid cells, GW843682X",0.05054806,0.75694317,0.13920404016971588,2.073518991470337
split_cell_heldout,global_train_mean,"Myeloid cells, IN1451",0.24286719,2.409322,0.30290845036506653,3.2370448112487793
split_cell_heldout,global_train_mean,"Myeloid cells, Raloxifene",-0.04223285,1.007964,-0.02544255182147026,2.2710819244384766
split_cell_heldout,global_train_mean,"Myeloid cells, Topotecan",0.121004835,1.4929533,0.2011319398880005,2.6451988220214844
split_cell_heldout,global_train_mean,"Myeloid cells, BAY 87-2243",0.18943955,1.4341068,0.24862618744373322,2.5941216945648193
split_cell_heldout,global_train_mean,"Myeloid cells, Porcn Inhibitor III",-0.15666784,1.230174,-0.22519977390766144,2.5751755237579346
split_cell_heldout,global_train_mean,"Myeloid cells, TL_HRAS26",0.007712405,0.6434025,-0.014648767188191414,1.9650474786758423
split_cell_heldout,global_train_mean,"Myeloid cells, BMS-265246",0.058760807,1.7432919,0.12934967875480652,2.8759820461273193
split_cell_heldout,global_train_mean,"Myeloid cells, Pomalidomide",-0.030304477,1.0867976,0.04793199524283409,2.5462646484375
split_cell_heldout,global_train_mean,"Myeloid cells, Dovitinib",-0.008315991,0.9651472,0.08215713500976562,2.2793796062469482
split_cell_heldout,global_train_mean,"Myeloid cells, Navitoclax",-0.22555667,0.92957515,-0.3493543267250061,2.1798524856567383
split_cell_heldout,global_train_mean,"Myeloid cells, Methotrexate",0.052307922,0.9312883,0.11519742757081985,2.140225648880005
split_cell_heldout,global_train_mean,"Myeloid cells, Palbociclib",0.16633537,0.77497536,0.36945751309394836,1.9831146001815796
split_cell_heldout,global_train_mean,"Myeloid cells, AMD-070 (hydrochloride)",0.09532282,0.7548031,0.2046564370393753,2.0359606742858887
split_cell_heldout,global_train_mean,"Myeloid cells, FK 866",0.13099308,1.1698301,0.22035935521125793,2.376803398132324
split_cell_heldout,global_train_mean,"Myeloid cells, Scriptaid",0.25170654,1.9078773,0.3534370958805084,2.9458768367767334
split_cell_heldout,global_train_mean,"Myeloid cells, Dactolisib",0.426023,2.077765,0.5333283543586731,3.033776044845581
split_cell_heldout,global_train_mean,"Myeloid cells, Isoniazid",0.08798628,0.61174256,0.15663199126720428,1.7604337930679321
split_cell_heldout,global_train_mean,"Myeloid cells, Idelalisib",0.119088404,0.9803388,0.24173378944396973,2.1460952758789062
split_cell_heldout,global_train_mean,"Myeloid cells, Penfluridol",0.03989753,0.743839,0.1418805867433548,1.8745579719543457
split_cell_heldout,global_train_mean,"Myeloid cells, Quizartinib",0.10195913,0.792508,0.18394708633422852,2.2351982593536377
split_cell_heldout,global_train_mean,"Myeloid cells, PD-0325901",0.16761999,1.3824102,0.26312360167503357,2.5799601078033447
split_cell_heldout,global_train_mean,"Myeloid cells, LDN 193189",-0.08054937,0.8173782,-0.07704988121986389,2.070765733718872
split_cell_heldout,global_train_mean,"Myeloid cells, Riociguat",0.2136336,0.584117,0.4240908622741699,1.6816375255584717
split_cell_heldout,global_train_mean,"Myeloid cells, CHIR-99021",-0.06478444,1.2437227,-0.11065205931663513,2.4735195636749268
split_cell_heldout,global_train_mean,"Myeloid cells, BI-D1870",0.11434822,0.8778997,0.26898637413978577,2.1084160804748535
split_cell_heldout,global_train_mean,"Myeloid cells, Crizotinib",0.33932242,0.9358633,0.5073059797286987,2.1700689792633057
split_cell_heldout,global_train_mean,"Myeloid cells, Azacitidine",0.10300786,0.6156417,0.2933520972728729,1.7217141389846802
split_cell_heldout,global_train_mean,"Myeloid cells, TR-14035",0.16643287,0.61651087,0.30344605445861816,1.7831768989562988
split_cell_heldout,global_train_mean,"Myeloid cells, AT 7867",0.10397396,1.3286049,0.2232142984867096,2.5318405628204346
split_cell_heldout,global_train_mean,"Myeloid cells, GO-6976",0.010499664,1.1761279,0.049083732068538666,2.3524787425994873
split_cell_heldout,global_train_mean,"Myeloid cells, TGX 221",0.3251796,0.9528228,0.5211657881736755,2.1605265140533447
split_cell_heldout,global_train_mean,"Myeloid cells, Pitavastatin Calcium",-0.0573882,2.3523712,-0.05689462274312973,3.2323923110961914
split_cell_heldout,global_train_mean,"Myeloid cells, ABT737",-0.06634933,0.97455263,-0.031286872923374176,2.284196376800537
split_cell_heldout,global_train_mean,"Myeloid cells, PRT-062607",0.3481874,1.4387031,0.4893409311771393,2.5790371894836426
split_cell_heldout,global_train_mean,"Myeloid cells, AZ628",0.18381606,0.97975814,0.31103354692459106,2.1803576946258545
split_cell_heldout,global_train_mean,"Myeloid cells, Masitinib",0.23641223,0.7299563,0.48728466033935547,1.9375066757202148
split_cell_heldout,global_train_mean,"Myeloid cells, STK219801",0.21784364,0.6459849,0.35680219531059265,1.9014962911605835
split_cell_heldout,global_train_mean,"Myeloid cells, Ricolinostat",0.046725824,1.18184,0.10813583433628082,2.4370527267456055
split_cell_heldout,global_train_mean,"Myeloid cells, Midostaurin",0.17341574,1.150034,0.3028236925601959,2.3900516033172607
split_cell_heldout,global_train_mean,"Myeloid cells, CEP-37440",0.051633816,0.9565095,0.127674400806427,2.2409818172454834
split_cell_heldout,global_train_mean,"Myeloid cells, R428",0.17961693,2.044565,0.25406771898269653,3.0412325859069824
split_cell_heldout,global_train_mean,"Myeloid cells, Oxybenzone",0.110829845,0.54891634,0.203323096036911,1.6692204475402832
split_cell_heldout,global_train_mean,"Myeloid cells, Tivantinib",0.17939572,0.81955266,0.3399110436439514,2.0559587478637695
split_cell_heldout,global_train_mean,"Myeloid cells, Colchicine",0.13509509,2.468396,0.17930108308792114,3.284646511077881
split_cell_heldout,global_train_mean,"Myeloid cells, BX 912",0.21352892,0.83667266,0.3729202449321747,2.0278377532958984
split_cell_heldout,global_train_mean,"Myeloid cells, Selumetinib",0.21310425,1.0610138,0.3637112081050873,2.313793659210205
split_cell_heldout,global_train_mean,"Myeloid cells, RG7090",-0.044058584,0.88350683,-0.003395501058548689,2.114567279815674
split_cell_heldout,global_train_mean,"Myeloid cells, GLPG0634",0.28831214,0.9066298,0.5396088361740112,2.0882718563079834
split_cell_heldout,global_train_mean,"Myeloid cells, TIE2 Kinase Inhibitor",-0.022482775,0.67972195,-0.012049469165503979,1.9194445610046387
split_cell_heldout,global_train_mean,"Myeloid cells, Lapatinib",-0.13182372,0.6947946,-0.2010882943868637,2.0000290870666504
split_cell_heldout,global_train_mean,"Myeloid cells, Atorvastatin",-0.05743544,0.76028955,-0.14159367978572845,2.137831211090088
split_cell_heldout,global_train_mean,"Myeloid cells, Clomipramine",0.21884565,0.6626618,0.45756274461746216,1.8139351606369019
split_cell_heldout,global_train_mean,"Myeloid cells, Ixabepilone",0.096584,0.6708498,0.08480608463287354,1.9003394842147827
split_cell_heldout,global_train_mean,"Myeloid cells, Protriptyline",-0.007324581,0.5736798,-0.15625429153442383,1.771420955657959
split_cell_heldout,global_train_mean,"Myeloid cells, Phenylbutazone",-0.019611506,0.6037187,-0.0960274413228035,1.7350788116455078
split_cell_heldout,global_train_mean,"Myeloid cells, K-02288",-0.029681426,1.0072895,-0.032377712428569794,2.319737195968628
split_cell_heldout,global_train_mean,"Myeloid cells, BMS-777607",0.1585943,0.7778048,0.2840004861354828,2.025695323944092
split_cell_heldout,global_train_mean,"Myeloid cells, Vorinostat",0.26151702,1.8441954,0.3730052411556244,2.8913183212280273
split_cell_heldout,global_train_mean,"Myeloid cells, Ruxolitinib",0.3072883,1.4640287,0.4656340479850769,2.6601829528808594
split_cell_heldout,global_train_mean,"Myeloid cells, AVL-292",0.18339817,0.938989,0.33852237462997437,2.173398733139038
split_cell_heldout,global_train_mean,"Myeloid cells, Trametinib",-0.009075465,1.4589795,-0.004877051804214716,2.660698175430298
split_cell_heldout,global_train_mean,"Myeloid cells, Sgc-cbp30",0.22269167,0.9706789,0.4037539064884186,2.1650664806365967
split_cell_heldout,global_train_mean,"Myeloid cells, Chlorpheniramine",0.035071984,0.5675996,-0.03542621061205864,1.7421396970748901
split_cell_heldout,global_train_mean,"Myeloid cells, BAY 61-3606",0.32911178,1.8888148,0.4330125153064728,2.9073169231414795
split_cell_heldout,global_train_mean,"Myeloid cells, LY2090314",0.09734012,2.143662,0.1426992267370224,3.1046340465545654
split_cell_heldout,global_train_mean,"Myeloid cells, Vardenafil",0.091687575,0.7097984,0.24733451008796692,1.8537639379501343
split_cell_heldout,global_train_mean,"Myeloid cells, Dasatinib",0.40073287,1.5107198,0.5507097840309143,2.5843582153320312
split_cell_heldout,global_train_mean,"Myeloid cells, AT13387",0.36216247,1.3214544,0.5150687098503113,2.407331943511963
split_cell_heldout,global_train_mean,"Myeloid cells, Perhexiline",0.32131633,0.9210444,0.5197685360908508,2.1069447994232178
split_cell_heldout,global_train_mean,"Myeloid cells, RVX-208",0.2020927,0.8915276,0.35792937874794006,2.097630500793457
split_cell_heldout,global_train_mean,"Myeloid cells, Ketoconazole",-0.109040655,1.4193178,-0.20606009662151337,2.668443202972412
split_cell_heldout,global_train_mean,"Myeloid cells, Disulfiram",-0.020525293,0.659423,-0.0968884825706482,1.9323779344558716
split_cell_heldout,global_train_mean,"Myeloid cells, Flutamide",0.16330335,0.6074663,0.27601197361946106,1.7623991966247559
split_cell_heldout,global_train_mean,"Myeloid cells, Desloratadine",0.085418686,0.6348176,0.1466427594423294,1.7501634359359741
split_cell_heldout,global_train_mean,"Myeloid cells, BMS-536924",0.35292777,1.0550994,0.5455007553100586,2.190739870071411
split_cell_heldout,global_train_mean,"Myeloid cells, IKK Inhibitor VII",0.24063723,1.5276401,0.37759822607040405,2.7405734062194824
split_cell_heldout,global_train_mean,"Myeloid cells, Amiodarone",0.021011868,0.6524715,0.029600119218230247,1.8808660507202148
split_cell_heldout,global_train_mean,"Myeloid cells, IMD-0354",0.32948062,1.5454963,0.46811237931251526,2.666856527328491
split_cell_heldout,global_train_mean,"Myeloid cells, Alogliptin",-0.010321153,0.6080243,-0.020712608471512794,1.7321141958236694
split_cell_heldout,global_train_mean,"Myeloid cells, RN-486",0.15754025,0.74308115,0.27745193243026733,1.9711066484451294
split_cell_heldout,global_train_mean,"Myeloid cells, Decitabine",0.20425399,0.52537596,0.4151255488395691,1.6581224203109741
split_cell_heldout,global_train_mean,"Myeloid cells, Cabozantinib",0.070969485,0.76285595,0.2141159325838089,1.9084933996200562
split_cell_heldout,global_train_mean,"Myeloid cells, Defactinib",0.27640152,1.0301476,0.4810178279876709,2.193720579147339
split_cell_heldout,global_train_mean,"Myeloid cells, AZD3514",0.30360168,0.8119459,0.5396608114242554,1.9822286367416382
split_cell_heldout,global_train_mean,"Myeloid cells, HMN-214",0.07321712,0.86488307,0.0775354653596878,2.067488670349121
split_cell_heldout,global_train_mean,"Myeloid cells, CC-401",0.36397138,0.90139616,0.5527385473251343,2.039841413497925
split_cell_heldout,global_train_mean,"Myeloid cells, Resminostat",0.27868816,1.9420948,0.3853074312210083,2.8983335494995117
split_cell_heldout,global_train_mean,"Myeloid cells, Nilotinib",0.20955591,1.1842592,0.34152889251708984,2.4112563133239746
split_cell_heldout,global_train_mean,"Myeloid cells, OSI-930",0.07145591,0.69145185,0.11985565721988678,1.8098344802856445
split_cell_heldout,global_train_mean,"Myeloid cells, Saracatinib",0.40417013,1.4222373,0.5455142855644226,2.5100672245025635
split_cell_heldout,global_train_mean,"Myeloid cells, RG7112",0.24971445,0.7560333,0.45837873220443726,2.181478261947632
split_cell_heldout,global_train_mean,"Myeloid cells, Lamivudine",0.1476935,0.6989576,0.3351755142211914,1.8428549766540527
split_cell_heldout,global_train_mean,"Myeloid cells, AZD-8330",0.1861422,1.1443655,0.3405061960220337,2.405576229095459
split_cell_heldout,global_train_mean,"Myeloid cells, Ceritinib",0.22348127,0.9496267,0.41818100214004517,2.2448930740356445
split_cell_heldout,global_train_mean,"Myeloid cells, CGM-097",-0.106382735,1.2788519,-0.11968033015727997,2.5241527557373047
split_cell_heldout,global_train_mean,"Myeloid cells, SLx-2119",0.035018887,0.6494838,-0.04460090771317482,2.068084239959717
split_cell_heldout,global_train_mean,"Myeloid cells, Nefazodone",0.20146762,0.54147977,0.4694651961326599,1.631334900856018
split_cell_heldout,global_train_mean,"Myeloid cells, TPCA-1",0.30954915,1.4235933,0.45966094732284546,2.5773749351501465
split_cell_heldout,global_train_mean,"Myeloid cells, MGCD-265",0.25664872,0.60061145,0.4394223392009735,1.6760811805725098
split_cell_heldout,global_train_mean,"Myeloid cells, GSK-1070916",0.14596653,0.791379,0.32503387331962585,1.9264030456542969
split_cell_heldout,global_train_mean,"Myeloid cells, Bosutinib",0.35473186,1.6543549,0.4716174900531769,2.7664685249328613
split_cell_heldout,global_train_mean,"Myeloid cells, Clemastine",0.18587676,0.67306685,0.41842785477638245,1.7875361442565918
split_cell_heldout,global_train_mean,"Myeloid cells, YK 4-279",-0.01820685,0.64979476,-0.11888906359672546,1.796876311302185
split_cell_heldout,global_train_mean,"Myeloid cells, Buspirone",0.15914698,0.55559427,0.31699153780937195,1.61745023727417
split_cell_heldout,global_train_mean,"Myeloid cells, GSK256066",0.010345929,1.1143893,0.0326385460793972,2.4613914489746094
split_cell_heldout,global_train_mean,"Myeloid cells, Vandetanib",0.14047629,0.7845972,0.28760066628456116,1.9652518033981323
split_cell_heldout,global_train_mean,"Myeloid cells, Imatinib",0.08929478,0.54081774,0.26266542077064514,1.6286087036132812
split_cell_heldout,global_train_mean,"Myeloid cells, SCH-58261",0.23206462,0.64042085,0.5042693018913269,1.7227439880371094
split_cell_heldout,global_train_mean,"Myeloid cells, Colforsin",0.049869455,0.69247144,0.006028828676789999,1.9957321882247925
split_cell_heldout,global_train_mean,"Myeloid cells, Tosedostat",0.30922052,0.98232675,0.46811702847480774,2.1631438732147217
split_cell_heldout,global_train_mean,"Myeloid cells, ABT-199 (GDC-0199)",-0.06452766,0.6041107,-0.07073907554149628,1.8133970499038696
split_cell_heldout,global_train_mean,"Myeloid cells, Mometasone Furoate",0.38984403,1.9138978,0.5133239030838013,2.8793838024139404
split_cell_heldout,global_train_mean,"Myeloid cells, Tipifarnib",0.30180416,0.80293727,0.555108904838562,1.9318925142288208
split_cell_heldout,global_train_mean,"Myeloid cells, Doxorubicin",0.1492925,2.3389227,0.19568274915218353,3.183595657348633
split_cell_heldout,global_train_mean,"Myeloid cells, PF-03814735",0.42199925,1.8712715,0.5386741161346436,2.8484292030334473
split_cell_heldout,global_train_mean,"Myeloid cells, AZD4547",0.17259978,0.67025846,0.3612237572669983,1.8764797449111938
split_cell_heldout,global_train_mean,"Myeloid cells, Prednisolone",0.31373125,1.564647,0.4356228709220886,2.6868927478790283
split_cell_heldout,global_train_mean,"Myeloid cells, Tacalcitol",0.17373194,2.2103624,0.2280934751033783,3.1497201919555664
split_cell_heldout,global_train_mean,"Myeloid cells, Clotrimazole",0.079509266,0.7541657,0.14282454550266266,1.9485893249511719
split_cell_heldout,global_train_mean,"Myeloid cells, Mubritinib (TAK 165)",0.046331838,1.1728195,0.07950253784656525,2.449178457260132
split_cell_heldout,global_train_mean,"Myeloid cells, Vanoxerine",0.29478112,0.5973515,0.486966073513031,1.6686549186706543
split_cell_heldout,global_train_mean,"Myeloid cells, SB525334",-0.12088659,1.2834501,-0.17584066092967987,2.5956759452819824
split_cell_heldout,global_train_mean,"Myeloid cells, HYDROXYUREA",0.1438874,0.6248485,0.22048375010490417,1.775493860244751
split_cell_heldout,cell_context_mean,"Myeloid cells, MK-5108",0.10387438,0.60245514,0.23843978345394135,1.7511584758758545
split_cell_heldout,cell_context_mean,"Myeloid cells, Ganetespib (STA-9090)",0.3974882,1.4578917,0.5555981993675232,2.548299551010132
split_cell_heldout,cell_context_mean,"Myeloid cells, Sunitinib",0.08791389,0.6766325,0.2330218255519867,1.8055590391159058
split_cell_heldout,cell_context_mean,"Myeloid cells, Tivozanib",0.09686265,0.77208465,0.18247190117835999,2.0138227939605713
split_cell_heldout,cell_context_mean,"Myeloid cells, Tamatinib",0.33070967,1.3611112,0.4879857301712036,2.525935173034668
split_cell_heldout,cell_context_mean,"Myeloid cells, Linagliptin",-0.067256615,0.7277517,-0.14736175537109375,1.9792139530181885
split_cell_heldout,cell_context_mean,"Myeloid cells, 5-(9-Isopropyl-8-methyl-2-morpholino-9H-purin-6-yl)pyrimidin-2-amine",0.38981467,1.5550779,0.5349555611610413,2.696627378463745
split_cell_heldout,cell_context_mean,"Myeloid cells, O-Demethylated Adapalene",0.10562946,0.82337236,0.19446419179439545,2.2319154739379883
split_cell_heldout,cell_context_mean,"Myeloid cells, I-BET151",0.30079436,1.7400402,0.41961851716041565,2.8222813606262207
split_cell_heldout,cell_context_mean,"Myeloid cells, GW843682X",0.05054806,0.75694317,0.13920404016971588,2.073518991470337
split_cell_heldout,cell_context_mean,"Myeloid cells, IN1451",0.24286719,2.409322,0.30290845036506653,3.2370448112487793
split_cell_heldout,cell_context_mean,"Myeloid cells, Raloxifene",-0.04223285,1.007964,-0.02544255182147026,2.2710819244384766
split_cell_heldout,cell_context_mean,"Myeloid cells, Topotecan",0.121004835,1.4929533,0.2011319398880005,2.6451988220214844
split_cell_heldout,cell_context_mean,"Myeloid cells, BAY 87-2243",0.18943955,1.4341068,0.24862618744373322,2.5941216945648193
split_cell_heldout,cell_context_mean,"Myeloid cells, Porcn Inhibitor III",-0.15666784,1.230174,-0.22519977390766144,2.5751755237579346
split_cell_heldout,cell_context_mean,"Myeloid cells, TL_HRAS26",0.007712405,0.6434025,-0.014648767188191414,1.9650474786758423
split_cell_heldout,cell_context_mean,"Myeloid cells, BMS-265246",0.058760807,1.7432919,0.12934967875480652,2.8759820461273193
split_cell_heldout,cell_context_mean,"Myeloid cells, Pomalidomide",-0.030304477,1.0867976,0.04793199524283409,2.5462646484375
split_cell_heldout,cell_context_mean,"Myeloid cells, Dovitinib",-0.008315991,0.9651472,0.08215713500976562,2.2793796062469482
split_cell_heldout,cell_context_mean,"Myeloid cells, Navitoclax",-0.22555667,0.92957515,-0.3493543267250061,2.1798524856567383
split_cell_heldout,cell_context_mean,"Myeloid cells, Methotrexate",0.052307922,0.9312883,0.11519742757081985,2.140225648880005
split_cell_heldout,cell_context_mean,"Myeloid cells, Palbociclib",0.16633537,0.77497536,0.36945751309394836,1.9831146001815796
split_cell_heldout,cell_context_mean,"Myeloid cells, AMD-070 (hydrochloride)",0.09532282,0.7548031,0.2046564370393753,2.0359606742858887
split_cell_heldout,cell_context_mean,"Myeloid cells, FK 866",0.13099308,1.1698301,0.22035935521125793,2.376803398132324
split_cell_heldout,cell_context_mean,"Myeloid cells, Scriptaid",0.25170654,1.9078773,0.3534370958805084,2.9458768367767334
split_cell_heldout,cell_context_mean,"Myeloid cells, Dactolisib",0.426023,2.077765,0.5333283543586731,3.033776044845581
split_cell_heldout,cell_context_mean,"Myeloid cells, Isoniazid",0.08798628,0.61174256,0.15663199126720428,1.7604337930679321
split_cell_heldout,cell_context_mean,"Myeloid cells, Idelalisib",0.119088404,0.9803388,0.24173378944396973,2.1460952758789062
split_cell_heldout,cell_context_mean,"Myeloid cells, Penfluridol",0.03989753,0.743839,0.1418805867433548,1.8745579719543457
split_cell_heldout,cell_context_mean,"Myeloid cells, Quizartinib",0.10195913,0.792508,0.18394708633422852,2.2351982593536377
split_cell_heldout,cell_context_mean,"Myeloid cells, PD-0325901",0.16761999,1.3824102,0.26312360167503357,2.5799601078033447
split_cell_heldout,cell_context_mean,"Myeloid cells, LDN 193189",-0.08054937,0.8173782,-0.07704988121986389,2.070765733718872
split_cell_heldout,cell_context_mean,"Myeloid cells, Riociguat",0.2136336,0.584117,0.4240908622741699,1.6816375255584717
split_cell_heldout,cell_context_mean,"Myeloid cells, CHIR-99021",-0.06478444,1.2437227,-0.11065205931663513,2.4735195636749268
split_cell_heldout,cell_context_mean,"Myeloid cells, BI-D1870",0.11434822,0.8778997,0.26898637413978577,2.1084160804748535
split_cell_heldout,cell_context_mean,"Myeloid cells, Crizotinib",0.33932242,0.9358633,0.5073059797286987,2.1700689792633057
split_cell_heldout,cell_context_mean,"Myeloid cells, Azacitidine",0.10300786,0.6156417,0.2933520972728729,1.7217141389846802
split_cell_heldout,cell_context_mean,"Myeloid cells, TR-14035",0.16643287,0.61651087,0.30344605445861816,1.7831768989562988
split_cell_heldout,cell_context_mean,"Myeloid cells, AT 7867",0.10397396,1.3286049,0.2232142984867096,2.5318405628204346
split_cell_heldout,cell_context_mean,"Myeloid cells, GO-6976",0.010499664,1.1761279,0.049083732068538666,2.3524787425994873
split_cell_heldout,cell_context_mean,"Myeloid cells, TGX 221",0.3251796,0.9528228,0.5211657881736755,2.1605265140533447
split_cell_heldout,cell_context_mean,"Myeloid cells, Pitavastatin Calcium",-0.0573882,2.3523712,-0.05689462274312973,3.2323923110961914
split_cell_heldout,cell_context_mean,"Myeloid cells, ABT737",-0.06634933,0.97455263,-0.031286872923374176,2.284196376800537
split_cell_heldout,cell_context_mean,"Myeloid cells, PRT-062607",0.3481874,1.4387031,0.4893409311771393,2.5790371894836426
split_cell_heldout,cell_context_mean,"Myeloid cells, AZ628",0.18381606,0.97975814,0.31103354692459106,2.1803576946258545
split_cell_heldout,cell_context_mean,"Myeloid cells, Masitinib",0.23641223,0.7299563,0.48728466033935547,1.9375066757202148
split_cell_heldout,cell_context_mean,"Myeloid cells, STK219801",0.21784364,0.6459849,0.35680219531059265,1.9014962911605835
split_cell_heldout,cell_context_mean,"Myeloid cells, Ricolinostat",0.046725824,1.18184,0.10813583433628082,2.4370527267456055
split_cell_heldout,cell_context_mean,"Myeloid cells, Midostaurin",0.17341574,1.150034,0.3028236925601959,2.3900516033172607
split_cell_heldout,cell_context_mean,"Myeloid cells, CEP-37440",0.051633816,0.9565095,0.127674400806427,2.2409818172454834
split_cell_heldout,cell_context_mean,"Myeloid cells, R428",0.17961693,2.044565,0.25406771898269653,3.0412325859069824
split_cell_heldout,cell_context_mean,"Myeloid cells, Oxybenzone",0.110829845,0.54891634,0.203323096036911,1.6692204475402832
split_cell_heldout,cell_context_mean,"Myeloid cells, Tivantinib",0.17939572,0.81955266,0.3399110436439514,2.0559587478637695
split_cell_heldout,cell_context_mean,"Myeloid cells, Colchicine",0.13509509,2.468396,0.17930108308792114,3.284646511077881
split_cell_heldout,cell_context_mean,"Myeloid cells, BX 912",0.21352892,0.83667266,0.3729202449321747,2.0278377532958984
split_cell_heldout,cell_context_mean,"Myeloid cells, Selumetinib",0.21310425,1.0610138,0.3637112081050873,2.313793659210205
split_cell_heldout,cell_context_mean,"Myeloid cells, RG7090",-0.044058584,0.88350683,-0.003395501058548689,2.114567279815674
split_cell_heldout,cell_context_mean,"Myeloid cells, GLPG0634",0.28831214,0.9066298,0.5396088361740112,2.0882718563079834
split_cell_heldout,cell_context_mean,"Myeloid cells, TIE2 Kinase Inhibitor",-0.022482775,0.67972195,-0.012049469165503979,1.9194445610046387
split_cell_heldout,cell_context_mean,"Myeloid cells, Lapatinib",-0.13182372,0.6947946,-0.2010882943868637,2.0000290870666504
split_cell_heldout,cell_context_mean,"Myeloid cells, Atorvastatin",-0.05743544,0.76028955,-0.14159367978572845,2.137831211090088
split_cell_heldout,cell_context_mean,"Myeloid cells, Clomipramine",0.21884565,0.6626618,0.45756274461746216,1.8139351606369019
split_cell_heldout,cell_context_mean,"Myeloid cells, Ixabepilone",0.096584,0.6708498,0.08480608463287354,1.9003394842147827
split_cell_heldout,cell_context_mean,"Myeloid cells, Protriptyline",-0.007324581,0.5736798,-0.15625429153442383,1.771420955657959
split_cell_heldout,cell_context_mean,"Myeloid cells, Phenylbutazone",-0.019611506,0.6037187,-0.0960274413228035,1.7350788116455078
split_cell_heldout,cell_context_mean,"Myeloid cells, K-02288",-0.029681426,1.0072895,-0.032377712428569794,2.319737195968628
split_cell_heldout,cell_context_mean,"Myeloid cells, BMS-777607",0.1585943,0.7778048,0.2840004861354828,2.025695323944092
split_cell_heldout,cell_context_mean,"Myeloid cells, Vorinostat",0.26151702,1.8441954,0.3730052411556244,2.8913183212280273
split_cell_heldout,cell_context_mean,"Myeloid cells, Ruxolitinib",0.3072883,1.4640287,0.4656340479850769,2.6601829528808594
split_cell_heldout,cell_context_mean,"Myeloid cells, AVL-292",0.18339817,0.938989,0.33852237462997437,2.173398733139038
split_cell_heldout,cell_context_mean,"Myeloid cells, Trametinib",-0.009075465,1.4589795,-0.004877051804214716,2.660698175430298
split_cell_heldout,cell_context_mean,"Myeloid cells, Sgc-cbp30",0.22269167,0.9706789,0.4037539064884186,2.1650664806365967
split_cell_heldout,cell_context_mean,"Myeloid cells, Chlorpheniramine",0.035071984,0.5675996,-0.03542621061205864,1.7421396970748901
split_cell_heldout,cell_context_mean,"Myeloid cells, BAY 61-3606",0.32911178,1.8888148,0.4330125153064728,2.9073169231414795
split_cell_heldout,cell_context_mean,"Myeloid cells, LY2090314",0.09734012,2.143662,0.1426992267370224,3.1046340465545654
split_cell_heldout,cell_context_mean,"Myeloid cells, Vardenafil",0.091687575,0.7097984,0.24733451008796692,1.8537639379501343
split_cell_heldout,cell_context_mean,"Myeloid cells, Dasatinib",0.40073287,1.5107198,0.5507097840309143,2.5843582153320312
split_cell_heldout,cell_context_mean,"Myeloid cells, AT13387",0.36216247,1.3214544,0.5150687098503113,2.407331943511963
split_cell_heldout,cell_context_mean,"Myeloid cells, Perhexiline",0.32131633,0.9210444,0.5197685360908508,2.1069447994232178
split_cell_heldout,cell_context_mean,"Myeloid cells, RVX-208",0.2020927,0.8915276,0.35792937874794006,2.097630500793457
split_cell_heldout,cell_context_mean,"Myeloid cells, Ketoconazole",-0.109040655,1.4193178,-0.20606009662151337,2.668443202972412
split_cell_heldout,cell_context_mean,"Myeloid cells, Disulfiram",-0.020525293,0.659423,-0.0968884825706482,1.9323779344558716
split_cell_heldout,cell_context_mean,"Myeloid cells, Flutamide",0.16330335,0.6074663,0.27601197361946106,1.7623991966247559
split_cell_heldout,cell_context_mean,"Myeloid cells, Desloratadine",0.085418686,0.6348176,0.1466427594423294,1.7501634359359741
split_cell_heldout,cell_context_mean,"Myeloid cells, BMS-536924",0.35292777,1.0550994,0.5455007553100586,2.190739870071411
split_cell_heldout,cell_context_mean,"Myeloid cells, IKK Inhibitor VII",0.24063723,1.5276401,0.37759822607040405,2.7405734062194824
split_cell_heldout,cell_context_mean,"Myeloid cells, Amiodarone",0.021011868,0.6524715,0.029600119218230247,1.8808660507202148
split_cell_heldout,cell_context_mean,"Myeloid cells, IMD-0354",0.32948062,1.5454963,0.46811237931251526,2.666856527328491
split_cell_heldout,cell_context_mean,"Myeloid cells, Alogliptin",-0.010321153,0.6080243,-0.020712608471512794,1.7321141958236694
split_cell_heldout,cell_context_mean,"Myeloid cells, RN-486",0.15754025,0.74308115,0.27745193243026733,1.9711066484451294
split_cell_heldout,cell_context_mean,"Myeloid cells, Decitabine",0.20425399,0.52537596,0.4151255488395691,1.6581224203109741
split_cell_heldout,cell_context_mean,"Myeloid cells, Cabozantinib",0.070969485,0.76285595,0.2141159325838089,1.9084933996200562
split_cell_heldout,cell_context_mean,"Myeloid cells, Defactinib",0.27640152,1.0301476,0.4810178279876709,2.193720579147339
split_cell_heldout,cell_context_mean,"Myeloid cells, AZD3514",0.30360168,0.8119459,0.5396608114242554,1.9822286367416382
split_cell_heldout,cell_context_mean,"Myeloid cells, HMN-214",0.07321712,0.86488307,0.0775354653596878,2.067488670349121
split_cell_heldout,cell_context_mean,"Myeloid cells, CC-401",0.36397138,0.90139616,0.5527385473251343,2.039841413497925
split_cell_heldout,cell_context_mean,"Myeloid cells, Resminostat",0.27868816,1.9420948,0.3853074312210083,2.8983335494995117
split_cell_heldout,cell_context_mean,"Myeloid cells, Nilotinib",0.20955591,1.1842592,0.34152889251708984,2.4112563133239746
split_cell_heldout,cell_context_mean,"Myeloid cells, OSI-930",0.07145591,0.69145185,0.11985565721988678,1.8098344802856445
split_cell_heldout,cell_context_mean,"Myeloid cells, Saracatinib",0.40417013,1.4222373,0.5455142855644226,2.5100672245025635
split_cell_heldout,cell_context_mean,"Myeloid cells, RG7112",0.24971445,0.7560333,0.45837873220443726,2.181478261947632
split_cell_heldout,cell_context_mean,"Myeloid cells, Lamivudine",0.1476935,0.6989576,0.3351755142211914,1.8428549766540527
split_cell_heldout,cell_context_mean,"Myeloid cells, AZD-8330",0.1861422,1.1443655,0.3405061960220337,2.405576229095459
split_cell_heldout,cell_context_mean,"Myeloid cells, Ceritinib",0.22348127,0.9496267,0.41818100214004517,2.2448930740356445
split_cell_heldout,cell_context_mean,"Myeloid cells, CGM-097",-0.106382735,1.2788519,-0.11968033015727997,2.5241527557373047
split_cell_heldout,cell_context_mean,"Myeloid cells, SLx-2119",0.035018887,0.6494838,-0.04460090771317482,2.068084239959717
split_cell_heldout,cell_context_mean,"Myeloid cells, Nefazodone",0.20146762,0.54147977,0.4694651961326599,1.631334900856018
split_cell_heldout,cell_context_mean,"Myeloid cells, TPCA-1",0.30954915,1.4235933,0.45966094732284546,2.5773749351501465
split_cell_heldout,cell_context_mean,"Myeloid cells, MGCD-265",0.25664872,0.60061145,0.4394223392009735,1.6760811805725098
split_cell_heldout,cell_context_mean,"Myeloid cells, GSK-1070916",0.14596653,0.791379,0.32503387331962585,1.9264030456542969
split_cell_heldout,cell_context_mean,"Myeloid cells, Bosutinib",0.35473186,1.6543549,0.4716174900531769,2.7664685249328613
split_cell_heldout,cell_context_mean,"Myeloid cells, Clemastine",0.18587676,0.67306685,0.41842785477638245,1.7875361442565918
split_cell_heldout,cell_context_mean,"Myeloid cells, YK 4-279",-0.01820685,0.64979476,-0.11888906359672546,1.796876311302185
split_cell_heldout,cell_context_mean,"Myeloid cells, Buspirone",0.15914698,0.55559427,0.31699153780937195,1.61745023727417
split_cell_heldout,cell_context_mean,"Myeloid cells, GSK256066",0.010345929,1.1143893,0.0326385460793972,2.4613914489746094
split_cell_heldout,cell_context_mean,"Myeloid cells, Vandetanib",0.14047629,0.7845972,0.28760066628456116,1.9652518033981323
split_cell_heldout,cell_context_mean,"Myeloid cells, Imatinib",0.08929478,0.54081774,0.26266542077064514,1.6286087036132812
split_cell_heldout,cell_context_mean,"Myeloid cells, SCH-58261",0.23206462,0.64042085,0.5042693018913269,1.7227439880371094
split_cell_heldout,cell_context_mean,"Myeloid cells, Colforsin",0.049869455,0.69247144,0.006028828676789999,1.9957321882247925
split_cell_heldout,cell_context_mean,"Myeloid cells, Tosedostat",0.30922052,0.98232675,0.46811702847480774,2.1631438732147217
split_cell_heldout,cell_context_mean,"Myeloid cells, ABT-199 (GDC-0199)",-0.06452766,0.6041107,-0.07073907554149628,1.8133970499038696
split_cell_heldout,cell_context_mean,"Myeloid cells, Mometasone Furoate",0.38984403,1.9138978,0.5133239030838013,2.8793838024139404
split_cell_heldout,cell_context_mean,"Myeloid cells, Tipifarnib",0.30180416,0.80293727,0.555108904838562,1.9318925142288208
split_cell_heldout,cell_context_mean,"Myeloid cells, Doxorubicin",0.1492925,2.3389227,0.19568274915218353,3.183595657348633
split_cell_heldout,cell_context_mean,"Myeloid cells, PF-03814735",0.42199925,1.8712715,0.5386741161346436,2.8484292030334473
split_cell_heldout,cell_context_mean,"Myeloid cells, AZD4547",0.17259978,0.67025846,0.3612237572669983,1.8764797449111938
split_cell_heldout,cell_context_mean,"Myeloid cells, Prednisolone",0.31373125,1.564647,0.4356228709220886,2.6868927478790283
split_cell_heldout,cell_context_mean,"Myeloid cells, Tacalcitol",0.17373194,2.2103624,0.2280934751033783,3.1497201919555664
split_cell_heldout,cell_context_mean,"Myeloid cells, Clotrimazole",0.079509266,0.7541657,0.14282454550266266,1.9485893249511719
split_cell_heldout,cell_context_mean,"Myeloid cells, Mubritinib (TAK 165)",0.046331838,1.1728195,0.07950253784656525,2.449178457260132
split_cell_heldout,cell_context_mean,"Myeloid cells, Vanoxerine",0.29478112,0.5973515,0.486966073513031,1.6686549186706543
split_cell_heldout,cell_context_mean,"Myeloid cells, SB525334",-0.12088659,1.2834501,-0.17584066092967987,2.5956759452819824
split_cell_heldout,cell_context_mean,"Myeloid cells, HYDROXYUREA",0.1438874,0.6248485,0.22048375010490417,1.775493860244751
split_cell_heldout,drug_mean,"Myeloid cells, MK-5108",0.25817844,0.60182816,0.45958760380744934,1.6286102533340454
split_cell_heldout,drug_mean,"Myeloid cells, Ganetespib (STA-9090)",0.4187448,1.5997324,0.5844385027885437,2.2025904655456543
split_cell_heldout,drug_mean,"Myeloid cells, Sunitinib",0.1775261,0.7592779,0.44744598865509033,1.6733473539352417
split_cell_heldout,drug_mean,"Myeloid cells, Tivozanib",0.18759261,0.8170163,0.3681196868419647,1.914036512374878
split_cell_heldout,drug_mean,"Myeloid cells, Tamatinib",0.41467404,1.3198138,0.5763503909111023,2.223799705505371
split_cell_heldout,drug_mean,"Myeloid cells, Linagliptin",0.04993,0.73912257,0.10981498658657074,1.9220584630966187
split_cell_heldout,drug_mean,"Myeloid cells, 5-(9-Isopropyl-8-methyl-2-morpholino-9H-purin-6-yl)pyrimidin-2-amine",0.54048586,1.3834789,0.6876358389854431,2.136638879776001
split_cell_heldout,drug_mean,"Myeloid cells, O-Demethylated Adapalene",0.1556818,0.8587575,0.27828577160835266,2.1757314205169678
split_cell_heldout,drug_mean,"Myeloid cells, I-BET151",0.52235585,1.5618753,0.6582214832305908,2.2386083602905273
split_cell_heldout,drug_mean,"Myeloid cells, GW843682X",0.22453639,0.7536147,0.37131643295288086,1.9040610790252686
split_cell_heldout,drug_mean,"Myeloid cells, IN1451",0.6820815,1.7991223,0.7795103192329407,2.180737018585205
split_cell_heldout,drug_mean,"Myeloid cells, Raloxifene",0.14757563,1.0240219,0.2285800725221634,2.2004294395446777
split_cell_heldout,drug_mean,"Myeloid cells, Topotecan",0.42974198,1.3582798,0.5676543712615967,2.294872760772705
split_cell_heldout,drug_mean,"Myeloid cells, BAY 87-2243",0.3140229,1.4438196,0.4027000367641449,2.411824941635132
split_cell_heldout,drug_mean,"Myeloid cells, Porcn Inhibitor III",0.24338672,1.1463114,0.3850608468055725,2.3721485137939453
split_cell_heldout,drug_mean,"Myeloid cells, TL_HRAS26",0.12637636,0.6661867,0.37390831112861633,1.8407849073410034
split_cell_heldout,drug_mean,"Myeloid cells, BMS-265246",0.43472973,1.5845277,0.564691960811615,2.4537763595581055
split_cell_heldout,drug_mean,"Myeloid cells, Pomalidomide",0.24843556,1.1495619,0.4128234088420868,2.3023836612701416
split_cell_heldout,drug_mean,"Myeloid cells, Dovitinib",0.12996684,1.0414526,0.29718369245529175,2.1860060691833496
split_cell_heldout,drug_mean,"Myeloid cells, Navitoclax",0.26288655,0.8491247,0.44435685873031616,1.8864303827285767
split_cell_heldout,drug_mean,"Myeloid cells, Methotrexate",0.16623358,0.93768513,0.27242806553840637,2.060201644897461
split_cell_heldout,drug_mean,"Myeloid cells, Palbociclib",0.20787744,0.7942764,0.4164219796657562,1.922315001487732
split_cell_heldout,drug_mean,"Myeloid cells, AMD-070 (hydrochloride)",0.20478107,0.7603496,0.43772780895233154,1.9307076930999756
split_cell_heldout,drug_mean,"Myeloid cells, FK 866",0.3908243,1.0938623,0.5750001668930054,2.0819590091705322
split_cell_heldout,drug_mean,"Myeloid cells, Scriptaid",0.4873167,1.8231152,0.6030967235565186,2.4069879055023193
split_cell_heldout,drug_mean,"Myeloid cells, Dactolisib",0.58949244,1.7533379,0.6706568598747253,2.4283347129821777
split_cell_heldout,drug_mean,"Myeloid cells, Isoniazid",0.11273267,0.64368033,0.17386667430400848,1.75322687625885
split_cell_heldout,drug_mean,"Myeloid cells, Idelalisib",0.21735963,1.0534844,0.3783395290374756,2.039804458618164
split_cell_heldout,drug_mean,"Myeloid cells, Penfluridol",0.17406203,0.7411616,0.36379438638687134,1.790758728981018
split_cell_heldout,drug_mean,"Myeloid cells, Quizartinib",0.12723999,0.81841034,0.2978871166706085,2.1949243545532227
split_cell_heldout,drug_mean,"Myeloid cells, PD-0325901",0.19838618,1.4144636,0.31202569603919983,2.5133721828460693
split_cell_heldout,drug_mean,"Myeloid cells, LDN 193189",0.2170142,0.7763546,0.421755850315094,1.8805760145187378
split_cell_heldout,drug_mean,"Myeloid cells, Riociguat",0.14361125,0.63495404,0.31096625328063965,1.6960201263427734
split_cell_heldout,drug_mean,"Myeloid cells, CHIR-99021",0.4073743,1.1298876,0.5736384391784668,2.04258394241333
split_cell_heldout,drug_mean,"Myeloid cells, BI-D1870",0.2109828,0.8740485,0.3556707203388214,2.0385208129882812
split_cell_heldout,drug_mean,"Myeloid cells, Crizotinib",0.35229474,0.96608365,0.5271682739257812,2.0067596435546875
split_cell_heldout,drug_mean,"Myeloid cells, Azacitidine",0.15465598,0.67596436,0.368890643119812,1.6518425941467285
split_cell_heldout,drug_mean,"Myeloid cells, TR-14035",0.18951932,0.6677065,0.3646821081638336,1.730688452720642
split_cell_heldout,drug_mean,"Myeloid cells, AT 7867",0.16052012,1.3616338,0.2801806330680847,2.4786717891693115
split_cell_heldout,drug_mean,"Myeloid cells, GO-6976",0.28982386,1.121717,0.457269549369812,2.1380622386932373
split_cell_heldout,drug_mean,"Myeloid cells, TGX 221",0.33508584,0.98148954,0.5248223543167114,2.0144269466400146
split_cell_heldout,drug_mean,"Myeloid cells, Pitavastatin Calcium",0.4104219,2.1264486,0.47795745730400085,2.8198671340942383
split_cell_heldout,drug_mean,"Myeloid cells, ABT737",0.21567246,0.9460581,0.4405396282672882,2.093644857406616
split_cell_heldout,drug_mean,"Myeloid cells, PRT-062607",0.37537274,1.4111686,0.5228636264801025,2.359236001968384
split_cell_heldout,drug_mean,"Myeloid cells, AZ628",0.26064426,1.0235137,0.4404355585575104,2.0351028442382812
split_cell_heldout,drug_mean,"Myeloid cells, Masitinib",0.22975147,0.7713268,0.4320165514945984,1.9046016931533813
split_cell_heldout,drug_mean,"Myeloid cells, STK219801",0.30872363,0.65502393,0.49400874972343445,1.6987587213516235
split_cell_heldout,drug_mean,"Myeloid cells, Ricolinostat",0.40178627,1.0787601,0.5735006332397461,2.0735831260681152
split_cell_heldout,drug_mean,"Myeloid cells, Midostaurin",0.2537514,1.1766902,0.44506382942199707,2.236185312271118
split_cell_heldout,drug_mean,"Myeloid cells, CEP-37440",0.1395645,0.9934099,0.2694608271121979,2.174642324447632
split_cell_heldout,drug_mean,"Myeloid cells, R428",0.32814267,1.9678631,0.4178455173969269,2.822134256362915
split_cell_heldout,drug_mean,"Myeloid cells, Oxybenzone",0.16079077,0.5741736,0.3431181311607361,1.621104121208191
split_cell_heldout,drug_mean,"Myeloid cells, Tivantinib",0.2927451,0.83377576,0.5133663415908813,1.8730483055114746
split_cell_heldout,drug_mean,"Myeloid cells, Colchicine",0.36707002,2.3285022,0.42868831753730774,3.0704305171966553
split_cell_heldout,drug_mean,"Myeloid cells, BX 912",0.2139125,0.9190208,0.42111727595329285,1.9415031671524048
split_cell_heldout,drug_mean,"Myeloid cells, Selumetinib",0.22874467,1.0927297,0.3859246075153351,2.2373247146606445
split_cell_heldout,drug_mean,"Myeloid cells, RG7090",0.28401238,0.83475006,0.48382943868637085,1.8697248697280884
split_cell_heldout,drug_mean,"Myeloid cells, GLPG0634",0.31590134,0.947945,0.5667030811309814,1.9163119792938232
split_cell_heldout,drug_mean,"Myeloid cells, TIE2 Kinase Inhibitor",0.18433604,0.6658966,0.3332248628139496,1.8098580837249756
split_cell_heldout,drug_mean,"Myeloid cells, Lapatinib",0.21856369,0.67095834,0.44758301973342896,1.755143642425537
split_cell_heldout,drug_mean,"Myeloid cells, Atorvastatin",0.22802402,0.72625875,0.4981050491333008,1.8838059902191162
split_cell_heldout,drug_mean,"Myeloid cells, Clomipramine",0.26523912,0.6817086,0.5092365741729736,1.7317880392074585
split_cell_heldout,drug_mean,"Myeloid cells, Ixabepilone",0.18283707,0.6830428,0.33373790979385376,1.784783124923706
split_cell_heldout,drug_mean,"Myeloid cells, Protriptyline",0.15233456,0.57324535,0.2613152265548706,1.6475322246551514
split_cell_heldout,drug_mean,"Myeloid cells, Phenylbutazone",0.16267493,0.6035885,0.23364000022411346,1.657736897468567
split_cell_heldout,drug_mean,"Myeloid cells, K-02288",0.07689222,1.0111283,0.16419865190982819,2.2674202919006348
split_cell_heldout,drug_mean,"Myeloid cells, BMS-777607",0.15330249,0.8189238,0.2686174809932709,2.0081405639648438
split_cell_heldout,drug_mean,"Myeloid cells, Vorinostat",0.46622276,1.7828974,0.5948813557624817,2.388350248336792
split_cell_heldout,drug_mean,"Myeloid cells, Ruxolitinib",0.33008835,1.4458218,0.4798150062561035,2.504753828048706
split_cell_heldout,drug_mean,"Myeloid cells, AVL-292",0.21629581,1.0222468,0.3960321247577667,2.0759809017181396
split_cell_heldout,drug_mean,"Myeloid cells, Trametinib",0.27363968,1.3869703,0.40956515073776245,2.4648146629333496
split_cell_heldout,drug_mean,"Myeloid cells, Sgc-cbp30",0.24687788,0.99608004,0.440828412771225,2.0659022331237793
split_cell_heldout,drug_mean,"Myeloid cells, Chlorpheniramine",0.07019551,0.62978673,0.06294705718755722,1.7349966764450073
split_cell_heldout,drug_mean,"Myeloid cells, BAY 61-3606",0.4706348,1.741503,0.5871280431747437,2.4676802158355713
split_cell_heldout,drug_mean,"Myeloid cells, LY2090314",0.20696281,2.2852674,0.2569352090358734,3.080972194671631
split_cell_heldout,drug_mean,"Myeloid cells, Vardenafil",0.14983855,0.73318636,0.27167707681655884,1.8203054666519165
split_cell_heldout,drug_mean,"Myeloid cells, Dasatinib",0.45920178,1.4136819,0.6103200316429138,2.267838954925537
split_cell_heldout,drug_mean,"Myeloid cells, AT13387",0.33985108,1.5823287,0.49639132618904114,2.2351293563842773
split_cell_heldout,drug_mean,"Myeloid cells, Perhexiline",0.36593187,0.98778504,0.5895696878433228,1.8522051572799683
split_cell_heldout,drug_mean,"Myeloid cells, RVX-208",0.4019425,0.85569227,0.5987141728401184,1.7953479290008545
split_cell_heldout,drug_mean,"Myeloid cells, Ketoconazole",0.50293833,1.1928402,0.6493741273880005,2.050454616546631
split_cell_heldout,drug_mean,"Myeloid cells, Disulfiram",0.12466658,0.67603827,0.291737824678421,1.8124781847000122
split_cell_heldout,drug_mean,"Myeloid cells, Flutamide",0.121386394,0.6575119,0.19250908493995667,1.7878928184509277
split_cell_heldout,drug_mean,"Myeloid cells, Desloratadine",0.18766555,0.6478853,0.4418887197971344,1.6340240240097046
split_cell_heldout,drug_mean,"Myeloid cells, BMS-536924",0.318162,1.1383787,0.5059413313865662,2.0283896923065186
split_cell_heldout,drug_mean,"Myeloid cells, IKK Inhibitor VII",0.2995521,1.5132942,0.4511403441429138,2.574225425720215
split_cell_heldout,drug_mean,"Myeloid cells, Amiodarone",0.1335382,0.6729025,0.21797536313533783,1.81987464427948
split_cell_heldout,drug_mean,"Myeloid cells, IMD-0354",0.47473675,1.4487293,0.617265522480011,2.214914083480835
split_cell_heldout,drug_mean,"Myeloid cells, Alogliptin",0.1546533,0.61291474,0.3358677923679352,1.6383877992630005
split_cell_heldout,drug_mean,"Myeloid cells, RN-486",-0.02874173,0.8348011,-0.08710802346467972,2.0901906490325928
split_cell_heldout,drug_mean,"Myeloid cells, Decitabine",0.11889709,0.58422583,0.2466990202665329,1.6988285779953003
split_cell_heldout,drug_mean,"Myeloid cells, Cabozantinib",0.17664117,0.78877485,0.3237718641757965,1.846720576286316
split_cell_heldout,drug_mean,"Myeloid cells, Defactinib",0.31753433,1.0273412,0.5100403428077698,2.05761456489563
split_cell_heldout,drug_mean,"Myeloid cells, AZD3514",0.3798759,0.81244576,0.6261283159255981,1.743562936782837
split_cell_heldout,drug_mean,"Myeloid cells, HMN-214",0.41016343,0.78064275,0.6535026431083679,1.679711937904358
split_cell_heldout,drug_mean,"Myeloid cells, CC-401",0.45148677,0.8677246,0.6353919506072998,1.783410668373108
split_cell_heldout,drug_mean,"Myeloid cells, Resminostat",0.47549585,1.8550192,0.591847836971283,2.4013619422912598
split_cell_heldout,drug_mean,"Myeloid cells, Nilotinib",0.3151627,1.1770054,0.4733905494213104,2.2303366661071777
split_cell_heldout,drug_mean,"Myeloid cells, OSI-930",0.19203301,0.694046,0.29188892245292664,1.7160110473632812
split_cell_heldout,drug_mean,"Myeloid cells, Saracatinib",0.4916905,1.3086319,0.6306418180465698,2.2054944038391113
split_cell_heldout,drug_mean,"Myeloid cells, RG7112",0.38743567,0.7297022,0.5165814161300659,1.9130853414535522
split_cell_heldout,drug_mean,"Myeloid cells, Lamivudine",0.13036367,0.7418613,0.3042532503604889,1.8321177959442139
split_cell_heldout,drug_mean,"Myeloid cells, AZD-8330",0.18460397,1.2048684,0.33826684951782227,2.3532755374908447
split_cell_heldout,drug_mean,"Myeloid cells, Ceritinib",0.20294097,0.9828333,0.4359866678714752,2.1947474479675293
split_cell_heldout,drug_mean,"Myeloid cells, CGM-097",0.48141772,1.1112869,0.6258249282836914,1.9304704666137695
split_cell_heldout,drug_mean,"Myeloid cells, SLx-2119",0.16994293,0.6908318,0.3845204710960388,1.8126410245895386
split_cell_heldout,drug_mean,"Myeloid cells, Nefazodone",0.17007273,0.5924298,0.2362195998430252,1.6787927150726318
split_cell_heldout,drug_mean,"Myeloid cells, TPCA-1",0.36399582,1.4168371,0.5269835591316223,2.337841749191284
split_cell_heldout,drug_mean,"Myeloid cells, MGCD-265",0.20193945,0.6573746,0.4205937087535858,1.6400150060653687
split_cell_heldout,drug_mean,"Myeloid cells, GSK-1070916",0.28434068,0.7807524,0.4907541275024414,1.7806371450424194
split_cell_heldout,drug_mean,"Myeloid cells, Bosutinib",0.46464095,1.5263222,0.6003646850585938,2.4152417182922363
split_cell_heldout,drug_mean,"Myeloid cells, Clemastine",0.2891905,0.68117136,0.5032005310058594,1.6982556581497192
split_cell_heldout,drug_mean,"Myeloid cells, YK 4-279",0.20532472,0.647276,0.40938320755958557,1.6110261678695679
split_cell_heldout,drug_mean,"Myeloid cells, Buspirone",0.18624413,0.5792259,0.27747780084609985,1.6039822101593018
split_cell_heldout,drug_mean,"Myeloid cells, GSK256066",0.17556575,1.1573639,0.2855560779571533,2.3528642654418945
split_cell_heldout,drug_mean,"Myeloid cells, Vandetanib",0.092654265,0.8417646,0.23520112037658691,1.9656113386154175
split_cell_heldout,drug_mean,"Myeloid cells, Imatinib",0.111183405,0.58047694,0.27765363454818726,1.6149131059646606
split_cell_heldout,drug_mean,"Myeloid cells, SCH-58261",0.15344135,0.69076306,0.2862932085990906,1.77937650680542
split_cell_heldout,drug_mean,"Myeloid cells, Colforsin",0.15219809,0.70723534,0.2841264009475708,1.9161256551742554
split_cell_heldout,drug_mean,"Myeloid cells, Tosedostat",0.35705796,0.97209007,0.5619350671768188,1.9921725988388062
split_cell_heldout,drug_mean,"Myeloid cells, ABT-199 (GDC-0199)",0.11793802,0.66258013,0.23677171766757965,1.7250479459762573
split_cell_heldout,drug_mean,"Myeloid cells, Mometasone Furoate",0.45652193,1.7762641,0.579981803894043,2.5164480209350586
split_cell_heldout,drug_mean,"Myeloid cells, Tipifarnib",0.33870712,0.8136854,0.6019483804702759,1.7807841300964355
split_cell_heldout,drug_mean,"Myeloid cells, Doxorubicin",0.5334723,2.0119767,0.6151191592216492,2.6494300365448
split_cell_heldout,drug_mean,"Myeloid cells, PF-03814735",0.50894976,1.6913192,0.6151753664016724,2.4824440479278564
split_cell_heldout,drug_mean,"Myeloid cells, AZD4547",0.15893158,0.7051963,0.42917099595069885,1.8158960342407227
split_cell_heldout,drug_mean,"Myeloid cells, Prednisolone",0.3585597,1.5547925,0.4980333745479584,2.4430665969848633
split_cell_heldout,drug_mean,"Myeloid cells, Tacalcitol",0.19648403,2.19588,0.2592483460903168,3.1082136631011963
split_cell_heldout,drug_mean,"Myeloid cells, Clotrimazole",0.16273081,0.76551664,0.341156542301178,1.86556875705719
split_cell_heldout,drug_mean,"Myeloid cells, Mubritinib (TAK 165)",0.238421,1.2140837,0.3755280077457428,2.29129695892334
split_cell_heldout,drug_mean,"Myeloid cells, Vanoxerine",0.21285343,0.65751314,0.40181589126586914,1.65474534034729
split_cell_heldout,drug_mean,"Myeloid cells, SB525334",0.40956292,1.1267998,0.5877432227134705,2.1860313415527344
split_cell_heldout,drug_mean,"Myeloid cells, HYDROXYUREA",0.102087036,0.67312616,0.14635714888572693,1.7984771728515625
split_scaffold_heldout,global_train_mean,"B cells, Tamatinib",0.5894305,1.1161802,0.7744759321212769,2.248316526412964
split_scaffold_heldout,global_train_mean,"Myeloid cells, Tamatinib",0.52138233,1.3169425,0.7110027074813843,2.448798418045044
split_scaffold_heldout,global_train_mean,"NK cells, Tamatinib",0.34758034,0.81487375,0.5300629138946533,1.8677016496658325
split_scaffold_heldout,global_train_mean,"T cells, Tamatinib",0.63422036,1.0082717,0.8146689534187317,2.0742719173431396
split_scaffold_heldout,global_train_mean,"NK cells, Ixabepilone",0.12921847,0.6439877,0.22217664122581482,1.8375122547149658
split_scaffold_heldout,global_train_mean,"T cells, Ixabepilone",0.11050781,0.53625536,0.1266576647758484,1.7546393871307373
split_scaffold_heldout,global_train_mean,"B cells, 5-(9-Isopropyl-8-methyl-2-morpholino-9H-purin-6-yl)pyrimidin-2-amine",0.65104645,1.2663741,0.8022575974464417,2.3461456298828125
split_scaffold_heldout,global_train_mean,"Myeloid cells, 5-(9-Isopropyl-8-methyl-2-morpholino-9H-purin-6-yl)pyrimidin-2-amine",0.4708456,1.5386,0.6249710321426392,2.6717488765716553
split_scaffold_heldout,global_train_mean,"NK cells, 5-(9-Isopropyl-8-methyl-2-morpholino-9H-purin-6-yl)pyrimidin-2-amine",0.45104626,0.82972234,0.6822126507759094,1.948454737663269
split_scaffold_heldout,global_train_mean,"T cells, 5-(9-Isopropyl-8-methyl-2-morpholino-9H-purin-6-yl)pyrimidin-2-amine",0.6769137,1.3288057,0.8198093771934509,2.384986400604248
split_scaffold_heldout,global_train_mean,"NK cells, BMS-387032",0.2081931,0.8160769,0.4016514718532562,1.9971487522125244
split_scaffold_heldout,global_train_mean,"T cells, BMS-387032",0.36783558,1.235797,0.5472251176834106,2.4198293685913086
split_scaffold_heldout,global_train_mean,"B cells, IN1451",0.24621934,1.580315,0.35059499740600586,2.662414789199829
split_scaffold_heldout,global_train_mean,"Myeloid cells, IN1451",0.27260384,2.4041858,0.33875343203544617,3.2304956912994385
split_scaffold_heldout,global_train_mean,"NK cells, IN1451",0.24595805,1.2062818,0.3731803894042969,2.359532117843628
split_scaffold_heldout,global_train_mean,"T cells, IN1451",0.25165707,2.7924376,0.2999671697616577,3.404825448989868
split_scaffold_heldout,global_train_mean,"B cells, Topotecan",0.116399296,0.8247139,0.23968957364559174,2.096273899078369
split_scaffold_heldout,global_train_mean,"Myeloid cells, Topotecan",0.15408145,1.484961,0.2492905557155609,2.634549379348755
split_scaffold_heldout,global_train_mean,"NK cells, Topotecan",0.13447544,0.7960969,0.26530247926712036,2.008244037628174
split_scaffold_heldout,global_train_mean,"T cells, Topotecan",0.12620468,1.0479463,0.2597338855266571,2.282360792160034
split_scaffold_heldout,global_train_mean,"B cells, BAY 87-2243",0.5359239,0.92174864,0.7464796304702759,2.097653388977051
split_scaffold_heldout,global_train_mean,"Myeloid cells, BAY 87-2243",0.33792803,1.3998785,0.44461435079574585,2.5365853309631348
split_scaffold_heldout,global_train_mean,"NK cells, BAY 87-2243",0.3759491,0.8892137,0.5762801170349121,2.1283299922943115
split_scaffold_heldout,global_train_mean,"T cells, BAY 87-2243",0.45125672,1.2334777,0.626567542552948,2.351468324661255
split_scaffold_heldout,global_train_mean,"NK cells, BMS-777607",0.11877527,0.65186685,0.2621835172176361,1.7640212774276733
split_scaffold_heldout,global_train_mean,"T cells, BMS-777607",0.38516515,0.52555937,0.6805625557899475,1.4932148456573486
split_scaffold_heldout,global_train_mean,"B cells, Proscillaridin A;Proscillaridin-A",0.11599418,2.2829242,0.14752355217933655,3.1642372608184814
split_scaffold_heldout,global_train_mean,"NK cells, Proscillaridin A;Proscillaridin-A",-0.028023966,2.2769783,-0.02936461940407753,3.192612409591675
split_scaffold_heldout,global_train_mean,"T cells, Proscillaridin A;Proscillaridin-A",-0.040383313,2.9920945,-0.04568848758935928,3.5500476360321045
split_scaffold_heldout,global_train_mean,"B cells, BMS-265246",-0.07285345,1.152103,-0.09925293177366257,2.421900987625122
split_scaffold_heldout,global_train_mean,"Myeloid cells, BMS-265246",0.08684397,1.7362051,0.17280273139476776,2.865413188934326
split_scaffold_heldout,global_train_mean,"NK cells, BMS-265246",0.080690004,0.89115214,0.1779211312532425,2.1651082038879395
split_scaffold_heldout,global_train_mean,"T cells, BMS-265246",0.12783495,1.3682784,0.23359209299087524,2.561213254928589
split_scaffold_heldout,global_train_mean,"NK cells, Vardenafil",0.1460757,0.65256155,0.26583537459373474,1.8203788995742798
split_scaffold_heldout,global_train_mean,"T cells, Vardenafil",0.23648313,0.5313923,0.514496922492981,1.617263674736023
split_scaffold_heldout,global_train_mean,"NK cells, Dasatinib",0.25686476,0.7433446,0.4358544647693634,1.8503577709197998
split_scaffold_heldout,global_train_mean,"T cells, Dasatinib",0.63901633,1.0185217,0.8198617100715637,2.095776081085205
split_scaffold_heldout,global_train_mean,"NK cells, Alogliptin",-0.02493723,0.653045,-0.12020675092935562,1.8736469745635986
split_scaffold_heldout,global_train_mean,"T cells, Alogliptin",-0.007363464,0.5800688,-0.049892015755176544,1.7199536561965942
split_scaffold_heldout,global_train_mean,"NK cells, HMN-214",0.04039112,0.7074853,0.09710045903921127,1.8202204704284668
split_scaffold_heldout,global_train_mean,"T cells, HMN-214",-0.20445167,0.7685657,-0.5245647430419922,2.2749648094177246
split_scaffold_heldout,global_train_mean,"NK cells, Resminostat",0.28874654,1.3040282,0.4379332661628723,2.4778237342834473
split_scaffold_heldout,global_train_mean,"T cells, Resminostat",0.39024773,2.1541324,0.48109516501426697,3.0410521030426025
split_scaffold_heldout,global_train_mean,"NK cells, Nilotinib",0.30919728,0.70484793,0.5442242622375488,1.7912423610687256
split_scaffold_heldout,global_train_mean,"T cells, Nilotinib",0.6145444,0.75848264,0.8331049084663391,1.7987606525421143
split_scaffold_heldout,global_train_mean,"NK cells, Lamivudine",0.17273922,0.65575886,0.29315778613090515,1.8697515726089478
split_scaffold_heldout,global_train_mean,"T cells, Lamivudine",0.24143346,0.50453454,0.4171420931816101,1.569092869758606
split_scaffold_heldout,global_train_mean,"B cells, Pitavastatin Calcium",-0.1634567,1.1434884,-0.23190277814865112,2.452357292175293
split_scaffold_heldout,global_train_mean,"Myeloid cells, Pitavastatin Calcium",-0.04746645,2.3484447,-0.042364440858364105,3.228241443634033
split_scaffold_heldout,global_train_mean,"NK cells, Pitavastatin Calcium",-0.1583466,1.4327722,-0.21115310490131378,2.719080686569214
split_scaffold_heldout,global_train_mean,"T cells, Pitavastatin Calcium",-0.23416644,1.6409959,-0.3255781829357147,2.8855676651000977
split_scaffold_heldout,global_train_mean,"B cells, ABT737",-0.16002071,0.997309,-0.28188496828079224,2.228241443634033
split_scaffold_heldout,global_train_mean,"Myeloid cells, ABT737",-0.024195973,0.9617598,0.0670052170753479,2.2584173679351807
split_scaffold_heldout,global_train_mean,"NK cells, ABT737",0.1017212,0.7353845,0.22040893137454987,1.8970187902450562
split_scaffold_heldout,global_train_mean,"T cells, ABT737",0.107984155,0.60152125,0.4716022312641144,1.8325453996658325
split_scaffold_heldout,global_train_mean,"B cells, PRT-062607",0.5986965,1.0785757,0.7809730172157288,2.1919405460357666
split_scaffold_heldout,global_train_mean,"Myeloid cells, PRT-062607",0.5335509,1.3962076,0.6978387236595154,2.5074949264526367
split_scaffold_heldout,global_train_mean,"NK cells, PRT-062607",0.36100438,0.7135864,0.6047118902206421,1.7797702550888062
split_scaffold_heldout,global_train_mean,"T cells, PRT-062607",0.6837464,0.9269701,0.8600509762763977,1.9751830101013184
split_scaffold_heldout,global_train_mean,"NK cells, Ceritinib",0.30385637,0.6676637,0.5015656352043152,1.7785911560058594
split_scaffold_heldout,global_train_mean,"T cells, Ceritinib",0.49827936,0.5433014,0.7377433180809021,1.5346781015396118
split_scaffold_heldout,global_train_mean,"B cells, Ricolinostat",0.28627133,0.7645593,0.5144032835960388,1.9087737798690796
split_scaffold_heldout,global_train_mean,"Myeloid cells, Ricolinostat",0.059141077,1.1774156,0.13010619580745697,2.4311041831970215
split_scaffold_heldout,global_train_mean,"NK cells, Ricolinostat",0.08023699,0.76832575,0.12775377929210663,1.9218838214874268
split_scaffold_heldout,global_train_mean,"T cells, Ricolinostat",0.25032616,0.85751826,0.48274657130241394,2.038388729095459
split_scaffold_heldout,global_train_mean,"NK cells, Bosutinib",0.3259612,0.7490031,0.5271463394165039,1.8888763189315796
split_scaffold_heldout,global_train_mean,"T cells, Bosutinib",0.56290895,0.969001,0.7584400773048401,2.0897409915924072
split_scaffold_heldout,global_train_mean,"NK cells, Buspirone",0.062733434,0.6155112,0.0514233335852623,1.7910634279251099
split_scaffold_heldout,global_train_mean,"T cells, Buspirone",0.054693032,0.517204,0.03554246202111244,1.706003189086914
split_scaffold_heldout,global_train_mean,"B cells, Tivantinib",0.38199234,0.67582136,0.6013583540916443,1.7901829481124878
split_scaffold_heldout,global_train_mean,"Myeloid cells, Tivantinib",0.271605,0.7967388,0.50266432762146,2.012006998062134
split_scaffold_heldout,global_train_mean,"NK cells, Tivantinib",0.207598,0.6722271,0.42702022194862366,1.8241883516311646
split_scaffold_heldout,global_train_mean,"T cells, Tivantinib",0.31092757,0.7264107,0.5261460542678833,1.8322138786315918
split_scaffold_heldout,global_train_mean,"NK cells, AZD4547",0.13848536,0.65570986,0.3498610556125641,1.7911152839660645
split_scaffold_heldout,global_train_mean,"T cells, AZD4547",0.31704602,0.49301663,0.5215770602226257,1.5702404975891113
split_scaffold_heldout,global_train_mean,"B cells, GLPG0634",0.5108943,0.80455315,0.73988276720047,1.8639919757843018
split_scaffold_heldout,global_train_mean,"Myeloid cells, GLPG0634",0.439211,0.8704886,0.7389507293701172,2.010202169418335
split_scaffold_heldout,global_train_mean,"NK cells, GLPG0634",0.3185418,0.70805633,0.5263798236846924,1.8061866760253906
split_scaffold_heldout,global_train_mean,"T cells, GLPG0634",0.5319556,0.71366465,0.799749493598938,1.7660961151123047
split_scaffold_heldout,global_train_mean,"B cells, Ixabepilone",0.13931377,0.5733218,0.30235904455184937,1.8126475811004639
split_scaffold_heldout,global_train_mean,"Myeloid cells, Ixabepilone",0.14757507,0.65653586,0.21206077933311462,1.8697162866592407
split_scaffold_heldout,global_train_mean,"B cells, BMS-777607",0.3151017,0.61738724,0.5775420069694519,1.7248543500900269
split_scaffold_heldout,global_train_mean,"Myeloid cells, BMS-777607",0.29073203,0.7452351,0.5462942719459534,1.9483323097229004
split_scaffold_heldout,global_train_mean,"B cells, Vardenafil",0.24504083,0.56724125,0.49702703952789307,1.6220041513442993
split_scaffold_heldout,global_train_mean,"Myeloid cells, Vardenafil",0.22084561,0.6777304,0.5308346748352051,1.7684508562088013
split_scaffold_heldout,global_train_mean,"B cells, Dasatinib",0.55161643,1.1360201,0.7543808817863464,2.310377836227417
split_scaffold_heldout,global_train_mean,"Myeloid cells, Dasatinib",0.52771264,1.4831499,0.6891408562660217,2.541348934173584
split_scaffold_heldout,global_train_mean,"B cells, Alogliptin",0.087014586,0.6047416,0.16693556308746338,1.80530846118927
split_scaffold_heldout,global_train_mean,"Myeloid cells, Alogliptin",0.011602964,0.59885085,0.05430448427796364,1.721219539642334
split_scaffold_heldout,global_train_mean,"B cells, HMN-214",-0.107484564,0.63274676,-0.15931937098503113,1.8277359008789062
split_scaffold_heldout,global_train_mean,"Myeloid cells, HMN-214",0.14292975,0.8467177,0.21194864809513092,2.0316102504730225
split_scaffold_heldout,global_train_mean,"B cells, Resminostat",0.3306351,1.6674968,0.45675769448280334,2.730577230453491
split_scaffold_heldout,global_train_mean,"Myeloid cells, Resminostat",0.36934662,1.9228047,0.48999714851379395,2.8718044757843018
split_scaffold_heldout,global_train_mean,"B cells, Nilotinib",0.5859343,0.8364262,0.8121381402015686,1.956212043762207
split_scaffold_heldout,global_train_mean,"Myeloid cells, Nilotinib",0.34481823,1.1524942,0.5396249890327454,2.3504390716552734
split_scaffold_heldout,global_train_mean,"B cells, Lamivudine",0.28718352,0.59993255,0.5586654543876648,1.6817021369934082
split_scaffold_heldout,global_train_mean,"Myeloid cells, Lamivudine",0.2036897,0.6840014,0.4574653208255768,1.808449625968933
split_scaffold_heldout,global_train_mean,"B cells, Ceritinib",0.37964576,0.56490815,0.638567328453064,1.6078659296035767
split_scaffold_heldout,global_train_mean,"Myeloid cells, Ceritinib",0.3888781,0.91007906,0.6621105670928955,2.1567575931549072
split_scaffold_heldout,global_train_mean,"B cells, Bosutinib",0.5472286,1.1381338,0.7242537140846252,2.2757747173309326
split_scaffold_heldout,global_train_mean,"Myeloid cells, Bosutinib",0.4838739,1.6261328,0.6225734949111938,2.7218966484069824
split_scaffold_heldout,global_train_mean,"B cells, Buspirone",0.034780413,0.5954589,-0.0006072967662476003,1.8577728271484375
split_scaffold_heldout,global_train_mean,"Myeloid cells, Buspirone",0.19108158,0.54541457,0.36930936574935913,1.6046867370605469
split_scaffold_heldout,global_train_mean,"B cells, AZD4547",0.1843418,0.57886344,0.4242674708366394,1.7230262756347656
split_scaffold_heldout,global_train_mean,"Myeloid cells, AZD4547",0.24695176,0.65085614,0.49692484736442566,1.8314768075942993
split_scaffold_heldout,cell_context_mean,"B cells, Tamatinib",0.68273914,1.044291,0.8361809253692627,2.0848841667175293
split_scaffold_heldout,cell_context_mean,"Myeloid cells, Tamatinib",0.6925005,1.201326,0.8376404047012329,2.2207300662994385
split_scaffold_heldout,cell_context_mean,"NK cells, Tamatinib",0.44183215,0.7953982,0.6636577248573303,1.8303556442260742
split_scaffold_heldout,cell_context_mean,"T cells, Tamatinib",0.63395685,0.96538126,0.8101962208747864,1.963618516921997
split_scaffold_heldout,cell_context_mean,"NK cells, Ixabepilone",0.2454523,0.61549526,0.4259819984436035,1.7759284973144531
split_scaffold_heldout,cell_context_mean,"T cells, Ixabepilone",0.24645083,0.5330287,0.3309255540370941,1.58121657371521
split_scaffold_heldout,cell_context_mean,"B cells, 5-(9-Isopropyl-8-methyl-2-morpholino-9H-purin-6-yl)pyrimidin-2-amine",0.7082844,1.1985552,0.8287235498428345,2.210005760192871
split_scaffold_heldout,cell_context_mean,"Myeloid cells, 5-(9-Isopropyl-8-methyl-2-morpholino-9H-purin-6-yl)pyrimidin-2-amine",0.4186787,1.5181206,0.5625288486480713,2.61875319480896
split_scaffold_heldout,cell_context_mean,"NK cells, 5-(9-Isopropyl-8-methyl-2-morpholino-9H-purin-6-yl)pyrimidin-2-amine",0.4910795,0.82440203,0.7398421764373779,1.9438610076904297
split_scaffold_heldout,cell_context_mean,"T cells, 5-(9-Isopropyl-8-methyl-2-morpholino-9H-purin-6-yl)pyrimidin-2-amine",0.7191096,1.2612791,0.8321439027786255,2.2526919841766357
split_scaffold_heldout,cell_context_mean,"NK cells, BMS-387032",0.26325217,0.80316895,0.4731499254703522,1.9735214710235596
split_scaffold_heldout,cell_context_mean,"T cells, BMS-387032",0.3209622,1.2365235,0.4790220260620117,2.3983051776885986
split_scaffold_heldout,cell_context_mean,"B cells, IN1451",0.28145492,1.5622983,0.3893321752548218,2.6200504302978516
split_scaffold_heldout,cell_context_mean,"Myeloid cells, IN1451",0.3194935,2.366489,0.39475783705711365,3.172321081161499
split_scaffold_heldout,cell_context_mean,"NK cells, IN1451",0.26300332,1.2041217,0.42859575152397156,2.353022575378418
split_scaffold_heldout,cell_context_mean,"T cells, IN1451",0.2683477,2.7720075,0.3160969316959381,3.3770904541015625
split_scaffold_heldout,cell_context_mean,"B cells, Topotecan",0.23087478,0.8081192,0.4314003586769104,1.9965471029281616
split_scaffold_heldout,cell_context_mean,"Myeloid cells, Topotecan",0.16788632,1.4854448,0.251699835062027,2.6121485233306885
split_scaffold_heldout,cell_context_mean,"NK cells, Topotecan",0.22520857,0.7743074,0.4068770408630371,1.9718762636184692
split_scaffold_heldout,cell_context_mean,"T cells, Topotecan",0.19242582,1.0388365,0.3665373623371124,2.2246291637420654
split_scaffold_heldout,cell_context_mean,"B cells, BAY 87-2243",0.6092682,0.8675661,0.7938989400863647,1.9428868293762207
split_scaffold_heldout,cell_context_mean,"Myeloid cells, BAY 87-2243",0.47746885,1.3282601,0.6132401823997498,2.3928873538970947
split_scaffold_heldout,cell_context_mean,"NK cells, BAY 87-2243",0.30915987,0.90656894,0.48432156443595886,2.184145212173462
split_scaffold_heldout,cell_context_mean,"T cells, BAY 87-2243",0.55017906,1.1741033,0.6944698095321655,2.2281205654144287
split_scaffold_heldout,cell_context_mean,"NK cells, BMS-777607",0.22999544,0.62449366,0.42927858233451843,1.7128660678863525
split_scaffold_heldout,cell_context_mean,"T cells, BMS-777607",0.45409495,0.51089865,0.7430999875068665,1.3548301458358765
split_scaffold_heldout,cell_context_mean,"B cells, Proscillaridin A;Proscillaridin-A",0.1644238,2.2673855,0.20807448029518127,3.136129379272461
split_scaffold_heldout,cell_context_mean,"NK cells, Proscillaridin A;Proscillaridin-A",0.0807516,2.2519875,0.11433324962854385,3.1581075191497803
split_scaffold_heldout,cell_context_mean,"T cells, Proscillaridin A;Proscillaridin-A",0.0007401118,2.9914403,0.000533312966581434,3.5477161407470703
split_scaffold_heldout,cell_context_mean,"B cells, BMS-265246",-0.058270037,1.17546,-0.08138294517993927,2.4427525997161865
split_scaffold_heldout,cell_context_mean,"Myeloid cells, BMS-265246",0.1296876,1.7320752,0.21398979425430298,2.84009051322937
split_scaffold_heldout,cell_context_mean,"NK cells, BMS-265246",0.246402,0.8531699,0.4622683525085449,2.0873913764953613
split_scaffold_heldout,cell_context_mean,"T cells, BMS-265246",0.1502696,1.3674179,0.24268080294132233,2.5431480407714844
split_scaffold_heldout,cell_context_mean,"NK cells, Vardenafil",0.26343277,0.62408495,0.44180744886398315,1.7731879949569702
split_scaffold_heldout,cell_context_mean,"T cells, Vardenafil",0.32183412,0.529555,0.5572155117988586,1.5193705558776855
split_scaffold_heldout,cell_context_mean,"NK cells, Dasatinib",0.32739803,0.727504,0.5525707602500916,1.819376826286316
split_scaffold_heldout,cell_context_mean,"T cells, Dasatinib",0.6625042,0.9663817,0.8119456768035889,1.9707454442977905
split_scaffold_heldout,cell_context_mean,"NK cells, Alogliptin",0.12138964,0.61713696,0.18752244114875793,1.7975947856903076
split_scaffold_heldout,cell_context_mean,"T cells, Alogliptin",0.09777828,0.5939039,0.12890279293060303,1.68147873878479
split_scaffold_heldout,cell_context_mean,"NK cells, HMN-214",0.2248237,0.66430247,0.4475177526473999,1.732967495918274
split_scaffold_heldout,cell_context_mean,"T cells, HMN-214",-0.23088668,0.82452667,-0.5312513709068298,2.41446590423584
split_scaffold_heldout,cell_context_mean,"NK cells, Resminostat",0.23252742,1.3183678,0.3760650157928467,2.5050973892211914
split_scaffold_heldout,cell_context_mean,"T cells, Resminostat",0.45969352,2.1046484,0.5457077026367188,2.966400146484375
split_scaffold_heldout,cell_context_mean,"NK cells, Nilotinib",0.34796566,0.69636834,0.5836443901062012,1.775955319404602
split_scaffold_heldout,cell_context_mean,"T cells, Nilotinib",0.62653977,0.72002023,0.8282763957977295,1.6633442640304565
split_scaffold_heldout,cell_context_mean,"NK cells, Lamivudine",0.28294423,0.629162,0.4712563753128052,1.818055510520935
split_scaffold_heldout,cell_context_mean,"T cells, Lamivudine",0.28484255,0.5185663,0.4898296594619751,1.5123344659805298
split_scaffold_heldout,cell_context_mean,"B cells, Pitavastatin Calcium",-0.11693678,1.1645838,-0.1530042588710785,2.465254545211792
split_scaffold_heldout,cell_context_mean,"Myeloid cells, Pitavastatin Calcium",0.041412912,2.3396475,0.06412876397371292,3.2099175453186035
split_scaffold_heldout,cell_context_mean,"NK cells, Pitavastatin Calcium",-0.013185223,1.3975397,0.010257161222398281,2.6622772216796875
split_scaffold_heldout,cell_context_mean,"T cells, Pitavastatin Calcium",-0.11780607,1.6423372,-0.1664859801530838,2.880122423171997
split_scaffold_heldout,cell_context_mean,"B cells, ABT737",-0.082478315,1.0146705,-0.14374971389770508,2.231383800506592
split_scaffold_heldout,cell_context_mean,"Myeloid cells, ABT737",0.079260506,0.96857274,0.23252445459365845,2.2057950496673584
split_scaffold_heldout,cell_context_mean,"NK cells, ABT737",0.20146269,0.71106553,0.3561845123767853,1.8643314838409424
split_scaffold_heldout,cell_context_mean,"T cells, ABT737",0.18675147,0.6102491,0.5890871286392212,1.7341406345367432
split_scaffold_heldout,cell_context_mean,"B cells, PRT-062607",0.70703703,1.0000602,0.8515548706054688,2.0120866298675537
split_scaffold_heldout,cell_context_mean,"Myeloid cells, PRT-062607",0.69179803,1.2830882,0.8178625106811523,2.29453706741333
split_scaffold_heldout,cell_context_mean,"NK cells, PRT-062607",0.43930793,0.69716233,0.6926857233047485,1.7518914937973022
split_scaffold_heldout,cell_context_mean,"T cells, PRT-062607",0.7087349,0.86941636,0.851771891117096,1.8320952653884888
split_scaffold_heldout,cell_context_mean,"NK cells, Ceritinib",0.39475286,0.6470684,0.6166527271270752,1.7357581853866577
split_scaffold_heldout,cell_context_mean,"T cells, Ceritinib",0.529197,0.5256794,0.7132721543312073,1.427313208580017
split_scaffold_heldout,cell_context_mean,"B cells, Ricolinostat",0.35854146,0.7451032,0.6016455888748169,1.8141531944274902
split_scaffold_heldout,cell_context_mean,"Myeloid cells, Ricolinostat",0.07849747,1.1955981,0.1535106748342514,2.4205260276794434
split_scaffold_heldout,cell_context_mean,"NK cells, Ricolinostat",0.095189855,0.7615316,0.17418846487998962,1.9163001775741577
split_scaffold_heldout,cell_context_mean,"T cells, Ricolinostat",0.33668834,0.8345213,0.5384495854377747,1.9500771760940552
split_scaffold_heldout,cell_context_mean,"NK cells, Bosutinib",0.33957475,0.74676704,0.5724043250083923,1.8866868019104004
split_scaffold_heldout,cell_context_mean,"T cells, Bosutinib",0.5830477,0.92924684,0.7483752369880676,1.9826619625091553
split_scaffold_heldout,cell_context_mean,"NK cells, Buspirone",0.17364399,0.5873962,0.33231914043426514,1.7322062253952026
split_scaffold_heldout,cell_context_mean,"T cells, Buspirone",0.11319848,0.5443497,0.25077295303344727,1.6600611209869385
split_scaffold_heldout,cell_context_mean,"B cells, Tivantinib",0.4258196,0.6594286,0.6324350237846375,1.6995981931686401
split_scaffold_heldout,cell_context_mean,"Myeloid cells, Tivantinib",0.35178995,0.7777104,0.5869423747062683,1.8963425159454346
split_scaffold_heldout,cell_context_mean,"NK cells, Tivantinib",0.2732103,0.6559289,0.5269874930381775,1.7898993492126465
split_scaffold_heldout,cell_context_mean,"T cells, Tivantinib",0.3941812,0.7031487,0.5656047463417053,1.7346322536468506
split_scaffold_heldout,cell_context_mean,"NK cells, AZD4547",0.2583072,0.6267658,0.5006595849990845,1.743586778640747
split_scaffold_heldout,cell_context_mean,"T cells, AZD4547",0.31495827,0.51420283,0.5439751148223877,1.5211918354034424
split_scaffold_heldout,cell_context_mean,"B cells, GLPG0634",0.59330666,0.75268835,0.7870995402336121,1.7121995687484741
split_scaffold_heldout,cell_context_mean,"Myeloid cells, GLPG0634",0.5628719,0.80131245,0.8184283375740051,1.7888457775115967
split_scaffold_heldout,cell_context_mean,"NK cells, GLPG0634",0.4161538,0.6865079,0.6591654419898987,1.759285569190979
split_scaffold_heldout,cell_context_mean,"T cells, GLPG0634",0.58872515,0.6711206,0.8269262313842773,1.60441255569458
split_scaffold_heldout,cell_context_mean,"B cells, Ixabepilone",0.20649102,0.58336973,0.40163320302963257,1.7658218145370483
split_scaffold_heldout,cell_context_mean,"Myeloid cells, Ixabepilone",0.17227961,0.6863974,0.31122347712516785,1.820054531097412
split_scaffold_heldout,cell_context_mean,"B cells, BMS-777607",0.42230612,0.5910053,0.6595438718795776,1.5729937553405762
split_scaffold_heldout,cell_context_mean,"Myeloid cells, BMS-777607",0.43006757,0.7033737,0.7149931192398071,1.7423394918441772
split_scaffold_heldout,cell_context_mean,"B cells, Vardenafil",0.3074017,0.5678328,0.559516191482544,1.5450268983840942
split_scaffold_heldout,cell_context_mean,"Myeloid cells, Vardenafil",0.37282902,0.648985,0.6902974247932434,1.5532841682434082
split_scaffold_heldout,cell_context_mean,"B cells, Dasatinib",0.6629258,1.0614597,0.8294808864593506,2.1441686153411865
split_scaffold_heldout,cell_context_mean,"Myeloid cells, Dasatinib",0.54614305,1.4273455,0.7106071710586548,2.431208610534668
split_scaffold_heldout,cell_context_mean,"B cells, Alogliptin",0.10165365,0.6324923,0.15742291510105133,1.8009141683578491
split_scaffold_heldout,cell_context_mean,"Myeloid cells, Alogliptin",0.048110884,0.64718693,0.1383408010005951,1.725387692451477
split_scaffold_heldout,cell_context_mean,"B cells, HMN-214",-0.023703506,0.65649897,0.052711836993694305,1.7860641479492188
split_scaffold_heldout,cell_context_mean,"Myeloid cells, HMN-214",0.24545376,0.83606654,0.4542408883571625,1.9257237911224365
split_scaffold_heldout,cell_context_mean,"B cells, Resminostat",0.40274414,1.6264973,0.5316415429115295,2.654465913772583
split_scaffold_heldout,cell_context_mean,"Myeloid cells, Resminostat",0.44035918,1.8659439,0.5550551414489746,2.7778773307800293
split_scaffold_heldout,cell_context_mean,"B cells, Nilotinib",0.6587288,0.7777626,0.8466157913208008,1.7881447076797485
split_scaffold_heldout,cell_context_mean,"Myeloid cells, Nilotinib",0.4477457,1.0984943,0.6667539477348328,2.202080249786377
split_scaffold_heldout,cell_context_mean,"B cells, Lamivudine",0.36390996,0.58873427,0.6543349623680115,1.566645622253418
split_scaffold_heldout,cell_context_mean,"Myeloid cells, Lamivudine",0.23571707,0.7012427,0.4934370219707489,1.727742314338684
split_scaffold_heldout,cell_context_mean,"B cells, Ceritinib",0.42732385,0.5554162,0.680912435054779,1.4922542572021484
split_scaffold_heldout,cell_context_mean,"Myeloid cells, Ceritinib",0.5526437,0.83225995,0.7972714304924011,1.911052942276001
split_scaffold_heldout,cell_context_mean,"B cells, Bosutinib",0.6601793,1.0636986,0.8086623549461365,2.113469123840332
split_scaffold_heldout,cell_context_mean,"Myeloid cells, Bosutinib",0.5340127,1.5627762,0.6839900016784668,2.6020636558532715
split_scaffold_heldout,cell_context_mean,"B cells, Buspirone",0.12681018,0.60587764,0.21616506576538086,1.7946197986602783
split_scaffold_heldout,cell_context_mean,"Myeloid cells, Buspirone",0.16270153,0.59848374,0.33147677779197693,1.5944358110427856
split_scaffold_heldout,cell_context_mean,"B cells, AZD4547",0.26202792,0.58025414,0.5154615044593811,1.6331349611282349
split_scaffold_heldout,cell_context_mean,"Myeloid cells, AZD4547",0.31006676,0.65287006,0.5810723900794983,1.707368016242981
split_scaffold_heldout,drug_mean,"B cells, Tamatinib",0.5894305,1.1161802,0.7744759321212769,2.248316526412964
split_scaffold_heldout,drug_mean,"Myeloid cells, Tamatinib",0.52138233,1.3169425,0.7110027074813843,2.448798418045044
split_scaffold_heldout,drug_mean,"NK cells, Tamatinib",0.34758034,0.81487375,0.5300629138946533,1.8677016496658325
split_scaffold_heldout,drug_mean,"T cells, Tamatinib",0.63422036,1.0082717,0.8146689534187317,2.0742719173431396
split_scaffold_heldout,drug_mean,"NK cells, Ixabepilone",0.12921847,0.6439877,0.22217664122581482,1.8375122547149658
split_scaffold_heldout,drug_mean,"T cells, Ixabepilone",0.11050781,0.53625536,0.1266576647758484,1.7546393871307373
split_scaffold_heldout,drug_mean,"B cells, 5-(9-Isopropyl-8-methyl-2-morpholino-9H-purin-6-yl)pyrimidin-2-amine",0.65104645,1.2663741,0.8022575974464417,2.3461456298828125
split_scaffold_heldout,drug_mean,"Myeloid cells, 5-(9-Isopropyl-8-methyl-2-morpholino-9H-purin-6-yl)pyrimidin-2-amine",0.4708456,1.5386,0.6249710321426392,2.6717488765716553
split_scaffold_heldout,drug_mean,"NK cells, 5-(9-Isopropyl-8-methyl-2-morpholino-9H-purin-6-yl)pyrimidin-2-amine",0.45104626,0.82972234,0.6822126507759094,1.948454737663269
split_scaffold_heldout,drug_mean,"T cells, 5-(9-Isopropyl-8-methyl-2-morpholino-9H-purin-6-yl)pyrimidin-2-amine",0.6769137,1.3288057,0.8198093771934509,2.384986400604248
split_scaffold_heldout,drug_mean,"NK cells, BMS-387032",0.2081931,0.8160769,0.4016514718532562,1.9971487522125244
split_scaffold_heldout,drug_mean,"T cells, BMS-387032",0.36783558,1.235797,0.5472251176834106,2.4198293685913086
split_scaffold_heldout,drug_mean,"B cells, IN1451",0.24621934,1.580315,0.35059499740600586,2.662414789199829
split_scaffold_heldout,drug_mean,"Myeloid cells, IN1451",0.27260384,2.4041858,0.33875343203544617,3.2304956912994385
split_scaffold_heldout,drug_mean,"NK cells, IN1451",0.24595805,1.2062818,0.3731803894042969,2.359532117843628
split_scaffold_heldout,drug_mean,"T cells, IN1451",0.25165707,2.7924376,0.2999671697616577,3.404825448989868
split_scaffold_heldout,drug_mean,"B cells, Topotecan",0.116399296,0.8247139,0.23968957364559174,2.096273899078369
split_scaffold_heldout,drug_mean,"Myeloid cells, Topotecan",0.15408145,1.484961,0.2492905557155609,2.634549379348755
split_scaffold_heldout,drug_mean,"NK cells, Topotecan",0.13447544,0.7960969,0.26530247926712036,2.008244037628174
split_scaffold_heldout,drug_mean,"T cells, Topotecan",0.12620468,1.0479463,0.2597338855266571,2.282360792160034
split_scaffold_heldout,drug_mean,"B cells, BAY 87-2243",0.5359239,0.92174864,0.7464796304702759,2.097653388977051
split_scaffold_heldout,drug_mean,"Myeloid cells, BAY 87-2243",0.33792803,1.3998785,0.44461435079574585,2.5365853309631348
split_scaffold_heldout,drug_mean,"NK cells, BAY 87-2243",0.3759491,0.8892137,0.5762801170349121,2.1283299922943115
split_scaffold_heldout,drug_mean,"T cells, BAY 87-2243",0.45125672,1.2334777,0.626567542552948,2.351468324661255
split_scaffold_heldout,drug_mean,"NK cells, BMS-777607",0.11877527,0.65186685,0.2621835172176361,1.7640212774276733
split_scaffold_heldout,drug_mean,"T cells, BMS-777607",0.38516515,0.52555937,0.6805625557899475,1.4932148456573486
split_scaffold_heldout,drug_mean,"B cells, Proscillaridin A;Proscillaridin-A",0.11599418,2.2829242,0.14752355217933655,3.1642372608184814
split_scaffold_heldout,drug_mean,"NK cells, Proscillaridin A;Proscillaridin-A",-0.028023966,2.2769783,-0.02936461940407753,3.192612409591675
split_scaffold_heldout,drug_mean,"T cells, Proscillaridin A;Proscillaridin-A",-0.040383313,2.9920945,-0.04568848758935928,3.5500476360321045
split_scaffold_heldout,drug_mean,"B cells, BMS-265246",-0.07285345,1.152103,-0.09925293177366257,2.421900987625122
split_scaffold_heldout,drug_mean,"Myeloid cells, BMS-265246",0.08684397,1.7362051,0.17280273139476776,2.865413188934326
split_scaffold_heldout,drug_mean,"NK cells, BMS-265246",0.080690004,0.89115214,0.1779211312532425,2.1651082038879395
split_scaffold_heldout,drug_mean,"T cells, BMS-265246",0.12783495,1.3682784,0.23359209299087524,2.561213254928589
split_scaffold_heldout,drug_mean,"NK cells, Vardenafil",0.1460757,0.65256155,0.26583537459373474,1.8203788995742798
split_scaffold_heldout,drug_mean,"T cells, Vardenafil",0.23648313,0.5313923,0.514496922492981,1.617263674736023
split_scaffold_heldout,drug_mean,"NK cells, Dasatinib",0.25686476,0.7433446,0.4358544647693634,1.8503577709197998
split_scaffold_heldout,drug_mean,"T cells, Dasatinib",0.63901633,1.0185217,0.8198617100715637,2.095776081085205
split_scaffold_heldout,drug_mean,"NK cells, Alogliptin",-0.02493723,0.653045,-0.12020675092935562,1.8736469745635986
split_scaffold_heldout,drug_mean,"T cells, Alogliptin",-0.007363464,0.5800688,-0.049892015755176544,1.7199536561965942
split_scaffold_heldout,drug_mean,"NK cells, HMN-214",0.04039112,0.7074853,0.09710045903921127,1.8202204704284668
split_scaffold_heldout,drug_mean,"T cells, HMN-214",-0.20445167,0.7685657,-0.5245647430419922,2.2749648094177246
split_scaffold_heldout,drug_mean,"NK cells, Resminostat",0.28874654,1.3040282,0.4379332661628723,2.4778237342834473
split_scaffold_heldout,drug_mean,"T cells, Resminostat",0.39024773,2.1541324,0.48109516501426697,3.0410521030426025
split_scaffold_heldout,drug_mean,"NK cells, Nilotinib",0.30919728,0.70484793,0.5442242622375488,1.7912423610687256
split_scaffold_heldout,drug_mean,"T cells, Nilotinib",0.6145444,0.75848264,0.8331049084663391,1.7987606525421143
split_scaffold_heldout,drug_mean,"NK cells, Lamivudine",0.17273922,0.65575886,0.29315778613090515,1.8697515726089478
split_scaffold_heldout,drug_mean,"T cells, Lamivudine",0.24143346,0.50453454,0.4171420931816101,1.569092869758606
split_scaffold_heldout,drug_mean,"B cells, Pitavastatin Calcium",-0.1634567,1.1434884,-0.23190277814865112,2.452357292175293
split_scaffold_heldout,drug_mean,"Myeloid cells, Pitavastatin Calcium",-0.04746645,2.3484447,-0.042364440858364105,3.228241443634033
split_scaffold_heldout,drug_mean,"NK cells, Pitavastatin Calcium",-0.1583466,1.4327722,-0.21115310490131378,2.719080686569214
split_scaffold_heldout,drug_mean,"T cells, Pitavastatin Calcium",-0.23416644,1.6409959,-0.3255781829357147,2.8855676651000977
split_scaffold_heldout,drug_mean,"B cells, ABT737",-0.16002071,0.997309,-0.28188496828079224,2.228241443634033
split_scaffold_heldout,drug_mean,"Myeloid cells, ABT737",-0.024195973,0.9617598,0.0670052170753479,2.2584173679351807
split_scaffold_heldout,drug_mean,"NK cells, ABT737",0.1017212,0.7353845,0.22040893137454987,1.8970187902450562
split_scaffold_heldout,drug_mean,"T cells, ABT737",0.107984155,0.60152125,0.4716022312641144,1.8325453996658325
split_scaffold_heldout,drug_mean,"B cells, PRT-062607",0.5986965,1.0785757,0.7809730172157288,2.1919405460357666
split_scaffold_heldout,drug_mean,"Myeloid cells, PRT-062607",0.5335509,1.3962076,0.6978387236595154,2.5074949264526367
split_scaffold_heldout,drug_mean,"NK cells, PRT-062607",0.36100438,0.7135864,0.6047118902206421,1.7797702550888062
split_scaffold_heldout,drug_mean,"T cells, PRT-062607",0.6837464,0.9269701,0.8600509762763977,1.9751830101013184
split_scaffold_heldout,drug_mean,"NK cells, Ceritinib",0.30385637,0.6676637,0.5015656352043152,1.7785911560058594
split_scaffold_heldout,drug_mean,"T cells, Ceritinib",0.49827936,0.5433014,0.7377433180809021,1.5346781015396118
split_scaffold_heldout,drug_mean,"B cells, Ricolinostat",0.28627133,0.7645593,0.5144032835960388,1.9087737798690796
split_scaffold_heldout,drug_mean,"Myeloid cells, Ricolinostat",0.059141077,1.1774156,0.13010619580745697,2.4311041831970215
split_scaffold_heldout,drug_mean,"NK cells, Ricolinostat",0.08023699,0.76832575,0.12775377929210663,1.9218838214874268
split_scaffold_heldout,drug_mean,"T cells, Ricolinostat",0.25032616,0.85751826,0.48274657130241394,2.038388729095459
split_scaffold_heldout,drug_mean,"NK cells, Bosutinib",0.3259612,0.7490031,0.5271463394165039,1.8888763189315796
split_scaffold_heldout,drug_mean,"T cells, Bosutinib",0.56290895,0.969001,0.7584400773048401,2.0897409915924072
split_scaffold_heldout,drug_mean,"NK cells, Buspirone",0.062733434,0.6155112,0.0514233335852623,1.7910634279251099
split_scaffold_heldout,drug_mean,"T cells, Buspirone",0.054693032,0.517204,0.03554246202111244,1.706003189086914
split_scaffold_heldout,drug_mean,"B cells, Tivantinib",0.38199234,0.67582136,0.6013583540916443,1.7901829481124878
split_scaffold_heldout,drug_mean,"Myeloid cells, Tivantinib",0.271605,0.7967388,0.50266432762146,2.012006998062134
split_scaffold_heldout,drug_mean,"NK cells, Tivantinib",0.207598,0.6722271,0.42702022194862366,1.8241883516311646
split_scaffold_heldout,drug_mean,"T cells, Tivantinib",0.31092757,0.7264107,0.5261460542678833,1.8322138786315918
split_scaffold_heldout,drug_mean,"NK cells, AZD4547",0.13848536,0.65570986,0.3498610556125641,1.7911152839660645
split_scaffold_heldout,drug_mean,"T cells, AZD4547",0.31704602,0.49301663,0.5215770602226257,1.5702404975891113
split_scaffold_heldout,drug_mean,"B cells, GLPG0634",0.5108943,0.80455315,0.73988276720047,1.8639919757843018
split_scaffold_heldout,drug_mean,"Myeloid cells, GLPG0634",0.439211,0.8704886,0.7389507293701172,2.010202169418335
split_scaffold_heldout,drug_mean,"NK cells, GLPG0634",0.3185418,0.70805633,0.5263798236846924,1.8061866760253906
split_scaffold_heldout,drug_mean,"T cells, GLPG0634",0.5319556,0.71366465,0.799749493598938,1.7660961151123047
split_scaffold_heldout,drug_mean,"B cells, Ixabepilone",0.13931377,0.5733218,0.30235904455184937,1.8126475811004639
split_scaffold_heldout,drug_mean,"Myeloid cells, Ixabepilone",0.14757507,0.65653586,0.21206077933311462,1.8697162866592407
split_scaffold_heldout,drug_mean,"B cells, BMS-777607",0.3151017,0.61738724,0.5775420069694519,1.7248543500900269
split_scaffold_heldout,drug_mean,"Myeloid cells, BMS-777607",0.29073203,0.7452351,0.5462942719459534,1.9483323097229004
split_scaffold_heldout,drug_mean,"B cells, Vardenafil",0.24504083,0.56724125,0.49702703952789307,1.6220041513442993
split_scaffold_heldout,drug_mean,"Myeloid cells, Vardenafil",0.22084561,0.6777304,0.5308346748352051,1.7684508562088013
split_scaffold_heldout,drug_mean,"B cells, Dasatinib",0.55161643,1.1360201,0.7543808817863464,2.310377836227417
split_scaffold_heldout,drug_mean,"Myeloid cells, Dasatinib",0.52771264,1.4831499,0.6891408562660217,2.541348934173584
split_scaffold_heldout,drug_mean,"B cells, Alogliptin",0.087014586,0.6047416,0.16693556308746338,1.80530846118927
split_scaffold_heldout,drug_mean,"Myeloid cells, Alogliptin",0.011602964,0.59885085,0.05430448427796364,1.721219539642334
split_scaffold_heldout,drug_mean,"B cells, HMN-214",-0.107484564,0.63274676,-0.15931937098503113,1.8277359008789062
split_scaffold_heldout,drug_mean,"Myeloid cells, HMN-214",0.14292975,0.8467177,0.21194864809513092,2.0316102504730225
split_scaffold_heldout,drug_mean,"B cells, Resminostat",0.3306351,1.6674968,0.45675769448280334,2.730577230453491
split_scaffold_heldout,drug_mean,"Myeloid cells, Resminostat",0.36934662,1.9228047,0.48999714851379395,2.8718044757843018
split_scaffold_heldout,drug_mean,"B cells, Nilotinib",0.5859343,0.8364262,0.8121381402015686,1.956212043762207
split_scaffold_heldout,drug_mean,"Myeloid cells, Nilotinib",0.34481823,1.1524942,0.5396249890327454,2.3504390716552734
split_scaffold_heldout,drug_mean,"B cells, Lamivudine",0.28718352,0.59993255,0.5586654543876648,1.6817021369934082
split_scaffold_heldout,drug_mean,"Myeloid cells, Lamivudine",0.2036897,0.6840014,0.4574653208255768,1.808449625968933
split_scaffold_heldout,drug_mean,"B cells, Ceritinib",0.37964576,0.56490815,0.638567328453064,1.6078659296035767
split_scaffold_heldout,drug_mean,"Myeloid cells, Ceritinib",0.3888781,0.91007906,0.6621105670928955,2.1567575931549072
split_scaffold_heldout,drug_mean,"B cells, Bosutinib",0.5472286,1.1381338,0.7242537140846252,2.2757747173309326
split_scaffold_heldout,drug_mean,"Myeloid cells, Bosutinib",0.4838739,1.6261328,0.6225734949111938,2.7218966484069824
split_scaffold_heldout,drug_mean,"B cells, Buspirone",0.034780413,0.5954589,-0.0006072967662476003,1.8577728271484375
split_scaffold_heldout,drug_mean,"Myeloid cells, Buspirone",0.19108158,0.54541457,0.36930936574935913,1.6046867370605469
split_scaffold_heldout,drug_mean,"B cells, AZD4547",0.1843418,0.57886344,0.4242674708366394,1.7230262756347656
split_scaffold_heldout,drug_mean,"Myeloid cells, AZD4547",0.24695176,0.65085614,0.49692484736442566,1.8314768075942993
split_cell_scaffold_heldout,global_train_mean,"Myeloid cells, Tamatinib",0.33391932,1.361949,0.49477118253707886,2.528629779815674
split_cell_scaffold_heldout,global_train_mean,"Myeloid cells, 5-(9-Isopropyl-8-methyl-2-morpholino-9H-purin-6-yl)pyrimidin-2-amine",0.40612912,1.5535471,0.5503928661346436,2.6956679821014404
split_cell_scaffold_heldout,global_train_mean,"Myeloid cells, IN1451",0.19613135,2.421666,0.24573375284671783,3.253704309463501
split_cell_scaffold_heldout,global_train_mean,"Myeloid cells, Topotecan",0.11728205,1.4934849,0.19421963393688202,2.6480138301849365
split_cell_scaffold_heldout,global_train_mean,"Myeloid cells, BAY 87-2243",0.20193982,1.4314587,0.26564350724220276,2.589921236038208
split_cell_scaffold_heldout,global_train_mean,"Myeloid cells, BMS-265246",0.048363417,1.7449706,0.1154288500547409,2.879650354385376
split_cell_scaffold_heldout,global_train_mean,"Myeloid cells, Pitavastatin Calcium",-0.08324874,2.3567908,-0.09072554111480713,3.238844394683838
split_cell_scaffold_heldout,global_train_mean,"Myeloid cells, ABT737",-0.07185623,0.9729126,-0.037029970437288284,2.2836050987243652
split_cell_scaffold_heldout,global_train_mean,"Myeloid cells, PRT-062607",0.3502451,1.4400842,0.49358490109443665,2.582500457763672
split_cell_scaffold_heldout,global_train_mean,"Myeloid cells, Ricolinostat",0.0379041,1.1824241,0.09047386795282364,2.440906047821045
split_cell_scaffold_heldout,global_train_mean,"Myeloid cells, Tivantinib",0.17848058,0.81877565,0.34100019931793213,2.0582404136657715
split_cell_scaffold_heldout,global_train_mean,"Myeloid cells, GLPG0634",0.2916585,0.90621525,0.5499459505081177,2.090799570083618
split_cell_scaffold_heldout,global_train_mean,"Myeloid cells, Ixabepilone",0.106520124,0.66622,0.10322392731904984,1.8957538604736328
split_cell_scaffold_heldout,global_train_mean,"Myeloid cells, BMS-777607",0.16398017,0.7752141,0.2980479598045349,2.02426815032959
split_cell_scaffold_heldout,global_train_mean,"Myeloid cells, Vardenafil",0.1012179,0.7053931,0.271302193403244,1.849231481552124
split_cell_scaffold_heldout,global_train_mean,"Myeloid cells, Dasatinib",0.41627473,1.5094448,0.5667954683303833,2.58339524269104
split_cell_scaffold_heldout,global_train_mean,"Myeloid cells, Alogliptin",-0.009112849,0.6040571,-0.018290868028998375,1.7309484481811523
split_cell_scaffold_heldout,global_train_mean,"Myeloid cells, HMN-214",0.06340214,0.86522627,0.057104915380477905,2.0723459720611572
split_cell_scaffold_heldout,global_train_mean,"Myeloid cells, Resminostat",0.2619497,1.9475915,0.36351847648620605,2.907274007797241
split_cell_scaffold_heldout,global_train_mean,"Myeloid cells, Nilotinib",0.2260207,1.180525,0.3644610345363617,2.406616687774658
split_cell_scaffold_heldout,global_train_mean,"Myeloid cells, Lamivudine",0.14807157,0.69709665,0.33824098110198975,1.8446500301361084
split_cell_scaffold_heldout,global_train_mean,"Myeloid cells, Ceritinib",0.23077476,0.94773704,0.4331378638744354,2.2445261478424072
split_cell_scaffold_heldout,global_train_mean,"Myeloid cells, Bosutinib",0.36487642,1.6540514,0.48358938097953796,2.7665934562683105
split_cell_scaffold_heldout,global_train_mean,"Myeloid cells, Buspirone",0.16846539,0.550985,0.32491108775138855,1.6172003746032715
split_cell_scaffold_heldout,global_train_mean,"Myeloid cells, AZD4547",0.16723406,0.669787,0.3502344787120819,1.8816879987716675
split_cell_scaffold_heldout,cell_context_mean,"Myeloid cells, Tamatinib",0.33391932,1.361949,0.49477118253707886,2.528629779815674
split_cell_scaffold_heldout,cell_context_mean,"Myeloid cells, 5-(9-Isopropyl-8-methyl-2-morpholino-9H-purin-6-yl)pyrimidin-2-amine",0.40612912,1.5535471,0.5503928661346436,2.6956679821014404
split_cell_scaffold_heldout,cell_context_mean,"Myeloid cells, IN1451",0.19613135,2.421666,0.24573375284671783,3.253704309463501
split_cell_scaffold_heldout,cell_context_mean,"Myeloid cells, Topotecan",0.11728205,1.4934849,0.19421963393688202,2.6480138301849365
split_cell_scaffold_heldout,cell_context_mean,"Myeloid cells, BAY 87-2243",0.20193982,1.4314587,0.26564350724220276,2.589921236038208
split_cell_scaffold_heldout,cell_context_mean,"Myeloid cells, BMS-265246",0.048363417,1.7449706,0.1154288500547409,2.879650354385376
split_cell_scaffold_heldout,cell_context_mean,"Myeloid cells, Pitavastatin Calcium",-0.08324874,2.3567908,-0.09072554111480713,3.238844394683838
split_cell_scaffold_heldout,cell_context_mean,"Myeloid cells, ABT737",-0.07185623,0.9729126,-0.037029970437288284,2.2836050987243652
split_cell_scaffold_heldout,cell_context_mean,"Myeloid cells, PRT-062607",0.3502451,1.4400842,0.49358490109443665,2.582500457763672
split_cell_scaffold_heldout,cell_context_mean,"Myeloid cells, Ricolinostat",0.0379041,1.1824241,0.09047386795282364,2.440906047821045
split_cell_scaffold_heldout,cell_context_mean,"Myeloid cells, Tivantinib",0.17848058,0.81877565,0.34100019931793213,2.0582404136657715
split_cell_scaffold_heldout,cell_context_mean,"Myeloid cells, GLPG0634",0.2916585,0.90621525,0.5499459505081177,2.090799570083618
split_cell_scaffold_heldout,cell_context_mean,"Myeloid cells, Ixabepilone",0.106520124,0.66622,0.10322392731904984,1.8957538604736328
split_cell_scaffold_heldout,cell_context_mean,"Myeloid cells, BMS-777607",0.16398017,0.7752141,0.2980479598045349,2.02426815032959
split_cell_scaffold_heldout,cell_context_mean,"Myeloid cells, Vardenafil",0.1012179,0.7053931,0.271302193403244,1.849231481552124
split_cell_scaffold_heldout,cell_context_mean,"Myeloid cells, Dasatinib",0.41627473,1.5094448,0.5667954683303833,2.58339524269104
split_cell_scaffold_heldout,cell_context_mean,"Myeloid cells, Alogliptin",-0.009112849,0.6040571,-0.018290868028998375,1.7309484481811523
split_cell_scaffold_heldout,cell_context_mean,"Myeloid cells, HMN-214",0.06340214,0.86522627,0.057104915380477905,2.0723459720611572
split_cell_scaffold_heldout,cell_context_mean,"Myeloid cells, Resminostat",0.2619497,1.9475915,0.36351847648620605,2.907274007797241
split_cell_scaffold_heldout,cell_context_mean,"Myeloid cells, Nilotinib",0.2260207,1.180525,0.3644610345363617,2.406616687774658
split_cell_scaffold_heldout,cell_context_mean,"Myeloid cells, Lamivudine",0.14807157,0.69709665,0.33824098110198975,1.8446500301361084
split_cell_scaffold_heldout,cell_context_mean,"Myeloid cells, Ceritinib",0.23077476,0.94773704,0.4331378638744354,2.2445261478424072
split_cell_scaffold_heldout,cell_context_mean,"Myeloid cells, Bosutinib",0.36487642,1.6540514,0.48358938097953796,2.7665934562683105
split_cell_scaffold_heldout,cell_context_mean,"Myeloid cells, Buspirone",0.16846539,0.550985,0.32491108775138855,1.6172003746032715
split_cell_scaffold_heldout,cell_context_mean,"Myeloid cells, AZD4547",0.16723406,0.669787,0.3502344787120819,1.8816879987716675
split_cell_scaffold_heldout,drug_mean,"Myeloid cells, Tamatinib",0.33391932,1.361949,0.49477118253707886,2.528629779815674
split_cell_scaffold_heldout,drug_mean,"Myeloid cells, 5-(9-Isopropyl-8-methyl-2-morpholino-9H-purin-6-yl)pyrimidin-2-amine",0.40612912,1.5535471,0.5503928661346436,2.6956679821014404
split_cell_scaffold_heldout,drug_mean,"Myeloid cells, IN1451",0.19613135,2.421666,0.24573375284671783,3.253704309463501
split_cell_scaffold_heldout,drug_mean,"Myeloid cells, Topotecan",0.11728205,1.4934849,0.19421963393688202,2.6480138301849365
split_cell_scaffold_heldout,drug_mean,"Myeloid cells, BAY 87-2243",0.20193982,1.4314587,0.26564350724220276,2.589921236038208
split_cell_scaffold_heldout,drug_mean,"Myeloid cells, BMS-265246",0.048363417,1.7449706,0.1154288500547409,2.879650354385376
split_cell_scaffold_heldout,drug_mean,"Myeloid cells, Pitavastatin Calcium",-0.08324874,2.3567908,-0.09072554111480713,3.238844394683838
split_cell_scaffold_heldout,drug_mean,"Myeloid cells, ABT737",-0.07185623,0.9729126,-0.037029970437288284,2.2836050987243652
split_cell_scaffold_heldout,drug_mean,"Myeloid cells, PRT-062607",0.3502451,1.4400842,0.49358490109443665,2.582500457763672
split_cell_scaffold_heldout,drug_mean,"Myeloid cells, Ricolinostat",0.0379041,1.1824241,0.09047386795282364,2.440906047821045
split_cell_scaffold_heldout,drug_mean,"Myeloid cells, Tivantinib",0.17848058,0.81877565,0.34100019931793213,2.0582404136657715
split_cell_scaffold_heldout,drug_mean,"Myeloid cells, GLPG0634",0.2916585,0.90621525,0.5499459505081177,2.090799570083618
split_cell_scaffold_heldout,drug_mean,"Myeloid cells, Ixabepilone",0.106520124,0.66622,0.10322392731904984,1.8957538604736328
split_cell_scaffold_heldout,drug_mean,"Myeloid cells, BMS-777607",0.16398017,0.7752141,0.2980479598045349,2.02426815032959
split_cell_scaffold_heldout,drug_mean,"Myeloid cells, Vardenafil",0.1012179,0.7053931,0.271302193403244,1.849231481552124
split_cell_scaffold_heldout,drug_mean,"Myeloid cells, Dasatinib",0.41627473,1.5094448,0.5667954683303833,2.58339524269104
split_cell_scaffold_heldout,drug_mean,"Myeloid cells, Alogliptin",-0.009112849,0.6040571,-0.018290868028998375,1.7309484481811523
split_cell_scaffold_heldout,drug_mean,"Myeloid cells, HMN-214",0.06340214,0.86522627,0.057104915380477905,2.0723459720611572
split_cell_scaffold_heldout,drug_mean,"Myeloid cells, Resminostat",0.2619497,1.9475915,0.36351847648620605,2.907274007797241
split_cell_scaffold_heldout,drug_mean,"Myeloid cells, Nilotinib",0.2260207,1.180525,0.3644610345363617,2.406616687774658
split_cell_scaffold_heldout,drug_mean,"Myeloid cells, Lamivudine",0.14807157,0.69709665,0.33824098110198975,1.8446500301361084
split_cell_scaffold_heldout,drug_mean,"Myeloid cells, Ceritinib",0.23077476,0.94773704,0.4331378638744354,2.2445261478424072
split_cell_scaffold_heldout,drug_mean,"Myeloid cells, Bosutinib",0.36487642,1.6540514,0.48358938097953796,2.7665934562683105
split_cell_scaffold_heldout,drug_mean,"Myeloid cells, Buspirone",0.16846539,0.550985,0.32491108775138855,1.6172003746032715
split_cell_scaffold_heldout,drug_mean,"Myeloid cells, AZD4547",0.16723406,0.669787,0.3502344787120819,1.8816879987716675
