split,baseline,sample_id,rowwise_pearson,rmse,de_rowwise_pearson,de_rmse
split_random,ridge_cell,"T cells, Ganetespib (STA-9090)",0.5411773148520236,2.058647554510704,0.616920343301521,2.920656944437325
split_random,ridge_cell,"B cells, Sunitinib",0.5298002809791403,0.7456070873042417,0.755159013794781,1.7874144993620142
split_random,ridge_cell,"Myeloid cells, Sunitinib",0.04754783091800229,0.7306717465022414,0.19044103032209178,1.8172539548903832
split_random,ridge_cell,"B cells, Tamatinib",0.6749778016063105,1.0451271420143369,0.8292381738270538,2.086151972060826
split_random,ridge_cell,"NK cells, Tamatinib",0.43549112067451384,0.7972334923907719,0.6594930569582349,1.8342892192174522
split_random,ridge_cell,"Myeloid cells, Linagliptin",0.013535667264920982,0.7563396960646444,0.008427984052391188,1.966631512440089
split_random,ridge_cell,"Myeloid cells, 5-(9-Isopropyl-8-methyl-2-morpholino-9H-purin-6-yl)pyrimidin-2-amine",0.40694826129077927,1.52257916280718,0.5486935230862995,2.6260374353578246
split_random,ridge_cell,"B cells, Foretinib",0.6525496513855934,0.9702724515838256,0.8239647519110203,2.0159626213014086
split_random,ridge_cell,"B cells, GW843682X",0.25393271051282734,0.6212032326334944,0.47186910578482416,1.7783594300353496
split_random,ridge_cell,"NK cells, GW843682X",0.26487963160043554,0.6175487570162846,0.5259197351018896,1.7573362415453655
split_random,ridge_cell,"B cells, IN1451",0.3059449384164943,1.5536748379080185,0.42073749967777435,2.6059705722491384
split_random,ridge_cell,"Myeloid cells, Topotecan",0.15647729127875776,1.4895204201191232,0.23530355680874962,2.6189789772592182
split_random,ridge_cell,"NK cells, Topotecan",0.21644931201037143,0.7760793651801573,0.379542038007145,1.9798503619112506
split_random,ridge_cell,"B cells, BAY 87-2243",0.61878808572585,0.8624317440934197,0.8039271996596608,1.9293597105765379
split_random,ridge_cell,"Myeloid cells, Porcn Inhibitor III",-0.0952829953838994,1.2556515488043651,-0.09522322506019983,2.60318141021162
split_random,ridge_cell,"T cells, Vorinostat",0.4053443461830603,2.10815485076169,0.4880622498966869,2.9831854083559866
split_random,ridge_cell,"T cells, BMS-265246",0.1762138729772191,1.3591580693824314,0.28217327199468994,2.5266907448418063
split_random,ridge_cell,"NK cells, Ruxolitinib",0.39720248450526396,0.6935271557558701,0.6408079116727307,1.752984816990745
split_random,ridge_cell,"T cells, Pomalidomide",-0.10925462245450883,1.3223363519848672,-0.15441948240065365,2.732754476611608
split_random,ridge_cell,"NK cells, Dovitinib",0.32969021673406473,0.7017632572236907,0.5587794946342974,1.8282652389295593
split_random,ridge_cell,"T cells, Methotrexate",-0.16443953219357915,0.7203916609550848,-0.49890359743466506,2.307361270262505
split_random,ridge_cell,"B cells, Palbociclib",0.3410743886737424,0.6190312668244305,0.5956392652141143,1.6233906130266234
split_random,ridge_cell,"Myeloid cells, Palbociclib",0.4863174506735417,0.6802658702900025,0.7518066633528182,1.6631935435978817
split_random,ridge_cell,"T cells, Palbociclib",0.3928245959600719,0.5041307437905049,0.6924146276950559,1.4433057793172295
split_random,ridge_cell,"T cells, Sgc-cbp30",0.3606168164877143,0.723630724156401,0.562111585880742,1.8149548141439058
split_random,ridge_cell,"B cells, FK 866",0.3807708177603963,0.7073348743982156,0.6180779854484285,1.7800771285413073
split_random,ridge_cell,"Myeloid cells, FK 866",0.39751935976317015,1.0855689936364095,0.601282929008447,2.181263641989372
split_random,ridge_cell,"NK cells, AT13387",0.43563367236826295,1.0411726506511212,0.6464584235961822,2.219326772113583
split_random,ridge_cell,"T cells, Perhexiline",0.6862646338492405,0.8412979743645487,0.8485065797214506,1.8810359450111849
split_random,ridge_cell,"NK cells, RVX-208",0.2024753282744746,0.6786454501065746,0.3023376511749471,1.851096415237557
split_random,ridge_cell,"NK cells, Desloratadine",0.14692270056572032,0.637687235994226,0.3145520717648954,1.756810625480805
split_random,ridge_cell,"T cells, Desloratadine",0.2523441310137342,0.53320477557302,0.48905366986565746,1.4566180122989953
split_random,ridge_cell,"Myeloid cells, Dactolisib",0.5522136268213326,1.9935162479378998,0.6596248325608407,2.9067320328545687
split_random,ridge_cell,"NK cells, Dactolisib",0.39206120326071814,0.9895080943135914,0.6051371919473763,2.227907418560206
split_random,ridge_cell,"NK cells, Amiodarone",0.23019535980473196,0.6370887165284658,0.44576414605894354,1.7558713199134366
split_random,ridge_cell,"Myeloid cells, Isoniazid",0.33009028769635756,0.5758065293748691,0.6123315411320097,1.500435673429225
split_random,ridge_cell,"B cells, Penfluridol",-0.045577458804945285,0.6662222585571194,-0.17024570299716302,1.8762099756485906
split_random,ridge_cell,"NK cells, Penfluridol",0.24371081740018302,0.6570383164030801,0.4624682764662643,1.74598279631161
split_random,ridge_cell,"T cells, Penfluridol",0.10141032418375952,0.5591719081140778,0.3647704460642633,1.597935140619261
split_random,ridge_cell,"B cells, Quizartinib",0.13340052707952088,0.6029103100594624,0.3534469485949509,1.6018450400346678
split_random,ridge_cell,"T cells, Quizartinib",0.2909146460189361,0.5402461917271126,0.5098526343943524,1.6897843933263512
split_random,ridge_cell,"NK cells, RN-486",0.06824088535622302,0.681834543055632,0.17893832769655352,1.858253070652391
split_random,ridge_cell,"T cells, RN-486",0.20356079540507616,0.5301739932002087,0.42179081510128186,1.5349309133146065
split_random,ridge_cell,"T cells, LDN 193189",0.2794985026126376,0.562227706267897,0.4815612617598386,1.6284216271046241
split_random,ridge_cell,"T cells, CHIR-99021",-0.03557961464040298,1.4888649510323808,-0.03615759830737403,2.7791503917903015
split_random,ridge_cell,"T cells, AZD3514",0.3823485711586448,0.7263661860110069,0.5551827568729623,1.8548096383216117
split_random,ridge_cell,"NK cells, CC-401",0.3720977008754027,0.6555863584502785,0.5873548296648415,1.7494424583554926
split_random,ridge_cell,"T cells, Resminostat",0.41550863604682586,2.119124314945201,0.5000338927586891,2.9863051101360765
split_random,ridge_cell,"T cells, TR-14035",0.44568880704747643,0.5252780005053049,0.6939090215355477,1.4072285622642513
split_random,ridge_cell,"NK cells, Nilotinib",0.33632004268178006,0.6991283721308592,0.5702298230472028,1.7814327854660565
split_random,ridge_cell,"T cells, AT 7867",0.31063148333508367,0.8401001588530285,0.5652377115303453,1.9240463200123614
split_random,ridge_cell,"T cells, OSI-930",-0.007403475833035928,0.6009461293362026,-0.06634202794399909,1.7580132814469869
split_random,ridge_cell,"T cells, Saracatinib",0.6790155239758815,0.7275735544634002,0.8554858447559485,1.6264142222965954
split_random,ridge_cell,"B cells, TGX 221",0.6777473400734859,0.7342743283312239,0.8618620514413774,1.7096107239155238
split_random,ridge_cell,"T cells, Pitavastatin Calcium",-0.1455718831889183,1.6513656998172146,-0.20968215174341648,2.896305484188252
split_random,ridge_cell,"T cells, PRT-062607",0.7343069455697875,0.8583788565300313,0.8666035338297536,1.810141188791296
split_random,ridge_cell,"T cells, AZ628",0.6550440384476457,0.6268269535657115,0.8473473978666269,1.5762657964368694
split_random,ridge_cell,"NK cells, Nefazodone",0.27302338883115834,0.6284296148706477,0.46882052353025117,1.7753762486042102
split_random,ridge_cell,"NK cells, MGCD-265",0.19071106207406086,0.6264826264836125,0.41769010807839735,1.7532617045138448
split_random,ridge_cell,"T cells, GSK-1070916",0.4536708930050994,0.5350287560193152,0.6907336367127026,1.4815311013445127
split_random,ridge_cell,"NK cells, Clemastine",0.23362867230241713,0.6354248867951745,0.37541179858709617,1.7386033248416444
split_random,ridge_cell,"NK cells, CEP-37440",0.29418790444568477,0.6566500149510468,0.4591248505920674,1.8037951237562821
split_random,ridge_cell,"T cells, Vandetanib",0.2759193541246788,0.5218528919718076,0.5251636501317247,1.4665689320313195
split_random,ridge_cell,"NK cells, Imatinib",0.240648184129688,0.64578303394861,0.45001797663531945,1.774156764150139
split_random,ridge_cell,"NK cells, SCH-58261",0.1265979442758589,0.6524013809694511,0.2543178927385535,1.8155562512537948
split_random,ridge_cell,"T cells, Tosedostat",0.4395781741972204,0.7083899570346227,0.6919949298255338,1.7731869599502124
split_random,ridge_cell,"T cells, Colchicine",0.2616897306430371,0.9374040363138657,0.47470620617972714,2.242112991566913
split_random,ridge_cell,"T cells, Mometasone Furoate",0.55884249873757,1.3544461801693464,0.6971871268830474,2.4738991566526076
split_random,ridge_cell,"B cells, BX 912",0.582772521214237,0.6487096149820459,0.7947753680619107,1.5807163013653904
split_random,ridge_cell,"NK cells, GLPG0634",0.4093792089057784,0.6883406763443722,0.6515754562632693,1.7628166015686422
split_random,ridge_cell,"NK cells, Mubritinib (TAK 165)",0.32250935886943277,0.8083825575600933,0.5606937859845947,1.996085145035333
split_random,ridge_cell,"NK cells, HYDROXYUREA",0.13794954481906713,0.6355270917290123,0.3373122766928298,1.7384015688027907
split_random,ridge_cell,"T cells, HYDROXYUREA",0.04318260999401033,0.5872715427306916,-0.027499625830828888,1.7579597709387933
split_random,ridge_cell,"B cells, Clomipramine",0.21167330564593687,0.6027253404950298,0.3728532575569488,1.6665476330721598
split_random,ridge_cell,"Myeloid cells, Protriptyline",0.17773563873792916,0.5764969027731024,0.4003295752325202,1.5664527709590566
split_random,ridge_cell,"B cells, Phenylbutazone",0.21241793377124113,0.5636211763901187,0.396457913889702,1.592777427405659
split_random,ridge_cell,"Myeloid cells, Phenylbutazone",0.024513046351231117,0.648847631971216,0.11604797037900799,1.7183082012117379
split_random,ridge_cell,"Myeloid cells, Vorinostat",0.39806939077173936,1.7804931833867226,0.5274216572807954,2.7820431563671226
split_random,ridge_cell,"Myeloid cells, AVL-292",0.48513063188522865,0.8397387304545186,0.7442280689250003,1.8781990387459888
split_random,ridge_cell,"B cells, LY2090314",0.015021778352856188,1.1867005450787433,0.0320785948601381,2.470365816218736
split_random,ridge_cell,"Myeloid cells, Dasatinib",0.5544041461890381,1.4238732264335965,0.7185941152912949,2.425829993763441
split_random,ridge_cell,"Myeloid cells, Perhexiline",0.5171636184787636,0.8420956086713427,0.7328481845693634,1.8884228479020482
split_random,ridge_cell,"B cells, Ketoconazole",-0.09072870482043434,0.996399516257668,-0.17354190483577017,2.3923322975349324
split_random,ridge_cell,"B cells, Desloratadine",0.17811470598144183,0.5961254190561743,0.27577564905509927,1.6264665573549233
split_random,ridge_cell,"B cells, IKK Inhibitor VII",0.6506264969325032,0.8852179166224569,0.8241948646409084,1.8746914924600662
split_random,ridge_cell,"B cells, Canertinib",0.29403080162761763,0.7145171320068009,0.5083947432566767,1.8432483712703909
split_random,ridge_cell,"B cells, Alogliptin",0.08698905995886035,0.6385302493769798,0.1243377920699723,1.81089530392767
split_random,ridge_cell,"B cells, Resminostat",0.4216630848914775,1.6191181072158827,0.5517826554859895,2.6427199030964417
split_random,ridge_cell,"B cells, OSI-930",0.12393923872590384,0.5989294273685262,0.3406117693055477,1.6411912879221031
split_random,ridge_cell,"B cells, Saracatinib",0.6998343504793383,0.928304681850704,0.858163534601776,1.9780874848760623
split_random,ridge_cell,"B cells, Lamivudine",0.3615496992947409,0.5901603555828864,0.6479714348328495,1.5693333116957682
split_random,ridge_cell,"B cells, CGM-097",-0.11763134866519065,1.1422948461943483,-0.19131460079903329,2.4643427152280584
split_random,ridge_cell,"Myeloid cells, CGM-097",0.029174499957820677,1.2719928938867484,0.093227859755762,2.48507661047509
split_random,ridge_cell,"B cells, GSK-1070916",0.4295523584501538,0.5634321033517644,0.6650499172475871,1.5035712547001823
split_random,ridge_cell,"Myeloid cells, Vandetanib",0.24962091304802783,0.7742386743670198,0.4613389740573572,1.85571295797527
split_random,ridge_cell,"B cells, Imatinib",0.17332327786101293,0.5781149064649012,0.4118623852118644,1.667673549779242
split_random,ridge_cell,"Myeloid cells, Imatinib",0.18041184059067628,0.5653611464931435,0.51251743024621,1.5217199761950018
split_random,ridge_cell,"B cells, ABT-199 (GDC-0199)",-0.12181791813234788,1.0627569028015733,-0.2546045873372121,2.323965457620483
split_random,ridge_cell,"Myeloid cells, ABT-199 (GDC-0199)",0.021242019221713898,0.6408385350975604,0.12660039732544023,1.7715035307044884
split_random,ridge_cell,"B cells, Tipifarnib",0.44436344521108,0.5976553994655832,0.6557807379569566,1.5855637218463665
split_random,ridge_cell,"B cells, PF-03814735",0.6321236558848314,1.1006332023508905,0.7944471252937331,2.182215097646379
split_random,ridge_cell,"Myeloid cells, PF-03814735",0.7076416908190751,1.7250254956491025,0.801794263796295,2.6250286378649736
split_random,ridge_cell,"B cells, AZD4547",0.25832049330012613,0.5826380239865728,0.5050860887007868,1.6373691205062744
split_random,ridge_drug_fp,"T cells, Ganetespib (STA-9090)",0.6602466311558913,1.7169684913736334,0.7408133234415151,2.34894894734707
split_random,ridge_drug_fp,"B cells, Sunitinib",0.324019484754725,0.837241451069768,0.5504722317914954,1.8890074902075489
split_random,ridge_drug_fp,"Myeloid cells, Sunitinib",0.18847565848034015,0.7272514601545248,0.4529255038195733,1.6755216236366084
split_random,ridge_drug_fp,"B cells, Tamatinib",0.5414809432516315,1.0741056179892159,0.7390848604767912,1.7950070931530875
split_random,ridge_drug_fp,"NK cells, Tamatinib",0.39049990302674664,0.9943997530187045,0.6097732908932981,1.6052362870987256
split_random,ridge_drug_fp,"Myeloid cells, Linagliptin",0.052116602743365444,0.7286788970146605,0.1193054768061851,1.917010098558929
split_random,ridge_drug_fp,"Myeloid cells, 5-(9-Isopropyl-8-methyl-2-morpholino-9H-purin-6-yl)pyrimidin-2-amine",0.5432550204388162,1.3734941522826767,0.6896398034078551,2.162438705054232
split_random,ridge_drug_fp,"B cells, Foretinib",0.487638104415289,1.0045017316160854,0.6824084142274781,1.987397904841871
split_random,ridge_drug_fp,"B cells, GW843682X",0.293701203624607,0.6494334578536662,0.4775728702920845,1.6376470482486454
split_random,ridge_drug_fp,"NK cells, GW843682X",0.14261155533104897,0.7266397008166919,0.2789492955931195,1.800474875456644
split_random,ridge_drug_fp,"B cells, IN1451",0.7455342957059675,1.1573784957010969,0.9003409329480941,1.242642748214302
split_random,ridge_drug_fp,"Myeloid cells, Topotecan",0.42552724435978284,1.3625865623744897,0.5566990318453766,2.297864555006099
split_random,ridge_drug_fp,"NK cells, Topotecan",0.41214872551042175,0.8184891274207032,0.6509668835965807,1.594086658209184
split_random,ridge_drug_fp,"B cells, BAY 87-2243",0.4329126650021485,1.0143265000569737,0.6209802974175958,1.8380965650936403
split_random,ridge_drug_fp,"Myeloid cells, Porcn Inhibitor III",0.22850980382133182,1.1467644132338233,0.3664531948163855,2.3920559049793955
split_random,ridge_drug_fp,"T cells, Vorinostat",0.7840053486011036,1.564906459724173,0.8348339595228713,2.171259094366115
split_random,ridge_drug_fp,"T cells, BMS-265246",0.6471970583853296,1.0539496195117004,0.8030340007392754,1.784432546538444
split_random,ridge_drug_fp,"NK cells, Ruxolitinib",0.2673705896758197,0.9467565155887089,0.4868914725874864,1.6941387298632118
split_random,ridge_drug_fp,"T cells, Pomalidomide",0.5497707349042195,1.0492588299766368,0.7280948695818459,2.076733414015004
split_random,ridge_drug_fp,"NK cells, Dovitinib",0.2647274881576925,0.801420203785199,0.44358957831376494,1.7766073815522636
split_random,ridge_drug_fp,"T cells, Methotrexate",0.35552317979990444,0.5863340317127484,0.6446974205042918,1.4851235279691832
split_random,ridge_drug_fp,"B cells, Palbociclib",0.07238964807087389,0.7946263179101891,0.21266717817536593,1.8571707199839873
split_random,ridge_drug_fp,"Myeloid cells, Palbociclib",0.18049677258617688,0.8482350413144721,0.3806515944120795,1.913516466398593
split_random,ridge_drug_fp,"T cells, Palbociclib",0.20117402670191295,0.6583332803335252,0.5580481897598801,1.5284728228650726
split_random,ridge_drug_fp,"T cells, Sgc-cbp30",0.36757020784926764,0.7504129060820942,0.6007611749224405,1.7209119365328893
split_random,ridge_drug_fp,"B cells, FK 866",0.36489309155903005,0.7712367011055027,0.6502147554045262,1.618894905547359
split_random,ridge_drug_fp,"Myeloid cells, FK 866",0.3762537358937246,1.1006058637346634,0.568570697314516,2.097829779664348
split_random,ridge_drug_fp,"NK cells, AT13387",0.5243847219812642,1.1431595591240735,0.7655473791353855,1.5393678328395026
split_random,ridge_drug_fp,"T cells, Perhexiline",0.5673916530237443,0.8499496282812902,0.7852001055077601,1.6621414601976532
split_random,ridge_drug_fp,"NK cells, RVX-208",0.29357889173991464,0.7588486090910705,0.48963721652401426,1.6216297949841005
split_random,ridge_drug_fp,"NK cells, Desloratadine",0.05840868455631825,0.7431662046013847,0.07678660172878599,1.8201826791213795
split_random,ridge_drug_fp,"T cells, Desloratadine",0.18233870750272535,0.6051501475122508,0.4057281390698074,1.517578241401446
split_random,ridge_drug_fp,"Myeloid cells, Dactolisib",0.5840856257123683,1.7608262748753323,0.6728649974089568,2.4267428287929818
split_random,ridge_drug_fp,"NK cells, Dactolisib",0.5738003359404349,1.0360432503534314,0.7616226656400548,1.515900640579984
split_random,ridge_drug_fp,"NK cells, Amiodarone",0.08107635001186074,0.7091262152641601,0.11111412479867835,1.8365880137903257
split_random,ridge_drug_fp,"Myeloid cells, Isoniazid",0.13040441981361867,0.6141119867463063,0.21879724970406925,1.7382075621563564
split_random,ridge_drug_fp,"B cells, Penfluridol",0.06142965876420244,0.7426644201283646,0.1787913956796413,1.7808056855613263
split_random,ridge_drug_fp,"NK cells, Penfluridol",0.1382533956911687,0.7908244310461938,0.3270452391134029,1.7533960348821322
split_random,ridge_drug_fp,"T cells, Penfluridol",0.14066655211445128,0.6584619136507337,0.2939644340616137,1.6185710864530471
split_random,ridge_drug_fp,"B cells, Quizartinib",0.09200593277136655,0.6897195073580771,0.24000378143094186,1.6586856076964456
split_random,ridge_drug_fp,"T cells, Quizartinib",0.16101503828540553,0.6523510634811085,0.35527035976063576,1.7382053524931789
split_random,ridge_drug_fp,"NK cells, RN-486",-0.0018189356485922676,0.7891897461717103,0.04843921658059748,1.9151580789836191
split_random,ridge_drug_fp,"T cells, RN-486",0.0672590295977771,0.6262838188240076,0.09398395514727112,1.6690860809176093
split_random,ridge_drug_fp,"T cells, LDN 193189",0.26988033849153975,0.5856564542462384,0.5992888001843015,1.5036857326725772
split_random,ridge_drug_fp,"T cells, CHIR-99021",0.5037954764953185,1.2542390014861104,0.6967680504553152,2.2771985202695286
split_random,ridge_drug_fp,"T cells, AZD3514",0.48513180852187626,0.6937259517345737,0.7324010171602054,1.5843262267443878
split_random,ridge_drug_fp,"NK cells, CC-401",0.29766994819662246,0.7788975937158792,0.4856034037914456,1.6702754500769805
split_random,ridge_drug_fp,"T cells, Resminostat",0.6551848420275099,1.70844914743188,0.7426445721503743,2.2873210930314145
split_random,ridge_drug_fp,"T cells, TR-14035",0.33738702031782675,0.5694678513286435,0.5836976847144567,1.5134979692365524
split_random,ridge_drug_fp,"NK cells, Nilotinib",0.25751911850107406,0.8672205813586465,0.46863460615530556,1.735628110053641
split_random,ridge_drug_fp,"T cells, AT 7867",0.28431870577126955,0.9009211984631957,0.5014505682688234,1.8691816254355966
split_random,ridge_drug_fp,"T cells, OSI-930",0.14210556403645458,0.6073518993038732,0.2944947510138029,1.6077189517148378
split_random,ridge_drug_fp,"T cells, Saracatinib",0.5084098418249856,0.858638145290076,0.7458308077300911,1.4630249375401487
split_random,ridge_drug_fp,"B cells, TGX 221",0.44663634411148834,0.8330708434249653,0.6716730657030286,1.7517492854611858
split_random,ridge_drug_fp,"T cells, Pitavastatin Calcium",0.5672024777887901,1.3099103099269063,0.7374462955728714,1.9648618044253636
split_random,ridge_drug_fp,"T cells, PRT-062607",0.5738026633409176,0.8915512592738156,0.7926519007922116,1.5403598655438278
split_random,ridge_drug_fp,"T cells, AZ628",0.4948811093979364,0.7091773914131275,0.7533403661686876,1.4954612969232466
split_random,ridge_drug_fp,"NK cells, Nefazodone",0.11665978353313744,0.6887864353702055,0.14317519475845233,1.858353167536457
split_random,ridge_drug_fp,"NK cells, MGCD-265",0.07047422296290867,0.7182730142344579,0.09972618732944023,1.824829558268923
split_random,ridge_drug_fp,"T cells, GSK-1070916",0.3240274136021966,0.6400119874467648,0.5973270736290586,1.4723839844905322
split_random,ridge_drug_fp,"NK cells, Clemastine",0.17001224871859633,0.6986199220014615,0.26689178841737515,1.746105126102521
split_random,ridge_drug_fp,"NK cells, CEP-37440",0.2518157278619826,0.7400890770359374,0.41174279329896446,1.7210792846730847
split_random,ridge_drug_fp,"T cells, Vandetanib",0.1634545129636969,0.6161874987211435,0.5247247418716149,1.459259806087881
split_random,ridge_drug_fp,"NK cells, Imatinib",0.07662682422096827,0.7528964568846738,0.1484349541080596,1.8508828199226972
split_random,ridge_drug_fp,"NK cells, SCH-58261",0.10149139443130532,0.6969785728409454,0.1314998768806971,1.8479577326986367
split_random,ridge_drug_fp,"T cells, Tosedostat",0.42997556918026064,0.7298328841481996,0.6915349710384183,1.619559402242986
split_random,ridge_drug_fp,"T cells, Colchicine",0.4265240453934095,1.0371557982922395,0.7226073272975196,1.7102557663494886
split_random,ridge_drug_fp,"T cells, Mometasone Furoate",0.6078436196665413,1.2012572568290074,0.7631711096314581,1.9140323730934312
split_random,ridge_drug_fp,"B cells, BX 912",0.36981809269479954,0.7619717777075284,0.6360215529209078,1.6521674486996116
split_random,ridge_drug_fp,"NK cells, GLPG0634",0.25736406610410717,0.8377259447665274,0.4591300954986951,1.7365575964861242
split_random,ridge_drug_fp,"NK cells, Mubritinib (TAK 165)",0.38586096843399986,0.8753992779860691,0.6299792965758834,1.6761391993341752
split_random,ridge_drug_fp,"NK cells, HYDROXYUREA",0.051426759867183904,0.7064730974232812,0.12505454273279845,1.794319084205838
split_random,ridge_drug_fp,"T cells, HYDROXYUREA",0.14771004812638028,0.5713355129379675,0.24011174261883875,1.6497942433993047
split_random,ridge_drug_fp,"B cells, Clomipramine",0.21454727060449374,0.616372207758315,0.39211196284609273,1.6545386442395655
split_random,ridge_drug_fp,"Myeloid cells, Protriptyline",0.15994862408888896,0.5529834865733785,0.2792453596796459,1.6455168777071292
split_random,ridge_drug_fp,"B cells, Phenylbutazone",0.1104315986796862,0.5983550445257017,0.09103033116234184,1.7026094015652438
split_random,ridge_drug_fp,"Myeloid cells, Phenylbutazone",0.15804594766170982,0.5952850806346702,0.23210219110099845,1.6613083344776383
split_random,ridge_drug_fp,"Myeloid cells, Vorinostat",0.48606800238693415,1.6549000726379512,0.60529437130636,2.435195411029722
split_random,ridge_drug_fp,"Myeloid cells, AVL-292",0.22362885449168568,0.9914669906591834,0.4097498080793184,2.070202586801842
split_random,ridge_drug_fp,"B cells, LY2090314",0.5378975142282112,1.1770865809726248,0.7623928130440277,1.5794347168613199
split_random,ridge_drug_fp,"Myeloid cells, Dasatinib",0.4694511776356288,1.40437052447392,0.6203782911084809,2.2788512861781074
split_random,ridge_drug_fp,"Myeloid cells, Perhexiline",0.3486334565362368,0.9574224705219,0.5718720134358388,1.9059832278926927
split_random,ridge_drug_fp,"B cells, Ketoconazole",0.5286479949906293,0.8534002779741342,0.7136058928480578,1.5476555513462216
split_random,ridge_drug_fp,"B cells, Desloratadine",0.11107541668425595,0.6672880318304205,0.15498667286104367,1.6828731291688968
split_random,ridge_drug_fp,"B cells, IKK Inhibitor VII",0.4325516154678718,0.9940368612762177,0.642043904349181,1.8342616885649972
split_random,ridge_drug_fp,"B cells, Canertinib",0.3580623737587082,0.734636520258978,0.5738688887929432,1.6632744297228996
split_random,ridge_drug_fp,"B cells, Alogliptin",0.1207585878293489,0.6301477051275459,0.12424552578959769,1.823270854975616
split_random,ridge_drug_fp,"B cells, Resminostat",0.5722591912102015,1.4296677902255932,0.7130462152762137,2.040131947824779
split_random,ridge_drug_fp,"B cells, OSI-930",0.14223885443372197,0.6393315929519681,0.30958413860505213,1.6394901917581217
split_random,ridge_drug_fp,"B cells, Saracatinib",0.42065419254549363,1.0754412426674425,0.6475723817091587,1.9483876700608342
split_random,ridge_drug_fp,"B cells, Lamivudine",0.17441066953047407,0.6603676441474297,0.3051463235624233,1.7482269371563453
split_random,ridge_drug_fp,"B cells, CGM-097",0.5183092329965219,0.9510542529821927,0.7341444448561179,1.6390455848328005
split_random,ridge_drug_fp,"Myeloid cells, CGM-097",0.4107955676991094,1.1703247360908327,0.5607535566873753,2.045707594279203
split_random,ridge_drug_fp,"B cells, GSK-1070916",0.2112976103073076,0.7068526601258663,0.3608237997792804,1.6307911103087767
split_random,ridge_drug_fp,"Myeloid cells, Vandetanib",0.05628905231409234,0.8755484620013516,0.18458663785147714,1.9858586490882348
split_random,ridge_drug_fp,"B cells, Imatinib",0.11281691927688925,0.6399590484894928,0.12754866110834487,1.7712369367888725
split_random,ridge_drug_fp,"Myeloid cells, Imatinib",0.20408687992558408,0.5833632723781252,0.44422032698348307,1.5366227060090722
split_random,ridge_drug_fp,"B cells, ABT-199 (GDC-0199)",0.08827798398320928,1.0191044145759518,0.15785177123803726,2.175112533892519
split_random,ridge_drug_fp,"Myeloid cells, ABT-199 (GDC-0199)",0.11045406009309,0.6310556661764144,0.3203379268664071,1.6815940686762514
split_random,ridge_drug_fp,"B cells, Tipifarnib",0.308266732865341,0.6905950645628917,0.47818073676194167,1.6634390176504432
split_random,ridge_drug_fp,"B cells, PF-03814735",0.5493855892319534,1.0705443533354069,0.7271793666846762,1.9143006448633912
split_random,ridge_drug_fp,"Myeloid cells, PF-03814735",0.4963487072993574,1.7120121211800492,0.614247733666647,2.5305981062635623
split_random,ridge_drug_fp,"B cells, AZD4547",0.12527277632183884,0.6407795109382493,0.18736280479745368,1.7775351162339237
split_random,ridge_cell_drug_fp,"T cells, Ganetespib (STA-9090)",0.7146664363437938,1.6288301245536674,0.7834286462185223,2.230809791278512
split_random,ridge_cell_drug_fp,"B cells, Sunitinib",0.4473200925335034,0.7834525946400749,0.7033516401983804,1.6937424913048764
split_random,ridge_cell_drug_fp,"Myeloid cells, Sunitinib",0.15772136018994773,0.7744768552599184,0.43020056359131287,1.6796338816313925
split_random,ridge_cell_drug_fp,"B cells, Tamatinib",0.6330361553610805,0.9675761543019548,0.8131060940644553,1.610538508701486
split_random,ridge_cell_drug_fp,"NK cells, Tamatinib",0.4410556752854975,0.9042388398768579,0.6628029155524388,1.5270871292700379
split_random,ridge_cell_drug_fp,"Myeloid cells, Linagliptin",0.08177348042011638,0.7693008536964421,0.160591213881658,1.9080183445872083
split_random,ridge_cell_drug_fp,"Myeloid cells, 5-(9-Isopropyl-8-methyl-2-morpholino-9H-purin-6-yl)pyrimidin-2-amine",0.5816413613692522,1.3293285807711177,0.731318592799976,2.073895150542668
split_random,ridge_cell_drug_fp,"B cells, Foretinib",0.6062580878970608,0.9228567888783692,0.7928836834784999,1.8006468121886767
split_random,ridge_cell_drug_fp,"B cells, GW843682X",0.3302427248119661,0.6449975419356607,0.5277503385947563,1.581499666505784
split_random,ridge_cell_drug_fp,"NK cells, GW843682X",0.18417742761371206,0.7132951926848242,0.37378343818047033,1.7358865397883791
split_random,ridge_cell_drug_fp,"B cells, IN1451",0.7633583866493538,1.120636764190646,0.9081410677813939,1.1909715532769183
split_random,ridge_cell_drug_fp,"Myeloid cells, Topotecan",0.44313749555380844,1.3499404884194874,0.5825750926200215,2.2627155238538164
split_random,ridge_cell_drug_fp,"NK cells, Topotecan",0.42898004219690766,0.8090886806582006,0.6760769083088944,1.5586343275165973
split_random,ridge_cell_drug_fp,"B cells, BAY 87-2243",0.5227427828879253,0.9426269226225024,0.7215574021505466,1.64015475229117
split_random,ridge_cell_drug_fp,"Myeloid cells, Porcn Inhibitor III",0.19182285530321036,1.1763899035561143,0.29314641331426705,2.425034518085764
split_random,ridge_cell_drug_fp,"T cells, Vorinostat",0.8074535517837802,1.5066514509726305,0.851655923481067,2.09046211692068
split_random,ridge_cell_drug_fp,"T cells, BMS-265246",0.6586921180187985,1.0391148557102343,0.8134365377897343,1.7437956991523957
split_random,ridge_cell_drug_fp,"NK cells, Ruxolitinib",0.3199235588213496,0.8587411495648264,0.5668953835494814,1.6049784476039803
split_random,ridge_cell_drug_fp,"T cells, Pomalidomide",0.5283226016706355,1.0606132127483225,0.7066523202329081,2.086877056193945
split_random,ridge_cell_drug_fp,"NK cells, Dovitinib",0.2974527727002654,0.7735828551537388,0.5061483178745497,1.7155253369688983
split_random,ridge_cell_drug_fp,"T cells, Methotrexate",0.25447595725488437,0.6329449111292528,0.4942282072736931,1.687876149676467
split_random,ridge_cell_drug_fp,"B cells, Palbociclib",0.21405386704193535,0.7587845058831849,0.48113401579027004,1.6734516647222355
split_random,ridge_cell_drug_fp,"Myeloid cells, Palbociclib",0.3819498854380356,0.7769275093116883,0.6887963571262098,1.607702439432102
split_random,ridge_cell_drug_fp,"T cells, Palbociclib",0.3285232694829531,0.623779429931167,0.6720321751962886,1.3812365680700631
split_random,ridge_cell_drug_fp,"T cells, Sgc-cbp30",0.4139389871276812,0.749010795600234,0.6681497461388209,1.6122626471626809
split_random,ridge_cell_drug_fp,"B cells, FK 866",0.44892938378007075,0.7294523702914198,0.7409077127248361,1.4725807316451422
split_random,ridge_cell_drug_fp,"Myeloid cells, FK 866",0.5057498994127649,1.0185196330844213,0.7185193225429061,1.89851484154899
split_random,ridge_cell_drug_fp,"NK cells, AT13387",0.5523297357442468,1.0727668097844556,0.7914373212246674,1.4768664552481163
split_random,ridge_cell_drug_fp,"T cells, Perhexiline",0.6598251435280434,0.7739488975925574,0.8443199932334443,1.4823184591704257
split_random,ridge_cell_drug_fp,"NK cells, RVX-208",0.33427540534888356,0.7298502366077201,0.5707888311301714,1.5414000284780642
split_random,ridge_cell_drug_fp,"NK cells, Desloratadine",0.09735723901249003,0.7622675894647201,0.23060465054261012,1.756127245703233
split_random,ridge_cell_drug_fp,"T cells, Desloratadine",0.2691452284472625,0.6263309350064682,0.5394025467854355,1.39110290156001
split_random,ridge_cell_drug_fp,"Myeloid cells, Dactolisib",0.6506048734133177,1.6629369335204034,0.7393305175016197,2.2925288294748043
split_random,ridge_cell_drug_fp,"NK cells, Dactolisib",0.5918354500289752,0.9644793171413601,0.7852071578572988,1.448316810084465
split_random,ridge_cell_drug_fp,"NK cells, Amiodarone",0.107927611678352,0.7104297118170376,0.22152699259382752,1.8006860553454571
split_random,ridge_cell_drug_fp,"Myeloid cells, Isoniazid",0.3086363572302129,0.5991050889414442,0.5750425176755971,1.5058268203239982
split_random,ridge_cell_drug_fp,"B cells, Penfluridol",0.07686502810764749,0.7570913838870026,0.2187528613486154,1.760593496059576
split_random,ridge_cell_drug_fp,"NK cells, Penfluridol",0.17345746216816982,0.7856932629231786,0.3954778142155706,1.708028028439517
split_random,ridge_cell_drug_fp,"T cells, Penfluridol",0.1655635399293069,0.6675743146085453,0.39821181310581466,1.5520068001704248
split_random,ridge_cell_drug_fp,"B cells, Quizartinib",0.1502105051584819,0.7031957118617528,0.3513508897755486,1.5921503926355283
split_random,ridge_cell_drug_fp,"T cells, Quizartinib",0.25839588404791286,0.6367177401897364,0.5114755998629222,1.622158795467803
split_random,ridge_cell_drug_fp,"NK cells, RN-486",0.08408619252380105,0.7743395790716473,0.2529665076165557,1.8269144867245017
split_random,ridge_cell_drug_fp,"T cells, RN-486",0.16947690303378438,0.6142368953260078,0.32296419005036825,1.576443711746837
split_random,ridge_cell_drug_fp,"T cells, LDN 193189",0.3508973391465228,0.5744515411693354,0.6571831381608806,1.4274983272035566
split_random,ridge_cell_drug_fp,"T cells, CHIR-99021",0.5357302434755814,1.2250254908325549,0.7238545215912677,2.19597246866372
split_random,ridge_cell_drug_fp,"T cells, AZD3514",0.5399093433494027,0.668763341127525,0.7806373720130391,1.4897514407557926
split_random,ridge_cell_drug_fp,"NK cells, CC-401",0.34515656432945097,0.7373306585522196,0.5480473393016685,1.6104520859194396
split_random,ridge_cell_drug_fp,"T cells, Resminostat",0.6972739108818538,1.634273868223796,0.7762221255984533,2.187302558308039
split_random,ridge_cell_drug_fp,"T cells, TR-14035",0.4412929292336068,0.5473216242416442,0.6878965319985466,1.3557554698377203
split_random,ridge_cell_drug_fp,"NK cells, Nilotinib",0.291213734166391,0.8061831598137391,0.5073248910582244,1.695695710336002
split_random,ridge_cell_drug_fp,"T cells, AT 7867",0.3401601301743697,0.8817207354649264,0.5853634257005044,1.77993273199409
split_random,ridge_cell_drug_fp,"T cells, OSI-930",0.14798971069527078,0.6634755359107468,0.2818282237063395,1.6237528139478548
split_random,ridge_cell_drug_fp,"T cells, Saracatinib",0.6131213938043991,0.7718558649073806,0.8212398988009199,1.255220346530175
split_random,ridge_cell_drug_fp,"B cells, TGX 221",0.584869692012279,0.7453730033764978,0.8043479028943205,1.498272462435473
split_random,ridge_cell_drug_fp,"T cells, Pitavastatin Calcium",0.5775329230871675,1.297556839010392,0.7401248771571486,1.9524150177462094
split_random,ridge_cell_drug_fp,"T cells, PRT-062607",0.6813351201463663,0.7850475052647122,0.8612836924612219,1.3414008529567436
split_random,ridge_cell_drug_fp,"T cells, AZ628",0.5967659817360977,0.6466379637383564,0.8205707153524366,1.3280978715147969
split_random,ridge_cell_drug_fp,"NK cells, Nefazodone",0.17953243590320833,0.6779926041605618,0.28210352480332357,1.8100828005741774
split_random,ridge_cell_drug_fp,"NK cells, MGCD-265",0.1490395589692933,0.684732783802208,0.31917324311244183,1.7416666458783874
split_random,ridge_cell_drug_fp,"T cells, GSK-1070916",0.4297527247334556,0.6253543571307904,0.6571653265000033,1.326341459757233
split_random,ridge_cell_drug_fp,"NK cells, Clemastine",0.20622518987353997,0.6788775797865918,0.3759449962062724,1.700352010574604
split_random,ridge_cell_drug_fp,"NK cells, CEP-37440",0.2807883432612767,0.7148481627995538,0.4697267852146364,1.6863909284246974
split_random,ridge_cell_drug_fp,"T cells, Vandetanib",0.2483323518305426,0.6072638005063155,0.6229899227410424,1.3591814000533964
split_random,ridge_cell_drug_fp,"NK cells, Imatinib",0.13431268607070085,0.7165718126731144,0.2690943666128655,1.8046124367567937
split_random,ridge_cell_drug_fp,"NK cells, SCH-58261",0.17542800784138782,0.6932850189614456,0.2672256107219798,1.7967528685028786
split_random,ridge_cell_drug_fp,"T cells, Tosedostat",0.5211415729131856,0.6883375133237437,0.7791268823362306,1.4641134301000036
split_random,ridge_cell_drug_fp,"T cells, Colchicine",0.46546375084474834,1.00003474880638,0.7603823380394864,1.6268105885076747
split_random,ridge_cell_drug_fp,"T cells, Mometasone Furoate",0.6611717331685297,1.1318919645142413,0.8066401866087425,1.7983092294050331
split_random,ridge_cell_drug_fp,"B cells, BX 912",0.49755444019399864,0.7000190041215978,0.753488546120916,1.4479119154270748
split_random,ridge_cell_drug_fp,"NK cells, GLPG0634",0.31789372270689303,0.771472195240805,0.5605313329702628,1.6619094906173482
split_random,ridge_cell_drug_fp,"NK cells, Mubritinib (TAK 165)",0.3945320605307594,0.8583577162268097,0.6380631469879705,1.670042876394543
split_random,ridge_cell_drug_fp,"NK cells, HYDROXYUREA",0.12286609867548406,0.689223689948028,0.34060491841408647,1.714387150699582
split_random,ridge_cell_drug_fp,"T cells, HYDROXYUREA",0.16696930319751457,0.6031643156510358,0.2846568894313887,1.6384925674770778
split_random,ridge_cell_drug_fp,"B cells, Clomipramine",0.2695945212002078,0.6250653608482127,0.45425535081055407,1.5921259035241955
split_random,ridge_cell_drug_fp,"Myeloid cells, Protriptyline",0.26278573128934923,0.5696101556719924,0.5490910385473753,1.4598606108219634
split_random,ridge_cell_drug_fp,"B cells, Phenylbutazone",0.18456061407716529,0.6061649075889007,0.23264827254934511,1.6477942971562354
split_random,ridge_cell_drug_fp,"Myeloid cells, Phenylbutazone",0.14533920186746593,0.6476638119700497,0.29939799638174275,1.644745409867207
split_random,ridge_cell_drug_fp,"Myeloid cells, Vorinostat",0.5519363787602013,1.5778330202627087,0.6747535586929191,2.3123229173487982
split_random,ridge_cell_drug_fp,"Myeloid cells, AVL-292",0.3987298793499607,0.9076812209133682,0.6776899314753259,1.7833348569626597
split_random,ridge_cell_drug_fp,"B cells, LY2090314",0.5433054582989554,1.1722285277902544,0.7649894707782662,1.5702513079317046
split_random,ridge_cell_drug_fp,"Myeloid cells, Dasatinib",0.5767789703523043,1.3085822264902842,0.7318709804933438,2.1134842378727776
split_random,ridge_cell_drug_fp,"Myeloid cells, Perhexiline",0.4676805952267957,0.8923638730264617,0.7105769746808346,1.6974168730345216
split_random,ridge_cell_drug_fp,"B cells, Ketoconazole",0.5377360093500155,0.8420680669919368,0.7211206549009634,1.533041169668771
split_random,ridge_cell_drug_fp,"B cells, Desloratadine",0.16465118224296452,0.7014515433883396,0.2575655732783397,1.626430241528034
split_random,ridge_cell_drug_fp,"B cells, IKK Inhibitor VII",0.5450277986403024,0.9053991498831815,0.7549302540854309,1.628652939623898
split_random,ridge_cell_drug_fp,"B cells, Canertinib",0.40436507313388237,0.7281994855580641,0.6333352826600646,1.5715029327504095
split_random,ridge_cell_drug_fp,"B cells, Alogliptin",0.13083976313476528,0.6574337457251684,0.12201241758805574,1.8205427597622652
split_random,ridge_cell_drug_fp,"B cells, Resminostat",0.6314230582383362,1.3440496889527156,0.765424049708761,1.899492177044408
split_random,ridge_cell_drug_fp,"B cells, OSI-930",0.19336590974529777,0.6713792682515747,0.42780051725945967,1.559818290689058
split_random,ridge_cell_drug_fp,"B cells, Saracatinib",0.5377121774135811,0.9761562079862672,0.7661753025712122,1.7177348457589696
split_random,ridge_cell_drug_fp,"B cells, Lamivudine",0.2835785519277693,0.6496112813156639,0.5488949965617168,1.6072124186722592
split_random,ridge_cell_drug_fp,"B cells, CGM-097",0.5074796390224883,0.9592390231112665,0.7198415471201979,1.6673449936633042
split_random,ridge_cell_drug_fp,"Myeloid cells, CGM-097",0.42885068732872395,1.1674153100843951,0.5828575309009203,2.0094994300499525
split_random,ridge_cell_drug_fp,"B cells, GSK-1070916",0.3345167234260354,0.6827562716955845,0.5459188021654768,1.4768754695203548
split_random,ridge_cell_drug_fp,"Myeloid cells, Vandetanib",0.1439426294885773,0.88529114508148,0.34068708291285693,1.9035048795411509
split_random,ridge_cell_drug_fp,"B cells, Imatinib",0.14861533601040064,0.6531202450697193,0.2915974265267152,1.702299166627884
split_random,ridge_cell_drug_fp,"Myeloid cells, Imatinib",0.24305164533063509,0.6082682338780963,0.5276208205305436,1.4641647547103578
split_random,ridge_cell_drug_fp,"B cells, ABT-199 (GDC-0199)",0.10282206118167067,1.0325608798753,0.1760170126667338,2.1638451121079063
split_random,ridge_cell_drug_fp,"Myeloid cells, ABT-199 (GDC-0199)",0.1309169514541234,0.6847008820834274,0.38374372839268084,1.6299925752411268
split_random,ridge_cell_drug_fp,"B cells, Tipifarnib",0.40557569840124075,0.6654732398734873,0.5905382071877394,1.531490073187426
split_random,ridge_cell_drug_fp,"B cells, PF-03814735",0.6531112133682748,0.9665084699888449,0.8154065902220249,1.6966365430135628
split_random,ridge_cell_drug_fp,"Myeloid cells, PF-03814735",0.6428373111963837,1.5568543765793437,0.757679422742587,2.294351162259536
split_random,ridge_cell_drug_fp,"B cells, AZD4547",0.22330725838097434,0.6295197397575408,0.3844671364903391,1.6736245944704602
split_cell_heldout,ridge_cell,"Myeloid cells, MK-5108",0.10389884604242214,0.6024153718258543,0.23847543328117457,1.751158575810865
split_cell_heldout,ridge_cell,"Myeloid cells, Ganetespib (STA-9090)",0.3975180403434655,1.4579154039106565,0.5556472716901611,2.548348366559892
split_cell_heldout,ridge_cell,"Myeloid cells, Sunitinib",0.08786275565910652,0.676612723176978,0.23293762197206924,1.8055880999581333
split_cell_heldout,ridge_cell,"Myeloid cells, Tivozanib",0.0968004406321383,0.7720743359709992,0.18225832398540298,2.0138862058404565
split_cell_heldout,ridge_cell,"Myeloid cells, Tamatinib",0.33082632058358885,1.3611032450867075,0.4880970568706712,2.5259452518127077
split_cell_heldout,ridge_cell,"Myeloid cells, Linagliptin",-0.06727624364047327,0.7277106196568368,-0.1474357346514104,1.9792046132675738
split_cell_heldout,ridge_cell,"Myeloid cells, 5-(9-Isopropyl-8-methyl-2-morpholino-9H-purin-6-yl)pyrimidin-2-amine",0.38976816167632583,1.5551201479745658,0.5348911595328191,2.6967159115160917
split_cell_heldout,ridge_cell,"Myeloid cells, O-Demethylated Adapalene",0.10562893956501568,0.8233490398259933,0.19446126848252962,2.231893662349192
split_cell_heldout,ridge_cell,"Myeloid cells, I-BET151",0.3006548442392953,1.7400946378937372,0.4194531967032281,2.822381659016001
split_cell_heldout,ridge_cell,"Myeloid cells, GW843682X",0.050556031622157216,0.75690738336293,0.13911548160437537,2.073528665859635
split_cell_heldout,ridge_cell,"Myeloid cells, IN1451",0.24291334366208897,2.409328040038857,0.3029826093688116,3.2370540470618234
split_cell_heldout,ridge_cell,"Myeloid cells, Raloxifene",-0.042128868908844895,1.0079061802021791,-0.025243636847177495,2.271017041994997
split_cell_heldout,ridge_cell,"Myeloid cells, Topotecan",0.12104486142503612,1.4929388475894905,0.2011805213925895,2.6451960882158394
split_cell_heldout,ridge_cell,"Myeloid cells, BAY 87-2243",0.18949318907958201,1.4340944467920926,0.2487419356671829,2.594109571245713
split_cell_heldout,ridge_cell,"Myeloid cells, Porcn Inhibitor III",-0.1567944140649771,1.230160768802006,-0.22538714804490328,2.57518415886424
split_cell_heldout,ridge_cell,"Myeloid cells, TL_HRAS26",0.00768322957383285,0.6433672897543702,-0.01452788589553219,1.9650233827327577
split_cell_heldout,ridge_cell,"Myeloid cells, BMS-265246",0.058735890498836325,1.7432862046648432,0.12929280006467334,2.8759929276058736
split_cell_heldout,ridge_cell,"Myeloid cells, Pomalidomide",-0.030296089203510318,1.086765444462897,0.04796318296230839,2.546234267399581
split_cell_heldout,ridge_cell,"Myeloid cells, Dovitinib",-0.008300321772789004,0.9651143148295662,0.08215730906750675,2.279370764722
split_cell_heldout,ridge_cell,"Myeloid cells, Navitoclax",-0.2255578862699315,0.9295203488674165,-0.3493444169432244,2.1797886206888304
split_cell_heldout,ridge_cell,"Myeloid cells, Methotrexate",0.0525234666241874,0.9312144520964488,0.1156078169529755,2.14011512116456
split_cell_heldout,ridge_cell,"Myeloid cells, Palbociclib",0.16636105955649527,0.7749513640613717,0.3693507658346915,1.9831337578252048
split_cell_heldout,ridge_cell,"Myeloid cells, AMD-070 (hydrochloride)",0.09530027264230782,0.7547829627680425,0.20475012366935874,2.035943887745268
split_cell_heldout,ridge_cell,"Myeloid cells, FK 866",0.1311018132308104,1.1697945385674051,0.22052474526007124,2.376767412277774
split_cell_heldout,ridge_cell,"Myeloid cells, Scriptaid",0.2517028729521301,1.9078928563544102,0.35341427776467654,2.945909203741138
split_cell_heldout,ridge_cell,"Myeloid cells, Dactolisib",0.4259454974026009,2.07782260698495,0.5332567379904908,3.0338655298030766
split_cell_heldout,ridge_cell,"Myeloid cells, Isoniazid",0.08804332403326998,0.611692894861008,0.15712645642162865,1.7603314225808453
split_cell_heldout,ridge_cell,"Myeloid cells, Idelalisib",0.11920136718345266,0.9802983921925943,0.24183179264884075,2.1460760026507164
split_cell_heldout,ridge_cell,"Myeloid cells, Penfluridol",0.04003407662453948,0.7437742959915467,0.1419923608297763,1.874520698029685
split_cell_heldout,ridge_cell,"Myeloid cells, Quizartinib",0.10205217770661401,0.7924594936558556,0.18413794659955438,2.2351101714975163
split_cell_heldout,ridge_cell,"Myeloid cells, PD-0325901",0.16780008348644743,1.3823660784443026,0.2633628563115021,2.57991300375082
split_cell_heldout,ridge_cell,"Myeloid cells, LDN 193189",-0.0805911256054408,0.8173462601047868,-0.07700226032958224,2.070728648219518
split_cell_heldout,ridge_cell,"Myeloid cells, Riociguat",0.21365264280242116,0.5840908798582766,0.42412554379967554,1.6816523342948224
split_cell_heldout,ridge_cell,"Myeloid cells, CHIR-99021",-0.06495282215188054,1.24373199123462,-0.11091728919709322,2.4735648343846988
split_cell_heldout,ridge_cell,"Myeloid cells, BI-D1870",0.11438320405332081,0.8778757823941609,0.26904208434680804,2.1084360941455493
split_cell_heldout,ridge_cell,"Myeloid cells, Crizotinib",0.3393499234404774,0.9358697515649242,0.5073491997552193,2.1701024794522525
split_cell_heldout,ridge_cell,"Myeloid cells, Azacitidine",0.10289540880679265,0.6156340414470594,0.29315507420806997,1.7217819787638011
split_cell_heldout,ridge_cell,"Myeloid cells, TR-14035",0.16635194374506113,0.6165046660659718,0.30324524205841064,1.78323836890735
split_cell_heldout,ridge_cell,"Myeloid cells, AT 7867",0.10397261466558982,1.3285953355509634,0.2232010244342843,2.531843606831695
split_cell_heldout,ridge_cell,"Myeloid cells, GO-6976",0.010570852314121184,1.176090648196839,0.04918654923310225,2.352449218431289
split_cell_heldout,ridge_cell,"Myeloid cells, TGX 221",0.32521397623833825,0.9528254435486524,0.521263551730547,2.1605509413260817
split_cell_heldout,ridge_cell,"Myeloid cells, Pitavastatin Calcium",-0.057279928133946105,2.3523252055218227,-0.05676811319090942,3.232339077341762
split_cell_heldout,ridge_cell,"Myeloid cells, ABT737",-0.06642255326858093,0.9745327595911953,-0.03147738513374736,2.2842243110776272
split_cell_heldout,ridge_cell,"Myeloid cells, PRT-062607",0.3482954275390072,1.4386996936277303,0.48942240273936494,2.579058024797164
split_cell_heldout,ridge_cell,"Myeloid cells, AZ628",0.18388851023288605,0.9797358150241081,0.3111227252954586,2.1803559090867783
split_cell_heldout,ridge_cell,"Myeloid cells, Masitinib",0.23635212770512012,0.729960131618058,0.48722717345398353,1.937548605465521
split_cell_heldout,ridge_cell,"Myeloid cells, STK219801",0.21794024501142847,0.6459434739337265,0.35697171771897074,1.9014479955720192
split_cell_heldout,ridge_cell,"Myeloid cells, Ricolinostat",0.046668250259335305,1.181833239811637,0.1080393699974411,2.437063782630553
split_cell_heldout,ridge_cell,"Myeloid cells, Midostaurin",0.17351422038051612,1.1500067636030087,0.303000475497041,2.3900265941562346
split_cell_heldout,ridge_cell,"Myeloid cells, CEP-37440",0.0515997949924766,0.9564942955793164,0.12755914893765785,2.2410081812810607
split_cell_heldout,ridge_cell,"Myeloid cells, R428",0.17947850892486772,2.044604438486791,0.25387472965349916,3.0412977663012355
split_cell_heldout,ridge_cell,"Myeloid cells, Oxybenzone",0.11083549929099044,0.5488768383476312,0.20341641024644144,1.669198644063795
split_cell_heldout,ridge_cell,"Myeloid cells, Tivantinib",0.17943862773073405,0.8195296271547631,0.34000424133423435,2.055947740997848
split_cell_heldout,ridge_cell,"Myeloid cells, Colchicine",0.1352302809963498,2.468365484385234,0.17945127747093403,3.2846137737401104
split_cell_heldout,ridge_cell,"Myeloid cells, BX 912",0.21364152485611518,0.8366392371455612,0.37306540854157394,2.0278262126913504
split_cell_heldout,ridge_cell,"Myeloid cells, Selumetinib",0.2132260645686891,1.0609838266836635,0.3638599781858813,2.313777906249991
split_cell_heldout,ridge_cell,"Myeloid cells, RG7090",-0.04408263090366228,0.88347518608905,-0.003549864523906471,2.1145675967035285
split_cell_heldout,ridge_cell,"Myeloid cells, GLPG0634",0.2882740868131172,0.9066437537818068,0.5395891754071825,2.0883386656012726
split_cell_heldout,ridge_cell,"Myeloid cells, TIE2 Kinase Inhibitor",-0.022567979097931287,0.6796968053903162,-0.012207294911787497,1.9194605813023637
split_cell_heldout,ridge_cell,"Myeloid cells, Lapatinib",-0.13176617428639262,0.694725725144164,-0.20095713150939354,1.9999469648966506
split_cell_heldout,ridge_cell,"Myeloid cells, Atorvastatin",-0.057368965160204954,0.7602312554499389,-0.14151173749169133,2.1377650073587375
split_cell_heldout,ridge_cell,"Myeloid cells, Clomipramine",0.2188872502452469,0.662633838032406,0.4576465442267924,1.8139356121534151
split_cell_heldout,ridge_cell,"Myeloid cells, Ixabepilone",0.09658040420020692,0.6708183821335527,0.08483973997154427,1.9003101238495936
split_cell_heldout,ridge_cell,"Myeloid cells, Protriptyline",-0.007269348926276478,0.5736159515903508,-0.1559246457746449,1.7713090797296767
split_cell_heldout,ridge_cell,"Myeloid cells, Phenylbutazone",-0.019658351908508218,0.6036774804799822,-0.09594401502920535,1.735038740526688
split_cell_heldout,ridge_cell,"Myeloid cells, K-02288",-0.02974271983226385,1.0072714110368768,-0.03243874247624268,2.3197272020521864
split_cell_heldout,ridge_cell,"Myeloid cells, BMS-777607",0.15863570640125804,0.7777780789473525,0.2840793709914597,2.0256826028886157
split_cell_heldout,ridge_cell,"Myeloid cells, Vorinostat",0.2615102531694481,1.8442128548466308,0.37298795476568813,2.8913566320873545
split_cell_heldout,ridge_cell,"Myeloid cells, Ruxolitinib",0.3073316815372324,1.4640362504358713,0.4656331604978585,2.660218873490876
split_cell_heldout,ridge_cell,"Myeloid cells, AVL-292",0.18334053760941593,0.9389965796793154,0.33845009630322953,2.173463123385563
split_cell_heldout,ridge_cell,"Myeloid cells, Trametinib",-0.008874807913617706,1.4589115528539187,-0.004580915659922299,2.6605964114496246
split_cell_heldout,ridge_cell,"Myeloid cells, Sgc-cbp30",0.2225310636665191,0.9707176711793459,0.4034518516701467,2.165198651498881
split_cell_heldout,ridge_cell,"Myeloid cells, Chlorpheniramine",0.03513188370242609,0.5675392190023216,-0.035108825160533375,1.7420625412724298
split_cell_heldout,ridge_cell,"Myeloid cells, BAY 61-3606",0.3290034356267121,1.888865941158006,0.43285743618631317,2.9074041711819514
split_cell_heldout,ridge_cell,"Myeloid cells, LY2090314",0.09728362480055876,2.1436721164408095,0.14262137907546354,3.104658017136869
split_cell_heldout,ridge_cell,"Myeloid cells, Vardenafil",0.09168260491600527,0.7097688718897236,0.24744241962474517,1.8537305390653251
split_cell_heldout,ridge_cell,"Myeloid cells, Dasatinib",0.4007498592565794,1.5107462772979092,0.5507393628307022,2.58442231892563
split_cell_heldout,ridge_cell,"Myeloid cells, AT13387",0.3622031132226762,1.3214706779475345,0.5151381513930736,2.4073693871370696
split_cell_heldout,ridge_cell,"Myeloid cells, Perhexiline",0.32133812966474967,0.9210488936521273,0.5198073794367614,2.1069975932957625
split_cell_heldout,ridge_cell,"Myeloid cells, RVX-208",0.20199970153314692,0.8915435921744281,0.35779844642456415,2.0977027036027818
split_cell_heldout,ridge_cell,"Myeloid cells, Ketoconazole",-0.10889274128614286,1.4192525614397102,-0.20587438843799555,2.6683385294233113
split_cell_heldout,ridge_cell,"Myeloid cells, Disulfiram",-0.020525209073831804,0.6593784185492584,-0.09686764930318359,1.9323455475602125
split_cell_heldout,ridge_cell,"Myeloid cells, Flutamide",0.16342175694007186,0.6074134015578396,0.2762184621852856,1.7623450780503944
split_cell_heldout,ridge_cell,"Myeloid cells, Desloratadine",0.08540101430588529,0.6347859067813403,0.1467429600250191,1.7500956152520082
split_cell_heldout,ridge_cell,"Myeloid cells, BMS-536924",0.35296702310083444,1.0551090693198788,0.5455359635950009,2.1908013448057657
split_cell_heldout,ridge_cell,"Myeloid cells, IKK Inhibitor VII",0.24065006817475112,1.5276469547972544,0.3775559530552846,2.740611078134734
split_cell_heldout,ridge_cell,"Myeloid cells, Amiodarone",0.02099398365004201,0.6524330742936404,0.02965868503240598,1.8808264496888063
split_cell_heldout,ridge_cell,"Myeloid cells, IMD-0354",0.32949007889053245,1.545515575933449,0.4681287104494006,2.666896121336567
split_cell_heldout,ridge_cell,"Myeloid cells, Alogliptin",-0.0102749995126354,0.607965452187811,-0.020539653811257077,1.7320428926886695
split_cell_heldout,ridge_cell,"Myeloid cells, RN-486",0.15763732552531515,0.7430404754067805,0.2775433849119283,1.9710922673654045
split_cell_heldout,ridge_cell,"Myeloid cells, Decitabine",0.20430969209995972,0.5253334511334768,0.4152465267789295,1.658113327788694
split_cell_heldout,ridge_cell,"Myeloid cells, Cabozantinib",0.0710918992027642,0.7627999254012605,0.2141870938132099,1.9084837182189154
split_cell_heldout,ridge_cell,"Myeloid cells, Defactinib",0.2764885340713012,1.0301335802818732,0.4810763702058134,2.1937442315680244
split_cell_heldout,ridge_cell,"Myeloid cells, AZD3514",0.3035602628270366,0.8119609458338178,0.5395445855615869,1.9823115043248556
split_cell_heldout,ridge_cell,"Myeloid cells, HMN-214",0.07347096577907558,0.8647998339974926,0.07802858584258444,2.0673447575595736
split_cell_heldout,ridge_cell,"Myeloid cells, CC-401",0.3638726932079394,0.9014352518931451,0.5526387181583167,2.0399626477229873
split_cell_heldout,ridge_cell,"Myeloid cells, Resminostat",0.2787212340070677,1.9421050910267383,0.3853533931222091,2.898355597151232
split_cell_heldout,ridge_cell,"Myeloid cells, Nilotinib",0.20947176835221623,1.1842811082882265,0.34141803197522197,2.4113294931514644
split_cell_heldout,ridge_cell,"Myeloid cells, OSI-930",0.07128419508155502,0.6914576429554125,0.11960403219625873,1.8099154247742304
split_cell_heldout,ridge_cell,"Myeloid cells, Saracatinib",0.4041484743735903,1.4222735507284634,0.5455229121154991,2.510142713569981
split_cell_heldout,ridge_cell,"Myeloid cells, RG7112",0.24972177047464056,0.7560216343725036,0.4584685950648358,2.181467069745429
split_cell_heldout,ridge_cell,"Myeloid cells, Lamivudine",0.14765756983096884,0.6989421591163528,0.33525648116900725,1.8428427444858964
split_cell_heldout,ridge_cell,"Myeloid cells, AZD-8330",0.1862573717400804,1.144335429239705,0.34062039419431894,2.4055706351988357
split_cell_heldout,ridge_cell,"Myeloid cells, Ceritinib",0.22342159186017807,0.9496371697109359,0.41802617638015394,2.244949263988472
split_cell_heldout,ridge_cell,"Myeloid cells, CGM-097",-0.10637770488473779,1.2788158656748525,-0.11970827611433497,2.5241224146313033
split_cell_heldout,ridge_cell,"Myeloid cells, SLx-2119",0.03502214873173766,0.6494417469031724,-0.044519678526725615,2.0679609030233728
split_cell_heldout,ridge_cell,"Myeloid cells, Nefazodone",0.2015212488459142,0.5414392557192045,0.4693147295371385,1.6313869917021784
split_cell_heldout,ridge_cell,"Myeloid cells, TPCA-1",0.3095779265182932,1.423604551228682,0.4596389371361907,2.5774156872575746
split_cell_heldout,ridge_cell,"Myeloid cells, MGCD-265",0.2566941077563208,0.600585957648204,0.4396113723953844,1.676042707817407
split_cell_heldout,ridge_cell,"Myeloid cells, GSK-1070916",0.1457483357474919,0.7914125955213888,0.3247837269556181,1.9265123459548097
split_cell_heldout,ridge_cell,"Myeloid cells, Bosutinib",0.35477771283831755,1.6543697388510052,0.47171320293136454,2.766500334416172
split_cell_heldout,ridge_cell,"Myeloid cells, Clemastine",0.18589584425690397,0.6730410757884264,0.418494614951334,1.787527738292997
split_cell_heldout,ridge_cell,"Myeloid cells, YK 4-279",-0.01819939030366061,0.6497473683867027,-0.11889359300764314,1.796845778874145
split_cell_heldout,ridge_cell,"Myeloid cells, Buspirone",0.15902496050672732,0.5555886605668382,0.3167803800598854,1.6175463436183077
split_cell_heldout,ridge_cell,"Myeloid cells, GSK256066",0.010434179806223897,1.1143442005442812,0.032781123446433164,2.4613349004542666
split_cell_heldout,ridge_cell,"Myeloid cells, Vandetanib",0.1404442647155479,0.784584776805247,0.2875712241238071,1.9652560033706192
split_cell_heldout,ridge_cell,"Myeloid cells, Imatinib",0.0893051987269231,0.540772167719258,0.2627693375344633,1.6285974649789348
split_cell_heldout,ridge_cell,"Myeloid cells, SCH-58261",0.23223122541943653,0.6403649236774509,0.5044047049492615,1.722719054175698
split_cell_heldout,ridge_cell,"Myeloid cells, Colforsin",0.04980397855231609,0.6924504265269762,0.005957273814464161,1.995730589600775
split_cell_heldout,ridge_cell,"Myeloid cells, Tosedostat",0.30923155051618995,0.9823349175498575,0.46807678922655216,2.1631899593205794
split_cell_heldout,ridge_cell,"Myeloid cells, ABT-199 (GDC-0199)",-0.06454030929587529,0.6040607141283515,-0.07060194205165213,1.8133324929918873
split_cell_heldout,ridge_cell,"Myeloid cells, Mometasone Furoate",0.3899491111597696,1.913903918034477,0.5133912413367959,2.8794045866912295
split_cell_heldout,ridge_cell,"Myeloid cells, Tipifarnib",0.30190923548853615,0.8029131121176023,0.5552597315969263,1.9318754710660067
split_cell_heldout,ridge_cell,"Myeloid cells, Doxorubicin",0.14927419667997635,2.338934016979319,0.1956426597405642,3.1836200000127395
split_cell_heldout,ridge_cell,"Myeloid cells, PF-03814735",0.42212391267112503,1.871277325520717,0.5387718429217468,2.8484528086619845
split_cell_heldout,ridge_cell,"Myeloid cells, AZD4547",0.17262454177772327,0.6702335014620348,0.36125556059271186,1.876496645205991
split_cell_heldout,ridge_cell,"Myeloid cells, Prednisolone",0.3138023077779087,1.5646508027715802,0.43566536942755507,2.6869201336173947
split_cell_heldout,ridge_cell,"Myeloid cells, Tacalcitol",0.17350338194928833,2.2104259364857692,0.22781743696526743,3.149814375302167
split_cell_heldout,ridge_cell,"Myeloid cells, Clotrimazole",0.07938994109090135,0.7541658901314019,0.14261241583897002,1.9486364126047124
split_cell_heldout,ridge_cell,"Myeloid cells, Mubritinib (TAK 165)",0.046374476074186044,1.172790273826591,0.07958339094089802,2.449140602721276
split_cell_heldout,ridge_cell,"Myeloid cells, Vanoxerine",0.2947403680541755,0.5973513313941639,0.48695534987468064,1.6686714127992899
split_cell_heldout,ridge_cell,"Myeloid cells, SB525334",-0.12100379390431465,1.2834430342548209,-0.17603063246803902,2.595700636504829
split_cell_heldout,ridge_cell,"Myeloid cells, HYDROXYUREA",0.1438738721325321,0.6248260397799529,0.220287250664846,1.7755469730582116
split_cell_heldout,ridge_drug_fp,"Myeloid cells, MK-5108",0.2501829022647419,0.5937555949845006,0.4461040248743016,1.6434771915736464
split_cell_heldout,ridge_drug_fp,"Myeloid cells, Ganetespib (STA-9090)",0.42141645593003707,1.5420063633405783,0.587033297266129,2.1909707027705183
split_cell_heldout,ridge_drug_fp,"Myeloid cells, Sunitinib",0.18040256452257336,0.7383475242868485,0.4482887855459939,1.6771463086033473
split_cell_heldout,ridge_drug_fp,"Myeloid cells, Tivozanib",0.18321313117178872,0.7969682866082649,0.36587632778304735,1.92326864863162
split_cell_heldout,ridge_drug_fp,"Myeloid cells, Tamatinib",0.41687699262367395,1.30684654800029,0.5786876798991138,2.237592486644082
split_cell_heldout,ridge_drug_fp,"Myeloid cells, Linagliptin",0.04686819104211564,0.7293281005670723,0.10233919136688667,1.922530229098792
split_cell_heldout,ridge_drug_fp,"Myeloid cells, 5-(9-Isopropyl-8-methyl-2-morpholino-9H-purin-6-yl)pyrimidin-2-amine",0.5412482159824128,1.3760132339215896,0.6876996898697274,2.1646684267441882
split_cell_heldout,ridge_drug_fp,"Myeloid cells, O-Demethylated Adapalene",0.15776278552217438,0.843055805038059,0.28414527191355243,2.178678451925375
split_cell_heldout,ridge_drug_fp,"Myeloid cells, I-BET151",0.52460318473844,1.5421648732569975,0.6616859974199785,2.257910441090469
split_cell_heldout,ridge_drug_fp,"Myeloid cells, GW843682X",0.22129492215716215,0.7449471404698247,0.3701625027522548,1.9128602579127838
split_cell_heldout,ridge_drug_fp,"Myeloid cells, IN1451",0.6810893932044363,1.8148538376058132,0.7784871086116125,2.271520419541
split_cell_heldout,ridge_drug_fp,"Myeloid cells, Raloxifene",0.1451892932529981,1.0035293511517822,0.22946944913607362,2.1967531298983936
split_cell_heldout,ridge_drug_fp,"Myeloid cells, Topotecan",0.42572983909542683,1.3604631863151717,0.5633977079665813,2.3176819184514157
split_cell_heldout,ridge_drug_fp,"Myeloid cells, BAY 87-2243",0.3119226244440312,1.4282679258189885,0.3996956452290616,2.415662479346579
split_cell_heldout,ridge_drug_fp,"Myeloid cells, Porcn Inhibitor III",0.23150594389547868,1.145728775629111,0.3705945242811546,2.3895845248407634
split_cell_heldout,ridge_drug_fp,"Myeloid cells, TL_HRAS26",0.12161492169533507,0.6552751553425386,0.3657828986119912,1.8496188280969141
split_cell_heldout,ridge_drug_fp,"Myeloid cells, BMS-265246",0.4360450545012751,1.5734470746806464,0.5650683133803388,2.4822807336371295
split_cell_heldout,ridge_drug_fp,"Myeloid cells, Pomalidomide",0.24635283747524633,1.1040366808281727,0.4136542733854258,2.308042672532502
split_cell_heldout,ridge_drug_fp,"Myeloid cells, Dovitinib",0.12369910404119379,1.025621044568265,0.2885183200760632,2.189659352395842
split_cell_heldout,ridge_drug_fp,"Myeloid cells, Navitoclax",0.25063644765322585,0.8447486980181298,0.4273645728409502,1.906962238387747
split_cell_heldout,ridge_drug_fp,"Myeloid cells, Methotrexate",0.15874821748465176,0.9273712208331331,0.2680553160080712,2.06593188371093
split_cell_heldout,ridge_drug_fp,"Myeloid cells, Palbociclib",0.22018296587319233,0.7847236489239714,0.43675173052723376,1.9178874292366732
split_cell_heldout,ridge_drug_fp,"Myeloid cells, AMD-070 (hydrochloride)",0.20512574213384405,0.7521110962766535,0.4357969009299418,1.938495140649976
split_cell_heldout,ridge_drug_fp,"Myeloid cells, FK 866",0.3863996157707762,1.0901616740151634,0.5684940941640163,2.108518400162374
split_cell_heldout,ridge_drug_fp,"Myeloid cells, Scriptaid",0.4869491614175452,1.7662203139095278,0.6028848998122548,2.410594278653225
split_cell_heldout,ridge_drug_fp,"Myeloid cells, Dactolisib",0.5872181996852662,1.768923197625742,0.6687664982051109,2.480739664252885
split_cell_heldout,ridge_drug_fp,"Myeloid cells, Isoniazid",0.11374224088994657,0.6181247498028102,0.18428077307621382,1.7514537874187186
split_cell_heldout,ridge_drug_fp,"Myeloid cells, Idelalisib",0.21999273342750247,1.0322012774486582,0.38054875580193553,2.038716648479156
split_cell_heldout,ridge_drug_fp,"Myeloid cells, Penfluridol",0.17935308411784326,0.7283652032207062,0.3758778826022959,1.7930161843619283
split_cell_heldout,ridge_drug_fp,"Myeloid cells, Quizartinib",0.13498889964250163,0.8091446629622577,0.30205130988878864,2.1957986920728136
split_cell_heldout,ridge_drug_fp,"Myeloid cells, PD-0325901",0.2036745685073175,1.3999542333878718,0.3166921880999785,2.5130335499118632
split_cell_heldout,ridge_drug_fp,"Myeloid cells, LDN 193189",0.21140694939608334,0.7679415560950135,0.41683885236812646,1.8942908466638406
split_cell_heldout,ridge_drug_fp,"Myeloid cells, Riociguat",0.14894825718759408,0.622646756815782,0.32185341707462906,1.6947993089639526
split_cell_heldout,ridge_drug_fp,"Myeloid cells, CHIR-99021",0.40857742164909205,1.1142998211499966,0.5756489271300027,2.0627018997177404
split_cell_heldout,ridge_drug_fp,"Myeloid cells, BI-D1870",0.21184794055884656,0.8669160429901976,0.359085202536195,2.042225002087303
split_cell_heldout,ridge_drug_fp,"Myeloid cells, Crizotinib",0.3526211174486591,0.9513936032605917,0.5275305728642101,2.0200886452911817
split_cell_heldout,ridge_drug_fp,"Myeloid cells, Azacitidine",0.11292338566511982,0.6655650200489179,0.3325545121248967,1.6779628956543453
split_cell_heldout,ridge_drug_fp,"Myeloid cells, TR-14035",0.19709151264095712,0.6453131686671463,0.38506735910874856,1.7291375354398575
split_cell_heldout,ridge_drug_fp,"Myeloid cells, AT 7867",0.16009810003164998,1.3453171914244473,0.2787747044054926,2.481162539564302
split_cell_heldout,ridge_drug_fp,"Myeloid cells, GO-6976",0.28726010942337393,1.1128622228256801,0.45659817476575,2.156628881884278
split_cell_heldout,ridge_drug_fp,"Myeloid cells, TGX 221",0.3434110315458007,0.9713484938883798,0.5358941361966819,2.0103413310226137
split_cell_heldout,ridge_drug_fp,"Myeloid cells, Pitavastatin Calcium",0.40937625381177606,2.1228625061877775,0.4768962583972158,2.839153027326736
split_cell_heldout,ridge_drug_fp,"Myeloid cells, ABT737",0.2283065262072125,0.9311413251331844,0.4520347568817605,2.0925877958054215
split_cell_heldout,ridge_drug_fp,"Myeloid cells, PRT-062607",0.3809971428762991,1.4006147549508705,0.5285431590136789,2.3635502784319367
split_cell_heldout,ridge_drug_fp,"Myeloid cells, AZ628",0.2563127754004584,1.0157965140933671,0.43301008946293057,2.04569186084029
split_cell_heldout,ridge_drug_fp,"Myeloid cells, Masitinib",0.24190915047456404,0.7498514529957021,0.4585656867176131,1.9066507104273995
split_cell_heldout,ridge_drug_fp,"Myeloid cells, STK219801",0.3052831401595454,0.6476682109798519,0.4931516621482833,1.7102454067125556
split_cell_heldout,ridge_drug_fp,"Myeloid cells, Ricolinostat",0.4094280606369889,1.072239080556982,0.5826267920674953,2.0715208072129445
split_cell_heldout,ridge_drug_fp,"Myeloid cells, Midostaurin",0.24788397289017153,1.1646261787275776,0.43637817414147134,2.254941618764994
split_cell_heldout,ridge_drug_fp,"Myeloid cells, CEP-37440",0.1386243734269624,0.988152326333872,0.26803260666030504,2.1764397008305147
split_cell_heldout,ridge_drug_fp,"Myeloid cells, R428",0.3268750281320721,1.9619148835671931,0.41641344010901576,2.835947513640378
split_cell_heldout,ridge_drug_fp,"Myeloid cells, Oxybenzone",0.13052915706599655,0.556699851652349,0.278262479466538,1.6506290910675285
split_cell_heldout,ridge_drug_fp,"Myeloid cells, Tivantinib",0.2980381926472416,0.822645079804328,0.5212991889521258,1.878929490999672
split_cell_heldout,ridge_drug_fp,"Myeloid cells, Colchicine",0.3682887580822206,2.33522134981496,0.4304581231203142,3.0858678973869638
split_cell_heldout,ridge_drug_fp,"Myeloid cells, BX 912",0.21731445530546126,0.906148426942787,0.420854408265793,1.9442060091090396
split_cell_heldout,ridge_drug_fp,"Myeloid cells, Selumetinib",0.23545230991661875,1.0846143746861585,0.3937085539538231,2.2341203068898974
split_cell_heldout,ridge_drug_fp,"Myeloid cells, RG7090",0.2747965300543874,0.8264289025249727,0.47636365730422137,1.8922745939333965
split_cell_heldout,ridge_drug_fp,"Myeloid cells, GLPG0634",0.32409868706013695,0.9312202311385659,0.5776547746544157,1.9182371999246473
split_cell_heldout,ridge_drug_fp,"Myeloid cells, TIE2 Kinase Inhibitor",0.18259682472508845,0.6550172812972449,0.3335179972822135,1.8144885163287288
split_cell_heldout,ridge_drug_fp,"Myeloid cells, Lapatinib",0.21291166169217818,0.6598305649128803,0.43957980254413614,1.7658104774989052
split_cell_heldout,ridge_drug_fp,"Myeloid cells, Atorvastatin",0.22242195677074175,0.7176359964325748,0.4828725257757746,1.9057025715131946
split_cell_heldout,ridge_drug_fp,"Myeloid cells, Clomipramine",0.2774912357898491,0.6633598241824586,0.5319155877444666,1.7384624166548166
split_cell_heldout,ridge_drug_fp,"Myeloid cells, Ixabepilone",0.17493330883349287,0.6767806792883307,0.32552743747324026,1.7914010835029677
split_cell_heldout,ridge_drug_fp,"Myeloid cells, Protriptyline",0.15166107735057327,0.5550469944007311,0.24599524671687584,1.6580019511415718
split_cell_heldout,ridge_drug_fp,"Myeloid cells, Phenylbutazone",0.1602165387939051,0.5813864327650857,0.23931239989375244,1.6586974180663518
split_cell_heldout,ridge_drug_fp,"Myeloid cells, K-02288",0.05329362125809041,1.011965005887174,0.12401594384911202,2.2813528312191047
split_cell_heldout,ridge_drug_fp,"Myeloid cells, BMS-777607",0.16751088828411975,0.806833970429548,0.3055985941421006,1.9952748707619772
split_cell_heldout,ridge_drug_fp,"Myeloid cells, Vorinostat",0.4705053228652028,1.7069497344606255,0.5983137179241035,2.3982358504104586
split_cell_heldout,ridge_drug_fp,"Myeloid cells, Ruxolitinib",0.33626427233849593,1.4367494449289573,0.48643036394322925,2.5088803718228845
split_cell_heldout,ridge_drug_fp,"Myeloid cells, AVL-292",0.2115617499954456,0.9988747209110479,0.38747482023067653,2.0878510664638514
split_cell_heldout,ridge_drug_fp,"Myeloid cells, Trametinib",0.26403283132722744,1.390608714555694,0.3930763922687868,2.4783050771518207
split_cell_heldout,ridge_drug_fp,"Myeloid cells, Sgc-cbp30",0.2657491730678779,0.981564227295906,0.4697342583391299,2.0551296490873243
split_cell_heldout,ridge_drug_fp,"Myeloid cells, Chlorpheniramine",0.061351622518948816,0.5998148185166771,0.05410349213894346,1.7347047865030976
split_cell_heldout,ridge_drug_fp,"Myeloid cells, BAY 61-3606",0.4762551642767711,1.7229126910473362,0.5924852040818006,2.4822887890047314
split_cell_heldout,ridge_drug_fp,"Myeloid cells, LY2090314",0.20857893893478474,2.2415208439108927,0.25897874564671686,3.05537717299577
split_cell_heldout,ridge_drug_fp,"Myeloid cells, Vardenafil",0.1551510844982905,0.7237005637313363,0.28628845898843924,1.8175794761855861
split_cell_heldout,ridge_drug_fp,"Myeloid cells, Dasatinib",0.463183996467971,1.4094333332385218,0.613536024920966,2.285210390386846
split_cell_heldout,ridge_drug_fp,"Myeloid cells, AT13387",0.3442592247020779,1.5149453690315366,0.5007198158444854,2.210071544895149
split_cell_heldout,ridge_drug_fp,"Myeloid cells, Perhexiline",0.37038678919220586,0.951642801895162,0.5913458008757068,1.870239137279258
split_cell_heldout,ridge_drug_fp,"Myeloid cells, RVX-208",0.40347187820460056,0.8443257341535372,0.6015417548947335,1.8144471002777045
split_cell_heldout,ridge_drug_fp,"Myeloid cells, Ketoconazole",0.5007018319349997,1.1898662790683656,0.6478303439411615,2.0802739355043887
split_cell_heldout,ridge_drug_fp,"Myeloid cells, Disulfiram",0.1211646446877798,0.650623704841045,0.2824163000128163,1.8190760019052448
split_cell_heldout,ridge_drug_fp,"Myeloid cells, Flutamide",0.1591165710176616,0.6320739590824126,0.26445736224717903,1.7617792879457566
split_cell_heldout,ridge_drug_fp,"Myeloid cells, Desloratadine",0.18378180213271422,0.6320830027947781,0.4358111802350233,1.64787841032867
split_cell_heldout,ridge_drug_fp,"Myeloid cells, BMS-536924",0.31707798004539206,1.1206623533742428,0.504933705055426,2.03837896339316
split_cell_heldout,ridge_drug_fp,"Myeloid cells, IKK Inhibitor VII",0.3040716921188544,1.5026228460484998,0.45785461107658126,2.580214408022413
split_cell_heldout,ridge_drug_fp,"Myeloid cells, Amiodarone",0.12042299483405729,0.6607949345917862,0.1871049545773694,1.8327225462339762
split_cell_heldout,ridge_drug_fp,"Myeloid cells, IMD-0354",0.4791217194460116,1.4204141549761626,0.6226209467413513,2.2407859677087987
split_cell_heldout,ridge_drug_fp,"Myeloid cells, Alogliptin",0.16341244875672056,0.5963138787110511,0.3513936408434317,1.6367727121677906
split_cell_heldout,ridge_drug_fp,"Myeloid cells, RN-486",-0.026143386865700814,0.8236330817470459,-0.0775656120360323,2.081743652637348
split_cell_heldout,ridge_drug_fp,"Myeloid cells, Decitabine",0.13424281656492243,0.5565823788269227,0.263878599725147,1.694482473214324
split_cell_heldout,ridge_drug_fp,"Myeloid cells, Cabozantinib",0.18966247816923884,0.7611240053861639,0.3471589149238692,1.8414766757840078
split_cell_heldout,ridge_drug_fp,"Myeloid cells, Defactinib",0.3203057460427989,1.020026178305897,0.5137929917149571,2.069769594629012
split_cell_heldout,ridge_drug_fp,"Myeloid cells, AZD3514",0.373885621949481,0.8060857403917061,0.6211142242010844,1.769705512529758
split_cell_heldout,ridge_drug_fp,"Myeloid cells, HMN-214",0.3934154384948082,0.782628160328242,0.644569149509732,1.7235269710445873
split_cell_heldout,ridge_drug_fp,"Myeloid cells, CC-401",0.4506576867403828,0.8619035649257288,0.6329942875592516,1.8106405707693305
split_cell_heldout,ridge_drug_fp,"Myeloid cells, Resminostat",0.4756008022911134,1.810388093116639,0.5922693964296497,2.4037392339351666
split_cell_heldout,ridge_drug_fp,"Myeloid cells, Nilotinib",0.3080302081762865,1.1684424470304655,0.4647903559601059,2.2529745511863566
split_cell_heldout,ridge_drug_fp,"Myeloid cells, OSI-930",0.1897345542495834,0.6834738762305427,0.29085374124548,1.7225113342210743
split_cell_heldout,ridge_drug_fp,"Myeloid cells, Saracatinib",0.4923319803337794,1.310761441649644,0.631546816347492,2.2282009160251866
split_cell_heldout,ridge_drug_fp,"Myeloid cells, RG7112",0.38918354553496076,0.7242599409552334,0.5193219346751835,1.9237191362523332
split_cell_heldout,ridge_drug_fp,"Myeloid cells, Lamivudine",0.14600106517615716,0.7256623676514844,0.3361149963686797,1.8246133308645585
split_cell_heldout,ridge_drug_fp,"Myeloid cells, AZD-8330",0.19408187520047923,1.188802997716751,0.34938363613283996,2.347426544288608
split_cell_heldout,ridge_drug_fp,"Myeloid cells, Ceritinib",0.19540009830040153,0.979482364287109,0.42114915557892113,2.2090908789875288
split_cell_heldout,ridge_drug_fp,"Myeloid cells, CGM-097",0.47829700841127376,1.101232570916628,0.6249892504321507,1.9487801297919067
split_cell_heldout,ridge_drug_fp,"Myeloid cells, SLx-2119",0.17141484909509405,0.6773621943575426,0.38111724399642427,1.826116034012521
split_cell_heldout,ridge_drug_fp,"Myeloid cells, Nefazodone",0.17104710157883984,0.5764608015379401,0.24344857023025826,1.6782501227487334
split_cell_heldout,ridge_drug_fp,"Myeloid cells, TPCA-1",0.35785602278181705,1.3992507636340499,0.5188910504893487,2.368931037530458
split_cell_heldout,ridge_drug_fp,"Myeloid cells, MGCD-265",0.21879101575577298,0.6453575110761399,0.4339730988202834,1.6370027483229261
split_cell_heldout,ridge_drug_fp,"Myeloid cells, GSK-1070916",0.29767529427138145,0.7715129745861453,0.5060276516809296,1.7761971335006443
split_cell_heldout,ridge_drug_fp,"Myeloid cells, Bosutinib",0.4734815790515923,1.520194474659078,0.6086259165044818,2.433496394037218
split_cell_heldout,ridge_drug_fp,"Myeloid cells, Clemastine",0.290432198306428,0.6673832906020293,0.5056983879530849,1.71060063739304
split_cell_heldout,ridge_drug_fp,"Myeloid cells, YK 4-279",0.20359233194341075,0.6294004092001668,0.4016979759049088,1.6247886996178755
split_cell_heldout,ridge_drug_fp,"Myeloid cells, Buspirone",0.2152767985390472,0.5587528136823163,0.3232242417056765,1.5873311271146076
split_cell_heldout,ridge_drug_fp,"Myeloid cells, GSK256066",0.17886235084993135,1.141884228222503,0.29141239296634175,2.3453272286981313
split_cell_heldout,ridge_drug_fp,"Myeloid cells, Vandetanib",0.08656917627825857,0.8343926097128735,0.22336204526935816,1.9718899500738571
split_cell_heldout,ridge_drug_fp,"Myeloid cells, Imatinib",0.14693206636377268,0.5554822018415684,0.3713671952512534,1.5857687442188033
split_cell_heldout,ridge_drug_fp,"Myeloid cells, SCH-58261",0.18581292419923837,0.6706691574370658,0.3534316832854192,1.7558861916735764
split_cell_heldout,ridge_drug_fp,"Myeloid cells, Colforsin",0.14281818003856755,0.6995863099188848,0.25997618388375593,1.9268961994312852
split_cell_heldout,ridge_drug_fp,"Myeloid cells, Tosedostat",0.36637905818746236,0.9618376858609969,0.5697574260121928,2.003656709479647
split_cell_heldout,ridge_drug_fp,"Myeloid cells, ABT-199 (GDC-0199)",0.1184662131798147,0.6450002916506615,0.23851281495930984,1.7228123595048672
split_cell_heldout,ridge_drug_fp,"Myeloid cells, Mometasone Furoate",0.45416102482789494,1.7765441859029267,0.5777369585942805,2.5371632903451236
split_cell_heldout,ridge_drug_fp,"Myeloid cells, Tipifarnib",0.3460852456693412,0.8032329031489427,0.6074684748459931,1.7908636340868183
split_cell_heldout,ridge_drug_fp,"Myeloid cells, Doxorubicin",0.5334759314882032,2.0206743830401743,0.6152549990400475,2.674131725065453
split_cell_heldout,ridge_drug_fp,"Myeloid cells, PF-03814735",0.517119387436433,1.6880466676847563,0.6228096471917457,2.491722893773071
split_cell_heldout,ridge_drug_fp,"Myeloid cells, AZD4547",0.1706426365558288,0.6933350711509735,0.4461962331325245,1.81557862414485
split_cell_heldout,ridge_drug_fp,"Myeloid cells, Prednisolone",0.36126782610297026,1.5383634302089586,0.500559627937755,2.4509199353327524
split_cell_heldout,ridge_drug_fp,"Myeloid cells, Tacalcitol",0.19743792089605758,2.19527932377005,0.25975256770453725,3.111249410661812
split_cell_heldout,ridge_drug_fp,"Myeloid cells, Clotrimazole",0.16258452329828538,0.752600240857678,0.3435036001663155,1.8719445038853104
split_cell_heldout,ridge_drug_fp,"Myeloid cells, Mubritinib (TAK 165)",0.23903306842586658,1.1991561407075393,0.37671712320823153,2.2876435040602594
split_cell_heldout,ridge_drug_fp,"Myeloid cells, Vanoxerine",0.234657048278778,0.6348156866726677,0.42856417800033053,1.652281916453551
split_cell_heldout,ridge_drug_fp,"Myeloid cells, SB525334",0.4053364243307893,1.1270975797522973,0.5865424292866424,2.2274085062018316
split_cell_heldout,ridge_drug_fp,"Myeloid cells, HYDROXYUREA",0.17096395711521936,0.6344069140463273,0.24945544992006205,1.759253932946763
split_cell_heldout,ridge_cell_drug_fp,"Myeloid cells, MK-5108",0.2501570969532904,0.5937624518183018,0.44608738693959055,1.6434816066317977
split_cell_heldout,ridge_cell_drug_fp,"Myeloid cells, Ganetespib (STA-9090)",0.42142491871605575,1.5420183648509977,0.5870422446315492,2.190953131457391
split_cell_heldout,ridge_cell_drug_fp,"Myeloid cells, Sunitinib",0.18038173802364613,0.7383386353374601,0.44828388819588466,1.6771562631077448
split_cell_heldout,ridge_cell_drug_fp,"Myeloid cells, Tivozanib",0.1832628979007141,0.7969538296639057,0.36598846077882174,1.923206939038664
split_cell_heldout,ridge_cell_drug_fp,"Myeloid cells, Tamatinib",0.4168974638256889,1.306849223508541,0.5786934975943264,2.237532983143064
split_cell_heldout,ridge_cell_drug_fp,"Myeloid cells, Linagliptin",0.04686342443077452,0.7293305211126353,0.10232530147639507,1.922535537647965
split_cell_heldout,ridge_cell_drug_fp,"Myeloid cells, 5-(9-Isopropyl-8-methyl-2-morpholino-9H-purin-6-yl)pyrimidin-2-amine",0.5412401416783764,1.3760065576927574,0.6877041621075519,2.1647834495465488
split_cell_heldout,ridge_cell_drug_fp,"Myeloid cells, O-Demethylated Adapalene",0.1577862788735433,0.8430600652479601,0.2841790625835871,2.178646326577404
split_cell_heldout,ridge_cell_drug_fp,"Myeloid cells, I-BET151",0.5246087341640215,1.5421663989294068,0.6616885192837356,2.257878537735705
split_cell_heldout,ridge_cell_drug_fp,"Myeloid cells, GW843682X",0.22130295623948806,0.7449433074785529,0.37015437578867827,1.912850789541422
split_cell_heldout,ridge_cell_drug_fp,"Myeloid cells, IN1451",0.6810881067842073,1.8148512287961933,0.7784834603378507,2.2715087868954753
split_cell_heldout,ridge_cell_drug_fp,"Myeloid cells, Raloxifene",0.14515802021237736,1.0035384257557505,0.22946551659699596,2.1967572292309767
split_cell_heldout,ridge_cell_drug_fp,"Myeloid cells, Topotecan",0.4257349177750869,1.3604588755560032,0.5634070610801893,2.3176732507210724
split_cell_heldout,ridge_cell_drug_fp,"Myeloid cells, BAY 87-2243",0.31194967595781886,1.4282078204927677,0.3997414267060019,2.4156101262858884
split_cell_heldout,ridge_cell_drug_fp,"Myeloid cells, Porcn Inhibitor III",0.23143401155022364,1.145746222128167,0.37051020577333194,2.3896449588282995
split_cell_heldout,ridge_cell_drug_fp,"Myeloid cells, TL_HRAS26",0.12162066289440124,0.6552915905249036,0.36575897241719535,1.8496246755907932
split_cell_heldout,ridge_cell_drug_fp,"Myeloid cells, BMS-265246",0.4360583237280355,1.5734322104647667,0.565075715523802,2.4822720002116685
split_cell_heldout,ridge_cell_drug_fp,"Myeloid cells, Pomalidomide",0.24632282473681122,1.1040793513167777,0.41353150351128093,2.3081606695842956
split_cell_heldout,ridge_cell_drug_fp,"Myeloid cells, Dovitinib",0.12374520194244533,1.0255420693391577,0.2885761273747609,2.189602258185054
split_cell_heldout,ridge_cell_drug_fp,"Myeloid cells, Navitoclax",0.2506186720932072,0.8447551213541835,0.42734318453827674,1.9069761105048402
split_cell_heldout,ridge_cell_drug_fp,"Myeloid cells, Methotrexate",0.1587614482514613,0.9273715790067963,0.2680688824802607,2.065922518506454
split_cell_heldout,ridge_cell_drug_fp,"Myeloid cells, Palbociclib",0.22015065395099212,0.7847207549738026,0.43662992880707835,1.917935725494535
split_cell_heldout,ridge_cell_drug_fp,"Myeloid cells, AMD-070 (hydrochloride)",0.20507833086586014,0.7520804269824726,0.4357525688000925,1.9385785637055872
split_cell_heldout,ridge_cell_drug_fp,"Myeloid cells, FK 866",0.3863866421918312,1.090170124827028,0.5684758209649007,2.10851333293804
split_cell_heldout,ridge_cell_drug_fp,"Myeloid cells, Scriptaid",0.48693660345626616,1.7662660968907735,0.6028774847111315,2.410606884739523
split_cell_heldout,ridge_cell_drug_fp,"Myeloid cells, Dactolisib",0.5872199145946646,1.768891858560269,0.6687665325438866,2.4806462642182874
split_cell_heldout,ridge_cell_drug_fp,"Myeloid cells, Isoniazid",0.11383308316131145,0.6181392740201345,0.18427005581353428,1.7514518345525336
split_cell_heldout,ridge_cell_drug_fp,"Myeloid cells, Idelalisib",0.21999831735096467,1.032158925498699,0.3805594013514488,2.038710520603299
split_cell_heldout,ridge_cell_drug_fp,"Myeloid cells, Penfluridol",0.17934333139092482,0.7283684585621009,0.37587227159178044,1.7930188334388355
split_cell_heldout,ridge_cell_drug_fp,"Myeloid cells, Quizartinib",0.13537457384236767,0.8090197583033865,0.30277158944833826,2.195405626025792
split_cell_heldout,ridge_cell_drug_fp,"Myeloid cells, PD-0325901",0.20365073813513312,1.3999687411945272,0.3166620578841384,2.513054883987523
split_cell_heldout,ridge_cell_drug_fp,"Myeloid cells, LDN 193189",0.21134061294675,0.7679751467461082,0.41676284484473325,1.8943239168927146
split_cell_heldout,ridge_cell_drug_fp,"Myeloid cells, Riociguat",0.14894754836176638,0.6226432180851058,0.3218616001118349,1.6947995297064042
split_cell_heldout,ridge_cell_drug_fp,"Myeloid cells, CHIR-99021",0.40857799023695407,1.1143000024532668,0.5756501977256175,2.0626996746641324
split_cell_heldout,ridge_cell_drug_fp,"Myeloid cells, BI-D1870",0.21184879127211906,0.8669154531448651,0.3590817328166468,2.04222711645616
split_cell_heldout,ridge_cell_drug_fp,"Myeloid cells, Crizotinib",0.35269457211576966,0.9514041321337862,0.527613327067281,2.01992905506303
split_cell_heldout,ridge_cell_drug_fp,"Myeloid cells, Azacitidine",0.11281791512847536,0.665553367603578,0.332499455442798,1.678001907314227
split_cell_heldout,ridge_cell_drug_fp,"Myeloid cells, TR-14035",0.19719701701751557,0.6453281018115484,0.38527827341425613,1.7290287991736575
split_cell_heldout,ridge_cell_drug_fp,"Myeloid cells, AT 7867",0.1601516708567543,1.3453038726592963,0.2788458388707509,2.481105803863851
split_cell_heldout,ridge_cell_drug_fp,"Myeloid cells, GO-6976",0.28722027070595313,1.112879397525454,0.4565658025164255,2.156655583046246
split_cell_heldout,ridge_cell_drug_fp,"Myeloid cells, TGX 221",0.3433474335873161,0.9713114356589452,0.5358315767101042,2.01050593835257
split_cell_heldout,ridge_cell_drug_fp,"Myeloid cells, Pitavastatin Calcium",0.4093819616191596,2.1228574431989635,0.4768996638725245,2.839142991824585
split_cell_heldout,ridge_cell_drug_fp,"Myeloid cells, ABT737",0.22832044711628616,0.931133730399459,0.4520581833849637,2.0925735779827654
split_cell_heldout,ridge_cell_drug_fp,"Myeloid cells, PRT-062607",0.3809964817888423,1.4005878147636417,0.5285459930749058,2.363613699748139
split_cell_heldout,ridge_cell_drug_fp,"Myeloid cells, AZ628",0.25632583421935906,1.0157620337321596,0.43303064700376176,2.04568924810284
split_cell_heldout,ridge_cell_drug_fp,"Myeloid cells, Masitinib",0.24165969792627867,0.7498733779162576,0.45819617306814037,1.9068912872508068
split_cell_heldout,ridge_cell_drug_fp,"Myeloid cells, STK219801",0.3053301979338494,0.6476576768504249,0.4931947483815303,1.7101929569544057
split_cell_heldout,ridge_cell_drug_fp,"Myeloid cells, Ricolinostat",0.40943039984737656,1.0722487954543487,0.5826416403841851,2.0714728987423627
split_cell_heldout,ridge_cell_drug_fp,"Myeloid cells, Midostaurin",0.24787426498775356,1.1646524372100209,0.4363533327422505,2.2549375752551666
split_cell_heldout,ridge_cell_drug_fp,"Myeloid cells, CEP-37440",0.13871027430446056,0.9880120167966109,0.26815694300128745,2.1763944828202684
split_cell_heldout,ridge_cell_drug_fp,"Myeloid cells, R428",0.3221540020572704,1.9643658313909271,0.4107796982720673,2.8455008751682516
split_cell_heldout,ridge_cell_drug_fp,"Myeloid cells, Oxybenzone",0.13058216698932737,0.5567046397542145,0.278266521869359,1.6506310838083562
split_cell_heldout,ridge_cell_drug_fp,"Myeloid cells, Tivantinib",0.29799679557809444,0.8225992583186481,0.5211993097553027,1.8790752169211682
split_cell_heldout,ridge_cell_drug_fp,"Myeloid cells, Colchicine",0.36830646584316,2.3352139387908064,0.4304804397206173,3.0858609334376306
split_cell_heldout,ridge_cell_drug_fp,"Myeloid cells, BX 912",0.2173369595350452,0.906113287489863,0.42089513515537236,1.9441864438892695
split_cell_heldout,ridge_cell_drug_fp,"Myeloid cells, Selumetinib",0.2354586196609819,1.0846121133009017,0.3937160768046098,2.2341136209110393
split_cell_heldout,ridge_cell_drug_fp,"Myeloid cells, RG7090",0.274769172868881,0.8264431061572552,0.47635256821253824,1.8922842726231142
split_cell_heldout,ridge_cell_drug_fp,"Myeloid cells, GLPG0634",0.32419861333751676,0.9312179645946016,0.577735588589907,1.9180461936563593
split_cell_heldout,ridge_cell_drug_fp,"Myeloid cells, TIE2 Kinase Inhibitor",0.18258761591355196,0.6550045566220603,0.33347197338060663,1.8145052708909843
split_cell_heldout,ridge_cell_drug_fp,"Myeloid cells, Lapatinib",0.21296333701775902,0.6598182251449838,0.4396243647363682,1.765765839783106
split_cell_heldout,ridge_cell_drug_fp,"Myeloid cells, Atorvastatin",0.22238136236025816,0.7176539509133057,0.48281912201438154,1.9057297183634854
split_cell_heldout,ridge_cell_drug_fp,"Myeloid cells, Clomipramine",0.2772195416863543,0.6634297468153969,0.5315424124905255,1.7386680534935528
split_cell_heldout,ridge_cell_drug_fp,"Myeloid cells, Ixabepilone",0.17505442632442655,0.6767529344421918,0.3256851572258655,1.7913043543189322
split_cell_heldout,ridge_cell_drug_fp,"Myeloid cells, Protriptyline",0.15174926866754587,0.5550226973638205,0.24637962050748385,1.6578709255077118
split_cell_heldout,ridge_cell_drug_fp,"Myeloid cells, Phenylbutazone",0.1601678941966568,0.5813819300836994,0.2393123493483948,1.6586970114770783
split_cell_heldout,ridge_cell_drug_fp,"Myeloid cells, K-02288",0.05327174150343847,1.0119338064004655,0.12399339852780787,2.281364726459674
split_cell_heldout,ridge_cell_drug_fp,"Myeloid cells, BMS-777607",0.16744813375149284,0.8068265621377716,0.305506778149383,1.9953296682339274
split_cell_heldout,ridge_cell_drug_fp,"Myeloid cells, Vorinostat",0.4705157037394223,1.7069292138931873,0.5983199216862757,2.3982248005107385
split_cell_heldout,ridge_cell_drug_fp,"Myeloid cells, Ruxolitinib",0.33624513777520737,1.4367559652756778,0.48641056737256366,2.508920516712266
split_cell_heldout,ridge_cell_drug_fp,"Myeloid cells, AVL-292",0.2115356217409288,0.998860966291944,0.3874519194208817,2.087879801245837
split_cell_heldout,ridge_cell_drug_fp,"Myeloid cells, Trametinib",0.2641067406008152,1.3905692183368332,0.39318740796851503,2.4782419573753893
split_cell_heldout,ridge_cell_drug_fp,"Myeloid cells, Sgc-cbp30",0.26569987273603773,0.9815625552240826,0.4696680795755509,2.0552030424750725
split_cell_heldout,ridge_cell_drug_fp,"Myeloid cells, Chlorpheniramine",0.06146800180579928,0.59982439308427,0.0544007520465622,1.7346105553154954
split_cell_heldout,ridge_cell_drug_fp,"Myeloid cells, BAY 61-3606",0.47626151830486785,1.7229064096438316,0.5924889751854631,2.482275802429924
split_cell_heldout,ridge_cell_drug_fp,"Myeloid cells, LY2090314",0.20858121965283577,2.2415152924910986,0.25898179328824006,3.0553710344024556
split_cell_heldout,ridge_cell_drug_fp,"Myeloid cells, Vardenafil",0.15517740725644635,0.7236962147610259,0.2863658446327982,1.817547445766865
split_cell_heldout,ridge_cell_drug_fp,"Myeloid cells, Dasatinib",0.46318268145293084,1.40943086042464,0.6135244658119908,2.2850336912976084
split_cell_heldout,ridge_cell_drug_fp,"Myeloid cells, AT13387",0.34423188898491197,1.5148992034474025,0.500686834562039,2.2101078726428964
split_cell_heldout,ridge_cell_drug_fp,"Myeloid cells, Perhexiline",0.3704580001176098,0.9516961702168587,0.5913985578473214,1.870061036076773
split_cell_heldout,ridge_cell_drug_fp,"Myeloid cells, RVX-208",0.4034977508624007,0.8443253999887891,0.6015511728722209,1.8144011307095684
split_cell_heldout,ridge_cell_drug_fp,"Myeloid cells, Ketoconazole",0.5007008289629504,1.1898671771906548,0.6478355328740165,2.0802605672579033
split_cell_heldout,ridge_cell_drug_fp,"Myeloid cells, Disulfiram",0.12115752333717346,0.6506284941061308,0.2823970466799691,1.8190778702551238
split_cell_heldout,ridge_cell_drug_fp,"Myeloid cells, Flutamide",0.15913313432861195,0.6320695541253573,0.26452145020682594,1.7617555441845436
split_cell_heldout,ridge_cell_drug_fp,"Myeloid cells, Desloratadine",0.18371727496259138,0.6320711749608582,0.4358114692600009,1.6478218246065857
split_cell_heldout,ridge_cell_drug_fp,"Myeloid cells, BMS-536924",0.31710489236274925,1.1207188728055297,0.50494370981369,2.0383179072953705
split_cell_heldout,ridge_cell_drug_fp,"Myeloid cells, IKK Inhibitor VII",0.3040089954467823,1.5025634010836446,0.45781640279024505,2.5804621702985022
split_cell_heldout,ridge_cell_drug_fp,"Myeloid cells, Amiodarone",0.12047677999338055,0.6607579050361501,0.18733095208652792,1.8326248662143432
split_cell_heldout,ridge_cell_drug_fp,"Myeloid cells, IMD-0354",0.47911611328746145,1.420416543930963,0.6226166354749373,2.2408047863868044
split_cell_heldout,ridge_cell_drug_fp,"Myeloid cells, Alogliptin",0.16339574052948988,0.5963207581264299,0.35136495661934497,1.6367943167775099
split_cell_heldout,ridge_cell_drug_fp,"Myeloid cells, RN-486",-0.026147843427263222,0.823632004538557,-0.07754823309670927,2.0817356483976592
split_cell_heldout,ridge_cell_drug_fp,"Myeloid cells, Decitabine",0.1342838719869877,0.5565802755829792,0.26382408764798587,1.6944791892214952
split_cell_heldout,ridge_cell_drug_fp,"Myeloid cells, Cabozantinib",0.18970928768429687,0.7611054179096086,0.3471974869432533,1.841458795838096
split_cell_heldout,ridge_cell_drug_fp,"Myeloid cells, Defactinib",0.3203036031432831,1.0200285241786493,0.5137941074323165,2.0697644459580005
split_cell_heldout,ridge_cell_drug_fp,"Myeloid cells, AZD3514",0.3739371832267618,0.8060667238635079,0.6211799453648545,1.7696321297608752
split_cell_heldout,ridge_cell_drug_fp,"Myeloid cells, HMN-214",0.39336878561766864,0.7826472386479661,0.6445683092219158,1.7235561454196595
split_cell_heldout,ridge_cell_drug_fp,"Myeloid cells, CC-401",0.45062574158928753,0.8619119747592999,0.6329593930762698,1.81073453470124
split_cell_heldout,ridge_cell_drug_fp,"Myeloid cells, Resminostat",0.47559117709089993,1.8104066905500957,0.5922607263779318,2.403758459723949
split_cell_heldout,ridge_cell_drug_fp,"Myeloid cells, Nilotinib",0.3081068110823949,1.1684319617055552,0.4648502200269205,2.252857625083583
split_cell_heldout,ridge_cell_drug_fp,"Myeloid cells, OSI-930",0.18975963033241075,0.6834647694639887,0.2909235723768328,1.7224750022652207
split_cell_heldout,ridge_cell_drug_fp,"Myeloid cells, Saracatinib",0.4923296298045139,1.3107649653436189,0.6315469771435424,2.2282149991632543
split_cell_heldout,ridge_cell_drug_fp,"Myeloid cells, RG7112",0.3891532147746423,0.7242694355169179,0.5193015248924168,1.9237335639030944
split_cell_heldout,ridge_cell_drug_fp,"Myeloid cells, Lamivudine",0.14618038005377432,0.7256391205888892,0.3364430456066935,1.8244600830489792
split_cell_heldout,ridge_cell_drug_fp,"Myeloid cells, AZD-8330",0.19405783646183639,1.1888237330862925,0.34936348963036806,2.3474416635116038
split_cell_heldout,ridge_cell_drug_fp,"Myeloid cells, Ceritinib",0.19560452835092162,0.9794384444287604,0.4213350599741504,2.208910308669203
split_cell_heldout,ridge_cell_drug_fp,"Myeloid cells, CGM-097",0.47830363510058926,1.1012253710179738,0.6249902299048377,1.948777279297814
split_cell_heldout,ridge_cell_drug_fp,"Myeloid cells, SLx-2119",0.171448274227651,0.6773196423416669,0.381159349700956,1.8260937211983777
split_cell_heldout,ridge_cell_drug_fp,"Myeloid cells, Nefazodone",0.17097392404402822,0.5764464228927445,0.2433379060960636,1.6783261044023414
split_cell_heldout,ridge_cell_drug_fp,"Myeloid cells, TPCA-1",0.3578962636031172,1.3992475607994517,0.5189160119445227,2.3688455415480667
split_cell_heldout,ridge_cell_drug_fp,"Myeloid cells, MGCD-265",0.2188488467136875,0.6453776359107255,0.4340712556831263,1.6369319535843634
split_cell_heldout,ridge_cell_drug_fp,"Myeloid cells, GSK-1070916",0.297637626766453,0.7715135114594266,0.5060020349287058,1.7762519220633883
split_cell_heldout,ridge_cell_drug_fp,"Myeloid cells, Bosutinib",0.4734722454399716,1.5202020857735847,0.608623746645776,2.433498268814917
split_cell_heldout,ridge_cell_drug_fp,"Myeloid cells, Clemastine",0.290435784921145,0.6673802871096683,0.5056912397319987,1.710591321899491
split_cell_heldout,ridge_cell_drug_fp,"Myeloid cells, YK 4-279",0.2036197899640556,0.629391492813625,0.4017324393230164,1.6247751558360362
split_cell_heldout,ridge_cell_drug_fp,"Myeloid cells, Buspirone",0.21560038761733344,0.5586763448329216,0.32380350964609916,1.5870644141116907
split_cell_heldout,ridge_cell_drug_fp,"Myeloid cells, GSK256066",0.17889643998332577,1.141849962784464,0.2914577242630885,2.3452868168891956
split_cell_heldout,ridge_cell_drug_fp,"Myeloid cells, Vandetanib",0.08660260948550814,0.8343856291370096,0.22341956063743337,1.9718769875610382
split_cell_heldout,ridge_cell_drug_fp,"Myeloid cells, Imatinib",0.14690655699920055,0.5554798134424197,0.37133687249951325,1.5858171511355637
split_cell_heldout,ridge_cell_drug_fp,"Myeloid cells, SCH-58261",0.18569452961672173,0.6707170899803491,0.3531947671237144,1.7559903332344278
split_cell_heldout,ridge_cell_drug_fp,"Myeloid cells, Colforsin",0.14282917906466963,0.6995851063347024,0.25998950877647775,1.9268954883250107
split_cell_heldout,ridge_cell_drug_fp,"Myeloid cells, Tosedostat",0.3664362752233679,0.9618059897142802,0.569829926817567,2.003619758490032
split_cell_heldout,ridge_cell_drug_fp,"Myeloid cells, ABT-199 (GDC-0199)",0.1184692081420566,0.6450042570032307,0.23854485934522693,1.7227965102015848
split_cell_heldout,ridge_cell_drug_fp,"Myeloid cells, Mometasone Furoate",0.45416028575979583,1.7765480949851693,0.5777434248753535,2.537119602939927
split_cell_heldout,ridge_cell_drug_fp,"Myeloid cells, Tipifarnib",0.34606967844400655,0.8032360707445405,0.6074537039976712,1.7908859917529543
split_cell_heldout,ridge_cell_drug_fp,"Myeloid cells, Doxorubicin",0.5334873120452955,2.0206664526729505,0.6152669593576118,2.674126705273829
split_cell_heldout,ridge_cell_drug_fp,"Myeloid cells, PF-03814735",0.5171201729309599,1.6880551950665428,0.6228122076819783,2.4917566831383047
split_cell_heldout,ridge_cell_drug_fp,"Myeloid cells, AZD4547",0.17075255230484526,0.693322613499305,0.4464104207191583,1.815466097448223
split_cell_heldout,ridge_cell_drug_fp,"Myeloid cells, Prednisolone",0.3612840585936101,1.5383654861829374,0.5005680499081131,2.4508927753458307
split_cell_heldout,ridge_cell_drug_fp,"Myeloid cells, Tacalcitol",0.19745495134719232,2.195271669786185,0.2597698759943194,3.111236054933961
split_cell_heldout,ridge_cell_drug_fp,"Myeloid cells, Clotrimazole",0.1624361078893031,0.7526262747159982,0.3432675667632723,1.8720507162506024
split_cell_heldout,ridge_cell_drug_fp,"Myeloid cells, Mubritinib (TAK 165)",0.23902099627974718,1.199173781548708,0.3766997323895629,2.2876642457976426
split_cell_heldout,ridge_cell_drug_fp,"Myeloid cells, Vanoxerine",0.23451943855251464,0.6348469197063236,0.4282864435523375,1.6524178490639014
split_cell_heldout,ridge_cell_drug_fp,"Myeloid cells, SB525334",0.40527360347451635,1.1271355526766051,0.5865019903193337,2.2275036798300496
split_cell_heldout,ridge_cell_drug_fp,"Myeloid cells, HYDROXYUREA",0.17075487779263748,0.6344226401392331,0.2490611459831924,1.7594022860584964
split_scaffold_heldout,ridge_cell,"B cells, IN1451",0.2845515890057203,1.5610725231321476,0.3917533756227319,2.618344937311204
split_scaffold_heldout,ridge_cell,"Myeloid cells, IN1451",0.31618326836849714,2.369043877005399,0.3903062390367869,3.176378853390354
split_scaffold_heldout,ridge_cell,"NK cells, IN1451",0.28752057591165436,1.19846073705772,0.4610207452254183,2.341803232846283
split_scaffold_heldout,ridge_cell,"T cells, IN1451",0.29907610961604686,2.761036700952716,0.35030148378512616,3.363647153351085
split_scaffold_heldout,ridge_cell,"NK cells, K-02288",0.1979506446591594,0.6050819034697192,0.44557171897462,1.7302064721039632
split_scaffold_heldout,ridge_cell,"T cells, K-02288",0.3975537326697587,0.5063512507470705,0.6200339019650855,1.4776040048662278
split_scaffold_heldout,ridge_cell,"NK cells, BMS-777607",0.22730007677245986,0.6254267659094783,0.4166416154180435,1.715419822289369
split_scaffold_heldout,ridge_cell,"T cells, BMS-777607",0.46111575395088744,0.5089281812077987,0.7430124687088162,1.3473182043664482
split_scaffold_heldout,ridge_cell,"NK cells, Vorinostat",0.2614278723699157,1.2180164597252856,0.43231682551067224,2.4232533151248448
split_scaffold_heldout,ridge_cell,"T cells, Vorinostat",0.3954067554001939,2.1109428146449742,0.4795764482825619,2.986475243874546
split_scaffold_heldout,ridge_cell,"NK cells, Ruxolitinib",0.40806561260911733,0.690394196018093,0.6485299897211848,1.7454652159352098
split_scaffold_heldout,ridge_cell,"T cells, Ruxolitinib",0.6771208065561979,0.805287913810664,0.8535715449238886,1.7602697077158067
split_scaffold_heldout,ridge_cell,"NK cells, Vardenafil",0.2552730562942057,0.6261005157212396,0.4207602674560448,1.7787302540206955
split_scaffold_heldout,ridge_cell,"T cells, Vardenafil",0.3060269544572358,0.5359785246036818,0.5434726102108862,1.535098936610644
split_scaffold_heldout,ridge_cell,"NK cells, Flutamide",0.2717581333554528,0.6475520291369158,0.5011771072645005,1.7271050707823223
split_scaffold_heldout,ridge_cell,"T cells, Flutamide",0.10578916363720699,0.5786336876893697,0.46089946837268303,1.591928347946443
split_scaffold_heldout,ridge_cell,"NK cells, BMS-536924",0.4225861543013347,0.6897307918844631,0.6700041930831819,1.7420879096987414
split_scaffold_heldout,ridge_cell,"T cells, BMS-536924",0.734799908429324,0.9544143694263968,0.8887698946248788,1.9979901427696025
split_scaffold_heldout,ridge_cell,"NK cells, Amiodarone",0.24504519421728033,0.6343317884843396,0.4720331718243373,1.7465426701432871
split_scaffold_heldout,ridge_cell,"T cells, Amiodarone",0.30428916934272987,0.5777371104567463,0.5971541552000129,1.6911059200045624
split_scaffold_heldout,ridge_cell,"B cells, PD-0325901",0.5928498004972965,0.6993422311654113,0.8163978670228553,1.7513002512863591
split_scaffold_heldout,ridge_cell,"Myeloid cells, PD-0325901",0.5588426052979414,1.2409894451307721,0.735723407673425,2.3042257928107266
split_scaffold_heldout,ridge_cell,"NK cells, PD-0325901",0.33489239412950184,0.7437593414675693,0.5458285533986552,1.8879885031858457
split_scaffold_heldout,ridge_cell,"T cells, PD-0325901",0.6012035114012824,0.751518393212833,0.7826985862571367,1.8072431288487536
split_scaffold_heldout,ridge_cell,"NK cells, Decitabine",0.18168492591191723,0.6144187485047162,0.34439244957316373,1.7001103862662177
split_scaffold_heldout,ridge_cell,"T cells, Decitabine",0.2801766047458053,0.5077076643360551,0.4256758638901293,1.5702440959279362
split_scaffold_heldout,ridge_cell,"NK cells, AZD3514",0.2612302826668465,0.6446563954194753,0.4433180859642094,1.7608967990520539
split_scaffold_heldout,ridge_cell,"T cells, AZD3514",0.3869926952458772,0.7247777500741523,0.5670089549029615,1.850166192771526
split_scaffold_heldout,ridge_cell,"NK cells, Resminostat",0.2032948608407,1.3244787659667534,0.3307232415894626,2.516058463229746
split_scaffold_heldout,ridge_cell,"T cells, Resminostat",0.40323833573204626,2.122680996116547,0.4886988679631999,2.990698413805792
split_scaffold_heldout,ridge_cell,"B cells, Azacitidine",0.20207872349231684,0.6765240310830399,0.44553458006480695,1.7535100684175737
split_scaffold_heldout,ridge_cell,"Myeloid cells, Azacitidine",0.09530186653238498,0.6585813621928495,0.335699828854594,1.6853379411921816
split_scaffold_heldout,ridge_cell,"NK cells, Azacitidine",0.22050172938385462,0.6246489020390729,0.41363462910649007,1.7673159963383689
split_scaffold_heldout,ridge_cell,"T cells, Azacitidine",0.22788633481026926,0.6200811476265449,0.47167668604212104,1.674924538578862
split_scaffold_heldout,ridge_cell,"B cells, GO-6976",0.1533888552855804,0.7191409667094237,0.3394228510794103,1.856392022840218
split_scaffold_heldout,ridge_cell,"Myeloid cells, GO-6976",0.29911678619485266,1.101253760562214,0.5172485187795365,2.1581978106511532
split_scaffold_heldout,ridge_cell,"NK cells, GO-6976",0.09434622079626988,0.7800708162727689,0.23238326101242546,1.910572514211706
split_scaffold_heldout,ridge_cell,"T cells, GO-6976",-0.055074581245251594,0.9502782651922402,-0.04652906261732531,2.143237427559712
split_scaffold_heldout,ridge_cell,"NK cells, Saracatinib",0.3316214946382399,0.706656239372109,0.5717724856387871,1.8290319341535566
split_scaffold_heldout,ridge_cell,"T cells, Saracatinib",0.6650084959392061,0.7321937813136612,0.8549062029035174,1.6345524122485275
split_scaffold_heldout,ridge_cell,"NK cells, Lamivudine",0.2830889912728237,0.6292659053120112,0.48252868225756085,1.8156292001195102
split_scaffold_heldout,ridge_cell,"T cells, Lamivudine",0.2658317373744178,0.5260621049210857,0.4538618269753933,1.5274052757201417
split_scaffold_heldout,ridge_cell,"B cells, Pitavastatin Calcium",-0.13444149949592665,1.1706484316380386,-0.1837934568731657,2.478054111151256
split_scaffold_heldout,ridge_cell,"Myeloid cells, Pitavastatin Calcium",-0.019787845521889398,2.3596867777987276,-0.012355387020096451,3.237745607833968
split_scaffold_heldout,ridge_cell,"NK cells, Pitavastatin Calcium",-0.0029018895891563066,1.3959108158257014,0.030810102119302067,2.6580145608539616
split_scaffold_heldout,ridge_cell,"T cells, Pitavastatin Calcium",-0.15304556222701776,1.6545825315383038,-0.2185212306662648,2.9006441104414815
split_scaffold_heldout,ridge_cell,"B cells, ABT737",-0.09978591719905391,1.0205636884120786,-0.17079204615279575,2.2419160974988386
split_scaffold_heldout,ridge_cell,"Myeloid cells, ABT737",0.053345999866154244,0.9749936675273132,0.20078180158814016,2.2179851523031475
split_scaffold_heldout,ridge_cell,"NK cells, ABT737",0.19815416348960477,0.712115340407469,0.34312816416059444,1.865612403166034
split_scaffold_heldout,ridge_cell,"T cells, ABT737",0.15911467394330442,0.6202470288821562,0.5540968491416042,1.7511191147037486
split_scaffold_heldout,ridge_cell,"NK cells, SLx-2119",0.17428583996268548,0.699057272767914,0.20509265940751092,1.9578338777655224
split_scaffold_heldout,ridge_cell,"T cells, SLx-2119",0.38516501140508685,0.5747268320310764,0.6313491089740269,1.6519965040361577
split_scaffold_heldout,ridge_cell,"NK cells, Bosutinib",0.33586591851885444,0.7473422118250118,0.5647199256334711,1.8847477918602273
split_scaffold_heldout,ridge_cell,"T cells, Bosutinib",0.5826350542843364,0.9279648762827093,0.7575688040708465,1.9788375935266815
split_scaffold_heldout,ridge_cell,"NK cells, Clemastine",0.2480287746115366,0.6327542087042077,0.38609028303987614,1.7336770359609024
split_scaffold_heldout,ridge_cell,"T cells, Clemastine",0.4151601405131911,0.5053828204937937,0.7862977732343546,1.3349934260634482
split_scaffold_heldout,ridge_cell,"B cells, CEP-37440",0.48981327350178167,0.6366072211245978,0.7385397912097712,1.6360519510364502
split_scaffold_heldout,ridge_cell,"Myeloid cells, CEP-37440",0.28977814208796465,0.9015213270870909,0.5463394205471499,2.039521919546256
split_scaffold_heldout,ridge_cell,"NK cells, CEP-37440",0.31343381244466073,0.652351522979262,0.48236259882747295,1.7882217822336417
split_scaffold_heldout,ridge_cell,"T cells, CEP-37440",0.44398344878049667,0.610797698387854,0.7119304892975964,1.7114716147759956
split_scaffold_heldout,ridge_cell,"B cells, Oxybenzone",0.25006413553368806,0.5583785978147396,0.4517660306294755,1.6157260556096749
split_scaffold_heldout,ridge_cell,"Myeloid cells, Oxybenzone",0.239938508066086,0.5536271994766468,0.5601647691893002,1.5182979711384528
split_scaffold_heldout,ridge_cell,"NK cells, Oxybenzone",0.24350351095755401,0.607254414873586,0.42136801927126466,1.7186603696742957
split_scaffold_heldout,ridge_cell,"T cells, Oxybenzone",0.28687027096791073,0.49351719027043245,0.4930761967458869,1.4571064586045397
split_scaffold_heldout,ridge_cell,"B cells, Tivantinib",0.4191260966343719,0.6618124408167543,0.630202816628009,1.7018002646879469
split_scaffold_heldout,ridge_cell,"Myeloid cells, Tivantinib",0.3631107772221784,0.7729210184944365,0.606329799293234,1.8890962123674915
split_scaffold_heldout,ridge_cell,"NK cells, Tivantinib",0.2664395594356545,0.6575513832720571,0.5224080667691103,1.790807216435426
split_scaffold_heldout,ridge_cell,"T cells, Tivantinib",0.3564455544856386,0.7164991882631695,0.543776045880405,1.7578805204534247
split_scaffold_heldout,ridge_cell,"B cells, Colchicine",0.25113167988635565,1.0478290779031403,0.4231689425342827,2.300745000906639
split_scaffold_heldout,ridge_cell,"Myeloid cells, Colchicine",0.30754413723686347,2.4055002269845733,0.37911914097285726,3.1953158377007855
split_scaffold_heldout,ridge_cell,"NK cells, Colchicine",0.3527851519585673,0.6852239803674222,0.5708184511709412,1.7678068660776713
split_scaffold_heldout,ridge_cell,"T cells, Colchicine",0.2608365895749513,0.9379078884426832,0.47630226942402754,2.243018664587626
split_scaffold_heldout,ridge_cell,"B cells, Selumetinib",0.6001472900823391,0.7117928403934161,0.8175291115799037,1.8132742214222224
split_scaffold_heldout,ridge_cell,"Myeloid cells, Selumetinib",0.5910502122915782,0.9231790902638117,0.8080156171594755,1.982992050007152
split_scaffold_heldout,ridge_cell,"NK cells, Selumetinib",0.29882045844612304,0.672448347573894,0.5129862841895388,1.77434060795858
split_scaffold_heldout,ridge_cell,"T cells, Selumetinib",0.5585077086547202,0.5822199172877176,0.8066978900334423,1.5473536469626288
split_scaffold_heldout,ridge_cell,"B cells, RG7090",0.16714669544348593,0.6305050850260037,0.36809296186936286,1.6944984591603214
split_scaffold_heldout,ridge_cell,"Myeloid cells, RG7090",0.1232627461225891,0.8691685680120113,0.23781854377926567,2.0411118818284635
split_scaffold_heldout,ridge_cell,"NK cells, RG7090",0.16298203397785588,0.6637378276348825,0.3841184080860321,1.7977662677932829
split_scaffold_heldout,ridge_cell,"T cells, RG7090",-0.04858495925864315,0.8663620954800539,-0.05782491000110976,2.113305470456647
split_scaffold_heldout,ridge_cell,"NK cells, SB525334",0.022806570843342814,0.7648283179643378,0.04518744181137128,1.9440575598374765
split_scaffold_heldout,ridge_cell,"T cells, SB525334",-0.2729600413225742,1.100930822701943,-0.44138321577365663,2.457069317433452
split_scaffold_heldout,ridge_cell,"B cells, K-02288",0.4439054113007223,0.5890704815782188,0.7184883588044847,1.5512112306457642
split_scaffold_heldout,ridge_cell,"Myeloid cells, K-02288",0.22322160752233855,0.9561913949490074,0.4575640681665564,2.1301864139527997
split_scaffold_heldout,ridge_cell,"B cells, BMS-777607",0.42667784870769426,0.5896393211032356,0.6600443757328096,1.5702585687358868
split_scaffold_heldout,ridge_cell,"Myeloid cells, BMS-777607",0.43473262873558244,0.7015293884807933,0.7168663586304145,1.749455769566154
split_scaffold_heldout,ridge_cell,"B cells, Vorinostat",0.3717609271859105,1.5633260741450183,0.5004881024361818,2.6108712940791956
split_scaffold_heldout,ridge_cell,"Myeloid cells, Vorinostat",0.3715806964982596,1.7920778793038248,0.4974660617449165,2.800699532421436
split_scaffold_heldout,ridge_cell,"B cells, Ruxolitinib",0.6469669924749701,0.8245211290650557,0.8293425113120309,1.8444762827954253
split_scaffold_heldout,ridge_cell,"Myeloid cells, Ruxolitinib",0.6601960689381575,1.3152209410150661,0.8118188768983449,2.38395542098734
split_scaffold_heldout,ridge_cell,"B cells, Vardenafil",0.30523303858021433,0.5691060501175305,0.5614541385090066,1.5434903625906566
split_scaffold_heldout,ridge_cell,"Myeloid cells, Vardenafil",0.37399252141045747,0.6471317931622538,0.693645952879273,1.562539291298596
split_scaffold_heldout,ridge_cell,"B cells, Flutamide",0.15024175128399392,0.5995068251531439,0.3353690318384858,1.7173567948435553
split_scaffold_heldout,ridge_cell,"Myeloid cells, Flutamide",0.30889043851601244,0.5929571964717231,0.5879867489541907,1.599254383531856
split_scaffold_heldout,ridge_cell,"B cells, BMS-536924",0.7225141632880973,0.9183518403781665,0.8744418116573456,1.9280463003329966
split_scaffold_heldout,ridge_cell,"Myeloid cells, BMS-536924",0.6025232301921131,0.9469230883160463,0.8019028543323715,1.9447209274873631
split_scaffold_heldout,ridge_cell,"B cells, Amiodarone",0.17034873560704608,0.5740887154625307,0.34337646194241533,1.5800461965661103
split_scaffold_heldout,ridge_cell,"Myeloid cells, Amiodarone",0.1808068479872637,0.6479101752481413,0.3836124516671856,1.72855874473081
split_scaffold_heldout,ridge_cell,"B cells, Decitabine",0.166364516830112,0.5886657269016765,0.25825749355255656,1.7225301725637012
split_scaffold_heldout,ridge_cell,"Myeloid cells, Decitabine",0.26279491588466286,0.5444106748331293,0.34268826700685967,1.6435162749457983
split_scaffold_heldout,ridge_cell,"B cells, AZD3514",0.3172901184204004,0.6964676579638968,0.48512547297189856,1.8015286309112146
split_scaffold_heldout,ridge_cell,"Myeloid cells, AZD3514",0.4236163704769592,0.7717142978730581,0.6800065057439931,1.8274729304673116
split_scaffold_heldout,ridge_cell,"B cells, Resminostat",0.37004467373022193,1.6370027654710837,0.4938514986502641,2.670634947656767
split_scaffold_heldout,ridge_cell,"Myeloid cells, Resminostat",0.43181005251790155,1.8711153093808681,0.547790465335837,2.7858416663450276
split_scaffold_heldout,ridge_cell,"B cells, Saracatinib",0.7151475394721077,0.9233482643191234,0.8666516260547964,1.9697172471255038
split_scaffold_heldout,ridge_cell,"Myeloid cells, Saracatinib",0.6476068469490441,1.3029894928469175,0.8020191825688188,2.287371727332663
split_scaffold_heldout,ridge_cell,"B cells, Lamivudine",0.35529037930817026,0.5920004488250474,0.6426046958328226,1.5752833722772412
split_scaffold_heldout,ridge_cell,"Myeloid cells, Lamivudine",0.26486972913167983,0.6887438568532224,0.5332726610543118,1.7080081924599524
split_scaffold_heldout,ridge_cell,"B cells, SLx-2119",0.44416189192202915,0.5975744000833574,0.7032221237922733,1.5472295942956344
split_scaffold_heldout,ridge_cell,"Myeloid cells, SLx-2119",0.1763625473093184,0.6495910538892394,0.21365378125310783,1.9651185585264797
split_scaffold_heldout,ridge_cell,"B cells, Bosutinib",0.6622388246493695,1.0618383173485126,0.8105807876966835,2.109344721387231
split_scaffold_heldout,ridge_cell,"Myeloid cells, Bosutinib",0.5550182665102962,1.5573906491203673,0.7048244176293896,2.5944632760402406
split_scaffold_heldout,ridge_cell,"B cells, Clemastine",0.3444634050003134,0.636528171314864,0.5484177277898843,1.7308990695667046
split_scaffold_heldout,ridge_cell,"Myeloid cells, Clemastine",0.44959224649468343,0.6050291382400123,0.7449746759202058,1.5091339862563609
split_scaffold_heldout,ridge_cell,"B cells, SB525334",-0.12052608285415987,0.7801223269718969,-0.2971477609282758,2.062729936993023
split_scaffold_heldout,ridge_cell,"Myeloid cells, SB525334",-0.1453562609852335,1.328705751409311,-0.20632970092800396,2.6573802643670823
split_scaffold_heldout,ridge_drug_fp,"B cells, IN1451",0.22674089686779147,1.5828766252679587,0.32856443471437646,2.664971768672658
split_scaffold_heldout,ridge_drug_fp,"Myeloid cells, IN1451",0.20428087059827726,2.4177875918294207,0.25501524349421417,3.248225538996241
split_scaffold_heldout,ridge_drug_fp,"NK cells, IN1451",0.1643001465819657,1.2252575545378224,0.26501367812330334,2.3863051681492635
split_scaffold_heldout,ridge_drug_fp,"T cells, IN1451",0.25051043235331855,2.788983165047983,0.2959723492653626,3.4000980121033186
split_scaffold_heldout,ridge_drug_fp,"NK cells, K-02288",0.05738857280117591,0.7298500143884461,0.15925906179395244,1.7871607105186456
split_scaffold_heldout,ridge_drug_fp,"T cells, K-02288",0.23309707854282902,0.6092013200732054,0.4866497995384299,1.5628193122236758
split_scaffold_heldout,ridge_drug_fp,"NK cells, BMS-777607",0.12794185119943616,0.7663894494424858,0.2527087229486494,1.7513066976290868
split_scaffold_heldout,ridge_drug_fp,"T cells, BMS-777607",0.3481986513581157,0.6196143934228675,0.6642368995934445,1.3344865098304364
split_scaffold_heldout,ridge_drug_fp,"NK cells, Vorinostat",0.5448161083999391,1.0885706686931522,0.729235614530263,2.137816562260457
split_scaffold_heldout,ridge_drug_fp,"T cells, Vorinostat",0.702940859667324,1.9513624576685513,0.7802829057779945,2.7603297337257757
split_scaffold_heldout,ridge_drug_fp,"NK cells, Ruxolitinib",0.2114845379289504,0.7534226180975813,0.4103638082650616,1.806622552106022
split_scaffold_heldout,ridge_drug_fp,"T cells, Ruxolitinib",0.4835173939133278,0.8783023583114145,0.7310028426027139,1.8882151081964704
split_scaffold_heldout,ridge_drug_fp,"NK cells, Vardenafil",0.08428055997108394,0.7176741001114266,0.1393190130392999,1.8481787977149835
split_scaffold_heldout,ridge_drug_fp,"T cells, Vardenafil",0.15825254914217465,0.603580352029735,0.41940314337832024,1.6130799462249128
split_scaffold_heldout,ridge_drug_fp,"NK cells, Flutamide",0.15055890765854432,0.7231758465439648,0.36777828843152355,1.7367393536333093
split_scaffold_heldout,ridge_drug_fp,"T cells, Flutamide",0.05611490291780206,0.6257791012854902,0.3801845031137697,1.6473864869341
split_scaffold_heldout,ridge_drug_fp,"NK cells, BMS-536924",0.20055656025848662,0.7887767445960682,0.40077890735428134,1.7912291989236446
split_scaffold_heldout,ridge_drug_fp,"T cells, BMS-536924",0.5498736140493609,0.997851093995908,0.7439643562255389,2.0263565495754556
split_scaffold_heldout,ridge_drug_fp,"NK cells, Amiodarone",-0.042518628788034155,0.7569540431474205,-0.11158526781562245,1.9196440991912649
split_scaffold_heldout,ridge_drug_fp,"T cells, Amiodarone",-0.11187648485057988,0.7196823433630315,-0.3191013266596091,2.356520042794906
split_scaffold_heldout,ridge_drug_fp,"B cells, PD-0325901",0.3721436652151003,0.783728131912,0.6394726146000463,1.8815580338036548
split_scaffold_heldout,ridge_drug_fp,"Myeloid cells, PD-0325901",0.4900951388722838,1.2586638877028433,0.6596288035158409,2.3262054473393414
split_scaffold_heldout,ridge_drug_fp,"NK cells, PD-0325901",0.2369276173033504,0.791152024747135,0.4353743904032132,1.8847583717096892
split_scaffold_heldout,ridge_drug_fp,"T cells, PD-0325901",0.42658689366597596,0.8149856487287911,0.6838484631525205,1.8617055366549626
split_scaffold_heldout,ridge_drug_fp,"NK cells, Decitabine",0.04827646652147393,0.6770810663901806,0.06730555845814984,1.7710356826808606
split_scaffold_heldout,ridge_drug_fp,"T cells, Decitabine",0.22511574134408863,0.5187973991815475,0.47122482773478946,1.5752972028611942
split_scaffold_heldout,ridge_drug_fp,"NK cells, AZD3514",0.11142486443860453,0.7274560326250735,0.20931788339187182,1.8254860757507387
split_scaffold_heldout,ridge_drug_fp,"T cells, AZD3514",0.1448608005298181,0.8201976897778039,0.27916039487771277,2.009219164665805
split_scaffold_heldout,ridge_drug_fp,"NK cells, Resminostat",0.0972196774343558,1.3581586324138157,0.18493539139159984,2.551257106581649
split_scaffold_heldout,ridge_drug_fp,"T cells, Resminostat",0.13184845250954527,2.214086986528031,0.17597963609139525,3.1186011487453413
split_scaffold_heldout,ridge_drug_fp,"B cells, Azacitidine",0.13312693177546936,0.688699313698141,0.357152106953622,1.8065863317735427
split_scaffold_heldout,ridge_drug_fp,"Myeloid cells, Azacitidine",0.08658017659838807,0.6383158651293944,0.2437915469217323,1.7256925255068047
split_scaffold_heldout,ridge_drug_fp,"NK cells, Azacitidine",0.1198415346271341,0.6683621335228129,0.14089587937115047,1.82960570795824
split_scaffold_heldout,ridge_drug_fp,"T cells, Azacitidine",0.16395907199750753,0.62990175235739,0.32258679405534,1.7238650930184996
split_scaffold_heldout,ridge_drug_fp,"B cells, GO-6976",-0.030539899058999644,0.7580389221381888,0.013559258796026818,1.963192079549581
split_scaffold_heldout,ridge_drug_fp,"Myeloid cells, GO-6976",-0.019051133981792093,1.1933691999613223,0.008328681019659116,2.36828059651052
split_scaffold_heldout,ridge_drug_fp,"NK cells, GO-6976",-0.17287353082760004,0.8651166455083771,-0.29813236247525526,2.0863877493750818
split_scaffold_heldout,ridge_drug_fp,"T cells, GO-6976",-0.21175169235683675,0.9744524675407602,-0.3443619572546313,2.2002083842807494
split_scaffold_heldout,ridge_drug_fp,"NK cells, Saracatinib",0.011014225035618684,0.8168864389141929,0.05621417075107354,1.9953365549917694
split_scaffold_heldout,ridge_drug_fp,"T cells, Saracatinib",0.004932878487512627,0.9666063867436868,-0.06286411669748389,2.163832013646874
split_scaffold_heldout,ridge_drug_fp,"NK cells, Lamivudine",0.16177577861625234,0.6728776574568602,0.23546020010485824,1.8660813717917595
split_scaffold_heldout,ridge_drug_fp,"T cells, Lamivudine",0.17594244756224786,0.5395058403636692,0.2795330622963541,1.596287359738458
split_scaffold_heldout,ridge_drug_fp,"B cells, Pitavastatin Calcium",-0.0975415043037137,1.1365004547897615,-0.17083936717009182,2.431696984636548
split_scaffold_heldout,ridge_drug_fp,"Myeloid cells, Pitavastatin Calcium",-0.09715019951967063,2.3651868417845514,-0.1292979943063548,3.2514593165776082
split_scaffold_heldout,ridge_drug_fp,"NK cells, Pitavastatin Calcium",-0.1669129902027452,1.4428002559830355,-0.2809473705227063,2.7414770342718087
split_scaffold_heldout,ridge_drug_fp,"T cells, Pitavastatin Calcium",-0.16980749029081824,1.6348314289685657,-0.27982552979864034,2.8773806657104815
split_scaffold_heldout,ridge_drug_fp,"B cells, ABT737",0.3046310711992383,0.9030490654887094,0.5149477802532546,1.9105218445348973
split_scaffold_heldout,ridge_drug_fp,"Myeloid cells, ABT737",0.2760276868179922,0.9108453708621483,0.45279627677388495,2.0783364646918407
split_scaffold_heldout,ridge_drug_fp,"NK cells, ABT737",0.009991674729357811,0.8402279659366826,0.07781333498502171,1.9497210279406327
split_scaffold_heldout,ridge_drug_fp,"T cells, ABT737",0.07162331533381656,0.7025911659909966,0.11206104072907305,1.9588364119807526
split_scaffold_heldout,ridge_drug_fp,"NK cells, SLx-2119",0.07666991855449568,0.8455252312288742,0.022857455032619756,2.048368819721529
split_scaffold_heldout,ridge_drug_fp,"T cells, SLx-2119",0.24709976531897793,0.7029919894480986,0.4482271777208921,1.6963753359990006
split_scaffold_heldout,ridge_drug_fp,"NK cells, Bosutinib",0.25839956730356844,0.7964445541789804,0.3766234111831506,1.8822827540991776
split_scaffold_heldout,ridge_drug_fp,"T cells, Bosutinib",0.44782664994933286,0.9655489638485028,0.6456922125784588,1.9921535556166325
split_scaffold_heldout,ridge_drug_fp,"NK cells, Clemastine",0.1069957766466131,0.6772692000555721,0.1296792692361392,1.793514706173953
split_scaffold_heldout,ridge_drug_fp,"T cells, Clemastine",0.21948992859579242,0.5531360150363837,0.5458955077268512,1.5334908980437458
split_scaffold_heldout,ridge_drug_fp,"B cells, CEP-37440",0.34355765858807813,0.7511664709092227,0.5929995066087952,1.6521454730596374
split_scaffold_heldout,ridge_drug_fp,"Myeloid cells, CEP-37440",0.18302868435647623,1.0024060346850354,0.39565437724683283,2.092966204495173
split_scaffold_heldout,ridge_drug_fp,"NK cells, CEP-37440",0.24899330446853096,0.7702480422155127,0.4219927685299862,1.7118303584870762
split_scaffold_heldout,ridge_drug_fp,"T cells, CEP-37440",0.3379808389742355,0.7240267529981711,0.6225193524763578,1.6584895629189291
split_scaffold_heldout,ridge_drug_fp,"B cells, Oxybenzone",-0.01191921520120092,0.6133256800057566,-0.09599830557087194,1.781465227228701
split_scaffold_heldout,ridge_drug_fp,"Myeloid cells, Oxybenzone",-0.09045129556001957,0.6096783281112294,-0.1455107524855959,1.7612232431587156
split_scaffold_heldout,ridge_drug_fp,"NK cells, Oxybenzone",0.034471394996520216,0.6729394706620665,0.05586654921148103,1.8300217301941895
split_scaffold_heldout,ridge_drug_fp,"T cells, Oxybenzone",-0.07179231817214078,0.5652945205002845,-0.12780399589443703,1.685830084212146
split_scaffold_heldout,ridge_drug_fp,"B cells, Tivantinib",0.29191989467565416,0.728700841535082,0.4897081697518122,1.7648381398560766
split_scaffold_heldout,ridge_drug_fp,"Myeloid cells, Tivantinib",0.2405726833736353,0.8365221632794827,0.45145377755054983,1.9635663974050102
split_scaffold_heldout,ridge_drug_fp,"NK cells, Tivantinib",0.1501715417436433,0.7472144959541479,0.28112772611375536,1.8272965083364097
split_scaffold_heldout,ridge_drug_fp,"T cells, Tivantinib",0.38789985640004526,0.7159640971981567,0.524537180311606,1.6776376536967792
split_scaffold_heldout,ridge_drug_fp,"B cells, Colchicine",0.17714976496714763,1.0723077831309884,0.31250016612526726,2.366856328694819
split_scaffold_heldout,ridge_drug_fp,"Myeloid cells, Colchicine",0.1665415151579395,2.457562210638668,0.21718024610305628,3.2670450484987263
split_scaffold_heldout,ridge_drug_fp,"NK cells, Colchicine",0.2006494420175699,0.7360765799306362,0.36020299740001127,1.8203027154737665
split_scaffold_heldout,ridge_drug_fp,"T cells, Colchicine",0.169088944144689,0.9669386399562749,0.334135299637084,2.3182402703921614
split_scaffold_heldout,ridge_drug_fp,"B cells, Selumetinib",0.474220494330702,0.7562418098269432,0.746941409650407,1.788320159021234
split_scaffold_heldout,ridge_drug_fp,"Myeloid cells, Selumetinib",0.34677096140950786,1.022685451811255,0.5802077250691794,2.113658527398214
split_scaffold_heldout,ridge_drug_fp,"NK cells, Selumetinib",0.1714511700876745,0.7756016434945399,0.30734537106354576,1.8158390661860606
split_scaffold_heldout,ridge_drug_fp,"T cells, Selumetinib",0.48660268463642525,0.622535169973433,0.7616905544310187,1.4983144794431584
split_scaffold_heldout,ridge_drug_fp,"B cells, RG7090",0.02498160301851033,0.7007301343099752,0.19833237509396134,1.7728066930450002
split_scaffold_heldout,ridge_drug_fp,"Myeloid cells, RG7090",-0.0946297682180343,0.9535155271255987,-0.15534586832471084,2.200484863929913
split_scaffold_heldout,ridge_drug_fp,"NK cells, RG7090",-0.011072078237932902,0.7680614386047431,0.007223880826917009,1.9047863305831405
split_scaffold_heldout,ridge_drug_fp,"T cells, RG7090",-0.18061866012990613,0.9329879904105207,-0.36077447738212987,2.2258588761941116
split_scaffold_heldout,ridge_drug_fp,"NK cells, SB525334",-0.19892893517276833,0.9660053073308024,-0.34371424768904585,2.1911007456053535
split_scaffold_heldout,ridge_drug_fp,"T cells, SB525334",-0.42546194360856426,1.2567487603675633,-0.6483126275340654,2.7113898038168918
split_scaffold_heldout,ridge_drug_fp,"B cells, K-02288",0.327783335259326,0.6588680893593952,0.6571273552494955,1.557559944736906
split_scaffold_heldout,ridge_drug_fp,"Myeloid cells, K-02288",-0.03121882901874726,1.0774736674425889,-0.012090539266832007,2.3542568150768504
split_scaffold_heldout,ridge_drug_fp,"B cells, BMS-777607",0.285568920928816,0.7040047322300842,0.5616766480574907,1.6090429675676827
split_scaffold_heldout,ridge_drug_fp,"Myeloid cells, BMS-777607",0.201132347994944,0.8419833156970202,0.43571724431867276,1.9077123562670444
split_scaffold_heldout,ridge_drug_fp,"B cells, Vorinostat",0.6680664031353791,1.4130668099281176,0.7936627820223119,2.3597934125434805
split_scaffold_heldout,ridge_drug_fp,"Myeloid cells, Vorinostat",0.5338927289714245,1.7085397897563763,0.6614386383324604,2.665941813729381
split_scaffold_heldout,ridge_drug_fp,"B cells, Ruxolitinib",0.42058666124921384,0.9060911584977376,0.6883059103170297,1.994218773767808
split_scaffold_heldout,ridge_drug_fp,"Myeloid cells, Ruxolitinib",0.3907009762810318,1.4227347062014608,0.5888436046925027,2.5652592730550503
split_scaffold_heldout,ridge_drug_fp,"B cells, Vardenafil",0.14986676218334255,0.6393647555302399,0.2731595253201206,1.6730252408556558
split_scaffold_heldout,ridge_drug_fp,"Myeloid cells, Vardenafil",0.14000340068736053,0.7371717190267898,0.3623127516674721,1.7861553180597236
split_scaffold_heldout,ridge_drug_fp,"B cells, Flutamide",0.11480536160915183,0.6420778460959603,0.19373667428116548,1.7595614723760185
split_scaffold_heldout,ridge_drug_fp,"Myeloid cells, Flutamide",0.29681608754102046,0.6080656344097057,0.522976835504809,1.619426681157549
split_scaffold_heldout,ridge_drug_fp,"B cells, BMS-536924",0.3933136397534142,1.031773797517306,0.5962106971153172,2.103997841789968
split_scaffold_heldout,ridge_drug_fp,"Myeloid cells, BMS-536924",0.25473314366832855,1.0898436433847203,0.4282533800719458,2.174310110894825
split_scaffold_heldout,ridge_drug_fp,"B cells, Amiodarone",-0.041915810701816686,0.6555393642711863,-0.008430480924233265,1.706634648701944
split_scaffold_heldout,ridge_drug_fp,"Myeloid cells, Amiodarone",-0.04864205862093114,0.7238869629098595,-0.09506523345381791,1.9519773708142363
split_scaffold_heldout,ridge_drug_fp,"B cells, Decitabine",0.09632862534675216,0.605637055132372,0.0009621340177830987,1.794042848028775
split_scaffold_heldout,ridge_drug_fp,"Myeloid cells, Decitabine",0.21517982162065577,0.5448544096849328,0.3244399639154074,1.662675617273659
split_scaffold_heldout,ridge_drug_fp,"B cells, AZD3514",0.17217181327282005,0.7600090851837427,0.3674850343938638,1.862984893787492
split_scaffold_heldout,ridge_drug_fp,"Myeloid cells, AZD3514",0.11641016073226687,0.8892762274986159,0.2566833299802858,2.0569641770356393
split_scaffold_heldout,ridge_drug_fp,"B cells, Resminostat",0.15078035361556064,1.7113141659443665,0.24752133714542388,2.7860442984105043
split_scaffold_heldout,ridge_drug_fp,"Myeloid cells, Resminostat",0.11583629020050754,1.984477623908558,0.17784111035967404,2.951683083402874
split_scaffold_heldout,ridge_drug_fp,"B cells, Saracatinib",0.07306471619383345,1.1500368467481943,0.10258026738027755,2.4207784928523814
split_scaffold_heldout,ridge_drug_fp,"Myeloid cells, Saracatinib",0.019004325901579758,1.533036843444422,0.019232863966417185,2.6776312876627224
split_scaffold_heldout,ridge_drug_fp,"B cells, Lamivudine",0.2640013033959923,0.6151523527594681,0.49748586910923426,1.685027532476888
split_scaffold_heldout,ridge_drug_fp,"Myeloid cells, Lamivudine",0.18858333587441334,0.6993188993869609,0.4602310733094763,1.785413393005189
split_scaffold_heldout,ridge_drug_fp,"B cells, SLx-2119",0.3337273252485077,0.6977077324153679,0.6049169137981939,1.5477214205186647
split_scaffold_heldout,ridge_drug_fp,"Myeloid cells, SLx-2119",0.13586998787123605,0.7506176529300921,0.11820880891175926,2.0579333144019696
split_scaffold_heldout,ridge_drug_fp,"B cells, Bosutinib",0.33361161562146946,1.1743079825329226,0.5076530880680786,2.2809961211959786
split_scaffold_heldout,ridge_drug_fp,"Myeloid cells, Bosutinib",0.2983452087656725,1.6474868364583626,0.4029103270567237,2.7248114500406277
split_scaffold_heldout,ridge_drug_fp,"B cells, Clemastine",0.20220441142613557,0.6708515142966581,0.35605264788384894,1.8331862399133096
split_scaffold_heldout,ridge_drug_fp,"Myeloid cells, Clemastine",0.21273504145594957,0.671246443834917,0.40043491979234214,1.760851046405252
split_scaffold_heldout,ridge_drug_fp,"B cells, SB525334",-0.20448816860469826,0.9122310054135986,-0.4383923057847364,2.230632842309364
split_scaffold_heldout,ridge_drug_fp,"Myeloid cells, SB525334",-0.18372895261675817,1.4082601053589168,-0.28718512567765947,2.7392075548457333
split_scaffold_heldout,ridge_cell_drug_fp,"B cells, IN1451",0.2662124683849999,1.5667311640363673,0.3771924876477354,2.627616002078475
split_scaffold_heldout,ridge_cell_drug_fp,"Myeloid cells, IN1451",0.29723840580857114,2.3786428607612806,0.36739518704572877,3.190926495107681
split_scaffold_heldout,ridge_cell_drug_fp,"NK cells, IN1451",0.14377808918386853,1.2324682931283382,0.2439697480288954,2.3872849396187714
split_scaffold_heldout,ridge_cell_drug_fp,"T cells, IN1451",0.2980993907219384,2.7625157380785725,0.3481161389238785,3.365820987864514
split_scaffold_heldout,ridge_cell_drug_fp,"NK cells, K-02288",0.12340338454951606,0.6825291765985743,0.3261581389229483,1.720870202562948
split_scaffold_heldout,ridge_cell_drug_fp,"T cells, K-02288",0.3310593206900981,0.6023157900330124,0.6019149101609983,1.432196837509146
split_scaffold_heldout,ridge_cell_drug_fp,"NK cells, BMS-777607",0.17150409555694307,0.735221297285631,0.32765414398008114,1.708145894908175
split_scaffold_heldout,ridge_cell_drug_fp,"T cells, BMS-777607",0.4276022002695061,0.5956667873778199,0.7274479933899243,1.2277187367746678
split_scaffold_heldout,ridge_cell_drug_fp,"NK cells, Vorinostat",0.5384314187507697,1.0950985598495313,0.7308215792486797,2.1529140574132777
split_scaffold_heldout,ridge_cell_drug_fp,"T cells, Vorinostat",0.7216237773217211,1.9062735003391087,0.79433392322129,2.693917931252007
split_scaffold_heldout,ridge_cell_drug_fp,"NK cells, Ruxolitinib",0.2614702964271073,0.7330413936190698,0.5108295728947654,1.7715259290540166
split_scaffold_heldout,ridge_cell_drug_fp,"T cells, Ruxolitinib",0.5822102801366896,0.8237508312651611,0.7973203532113734,1.7424464023386206
split_scaffold_heldout,ridge_cell_drug_fp,"NK cells, Vardenafil",0.1449245855648912,0.6875912644059595,0.24561591620202017,1.8083747234509049
split_scaffold_heldout,ridge_cell_drug_fp,"T cells, Vardenafil",0.2310205965927765,0.6125093764442251,0.47813738088950397,1.550259581273565
split_scaffold_heldout,ridge_cell_drug_fp,"NK cells, Flutamide",0.22490180911264418,0.6882535405953538,0.4491189857720843,1.6960861904868456
split_scaffold_heldout,ridge_cell_drug_fp,"T cells, Flutamide",0.0983252047710221,0.6415028150167909,0.442611641455543,1.597836430991474
split_scaffold_heldout,ridge_cell_drug_fp,"NK cells, BMS-536924",0.2386525568831718,0.7634034400725866,0.4783289847164362,1.7532241134232467
split_scaffold_heldout,ridge_cell_drug_fp,"T cells, BMS-536924",0.6271290513782302,0.9359735982472757,0.8067920567835475,1.8603580684819885
split_scaffold_heldout,ridge_cell_drug_fp,"NK cells, Amiodarone",-0.011869184522839728,0.771967571869097,-0.011562388645246868,1.8895116415560367
split_scaffold_heldout,ridge_cell_drug_fp,"T cells, Amiodarone",0.031092433131146256,0.7036017436247699,-0.023494914156122638,2.1384500394788235
split_scaffold_heldout,ridge_cell_drug_fp,"B cells, PD-0325901",0.5013695658166233,0.7269527363548549,0.7581224841558961,1.7040069216292482
split_scaffold_heldout,ridge_cell_drug_fp,"Myeloid cells, PD-0325901",0.624567960088946,1.163688175530031,0.7804457471694373,2.1340052974295656
split_scaffold_heldout,ridge_cell_drug_fp,"NK cells, PD-0325901",0.2677006097225574,0.7733832981010086,0.4775784160356182,1.8652692377313247
split_scaffold_heldout,ridge_cell_drug_fp,"T cells, PD-0325901",0.5212329151826837,0.7696506539056224,0.7426090323693609,1.7538069136089216
split_scaffold_heldout,ridge_cell_drug_fp,"NK cells, Decitabine",0.1345146248609229,0.6417245915393442,0.2712530211776511,1.712578655941529
split_scaffold_heldout,ridge_cell_drug_fp,"T cells, Decitabine",0.27681203258791987,0.5339692479142223,0.48326299611553136,1.5283940212591411
split_scaffold_heldout,ridge_cell_drug_fp,"NK cells, AZD3514",0.145572920836515,0.7283712668387021,0.26807739154714033,1.797403836139866
split_scaffold_heldout,ridge_cell_drug_fp,"T cells, AZD3514",0.22698761754607583,0.801117129157302,0.38516565213982323,1.947409310083023
split_scaffold_heldout,ridge_cell_drug_fp,"NK cells, Resminostat",0.04821641613399123,1.3727421979837453,0.11317741463025706,2.577615035572943
split_scaffold_heldout,ridge_cell_drug_fp,"T cells, Resminostat",0.23910860505440806,2.174922163240058,0.3096914903169654,3.0580123760938234
split_scaffold_heldout,ridge_cell_drug_fp,"B cells, Azacitidine",0.17754249093200533,0.6997322125610469,0.4116618157788429,1.758627195766687
split_scaffold_heldout,ridge_cell_drug_fp,"Myeloid cells, Azacitidine",0.079365655797983,0.6759371497983814,0.2794150842985475,1.7064567639710122
split_scaffold_heldout,ridge_cell_drug_fp,"NK cells, Azacitidine",0.16928278054547682,0.6489769599625524,0.2894345276579439,1.7865129915455769
split_scaffold_heldout,ridge_cell_drug_fp,"T cells, Azacitidine",0.20248882941141497,0.6444887225097874,0.3937905246390945,1.6894413065620455
split_scaffold_heldout,ridge_cell_drug_fp,"B cells, GO-6976",0.04685658222927353,0.7629914457237066,0.18866474386125534,1.9143237869405905
split_scaffold_heldout,ridge_cell_drug_fp,"Myeloid cells, GO-6976",0.19269478455697137,1.141100907325254,0.3824295689285744,2.226386958843814
split_scaffold_heldout,ridge_cell_drug_fp,"NK cells, GO-6976",-0.045427197767421185,0.834477462300915,-0.0931685133734805,2.007392685745077
split_scaffold_heldout,ridge_cell_drug_fp,"T cells, GO-6976",-0.12578772122536924,0.9864914801802386,-0.1535058612163703,2.1802796244706806
split_scaffold_heldout,ridge_cell_drug_fp,"NK cells, Saracatinib",0.020756728372243727,0.8314166023890178,0.12340996884127937,1.972412248161672
split_scaffold_heldout,ridge_cell_drug_fp,"T cells, Saracatinib",0.1775992680827393,0.918906010897137,0.3276155443799971,2.0076228661027007
split_scaffold_heldout,ridge_cell_drug_fp,"NK cells, Lamivudine",0.23232741439612434,0.6498961383468501,0.38567053999410955,1.8184853188976866
split_scaffold_heldout,ridge_cell_drug_fp,"T cells, Lamivudine",0.23227100382465127,0.549347399413389,0.40986000255997934,1.5451654818608314
split_scaffold_heldout,ridge_cell_drug_fp,"B cells, Pitavastatin Calcium",-0.07478696130789868,1.1520971986787925,-0.11797690506289316,2.4397864917247705
split_scaffold_heldout,ridge_cell_drug_fp,"Myeloid cells, Pitavastatin Calcium",-0.039775593930878636,2.367138710814358,-0.05216375213159145,3.2490766392424684
split_scaffold_heldout,ridge_cell_drug_fp,"NK cells, Pitavastatin Calcium",-0.019173782179580087,1.414057334203854,-0.05139779188549233,2.684968445341424
split_scaffold_heldout,ridge_cell_drug_fp,"T cells, Pitavastatin Calcium",-0.10585840467206156,1.634156539694952,-0.18376505115410346,2.8740433025118772
split_scaffold_heldout,ridge_cell_drug_fp,"B cells, ABT737",0.30711750675881233,0.9087686988481135,0.526098144398619,1.9010967775740153
split_scaffold_heldout,ridge_cell_drug_fp,"Myeloid cells, ABT737",0.3202797989327943,0.8952383218552261,0.5356425319842875,2.0172066245339586
split_scaffold_heldout,ridge_cell_drug_fp,"NK cells, ABT737",0.04097840790738454,0.8792188821871472,0.1325812684545324,1.9367427155481651
split_scaffold_heldout,ridge_cell_drug_fp,"T cells, ABT737",0.13518162735718983,0.6840076676114049,0.3577890707746159,1.8570403517254794
split_scaffold_heldout,ridge_cell_drug_fp,"NK cells, SLx-2119",0.09526011637357328,0.8101274210708342,0.06841770869658166,2.01592669006977
split_scaffold_heldout,ridge_cell_drug_fp,"T cells, SLx-2119",0.30363261589788265,0.7054832862948125,0.5258401589032335,1.6234406459114665
split_scaffold_heldout,ridge_cell_drug_fp,"NK cells, Bosutinib",0.26438440804864055,0.7860047563633892,0.4056479558962567,1.8760917755277882
split_scaffold_heldout,ridge_cell_drug_fp,"T cells, Bosutinib",0.4966947998015185,0.9369981914800546,0.6771756646505256,1.9074447007396058
split_scaffold_heldout,ridge_cell_drug_fp,"NK cells, Clemastine",0.1300527201896948,0.6755346848427533,0.23234459969890556,1.7637170281246115
split_scaffold_heldout,ridge_cell_drug_fp,"T cells, Clemastine",0.32434341227248503,0.5372985614718278,0.7206346567983845,1.4047483820944329
split_scaffold_heldout,ridge_cell_drug_fp,"B cells, CEP-37440",0.4311888384449029,0.7175463217540315,0.6992675755384405,1.5004301443850196
split_scaffold_heldout,ridge_cell_drug_fp,"Myeloid cells, CEP-37440",0.26243775286777876,0.9868403264186282,0.5227389122168735,1.9679833006909977
split_scaffold_heldout,ridge_cell_drug_fp,"NK cells, CEP-37440",0.29585652019802444,0.7152680201390816,0.49046230134292595,1.677374530865119
split_scaffold_heldout,ridge_cell_drug_fp,"T cells, CEP-37440",0.3822624667368859,0.7261615485882076,0.6522778760055498,1.5930814789518715
split_scaffold_heldout,ridge_cell_drug_fp,"B cells, Oxybenzone",0.08759489013318231,0.6094001032971162,0.1432396589813127,1.7116707844451173
split_scaffold_heldout,ridge_cell_drug_fp,"Myeloid cells, Oxybenzone",0.03827520806861174,0.6221319128721671,0.2193578554385938,1.660495995314675
split_scaffold_heldout,ridge_cell_drug_fp,"NK cells, Oxybenzone",0.08805573072067406,0.6688122161680929,0.23723337398568692,1.7756225444922704
split_scaffold_heldout,ridge_cell_drug_fp,"T cells, Oxybenzone",0.05716354683663919,0.5685078848311013,0.1034340697556031,1.6163690932193702
split_scaffold_heldout,ridge_cell_drug_fp,"B cells, Tivantinib",0.35335870093702226,0.7152429901929834,0.5701097353907201,1.6826062190773898
split_scaffold_heldout,ridge_cell_drug_fp,"Myeloid cells, Tivantinib",0.32090844753717496,0.8211024403788656,0.560783100229044,1.8572124087379644
split_scaffold_heldout,ridge_cell_drug_fp,"NK cells, Tivantinib",0.19486098214584313,0.7099895771005489,0.38598814761280664,1.7912170974283923
split_scaffold_heldout,ridge_cell_drug_fp,"T cells, Tivantinib",0.43046022813573925,0.7082761565375205,0.542945143464326,1.630567072196097
split_scaffold_heldout,ridge_cell_drug_fp,"B cells, Colchicine",0.23352653481407504,1.05753687699624,0.39803574387501806,2.311341003922387
split_scaffold_heldout,ridge_cell_drug_fp,"Myeloid cells, Colchicine",0.2641897886718687,2.4144015735631443,0.3327241421668164,3.2024790034979698
split_scaffold_heldout,ridge_cell_drug_fp,"NK cells, Colchicine",0.24827938923961207,0.720624444683611,0.450445706722512,1.7861383784446951
split_scaffold_heldout,ridge_cell_drug_fp,"T cells, Colchicine",0.21793318637690226,0.9595537071681631,0.4041167051335037,2.2757985714035764
split_scaffold_heldout,ridge_cell_drug_fp,"B cells, Selumetinib",0.5619728611067849,0.7095306567510772,0.8091249168949353,1.6170394028197232
split_scaffold_heldout,ridge_cell_drug_fp,"Myeloid cells, Selumetinib",0.518179260809573,0.9291851267925962,0.7578951459247258,1.8730152601797334
split_scaffold_heldout,ridge_cell_drug_fp,"NK cells, Selumetinib",0.22989395761739753,0.7322984982053158,0.4038766605721557,1.7585964127335125
split_scaffold_heldout,ridge_cell_drug_fp,"T cells, Selumetinib",0.5403073510208073,0.6050589619403703,0.8071125721673426,1.3711347462134733
split_scaffold_heldout,ridge_cell_drug_fp,"B cells, RG7090",0.08760534169625948,0.7059106166645122,0.2999444393974313,1.7254159083552851
split_scaffold_heldout,ridge_cell_drug_fp,"Myeloid cells, RG7090",0.014307866726216168,0.9518724850687657,0.037904482433115456,2.148605112307678
split_scaffold_heldout,ridge_cell_drug_fp,"NK cells, RG7090",0.057123404498798463,0.7359971696321213,0.1645706898327907,1.8486402802737187
split_scaffold_heldout,ridge_cell_drug_fp,"T cells, RG7090",-0.11450413507661708,0.9442096374947546,-0.21816405903682637,2.216217436861338
split_scaffold_heldout,ridge_cell_drug_fp,"NK cells, SB525334",-0.12700845330568702,0.9098340004654387,-0.21055923122385764,2.1001699325251706
split_scaffold_heldout,ridge_cell_drug_fp,"T cells, SB525334",-0.36844234477966803,1.2883694665971999,-0.581192801503689,2.746333924749069
split_scaffold_heldout,ridge_cell_drug_fp,"B cells, K-02288",0.3934295537742686,0.6466588634744384,0.7128222000132052,1.440546495526165
split_scaffold_heldout,ridge_cell_drug_fp,"Myeloid cells, K-02288",0.09391307568526082,1.0536196391969814,0.2616684412264864,2.2293019770995537
split_scaffold_heldout,ridge_cell_drug_fp,"B cells, BMS-777607",0.36177465123097996,0.6890518512030068,0.6300849512390452,1.4940534884281609
split_scaffold_heldout,ridge_cell_drug_fp,"Myeloid cells, BMS-777607",0.32216208638055166,0.8118038952699839,0.6276920309725834,1.7155340878495837
split_scaffold_heldout,ridge_cell_drug_fp,"B cells, Vorinostat",0.6806706999430562,1.3773602809393768,0.8032779858852005,2.2917587430982427
split_scaffold_heldout,ridge_cell_drug_fp,"Myeloid cells, Vorinostat",0.5885441162188799,1.6607823433080573,0.7156251857472715,2.586835727534124
split_scaffold_heldout,ridge_cell_drug_fp,"B cells, Ruxolitinib",0.5499830180596609,0.843677352143876,0.7860330654222406,1.826662385130612
split_scaffold_heldout,ridge_cell_drug_fp,"Myeloid cells, Ruxolitinib",0.5851809104238274,1.3190719581713786,0.7665934253728471,2.368106699200737
split_scaffold_heldout,ridge_cell_drug_fp,"B cells, Vardenafil",0.2189927067644702,0.6405251051367732,0.4147262446127091,1.5990630463205053
split_scaffold_heldout,ridge_cell_drug_fp,"Myeloid cells, Vardenafil",0.2970546384103261,0.701935118055438,0.6126530397020259,1.5802761813518342
split_scaffold_heldout,ridge_cell_drug_fp,"B cells, Flutamide",0.16263058267129385,0.6514634254436905,0.3345788829333432,1.6937085510885184
split_scaffold_heldout,ridge_cell_drug_fp,"Myeloid cells, Flutamide",0.34694175338529976,0.6216449006513988,0.6240155393823783,1.5129899909364553
split_scaffold_heldout,ridge_cell_drug_fp,"B cells, BMS-536924",0.5267463395420687,0.9598488344681723,0.7377421493274939,1.924802959857205
split_scaffold_heldout,ridge_cell_drug_fp,"Myeloid cells, BMS-536924",0.4260180480589934,1.010535728615367,0.6502318609151887,1.9869228893662936
split_scaffold_heldout,ridge_cell_drug_fp,"B cells, Amiodarone",0.035147302023515264,0.6520848821639227,0.18870502811257525,1.6384429303104118
split_scaffold_heldout,ridge_cell_drug_fp,"Myeloid cells, Amiodarone",0.0655964519066823,0.7142263360293909,0.20736103038034062,1.8212829994243864
split_scaffold_heldout,ridge_cell_drug_fp,"B cells, Decitabine",0.14190348496899147,0.6234239120432041,0.15829246301868347,1.74873730647948
split_scaffold_heldout,ridge_cell_drug_fp,"Myeloid cells, Decitabine",0.24940918416628152,0.5717350920713485,0.3085812145798372,1.651169266119954
split_scaffold_heldout,ridge_cell_drug_fp,"B cells, AZD3514",0.22593326828471139,0.7495722073948303,0.4264285543367616,1.8248605006043779
split_scaffold_heldout,ridge_cell_drug_fp,"Myeloid cells, AZD3514",0.22041809606348628,0.8715308690583866,0.44270514604441086,1.9478761275924372
split_scaffold_heldout,ridge_cell_drug_fp,"B cells, Resminostat",0.2593671377070474,1.6722531414591024,0.3862581049835346,2.714397505666189
split_scaffold_heldout,ridge_cell_drug_fp,"Myeloid cells, Resminostat",0.2581335582952254,1.9323780778242752,0.3553222657878307,2.8654552121991297
split_scaffold_heldout,ridge_cell_drug_fp,"B cells, Saracatinib",0.26076076852284297,1.089891765756725,0.44895154791300673,2.2551365884202714
split_scaffold_heldout,ridge_cell_drug_fp,"Myeloid cells, Saracatinib",0.2655583447177843,1.4482121985115277,0.40123288618606257,2.5143863950592786
split_scaffold_heldout,ridge_cell_drug_fp,"B cells, Lamivudine",0.3383048141936051,0.6068730476931011,0.6261851547880719,1.5776792206958046
split_scaffold_heldout,ridge_cell_drug_fp,"Myeloid cells, Lamivudine",0.25488249469282376,0.7028318234641824,0.5579082106708998,1.685225460863743
split_scaffold_heldout,ridge_cell_drug_fp,"B cells, SLx-2119",0.3808260886425251,0.6974679577067056,0.65248114994387,1.454997918105333
split_scaffold_heldout,ridge_cell_drug_fp,"Myeloid cells, SLx-2119",0.18387149034060057,0.7669416130955533,0.21228715194464867,1.9931084078308805
split_scaffold_heldout,ridge_cell_drug_fp,"B cells, Bosutinib",0.46451572226308624,1.106940274467368,0.6598522025790127,2.1293781176499738
split_scaffold_heldout,ridge_cell_drug_fp,"Myeloid cells, Bosutinib",0.43344460863243706,1.5735156691479502,0.582201579983913,2.587560127579175
split_scaffold_heldout,ridge_cell_drug_fp,"B cells, Clemastine",0.30880771982172045,0.6518472856929314,0.5077767902213105,1.738156800888963
split_scaffold_heldout,ridge_cell_drug_fp,"Myeloid cells, Clemastine",0.38180184519633636,0.6331630977479517,0.662234821640371,1.5606194412103689
split_scaffold_heldout,ridge_cell_drug_fp,"B cells, SB525334",-0.18794595533780567,0.9475095583295453,-0.4119237631444124,2.2661630955788197
split_scaffold_heldout,ridge_cell_drug_fp,"Myeloid cells, SB525334",-0.18772727682990065,1.4359847829365033,-0.2796882042612863,2.779152093667139
split_cell_scaffold_heldout,ridge_cell,"Myeloid cells, IN1451",0.21469877233661536,2.4157956001459797,0.2691710983194597,3.245252448960353
split_cell_scaffold_heldout,ridge_cell,"Myeloid cells, PD-0325901",0.17270806471774441,1.3811728177276044,0.2720070230099444,2.577090848962368
split_cell_scaffold_heldout,ridge_cell,"Myeloid cells, Azacitidine",0.1023188377845084,0.6167879501587612,0.2980735233879034,1.7200076682980348
split_cell_scaffold_heldout,ridge_cell,"Myeloid cells, GO-6976",0.006883427542292216,1.1776711208176789,0.042261348141783533,2.3540971360731415
split_cell_scaffold_heldout,ridge_cell,"Myeloid cells, Pitavastatin Calcium",-0.06718532244691178,2.355220227851409,-0.06922801528445764,3.2358580784747053
split_cell_scaffold_heldout,ridge_cell,"Myeloid cells, ABT737",-0.07757283039531256,0.978175641358874,-0.05065559133781748,2.289803772285268
split_cell_scaffold_heldout,ridge_cell,"Myeloid cells, CEP-37440",0.053791411603972245,0.9566743564607002,0.13244325897240433,2.2396757382021395
split_cell_scaffold_heldout,ridge_cell,"Myeloid cells, Oxybenzone",0.11070105697967839,0.5500733823025749,0.20361196649088456,1.6692532345972195
split_cell_scaffold_heldout,ridge_cell,"Myeloid cells, Tivantinib",0.16633738937706502,0.8231331065543772,0.319041149083282,2.061591527639163
split_cell_scaffold_heldout,ridge_cell,"Myeloid cells, Colchicine",0.13426803090072392,2.468430347353371,0.17843335228515744,3.284575169041268
split_cell_scaffold_heldout,ridge_cell,"Myeloid cells, Selumetinib",0.2127348336072697,1.0611505536304335,0.3673175905131111,2.3122206787209056
split_cell_scaffold_heldout,ridge_cell,"Myeloid cells, RG7090",-0.05904454559242862,0.8880011176226812,-0.03612748708648421,2.123366659887991
split_cell_scaffold_heldout,ridge_cell,"Myeloid cells, K-02288",-0.03505092811456036,1.0094221295101495,-0.04134844281669479,2.3226046009661663
split_cell_scaffold_heldout,ridge_cell,"Myeloid cells, BMS-777607",0.1594047540010368,0.7781264385204864,0.28850429170198316,2.024345956694452
split_cell_scaffold_heldout,ridge_cell,"Myeloid cells, Vorinostat",0.22472846051846712,1.8528744537426867,0.32402855157870497,2.9040881865864336
split_cell_scaffold_heldout,ridge_cell,"Myeloid cells, Ruxolitinib",0.3054649989838626,1.4639771835554913,0.46481819025667237,2.6595688925177408
split_cell_scaffold_heldout,ridge_cell,"Myeloid cells, Vardenafil",0.08852821878643832,0.7113539192312288,0.24269618668089835,1.855322701516231
split_cell_scaffold_heldout,ridge_cell,"Myeloid cells, Flutamide",0.17264938135996574,0.6060764708342421,0.29506551988336965,1.7556123547042246
split_cell_scaffold_heldout,ridge_cell,"Myeloid cells, BMS-536924",0.35314052930166123,1.054613388029274,0.5474947931987433,2.1886428760232155
split_cell_scaffold_heldout,ridge_cell,"Myeloid cells, Amiodarone",0.01156774172622616,0.6557537326131389,0.004076663424061328,1.8881047908180137
split_cell_scaffold_heldout,ridge_cell,"Myeloid cells, Decitabine",0.203609921847014,0.5263990959922411,0.3997262354187056,1.660734675381879
split_cell_scaffold_heldout,ridge_cell,"Myeloid cells, AZD3514",0.3074372903619772,0.8109353504720189,0.541357765718633,1.9788186729791253
split_cell_scaffold_heldout,ridge_cell,"Myeloid cells, Resminostat",0.23911319037681739,1.9513855529321076,0.3358488127874292,2.911423877871649
split_cell_scaffold_heldout,ridge_cell,"Myeloid cells, Saracatinib",0.41080109142444515,1.4196822682416155,0.5527553951401748,2.5054739299795306
split_cell_scaffold_heldout,ridge_cell,"Myeloid cells, Lamivudine",0.1343138846030063,0.7028158220971072,0.3086533404390258,1.8500440064089645
split_cell_scaffold_heldout,ridge_cell,"Myeloid cells, SLx-2119",0.038695280118295115,0.6497394255078217,-0.03873836003841522,2.0653043690453323
split_cell_scaffold_heldout,ridge_cell,"Myeloid cells, Bosutinib",0.3611455141304436,1.6519816690424673,0.4816596400144232,2.7618103834397836
split_cell_scaffold_heldout,ridge_cell,"Myeloid cells, Clemastine",0.18546384486782677,0.6737190894055671,0.427153471037681,1.7848834114569427
split_cell_scaffold_heldout,ridge_cell,"Myeloid cells, SB525334",-0.14093141906188442,1.289134916224665,-0.20870394436845804,2.605954565110336
split_cell_scaffold_heldout,ridge_drug_fp,"Myeloid cells, IN1451",0.12126929655162173,2.4385708306901233,0.15166651024727004,3.275222795680892
split_cell_scaffold_heldout,ridge_drug_fp,"Myeloid cells, PD-0325901",0.15690864012154065,1.3936608837650237,0.23987271835392537,2.571284724219635
split_cell_scaffold_heldout,ridge_drug_fp,"Myeloid cells, Azacitidine",0.08597538171781313,0.6433425925491943,0.2101662429036396,1.7351577150778452
split_cell_scaffold_heldout,ridge_drug_fp,"Myeloid cells, GO-6976",-0.09067339271032608,1.217641715292444,-0.1374083409793992,2.411303421602105
split_cell_scaffold_heldout,ridge_drug_fp,"Myeloid cells, Pitavastatin Calcium",-0.1567683267096566,2.3850019574390626,-0.2076598722444781,3.2775239849783673
split_cell_scaffold_heldout,ridge_drug_fp,"Myeloid cells, ABT737",0.17876484573149404,0.9495940732223196,0.28881823143480834,2.1659008255082175
split_cell_scaffold_heldout,ridge_drug_fp,"Myeloid cells, CEP-37440",0.07844627439204073,1.037616736268296,0.1819692918615789,2.225951696673113
split_cell_scaffold_heldout,ridge_drug_fp,"Myeloid cells, Oxybenzone",-0.1049187426559518,0.6279630139817632,-0.2517828519417591,1.8064169344284604
split_cell_scaffold_heldout,ridge_drug_fp,"Myeloid cells, Tivantinib",0.15320731097302723,0.8678740218213153,0.28685583864174435,2.0472975086400766
split_cell_scaffold_heldout,ridge_drug_fp,"Myeloid cells, Colchicine",0.12918817620795403,2.469489656650426,0.17121399259403822,3.283774314431554
split_cell_scaffold_heldout,ridge_drug_fp,"Myeloid cells, Selumetinib",0.19172964941017717,1.098608301727746,0.3400274025783756,2.2767404224232806
split_cell_scaffold_heldout,ridge_drug_fp,"Myeloid cells, RG7090",-0.1362865369088381,0.970047624889055,-0.23304902042266093,2.2298767922372655
split_cell_scaffold_heldout,ridge_drug_fp,"Myeloid cells, K-02288",-0.05446743195714492,1.07934792933958,-0.07579786494319324,2.3724363650683706
split_cell_scaffold_heldout,ridge_drug_fp,"Myeloid cells, BMS-777607",0.18012013945232172,0.8576211032801121,0.3848227994016922,1.940014204758001
split_cell_scaffold_heldout,ridge_drug_fp,"Myeloid cells, Vorinostat",0.41376658060812893,1.7638907350906345,0.5326345797827624,2.7501076505805466
split_cell_scaffold_heldout,ridge_drug_fp,"Myeloid cells, Ruxolitinib",0.22017135081442707,1.4825436438991473,0.36079084267182526,2.6718430934607165
split_cell_scaffold_heldout,ridge_drug_fp,"Myeloid cells, Vardenafil",0.07082606345237465,0.7559426512659788,0.19392031110204438,1.8622714589714786
split_cell_scaffold_heldout,ridge_drug_fp,"Myeloid cells, Flutamide",0.2146123141794931,0.6342505175334653,0.3810458398920178,1.7019020501823001
split_cell_scaffold_heldout,ridge_drug_fp,"Myeloid cells, BMS-536924",0.18949260353581582,1.1211459359861917,0.3368850703955686,2.224911374515542
split_cell_scaffold_heldout,ridge_drug_fp,"Myeloid cells, Amiodarone",-0.10642559223382513,0.7399367773385852,-0.19730252840707196,1.9920874948872909
split_cell_scaffold_heldout,ridge_drug_fp,"Myeloid cells, Decitabine",0.15871755415158928,0.5630423448928685,0.21843354218432254,1.690795521368736
split_cell_scaffold_heldout,ridge_drug_fp,"Myeloid cells, AZD3514",0.012150286711754776,0.9233200019770152,0.04783657762356659,2.142055357137127
split_cell_scaffold_heldout,ridge_drug_fp,"Myeloid cells, Resminostat",0.058404420314812876,2.002032516626685,0.09998647051710147,2.976760895447596
split_cell_scaffold_heldout,ridge_drug_fp,"Myeloid cells, Saracatinib",-0.036165819968837165,1.5503298670580736,-0.05917369964732089,2.7023492037317105
split_cell_scaffold_heldout,ridge_drug_fp,"Myeloid cells, Lamivudine",0.10537521324191523,0.721176280061571,0.24962698950016834,1.8607819330046003
split_cell_scaffold_heldout,ridge_drug_fp,"Myeloid cells, SLx-2119",0.08675707673581994,0.7667348110711467,0.055190176275393646,2.096516903863833
split_cell_scaffold_heldout,ridge_drug_fp,"Myeloid cells, Bosutinib",0.3190340185960875,1.6396047479849911,0.43626508587305096,2.7140907291307443
split_cell_scaffold_heldout,ridge_drug_fp,"Myeloid cells, Clemastine",0.1199293280460765,0.6955709401914184,0.20133647774652993,1.8266370022707175
split_cell_scaffold_heldout,ridge_drug_fp,"Myeloid cells, SB525334",-0.17714817103213307,1.41692443246691,-0.28920896292991394,2.7487732216218834
split_cell_scaffold_heldout,ridge_cell_drug_fp,"Myeloid cells, IN1451",0.12144404918821837,2.438522723633695,0.15191440319284535,3.2751435515268157
split_cell_scaffold_heldout,ridge_cell_drug_fp,"Myeloid cells, PD-0325901",0.15669632795807953,1.3937986104812208,0.23954102683196718,2.5713858820877022
split_cell_scaffold_heldout,ridge_cell_drug_fp,"Myeloid cells, Azacitidine",0.08545275377398259,0.6431983495468556,0.20929792893285792,1.7354517641411848
split_cell_scaffold_heldout,ridge_cell_drug_fp,"Myeloid cells, GO-6976",-0.0910129022150089,1.2179729477956172,-0.13783775101670392,2.4116312106885434
split_cell_scaffold_heldout,ridge_cell_drug_fp,"Myeloid cells, Pitavastatin Calcium",-0.1564885913597366,2.3848728028310764,-0.2072679834129921,3.2773522163450832
split_cell_scaffold_heldout,ridge_cell_drug_fp,"Myeloid cells, ABT737",0.17875811585875784,0.9496260818891326,0.28878398879104483,2.165914771305811
split_cell_scaffold_heldout,ridge_cell_drug_fp,"Myeloid cells, CEP-37440",0.07902093652083755,1.035397493274883,0.18286930005860177,2.2251867136134273
split_cell_scaffold_heldout,ridge_cell_drug_fp,"Myeloid cells, Oxybenzone",-0.10472710399427412,0.628070593565801,-0.2517459315325601,1.8065461807313656
split_cell_scaffold_heldout,ridge_cell_drug_fp,"Myeloid cells, Tivantinib",0.1525347796397096,0.8671585561411179,0.28459901695681344,2.0485058943561665
split_cell_scaffold_heldout,ridge_cell_drug_fp,"Myeloid cells, Colchicine",0.1294606755131013,2.4694123419101537,0.17157627502726838,3.283735455475811
split_cell_scaffold_heldout,ridge_cell_drug_fp,"Myeloid cells, Selumetinib",0.1918314846828643,1.0985690603570366,0.34016921320155613,2.2766413058103834
split_cell_scaffold_heldout,ridge_cell_drug_fp,"Myeloid cells, RG7090",-0.13627498233554916,0.9704813276570677,-0.23234650610423943,2.2302047812132666
split_cell_scaffold_heldout,ridge_cell_drug_fp,"Myeloid cells, K-02288",-0.05489580122585713,1.078797945071642,-0.07634923775346422,2.3723153115614837
split_cell_scaffold_heldout,ridge_cell_drug_fp,"Myeloid cells, BMS-777607",0.17975626402000014,0.8572725801993336,0.38420152091200643,1.9405421158476515
split_cell_scaffold_heldout,ridge_cell_drug_fp,"Myeloid cells, Vorinostat",0.41384971273742105,1.7638554448615689,0.532661685668099,2.750067372583581
split_cell_scaffold_heldout,ridge_cell_drug_fp,"Myeloid cells, Ruxolitinib",0.2194610137965166,1.4827857880000501,0.3597741013373788,2.6723998246215297
split_cell_scaffold_heldout,ridge_cell_drug_fp,"Myeloid cells, Vardenafil",0.071123958483147,0.7559414314705047,0.1946928172023193,1.8619607083915866
split_cell_scaffold_heldout,ridge_cell_drug_fp,"Myeloid cells, Flutamide",0.21481441322614447,0.6340999711067571,0.38145477826707097,1.7017204294830237
split_cell_scaffold_heldout,ridge_cell_drug_fp,"Myeloid cells, BMS-536924",0.19062590624403786,1.1210397869863218,0.33853284076839135,2.2236661773843336
split_cell_scaffold_heldout,ridge_cell_drug_fp,"Myeloid cells, Amiodarone",-0.10625357166166843,0.7397020816400663,-0.19654354943306085,1.9912837804750974
split_cell_scaffold_heldout,ridge_cell_drug_fp,"Myeloid cells, Decitabine",0.15880137591746568,0.562885859674395,0.21811771228384455,1.6907956248470706
split_cell_scaffold_heldout,ridge_cell_drug_fp,"Myeloid cells, AZD3514",0.012887834613456368,0.9230085044985828,0.049343940579092214,2.14144722814256
split_cell_scaffold_heldout,ridge_cell_drug_fp,"Myeloid cells, Resminostat",0.058522207345104875,2.002020251591879,0.10013792417722774,2.976728728824536
split_cell_scaffold_heldout,ridge_cell_drug_fp,"Myeloid cells, Saracatinib",-0.03643475368198753,1.5504207716078835,-0.05962655287967342,2.702503000230312
split_cell_scaffold_heldout,ridge_cell_drug_fp,"Myeloid cells, Lamivudine",0.10709302889037577,0.7209614861851211,0.25293456046083523,1.8595567056052476
split_cell_scaffold_heldout,ridge_cell_drug_fp,"Myeloid cells, SLx-2119",0.08699107668425919,0.7657895823778025,0.055264112255689425,2.09566154075489
split_cell_scaffold_heldout,ridge_cell_drug_fp,"Myeloid cells, Bosutinib",0.318985687088891,1.6396639591106883,0.43638225070715897,2.7142268476241695
split_cell_scaffold_heldout,ridge_cell_drug_fp,"Myeloid cells, Clemastine",0.12017076745431722,0.6955140425844741,0.20183831117867182,1.8264414015426065
split_cell_scaffold_heldout,ridge_cell_drug_fp,"Myeloid cells, SB525334",-0.17776906265708073,1.4180167881917445,-0.28991569273552914,2.750318210389243
