split,baseline,sample_id,rowwise_pearson,rmse,de_rowwise_pearson,de_rmse
split_random,ridge_cell,"Myeloid cells, MK-5108",0.1976719176949173,0.6131511404073681,0.3745760054551766,1.6737617519164638
split_random,ridge_cell,"NK cells, Ganetespib (STA-9090)",0.46366622927571577,1.0616557327541527,0.6914109678193238,2.2296886395866986
split_random,ridge_cell,"T cells, Clomipramine",0.29869617863842185,0.55876822648488,0.5461600898446629,1.5212030230560312
split_random,ridge_cell,"Myeloid cells, Sunitinib",0.04939638852395634,0.7258078022543591,0.19809053671211982,1.8136334792255264
split_random,ridge_cell,"T cells, Ixabepilone",0.19851012527010092,0.5579035168811358,0.2674289760484784,1.6231985852209225
split_random,ridge_cell,"B cells, Linagliptin",0.04309080784632517,0.6409636917378095,0.06100699106333606,1.774407304024929
split_random,ridge_cell,"NK cells, Linagliptin",0.23896394336371088,0.6092909389048844,0.4698469986585178,1.6878918762315536
split_random,ridge_cell,"T cells, Linagliptin",0.2476956855107628,0.5260876411459332,0.33609604987382874,1.5221140829556665
split_random,ridge_cell,"B cells, 5-(9-Isopropyl-8-methyl-2-morpholino-9H-purin-6-yl)pyrimidin-2-amine",0.7035710291019882,1.1926781869196414,0.8268153505241307,2.1976501105070003
split_random,ridge_cell,"NK cells, O-Demethylated Adapalene",0.1558749442177751,0.6356009366433897,0.2886905812941145,1.7551529548208948
split_random,ridge_cell,"T cells, O-Demethylated Adapalene",0.3745064022406433,0.5622528738338828,0.5367859351814381,1.6602897399454644
split_random,ridge_cell,"NK cells, Protriptyline",0.16743947039647317,0.605923590553973,0.39946868225587895,1.718903288663495
split_random,ridge_cell,"T cells, Raloxifene",-0.0464685601179204,0.937767190084501,-0.015667652854435277,2.0855411357328166
split_random,ridge_cell,"NK cells, BAY 87-2243",0.2911739739705649,0.9102880844967681,0.4529959571693697,2.1948469320730295
split_random,ridge_cell,"T cells, Phenylbutazone",0.09820306880438297,0.5839863259206143,-0.1608865034972987,2.0107040592745076
split_random,ridge_cell,"T cells, K-02288",0.37871580449570535,0.5180520585519786,0.5887213088062723,1.4857238794790362
split_random,ridge_cell,"NK cells, BMS-777607",0.21220346242735147,0.6287771729226368,0.40293778432956373,1.720549821104698
split_random,ridge_cell,"B cells, Porcn Inhibitor III",0.015126337593205268,0.6552653752911831,0.10548385491654629,1.7655853037852318
split_random,ridge_cell,"NK cells, Porcn Inhibitor III",0.11539410718825799,0.732383535422143,0.23671693022552817,1.9492547714339665
split_random,ridge_cell,"T cells, BMS-265246",0.1500540546873793,1.3698688036408282,0.25044565958178844,2.5370914941142515
split_random,ridge_cell,"NK cells, Ruxolitinib",0.39675295719839776,0.6929242931509625,0.6366979766331232,1.7502480988785025
split_random,ridge_cell,"T cells, Dovitinib",0.5331882595337601,0.6786066717053778,0.7560757461117789,1.7993125874860336
split_random,ridge_cell,"NK cells, Navitoclax",0.03744297290570403,0.7179866006367341,0.08099739979961205,1.9374954908495026
split_random,ridge_cell,"NK cells, Palbociclib",0.2654279531479643,0.6127156782551281,0.4451056774886506,1.7038850190790031
split_random,ridge_cell,"T cells, Palbociclib",0.3728830653801736,0.5169756538439533,0.6893986256408561,1.4420449671305111
split_random,ridge_cell,"NK cells, Trametinib",0.3388109454314325,0.6649959130435009,0.5992883124202639,1.7376432779083137
split_random,ridge_cell,"T cells, Trametinib",0.40494492376365815,0.6535834589524492,0.7098022598996715,1.6796064995217586
split_random,ridge_cell,"B cells, FK 866",0.38168732247988996,0.7076963050060475,0.6197332059844892,1.7731633171859915
split_random,ridge_cell,"NK cells, FK 866",0.21680111195836366,0.7244021986894563,0.42273948640548537,1.8595840375058725
split_random,ridge_cell,"T cells, FK 866",0.21430694191731622,0.9709591687845599,0.4015979890335778,2.1370784644267706
split_random,ridge_cell,"T cells, Chlorpheniramine",0.42782207518365795,0.5378900229520491,0.6959474408502745,1.4436345589021726
split_random,ridge_cell,"T cells, BAY 61-3606",0.4088921635512769,1.7746462529641875,0.5183948648706022,2.7531640366791126
split_random,ridge_cell,"T cells, LY2090314",-0.04870673197027914,2.483110709541452,-0.06607048555070041,3.3470825609286288
split_random,ridge_cell,"T cells, Vardenafil",0.30782567541700573,0.5418841973350873,0.5558953204226587,1.5183166281386669
split_random,ridge_cell,"B cells, PF-04691502",0.6591872814232161,0.992434195960146,0.8155350296021076,2.0359977054294833
split_random,ridge_cell,"T cells, Desloratadine",0.23352264487957716,0.5480695444399349,0.4660827730355977,1.4684993175077856
split_random,ridge_cell,"Myeloid cells, Dactolisib",0.5539907972047984,1.9968952249739091,0.6624254029770926,2.9119801850070073
split_random,ridge_cell,"T cells, Dactolisib",0.6717715730424486,1.3906187580901757,0.802054744897389,2.4361201907472
split_random,ridge_cell,"NK cells, IKK Inhibitor VII",0.33070447381398244,0.7136514685263357,0.5696304737382155,1.82308668978698
split_random,ridge_cell,"NK cells, Amiodarone",0.2317745132597617,0.6372968446237459,0.45346381325980606,1.7530473302582352
split_random,ridge_cell,"NK cells, Isoniazid",0.16465669216193118,0.6324968808803438,0.3420220499515353,1.7827257886051338
split_random,ridge_cell,"B cells, Penfluridol",-0.04624441720938539,0.6714721322117382,-0.16789972761892502,1.8780502202182952
split_random,ridge_cell,"NK cells, Decitabine",0.201640791714708,0.6101968194144114,0.3681468099103821,1.6929614120907683
split_random,ridge_cell,"T cells, Decitabine",0.2931870100965552,0.5112147732322257,0.4454252717065369,1.5518460773446714
split_random,ridge_cell,"B cells, CHIR-99021",-0.1583206511874393,0.8812689218157348,-0.3281219829701772,2.1767243003522583
split_random,ridge_cell,"NK cells, CHIR-99021",0.08575317162075922,0.7342725203036494,0.1779664830712717,1.911123738613887
split_random,ridge_cell,"T cells, CHIR-99021",-0.0892004814908155,1.512582902782994,-0.11671840079643274,2.814798759758501
split_random,ridge_cell,"T cells, Defactinib",0.2661440907444968,0.748357359767933,0.4759857571898428,1.9499109650087392
split_random,ridge_cell,"T cells, CC-401",0.4773559173833064,0.7441377013684815,0.7146022745540469,1.7850738417953116
split_random,ridge_cell,"T cells, AT 7867",0.34011831901098544,0.8309720346773233,0.5971012851136325,1.8950415986972045
split_random,ridge_cell,"NK cells, Lamivudine",0.26969581691130323,0.632281686684565,0.4583350557404838,1.823556252982364
split_random,ridge_cell,"Myeloid cells, TGX 221",0.5905761153366301,0.8456755829050783,0.8104736384100373,1.8809280135452289
split_random,ridge_cell,"B cells, Pitavastatin Calcium",-0.11732192793131824,1.1700075685056468,-0.15446841687583948,2.4730612267176735
split_random,ridge_cell,"Myeloid cells, Pitavastatin Calcium",0.06423089067952478,2.330386043741135,0.09275879496937246,3.1978626097194653
split_random,ridge_cell,"B cells, ABT737",-0.08448646622359723,1.02082046840658,-0.1438927043880587,2.236395271654133
split_random,ridge_cell,"Myeloid cells, PRT-062607",0.6948836864539432,1.2869628997849683,0.8247630151910588,2.3025094210285078
split_random,ridge_cell,"NK cells, AZ628",0.3531818904055982,0.6771091695659169,0.6134492468784393,1.7372186526199946
split_random,ridge_cell,"Myeloid cells, Masitinib",0.4262331894050956,0.677868506127496,0.7287864532690083,1.6914074219197763
split_random,ridge_cell,"T cells, CGM-097",-0.0003257275899391946,1.3866190483267637,-0.007972609132751747,2.6780144634184193
split_random,ridge_cell,"NK cells, SLx-2119",0.1816585041158832,0.6975565616726459,0.23305331298999532,1.9521579706442496
split_random,ridge_cell,"T cells, SLx-2119",0.37324974876123845,0.5825146422239217,0.6216752271849433,1.6507625337525327
split_random,ridge_cell,"NK cells, Nefazodone",0.2708800450461101,0.6291987666516242,0.47038063044529826,1.772259105399938
split_random,ridge_cell,"B cells, STK219801",0.31215596524969247,0.6104493219356212,0.5120228720123049,1.7256933326064703
split_random,ridge_cell,"Myeloid cells, STK219801",0.35166514447076835,0.6239055278282618,0.5419231655058047,1.7829090494255815
split_random,ridge_cell,"NK cells, GSK-1070916",0.18580644362512186,0.6348364863556806,0.41674341553012834,1.7441325816750815
split_random,ridge_cell,"Myeloid cells, Ricolinostat",0.13044420770589538,1.1753201500809445,0.24051691619246443,2.384640974730069
split_random,ridge_cell,"T cells, YK 4-279",-0.04664172786040262,0.691177352373576,-0.22153955963503638,1.8666306697167583
split_random,ridge_cell,"NK cells, Midostaurin",0.3651805734224024,0.6989976482005541,0.586018227971759,1.7491440258089361
split_random,ridge_cell,"T cells, CEP-37440",0.4402978151702488,0.6134512883398925,0.7103982070981613,1.6983586402757884
split_random,ridge_cell,"NK cells, Vandetanib",0.28716723073859535,0.6202495516671879,0.6132730404772133,1.7389889066804893
split_random,ridge_cell,"NK cells, Tosedostat",0.3336683146498989,0.7260385167050567,0.5734744317639531,1.8530298000884362
split_random,ridge_cell,"NK cells, ABT-199 (GDC-0199)",0.18580304860119215,0.6297830378183081,0.40522070028113283,1.7770066580842225
split_random,ridge_cell,"NK cells, Mometasone Furoate",0.3991173386924472,0.9105209620808076,0.6207150421598326,2.1173464059315084
split_random,ridge_cell,"T cells, Tipifarnib",0.45645029338061965,0.6165231373717006,0.7485811549015813,1.5955021250940105
split_random,ridge_cell,"B cells, BX 912",0.5857153989040833,0.6457023959521426,0.796794766423072,1.5656843737710753
split_random,ridge_cell,"Myeloid cells, BX 912",0.5142300088295624,0.7385889663774469,0.7613950628680678,1.7351675021803248
split_random,ridge_cell,"NK cells, BX 912",0.3700014098289169,0.6870327016077505,0.5853124485069082,1.7410572679708192
split_random,ridge_cell,"NK cells, Selumetinib",0.29356365832145964,0.6736111756535569,0.5066404657306541,1.7786203476273585
split_random,ridge_cell,"NK cells, Clotrimazole",0.2383645368355689,0.6133432581133742,0.4253194657277654,1.7521921631450224
split_random,ridge_cell,"NK cells, RG7090",0.17007217070007377,0.6622633857236921,0.3947332872542546,1.7954106035717474
split_random,ridge_cell,"NK cells, Mubritinib (TAK 165)",0.32309343243765193,0.8078084231074257,0.5588541759851305,1.9932440986926097
split_random,ridge_cell,"NK cells, Vanoxerine",0.2602966053661502,0.6350834486270243,0.37664143239646836,1.724459912903569
split_random,ridge_cell,"B cells, TIE2 Kinase Inhibitor",0.17909681467494176,0.5810326659429805,0.2942730875638099,1.6080748260759663
split_random,ridge_cell,"Myeloid cells, Lapatinib",-0.06716227600621252,0.732697159572252,-0.038633498906388446,1.9945589143471447
split_random,ridge_cell,"B cells, Clomipramine",0.21075492005241667,0.6062156391766688,0.36429052424402647,1.6676929034656958
split_random,ridge_cell,"Myeloid cells, Ixabepilone",0.1778793215956177,0.6809644156331623,0.31294728862579335,1.8192060481881178
split_random,ridge_cell,"B cells, Phenylbutazone",0.21676460126942024,0.5658554860992935,0.3950331528128257,1.5919196544765488
split_random,ridge_cell,"Myeloid cells, BMS-777607",0.42592321983448744,0.7049079203633878,0.7129937515090315,1.7539520185647124
split_random,ridge_cell,"Myeloid cells, Ruxolitinib",0.6354884993915958,1.325955075934815,0.7915821102697304,2.402012768063133
split_random,ridge_cell,"Myeloid cells, Sgc-cbp30",0.24379774977280821,0.9710932834971886,0.4495895447316599,2.104131197157055
split_random,ridge_cell,"Myeloid cells, Chlorpheniramine",0.22155386803873825,0.5606368134952224,0.43819221707672995,1.5782010945514524
split_random,ridge_cell,"Myeloid cells, BAY 61-3606",0.5238919031797917,1.796498879978183,0.6592898642682757,2.754333007550844
split_random,ridge_cell,"B cells, RVX-208",0.4005270007908582,0.7004826441993618,0.6170940701868876,1.7348600210746163
split_random,ridge_cell,"Myeloid cells, Ketoconazole",0.08017283888507183,1.3891221130388987,0.12050608074365181,2.588180370314908
split_random,ridge_cell,"Myeloid cells, Flutamide",0.297448693289337,0.596497608526105,0.5755077543671593,1.6082341798563282
split_random,ridge_cell,"B cells, BMS-536924",0.707742657557464,0.9182697171099025,0.8640586788596337,1.924131135522167
split_random,ridge_cell,"Myeloid cells, IKK Inhibitor VII",0.6015586885485257,1.3862879645482598,0.7499757522136351,2.4852284899370716
split_random,ridge_cell,"Myeloid cells, IMD-0354",0.5241489431443539,1.4559356408446196,0.6645256504266247,2.5068746590198527
split_random,ridge_cell,"B cells, Decitabine",0.1659202740782493,0.5933361664269734,0.2576623644742308,1.721442463220434
split_random,ridge_cell,"Myeloid cells, Cabozantinib",0.2120364885608526,0.7493030817552643,0.49684093207178265,1.7753019397711036
split_random,ridge_cell,"B cells, Defactinib",0.4494684117521202,0.6685651043870622,0.6978546050586101,1.6202425370409248
split_random,ridge_cell,"Myeloid cells, Nilotinib",0.446792140197261,1.1004670853515133,0.6664252538368507,2.208595522615749
split_random,ridge_cell,"Myeloid cells, Saracatinib",0.6089261246413518,1.3192243843214435,0.7697781954873967,2.312937435116092
split_random,ridge_cell,"B cells, Lamivudine",0.36105553662587325,0.5920109961116493,0.6506438027041666,1.5626684915854203
split_random,ridge_cell,"B cells, AZD-8330",0.6422354498476797,0.6567840365379035,0.8488617008616719,1.620309200332867
split_random,ridge_cell,"B cells, CGM-097",-0.12710820864210298,1.1488643376875698,-0.20838993595119876,2.4744126888844384
split_random,ridge_cell,"Myeloid cells, YK 4-279",0.2525108746482969,0.6127346937128485,0.42708470898023787,1.6103213932548481
split_random,ridge_cell,"B cells, Imatinib",0.17811129619542443,0.5804316070909532,0.42440960904334174,1.6592285481892832
split_random,ridge_cell,"Myeloid cells, Imatinib",0.17548149029250015,0.5623696717036246,0.5066191727131301,1.5285136927297778
split_random,ridge_cell,"Myeloid cells, SCH-58261",0.2623313068890827,0.6536923822972638,0.5257848670814362,1.6784165932019062
split_random,ridge_cell,"Myeloid cells, Tosedostat",0.39158541898209964,0.9488729093399504,0.5701328516174686,2.0560687681169894
split_random,ridge_cell,"B cells, ABT-199 (GDC-0199)",-0.12830285184273402,1.068624179837445,-0.26779052787863045,2.332613413761126
split_random,ridge_cell,"B cells, Mometasone Furoate",0.6124808450933629,1.1260090959737676,0.7589554354479333,2.2181468725783264
split_random,ridge_cell,"B cells, PF-03814735",0.6325890528758372,1.0962639565459071,0.7935293478873773,2.1717996318752966
split_random,ridge_cell,"Myeloid cells, Vanoxerine",0.42584818176904915,0.5691877303118593,0.7340351630997592,1.463305307214565
split_random,ridge_drug_fp,"Myeloid cells, MK-5108",0.2534425299629163,0.5927822210414606,0.45151948580385565,1.6406784834108823
split_random,ridge_drug_fp,"NK cells, Ganetespib (STA-9090)",0.5655811105694641,1.1668014930064636,0.7915673692674232,1.473240640668829
split_random,ridge_drug_fp,"T cells, Clomipramine",0.25170623595312963,0.5998355315082713,0.5192404660609948,1.523759481945159
split_random,ridge_drug_fp,"Myeloid cells, Sunitinib",0.17677865358664363,0.7399623463192654,0.4432005326044204,1.680333380070663
split_random,ridge_drug_fp,"T cells, Ixabepilone",0.15288537680847689,0.5945745591520083,0.4063040417090601,1.6136353955207277
split_random,ridge_drug_fp,"B cells, Linagliptin",0.04633384563077366,0.7493468762109768,0.017252936065848146,1.8304863656707622
split_random,ridge_drug_fp,"NK cells, Linagliptin",0.013864751359943568,0.8084862518133479,0.1243576579988122,1.8062392726791558
split_random,ridge_drug_fp,"T cells, Linagliptin",0.07583558560121044,0.6880910515279057,0.19702668313765173,1.5899905569083908
split_random,ridge_drug_fp,"B cells, 5-(9-Isopropyl-8-methyl-2-morpholino-9H-purin-6-yl)pyrimidin-2-amine",0.6294968783133202,1.0942517388934283,0.7667787705330358,1.754824371818375
split_random,ridge_drug_fp,"NK cells, O-Demethylated Adapalene",0.06892088181253259,0.7668196019571989,0.0461386199779071,1.8382127257885825
split_random,ridge_drug_fp,"T cells, O-Demethylated Adapalene",0.3036037294993309,0.6388066481717289,0.6053516389653406,1.5079066689967695
split_random,ridge_drug_fp,"NK cells, Protriptyline",0.08105396838378062,0.6470921451473015,0.1617249409223325,1.776127498972043
split_random,ridge_drug_fp,"T cells, Raloxifene",0.26673124537470627,0.8482983281144878,0.4933668227813929,1.833532214755158
split_random,ridge_drug_fp,"NK cells, BAY 87-2243",0.5093830035833442,0.896314308811984,0.731052685752592,1.5404998368560654
split_random,ridge_drug_fp,"T cells, Phenylbutazone",0.16606382336145536,0.5629967559168502,0.32603420446943915,1.648173539953157
split_random,ridge_drug_fp,"T cells, K-02288",0.16528734694119523,0.61330375577904,0.37689264048593735,1.6525130354977366
split_random,ridge_drug_fp,"NK cells, BMS-777607",0.10473502709892309,0.7355678795968913,0.1826953059919893,1.777744491969209
split_random,ridge_drug_fp,"B cells, Porcn Inhibitor III",0.1631054540434811,0.7724712233428264,0.3914930609834248,1.6383745086333938
split_random,ridge_drug_fp,"NK cells, Porcn Inhibitor III",0.16466355756680784,0.8752978056078181,0.3726815605865089,1.8498497656657866
split_random,ridge_drug_fp,"T cells, BMS-265246",0.6472373847657108,1.0538204651232257,0.8030262581984833,1.7839618951711584
split_random,ridge_drug_fp,"NK cells, Ruxolitinib",0.2879839377157895,0.8996869313161967,0.4953389039171394,1.6918461560567033
split_random,ridge_drug_fp,"T cells, Dovitinib",0.43919347153997085,0.733687074102812,0.7143966406477471,1.684975704512272
split_random,ridge_drug_fp,"NK cells, Navitoclax",0.16474766874725297,0.7703925363989089,0.3075542198815319,1.8608465026833123
split_random,ridge_drug_fp,"NK cells, Palbociclib",0.11332696696951601,0.7515637132042968,0.2113815825639745,1.771788615728891
split_random,ridge_drug_fp,"T cells, Palbociclib",0.2867287069611772,0.6096037514030863,0.5917466512490025,1.5268709889024674
split_random,ridge_drug_fp,"NK cells, Trametinib",0.19516008937010876,0.9566974980789914,0.41316042354465043,1.7457154846285634
split_random,ridge_drug_fp,"T cells, Trametinib",0.3493187339711153,0.8641760201471103,0.6547984428778777,1.563294838560169
split_random,ridge_drug_fp,"B cells, FK 866",0.25774105268448716,1.001033070221221,0.5386816932599202,1.7362698637765213
split_random,ridge_drug_fp,"NK cells, FK 866",0.16161799270051377,1.049357378685331,0.3621881532409988,1.843906275689247
split_random,ridge_drug_fp,"T cells, FK 866",0.38519973420734976,1.0348305067825037,0.6188139790528729,1.8012743942490113
split_random,ridge_drug_fp,"T cells, Chlorpheniramine",0.1619747298404044,0.6332557736209707,0.36355430822856893,1.657644479010172
split_random,ridge_drug_fp,"T cells, BAY 61-3606",0.6738519004678528,1.4594299280499239,0.761425700041557,2.196772745037703
split_random,ridge_drug_fp,"T cells, LY2090314",0.44299250397917456,2.188077325992216,0.5152605268939457,2.871343471922935
split_random,ridge_drug_fp,"T cells, Vardenafil",0.21904747598047278,0.5823553593896534,0.5048335701110406,1.5816733216361007
split_random,ridge_drug_fp,"B cells, PF-04691502",0.5010143883904171,1.0278869553415317,0.6951051157792467,1.892058944734543
split_random,ridge_drug_fp,"T cells, Desloratadine",0.24148170681365846,0.5382005346294193,0.5218865528354653,1.4561845445803852
split_random,ridge_drug_fp,"Myeloid cells, Dactolisib",0.5452354688524849,1.833957082502525,0.630339999867492,2.592697109874477
split_random,ridge_drug_fp,"T cells, Dactolisib",0.6995005870379456,1.15523192329074,0.808385367025232,1.8590176835944814
split_random,ridge_drug_fp,"NK cells, IKK Inhibitor VII",0.32885280987187815,0.8840336251063289,0.5191844578396847,1.6721055237104494
split_random,ridge_drug_fp,"NK cells, Amiodarone",0.08232049270956988,0.7078404523808366,0.11242226691996449,1.83606495894185
split_random,ridge_drug_fp,"NK cells, Isoniazid",0.0770355908586207,0.6704884130403194,0.19775755337470124,1.8134280143343606
split_random,ridge_drug_fp,"B cells, Penfluridol",0.11220125447788165,0.6382923232573918,0.2773339971974236,1.7199365618516707
split_random,ridge_drug_fp,"NK cells, Decitabine",0.0462435392214099,0.6848136724483355,0.07669436311659987,1.7826057069231118
split_random,ridge_drug_fp,"T cells, Decitabine",0.19463863485544966,0.5350365334124494,0.3103949803073315,1.6342664640393203
split_random,ridge_drug_fp,"B cells, CHIR-99021",0.272922523742799,1.0302726824785,0.5011490493496336,1.7452493602977113
split_random,ridge_drug_fp,"NK cells, CHIR-99021",0.19324851839061075,1.0608649545560056,0.412665724183534,1.7950152754183433
split_random,ridge_drug_fp,"T cells, CHIR-99021",0.34818369462630194,1.4180423403661682,0.5313692217059341,2.3557210686053267
split_random,ridge_drug_fp,"T cells, Defactinib",0.3218688376123642,0.7921134673455702,0.6211445195385276,1.7603134672041725
split_random,ridge_drug_fp,"T cells, CC-401",0.5131661170546941,0.7323784939302745,0.7279280107541196,1.6073168598801248
split_random,ridge_drug_fp,"T cells, AT 7867",0.280102064513172,0.9032077478012129,0.49766174688889125,1.8729450314588256
split_random,ridge_drug_fp,"NK cells, Lamivudine",0.06376362376594354,0.7472933350941383,0.043821553683527754,1.927454773171199
split_random,ridge_drug_fp,"Myeloid cells, TGX 221",0.3531606002143571,0.9649959570556886,0.5492126784358984,1.9984060974424112
split_random,ridge_drug_fp,"B cells, Pitavastatin Calcium",0.5378376495907581,1.043455362514161,0.7422256312482582,1.5695718190813042
split_random,ridge_drug_fp,"Myeloid cells, Pitavastatin Calcium",0.3893538556617452,2.1500220063179194,0.45415338882694806,2.854963624148161
split_random,ridge_drug_fp,"B cells, ABT737",0.2165822289426794,0.941754826960354,0.3593987408334023,1.9970846031063325
split_random,ridge_drug_fp,"Myeloid cells, PRT-062607",0.39108446195926067,1.3924491751009151,0.5413996287305789,2.349567555928952
split_random,ridge_drug_fp,"NK cells, AZ628",0.2654351414014862,0.8180529051310662,0.4421733174344586,1.715998724393142
split_random,ridge_drug_fp,"Myeloid cells, Masitinib",0.2562024582606167,0.7462881311737575,0.48600818101086357,1.8904240870471964
split_random,ridge_drug_fp,"T cells, CGM-097",0.526073414622355,1.1423714353968133,0.7000138228214392,2.042157871118815
split_random,ridge_drug_fp,"NK cells, SLx-2119",0.14008153175833324,0.7705967251055251,0.2629077037896303,1.908918228513974
split_random,ridge_drug_fp,"T cells, SLx-2119",0.23604880031731557,0.6604254552430442,0.49669674283952653,1.6716835680559217
split_random,ridge_drug_fp,"NK cells, Nefazodone",0.11610451318078051,0.6879015251190664,0.1422168980650771,1.858854345570644
split_random,ridge_drug_fp,"B cells, STK219801",0.2146400445716152,0.6724482617499632,0.33953613879411143,1.7687158842157074
split_random,ridge_drug_fp,"Myeloid cells, STK219801",0.2588071817150885,0.6772052462563382,0.4578827630083008,1.7387235512844825
split_random,ridge_drug_fp,"NK cells, GSK-1070916",0.1857800896791384,0.710100196346514,0.2664227444987969,1.756646114657188
split_random,ridge_drug_fp,"Myeloid cells, Ricolinostat",0.4228900433472111,1.0630747574043653,0.597491903954901,2.0551195880595685
split_random,ridge_drug_fp,"T cells, YK 4-279",0.23424092725518034,0.6144090200956469,0.4916801791305746,1.5010248103027652
split_random,ridge_drug_fp,"NK cells, Midostaurin",0.2851003839945891,0.8352620904494045,0.4732576105341455,1.6560776995146558
split_random,ridge_drug_fp,"T cells, CEP-37440",0.37419444997601353,0.6699121138951261,0.6965853466724231,1.620362469807158
split_random,ridge_drug_fp,"NK cells, Vandetanib",0.07400091866104569,0.7322916312987309,0.10591942495972245,1.8736520151080567
split_random,ridge_drug_fp,"NK cells, Tosedostat",0.28416028844007374,0.7855159711145081,0.5004467941785711,1.7711538784321355
split_random,ridge_drug_fp,"NK cells, ABT-199 (GDC-0199)",0.08414286600186267,0.7072129989925704,0.23035001368612107,1.8273592160915417
split_random,ridge_drug_fp,"NK cells, Mometasone Furoate",0.4017045589257472,1.3016956921147702,0.6768241607827117,1.696312241687588
split_random,ridge_drug_fp,"T cells, Tipifarnib",0.3995512905675348,0.6590466058612863,0.6743357462824747,1.5743135184965134
split_random,ridge_drug_fp,"B cells, BX 912",0.40907358306715363,0.8134705416368757,0.6460629300854108,1.55776220316349
split_random,ridge_drug_fp,"Myeloid cells, BX 912",0.2119787630126495,0.9899987872693825,0.4273573601436276,1.9255358178199051
split_random,ridge_drug_fp,"NK cells, BX 912",0.2765491221425697,0.8715360781179529,0.4685787967903735,1.6777526466282493
split_random,ridge_drug_fp,"NK cells, Selumetinib",0.20179315855672478,0.8224568038677393,0.3656832793190886,1.7882502816034311
split_random,ridge_drug_fp,"NK cells, Clotrimazole",0.08411165912707634,0.6958789979905494,0.10462154419824088,1.8509346805713878
split_random,ridge_drug_fp,"NK cells, RG7090",0.1766247726456955,0.7389435455795343,0.29653300621465556,1.7903765750342204
split_random,ridge_drug_fp,"NK cells, Mubritinib (TAK 165)",0.38556567077635234,0.8758493579749245,0.6294367695989157,1.6767881593150662
split_random,ridge_drug_fp,"NK cells, Vanoxerine",0.10748961420503574,0.7153668006178188,0.20460466171479072,1.7652223781785155
split_random,ridge_drug_fp,"B cells, TIE2 Kinase Inhibitor",0.17420236382634605,0.5886485880764396,0.39176667506175095,1.5773054331152359
split_random,ridge_drug_fp,"Myeloid cells, Lapatinib",0.20881280527323925,0.6620294913815211,0.43356498929492787,1.7690905532991574
split_random,ridge_drug_fp,"B cells, Clomipramine",0.1535221771223992,0.6554778793024794,0.30849685954079326,1.6893235768061263
split_random,ridge_drug_fp,"Myeloid cells, Ixabepilone",0.12055427875518572,0.7174110862116736,0.28917325533586147,1.8107557886863381
split_random,ridge_drug_fp,"B cells, Phenylbutazone",0.09979433247212648,0.6080899181818433,0.03574647544969807,1.7253316264538934
split_random,ridge_drug_fp,"Myeloid cells, BMS-777607",0.19509251799171054,0.8152716547147436,0.3647148397419213,1.9564193259063503
split_random,ridge_drug_fp,"Myeloid cells, Ruxolitinib",0.35749367894648765,1.4359019654336522,0.5134819993955765,2.451300617510169
split_random,ridge_drug_fp,"Myeloid cells, Sgc-cbp30",0.26904260475484654,0.9793364062055155,0.4753841376067274,2.052208941954707
split_random,ridge_drug_fp,"Myeloid cells, Chlorpheniramine",0.03493522832150815,0.6214807300188344,0.0623392660085408,1.7424468479058535
split_random,ridge_drug_fp,"Myeloid cells, BAY 61-3606",0.45254572333048,1.7428039500925387,0.5623865952564309,2.5820567392368976
split_random,ridge_drug_fp,"B cells, RVX-208",0.42869050229294214,0.7216900195120991,0.6119489760137611,1.570596699366122
split_random,ridge_drug_fp,"Myeloid cells, Ketoconazole",0.5032772957209524,1.1874767405963436,0.6500762532246858,2.0776397873888475
split_random,ridge_drug_fp,"Myeloid cells, Flutamide",0.1768998289428551,0.6271029174891111,0.3029585737432014,1.7476682973196196
split_random,ridge_drug_fp,"B cells, BMS-536924",0.5040306222311979,0.975235160386352,0.7108196890008228,1.8697052836734462
split_random,ridge_drug_fp,"Myeloid cells, IKK Inhibitor VII",0.331385986988815,1.4997714463412442,0.4936262652332762,2.5178214603782982
split_random,ridge_drug_fp,"Myeloid cells, IMD-0354",0.48840285995867805,1.4108038744309652,0.6323757056815099,2.2239961594197917
split_random,ridge_drug_fp,"B cells, Decitabine",0.07562039011335502,0.6189390832856778,-0.01372110950524891,1.8184217300891168
split_random,ridge_drug_fp,"Myeloid cells, Cabozantinib",0.19768394311836346,0.7581879870398643,0.36020140332340717,1.8347775686993628
split_random,ridge_drug_fp,"B cells, Defactinib",0.30207804210447287,0.7930532343773423,0.5959449729301719,1.616727466441849
split_random,ridge_drug_fp,"Myeloid cells, Nilotinib",0.3112416469802024,1.1675638547779297,0.47141422970559255,2.246374857592549
split_random,ridge_drug_fp,"Myeloid cells, Saracatinib",0.4974403032351712,1.3067520557063934,0.6366566747081162,2.2210515952202483
split_random,ridge_drug_fp,"B cells, Lamivudine",0.18014326661631458,0.6793292307693457,0.35360846330874757,1.7290759260052069
split_random,ridge_drug_fp,"B cells, AZD-8330",0.4143366699789651,0.7823988901187842,0.684457340934323,1.6487972998559142
split_random,ridge_drug_fp,"B cells, CGM-097",0.4885309919013719,0.9507912488473947,0.6942740554899187,1.7417306157854704
split_random,ridge_drug_fp,"Myeloid cells, YK 4-279",0.15599965714293065,0.6559500033857439,0.29961332810247465,1.669833688353246
split_random,ridge_drug_fp,"B cells, Imatinib",0.1116094374811367,0.6139486714174464,0.2065982665959637,1.7402325605891704
split_random,ridge_drug_fp,"Myeloid cells, Imatinib",0.14217267583004933,0.5780236286254018,0.2944467562755135,1.6065209042439055
split_random,ridge_drug_fp,"Myeloid cells, SCH-58261",0.1923643213239256,0.6687409765762085,0.3677369683097674,1.7502888800442182
split_random,ridge_drug_fp,"Myeloid cells, Tosedostat",0.3498658663817072,0.9726667047783147,0.5461349193382677,2.012214087232794
split_random,ridge_drug_fp,"B cells, ABT-199 (GDC-0199)",0.14822664607842684,0.9913275758838767,0.24697900475410872,2.143489383488844
split_random,ridge_drug_fp,"B cells, Mometasone Furoate",0.5180772964722477,1.2932017228025952,0.7300182192324075,1.7789673330370295
split_random,ridge_drug_fp,"B cells, PF-03814735",0.5622314940914829,1.0889651765281354,0.7596605155782995,1.7799870496411478
split_random,ridge_drug_fp,"Myeloid cells, Vanoxerine",0.24964056957939434,0.6380034001065739,0.4586827769724516,1.633356508576222
split_random,ridge_cell_drug_fp,"Myeloid cells, MK-5108",0.28224650165159665,0.6246149665803417,0.5057477503537251,1.5750429226660554
split_random,ridge_cell_drug_fp,"NK cells, Ganetespib (STA-9090)",0.5911499046658565,1.094740901693317,0.8114944745563216,1.4138111636962882
split_random,ridge_cell_drug_fp,"T cells, Clomipramine",0.3076526291049415,0.6143947159851181,0.6119771197790669,1.4349468652835038
split_random,ridge_cell_drug_fp,"Myeloid cells, Sunitinib",0.15473294819903935,0.7792524164025624,0.43697723141263634,1.6752087884370668
split_random,ridge_cell_drug_fp,"T cells, Ixabepilone",0.2674192185200278,0.580044430775173,0.5626801910107764,1.372961009473858
split_random,ridge_cell_drug_fp,"B cells, Linagliptin",0.0727168195676521,0.7822019649478738,0.09794241980939539,1.7973500421485227
split_random,ridge_cell_drug_fp,"NK cells, Linagliptin",0.053541492669115225,0.8285434073108529,0.2244341227413613,1.7524146300470678
split_random,ridge_cell_drug_fp,"T cells, Linagliptin",0.13266642759954714,0.7125808460975335,0.26911124609634923,1.5489132997903727
split_random,ridge_cell_drug_fp,"B cells, 5-(9-Isopropyl-8-methyl-2-morpholino-9H-purin-6-yl)pyrimidin-2-amine",0.7009123178542064,1.0002085292228553,0.8272341376698037,1.5709376043987207
split_random,ridge_cell_drug_fp,"NK cells, O-Demethylated Adapalene",0.1290359898201801,0.7307585676643847,0.21018730754407583,1.7561292240645654
split_random,ridge_cell_drug_fp,"T cells, O-Demethylated Adapalene",0.3805231234817551,0.6189663144393663,0.6352928612814003,1.4737345113508389
split_random,ridge_cell_drug_fp,"NK cells, Protriptyline",0.18386979617220892,0.6325896081501091,0.3395961359357378,1.7115695924892975
split_random,ridge_cell_drug_fp,"T cells, Raloxifene",0.32015780056304705,0.8306469276732991,0.5645899085779408,1.7665932933563864
split_random,ridge_cell_drug_fp,"NK cells, BAY 87-2243",0.5158112923323271,0.86418551274327,0.7372637858721747,1.5613303765043842
split_random,ridge_cell_drug_fp,"T cells, Phenylbutazone",0.21033646114411103,0.5944157931557202,0.126880537207801,1.8006642366175534
split_random,ridge_cell_drug_fp,"T cells, K-02288",0.3368135742627809,0.5746770494367108,0.6131325301619066,1.4520696284338552
split_random,ridge_cell_drug_fp,"NK cells, BMS-777607",0.16070627182659203,0.7036083645205611,0.2960724548098464,1.7243610201938866
split_random,ridge_cell_drug_fp,"B cells, Porcn Inhibitor III",0.1867144231572873,0.7834175314059307,0.40050237970488695,1.6286428133563762
split_random,ridge_cell_drug_fp,"NK cells, Porcn Inhibitor III",0.22720013406834563,0.8725174148749859,0.49036181191702455,1.7546158130515672
split_random,ridge_cell_drug_fp,"T cells, BMS-265246",0.6534732616770772,1.0449790282491334,0.8088139643895027,1.7537777225846856
split_random,ridge_cell_drug_fp,"NK cells, Ruxolitinib",0.3460250546897116,0.8087159197936201,0.5880003055110747,1.5937079585157385
split_random,ridge_cell_drug_fp,"T cells, Dovitinib",0.5540668232379697,0.675144817317391,0.8033344113077483,1.4843074256593713
split_random,ridge_cell_drug_fp,"NK cells, Navitoclax",0.18350077623430872,0.8092029027863819,0.3434459662438597,1.8397017444061166
split_random,ridge_cell_drug_fp,"NK cells, Palbociclib",0.20060331710509777,0.6983300347008924,0.39477576211261267,1.6780565603622448
split_random,ridge_cell_drug_fp,"T cells, Palbociclib",0.37388724700606285,0.5834160470280146,0.6943117773428484,1.39700128058937
split_random,ridge_cell_drug_fp,"NK cells, Trametinib",0.22832933715378018,0.9188678661080888,0.4954088648890449,1.6697006738131188
split_random,ridge_cell_drug_fp,"T cells, Trametinib",0.42501871621561566,0.7990390244532957,0.7208303270115545,1.4463779506521566
split_random,ridge_cell_drug_fp,"B cells, FK 866",0.330822900429011,0.9385121294263612,0.6372526335294335,1.5867519115481323
split_random,ridge_cell_drug_fp,"NK cells, FK 866",0.1935992084169495,0.9976457889314991,0.4126386797814986,1.789283603162048
split_random,ridge_cell_drug_fp,"T cells, FK 866",0.4298152253998596,0.9857764350047385,0.6643857390945018,1.7259493660122576
split_random,ridge_cell_drug_fp,"T cells, Chlorpheniramine",0.3012180977550541,0.6061611503599821,0.5856895221429955,1.521114750494362
split_random,ridge_cell_drug_fp,"T cells, BAY 61-3606",0.7062010063849355,1.4076783988294757,0.7885717926528972,2.112586506796315
split_random,ridge_cell_drug_fp,"T cells, LY2090314",0.4667103578312411,2.1593322415119816,0.5349989139950985,2.833512491765831
split_random,ridge_cell_drug_fp,"T cells, Vardenafil",0.3334423794435441,0.5658509798113315,0.5825270661172549,1.4648608746848462
split_random,ridge_cell_drug_fp,"B cells, PF-04691502",0.610277551925551,0.9345680804107729,0.7932240049706029,1.6748916693296245
split_random,ridge_cell_drug_fp,"T cells, Desloratadine",0.3390454642478877,0.5382238620803484,0.5753754919941408,1.346674427331793
split_random,ridge_cell_drug_fp,"Myeloid cells, Dactolisib",0.6211673003631014,1.7386143779952068,0.7054988994700115,2.452100143478677
split_random,ridge_cell_drug_fp,"T cells, Dactolisib",0.7550986327540653,1.0659203685579046,0.8456597963493924,1.6996756530979726
split_random,ridge_cell_drug_fp,"NK cells, IKK Inhibitor VII",0.3652160759717191,0.8071853323873976,0.5743262414038091,1.6139753800126204
split_random,ridge_cell_drug_fp,"NK cells, Amiodarone",0.10361466556580008,0.7119347890874022,0.20925632421227813,1.8057677193121457
split_random,ridge_cell_drug_fp,"NK cells, Isoniazid",0.12839059396658475,0.6628820966522365,0.3108031801213364,1.7743607926642664
split_random,ridge_cell_drug_fp,"B cells, Penfluridol",0.1126821523408007,0.6630318680899138,0.24480582404347465,1.7339818153995858
split_random,ridge_cell_drug_fp,"NK cells, Decitabine",0.11575317973234293,0.6795688834157312,0.20907590472998802,1.7322862468522489
split_random,ridge_cell_drug_fp,"T cells, Decitabine",0.2725922564877769,0.5526698703514015,0.45473182680192314,1.5402908678770704
split_random,ridge_cell_drug_fp,"B cells, CHIR-99021",0.2609344704150936,1.0570106450256216,0.46659747958623066,1.79193464894107
split_random,ridge_cell_drug_fp,"NK cells, CHIR-99021",0.2241076559537789,1.0592443991079405,0.46372409855718283,1.7457051865978912
split_random,ridge_cell_drug_fp,"T cells, CHIR-99021",0.37757682357040695,1.4038092751563853,0.570497860513209,2.2873685277644222
split_random,ridge_cell_drug_fp,"T cells, Defactinib",0.410523530971802,0.7493237142810458,0.6944672933297449,1.6325439842740936
split_random,ridge_cell_drug_fp,"T cells, CC-401",0.5509724415551089,0.7173707358841139,0.7727657445135011,1.5007021638254259
split_random,ridge_cell_drug_fp,"T cells, AT 7867",0.3537474272629763,0.8744309369496694,0.6025333921782382,1.7619332352796113
split_random,ridge_cell_drug_fp,"NK cells, Lamivudine",0.11459917562688642,0.7252799353273095,0.20287132829509572,1.8721551319671905
split_random,ridge_cell_drug_fp,"Myeloid cells, TGX 221",0.5218353006341391,0.8619357501094398,0.7588392411816285,1.7269282229777694
split_random,ridge_cell_drug_fp,"B cells, Pitavastatin Calcium",0.5346558217712549,1.0475522719053079,0.7450132446557617,1.5644747103906356
split_random,ridge_cell_drug_fp,"Myeloid cells, Pitavastatin Calcium",0.41563306240378983,2.1195117004119215,0.4821077427799309,2.8140642369300806
split_random,ridge_cell_drug_fp,"B cells, ABT737",0.2197028812797329,0.958835994192126,0.3577804348834901,1.994539236278878
split_random,ridge_cell_drug_fp,"Myeloid cells, PRT-062607",0.5686547681844109,1.240532637445575,0.7352235396285283,2.0765714514474305
split_random,ridge_cell_drug_fp,"NK cells, AZ628",0.3141885298612433,0.7549978311458957,0.517701431267775,1.654858983667638
split_random,ridge_cell_drug_fp,"Myeloid cells, Masitinib",0.3866226348396679,0.7109266305207759,0.6874422206321482,1.6737953096285312
split_random,ridge_cell_drug_fp,"T cells, CGM-097",0.5255191324155183,1.1439486977955085,0.6922179118110906,2.034992791441607
split_random,ridge_cell_drug_fp,"NK cells, SLx-2119",0.1643472891608754,0.76203630805068,0.32105775285257426,1.8787021060107414
split_random,ridge_cell_drug_fp,"T cells, SLx-2119",0.3215040788803932,0.6457583748692626,0.6173387792789748,1.570586141438211
split_random,ridge_cell_drug_fp,"NK cells, Nefazodone",0.17165196269519042,0.6794853175524347,0.26500533016667965,1.8169477219233752
split_random,ridge_cell_drug_fp,"B cells, STK219801",0.29671057984611976,0.6620711927899926,0.4794120820788814,1.6318420887987635
split_random,ridge_cell_drug_fp,"Myeloid cells, STK219801",0.36077782796807917,0.6645560760220734,0.5964474736914366,1.599506653670303
split_random,ridge_cell_drug_fp,"NK cells, GSK-1070916",0.22802707194319705,0.6802405183966964,0.37347980790063384,1.7076730298328884
split_random,ridge_cell_drug_fp,"Myeloid cells, Ricolinostat",0.4411257222467389,1.0547222568758488,0.6199142019637439,2.012697262135689
split_random,ridge_cell_drug_fp,"T cells, YK 4-279",0.24818708157166317,0.6327530677847018,0.40880263033431447,1.5451208682125819
split_random,ridge_cell_drug_fp,"NK cells, Midostaurin",0.3170534295471059,0.7867208572587072,0.5214163465520961,1.6193535531134713
split_random,ridge_cell_drug_fp,"T cells, CEP-37440",0.450546846983969,0.6512203706946106,0.7359884552237846,1.5109541245761307
split_random,ridge_cell_drug_fp,"NK cells, Vandetanib",0.14575363171019926,0.7008550835236245,0.2958925050238511,1.7985887649712402
split_random,ridge_cell_drug_fp,"NK cells, Tosedostat",0.27404864353335645,0.7872704935558644,0.505214319313715,1.77395629535855
split_random,ridge_cell_drug_fp,"NK cells, ABT-199 (GDC-0199)",0.13846278684419078,0.718538370406322,0.36767292090640297,1.758421438142284
split_random,ridge_cell_drug_fp,"NK cells, Mometasone Furoate",0.4230946426196737,1.2205388193914828,0.701849533148052,1.6284839449234219
split_random,ridge_cell_drug_fp,"T cells, Tipifarnib",0.4605502410876017,0.6440995935412867,0.741783215885563,1.4621330159640311
split_random,ridge_cell_drug_fp,"B cells, BX 912",0.4962295752043719,0.7542547586840886,0.7427511639854897,1.3817514420785948
split_random,ridge_cell_drug_fp,"Myeloid cells, BX 912",0.3678364792237582,0.8925291795595067,0.6704950975258349,1.6469832003475773
split_random,ridge_cell_drug_fp,"NK cells, BX 912",0.31944797547958564,0.7968749747348748,0.5390831409715461,1.6141066357009148
split_random,ridge_cell_drug_fp,"NK cells, Selumetinib",0.2652736728892379,0.7560652169827085,0.46660892215395494,1.71129000308418
split_random,ridge_cell_drug_fp,"NK cells, Clotrimazole",0.1345121190147815,0.6906421661866932,0.2216416201130836,1.8011277182805456
split_random,ridge_cell_drug_fp,"NK cells, RG7090",0.22112776918650956,0.7409025683707374,0.4036453813942957,1.7274979217004343
split_random,ridge_cell_drug_fp,"NK cells, Mubritinib (TAK 165)",0.3924766020143929,0.8592622310122157,0.6362628673316694,1.6736765240461708
split_random,ridge_cell_drug_fp,"NK cells, Vanoxerine",0.1623996587073963,0.6974119163625481,0.3028516448811751,1.718737258328816
split_random,ridge_cell_drug_fp,"B cells, TIE2 Kinase Inhibitor",0.23047511949338756,0.5979761987551255,0.4617954798322452,1.526041117900498
split_random,ridge_cell_drug_fp,"Myeloid cells, Lapatinib",0.18426517464885028,0.7096278539940993,0.37893848294779714,1.7899318488780567
split_random,ridge_cell_drug_fp,"B cells, Clomipramine",0.21264932881339388,0.6739898637113645,0.36522507600974125,1.6388645072785277
split_random,ridge_cell_drug_fp,"Myeloid cells, Ixabepilone",0.17618570019869614,0.7371581619267672,0.37889792564709723,1.753196687073359
split_random,ridge_cell_drug_fp,"B cells, Phenylbutazone",0.16310636775842496,0.6335295791663442,0.16819663461285025,1.6754045836128728
split_random,ridge_cell_drug_fp,"Myeloid cells, BMS-777607",0.3685263097950704,0.7538612044027299,0.6703015161027822,1.707224483156556
split_random,ridge_cell_drug_fp,"Myeloid cells, Ruxolitinib",0.5228339843221843,1.2968333360095092,0.7067074466970559,2.2082182446615013
split_random,ridge_cell_drug_fp,"Myeloid cells, Sgc-cbp30",0.30805253346722716,0.9694174134291216,0.5414976898393047,1.9842514334525783
split_random,ridge_cell_drug_fp,"Myeloid cells, Chlorpheniramine",0.16526832571200845,0.6255470393738901,0.3775010285040244,1.6040362938990094
split_random,ridge_cell_drug_fp,"Myeloid cells, BAY 61-3606",0.5556984262020207,1.6374435340045137,0.6777246525991115,2.4113685718157525
split_random,ridge_cell_drug_fp,"B cells, RVX-208",0.49583580156571105,0.6955904877105916,0.6944648537655107,1.4441917237302087
split_random,ridge_cell_drug_fp,"Myeloid cells, Ketoconazole",0.5351960034172722,1.1613162828570824,0.6807361998821423,2.00160501567618
split_random,ridge_cell_drug_fp,"Myeloid cells, Flutamide",0.27280984648454787,0.6380255038091657,0.532765846555953,1.6087328598013155
split_random,ridge_cell_drug_fp,"B cells, BMS-536924",0.6321514967707663,0.870339086376082,0.8207901685222113,1.626046522890225
split_random,ridge_cell_drug_fp,"Myeloid cells, IKK Inhibitor VII",0.48939501216210773,1.3668091265905267,0.6742217175691878,2.2893965323799392
split_random,ridge_cell_drug_fp,"Myeloid cells, IMD-0354",0.580466294979002,1.3089214459004723,0.7271959164293912,2.049907230565256
split_random,ridge_cell_drug_fp,"B cells, Decitabine",0.12945890767213666,0.6458058090627304,0.15238944833984822,1.7650373493615656
split_random,ridge_cell_drug_fp,"Myeloid cells, Cabozantinib",0.27995455167380884,0.7543361638444289,0.5255411318147138,1.7126816955099586
split_random,ridge_cell_drug_fp,"B cells, Defactinib",0.4316369227409188,0.7293425156974584,0.7299168106660321,1.4335230812087987
split_random,ridge_cell_drug_fp,"Myeloid cells, Nilotinib",0.4408200647811076,1.0914364225675852,0.6636732799507744,2.04540135788839
split_random,ridge_cell_drug_fp,"Myeloid cells, Saracatinib",0.6209455101265305,1.2003084906291723,0.7747780684902885,2.0171119537728317
split_random,ridge_cell_drug_fp,"B cells, Lamivudine",0.27087444709377806,0.6709716061189729,0.5628764284511777,1.5988728214869057
split_random,ridge_cell_drug_fp,"B cells, AZD-8330",0.5449363161690706,0.7075458509065862,0.7998772675407803,1.4133003108762472
split_random,ridge_cell_drug_fp,"B cells, CGM-097",0.4636417263538345,0.9750707753579044,0.6640047033573234,1.7824201535640576
split_random,ridge_cell_drug_fp,"Myeloid cells, YK 4-279",0.3016434863327034,0.6403163954328749,0.551834626037829,1.5031233332365674
split_random,ridge_cell_drug_fp,"B cells, Imatinib",0.16034104191398604,0.6376527658858581,0.37520345070305233,1.6567491129734477
split_random,ridge_cell_drug_fp,"Myeloid cells, Imatinib",0.19492878266962393,0.6115170816042695,0.4475135847411757,1.518758926665349
split_random,ridge_cell_drug_fp,"Myeloid cells, SCH-58261",0.22243559562405757,0.7004073588583458,0.4009020572230985,1.714798227296999
split_random,ridge_cell_drug_fp,"Myeloid cells, Tosedostat",0.41404559674467867,0.9412831768549685,0.6310378267989345,1.9252981992115754
split_random,ridge_cell_drug_fp,"B cells, ABT-199 (GDC-0199)",0.16356808376956264,1.0022923449021828,0.2595334159487174,2.1277683655214035
split_random,ridge_cell_drug_fp,"B cells, Mometasone Furoate",0.5714403334962553,1.2122744648127808,0.7774970933160374,1.6416161563595137
split_random,ridge_cell_drug_fp,"B cells, PF-03814735",0.6483292500996258,0.9882707035033186,0.826813113584844,1.5797429369554123
split_random,ridge_cell_drug_fp,"Myeloid cells, Vanoxerine",0.33690945090011215,0.6258898816776742,0.652498571731139,1.4773250346382032
split_cell_heldout,ridge_cell,"Myeloid cells, MK-5108",0.10389884604242214,0.6024153718258543,0.23847543328117457,1.751158575810865
split_cell_heldout,ridge_cell,"Myeloid cells, Ganetespib (STA-9090)",0.3975180403434655,1.4579154039106565,0.5556472716901611,2.548348366559892
split_cell_heldout,ridge_cell,"Myeloid cells, Sunitinib",0.08786275565910652,0.676612723176978,0.23293762197206924,1.8055880999581333
split_cell_heldout,ridge_cell,"Myeloid cells, Tivozanib",0.0968004406321383,0.7720743359709992,0.18225832398540298,2.0138862058404565
split_cell_heldout,ridge_cell,"Myeloid cells, Tamatinib",0.33082632058358885,1.3611032450867075,0.4880970568706712,2.5259452518127077
split_cell_heldout,ridge_cell,"Myeloid cells, Linagliptin",-0.06727624364047327,0.7277106196568368,-0.1474357346514104,1.9792046132675738
split_cell_heldout,ridge_cell,"Myeloid cells, 5-(9-Isopropyl-8-methyl-2-morpholino-9H-purin-6-yl)pyrimidin-2-amine",0.38976816167632583,1.5551201479745658,0.5348911595328191,2.6967159115160917
split_cell_heldout,ridge_cell,"Myeloid cells, O-Demethylated Adapalene",0.10562893956501568,0.8233490398259933,0.19446126848252962,2.231893662349192
split_cell_heldout,ridge_cell,"Myeloid cells, I-BET151",0.3006548442392953,1.7400946378937372,0.4194531967032281,2.822381659016001
split_cell_heldout,ridge_cell,"Myeloid cells, GW843682X",0.050556031622157216,0.75690738336293,0.13911548160437537,2.073528665859635
split_cell_heldout,ridge_cell,"Myeloid cells, IN1451",0.24291334366208897,2.409328040038857,0.3029826093688116,3.2370540470618234
split_cell_heldout,ridge_cell,"Myeloid cells, Raloxifene",-0.042128868908844895,1.0079061802021791,-0.025243636847177495,2.271017041994997
split_cell_heldout,ridge_cell,"Myeloid cells, Topotecan",0.12104486142503612,1.4929388475894905,0.2011805213925895,2.6451960882158394
split_cell_heldout,ridge_cell,"Myeloid cells, BAY 87-2243",0.18949318907958201,1.4340944467920926,0.2487419356671829,2.594109571245713
split_cell_heldout,ridge_cell,"Myeloid cells, Porcn Inhibitor III",-0.1567944140649771,1.230160768802006,-0.22538714804490328,2.57518415886424
split_cell_heldout,ridge_cell,"Myeloid cells, TL_HRAS26",0.00768322957383285,0.6433672897543702,-0.01452788589553219,1.9650233827327577
split_cell_heldout,ridge_cell,"Myeloid cells, BMS-265246",0.058735890498836325,1.7432862046648432,0.12929280006467334,2.8759929276058736
split_cell_heldout,ridge_cell,"Myeloid cells, Pomalidomide",-0.030296089203510318,1.086765444462897,0.04796318296230839,2.546234267399581
split_cell_heldout,ridge_cell,"Myeloid cells, Dovitinib",-0.008300321772789004,0.9651143148295662,0.08215730906750675,2.279370764722
split_cell_heldout,ridge_cell,"Myeloid cells, Navitoclax",-0.2255578862699315,0.9295203488674165,-0.3493444169432244,2.1797886206888304
split_cell_heldout,ridge_cell,"Myeloid cells, Methotrexate",0.0525234666241874,0.9312144520964488,0.1156078169529755,2.14011512116456
split_cell_heldout,ridge_cell,"Myeloid cells, Palbociclib",0.16636105955649527,0.7749513640613717,0.3693507658346915,1.9831337578252048
split_cell_heldout,ridge_cell,"Myeloid cells, AMD-070 (hydrochloride)",0.09530027264230782,0.7547829627680425,0.20475012366935874,2.035943887745268
split_cell_heldout,ridge_cell,"Myeloid cells, FK 866",0.1311018132308104,1.1697945385674051,0.22052474526007124,2.376767412277774
split_cell_heldout,ridge_cell,"Myeloid cells, Scriptaid",0.2517028729521301,1.9078928563544102,0.35341427776467654,2.945909203741138
split_cell_heldout,ridge_cell,"Myeloid cells, Dactolisib",0.4259454974026009,2.07782260698495,0.5332567379904908,3.0338655298030766
split_cell_heldout,ridge_cell,"Myeloid cells, Isoniazid",0.08804332403326998,0.611692894861008,0.15712645642162865,1.7603314225808453
split_cell_heldout,ridge_cell,"Myeloid cells, Idelalisib",0.11920136718345266,0.9802983921925943,0.24183179264884075,2.1460760026507164
split_cell_heldout,ridge_cell,"Myeloid cells, Penfluridol",0.04003407662453948,0.7437742959915467,0.1419923608297763,1.874520698029685
split_cell_heldout,ridge_cell,"Myeloid cells, Quizartinib",0.10205217770661401,0.7924594936558556,0.18413794659955438,2.2351101714975163
split_cell_heldout,ridge_cell,"Myeloid cells, PD-0325901",0.16780008348644743,1.3823660784443026,0.2633628563115021,2.57991300375082
split_cell_heldout,ridge_cell,"Myeloid cells, LDN 193189",-0.0805911256054408,0.8173462601047868,-0.07700226032958224,2.070728648219518
split_cell_heldout,ridge_cell,"Myeloid cells, Riociguat",0.21365264280242116,0.5840908798582766,0.42412554379967554,1.6816523342948224
split_cell_heldout,ridge_cell,"Myeloid cells, CHIR-99021",-0.06495282215188054,1.24373199123462,-0.11091728919709322,2.4735648343846988
split_cell_heldout,ridge_cell,"Myeloid cells, BI-D1870",0.11438320405332081,0.8778757823941609,0.26904208434680804,2.1084360941455493
split_cell_heldout,ridge_cell,"Myeloid cells, Crizotinib",0.3393499234404774,0.9358697515649242,0.5073491997552193,2.1701024794522525
split_cell_heldout,ridge_cell,"Myeloid cells, Azacitidine",0.10289540880679265,0.6156340414470594,0.29315507420806997,1.7217819787638011
split_cell_heldout,ridge_cell,"Myeloid cells, TR-14035",0.16635194374506113,0.6165046660659718,0.30324524205841064,1.78323836890735
split_cell_heldout,ridge_cell,"Myeloid cells, AT 7867",0.10397261466558982,1.3285953355509634,0.2232010244342843,2.531843606831695
split_cell_heldout,ridge_cell,"Myeloid cells, GO-6976",0.010570852314121184,1.176090648196839,0.04918654923310225,2.352449218431289
split_cell_heldout,ridge_cell,"Myeloid cells, TGX 221",0.32521397623833825,0.9528254435486524,0.521263551730547,2.1605509413260817
split_cell_heldout,ridge_cell,"Myeloid cells, Pitavastatin Calcium",-0.057279928133946105,2.3523252055218227,-0.05676811319090942,3.232339077341762
split_cell_heldout,ridge_cell,"Myeloid cells, ABT737",-0.06642255326858093,0.9745327595911953,-0.03147738513374736,2.2842243110776272
split_cell_heldout,ridge_cell,"Myeloid cells, PRT-062607",0.3482954275390072,1.4386996936277303,0.48942240273936494,2.579058024797164
split_cell_heldout,ridge_cell,"Myeloid cells, AZ628",0.18388851023288605,0.9797358150241081,0.3111227252954586,2.1803559090867783
split_cell_heldout,ridge_cell,"Myeloid cells, Masitinib",0.23635212770512012,0.729960131618058,0.48722717345398353,1.937548605465521
split_cell_heldout,ridge_cell,"Myeloid cells, STK219801",0.21794024501142847,0.6459434739337265,0.35697171771897074,1.9014479955720192
split_cell_heldout,ridge_cell,"Myeloid cells, Ricolinostat",0.046668250259335305,1.181833239811637,0.1080393699974411,2.437063782630553
split_cell_heldout,ridge_cell,"Myeloid cells, Midostaurin",0.17351422038051612,1.1500067636030087,0.303000475497041,2.3900265941562346
split_cell_heldout,ridge_cell,"Myeloid cells, CEP-37440",0.0515997949924766,0.9564942955793164,0.12755914893765785,2.2410081812810607
split_cell_heldout,ridge_cell,"Myeloid cells, R428",0.17947850892486772,2.044604438486791,0.25387472965349916,3.0412977663012355
split_cell_heldout,ridge_cell,"Myeloid cells, Oxybenzone",0.11083549929099044,0.5488768383476312,0.20341641024644144,1.669198644063795
split_cell_heldout,ridge_cell,"Myeloid cells, Tivantinib",0.17943862773073405,0.8195296271547631,0.34000424133423435,2.055947740997848
split_cell_heldout,ridge_cell,"Myeloid cells, Colchicine",0.1352302809963498,2.468365484385234,0.17945127747093403,3.2846137737401104
split_cell_heldout,ridge_cell,"Myeloid cells, BX 912",0.21364152485611518,0.8366392371455612,0.37306540854157394,2.0278262126913504
split_cell_heldout,ridge_cell,"Myeloid cells, Selumetinib",0.2132260645686891,1.0609838266836635,0.3638599781858813,2.313777906249991
split_cell_heldout,ridge_cell,"Myeloid cells, RG7090",-0.04408263090366228,0.88347518608905,-0.003549864523906471,2.1145675967035285
split_cell_heldout,ridge_cell,"Myeloid cells, GLPG0634",0.2882740868131172,0.9066437537818068,0.5395891754071825,2.0883386656012726
split_cell_heldout,ridge_cell,"Myeloid cells, TIE2 Kinase Inhibitor",-0.022567979097931287,0.6796968053903162,-0.012207294911787497,1.9194605813023637
split_cell_heldout,ridge_cell,"Myeloid cells, Lapatinib",-0.13176617428639262,0.694725725144164,-0.20095713150939354,1.9999469648966506
split_cell_heldout,ridge_cell,"Myeloid cells, Atorvastatin",-0.057368965160204954,0.7602312554499389,-0.14151173749169133,2.1377650073587375
split_cell_heldout,ridge_cell,"Myeloid cells, Clomipramine",0.2188872502452469,0.662633838032406,0.4576465442267924,1.8139356121534151
split_cell_heldout,ridge_cell,"Myeloid cells, Ixabepilone",0.09658040420020692,0.6708183821335527,0.08483973997154427,1.9003101238495936
split_cell_heldout,ridge_cell,"Myeloid cells, Protriptyline",-0.007269348926276478,0.5736159515903508,-0.1559246457746449,1.7713090797296767
split_cell_heldout,ridge_cell,"Myeloid cells, Phenylbutazone",-0.019658351908508218,0.6036774804799822,-0.09594401502920535,1.735038740526688
split_cell_heldout,ridge_cell,"Myeloid cells, K-02288",-0.02974271983226385,1.0072714110368768,-0.03243874247624268,2.3197272020521864
split_cell_heldout,ridge_cell,"Myeloid cells, BMS-777607",0.15863570640125804,0.7777780789473525,0.2840793709914597,2.0256826028886157
split_cell_heldout,ridge_cell,"Myeloid cells, Vorinostat",0.2615102531694481,1.8442128548466308,0.37298795476568813,2.8913566320873545
split_cell_heldout,ridge_cell,"Myeloid cells, Ruxolitinib",0.3073316815372324,1.4640362504358713,0.4656331604978585,2.660218873490876
split_cell_heldout,ridge_cell,"Myeloid cells, AVL-292",0.18334053760941593,0.9389965796793154,0.33845009630322953,2.173463123385563
split_cell_heldout,ridge_cell,"Myeloid cells, Trametinib",-0.008874807913617706,1.4589115528539187,-0.004580915659922299,2.6605964114496246
split_cell_heldout,ridge_cell,"Myeloid cells, Sgc-cbp30",0.2225310636665191,0.9707176711793459,0.4034518516701467,2.165198651498881
split_cell_heldout,ridge_cell,"Myeloid cells, Chlorpheniramine",0.03513188370242609,0.5675392190023216,-0.035108825160533375,1.7420625412724298
split_cell_heldout,ridge_cell,"Myeloid cells, BAY 61-3606",0.3290034356267121,1.888865941158006,0.43285743618631317,2.9074041711819514
split_cell_heldout,ridge_cell,"Myeloid cells, LY2090314",0.09728362480055876,2.1436721164408095,0.14262137907546354,3.104658017136869
split_cell_heldout,ridge_cell,"Myeloid cells, Vardenafil",0.09168260491600527,0.7097688718897236,0.24744241962474517,1.8537305390653251
split_cell_heldout,ridge_cell,"Myeloid cells, Dasatinib",0.4007498592565794,1.5107462772979092,0.5507393628307022,2.58442231892563
split_cell_heldout,ridge_cell,"Myeloid cells, AT13387",0.3622031132226762,1.3214706779475345,0.5151381513930736,2.4073693871370696
split_cell_heldout,ridge_cell,"Myeloid cells, Perhexiline",0.32133812966474967,0.9210488936521273,0.5198073794367614,2.1069975932957625
split_cell_heldout,ridge_cell,"Myeloid cells, RVX-208",0.20199970153314692,0.8915435921744281,0.35779844642456415,2.0977027036027818
split_cell_heldout,ridge_cell,"Myeloid cells, Ketoconazole",-0.10889274128614286,1.4192525614397102,-0.20587438843799555,2.6683385294233113
split_cell_heldout,ridge_cell,"Myeloid cells, Disulfiram",-0.020525209073831804,0.6593784185492584,-0.09686764930318359,1.9323455475602125
split_cell_heldout,ridge_cell,"Myeloid cells, Flutamide",0.16342175694007186,0.6074134015578396,0.2762184621852856,1.7623450780503944
split_cell_heldout,ridge_cell,"Myeloid cells, Desloratadine",0.08540101430588529,0.6347859067813403,0.1467429600250191,1.7500956152520082
split_cell_heldout,ridge_cell,"Myeloid cells, BMS-536924",0.35296702310083444,1.0551090693198788,0.5455359635950009,2.1908013448057657
split_cell_heldout,ridge_cell,"Myeloid cells, IKK Inhibitor VII",0.24065006817475112,1.5276469547972544,0.3775559530552846,2.740611078134734
split_cell_heldout,ridge_cell,"Myeloid cells, Amiodarone",0.02099398365004201,0.6524330742936404,0.02965868503240598,1.8808264496888063
split_cell_heldout,ridge_cell,"Myeloid cells, IMD-0354",0.32949007889053245,1.545515575933449,0.4681287104494006,2.666896121336567
split_cell_heldout,ridge_cell,"Myeloid cells, Alogliptin",-0.0102749995126354,0.607965452187811,-0.020539653811257077,1.7320428926886695
split_cell_heldout,ridge_cell,"Myeloid cells, RN-486",0.15763732552531515,0.7430404754067805,0.2775433849119283,1.9710922673654045
split_cell_heldout,ridge_cell,"Myeloid cells, Decitabine",0.20430969209995972,0.5253334511334768,0.4152465267789295,1.658113327788694
split_cell_heldout,ridge_cell,"Myeloid cells, Cabozantinib",0.0710918992027642,0.7627999254012605,0.2141870938132099,1.9084837182189154
split_cell_heldout,ridge_cell,"Myeloid cells, Defactinib",0.2764885340713012,1.0301335802818732,0.4810763702058134,2.1937442315680244
split_cell_heldout,ridge_cell,"Myeloid cells, AZD3514",0.3035602628270366,0.8119609458338178,0.5395445855615869,1.9823115043248556
split_cell_heldout,ridge_cell,"Myeloid cells, HMN-214",0.07347096577907558,0.8647998339974926,0.07802858584258444,2.0673447575595736
split_cell_heldout,ridge_cell,"Myeloid cells, CC-401",0.3638726932079394,0.9014352518931451,0.5526387181583167,2.0399626477229873
split_cell_heldout,ridge_cell,"Myeloid cells, Resminostat",0.2787212340070677,1.9421050910267383,0.3853533931222091,2.898355597151232
split_cell_heldout,ridge_cell,"Myeloid cells, Nilotinib",0.20947176835221623,1.1842811082882265,0.34141803197522197,2.4113294931514644
split_cell_heldout,ridge_cell,"Myeloid cells, OSI-930",0.07128419508155502,0.6914576429554125,0.11960403219625873,1.8099154247742304
split_cell_heldout,ridge_cell,"Myeloid cells, Saracatinib",0.4041484743735903,1.4222735507284634,0.5455229121154991,2.510142713569981
split_cell_heldout,ridge_cell,"Myeloid cells, RG7112",0.24972177047464056,0.7560216343725036,0.4584685950648358,2.181467069745429
split_cell_heldout,ridge_cell,"Myeloid cells, Lamivudine",0.14765756983096884,0.6989421591163528,0.33525648116900725,1.8428427444858964
split_cell_heldout,ridge_cell,"Myeloid cells, AZD-8330",0.1862573717400804,1.144335429239705,0.34062039419431894,2.4055706351988357
split_cell_heldout,ridge_cell,"Myeloid cells, Ceritinib",0.22342159186017807,0.9496371697109359,0.41802617638015394,2.244949263988472
split_cell_heldout,ridge_cell,"Myeloid cells, CGM-097",-0.10637770488473779,1.2788158656748525,-0.11970827611433497,2.5241224146313033
split_cell_heldout,ridge_cell,"Myeloid cells, SLx-2119",0.03502214873173766,0.6494417469031724,-0.044519678526725615,2.0679609030233728
split_cell_heldout,ridge_cell,"Myeloid cells, Nefazodone",0.2015212488459142,0.5414392557192045,0.4693147295371385,1.6313869917021784
split_cell_heldout,ridge_cell,"Myeloid cells, TPCA-1",0.3095779265182932,1.423604551228682,0.4596389371361907,2.5774156872575746
split_cell_heldout,ridge_cell,"Myeloid cells, MGCD-265",0.2566941077563208,0.600585957648204,0.4396113723953844,1.676042707817407
split_cell_heldout,ridge_cell,"Myeloid cells, GSK-1070916",0.1457483357474919,0.7914125955213888,0.3247837269556181,1.9265123459548097
split_cell_heldout,ridge_cell,"Myeloid cells, Bosutinib",0.35477771283831755,1.6543697388510052,0.47171320293136454,2.766500334416172
split_cell_heldout,ridge_cell,"Myeloid cells, Clemastine",0.18589584425690397,0.6730410757884264,0.418494614951334,1.787527738292997
split_cell_heldout,ridge_cell,"Myeloid cells, YK 4-279",-0.01819939030366061,0.6497473683867027,-0.11889359300764314,1.796845778874145
split_cell_heldout,ridge_cell,"Myeloid cells, Buspirone",0.15902496050672732,0.5555886605668382,0.3167803800598854,1.6175463436183077
split_cell_heldout,ridge_cell,"Myeloid cells, GSK256066",0.010434179806223897,1.1143442005442812,0.032781123446433164,2.4613349004542666
split_cell_heldout,ridge_cell,"Myeloid cells, Vandetanib",0.1404442647155479,0.784584776805247,0.2875712241238071,1.9652560033706192
split_cell_heldout,ridge_cell,"Myeloid cells, Imatinib",0.0893051987269231,0.540772167719258,0.2627693375344633,1.6285974649789348
split_cell_heldout,ridge_cell,"Myeloid cells, SCH-58261",0.23223122541943653,0.6403649236774509,0.5044047049492615,1.722719054175698
split_cell_heldout,ridge_cell,"Myeloid cells, Colforsin",0.04980397855231609,0.6924504265269762,0.005957273814464161,1.995730589600775
split_cell_heldout,ridge_cell,"Myeloid cells, Tosedostat",0.30923155051618995,0.9823349175498575,0.46807678922655216,2.1631899593205794
split_cell_heldout,ridge_cell,"Myeloid cells, ABT-199 (GDC-0199)",-0.06454030929587529,0.6040607141283515,-0.07060194205165213,1.8133324929918873
split_cell_heldout,ridge_cell,"Myeloid cells, Mometasone Furoate",0.3899491111597696,1.913903918034477,0.5133912413367959,2.8794045866912295
split_cell_heldout,ridge_cell,"Myeloid cells, Tipifarnib",0.30190923548853615,0.8029131121176023,0.5552597315969263,1.9318754710660067
split_cell_heldout,ridge_cell,"Myeloid cells, Doxorubicin",0.14927419667997635,2.338934016979319,0.1956426597405642,3.1836200000127395
split_cell_heldout,ridge_cell,"Myeloid cells, PF-03814735",0.42212391267112503,1.871277325520717,0.5387718429217468,2.8484528086619845
split_cell_heldout,ridge_cell,"Myeloid cells, AZD4547",0.17262454177772327,0.6702335014620348,0.36125556059271186,1.876496645205991
split_cell_heldout,ridge_cell,"Myeloid cells, Prednisolone",0.3138023077779087,1.5646508027715802,0.43566536942755507,2.6869201336173947
split_cell_heldout,ridge_cell,"Myeloid cells, Tacalcitol",0.17350338194928833,2.2104259364857692,0.22781743696526743,3.149814375302167
split_cell_heldout,ridge_cell,"Myeloid cells, Clotrimazole",0.07938994109090135,0.7541658901314019,0.14261241583897002,1.9486364126047124
split_cell_heldout,ridge_cell,"Myeloid cells, Mubritinib (TAK 165)",0.046374476074186044,1.172790273826591,0.07958339094089802,2.449140602721276
split_cell_heldout,ridge_cell,"Myeloid cells, Vanoxerine",0.2947403680541755,0.5973513313941639,0.48695534987468064,1.6686714127992899
split_cell_heldout,ridge_cell,"Myeloid cells, SB525334",-0.12100379390431465,1.2834430342548209,-0.17603063246803902,2.595700636504829
split_cell_heldout,ridge_cell,"Myeloid cells, HYDROXYUREA",0.1438738721325321,0.6248260397799529,0.220287250664846,1.7755469730582116
split_cell_heldout,ridge_drug_fp,"Myeloid cells, MK-5108",0.2501829022647419,0.5937555949845006,0.4461040248743016,1.6434771915736464
split_cell_heldout,ridge_drug_fp,"Myeloid cells, Ganetespib (STA-9090)",0.42141645593003707,1.5420063633405783,0.587033297266129,2.1909707027705183
split_cell_heldout,ridge_drug_fp,"Myeloid cells, Sunitinib",0.18040256452257336,0.7383475242868485,0.4482887855459939,1.6771463086033473
split_cell_heldout,ridge_drug_fp,"Myeloid cells, Tivozanib",0.18321313117178872,0.7969682866082649,0.36587632778304735,1.92326864863162
split_cell_heldout,ridge_drug_fp,"Myeloid cells, Tamatinib",0.41687699262367395,1.30684654800029,0.5786876798991138,2.237592486644082
split_cell_heldout,ridge_drug_fp,"Myeloid cells, Linagliptin",0.04686819104211564,0.7293281005670723,0.10233919136688667,1.922530229098792
split_cell_heldout,ridge_drug_fp,"Myeloid cells, 5-(9-Isopropyl-8-methyl-2-morpholino-9H-purin-6-yl)pyrimidin-2-amine",0.5412482159824128,1.3760132339215896,0.6876996898697274,2.1646684267441882
split_cell_heldout,ridge_drug_fp,"Myeloid cells, O-Demethylated Adapalene",0.15776278552217438,0.843055805038059,0.28414527191355243,2.178678451925375
split_cell_heldout,ridge_drug_fp,"Myeloid cells, I-BET151",0.52460318473844,1.5421648732569975,0.6616859974199785,2.257910441090469
split_cell_heldout,ridge_drug_fp,"Myeloid cells, GW843682X",0.22129492215716215,0.7449471404698247,0.3701625027522548,1.9128602579127838
split_cell_heldout,ridge_drug_fp,"Myeloid cells, IN1451",0.6810893932044363,1.8148538376058132,0.7784871086116125,2.271520419541
split_cell_heldout,ridge_drug_fp,"Myeloid cells, Raloxifene",0.1451892932529981,1.0035293511517822,0.22946944913607362,2.1967531298983936
split_cell_heldout,ridge_drug_fp,"Myeloid cells, Topotecan",0.42572983909542683,1.3604631863151717,0.5633977079665813,2.3176819184514157
split_cell_heldout,ridge_drug_fp,"Myeloid cells, BAY 87-2243",0.3119226244440312,1.4282679258189885,0.3996956452290616,2.415662479346579
split_cell_heldout,ridge_drug_fp,"Myeloid cells, Porcn Inhibitor III",0.23150594389547868,1.145728775629111,0.3705945242811546,2.3895845248407634
split_cell_heldout,ridge_drug_fp,"Myeloid cells, TL_HRAS26",0.12161492169533507,0.6552751553425386,0.3657828986119912,1.8496188280969141
split_cell_heldout,ridge_drug_fp,"Myeloid cells, BMS-265246",0.4360450545012751,1.5734470746806464,0.5650683133803388,2.4822807336371295
split_cell_heldout,ridge_drug_fp,"Myeloid cells, Pomalidomide",0.24635283747524633,1.1040366808281727,0.4136542733854258,2.308042672532502
split_cell_heldout,ridge_drug_fp,"Myeloid cells, Dovitinib",0.12369910404119379,1.025621044568265,0.2885183200760632,2.189659352395842
split_cell_heldout,ridge_drug_fp,"Myeloid cells, Navitoclax",0.25063644765322585,0.8447486980181298,0.4273645728409502,1.906962238387747
split_cell_heldout,ridge_drug_fp,"Myeloid cells, Methotrexate",0.15874821748465176,0.9273712208331331,0.2680553160080712,2.06593188371093
split_cell_heldout,ridge_drug_fp,"Myeloid cells, Palbociclib",0.22018296587319233,0.7847236489239714,0.43675173052723376,1.9178874292366732
split_cell_heldout,ridge_drug_fp,"Myeloid cells, AMD-070 (hydrochloride)",0.20512574213384405,0.7521110962766535,0.4357969009299418,1.938495140649976
split_cell_heldout,ridge_drug_fp,"Myeloid cells, FK 866",0.3863996157707762,1.0901616740151634,0.5684940941640163,2.108518400162374
split_cell_heldout,ridge_drug_fp,"Myeloid cells, Scriptaid",0.4869491614175452,1.7662203139095278,0.6028848998122548,2.410594278653225
split_cell_heldout,ridge_drug_fp,"Myeloid cells, Dactolisib",0.5872181996852662,1.768923197625742,0.6687664982051109,2.480739664252885
split_cell_heldout,ridge_drug_fp,"Myeloid cells, Isoniazid",0.11374224088994657,0.6181247498028102,0.18428077307621382,1.7514537874187186
split_cell_heldout,ridge_drug_fp,"Myeloid cells, Idelalisib",0.21999273342750247,1.0322012774486582,0.38054875580193553,2.038716648479156
split_cell_heldout,ridge_drug_fp,"Myeloid cells, Penfluridol",0.17935308411784326,0.7283652032207062,0.3758778826022959,1.7930161843619283
split_cell_heldout,ridge_drug_fp,"Myeloid cells, Quizartinib",0.13498889964250163,0.8091446629622577,0.30205130988878864,2.1957986920728136
split_cell_heldout,ridge_drug_fp,"Myeloid cells, PD-0325901",0.2036745685073175,1.3999542333878718,0.3166921880999785,2.5130335499118632
split_cell_heldout,ridge_drug_fp,"Myeloid cells, LDN 193189",0.21140694939608334,0.7679415560950135,0.41683885236812646,1.8942908466638406
split_cell_heldout,ridge_drug_fp,"Myeloid cells, Riociguat",0.14894825718759408,0.622646756815782,0.32185341707462906,1.6947993089639526
split_cell_heldout,ridge_drug_fp,"Myeloid cells, CHIR-99021",0.40857742164909205,1.1142998211499966,0.5756489271300027,2.0627018997177404
split_cell_heldout,ridge_drug_fp,"Myeloid cells, BI-D1870",0.21184794055884656,0.8669160429901976,0.359085202536195,2.042225002087303
split_cell_heldout,ridge_drug_fp,"Myeloid cells, Crizotinib",0.3526211174486591,0.9513936032605917,0.5275305728642101,2.0200886452911817
split_cell_heldout,ridge_drug_fp,"Myeloid cells, Azacitidine",0.11292338566511982,0.6655650200489179,0.3325545121248967,1.6779628956543453
split_cell_heldout,ridge_drug_fp,"Myeloid cells, TR-14035",0.19709151264095712,0.6453131686671463,0.38506735910874856,1.7291375354398575
split_cell_heldout,ridge_drug_fp,"Myeloid cells, AT 7867",0.16009810003164998,1.3453171914244473,0.2787747044054926,2.481162539564302
split_cell_heldout,ridge_drug_fp,"Myeloid cells, GO-6976",0.28726010942337393,1.1128622228256801,0.45659817476575,2.156628881884278
split_cell_heldout,ridge_drug_fp,"Myeloid cells, TGX 221",0.3434110315458007,0.9713484938883798,0.5358941361966819,2.0103413310226137
split_cell_heldout,ridge_drug_fp,"Myeloid cells, Pitavastatin Calcium",0.40937625381177606,2.1228625061877775,0.4768962583972158,2.839153027326736
split_cell_heldout,ridge_drug_fp,"Myeloid cells, ABT737",0.2283065262072125,0.9311413251331844,0.4520347568817605,2.0925877958054215
split_cell_heldout,ridge_drug_fp,"Myeloid cells, PRT-062607",0.3809971428762991,1.4006147549508705,0.5285431590136789,2.3635502784319367
split_cell_heldout,ridge_drug_fp,"Myeloid cells, AZ628",0.2563127754004584,1.0157965140933671,0.43301008946293057,2.04569186084029
split_cell_heldout,ridge_drug_fp,"Myeloid cells, Masitinib",0.24190915047456404,0.7498514529957021,0.4585656867176131,1.9066507104273995
split_cell_heldout,ridge_drug_fp,"Myeloid cells, STK219801",0.3052831401595454,0.6476682109798519,0.4931516621482833,1.7102454067125556
split_cell_heldout,ridge_drug_fp,"Myeloid cells, Ricolinostat",0.4094280606369889,1.072239080556982,0.5826267920674953,2.0715208072129445
split_cell_heldout,ridge_drug_fp,"Myeloid cells, Midostaurin",0.24788397289017153,1.1646261787275776,0.43637817414147134,2.254941618764994
split_cell_heldout,ridge_drug_fp,"Myeloid cells, CEP-37440",0.1386243734269624,0.988152326333872,0.26803260666030504,2.1764397008305147
split_cell_heldout,ridge_drug_fp,"Myeloid cells, R428",0.3268750281320721,1.9619148835671931,0.41641344010901576,2.835947513640378
split_cell_heldout,ridge_drug_fp,"Myeloid cells, Oxybenzone",0.13052915706599655,0.556699851652349,0.278262479466538,1.6506290910675285
split_cell_heldout,ridge_drug_fp,"Myeloid cells, Tivantinib",0.2980381926472416,0.822645079804328,0.5212991889521258,1.878929490999672
split_cell_heldout,ridge_drug_fp,"Myeloid cells, Colchicine",0.3682887580822206,2.33522134981496,0.4304581231203142,3.0858678973869638
split_cell_heldout,ridge_drug_fp,"Myeloid cells, BX 912",0.21731445530546126,0.906148426942787,0.420854408265793,1.9442060091090396
split_cell_heldout,ridge_drug_fp,"Myeloid cells, Selumetinib",0.23545230991661875,1.0846143746861585,0.3937085539538231,2.2341203068898974
split_cell_heldout,ridge_drug_fp,"Myeloid cells, RG7090",0.2747965300543874,0.8264289025249727,0.47636365730422137,1.8922745939333965
split_cell_heldout,ridge_drug_fp,"Myeloid cells, GLPG0634",0.32409868706013695,0.9312202311385659,0.5776547746544157,1.9182371999246473
split_cell_heldout,ridge_drug_fp,"Myeloid cells, TIE2 Kinase Inhibitor",0.18259682472508845,0.6550172812972449,0.3335179972822135,1.8144885163287288
split_cell_heldout,ridge_drug_fp,"Myeloid cells, Lapatinib",0.21291166169217818,0.6598305649128803,0.43957980254413614,1.7658104774989052
split_cell_heldout,ridge_drug_fp,"Myeloid cells, Atorvastatin",0.22242195677074175,0.7176359964325748,0.4828725257757746,1.9057025715131946
split_cell_heldout,ridge_drug_fp,"Myeloid cells, Clomipramine",0.2774912357898491,0.6633598241824586,0.5319155877444666,1.7384624166548166
split_cell_heldout,ridge_drug_fp,"Myeloid cells, Ixabepilone",0.17493330883349287,0.6767806792883307,0.32552743747324026,1.7914010835029677
split_cell_heldout,ridge_drug_fp,"Myeloid cells, Protriptyline",0.15166107735057327,0.5550469944007311,0.24599524671687584,1.6580019511415718
split_cell_heldout,ridge_drug_fp,"Myeloid cells, Phenylbutazone",0.1602165387939051,0.5813864327650857,0.23931239989375244,1.6586974180663518
split_cell_heldout,ridge_drug_fp,"Myeloid cells, K-02288",0.05329362125809041,1.011965005887174,0.12401594384911202,2.2813528312191047
split_cell_heldout,ridge_drug_fp,"Myeloid cells, BMS-777607",0.16751088828411975,0.806833970429548,0.3055985941421006,1.9952748707619772
split_cell_heldout,ridge_drug_fp,"Myeloid cells, Vorinostat",0.4705053228652028,1.7069497344606255,0.5983137179241035,2.3982358504104586
split_cell_heldout,ridge_drug_fp,"Myeloid cells, Ruxolitinib",0.33626427233849593,1.4367494449289573,0.48643036394322925,2.5088803718228845
split_cell_heldout,ridge_drug_fp,"Myeloid cells, AVL-292",0.2115617499954456,0.9988747209110479,0.38747482023067653,2.0878510664638514
split_cell_heldout,ridge_drug_fp,"Myeloid cells, Trametinib",0.26403283132722744,1.390608714555694,0.3930763922687868,2.4783050771518207
split_cell_heldout,ridge_drug_fp,"Myeloid cells, Sgc-cbp30",0.2657491730678779,0.981564227295906,0.4697342583391299,2.0551296490873243
split_cell_heldout,ridge_drug_fp,"Myeloid cells, Chlorpheniramine",0.061351622518948816,0.5998148185166771,0.05410349213894346,1.7347047865030976
split_cell_heldout,ridge_drug_fp,"Myeloid cells, BAY 61-3606",0.4762551642767711,1.7229126910473362,0.5924852040818006,2.4822887890047314
split_cell_heldout,ridge_drug_fp,"Myeloid cells, LY2090314",0.20857893893478474,2.2415208439108927,0.25897874564671686,3.05537717299577
split_cell_heldout,ridge_drug_fp,"Myeloid cells, Vardenafil",0.1551510844982905,0.7237005637313363,0.28628845898843924,1.8175794761855861
split_cell_heldout,ridge_drug_fp,"Myeloid cells, Dasatinib",0.463183996467971,1.4094333332385218,0.613536024920966,2.285210390386846
split_cell_heldout,ridge_drug_fp,"Myeloid cells, AT13387",0.3442592247020779,1.5149453690315366,0.5007198158444854,2.210071544895149
split_cell_heldout,ridge_drug_fp,"Myeloid cells, Perhexiline",0.37038678919220586,0.951642801895162,0.5913458008757068,1.870239137279258
split_cell_heldout,ridge_drug_fp,"Myeloid cells, RVX-208",0.40347187820460056,0.8443257341535372,0.6015417548947335,1.8144471002777045
split_cell_heldout,ridge_drug_fp,"Myeloid cells, Ketoconazole",0.5007018319349997,1.1898662790683656,0.6478303439411615,2.0802739355043887
split_cell_heldout,ridge_drug_fp,"Myeloid cells, Disulfiram",0.1211646446877798,0.650623704841045,0.2824163000128163,1.8190760019052448
split_cell_heldout,ridge_drug_fp,"Myeloid cells, Flutamide",0.1591165710176616,0.6320739590824126,0.26445736224717903,1.7617792879457566
split_cell_heldout,ridge_drug_fp,"Myeloid cells, Desloratadine",0.18378180213271422,0.6320830027947781,0.4358111802350233,1.64787841032867
split_cell_heldout,ridge_drug_fp,"Myeloid cells, BMS-536924",0.31707798004539206,1.1206623533742428,0.504933705055426,2.03837896339316
split_cell_heldout,ridge_drug_fp,"Myeloid cells, IKK Inhibitor VII",0.3040716921188544,1.5026228460484998,0.45785461107658126,2.580214408022413
split_cell_heldout,ridge_drug_fp,"Myeloid cells, Amiodarone",0.12042299483405729,0.6607949345917862,0.1871049545773694,1.8327225462339762
split_cell_heldout,ridge_drug_fp,"Myeloid cells, IMD-0354",0.4791217194460116,1.4204141549761626,0.6226209467413513,2.2407859677087987
split_cell_heldout,ridge_drug_fp,"Myeloid cells, Alogliptin",0.16341244875672056,0.5963138787110511,0.3513936408434317,1.6367727121677906
split_cell_heldout,ridge_drug_fp,"Myeloid cells, RN-486",-0.026143386865700814,0.8236330817470459,-0.0775656120360323,2.081743652637348
split_cell_heldout,ridge_drug_fp,"Myeloid cells, Decitabine",0.13424281656492243,0.5565823788269227,0.263878599725147,1.694482473214324
split_cell_heldout,ridge_drug_fp,"Myeloid cells, Cabozantinib",0.18966247816923884,0.7611240053861639,0.3471589149238692,1.8414766757840078
split_cell_heldout,ridge_drug_fp,"Myeloid cells, Defactinib",0.3203057460427989,1.020026178305897,0.5137929917149571,2.069769594629012
split_cell_heldout,ridge_drug_fp,"Myeloid cells, AZD3514",0.373885621949481,0.8060857403917061,0.6211142242010844,1.769705512529758
split_cell_heldout,ridge_drug_fp,"Myeloid cells, HMN-214",0.3934154384948082,0.782628160328242,0.644569149509732,1.7235269710445873
split_cell_heldout,ridge_drug_fp,"Myeloid cells, CC-401",0.4506576867403828,0.8619035649257288,0.6329942875592516,1.8106405707693305
split_cell_heldout,ridge_drug_fp,"Myeloid cells, Resminostat",0.4756008022911134,1.810388093116639,0.5922693964296497,2.4037392339351666
split_cell_heldout,ridge_drug_fp,"Myeloid cells, Nilotinib",0.3080302081762865,1.1684424470304655,0.4647903559601059,2.2529745511863566
split_cell_heldout,ridge_drug_fp,"Myeloid cells, OSI-930",0.1897345542495834,0.6834738762305427,0.29085374124548,1.7225113342210743
split_cell_heldout,ridge_drug_fp,"Myeloid cells, Saracatinib",0.4923319803337794,1.310761441649644,0.631546816347492,2.2282009160251866
split_cell_heldout,ridge_drug_fp,"Myeloid cells, RG7112",0.38918354553496076,0.7242599409552334,0.5193219346751835,1.9237191362523332
split_cell_heldout,ridge_drug_fp,"Myeloid cells, Lamivudine",0.14600106517615716,0.7256623676514844,0.3361149963686797,1.8246133308645585
split_cell_heldout,ridge_drug_fp,"Myeloid cells, AZD-8330",0.19408187520047923,1.188802997716751,0.34938363613283996,2.347426544288608
split_cell_heldout,ridge_drug_fp,"Myeloid cells, Ceritinib",0.19540009830040153,0.979482364287109,0.42114915557892113,2.2090908789875288
split_cell_heldout,ridge_drug_fp,"Myeloid cells, CGM-097",0.47829700841127376,1.101232570916628,0.6249892504321507,1.9487801297919067
split_cell_heldout,ridge_drug_fp,"Myeloid cells, SLx-2119",0.17141484909509405,0.6773621943575426,0.38111724399642427,1.826116034012521
split_cell_heldout,ridge_drug_fp,"Myeloid cells, Nefazodone",0.17104710157883984,0.5764608015379401,0.24344857023025826,1.6782501227487334
split_cell_heldout,ridge_drug_fp,"Myeloid cells, TPCA-1",0.35785602278181705,1.3992507636340499,0.5188910504893487,2.368931037530458
split_cell_heldout,ridge_drug_fp,"Myeloid cells, MGCD-265",0.21879101575577298,0.6453575110761399,0.4339730988202834,1.6370027483229261
split_cell_heldout,ridge_drug_fp,"Myeloid cells, GSK-1070916",0.29767529427138145,0.7715129745861453,0.5060276516809296,1.7761971335006443
split_cell_heldout,ridge_drug_fp,"Myeloid cells, Bosutinib",0.4734815790515923,1.520194474659078,0.6086259165044818,2.433496394037218
split_cell_heldout,ridge_drug_fp,"Myeloid cells, Clemastine",0.290432198306428,0.6673832906020293,0.5056983879530849,1.71060063739304
split_cell_heldout,ridge_drug_fp,"Myeloid cells, YK 4-279",0.20359233194341075,0.6294004092001668,0.4016979759049088,1.6247886996178755
split_cell_heldout,ridge_drug_fp,"Myeloid cells, Buspirone",0.2152767985390472,0.5587528136823163,0.3232242417056765,1.5873311271146076
split_cell_heldout,ridge_drug_fp,"Myeloid cells, GSK256066",0.17886235084993135,1.141884228222503,0.29141239296634175,2.3453272286981313
split_cell_heldout,ridge_drug_fp,"Myeloid cells, Vandetanib",0.08656917627825857,0.8343926097128735,0.22336204526935816,1.9718899500738571
split_cell_heldout,ridge_drug_fp,"Myeloid cells, Imatinib",0.14693206636377268,0.5554822018415684,0.3713671952512534,1.5857687442188033
split_cell_heldout,ridge_drug_fp,"Myeloid cells, SCH-58261",0.18581292419923837,0.6706691574370658,0.3534316832854192,1.7558861916735764
split_cell_heldout,ridge_drug_fp,"Myeloid cells, Colforsin",0.14281818003856755,0.6995863099188848,0.25997618388375593,1.9268961994312852
split_cell_heldout,ridge_drug_fp,"Myeloid cells, Tosedostat",0.36637905818746236,0.9618376858609969,0.5697574260121928,2.003656709479647
split_cell_heldout,ridge_drug_fp,"Myeloid cells, ABT-199 (GDC-0199)",0.1184662131798147,0.6450002916506615,0.23851281495930984,1.7228123595048672
split_cell_heldout,ridge_drug_fp,"Myeloid cells, Mometasone Furoate",0.45416102482789494,1.7765441859029267,0.5777369585942805,2.5371632903451236
split_cell_heldout,ridge_drug_fp,"Myeloid cells, Tipifarnib",0.3460852456693412,0.8032329031489427,0.6074684748459931,1.7908636340868183
split_cell_heldout,ridge_drug_fp,"Myeloid cells, Doxorubicin",0.5334759314882032,2.0206743830401743,0.6152549990400475,2.674131725065453
split_cell_heldout,ridge_drug_fp,"Myeloid cells, PF-03814735",0.517119387436433,1.6880466676847563,0.6228096471917457,2.491722893773071
split_cell_heldout,ridge_drug_fp,"Myeloid cells, AZD4547",0.1706426365558288,0.6933350711509735,0.4461962331325245,1.81557862414485
split_cell_heldout,ridge_drug_fp,"Myeloid cells, Prednisolone",0.36126782610297026,1.5383634302089586,0.500559627937755,2.4509199353327524
split_cell_heldout,ridge_drug_fp,"Myeloid cells, Tacalcitol",0.19743792089605758,2.19527932377005,0.25975256770453725,3.111249410661812
split_cell_heldout,ridge_drug_fp,"Myeloid cells, Clotrimazole",0.16258452329828538,0.752600240857678,0.3435036001663155,1.8719445038853104
split_cell_heldout,ridge_drug_fp,"Myeloid cells, Mubritinib (TAK 165)",0.23903306842586658,1.1991561407075393,0.37671712320823153,2.2876435040602594
split_cell_heldout,ridge_drug_fp,"Myeloid cells, Vanoxerine",0.234657048278778,0.6348156866726677,0.42856417800033053,1.652281916453551
split_cell_heldout,ridge_drug_fp,"Myeloid cells, SB525334",0.4053364243307893,1.1270975797522973,0.5865424292866424,2.2274085062018316
split_cell_heldout,ridge_drug_fp,"Myeloid cells, HYDROXYUREA",0.17096395711521936,0.6344069140463273,0.24945544992006205,1.759253932946763
split_cell_heldout,ridge_cell_drug_fp,"Myeloid cells, MK-5108",0.2501570969532904,0.5937624518183018,0.44608738693959055,1.6434816066317977
split_cell_heldout,ridge_cell_drug_fp,"Myeloid cells, Ganetespib (STA-9090)",0.42142491871605575,1.5420183648509977,0.5870422446315492,2.190953131457391
split_cell_heldout,ridge_cell_drug_fp,"Myeloid cells, Sunitinib",0.18038173802364613,0.7383386353374601,0.44828388819588466,1.6771562631077448
split_cell_heldout,ridge_cell_drug_fp,"Myeloid cells, Tivozanib",0.1832628979007141,0.7969538296639057,0.36598846077882174,1.923206939038664
split_cell_heldout,ridge_cell_drug_fp,"Myeloid cells, Tamatinib",0.4168974638256889,1.306849223508541,0.5786934975943264,2.237532983143064
split_cell_heldout,ridge_cell_drug_fp,"Myeloid cells, Linagliptin",0.04686342443077452,0.7293305211126353,0.10232530147639507,1.922535537647965
split_cell_heldout,ridge_cell_drug_fp,"Myeloid cells, 5-(9-Isopropyl-8-methyl-2-morpholino-9H-purin-6-yl)pyrimidin-2-amine",0.5412401416783764,1.3760065576927574,0.6877041621075519,2.1647834495465488
split_cell_heldout,ridge_cell_drug_fp,"Myeloid cells, O-Demethylated Adapalene",0.1577862788735433,0.8430600652479601,0.2841790625835871,2.178646326577404
split_cell_heldout,ridge_cell_drug_fp,"Myeloid cells, I-BET151",0.5246087341640215,1.5421663989294068,0.6616885192837356,2.257878537735705
split_cell_heldout,ridge_cell_drug_fp,"Myeloid cells, GW843682X",0.22130295623948806,0.7449433074785529,0.37015437578867827,1.912850789541422
split_cell_heldout,ridge_cell_drug_fp,"Myeloid cells, IN1451",0.6810881067842073,1.8148512287961933,0.7784834603378507,2.2715087868954753
split_cell_heldout,ridge_cell_drug_fp,"Myeloid cells, Raloxifene",0.14515802021237736,1.0035384257557505,0.22946551659699596,2.1967572292309767
split_cell_heldout,ridge_cell_drug_fp,"Myeloid cells, Topotecan",0.4257349177750869,1.3604588755560032,0.5634070610801893,2.3176732507210724
split_cell_heldout,ridge_cell_drug_fp,"Myeloid cells, BAY 87-2243",0.31194967595781886,1.4282078204927677,0.3997414267060019,2.4156101262858884
split_cell_heldout,ridge_cell_drug_fp,"Myeloid cells, Porcn Inhibitor III",0.23143401155022364,1.145746222128167,0.37051020577333194,2.3896449588282995
split_cell_heldout,ridge_cell_drug_fp,"Myeloid cells, TL_HRAS26",0.12162066289440124,0.6552915905249036,0.36575897241719535,1.8496246755907932
split_cell_heldout,ridge_cell_drug_fp,"Myeloid cells, BMS-265246",0.4360583237280355,1.5734322104647667,0.565075715523802,2.4822720002116685
split_cell_heldout,ridge_cell_drug_fp,"Myeloid cells, Pomalidomide",0.24632282473681122,1.1040793513167777,0.41353150351128093,2.3081606695842956
split_cell_heldout,ridge_cell_drug_fp,"Myeloid cells, Dovitinib",0.12374520194244533,1.0255420693391577,0.2885761273747609,2.189602258185054
split_cell_heldout,ridge_cell_drug_fp,"Myeloid cells, Navitoclax",0.2506186720932072,0.8447551213541835,0.42734318453827674,1.9069761105048402
split_cell_heldout,ridge_cell_drug_fp,"Myeloid cells, Methotrexate",0.1587614482514613,0.9273715790067963,0.2680688824802607,2.065922518506454
split_cell_heldout,ridge_cell_drug_fp,"Myeloid cells, Palbociclib",0.22015065395099212,0.7847207549738026,0.43662992880707835,1.917935725494535
split_cell_heldout,ridge_cell_drug_fp,"Myeloid cells, AMD-070 (hydrochloride)",0.20507833086586014,0.7520804269824726,0.4357525688000925,1.9385785637055872
split_cell_heldout,ridge_cell_drug_fp,"Myeloid cells, FK 866",0.3863866421918312,1.090170124827028,0.5684758209649007,2.10851333293804
split_cell_heldout,ridge_cell_drug_fp,"Myeloid cells, Scriptaid",0.48693660345626616,1.7662660968907735,0.6028774847111315,2.410606884739523
split_cell_heldout,ridge_cell_drug_fp,"Myeloid cells, Dactolisib",0.5872199145946646,1.768891858560269,0.6687665325438866,2.4806462642182874
split_cell_heldout,ridge_cell_drug_fp,"Myeloid cells, Isoniazid",0.11383308316131145,0.6181392740201345,0.18427005581353428,1.7514518345525336
split_cell_heldout,ridge_cell_drug_fp,"Myeloid cells, Idelalisib",0.21999831735096467,1.032158925498699,0.3805594013514488,2.038710520603299
split_cell_heldout,ridge_cell_drug_fp,"Myeloid cells, Penfluridol",0.17934333139092482,0.7283684585621009,0.37587227159178044,1.7930188334388355
split_cell_heldout,ridge_cell_drug_fp,"Myeloid cells, Quizartinib",0.13537457384236767,0.8090197583033865,0.30277158944833826,2.195405626025792
split_cell_heldout,ridge_cell_drug_fp,"Myeloid cells, PD-0325901",0.20365073813513312,1.3999687411945272,0.3166620578841384,2.513054883987523
split_cell_heldout,ridge_cell_drug_fp,"Myeloid cells, LDN 193189",0.21134061294675,0.7679751467461082,0.41676284484473325,1.8943239168927146
split_cell_heldout,ridge_cell_drug_fp,"Myeloid cells, Riociguat",0.14894754836176638,0.6226432180851058,0.3218616001118349,1.6947995297064042
split_cell_heldout,ridge_cell_drug_fp,"Myeloid cells, CHIR-99021",0.40857799023695407,1.1143000024532668,0.5756501977256175,2.0626996746641324
split_cell_heldout,ridge_cell_drug_fp,"Myeloid cells, BI-D1870",0.21184879127211906,0.8669154531448651,0.3590817328166468,2.04222711645616
split_cell_heldout,ridge_cell_drug_fp,"Myeloid cells, Crizotinib",0.35269457211576966,0.9514041321337862,0.527613327067281,2.01992905506303
split_cell_heldout,ridge_cell_drug_fp,"Myeloid cells, Azacitidine",0.11281791512847536,0.665553367603578,0.332499455442798,1.678001907314227
split_cell_heldout,ridge_cell_drug_fp,"Myeloid cells, TR-14035",0.19719701701751557,0.6453281018115484,0.38527827341425613,1.7290287991736575
split_cell_heldout,ridge_cell_drug_fp,"Myeloid cells, AT 7867",0.1601516708567543,1.3453038726592963,0.2788458388707509,2.481105803863851
split_cell_heldout,ridge_cell_drug_fp,"Myeloid cells, GO-6976",0.28722027070595313,1.112879397525454,0.4565658025164255,2.156655583046246
split_cell_heldout,ridge_cell_drug_fp,"Myeloid cells, TGX 221",0.3433474335873161,0.9713114356589452,0.5358315767101042,2.01050593835257
split_cell_heldout,ridge_cell_drug_fp,"Myeloid cells, Pitavastatin Calcium",0.4093819616191596,2.1228574431989635,0.4768996638725245,2.839142991824585
split_cell_heldout,ridge_cell_drug_fp,"Myeloid cells, ABT737",0.22832044711628616,0.931133730399459,0.4520581833849637,2.0925735779827654
split_cell_heldout,ridge_cell_drug_fp,"Myeloid cells, PRT-062607",0.3809964817888423,1.4005878147636417,0.5285459930749058,2.363613699748139
split_cell_heldout,ridge_cell_drug_fp,"Myeloid cells, AZ628",0.25632583421935906,1.0157620337321596,0.43303064700376176,2.04568924810284
split_cell_heldout,ridge_cell_drug_fp,"Myeloid cells, Masitinib",0.24165969792627867,0.7498733779162576,0.45819617306814037,1.9068912872508068
split_cell_heldout,ridge_cell_drug_fp,"Myeloid cells, STK219801",0.3053301979338494,0.6476576768504249,0.4931947483815303,1.7101929569544057
split_cell_heldout,ridge_cell_drug_fp,"Myeloid cells, Ricolinostat",0.40943039984737656,1.0722487954543487,0.5826416403841851,2.0714728987423627
split_cell_heldout,ridge_cell_drug_fp,"Myeloid cells, Midostaurin",0.24787426498775356,1.1646524372100209,0.4363533327422505,2.2549375752551666
split_cell_heldout,ridge_cell_drug_fp,"Myeloid cells, CEP-37440",0.13871027430446056,0.9880120167966109,0.26815694300128745,2.1763944828202684
split_cell_heldout,ridge_cell_drug_fp,"Myeloid cells, R428",0.3221540020572704,1.9643658313909271,0.4107796982720673,2.8455008751682516
split_cell_heldout,ridge_cell_drug_fp,"Myeloid cells, Oxybenzone",0.13058216698932737,0.5567046397542145,0.278266521869359,1.6506310838083562
split_cell_heldout,ridge_cell_drug_fp,"Myeloid cells, Tivantinib",0.29799679557809444,0.8225992583186481,0.5211993097553027,1.8790752169211682
split_cell_heldout,ridge_cell_drug_fp,"Myeloid cells, Colchicine",0.36830646584316,2.3352139387908064,0.4304804397206173,3.0858609334376306
split_cell_heldout,ridge_cell_drug_fp,"Myeloid cells, BX 912",0.2173369595350452,0.906113287489863,0.42089513515537236,1.9441864438892695
split_cell_heldout,ridge_cell_drug_fp,"Myeloid cells, Selumetinib",0.2354586196609819,1.0846121133009017,0.3937160768046098,2.2341136209110393
split_cell_heldout,ridge_cell_drug_fp,"Myeloid cells, RG7090",0.274769172868881,0.8264431061572552,0.47635256821253824,1.8922842726231142
split_cell_heldout,ridge_cell_drug_fp,"Myeloid cells, GLPG0634",0.32419861333751676,0.9312179645946016,0.577735588589907,1.9180461936563593
split_cell_heldout,ridge_cell_drug_fp,"Myeloid cells, TIE2 Kinase Inhibitor",0.18258761591355196,0.6550045566220603,0.33347197338060663,1.8145052708909843
split_cell_heldout,ridge_cell_drug_fp,"Myeloid cells, Lapatinib",0.21296333701775902,0.6598182251449838,0.4396243647363682,1.765765839783106
split_cell_heldout,ridge_cell_drug_fp,"Myeloid cells, Atorvastatin",0.22238136236025816,0.7176539509133057,0.48281912201438154,1.9057297183634854
split_cell_heldout,ridge_cell_drug_fp,"Myeloid cells, Clomipramine",0.2772195416863543,0.6634297468153969,0.5315424124905255,1.7386680534935528
split_cell_heldout,ridge_cell_drug_fp,"Myeloid cells, Ixabepilone",0.17505442632442655,0.6767529344421918,0.3256851572258655,1.7913043543189322
split_cell_heldout,ridge_cell_drug_fp,"Myeloid cells, Protriptyline",0.15174926866754587,0.5550226973638205,0.24637962050748385,1.6578709255077118
split_cell_heldout,ridge_cell_drug_fp,"Myeloid cells, Phenylbutazone",0.1601678941966568,0.5813819300836994,0.2393123493483948,1.6586970114770783
split_cell_heldout,ridge_cell_drug_fp,"Myeloid cells, K-02288",0.05327174150343847,1.0119338064004655,0.12399339852780787,2.281364726459674
split_cell_heldout,ridge_cell_drug_fp,"Myeloid cells, BMS-777607",0.16744813375149284,0.8068265621377716,0.305506778149383,1.9953296682339274
split_cell_heldout,ridge_cell_drug_fp,"Myeloid cells, Vorinostat",0.4705157037394223,1.7069292138931873,0.5983199216862757,2.3982248005107385
split_cell_heldout,ridge_cell_drug_fp,"Myeloid cells, Ruxolitinib",0.33624513777520737,1.4367559652756778,0.48641056737256366,2.508920516712266
split_cell_heldout,ridge_cell_drug_fp,"Myeloid cells, AVL-292",0.2115356217409288,0.998860966291944,0.3874519194208817,2.087879801245837
split_cell_heldout,ridge_cell_drug_fp,"Myeloid cells, Trametinib",0.2641067406008152,1.3905692183368332,0.39318740796851503,2.4782419573753893
split_cell_heldout,ridge_cell_drug_fp,"Myeloid cells, Sgc-cbp30",0.26569987273603773,0.9815625552240826,0.4696680795755509,2.0552030424750725
split_cell_heldout,ridge_cell_drug_fp,"Myeloid cells, Chlorpheniramine",0.06146800180579928,0.59982439308427,0.0544007520465622,1.7346105553154954
split_cell_heldout,ridge_cell_drug_fp,"Myeloid cells, BAY 61-3606",0.47626151830486785,1.7229064096438316,0.5924889751854631,2.482275802429924
split_cell_heldout,ridge_cell_drug_fp,"Myeloid cells, LY2090314",0.20858121965283577,2.2415152924910986,0.25898179328824006,3.0553710344024556
split_cell_heldout,ridge_cell_drug_fp,"Myeloid cells, Vardenafil",0.15517740725644635,0.7236962147610259,0.2863658446327982,1.817547445766865
split_cell_heldout,ridge_cell_drug_fp,"Myeloid cells, Dasatinib",0.46318268145293084,1.40943086042464,0.6135244658119908,2.2850336912976084
split_cell_heldout,ridge_cell_drug_fp,"Myeloid cells, AT13387",0.34423188898491197,1.5148992034474025,0.500686834562039,2.2101078726428964
split_cell_heldout,ridge_cell_drug_fp,"Myeloid cells, Perhexiline",0.3704580001176098,0.9516961702168587,0.5913985578473214,1.870061036076773
split_cell_heldout,ridge_cell_drug_fp,"Myeloid cells, RVX-208",0.4034977508624007,0.8443253999887891,0.6015511728722209,1.8144011307095684
split_cell_heldout,ridge_cell_drug_fp,"Myeloid cells, Ketoconazole",0.5007008289629504,1.1898671771906548,0.6478355328740165,2.0802605672579033
split_cell_heldout,ridge_cell_drug_fp,"Myeloid cells, Disulfiram",0.12115752333717346,0.6506284941061308,0.2823970466799691,1.8190778702551238
split_cell_heldout,ridge_cell_drug_fp,"Myeloid cells, Flutamide",0.15913313432861195,0.6320695541253573,0.26452145020682594,1.7617555441845436
split_cell_heldout,ridge_cell_drug_fp,"Myeloid cells, Desloratadine",0.18371727496259138,0.6320711749608582,0.4358114692600009,1.6478218246065857
split_cell_heldout,ridge_cell_drug_fp,"Myeloid cells, BMS-536924",0.31710489236274925,1.1207188728055297,0.50494370981369,2.0383179072953705
split_cell_heldout,ridge_cell_drug_fp,"Myeloid cells, IKK Inhibitor VII",0.3040089954467823,1.5025634010836446,0.45781640279024505,2.5804621702985022
split_cell_heldout,ridge_cell_drug_fp,"Myeloid cells, Amiodarone",0.12047677999338055,0.6607579050361501,0.18733095208652792,1.8326248662143432
split_cell_heldout,ridge_cell_drug_fp,"Myeloid cells, IMD-0354",0.47911611328746145,1.420416543930963,0.6226166354749373,2.2408047863868044
split_cell_heldout,ridge_cell_drug_fp,"Myeloid cells, Alogliptin",0.16339574052948988,0.5963207581264299,0.35136495661934497,1.6367943167775099
split_cell_heldout,ridge_cell_drug_fp,"Myeloid cells, RN-486",-0.026147843427263222,0.823632004538557,-0.07754823309670927,2.0817356483976592
split_cell_heldout,ridge_cell_drug_fp,"Myeloid cells, Decitabine",0.1342838719869877,0.5565802755829792,0.26382408764798587,1.6944791892214952
split_cell_heldout,ridge_cell_drug_fp,"Myeloid cells, Cabozantinib",0.18970928768429687,0.7611054179096086,0.3471974869432533,1.841458795838096
split_cell_heldout,ridge_cell_drug_fp,"Myeloid cells, Defactinib",0.3203036031432831,1.0200285241786493,0.5137941074323165,2.0697644459580005
split_cell_heldout,ridge_cell_drug_fp,"Myeloid cells, AZD3514",0.3739371832267618,0.8060667238635079,0.6211799453648545,1.7696321297608752
split_cell_heldout,ridge_cell_drug_fp,"Myeloid cells, HMN-214",0.39336878561766864,0.7826472386479661,0.6445683092219158,1.7235561454196595
split_cell_heldout,ridge_cell_drug_fp,"Myeloid cells, CC-401",0.45062574158928753,0.8619119747592999,0.6329593930762698,1.81073453470124
split_cell_heldout,ridge_cell_drug_fp,"Myeloid cells, Resminostat",0.47559117709089993,1.8104066905500957,0.5922607263779318,2.403758459723949
split_cell_heldout,ridge_cell_drug_fp,"Myeloid cells, Nilotinib",0.3081068110823949,1.1684319617055552,0.4648502200269205,2.252857625083583
split_cell_heldout,ridge_cell_drug_fp,"Myeloid cells, OSI-930",0.18975963033241075,0.6834647694639887,0.2909235723768328,1.7224750022652207
split_cell_heldout,ridge_cell_drug_fp,"Myeloid cells, Saracatinib",0.4923296298045139,1.3107649653436189,0.6315469771435424,2.2282149991632543
split_cell_heldout,ridge_cell_drug_fp,"Myeloid cells, RG7112",0.3891532147746423,0.7242694355169179,0.5193015248924168,1.9237335639030944
split_cell_heldout,ridge_cell_drug_fp,"Myeloid cells, Lamivudine",0.14618038005377432,0.7256391205888892,0.3364430456066935,1.8244600830489792
split_cell_heldout,ridge_cell_drug_fp,"Myeloid cells, AZD-8330",0.19405783646183639,1.1888237330862925,0.34936348963036806,2.3474416635116038
split_cell_heldout,ridge_cell_drug_fp,"Myeloid cells, Ceritinib",0.19560452835092162,0.9794384444287604,0.4213350599741504,2.208910308669203
split_cell_heldout,ridge_cell_drug_fp,"Myeloid cells, CGM-097",0.47830363510058926,1.1012253710179738,0.6249902299048377,1.948777279297814
split_cell_heldout,ridge_cell_drug_fp,"Myeloid cells, SLx-2119",0.171448274227651,0.6773196423416669,0.381159349700956,1.8260937211983777
split_cell_heldout,ridge_cell_drug_fp,"Myeloid cells, Nefazodone",0.17097392404402822,0.5764464228927445,0.2433379060960636,1.6783261044023414
split_cell_heldout,ridge_cell_drug_fp,"Myeloid cells, TPCA-1",0.3578962636031172,1.3992475607994517,0.5189160119445227,2.3688455415480667
split_cell_heldout,ridge_cell_drug_fp,"Myeloid cells, MGCD-265",0.2188488467136875,0.6453776359107255,0.4340712556831263,1.6369319535843634
split_cell_heldout,ridge_cell_drug_fp,"Myeloid cells, GSK-1070916",0.297637626766453,0.7715135114594266,0.5060020349287058,1.7762519220633883
split_cell_heldout,ridge_cell_drug_fp,"Myeloid cells, Bosutinib",0.4734722454399716,1.5202020857735847,0.608623746645776,2.433498268814917
split_cell_heldout,ridge_cell_drug_fp,"Myeloid cells, Clemastine",0.290435784921145,0.6673802871096683,0.5056912397319987,1.710591321899491
split_cell_heldout,ridge_cell_drug_fp,"Myeloid cells, YK 4-279",0.2036197899640556,0.629391492813625,0.4017324393230164,1.6247751558360362
split_cell_heldout,ridge_cell_drug_fp,"Myeloid cells, Buspirone",0.21560038761733344,0.5586763448329216,0.32380350964609916,1.5870644141116907
split_cell_heldout,ridge_cell_drug_fp,"Myeloid cells, GSK256066",0.17889643998332577,1.141849962784464,0.2914577242630885,2.3452868168891956
split_cell_heldout,ridge_cell_drug_fp,"Myeloid cells, Vandetanib",0.08660260948550814,0.8343856291370096,0.22341956063743337,1.9718769875610382
split_cell_heldout,ridge_cell_drug_fp,"Myeloid cells, Imatinib",0.14690655699920055,0.5554798134424197,0.37133687249951325,1.5858171511355637
split_cell_heldout,ridge_cell_drug_fp,"Myeloid cells, SCH-58261",0.18569452961672173,0.6707170899803491,0.3531947671237144,1.7559903332344278
split_cell_heldout,ridge_cell_drug_fp,"Myeloid cells, Colforsin",0.14282917906466963,0.6995851063347024,0.25998950877647775,1.9268954883250107
split_cell_heldout,ridge_cell_drug_fp,"Myeloid cells, Tosedostat",0.3664362752233679,0.9618059897142802,0.569829926817567,2.003619758490032
split_cell_heldout,ridge_cell_drug_fp,"Myeloid cells, ABT-199 (GDC-0199)",0.1184692081420566,0.6450042570032307,0.23854485934522693,1.7227965102015848
split_cell_heldout,ridge_cell_drug_fp,"Myeloid cells, Mometasone Furoate",0.45416028575979583,1.7765480949851693,0.5777434248753535,2.537119602939927
split_cell_heldout,ridge_cell_drug_fp,"Myeloid cells, Tipifarnib",0.34606967844400655,0.8032360707445405,0.6074537039976712,1.7908859917529543
split_cell_heldout,ridge_cell_drug_fp,"Myeloid cells, Doxorubicin",0.5334873120452955,2.0206664526729505,0.6152669593576118,2.674126705273829
split_cell_heldout,ridge_cell_drug_fp,"Myeloid cells, PF-03814735",0.5171201729309599,1.6880551950665428,0.6228122076819783,2.4917566831383047
split_cell_heldout,ridge_cell_drug_fp,"Myeloid cells, AZD4547",0.17075255230484526,0.693322613499305,0.4464104207191583,1.815466097448223
split_cell_heldout,ridge_cell_drug_fp,"Myeloid cells, Prednisolone",0.3612840585936101,1.5383654861829374,0.5005680499081131,2.4508927753458307
split_cell_heldout,ridge_cell_drug_fp,"Myeloid cells, Tacalcitol",0.19745495134719232,2.195271669786185,0.2597698759943194,3.111236054933961
split_cell_heldout,ridge_cell_drug_fp,"Myeloid cells, Clotrimazole",0.1624361078893031,0.7526262747159982,0.3432675667632723,1.8720507162506024
split_cell_heldout,ridge_cell_drug_fp,"Myeloid cells, Mubritinib (TAK 165)",0.23902099627974718,1.199173781548708,0.3766997323895629,2.2876642457976426
split_cell_heldout,ridge_cell_drug_fp,"Myeloid cells, Vanoxerine",0.23451943855251464,0.6348469197063236,0.4282864435523375,1.6524178490639014
split_cell_heldout,ridge_cell_drug_fp,"Myeloid cells, SB525334",0.40527360347451635,1.1271355526766051,0.5865019903193337,2.2275036798300496
split_cell_heldout,ridge_cell_drug_fp,"Myeloid cells, HYDROXYUREA",0.17075487779263748,0.6344226401392331,0.2490611459831924,1.7594022860584964
split_scaffold_heldout,ridge_cell,"B cells, Tamatinib",0.6849577795593104,1.049090647357118,0.8374054771478752,2.0976416330511025
split_scaffold_heldout,ridge_cell,"Myeloid cells, Tamatinib",0.6926308945183728,1.209587104004147,0.8387717954059946,2.2388192402782727
split_scaffold_heldout,ridge_cell,"NK cells, Tamatinib",0.44690912171758274,0.7953417244939777,0.6648148939816267,1.8326006948810971
split_scaffold_heldout,ridge_cell,"T cells, Tamatinib",0.640886683734133,0.9675597553771789,0.8148607434066886,1.9719026197944083
split_scaffold_heldout,ridge_cell,"NK cells, Ixabepilone",0.24235880087486678,0.6157316434922587,0.4218356097182888,1.7803684607076407
split_scaffold_heldout,ridge_cell,"T cells, Ixabepilone",0.24085986279881846,0.5306617080476957,0.3243742459686905,1.5934015130704235
split_scaffold_heldout,ridge_cell,"B cells, 5-(9-Isopropyl-8-methyl-2-morpholino-9H-purin-6-yl)pyrimidin-2-amine",0.7130111189621816,1.2031538834913629,0.8320563748381417,2.220551389374992
split_scaffold_heldout,ridge_cell,"Myeloid cells, 5-(9-Isopropyl-8-methyl-2-morpholino-9H-purin-6-yl)pyrimidin-2-amine",0.4274792669554886,1.5183403373769817,0.5730211614154382,2.622004210171831
split_scaffold_heldout,ridge_cell,"NK cells, 5-(9-Isopropyl-8-methyl-2-morpholino-9H-purin-6-yl)pyrimidin-2-amine",0.5026602657551258,0.8232171414781192,0.7470628644573406,1.9433944669502263
split_scaffold_heldout,ridge_cell,"T cells, 5-(9-Isopropyl-8-methyl-2-morpholino-9H-purin-6-yl)pyrimidin-2-amine",0.724387642677315,1.265907131117238,0.8360602465161421,2.262900978275664
split_scaffold_heldout,ridge_cell,"NK cells, BMS-387032",0.2663188798605422,0.8025838004127437,0.4764753738612135,1.9747932854371542
split_scaffold_heldout,ridge_cell,"T cells, BMS-387032",0.32731799889066265,1.2353250757694176,0.4870065172368693,2.3993539974036073
split_scaffold_heldout,ridge_cell,"B cells, IN1451",0.28256650117941623,1.562897374417495,0.3905245362355161,2.6229684213441784
split_scaffold_heldout,ridge_cell,"Myeloid cells, IN1451",0.321352684701733,2.3687134625343584,0.3968259659129489,3.17644101538745
split_scaffold_heldout,ridge_cell,"NK cells, IN1451",0.269631814679359,1.2031801207169277,0.4352360772844851,2.352909561618745
split_scaffold_heldout,ridge_cell,"T cells, IN1451",0.2702604770345077,2.7732009466154017,0.31841725905107215,3.378963405547963
split_scaffold_heldout,ridge_cell,"B cells, Topotecan",0.22649169310339767,0.8077669308154595,0.42546389052691674,2.0037450839035342
split_scaffold_heldout,ridge_cell,"Myeloid cells, Topotecan",0.16947013743907233,1.483845139029793,0.2549398897602898,2.6129192021778307
split_scaffold_heldout,ridge_cell,"NK cells, Topotecan",0.22382386399049597,0.7744093466670143,0.4035390743509416,1.9742740059095216
split_scaffold_heldout,ridge_cell,"T cells, Topotecan",0.19047904182337053,1.0382492256015652,0.3638401846193991,2.228695630503794
split_scaffold_heldout,ridge_cell,"B cells, BAY 87-2243",0.6118335223531147,0.870574277108873,0.7952637566457618,1.9547047384362313
split_scaffold_heldout,ridge_cell,"Myeloid cells, BAY 87-2243",0.4763497402758591,1.3327098683380874,0.611403841203381,2.4037317053152516
split_scaffold_heldout,ridge_cell,"NK cells, BAY 87-2243",0.32492935990103544,0.9036542900762838,0.5057578190920736,2.178706150108133
split_scaffold_heldout,ridge_cell,"T cells, BAY 87-2243",0.550165063818195,1.1779500048264173,0.6949669792862091,2.2375138401860815
split_scaffold_heldout,ridge_cell,"NK cells, BMS-777607",0.22687994001233844,0.6246640571081439,0.4280987956199697,1.7163382196371637
split_scaffold_heldout,ridge_cell,"T cells, BMS-777607",0.4548488154811569,0.5093834198940091,0.7418606226248381,1.3648437818422638
split_scaffold_heldout,ridge_cell,"B cells, Proscillaridin A;Proscillaridin-A",0.16335102270291135,2.2680566022630075,0.2064285770885005,3.1379627304843676
split_scaffold_heldout,ridge_cell,"NK cells, Proscillaridin A;Proscillaridin-A",0.07319523147798548,2.253484869124108,0.10412839107861589,3.16052528867239
split_scaffold_heldout,ridge_cell,"T cells, Proscillaridin A;Proscillaridin-A",-0.0017551928148511302,2.9910262470550006,-0.0022192419820229537,3.5474905640045757
split_scaffold_heldout,ridge_cell,"B cells, BMS-265246",-0.05987118752895407,1.172345462005252,-0.08311500380783589,2.4403572238992175
split_scaffold_heldout,ridge_cell,"Myeloid cells, BMS-265246",0.1291065991013474,1.731086401090598,0.21449913714388105,2.841137307148532
split_scaffold_heldout,ridge_cell,"NK cells, BMS-265246",0.23878724252474082,0.854816510953044,0.44841940632398536,2.0931788925150174
split_scaffold_heldout,ridge_cell,"T cells, BMS-265246",0.15054673651746417,1.3664610655021643,0.24415082370611946,2.543912157526911
split_scaffold_heldout,ridge_cell,"NK cells, Vardenafil",0.2608081588540314,0.6243467806774847,0.4371877586996135,1.7764685006650087
split_scaffold_heldout,ridge_cell,"T cells, Vardenafil",0.32015300348407194,0.5270503044786456,0.5567491995650071,1.5254425409064252
split_scaffold_heldout,ridge_cell,"NK cells, Dasatinib",0.3310880192518021,0.7269826590527433,0.5542870981656413,1.821100271387244
split_scaffold_heldout,ridge_cell,"T cells, Dasatinib",0.6683000788914603,0.9693652931430091,0.8165641929528165,1.9801007235536319
split_scaffold_heldout,ridge_cell,"NK cells, Alogliptin",0.11164099355647701,0.618028778241797,0.16671179756897683,1.8033033450115674
split_scaffold_heldout,ridge_cell,"T cells, Alogliptin",0.09244602986076003,0.5903966773002434,0.11941150857992125,1.683680306043728
split_scaffold_heldout,ridge_cell,"NK cells, HMN-214",0.21482077248725376,0.6659751353453441,0.42959401915529566,1.7395481087501066
split_scaffold_heldout,ridge_cell,"T cells, HMN-214",-0.23177988035193278,0.8183114966205797,-0.5333488553838835,2.4021964307067
split_scaffold_heldout,ridge_cell,"NK cells, Resminostat",0.2449078968548016,1.316169157860128,0.39269084197594684,2.502220624042689
split_scaffold_heldout,ridge_cell,"T cells, Resminostat",0.46048292453268436,2.1081312343967533,0.5466141797563975,2.9720713497118627
split_scaffold_heldout,ridge_cell,"NK cells, Nilotinib",0.35523522854040085,0.6951398793675715,0.5910317094621864,1.7763805812170195
split_scaffold_heldout,ridge_cell,"T cells, Nilotinib",0.632647517845636,0.7213418200039613,0.8319997292309416,1.6733961032149816
split_scaffold_heldout,ridge_cell,"NK cells, Lamivudine",0.2815826875120123,0.6292789273429276,0.471087225271165,1.8216975122476944
split_scaffold_heldout,ridge_cell,"T cells, Lamivudine",0.2853094617925677,0.5146958013519023,0.4908784375495371,1.5161432642002752
split_scaffold_heldout,ridge_cell,"B cells, Pitavastatin Calcium",-0.12118706453097909,1.1616400187225995,-0.1593237743494908,2.4634773654774627
split_scaffold_heldout,ridge_cell,"Myeloid cells, Pitavastatin Calcium",0.03701799397346863,2.3393961774933207,0.059285049425238004,3.210618249162724
split_scaffold_heldout,ridge_cell,"NK cells, Pitavastatin Calcium",-0.02704790775987271,1.3995506189729914,-0.011636225644538027,2.6664234059878265
split_scaffold_heldout,ridge_cell,"T cells, Pitavastatin Calcium",-0.1261608301735202,1.641369913869097,-0.1780236662258328,2.8799654545729476
split_scaffold_heldout,ridge_cell,"B cells, ABT737",-0.08823068818121829,1.0118505071070205,-0.15328790877093978,2.2302630356784325
split_scaffold_heldout,ridge_cell,"Myeloid cells, ABT737",0.0745660302868685,0.9656049116266088,0.22666990896000877,2.208742770797107
split_scaffold_heldout,ridge_cell,"NK cells, ABT737",0.1985488104664255,0.7112227062148543,0.35445221554338396,1.8663719593038535
split_scaffold_heldout,ridge_cell,"T cells, ABT737",0.18398396956573498,0.607226447445529,0.5850760521516026,1.7411264203482588
split_scaffold_heldout,ridge_cell,"B cells, PRT-062607",0.7085964928069938,1.0054018251799002,0.852280242974281,2.026180509526825
split_scaffold_heldout,ridge_cell,"Myeloid cells, PRT-062607",0.6926403934270009,1.291215888763948,0.8192614048456023,2.311347661218876
split_scaffold_heldout,ridge_cell,"NK cells, PRT-062607",0.4457652240937791,0.6966120603054319,0.6970312427813199,1.7532533757994435
split_scaffold_heldout,ridge_cell,"T cells, PRT-062607",0.7149429640355565,0.8727264701103299,0.8561769642580894,1.842908365901308
split_scaffold_heldout,ridge_cell,"NK cells, Ceritinib",0.39868277528077156,0.6467210279690737,0.6180215146282997,1.738662557170772
split_scaffold_heldout,ridge_cell,"T cells, Ceritinib",0.5331007725995945,0.5244879241625591,0.7175961089122251,1.4345272184759053
split_scaffold_heldout,ridge_cell,"B cells, Ricolinostat",0.3582391380741346,0.74485312956039,0.6015776464131122,1.8211867940867836
split_scaffold_heldout,ridge_cell,"Myeloid cells, Ricolinostat",0.07850639013050892,1.192137759745906,0.15427106543092556,2.420275188330208
split_scaffold_heldout,ridge_cell,"NK cells, Ricolinostat",0.096719449115344,0.7603383080817802,0.17608158741769517,1.9159977682671037
split_scaffold_heldout,ridge_cell,"T cells, Ricolinostat",0.33510152155567813,0.8347749387075203,0.5390263041407514,1.9563234272225187
split_scaffold_heldout,ridge_cell,"NK cells, Bosutinib",0.3488802490240328,0.7451508099134997,0.5810384825463382,1.886016484435705
split_scaffold_heldout,ridge_cell,"T cells, Bosutinib",0.5881791976027853,0.9311024270018208,0.7528188635864171,1.990419298090683
split_scaffold_heldout,ridge_cell,"NK cells, Buspirone",0.1687836262603121,0.5875011129941481,0.32168659918639503,1.7365491179608104
split_scaffold_heldout,ridge_cell,"T cells, Buspirone",0.1108766520916943,0.539553345167685,0.2416070117879287,1.6631273405823097
split_scaffold_heldout,ridge_cell,"B cells, Tivantinib",0.42809238935551713,0.6586633593964768,0.6343058511888158,1.7059683859530848
split_scaffold_heldout,ridge_cell,"Myeloid cells, Tivantinib",0.3522326096996064,0.7763566366837964,0.5890795701608077,1.9044348361775083
split_scaffold_heldout,ridge_cell,"NK cells, Tivantinib",0.2756570486745782,0.6552474695875187,0.5306751977071688,1.7921371389030798
split_scaffold_heldout,ridge_cell,"T cells, Tivantinib",0.3934133351702482,0.7031148150247893,0.5674141552379668,1.7413785307151752
split_scaffold_heldout,ridge_cell,"NK cells, AZD4547",0.25531661423161606,0.6270726248135033,0.5012585736029155,1.7468716740016814
split_scaffold_heldout,ridge_cell,"T cells, AZD4547",0.31854812397496124,0.5097222484649522,0.5458679894617313,1.524308340781551
split_scaffold_heldout,ridge_cell,"B cells, GLPG0634",0.5951414179783373,0.7552592661231444,0.7884654746665254,1.7236432377861663
split_scaffold_heldout,ridge_cell,"Myeloid cells, GLPG0634",0.5638342431430359,0.8045046236622763,0.820987882725184,1.805738764626482
split_scaffold_heldout,ridge_cell,"NK cells, GLPG0634",0.4200996810076854,0.6863675413949277,0.6591529412416519,1.7623492914527317
split_scaffold_heldout,ridge_cell,"T cells, GLPG0634",0.5916837954803238,0.6726703763582564,0.8286215900629663,1.6166177627844505
split_scaffold_heldout,ridge_cell,"B cells, Ixabepilone",0.204762854572476,0.5801154510602101,0.40104829059916247,1.7689919137452421
split_scaffold_heldout,ridge_cell,"Myeloid cells, Ixabepilone",0.17330878720016996,0.6805381834668789,0.3100429645392016,1.8224084516125305
split_scaffold_heldout,ridge_cell,"B cells, BMS-777607",0.42062721818044796,0.5908517770993579,0.6588758430218751,1.583866570195931
split_scaffold_heldout,ridge_cell,"Myeloid cells, BMS-777607",0.4282922722318412,0.7037157924844728,0.7130747365804662,1.7578679899849963
split_scaffold_heldout,ridge_cell,"B cells, Vardenafil",0.30714058802915867,0.5652950591306237,0.5600263795731419,1.5502009644210752
split_scaffold_heldout,ridge_cell,"Myeloid cells, Vardenafil",0.36953670110420545,0.6478938641611243,0.6883786183843067,1.5691541741815351
split_scaffold_heldout,ridge_cell,"B cells, Dasatinib",0.663769711401244,1.066524754357456,0.8299954786131581,2.157199332271719
split_scaffold_heldout,ridge_cell,"Myeloid cells, Dasatinib",0.5527781703049248,1.430521194009469,0.7171287346027182,2.4393248937042293
split_scaffold_heldout,ridge_cell,"B cells, Alogliptin",0.10193280768657141,0.6279985229930052,0.15952952704882956,1.8004779057932272
split_scaffold_heldout,ridge_cell,"Myeloid cells, Alogliptin",0.04673960372333209,0.6396413573095697,0.13618785874322115,1.7230473647675382
split_scaffold_heldout,ridge_cell,"B cells, HMN-214",-0.029121792887139997,0.6523968078570171,0.03950844745838782,1.788880220606847
split_scaffold_heldout,ridge_cell,"Myeloid cells, HMN-214",0.24316291564135747,0.8341936390226165,0.4465040385127259,1.9334331420733715
split_scaffold_heldout,ridge_cell,"B cells, Resminostat",0.40295469086654234,1.6290822269069207,0.53164123160826,2.6602073016259284
split_scaffold_heldout,ridge_cell,"Myeloid cells, Resminostat",0.4425597884517287,1.869568453476686,0.5578601519545822,2.7848811257487815
split_scaffold_heldout,ridge_cell,"B cells, Nilotinib",0.6619099785950653,0.7809947726654752,0.8482303657062711,1.8011053945361786
split_scaffold_heldout,ridge_cell,"Myeloid cells, Nilotinib",0.4482523062136998,1.10105218732018,0.6675249639904465,2.2130570635412674
split_scaffold_heldout,ridge_cell,"B cells, Lamivudine",0.36344657092918464,0.5872664262251133,0.6534191003629072,1.5750605086348815
split_scaffold_heldout,ridge_cell,"Myeloid cells, Lamivudine",0.2372221886693808,0.696492784516965,0.4963255026864889,1.7326614645199663
split_scaffold_heldout,ridge_cell,"B cells, Ceritinib",0.4293775128878386,0.5536657823447905,0.6814384347979194,1.500534307847419
split_scaffold_heldout,ridge_cell,"Myeloid cells, Ceritinib",0.5512151189302538,0.8363375441793354,0.7970778361949183,1.930140210049243
split_scaffold_heldout,ridge_cell,"B cells, Bosutinib",0.6609271778809661,1.0687417372274508,0.8089766558617855,2.1261082163929808
split_scaffold_heldout,ridge_cell,"Myeloid cells, Bosutinib",0.5387005176877424,1.566742410380867,0.6882284005050142,2.6110879024854348
split_scaffold_heldout,ridge_cell,"B cells, Buspirone",0.12260216072250239,0.6026874672443637,0.20690408283492073,1.7988609561762023
split_scaffold_heldout,ridge_cell,"Myeloid cells, Buspirone",0.1665667089468003,0.59028793888179,0.3372378673162399,1.5936552307789829
split_scaffold_heldout,ridge_cell,"B cells, AZD4547",0.26028700238170743,0.5777044883602106,0.5145201883169038,1.6393863529160424
split_scaffold_heldout,ridge_cell,"Myeloid cells, AZD4547",0.3108825283593826,0.6491435226997692,0.5816851938278375,1.7159061769181159
split_scaffold_heldout,ridge_drug_fp,"B cells, Tamatinib",0.5294468358879151,1.0600417382205403,0.7466115626480057,2.0482487562133422
split_scaffold_heldout,ridge_drug_fp,"Myeloid cells, Tamatinib",0.45709587674382834,1.2750248439710974,0.6542891030361825,2.3003953084339064
split_scaffold_heldout,ridge_drug_fp,"NK cells, Tamatinib",0.2802339468954063,0.8676055638633366,0.43958959502596184,1.8244090471623349
split_scaffold_heldout,ridge_drug_fp,"T cells, Tamatinib",0.5587699959193079,0.9554267495263115,0.7680393253623016,1.8620004354183881
split_scaffold_heldout,ridge_drug_fp,"NK cells, Ixabepilone",0.08281709113540593,0.6710930790468418,0.1343833453038994,1.856779515427084
split_scaffold_heldout,ridge_drug_fp,"T cells, Ixabepilone",0.15371008013710946,0.5452066740929399,0.32252003324261086,1.6551916685574926
split_scaffold_heldout,ridge_drug_fp,"B cells, 5-(9-Isopropyl-8-methyl-2-morpholino-9H-purin-6-yl)pyrimidin-2-amine",0.6269168381905816,1.2099400342784126,0.7808731691826459,2.2184440340604223
split_scaffold_heldout,ridge_drug_fp,"Myeloid cells, 5-(9-Isopropyl-8-methyl-2-morpholino-9H-purin-6-yl)pyrimidin-2-amine",0.44233500114161517,1.5075258386800645,0.5909074454716287,2.6011291196456354
split_scaffold_heldout,ridge_drug_fp,"NK cells, 5-(9-Isopropyl-8-methyl-2-morpholino-9H-purin-6-yl)pyrimidin-2-amine",0.46401226887977987,0.8066976871890209,0.6850018702546947,1.8258518185611923
split_scaffold_heldout,ridge_drug_fp,"T cells, 5-(9-Isopropyl-8-methyl-2-morpholino-9H-purin-6-yl)pyrimidin-2-amine",0.6623367777868158,1.261634574785776,0.797675834001898,2.248718898148698
split_scaffold_heldout,ridge_drug_fp,"NK cells, BMS-387032",0.11659122423038591,0.8642670999291695,0.20609405837811995,2.0463059699618436
split_scaffold_heldout,ridge_drug_fp,"T cells, BMS-387032",0.250849496507437,1.2600035803891245,0.3910029997242223,2.433149343186073
split_scaffold_heldout,ridge_drug_fp,"B cells, IN1451",0.09100558095123695,1.6179190551474378,0.13518985397155342,2.717044351787213
split_scaffold_heldout,ridge_drug_fp,"Myeloid cells, IN1451",0.0805985383134757,2.4497605939031715,0.10457294914501036,3.288503653582202
split_scaffold_heldout,ridge_drug_fp,"NK cells, IN1451",0.08838616534083783,1.244856635892888,0.14543038745772985,2.4177363631473043
split_scaffold_heldout,ridge_drug_fp,"T cells, IN1451",0.059170671255990286,2.8378143458656755,0.0684366742929571,3.45973971006817
split_scaffold_heldout,ridge_drug_fp,"B cells, Topotecan",0.08183848333297167,0.8617435447440015,0.14170164451889763,2.1247758119757445
split_scaffold_heldout,ridge_drug_fp,"Myeloid cells, Topotecan",0.12687114971184635,1.4982524253972482,0.21383550619172081,2.6303405988716007
split_scaffold_heldout,ridge_drug_fp,"NK cells, Topotecan",0.06641021925502544,0.8432255856760589,0.20523025790364205,2.0190908205930307
split_scaffold_heldout,ridge_drug_fp,"T cells, Topotecan",0.11203145800534184,1.069381200232788,0.2317573655187313,2.274293303084328
split_scaffold_heldout,ridge_drug_fp,"B cells, BAY 87-2243",0.27697516235131325,0.9839867698601686,0.5312054247241017,2.1829909895669077
split_scaffold_heldout,ridge_drug_fp,"Myeloid cells, BAY 87-2243",0.12536812765133634,1.453673839924563,0.1988616491965477,2.6140910547437683
split_scaffold_heldout,ridge_drug_fp,"NK cells, BAY 87-2243",0.15910347567412436,0.9477100842433133,0.32740158466374086,2.2273035396553227
split_scaffold_heldout,ridge_drug_fp,"T cells, BAY 87-2243",0.22756006644139076,1.285779518360254,0.36904569348043503,2.430629209301551
split_scaffold_heldout,ridge_drug_fp,"NK cells, BMS-777607",0.11979364695856443,0.7746838309791075,0.2345356427550669,1.7577595132989359
split_scaffold_heldout,ridge_drug_fp,"T cells, BMS-777607",0.29918283791236083,0.646880817756977,0.6037288190368905,1.394627846558302
split_scaffold_heldout,ridge_drug_fp,"B cells, Proscillaridin A;Proscillaridin-A",0.0339865245378384,2.3297231365818725,0.04521513757796685,3.2083765658251795
split_scaffold_heldout,ridge_drug_fp,"NK cells, Proscillaridin A;Proscillaridin-A",-0.07691291413004915,2.3427119784672548,-0.09377524641780012,3.261932482330464
split_scaffold_heldout,ridge_drug_fp,"T cells, Proscillaridin A;Proscillaridin-A",-0.0809557953233515,3.048349385668311,-0.0936242126290843,3.609176018690627
split_scaffold_heldout,ridge_drug_fp,"B cells, BMS-265246",-0.12689079937161923,1.1882928722890274,-0.19871959741772086,2.4778370901400684
split_scaffold_heldout,ridge_drug_fp,"Myeloid cells, BMS-265246",0.008094086715843744,1.7636515726825397,0.04632460008618164,2.897051754409173
split_scaffold_heldout,ridge_drug_fp,"NK cells, BMS-265246",-0.07211609659347717,0.9496076562757664,-0.15384917552318292,2.2969489203566993
split_scaffold_heldout,ridge_drug_fp,"T cells, BMS-265246",-0.02624578601135878,1.4183087196033866,-0.0329902664051674,2.646640955151784
split_scaffold_heldout,ridge_drug_fp,"NK cells, Vardenafil",0.07563074240862512,0.7217502691260737,0.10476952132376988,1.857525205353588
split_scaffold_heldout,ridge_drug_fp,"T cells, Vardenafil",0.18931597810202322,0.5942709687665342,0.4379991537839385,1.59361069060871
split_scaffold_heldout,ridge_drug_fp,"NK cells, Dasatinib",0.18250676683104142,0.7732758110874802,0.36953079801241556,1.855932104883907
split_scaffold_heldout,ridge_drug_fp,"T cells, Dasatinib",0.3524708133363083,1.0800146828109396,0.5647875599396522,2.178785350709155
split_scaffold_heldout,ridge_drug_fp,"NK cells, Alogliptin",0.02029027438595052,0.6739875230300265,-0.052040351102921795,1.8639960421592174
split_scaffold_heldout,ridge_drug_fp,"T cells, Alogliptin",0.06805782221326143,0.5953740785343817,0.20423093421606175,1.6514183439861492
split_scaffold_heldout,ridge_drug_fp,"NK cells, HMN-214",-0.009442487060488364,0.762933005920643,-0.07021543382792646,1.8836239036766562
split_scaffold_heldout,ridge_drug_fp,"T cells, HMN-214",-0.11106910422810126,0.8022508081574745,-0.2812584086878082,2.2018557108370156
split_scaffold_heldout,ridge_drug_fp,"NK cells, Resminostat",0.4072800188735669,1.237733488089771,0.596707966795204,2.290330284617186
split_scaffold_heldout,ridge_drug_fp,"T cells, Resminostat",0.5253109720773865,2.0300540121617403,0.6250514785250273,2.8514534795591975
split_scaffold_heldout,ridge_drug_fp,"NK cells, Nilotinib",0.01078100273268559,0.8535024195981725,0.06350103755192332,1.9574030365114123
split_scaffold_heldout,ridge_drug_fp,"T cells, Nilotinib",-0.029136144683286902,0.9884416727365398,-0.03346732918707843,2.176273832520073
split_scaffold_heldout,ridge_drug_fp,"NK cells, Lamivudine",0.16604151802193176,0.6748886905375384,0.23887915214795283,1.8660203111858946
split_scaffold_heldout,ridge_drug_fp,"T cells, Lamivudine",0.2774566464196463,0.5144313860300216,0.45921892942510356,1.5327530682276378
split_scaffold_heldout,ridge_drug_fp,"B cells, Pitavastatin Calcium",0.00430359110966456,1.117050604438858,0.02765866061382732,2.373782847592183
split_scaffold_heldout,ridge_drug_fp,"Myeloid cells, Pitavastatin Calcium",0.19755659968625297,2.288302602980273,0.263318152740681,3.1440333055341636
split_scaffold_heldout,ridge_drug_fp,"NK cells, Pitavastatin Calcium",-0.0025519796389245693,1.4067160291211047,0.003044426006917396,2.6646623594035215
split_scaffold_heldout,ridge_drug_fp,"T cells, Pitavastatin Calcium",-0.03801042337659077,1.6067184046921528,-0.06858589391801641,2.8197715954149603
split_scaffold_heldout,ridge_drug_fp,"B cells, ABT737",0.26661005208055705,0.9160495259638153,0.48282483034275936,1.9479616974328557
split_scaffold_heldout,ridge_drug_fp,"Myeloid cells, ABT737",0.2140532508909433,0.9315533168310101,0.35615700203945605,2.138361463253307
split_scaffold_heldout,ridge_drug_fp,"NK cells, ABT737",0.014478434963704259,0.8253927334630045,0.06939666323936321,1.9488561751047342
split_scaffold_heldout,ridge_drug_fp,"T cells, ABT737",0.05916016670806962,0.6918718203234564,0.14267798494266212,1.9458836045603083
split_scaffold_heldout,ridge_drug_fp,"B cells, PRT-062607",0.5357526382732575,1.0194105396384294,0.751538957123477,1.9645722416161329
split_scaffold_heldout,ridge_drug_fp,"Myeloid cells, PRT-062607",0.5394964861808244,1.2983189009160063,0.722305654476047,2.264637650032921
split_scaffold_heldout,ridge_drug_fp,"NK cells, PRT-062607",0.32506544638812856,0.7740665023236514,0.5708029102768036,1.6705648713171375
split_scaffold_heldout,ridge_drug_fp,"T cells, PRT-062607",0.6087952903221093,0.8562418749446937,0.8216058866251026,1.687959438436572
split_scaffold_heldout,ridge_drug_fp,"NK cells, Ceritinib",0.19658697302796982,0.7138386153977171,0.34548678978853165,1.8043582222542447
split_scaffold_heldout,ridge_drug_fp,"T cells, Ceritinib",0.32110524085350634,0.601123720167736,0.6174879554709017,1.57257023463683
split_scaffold_heldout,ridge_drug_fp,"B cells, Ricolinostat",0.4578099668488229,0.8325558035374457,0.7061689097204932,1.4308742234639251
split_scaffold_heldout,ridge_drug_fp,"Myeloid cells, Ricolinostat",0.3705989254125241,1.1457233904504935,0.5708588275888926,2.0422459660309054
split_scaffold_heldout,ridge_drug_fp,"NK cells, Ricolinostat",0.2453454609197038,0.9552427074047103,0.4301259349235588,1.7165157071365036
split_scaffold_heldout,ridge_drug_fp,"T cells, Ricolinostat",0.5545595425735474,0.7998211196423916,0.8096433386708066,1.3577449890915385
split_scaffold_heldout,ridge_drug_fp,"NK cells, Bosutinib",0.25467245578076025,0.7967056882259098,0.40184277901846865,1.873865474620909
split_scaffold_heldout,ridge_drug_fp,"T cells, Bosutinib",0.44596530298701775,0.9667576584778488,0.6423773659662588,1.9978938515724294
split_scaffold_heldout,ridge_drug_fp,"NK cells, Buspirone",0.047555585799516374,0.6504998086135728,0.03827495622511199,1.8015914029581441
split_scaffold_heldout,ridge_drug_fp,"T cells, Buspirone",0.12503629787611614,0.5360347644468897,0.2642498250350426,1.6407528635836
split_scaffold_heldout,ridge_drug_fp,"B cells, Tivantinib",0.3192757662653926,0.7317356286784249,0.5340494178411324,1.7216244994338308
split_scaffold_heldout,ridge_drug_fp,"Myeloid cells, Tivantinib",0.25338219509195503,0.8453679016523944,0.4726486376739089,1.937350528040947
split_scaffold_heldout,ridge_drug_fp,"NK cells, Tivantinib",0.16761637340537064,0.7624191521396817,0.3153234978409804,1.8046325105287053
split_scaffold_heldout,ridge_drug_fp,"T cells, Tivantinib",0.3873238282915697,0.7267676690820428,0.5462224264024212,1.6439133653841937
split_scaffold_heldout,ridge_drug_fp,"NK cells, AZD4547",0.11744076989417869,0.6721563675104838,0.2888048252219056,1.793370455073375
split_scaffold_heldout,ridge_drug_fp,"T cells, AZD4547",0.2819770758666729,0.5101985974683592,0.5335311029840049,1.5552667008158187
split_scaffold_heldout,ridge_drug_fp,"B cells, GLPG0634",0.47287740219094015,0.7907689194713474,0.7171341053436182,1.6850972511260636
split_scaffold_heldout,ridge_drug_fp,"Myeloid cells, GLPG0634",0.4253934677631654,0.8594673041968424,0.7348152372909608,1.8284833330519055
split_scaffold_heldout,ridge_drug_fp,"NK cells, GLPG0634",0.1744684266602964,0.8106015364780736,0.34278146138098486,1.8398733531850926
split_scaffold_heldout,ridge_drug_fp,"T cells, GLPG0634",0.48462744694941,0.7124551614132019,0.7372998005340116,1.5738744111605114
split_scaffold_heldout,ridge_drug_fp,"B cells, Ixabepilone",0.08133943120681761,0.6059359408502342,0.17189338258655465,1.8318728937568434
split_scaffold_heldout,ridge_drug_fp,"Myeloid cells, Ixabepilone",0.21114653601233213,0.6520202586785466,0.3556641127956231,1.8145431159884249
split_scaffold_heldout,ridge_drug_fp,"B cells, BMS-777607",0.2758588547844922,0.7126088035165217,0.5314997531378378,1.630147802066025
split_scaffold_heldout,ridge_drug_fp,"Myeloid cells, BMS-777607",0.18332151724137957,0.8541387717624105,0.41653723136310483,1.91789128785894
split_scaffold_heldout,ridge_drug_fp,"B cells, Vardenafil",0.1441576504278191,0.64242538289465,0.25989205338131977,1.6814861141901023
split_scaffold_heldout,ridge_drug_fp,"Myeloid cells, Vardenafil",0.12693214373082617,0.7427621354080177,0.3270505716305118,1.8086800802990741
split_scaffold_heldout,ridge_drug_fp,"B cells, Dasatinib",0.32399386048852796,1.1841560283982195,0.5444475601334524,2.37268090193508
split_scaffold_heldout,ridge_drug_fp,"Myeloid cells, Dasatinib",0.3685017060789821,1.505323785069923,0.518782819528648,2.56634326390837
split_scaffold_heldout,ridge_drug_fp,"B cells, Alogliptin",0.11607457942478752,0.6241809178063364,0.27920358055545247,1.7641392348105436
split_scaffold_heldout,ridge_drug_fp,"Myeloid cells, Alogliptin",0.11051998949184907,0.6050876136682765,0.2570815859842151,1.6710062880522552
split_scaffold_heldout,ridge_drug_fp,"B cells, HMN-214",-0.0893139304487265,0.6869012183362815,-0.15103575944748657,1.8612772252825067
split_scaffold_heldout,ridge_drug_fp,"Myeloid cells, HMN-214",0.01795935547300279,0.9091268171617896,0.033914036578253114,2.093573545238768
split_scaffold_heldout,ridge_drug_fp,"B cells, Resminostat",0.4834112568828451,1.5600799112369192,0.6428200674713713,2.521059981761968
split_scaffold_heldout,ridge_drug_fp,"Myeloid cells, Resminostat",0.3920374145944539,1.863967047259436,0.5161136107024474,2.7581848584325637
split_scaffold_heldout,ridge_drug_fp,"B cells, Nilotinib",0.03468876888389662,1.029043473040661,0.0928205648914185,2.2582845341257025
split_scaffold_heldout,ridge_drug_fp,"Myeloid cells, Nilotinib",-0.05205141022289727,1.3065728823619216,-0.0669947443070034,2.5618022921406745
split_scaffold_heldout,ridge_drug_fp,"B cells, Lamivudine",0.31330877673670127,0.6023616370347726,0.5619006983338106,1.649784882981488
split_scaffold_heldout,ridge_drug_fp,"Myeloid cells, Lamivudine",0.2915410749673284,0.6705980970187635,0.573601093876962,1.7230858164962837
split_scaffold_heldout,ridge_drug_fp,"B cells, Ceritinib",0.2020616865556729,0.6325574503794127,0.4370071507996558,1.6854310672521384
split_scaffold_heldout,ridge_drug_fp,"Myeloid cells, Ceritinib",0.18309046538582688,0.9707164996779968,0.38351240165895195,2.2409753260158087
split_scaffold_heldout,ridge_drug_fp,"B cells, Bosutinib",0.37660886084471573,1.1548839841211882,0.5550615320527635,2.245142003928848
split_scaffold_heldout,ridge_drug_fp,"Myeloid cells, Bosutinib",0.3707494764167374,1.6153293817093919,0.5002747267868627,2.6705731019598278
split_scaffold_heldout,ridge_drug_fp,"B cells, Buspirone",0.03019369313763135,0.6307267249256282,-0.09266506579524643,1.8974317668764915
split_scaffold_heldout,ridge_drug_fp,"Myeloid cells, Buspirone",0.14388117977377732,0.5838895053783664,0.35865860842209785,1.590345371115983
split_scaffold_heldout,ridge_drug_fp,"B cells, AZD4547",0.20302450419036175,0.5850856617076512,0.4218515831342838,1.704007442083325
split_scaffold_heldout,ridge_drug_fp,"Myeloid cells, AZD4547",0.2525413611280724,0.6538955650110283,0.49721749838562196,1.8090375237800955
split_scaffold_heldout,ridge_cell_drug_fp,"B cells, Tamatinib",0.620583279287573,0.994287324056664,0.8102892318107058,1.9022024797709118
split_scaffold_heldout,ridge_cell_drug_fp,"Myeloid cells, Tamatinib",0.5996145666648582,1.1726955740641207,0.7853513967488402,2.09356651065957
split_scaffold_heldout,ridge_cell_drug_fp,"NK cells, Tamatinib",0.3424300134382254,0.8259011489696809,0.5323639500325325,1.7747090866043451
split_scaffold_heldout,ridge_cell_drug_fp,"T cells, Tamatinib",0.601485790532226,0.9197418634788384,0.8025130991592493,1.7638170648705058
split_scaffold_heldout,ridge_cell_drug_fp,"NK cells, Ixabepilone",0.14662070088823997,0.6575226492914523,0.28726225470480526,1.8028594286223867
split_scaffold_heldout,ridge_cell_drug_fp,"T cells, Ixabepilone",0.2639221034041086,0.5399265636118145,0.41096331910140493,1.5060978090947212
split_scaffold_heldout,ridge_cell_drug_fp,"B cells, 5-(9-Isopropyl-8-methyl-2-morpholino-9H-purin-6-yl)pyrimidin-2-amine",0.6918098392019654,1.150618155064159,0.8199502995595075,2.100880649743008
split_scaffold_heldout,ridge_cell_drug_fp,"Myeloid cells, 5-(9-Isopropyl-8-methyl-2-morpholino-9H-purin-6-yl)pyrimidin-2-amine",0.4567798221299339,1.4834444157694362,0.6049677463566187,2.5456557927461723
split_scaffold_heldout,ridge_cell_drug_fp,"NK cells, 5-(9-Isopropyl-8-methyl-2-morpholino-9H-purin-6-yl)pyrimidin-2-amine",0.4948216024580925,0.7966464908718092,0.7334895115745818,1.8154001278076008
split_scaffold_heldout,ridge_cell_drug_fp,"T cells, 5-(9-Isopropyl-8-methyl-2-morpholino-9H-purin-6-yl)pyrimidin-2-amine",0.738220484017223,1.1985791089343771,0.8499645936252602,2.1297507169544656
split_scaffold_heldout,ridge_cell_drug_fp,"NK cells, BMS-387032",0.15413928759103418,0.8428830078008452,0.2665413499826397,2.0222590018228535
split_scaffold_heldout,ridge_cell_drug_fp,"T cells, BMS-387032",0.25462001438928816,1.2615393575604235,0.3908583194048703,2.414799314117982
split_scaffold_heldout,ridge_cell_drug_fp,"B cells, IN1451",0.1658085411201769,1.5993737622115138,0.24781395000494025,2.675564473485141
split_scaffold_heldout,ridge_cell_drug_fp,"Myeloid cells, IN1451",0.19774827623558966,2.4121272887391703,0.25365363223995896,3.2324941083420193
split_scaffold_heldout,ridge_cell_drug_fp,"NK cells, IN1451",0.07657975559666474,1.2529776131911377,0.13130136581484983,2.420211655450034
split_scaffold_heldout,ridge_cell_drug_fp,"T cells, IN1451",0.13271827070660533,2.816534466827176,0.15670313166736138,3.4319749401496127
split_scaffold_heldout,ridge_cell_drug_fp,"B cells, Topotecan",0.1856442086191218,0.8373940087708832,0.35831306336923285,2.0265239201229654
split_scaffold_heldout,ridge_cell_drug_fp,"Myeloid cells, Topotecan",0.1602605623116796,1.4937534209410688,0.25175538364369826,2.606428153756195
split_scaffold_heldout,ridge_cell_drug_fp,"NK cells, Topotecan",0.10986173336328907,0.831921520780503,0.28526190015328234,1.986598588938721
split_scaffold_heldout,ridge_cell_drug_fp,"T cells, Topotecan",0.16727818725295068,1.0627985489112246,0.3204552369875901,2.2245377422504555
split_scaffold_heldout,ridge_cell_drug_fp,"B cells, BAY 87-2243",0.4158533254647829,0.9347799423641188,0.6819191118507154,2.041342317597697
split_scaffold_heldout,ridge_cell_drug_fp,"Myeloid cells, BAY 87-2243",0.31474846622830105,1.391003164079836,0.4502458993458954,2.488560319179961
split_scaffold_heldout,ridge_cell_drug_fp,"NK cells, BAY 87-2243",0.08910263077080728,0.9705799805135303,0.1937048454000174,2.2837181426763813
split_scaffold_heldout,ridge_cell_drug_fp,"T cells, BAY 87-2243",0.3968463594856272,1.2277722237941373,0.5784884206795178,2.312537722171923
split_scaffold_heldout,ridge_cell_drug_fp,"NK cells, BMS-777607",0.1623105159637589,0.7455888170513046,0.3181342503883429,1.711350534583608
split_scaffold_heldout,ridge_cell_drug_fp,"T cells, BMS-777607",0.37887407593945366,0.6219479314343471,0.6783857332928743,1.292283991645345
split_scaffold_heldout,ridge_cell_drug_fp,"B cells, Proscillaridin A;Proscillaridin-A",0.07616962016084554,2.3164680800494466,0.1003139185067247,3.1842032544737022
split_scaffold_heldout,ridge_cell_drug_fp,"NK cells, Proscillaridin A;Proscillaridin-A",-0.036051317850225036,2.3139343035147664,-0.040614424777957486,3.225779545841993
split_scaffold_heldout,ridge_cell_drug_fp,"T cells, Proscillaridin A;Proscillaridin-A",-0.055128827268822365,3.0493047980599584,-0.06373507457079179,3.608686311996107
split_scaffold_heldout,ridge_cell_drug_fp,"B cells, BMS-265246",-0.11010592752912716,1.2070132147150212,-0.17380907942093918,2.494076300055343
split_scaffold_heldout,ridge_cell_drug_fp,"Myeloid cells, BMS-265246",0.07031717772936562,1.7564424316832592,0.13278794955151305,2.8712031711691743
split_scaffold_heldout,ridge_cell_drug_fp,"NK cells, BMS-265246",0.031176381353299414,0.9163857637803869,0.019011321692867348,2.2230464928719718
split_scaffold_heldout,ridge_cell_drug_fp,"T cells, BMS-265246",0.026174960014878623,1.419614829777761,0.04481355345123753,2.6319649510542664
split_scaffold_heldout,ridge_cell_drug_fp,"NK cells, Vardenafil",0.13698988386748057,0.6922188403854451,0.22025840846884484,1.8134276797658777
split_scaffold_heldout,ridge_cell_drug_fp,"T cells, Vardenafil",0.2578851857729223,0.6055245426124363,0.48732307097416033,1.5348216283328024
split_scaffold_heldout,ridge_cell_drug_fp,"NK cells, Dasatinib",0.21448996425155778,0.7629526264784983,0.4457906830864272,1.8279271928212073
split_scaffold_heldout,ridge_cell_drug_fp,"T cells, Dasatinib",0.47590792448199637,1.028634672812119,0.6673228917105982,2.0637700273308424
split_scaffold_heldout,ridge_cell_drug_fp,"NK cells, Alogliptin",0.11636015842842976,0.6448456446719606,0.16228117799578426,1.7977166705168703
split_scaffold_heldout,ridge_cell_drug_fp,"T cells, Alogliptin",0.14450372002983036,0.5964094703130921,0.30004458691416624,1.613155373002847
split_scaffold_heldout,ridge_cell_drug_fp,"NK cells, HMN-214",0.09215669406519184,0.7304336515633686,0.16274637474048045,1.8036088172968299
split_scaffold_heldout,ridge_cell_drug_fp,"T cells, HMN-214",-0.1501033396947996,0.8601619895888262,-0.3929851012431295,2.3286587659055598
split_scaffold_heldout,ridge_cell_drug_fp,"NK cells, Resminostat",0.408834635804493,1.2401572600581272,0.6074292919089886,2.3060203511735797
split_scaffold_heldout,ridge_cell_drug_fp,"T cells, Resminostat",0.5577310827984469,1.9873156734714237,0.650226679531534,2.785964161567369
split_scaffold_heldout,ridge_cell_drug_fp,"NK cells, Nilotinib",0.0155024985208926,0.8600493406909324,0.07036575410722452,1.9489539480232414
split_scaffold_heldout,ridge_cell_drug_fp,"T cells, Nilotinib",0.09728648752926912,0.9484989871260274,0.2529619350385203,2.0413778673609446
split_scaffold_heldout,ridge_cell_drug_fp,"NK cells, Lamivudine",0.23965503031166047,0.6493522936283109,0.39248112991939205,1.818456730503463
split_scaffold_heldout,ridge_cell_drug_fp,"T cells, Lamivudine",0.32707175779615544,0.5178230405548815,0.5443039556000012,1.4777806240126186
split_scaffold_heldout,ridge_cell_drug_fp,"B cells, Pitavastatin Calcium",0.006117363032747662,1.1330681949367105,0.03512649542540013,2.3824167297930825
split_scaffold_heldout,ridge_cell_drug_fp,"Myeloid cells, Pitavastatin Calcium",0.21567045575097304,2.276666584154589,0.2783336232883509,3.123460805007161
split_scaffold_heldout,ridge_cell_drug_fp,"NK cells, Pitavastatin Calcium",0.09866241177039602,1.3819280409846852,0.1625927788199285,2.6171191121608604
split_scaffold_heldout,ridge_cell_drug_fp,"T cells, Pitavastatin Calcium",0.01341366067006525,1.603063977492998,0.009770929352475475,2.8092189816251656
split_scaffold_heldout,ridge_cell_drug_fp,"B cells, ABT737",0.2701735084302832,0.9231960429824421,0.4880105361649017,1.93943830448175
split_scaffold_heldout,ridge_cell_drug_fp,"Myeloid cells, ABT737",0.2708388264581567,0.9124659701703227,0.46168235279722786,2.0764783402972156
split_scaffold_heldout,ridge_cell_drug_fp,"NK cells, ABT737",0.04701081578144787,0.8565748650476599,0.13146499816373405,1.9317814995171594
split_scaffold_heldout,ridge_cell_drug_fp,"T cells, ABT737",0.13347447857728406,0.6750481802538445,0.39319825942406883,1.8404580753623734
split_scaffold_heldout,ridge_cell_drug_fp,"B cells, PRT-062607",0.6366320460796969,0.9450137084232573,0.8207442645119051,1.804703489640949
split_scaffold_heldout,ridge_cell_drug_fp,"Myeloid cells, PRT-062607",0.6545525863399392,1.1987639433645318,0.8151614253737152,2.0747615660197316
split_scaffold_heldout,ridge_cell_drug_fp,"NK cells, PRT-062607",0.3789135487400868,0.7310847569483002,0.6352691684954554,1.62813151478842
split_scaffold_heldout,ridge_cell_drug_fp,"T cells, PRT-062607",0.6746904141994822,0.8020136063123569,0.8575060964075477,1.5600487011279593
split_scaffold_heldout,ridge_cell_drug_fp,"NK cells, Ceritinib",0.23018858069915604,0.7035519517036843,0.41708471641685874,1.7714325200845764
split_scaffold_heldout,ridge_cell_drug_fp,"T cells, Ceritinib",0.41539350543095027,0.5771862493366197,0.6639155019771017,1.4710567544791577
split_scaffold_heldout,ridge_cell_drug_fp,"B cells, Ricolinostat",0.4936087032210917,0.8215566589295198,0.7400900249175405,1.3545349594951555
split_scaffold_heldout,ridge_cell_drug_fp,"Myeloid cells, Ricolinostat",0.3702599037810427,1.1579101109351078,0.5708786082049152,2.0332946494745987
split_scaffold_heldout,ridge_cell_drug_fp,"NK cells, Ricolinostat",0.25934136191047635,0.9260990123870481,0.45832280012877935,1.688430057842259
split_scaffold_heldout,ridge_cell_drug_fp,"T cells, Ricolinostat",0.5773393970320801,0.7995347112661683,0.8147925373358187,1.303349980183542
split_scaffold_heldout,ridge_cell_drug_fp,"NK cells, Bosutinib",0.26791344884078117,0.782675339871806,0.4407230727942889,1.8641572154831487
split_scaffold_heldout,ridge_cell_drug_fp,"T cells, Bosutinib",0.49843324354897617,0.9366728322715447,0.6751932856215125,1.915453991591244
split_scaffold_heldout,ridge_cell_drug_fp,"NK cells, Buspirone",0.11066473761255319,0.6322171823300364,0.21023816734899184,1.7499022085670004
split_scaffold_heldout,ridge_cell_drug_fp,"T cells, Buspirone",0.15744388979976134,0.5645962931168378,0.36439052013049017,1.6005126132894762
split_scaffold_heldout,ridge_cell_drug_fp,"B cells, Tivantinib",0.3722271896912463,0.7212461459811138,0.5934066343281756,1.6458646185186419
split_scaffold_heldout,ridge_cell_drug_fp,"Myeloid cells, Tivantinib",0.32439766586511803,0.831307051943443,0.5703616981533017,1.8383673962112328
split_scaffold_heldout,ridge_cell_drug_fp,"NK cells, Tivantinib",0.21451077749723643,0.7188968307375186,0.4119309180188739,1.765538410620504
split_scaffold_heldout,ridge_cell_drug_fp,"T cells, Tivantinib",0.4350718397925361,0.7182042521126576,0.5608404238139238,1.5971357896061193
split_scaffold_heldout,ridge_cell_drug_fp,"NK cells, AZD4547",0.18068039304365013,0.6591986229986494,0.4020528100776343,1.7519770255169977
split_scaffold_heldout,ridge_cell_drug_fp,"T cells, AZD4547",0.3190285550744896,0.5132647824669727,0.592914142398097,1.502508139363115
split_scaffold_heldout,ridge_cell_drug_fp,"B cells, GLPG0634",0.545087887712975,0.7519038996097617,0.7742535352766723,1.5549697929181685
split_scaffold_heldout,ridge_cell_drug_fp,"Myeloid cells, GLPG0634",0.5554107268982851,0.7871369784313991,0.835585127338667,1.618664821444458
split_scaffold_heldout,ridge_cell_drug_fp,"NK cells, GLPG0634",0.22553685087005887,0.7713912967231628,0.43818308425405533,1.7928308068375975
split_scaffold_heldout,ridge_cell_drug_fp,"T cells, GLPG0634",0.5383008879818408,0.6894359208779838,0.7711254678919386,1.4559384643323259
split_scaffold_heldout,ridge_cell_drug_fp,"B cells, Ixabepilone",0.15629095917595082,0.610173788259762,0.29886282725775565,1.788476944776962
split_scaffold_heldout,ridge_cell_drug_fp,"Myeloid cells, Ixabepilone",0.2372793716791748,0.6649725498296873,0.41740882802377444,1.7640146922768083
split_scaffold_heldout,ridge_cell_drug_fp,"B cells, BMS-777607",0.34930766405810415,0.6994120691581851,0.6007520464099683,1.5248943909293073
split_scaffold_heldout,ridge_cell_drug_fp,"Myeloid cells, BMS-777607",0.3028329495308144,0.8276176251348384,0.6154671513592682,1.7250583891078688
split_scaffold_heldout,ridge_cell_drug_fp,"B cells, Vardenafil",0.21396614760655921,0.642417423644991,0.399740342051417,1.6103120531816395
split_scaffold_heldout,ridge_cell_drug_fp,"Myeloid cells, Vardenafil",0.2844661951510692,0.7049669682792561,0.6017009644619895,1.6046408480767609
split_scaffold_heldout,ridge_cell_drug_fp,"B cells, Dasatinib",0.4838434856929708,1.1159336896522212,0.7063568159176257,2.2195816672276347
split_scaffold_heldout,ridge_cell_drug_fp,"Myeloid cells, Dasatinib",0.4539573194342996,1.4532850097212446,0.6074239757825901,2.4647737250422312
split_scaffold_heldout,ridge_cell_drug_fp,"B cells, Alogliptin",0.1324756883431207,0.639159000767868,0.2624661008953288,1.7580218753955692
split_scaffold_heldout,ridge_cell_drug_fp,"Myeloid cells, Alogliptin",0.11406617965323856,0.6537287838034931,0.2584057813626713,1.674894114520419
split_scaffold_heldout,ridge_cell_drug_fp,"B cells, HMN-214",-0.03787123617382659,0.7009048873477828,-0.015698608868096223,1.822456488914842
split_scaffold_heldout,ridge_cell_drug_fp,"Myeloid cells, HMN-214",0.14102027478209114,0.8867175996875385,0.28667384381363836,1.9899346281551102
split_scaffold_heldout,ridge_cell_drug_fp,"B cells, Resminostat",0.5336483066718088,1.519848587893845,0.6869750775201606,2.44873210727738
split_scaffold_heldout,ridge_cell_drug_fp,"Myeloid cells, Resminostat",0.47674274670532146,1.8069624811356364,0.6012256734394887,2.66859418825367
split_scaffold_heldout,ridge_cell_drug_fp,"B cells, Nilotinib",0.18766806907035966,0.9716239163303644,0.3844208372930482,2.0988312001612695
split_scaffold_heldout,ridge_cell_drug_fp,"Myeloid cells, Nilotinib",0.09614883382073357,1.2696312975757476,0.2208170401859553,2.4398541851116238
split_scaffold_heldout,ridge_cell_drug_fp,"B cells, Lamivudine",0.37889075311385917,0.5931334708771405,0.6602068970150897,1.5442898875660593
split_scaffold_heldout,ridge_cell_drug_fp,"Myeloid cells, Lamivudine",0.3068694193492644,0.6858389653266209,0.6023294928583512,1.6475338608916057
split_scaffold_heldout,ridge_cell_drug_fp,"B cells, Ceritinib",0.2889355410948038,0.6206944790979433,0.5631570181839665,1.5753706742679814
split_scaffold_heldout,ridge_cell_drug_fp,"Myeloid cells, Ceritinib",0.379703101375001,0.9040710797744537,0.6459422431413299,2.0288694870616126
split_scaffold_heldout,ridge_cell_drug_fp,"B cells, Bosutinib",0.49635706867857743,1.090494689415742,0.6790649121401388,2.1033778107017223
split_scaffold_heldout,ridge_cell_drug_fp,"Myeloid cells, Bosutinib",0.4762256429500314,1.5474157378968927,0.6320342647584605,2.541001458774249
split_scaffold_heldout,ridge_cell_drug_fp,"B cells, Buspirone",0.10577618642038353,0.6338545086365405,0.11410648110004462,1.8364100533586138
split_scaffold_heldout,ridge_cell_drug_fp,"Myeloid cells, Buspirone",0.15370621815885413,0.6165629691908042,0.38961464901894344,1.565698904388798
split_scaffold_heldout,ridge_cell_drug_fp,"B cells, AZD4547",0.2828842465617617,0.577631007674047,0.5297523911590888,1.6175340712115966
split_scaffold_heldout,ridge_cell_drug_fp,"Myeloid cells, AZD4547",0.3156446245651653,0.653561003280191,0.601512506550954,1.693232607314237
split_cell_scaffold_heldout,ridge_cell,"Myeloid cells, Tamatinib",0.3339686951539051,1.3619803426424864,0.494843261693632,2.528728756171363
split_cell_scaffold_heldout,ridge_cell,"Myeloid cells, 5-(9-Isopropyl-8-methyl-2-morpholino-9H-purin-6-yl)pyrimidin-2-amine",0.40603646990511133,1.55363674707636,0.5503475849372671,2.695845641355382
split_cell_scaffold_heldout,ridge_cell,"Myeloid cells, IN1451",0.19618425280627982,2.4216786474988767,0.24582610174936972,3.25372980285878
split_cell_scaffold_heldout,ridge_cell,"Myeloid cells, Topotecan",0.117293140812376,1.4934735338210952,0.19422069173784703,2.648038091189102
split_cell_scaffold_heldout,ridge_cell,"Myeloid cells, BAY 87-2243",0.2019718358117541,1.4314618242329862,0.2657403218370237,2.5899555797402285
split_cell_scaffold_heldout,ridge_cell,"Myeloid cells, BMS-265246",0.04837433356049201,1.7449477453273357,0.11546240431243152,2.8796450457226057
split_cell_scaffold_heldout,ridge_cell,"Myeloid cells, Pitavastatin Calcium",-0.08306827228934689,2.356706502522537,-0.09048621987215709,3.2387447123313207
split_cell_scaffold_heldout,ridge_cell,"Myeloid cells, ABT737",-0.07199354146008731,0.9728691565259503,-0.03735412841937266,2.2836458915872178
split_cell_scaffold_heldout,ridge_cell,"Myeloid cells, PRT-062607",0.35029689400869224,1.440121492810415,0.4936392008376659,2.5826046854944624
split_cell_scaffold_heldout,ridge_cell,"Myeloid cells, Ricolinostat",0.03771944466267197,1.18242797328074,0.09018320277942249,2.4409671926429723
split_cell_scaffold_heldout,ridge_cell,"Myeloid cells, Tivantinib",0.17846557344971103,0.8187549034515061,0.34091268308459993,2.058317125950911
split_cell_scaffold_heldout,ridge_cell,"Myeloid cells, GLPG0634",0.29149648262019556,0.9062664002749586,0.5497850106754336,2.0909958001355493
split_cell_scaffold_heldout,ridge_cell,"Myeloid cells, Ixabepilone",0.10641215369987111,0.6661859400174155,0.10301146809227583,1.8957934874839746
split_cell_scaffold_heldout,ridge_cell,"Myeloid cells, BMS-777607",0.1639630949287638,0.775186155228814,0.298051863142399,2.0243109092980105
split_cell_scaffold_heldout,ridge_cell,"Myeloid cells, Vardenafil",0.10110717306888313,0.7053631549707642,0.271146789614735,1.849286945233193
split_cell_scaffold_heldout,ridge_cell,"Myeloid cells, Dasatinib",0.41626740170517756,1.5095155976652557,0.5668181698233352,2.583550803703561
split_cell_scaffold_heldout,ridge_cell,"Myeloid cells, Alogliptin",-0.009102968189413842,0.6039610187940283,-0.01818815865072998,1.7308915792675066
split_cell_scaffold_heldout,ridge_cell,"Myeloid cells, HMN-214",0.06367802718466965,0.8651149744027485,0.05765424828240564,2.072182138641085
split_cell_scaffold_heldout,ridge_cell,"Myeloid cells, Resminostat",0.2619322470843143,1.9476316770344677,0.3635286910743244,2.9073495380323084
split_cell_scaffold_heldout,ridge_cell,"Myeloid cells, Nilotinib",0.22581634724803495,1.1805820524507618,0.3642647610345257,2.4067758203832637
split_cell_scaffold_heldout,ridge_cell,"Myeloid cells, Lamivudine",0.14786432064605173,0.6970998214604985,0.3380058385699935,1.8447516535352786
split_cell_scaffold_heldout,ridge_cell,"Myeloid cells, Ceritinib",0.23065023217429464,0.9477649319843289,0.433008875698885,2.244649054525088
split_cell_scaffold_heldout,ridge_cell,"Myeloid cells, Bosutinib",0.3648967033171136,1.6541045978099365,0.4836834745670178,2.76669959170001
split_cell_scaffold_heldout,ridge_cell,"Myeloid cells, Buspirone",0.16820815526371447,0.550982080330374,0.32424870733724803,1.617471847196435
split_cell_scaffold_heldout,ridge_cell,"Myeloid cells, AZD4547",0.1672600064487188,0.6697383241507083,0.3502612292977342,1.8817420441280777
split_cell_scaffold_heldout,ridge_drug_fp,"Myeloid cells, Tamatinib",0.325159606404462,1.344544343488187,0.48637753675322526,2.4323270396731096
split_cell_scaffold_heldout,ridge_drug_fp,"Myeloid cells, 5-(9-Isopropyl-8-methyl-2-morpholino-9H-purin-6-yl)pyrimidin-2-amine",0.40880079068950703,1.5165513556175634,0.5517167899449013,2.612130666833597
split_cell_scaffold_heldout,ridge_drug_fp,"Myeloid cells, IN1451",0.05309111699272403,2.4578044702435755,0.06931238000569233,3.2982372666528725
split_cell_scaffold_heldout,ridge_drug_fp,"Myeloid cells, Topotecan",0.05955891701744199,1.5226963698151956,0.11259194812704533,2.668248401182749
split_cell_scaffold_heldout,ridge_drug_fp,"Myeloid cells, BAY 87-2243",0.0489186070918669,1.4781614105444882,0.07464638672648313,2.6573426484556
split_cell_scaffold_heldout,ridge_drug_fp,"Myeloid cells, BMS-265246",-0.00931745840684574,1.7702382755604742,0.020432375740196233,2.905936830354988
split_cell_scaffold_heldout,ridge_drug_fp,"Myeloid cells, Pitavastatin Calcium",-0.0300614353617733,2.3530934327447803,-0.03671190291381241,3.2314621660843157
split_cell_scaffold_heldout,ridge_drug_fp,"Myeloid cells, ABT737",0.13760791024656116,0.9582875868494685,0.22194342070224685,2.197535124451231
split_cell_scaffold_heldout,ridge_drug_fp,"Myeloid cells, PRT-062607",0.3431834337103641,1.413202340359026,0.4954760309819696,2.4716815596207264
split_cell_scaffold_heldout,ridge_drug_fp,"Myeloid cells, Ricolinostat",0.30486487263734807,1.2027521510071109,0.4796911164069221,2.1571057268771026
split_cell_scaffold_heldout,ridge_drug_fp,"Myeloid cells, Tivantinib",0.17677297066406436,0.872262038867128,0.3379381050427946,2.0182170945205944
split_cell_scaffold_heldout,ridge_drug_fp,"Myeloid cells, GLPG0634",0.29522016526709416,0.9240009742358885,0.5806442689692913,1.971879948526315
split_cell_scaffold_heldout,ridge_drug_fp,"Myeloid cells, Ixabepilone",0.10477931485742467,0.6805058249401648,0.12851226880598576,1.8900876995839542
split_cell_scaffold_heldout,ridge_drug_fp,"Myeloid cells, BMS-777607",0.15544559642042133,0.8705730101226679,0.3386371508552069,1.9660828560841568
split_cell_scaffold_heldout,ridge_drug_fp,"Myeloid cells, Vardenafil",0.06207597248313568,0.7641507042582935,0.17186201866539594,1.8730304188853677
split_cell_scaffold_heldout,ridge_drug_fp,"Myeloid cells, Dasatinib",0.2736907315768464,1.5367281855318855,0.39558905765422564,2.62038707809367
split_cell_scaffold_heldout,ridge_drug_fp,"Myeloid cells, Alogliptin",0.05684632116583445,0.6096496959624363,0.11028532628448029,1.7070680498912223
split_cell_scaffold_heldout,ridge_drug_fp,"Myeloid cells, HMN-214",-0.048485408030441074,0.9399381570269923,-0.09448271830629802,2.1475083446654017
split_cell_scaffold_heldout,ridge_drug_fp,"Myeloid cells, Resminostat",0.25358596770296654,1.9302956878631359,0.3518083101935077,2.8515696672737185
split_cell_scaffold_heldout,ridge_drug_fp,"Myeloid cells, Nilotinib",-0.04653565139809484,1.3079360304324983,-0.07435411389842254,2.563612552683336
split_cell_scaffold_heldout,ridge_drug_fp,"Myeloid cells, Lamivudine",0.17195843713969755,0.7050597600886257,0.3562380370792116,1.8259344913417384
split_cell_scaffold_heldout,ridge_drug_fp,"Myeloid cells, Ceritinib",0.046835865654438064,1.0167720098391662,0.09939117159039583,2.3450593370129487
split_cell_scaffold_heldout,ridge_drug_fp,"Myeloid cells, Bosutinib",0.3347168788359935,1.6330601045854736,0.46001416786275756,2.7012704903700633
split_cell_scaffold_heldout,ridge_drug_fp,"Myeloid cells, Buspirone",0.15231004366532358,0.5849602413807988,0.32652817419728497,1.5974303809917085
split_cell_scaffold_heldout,ridge_drug_fp,"Myeloid cells, AZD4547",0.1316910732848555,0.6838232580538474,0.28263253525044163,1.8918483326879478
split_cell_scaffold_heldout,ridge_cell_drug_fp,"Myeloid cells, Tamatinib",0.3251506140195849,1.3445505999167862,0.48636142646339137,2.432266208089126
split_cell_scaffold_heldout,ridge_cell_drug_fp,"Myeloid cells, 5-(9-Isopropyl-8-methyl-2-morpholino-9H-purin-6-yl)pyrimidin-2-amine",0.40754721135663186,1.5173872199981293,0.5504479364563823,2.6138584892312005
split_cell_scaffold_heldout,ridge_cell_drug_fp,"Myeloid cells, IN1451",0.05335795104894006,2.45773622305559,0.0696506873220257,3.2981428474218792
split_cell_scaffold_heldout,ridge_cell_drug_fp,"Myeloid cells, Topotecan",0.059250541108417584,1.522700173140664,0.11209778580003249,2.6684158171835284
split_cell_scaffold_heldout,ridge_cell_drug_fp,"Myeloid cells, BAY 87-2243",0.04764829387089879,1.4784222989381286,0.07310866325505384,2.657861774851385
split_cell_scaffold_heldout,ridge_cell_drug_fp,"Myeloid cells, BMS-265246",-0.009248632402916897,1.7702868447261069,0.02055267148609869,2.905945976570452
split_cell_scaffold_heldout,ridge_cell_drug_fp,"Myeloid cells, Pitavastatin Calcium",-0.029540233284870675,2.3529038189750104,-0.03604273539361973,3.231227706581931
split_cell_scaffold_heldout,ridge_cell_drug_fp,"Myeloid cells, ABT737",0.1379170453160591,0.9580341367138562,0.22279374732556365,2.1971891157115704
split_cell_scaffold_heldout,ridge_cell_drug_fp,"Myeloid cells, PRT-062607",0.3431575433240262,1.4132312270567944,0.4954283249267314,2.472276037691608
split_cell_scaffold_heldout,ridge_cell_drug_fp,"Myeloid cells, Ricolinostat",0.30488515050528636,1.2029859007458557,0.4797910854893873,2.1569725823429238
split_cell_scaffold_heldout,ridge_cell_drug_fp,"Myeloid cells, Tivantinib",0.1766776404476513,0.8712858522193259,0.33717289695755054,2.0188809131095704
split_cell_scaffold_heldout,ridge_cell_drug_fp,"Myeloid cells, GLPG0634",0.29490566196465257,0.9239780387074631,0.5802786521591883,1.9725069322397355
split_cell_scaffold_heldout,ridge_cell_drug_fp,"Myeloid cells, Ixabepilone",0.10564182704257949,0.6805088400033866,0.12993969175567005,1.8897330858805672
split_cell_scaffold_heldout,ridge_cell_drug_fp,"Myeloid cells, BMS-777607",0.15530862125503578,0.8704433456833868,0.3384940057181264,1.9661941467486792
split_cell_scaffold_heldout,ridge_cell_drug_fp,"Myeloid cells, Vardenafil",0.06212923037725525,0.7641746250291014,0.17197070162958447,1.8730024065250277
split_cell_scaffold_heldout,ridge_cell_drug_fp,"Myeloid cells, Dasatinib",0.2752480015878907,1.5361304584239566,0.3973905069138889,2.6191287553643168
split_cell_scaffold_heldout,ridge_cell_drug_fp,"Myeloid cells, Alogliptin",0.056821110589241726,0.6096857320737227,0.11017580553809674,1.7071015644394913
split_cell_scaffold_heldout,ridge_cell_drug_fp,"Myeloid cells, HMN-214",-0.048764715678777514,0.9402037474405147,-0.09514191582098758,2.1479312462582376
split_cell_scaffold_heldout,ridge_cell_drug_fp,"Myeloid cells, Resminostat",0.2536681580062884,1.9302456811500568,0.35187979010561415,2.8514180732501266
split_cell_scaffold_heldout,ridge_cell_drug_fp,"Myeloid cells, Nilotinib",-0.04488853712630032,1.3073422276553304,-0.07099431676754678,2.5623325137485202
split_cell_scaffold_heldout,ridge_cell_drug_fp,"Myeloid cells, Lamivudine",0.17204546399206508,0.705056917133026,0.35632197676990834,1.825890765974395
split_cell_scaffold_heldout,ridge_cell_drug_fp,"Myeloid cells, Ceritinib",0.048558737684041016,1.0164274651373868,0.10271730069651457,2.3441017914405746
split_cell_scaffold_heldout,ridge_cell_drug_fp,"Myeloid cells, Bosutinib",0.33460394720211084,1.6331411075664914,0.4599839523668708,2.701440692737925
split_cell_scaffold_heldout,ridge_cell_drug_fp,"Myeloid cells, Buspirone",0.15455637546697995,0.584870267882856,0.33114398622218383,1.594940361370569
split_cell_scaffold_heldout,ridge_cell_drug_fp,"Myeloid cells, AZD4547",0.1325541732085908,0.683883620906317,0.28457606904897165,1.891089117789762
