split,baseline,sample_id,rowwise_pearson,rmse,de_rowwise_pearson,de_rmse
split_random,global_train_mean,"Myeloid cells, MK-5108",0.15573813,0.5897839,0.34252262115478516,1.7243247032165527
split_random,global_train_mean,"Myeloid cells, Tivozanib",0.1626526,0.7560788,0.35408902168273926,1.9669378995895386
split_random,global_train_mean,"T cells, Tivozanib",0.27321464,0.6266102,0.5195290446281433,1.7888190746307373
split_random,global_train_mean,"NK cells, Tamatinib",0.35822517,0.8114399,0.5468661785125732,1.8560231924057007
split_random,global_train_mean,"NK cells, Ixabepilone",0.13110979,0.64565927,0.2240651547908783,1.8349179029464722
split_random,global_train_mean,"B cells, O-Demethylated Adapalene",0.39691716,0.6657624,0.6437711119651794,1.7898527383804321
split_random,global_train_mean,"T cells, Protriptyline",0.13923529,0.50006545,0.3486332595348358,1.6133110523223877
split_random,global_train_mean,"T cells, I-BET151",0.4124487,1.9012676,0.5186470746994019,2.876429557800293
split_random,global_train_mean,"NK cells, Foretinib",0.3466215,0.7286795,0.564730167388916,1.848091721534729
split_random,global_train_mean,"B cells, GW843682X",0.23157361,0.60984755,0.4877637028694153,1.8232488632202148
split_random,global_train_mean,"NK cells, BMS-387032",0.22743441,0.81208235,0.4353610575199127,1.9837342500686646
split_random,global_train_mean,"B cells, BAY 87-2243",0.53350747,0.9191954,0.7458267211914062,2.0883445739746094
split_random,global_train_mean,"T cells, BMS-777607",0.3877561,0.52521443,0.6810399889945984,1.4829455614089966
split_random,global_train_mean,"NK cells, BMS-265246",0.10589502,0.8869952,0.23199796676635742,2.1485109329223633
split_random,global_train_mean,"T cells, BMS-265246",0.16405189,1.3600414,0.2896518111228943,2.5436978340148926
split_random,global_train_mean,"Myeloid cells, Pomalidomide",-0.07808274,1.097155,-0.060066599398851395,2.5754075050354004
split_random,global_train_mean,"NK cells, Trametinib",0.23364475,0.69052446,0.4735003113746643,1.7814934253692627
split_random,global_train_mean,"B cells, Scriptaid",0.34999675,1.6997293,0.47515761852264404,2.7455499172210693
split_random,global_train_mean,"NK cells, Scriptaid",0.32299253,1.2954255,0.4890945553779602,2.491076707839966
split_random,global_train_mean,"NK cells, LY2090314",0.045328993,1.2392662,0.08221197873353958,2.5687382221221924
split_random,global_train_mean,"NK cells, Ketoconazole",-0.096083865,0.94252855,-0.21256983280181885,2.2732956409454346
split_random,global_train_mean,"T cells, Disulfiram",0.06517249,0.587295,0.19269277155399323,1.719805359840393
split_random,global_train_mean,"T cells, Flutamide",0.05001455,0.5551453,0.40138500928878784,1.6547698974609375
split_random,global_train_mean,"NK cells, Dactolisib",0.46859917,0.96438146,0.6818534731864929,2.1633949279785156
split_random,global_train_mean,"T cells, Isoniazid",0.036681667,0.5368994,0.10184643417596817,1.5835299491882324
split_random,global_train_mean,"T cells, IMD-0354",0.47727072,1.6356138,0.6096046566963196,2.7154927253723145
split_random,global_train_mean,"T cells, Penfluridol",0.0623342,0.531397,0.24722036719322205,1.6504743099212646
split_random,global_train_mean,"B cells, PD-0325901",0.46850392,0.75840634,0.7187772393226624,1.9404089450836182
split_random,global_train_mean,"B cells, LDN 193189",0.13116454,0.5774469,0.34936586022377014,1.6593141555786133
split_random,global_train_mean,"Myeloid cells, LDN 193189",-0.030921934,0.80541784,0.06092464551329613,2.0357754230499268
split_random,global_train_mean,"Myeloid cells, Riociguat",0.24831967,0.57528895,0.46115002036094666,1.6658488512039185
split_random,global_train_mean,"NK cells, Defactinib",0.1411994,0.666996,0.3754740357398987,1.818387508392334
split_random,global_train_mean,"NK cells, BI-D1870",0.043610964,0.72768945,0.19478042423725128,1.808417797088623
split_random,global_train_mean,"NK cells, HMN-214",0.044787716,0.7092232,0.1098611131310463,1.8172780275344849
split_random,global_train_mean,"NK cells, CC-401",0.27905294,0.67721474,0.485543817281723,1.7861132621765137
split_random,global_train_mean,"T cells, CC-401",0.47870937,0.7599643,0.7071670293807983,1.8866404294967651
split_random,global_train_mean,"T cells, Resminostat",0.38669103,2.1522295,0.4786878526210785,3.0378823280334473
split_random,global_train_mean,"Myeloid cells, TR-14035",0.26683143,0.59194523,0.5132800340652466,1.7121955156326294
split_random,global_train_mean,"NK cells, OSI-930",-0.10890386,0.7208336,-0.2812885344028473,1.9250482320785522
split_random,global_train_mean,"T cells, Lamivudine",0.23246738,0.5087119,0.39620497822761536,1.5719339847564697
split_random,global_train_mean,"T cells, Pitavastatin Calcium",-0.22399586,1.6420311,-0.3101038932800293,2.8860318660736084
split_random,global_train_mean,"B cells, ABT737",-0.16130507,1.0013406,-0.2822132110595703,2.2329773902893066
split_random,global_train_mean,"Myeloid cells, PRT-062607",0.5431391,1.3899711,0.7073840498924255,2.495771646499634
split_random,global_train_mean,"NK cells, PRT-062607",0.36520842,0.711961,0.604551374912262,1.772745132446289
split_random,global_train_mean,"NK cells, Masitinib",0.23107977,0.6583019,0.31932440400123596,1.8056344985961914
split_random,global_train_mean,"NK cells, CGM-097",0.024910402,0.85079366,0.11977668106555939,2.077333927154541
split_random,global_train_mean,"NK cells, SLx-2119",0.13465782,0.7119068,0.1142466813325882,1.9806251525878906
split_random,global_train_mean,"B cells, Ricolinostat",0.28013343,0.7660741,0.5126641392707825,1.9068481922149658
split_random,global_train_mean,"T cells, Bosutinib",0.5586934,0.96648663,0.7598104476928711,2.081725597381592
split_random,global_train_mean,"T cells, Buspirone",0.055984348,0.5206381,0.07475191354751587,1.6989601850509644
split_random,global_train_mean,"T cells, Midostaurin",0.5426238,0.82730514,0.7939653396606445,1.9992411136627197
split_random,global_train_mean,"B cells, CEP-37440",0.34428105,0.6847845,0.6023796200752258,1.8132448196411133
split_random,global_train_mean,"Myeloid cells, R428",0.28444722,2.0194564,0.38722386956214905,3.0047900676727295
split_random,global_train_mean,"T cells, Imatinib",0.22308768,0.5007222,0.40689152479171753,1.5207586288452148
split_random,global_train_mean,"T cells, SCH-58261",0.033815075,0.5503773,-0.03369147330522537,1.7431970834732056
split_random,global_train_mean,"B cells, Tivantinib",0.37477422,0.6769873,0.5949518084526062,1.7872453927993774
split_random,global_train_mean,"NK cells, Colchicine",0.25549498,0.70831597,0.44930604100227356,1.8035962581634521
split_random,global_train_mean,"NK cells, Mometasone Furoate",0.366762,0.91459286,0.5620705485343933,2.1244990825653076
split_random,global_train_mean,"Myeloid cells, BX 912",0.37013483,0.7977185,0.6075031161308289,1.9374122619628906
split_random,global_train_mean,"NK cells, Doxorubicin",0.28420505,0.8278093,0.49807730317115784,2.0435781478881836
split_random,global_train_mean,"T cells, Selumetinib",0.51840955,0.60933864,0.772940993309021,1.6899727582931519
split_random,global_train_mean,"B cells, RG7090",0.11531389,0.6183814,0.2966870069503784,1.740203619003296
split_random,global_train_mean,"NK cells, HYDROXYUREA",0.034818113,0.66525036,0.04461963102221489,1.8007252216339111
split_random,global_train_mean,"T cells, HYDROXYUREA",-0.0013098723,0.5573626,-0.1577664613723755,1.7565054893493652
split_random,global_train_mean,"Myeloid cells, Lapatinib",-0.13015397,0.6933922,-0.18122777342796326,1.9947344064712524
split_random,global_train_mean,"Myeloid cells, Clomipramine",0.288219,0.64546466,0.5834746956825256,1.765271782875061
split_random,global_train_mean,"B cells, Ixabepilone",0.13256554,0.577405,0.26904913783073425,1.817224144935608
split_random,global_train_mean,"B cells, Protriptyline",0.004615146,0.59291166,0.020874105393886566,1.7340900897979736
split_random,global_train_mean,"Myeloid cells, Chlorpheniramine",0.11530861,0.5488504,0.20354950428009033,1.6890586614608765
split_random,global_train_mean,"B cells, Vardenafil",0.24250549,0.56933504,0.486675888299942,1.6203625202178955
split_random,global_train_mean,"B cells, Dasatinib",0.5396309,1.1353246,0.745180606842041,2.307443380355835
split_random,global_train_mean,"B cells, AT13387",0.46821398,1.5647095,0.6075499057769775,2.6876845359802246
split_random,global_train_mean,"Myeloid cells, Amiodarone",0.08100368,0.63818336,0.19303017854690552,1.8345186710357666
split_random,global_train_mean,"Myeloid cells, Cabozantinib",0.14139359,0.74582946,0.36482587456703186,1.8646223545074463
split_random,global_train_mean,"Myeloid cells, Defactinib",0.4434522,0.9882394,0.6931567788124084,2.111050844192505
split_random,global_train_mean,"Myeloid cells, AZD3514",0.3860056,0.79120815,0.6533235907554626,1.9373050928115845
split_random,global_train_mean,"Myeloid cells, HMN-214",0.15672211,0.84470385,0.23532050848007202,2.024163007736206
split_random,global_train_mean,"B cells, AZD-8330",0.5521093,0.7148616,0.7855871915817261,1.8254731893539429
split_random,global_train_mean,"B cells, SLx-2119",0.3899397,0.6143623,0.6681568622589111,1.6699577569961548
split_random,global_train_mean,"B cells, MGCD-265",0.36828578,0.65962124,0.6040554046630859,1.7459441423416138
split_random,global_train_mean,"Myeloid cells, Bosutinib",0.49029326,1.6210601,0.6303560137748718,2.7131762504577637
split_random,global_train_mean,"Myeloid cells, Clemastine",0.30044648,0.6448586,0.6430639028549194,1.7095568180084229
split_random,global_train_mean,"B cells, Vandetanib",0.41287866,0.661033,0.6740213632583618,1.780034065246582
split_random,global_train_mean,"B cells, Imatinib",0.13840894,0.5585006,0.26557353138923645,1.7318332195281982
split_random,global_train_mean,"B cells, ABT-199 (GDC-0199)",-0.21588174,1.0518078,-0.41311708092689514,2.330174207687378
split_random,global_train_mean,"B cells, Mometasone Furoate",0.55719656,1.1828682,0.7289233207702637,2.344099283218384
split_random,global_train_mean,"Myeloid cells, Tipifarnib",0.4014302,0.7777964,0.6869706511497498,1.879173994064331
split_random,global_train_mean,"B cells, PF-03814735",0.52579236,1.168543,0.7115901112556458,2.334878444671631
split_random,global_train_mean,"B cells, Prednisolone",0.49825928,1.0361211,0.7061436772346497,2.23713755607605
split_random,global_train_mean,"Myeloid cells, Prednisolone",0.45358238,1.530238,0.6000357270240784,2.630927562713623
split_random,global_train_mean,"Myeloid cells, Tacalcitol",0.15710156,2.2145133,0.20850770175457,3.1553070545196533
split_random,global_train_mean,"Myeloid cells, Vanoxerine",0.3811172,0.57536834,0.639539361000061,1.6102715730667114
split_random,cell_context_mean,"Myeloid cells, MK-5108",0.1860551,0.6318345,0.35152462124824524,1.6808034181594849
split_random,cell_context_mean,"Myeloid cells, Tivozanib",0.22509626,0.76836497,0.46599799394607544,1.8619381189346313
split_random,cell_context_mean,"T cells, Tivozanib",0.28583446,0.6398653,0.5468477606773376,1.7143495082855225
split_random,cell_context_mean,"NK cells, Tamatinib",0.4472675,0.7937475,0.6732524633407593,1.8255921602249146
split_random,cell_context_mean,"NK cells, Ixabepilone",0.24336776,0.6161323,0.42497724294662476,1.7763261795043945
split_random,cell_context_mean,"B cells, O-Demethylated Adapalene",0.4623982,0.64169574,0.7113624811172485,1.6568485498428345
split_random,cell_context_mean,"T cells, Protriptyline",0.21445899,0.52091265,0.460249662399292,1.5269581079483032
split_random,cell_context_mean,"T cells, I-BET151",0.47284842,1.8501904,0.5716235637664795,2.7930755615234375
split_random,cell_context_mean,"NK cells, Foretinib",0.41822168,0.7138649,0.6745657324790955,1.8238329887390137
split_random,cell_context_mean,"B cells, GW843682X",0.26381722,0.6170851,0.4966537654399872,1.7730224132537842
split_random,cell_context_mean,"NK cells, BMS-387032",0.28465137,0.7984295,0.49769917130470276,1.9659984111785889
split_random,cell_context_mean,"B cells, BAY 87-2243",0.60900897,0.86745673,0.7956688404083252,1.9403808116912842
split_random,cell_context_mean,"T cells, BMS-777607",0.45963565,0.51147383,0.7478232979774475,1.332565426826477
split_random,cell_context_mean,"NK cells, BMS-265246",0.2598883,0.8501704,0.49751773476600647,2.076119899749756
split_random,cell_context_mean,"T cells, BMS-265246",0.1844615,1.3573478,0.2932375967502594,2.5185906887054443
split_random,cell_context_mean,"Myeloid cells, Pomalidomide",-0.13536496,1.1685246,-0.2024330198764801,2.686307191848755
split_random,cell_context_mean,"NK cells, Trametinib",0.3505412,0.6624294,0.6189360618591309,1.7333824634552002
split_random,cell_context_mean,"B cells, Scriptaid",0.40380985,1.664945,0.5265504121780396,2.6810483932495117
split_random,cell_context_mean,"NK cells, Scriptaid",0.26439655,1.3123764,0.41140422224998474,2.5262985229492188
split_random,cell_context_mean,"NK cells, LY2090314",-0.009234322,1.2472119,-0.06231098622083664,2.6061956882476807
split_random,cell_context_mean,"NK cells, Ketoconazole",0.05881624,0.90245223,0.04232160374522209,2.196877956390381
split_random,cell_context_mean,"T cells, Disulfiram",0.18475012,0.5933733,0.3674868047237396,1.575358510017395
split_random,cell_context_mean,"T cells, Flutamide",0.10967675,0.5842929,0.45774906873703003,1.5905158519744873
split_random,cell_context_mean,"NK cells, Dactolisib",0.37871176,0.9917208,0.590735912322998,2.2329256534576416
split_random,cell_context_mean,"T cells, Isoniazid",0.1619423,0.54984635,0.3455600142478943,1.50711989402771
split_random,cell_context_mean,"T cells, IMD-0354",0.5333962,1.5806041,0.6513348817825317,2.620798110961914
split_random,cell_context_mean,"T cells, Penfluridol",0.09495122,0.56936616,0.3608914911746979,1.5971101522445679
split_random,cell_context_mean,"B cells, PD-0325901",0.5769873,0.7058312,0.8037779331207275,1.766666293144226
split_random,cell_context_mean,"B cells, LDN 193189",0.1906955,0.587787,0.40140900015830994,1.612458348274231
split_random,cell_context_mean,"Myeloid cells, LDN 193189",0.07544306,0.82754713,0.24753202497959137,1.9706834554672241
split_random,cell_context_mean,"Myeloid cells, Riociguat",0.21927056,0.6265512,0.35951220989227295,1.6571763753890991
split_random,cell_context_mean,"NK cells, Defactinib",0.24128619,0.6405919,0.5231233239173889,1.7671293020248413
split_random,cell_context_mean,"NK cells, BI-D1870",0.19309255,0.68972677,0.42006006836891174,1.7486217021942139
split_random,cell_context_mean,"NK cells, HMN-214",0.22725695,0.6639009,0.45472201704978943,1.7307790517807007
split_random,cell_context_mean,"NK cells, CC-401",0.37538412,0.6545265,0.5896560549736023,1.7451189756393433
split_random,cell_context_mean,"T cells, CC-401",0.45470905,0.7533298,0.6933385729789734,1.8070317506790161
split_random,cell_context_mean,"T cells, Resminostat",0.44883618,2.1024601,0.5351212620735168,2.962028741836548
split_random,cell_context_mean,"Myeloid cells, TR-14035",0.36262932,0.5909312,0.6599683165550232,1.5204392671585083
split_random,cell_context_mean,"NK cells, OSI-930",0.029766023,0.68277234,0.05676402524113655,1.848570704460144
split_random,cell_context_mean,"T cells, Lamivudine",0.27814317,0.52737445,0.4633902311325073,1.5196073055267334
split_random,cell_context_mean,"T cells, Pitavastatin Calcium",-0.120374046,1.6489398,-0.16997627913951874,2.889218807220459
split_random,cell_context_mean,"B cells, ABT737",-0.092346154,1.0174372,-0.16017477214336395,2.2370786666870117
split_random,cell_context_mean,"Myeloid cells, PRT-062607",0.7071187,1.2624534,0.8341680765151978,2.2539100646972656
split_random,cell_context_mean,"NK cells, PRT-062607",0.4318106,0.6985872,0.6795046925544739,1.756982684135437
split_random,cell_context_mean,"NK cells, Masitinib",0.31701046,0.63668334,0.4641995429992676,1.7639092206954956
split_random,cell_context_mean,"NK cells, CGM-097",0.09346576,0.83047384,0.22635841369628906,2.0528626441955566
split_random,cell_context_mean,"NK cells, SLx-2119",0.17159338,0.69945526,0.21603624522686005,1.9551109075546265
split_random,cell_context_mean,"B cells, Ricolinostat",0.3369846,0.7524551,0.5838534235954285,1.8291774988174438
split_random,cell_context_mean,"T cells, Bosutinib",0.58118576,0.92403334,0.7527188658714294,1.9651800394058228
split_random,cell_context_mean,"T cells, Buspirone",0.104434535,0.55624235,0.24828669428825378,1.6590014696121216
split_random,cell_context_mean,"T cells, Midostaurin",0.6208002,0.7688182,0.8276225328445435,1.8160804510116577
split_random,cell_context_mean,"B cells, CEP-37440",0.4827626,0.6392917,0.7335547804832458,1.642306923866272
split_random,cell_context_mean,"Myeloid cells, R428",0.385358,1.9586614,0.49094629287719727,2.9036805629730225
split_random,cell_context_mean,"T cells, Imatinib",0.2950417,0.51299524,0.45337221026420593,1.4071422815322876
split_random,cell_context_mean,"T cells, SCH-58261",0.021849826,0.60219234,-0.049473874270915985,1.7953654527664185
split_random,cell_context_mean,"B cells, Tivantinib",0.4090901,0.6653125,0.617866575717926,1.7099919319152832
split_random,cell_context_mean,"NK cells, Colchicine",0.35314658,0.6852265,0.5791279077529907,1.767203688621521
split_random,cell_context_mean,"NK cells, Mometasone Furoate",0.38888708,0.9132388,0.6104477643966675,2.125472068786621
split_random,cell_context_mean,"Myeloid cells, BX 912",0.52520555,0.7304644,0.7718716859817505,1.688974380493164
split_random,cell_context_mean,"NK cells, Doxorubicin",0.32073233,0.8202965,0.5447012782096863,2.0434422492980957
split_random,cell_context_mean,"T cells, Selumetinib",0.5560897,0.58184737,0.804875373840332,1.5310795307159424
split_random,cell_context_mean,"B cells, RG7090",0.18467613,0.62452126,0.39021822810173035,1.6836895942687988
split_random,cell_context_mean,"NK cells, HYDROXYUREA",0.16158767,0.63126767,0.37454211711883545,1.7277355194091797
split_random,cell_context_mean,"T cells, HYDROXYUREA",0.052727636,0.5933224,-0.009109055623412132,1.756345510482788
split_random,cell_context_mean,"Myeloid cells, Lapatinib",-0.08200019,0.75684,-0.06870334595441818,2.019625186920166
split_random,cell_context_mean,"Myeloid cells, Clomipramine",0.3121474,0.6623213,0.5820103883743286,1.6469401121139526
split_random,cell_context_mean,"B cells, Ixabepilone",0.1916988,0.58796567,0.35871458053588867,1.7802197933197021
split_random,cell_context_mean,"B cells, Protriptyline",0.090367556,0.605474,0.2534106373786926,1.667343020439148
split_random,cell_context_mean,"Myeloid cells, Chlorpheniramine",0.22788678,0.574057,0.4481872022151947,1.561382532119751
split_random,cell_context_mean,"B cells, Vardenafil",0.29838032,0.5708449,0.5516582131385803,1.5498696565628052
split_random,cell_context_mean,"B cells, Dasatinib",0.6428159,1.0687593,0.8150808811187744,2.158437967300415
split_random,cell_context_mean,"B cells, AT13387",0.5419491,1.5127771,0.6793789863586426,2.5867867469787598
split_random,cell_context_mean,"Myeloid cells, Amiodarone",0.17508806,0.66314924,0.3768465518951416,1.7201440334320068
split_random,cell_context_mean,"Myeloid cells, Cabozantinib",0.2188258,0.7567956,0.5066068172454834,1.758664608001709
split_random,cell_context_mean,"Myeloid cells, Defactinib",0.59778905,0.8954138,0.7915111780166626,1.8751314878463745
split_random,cell_context_mean,"Myeloid cells, AZD3514",0.40207446,0.7812636,0.6584834456443787,1.8215413093566895
split_random,cell_context_mean,"Myeloid cells, HMN-214",0.24902274,0.83997744,0.4503822922706604,1.9185426235198975
split_random,cell_context_mean,"B cells, AZD-8330",0.6329288,0.6643526,0.8428343534469604,1.6432807445526123
split_random,cell_context_mean,"B cells, SLx-2119",0.44270444,0.59803885,0.7007047533988953,1.5482046604156494
split_random,cell_context_mean,"B cells, MGCD-265",0.49914977,0.61522347,0.7100238800048828,1.582253336906433
split_random,cell_context_mean,"Myeloid cells, Bosutinib",0.5652185,1.5400485,0.7146897315979004,2.561727285385132
split_random,cell_context_mean,"Myeloid cells, Clemastine",0.4193402,0.6212418,0.7260363698005676,1.4966471195220947
split_random,cell_context_mean,"B cells, Vandetanib",0.48176637,0.6338844,0.7340466380119324,1.6344283819198608
split_random,cell_context_mean,"B cells, Imatinib",0.18122798,0.57430345,0.4358951449394226,1.6574385166168213
split_random,cell_context_mean,"B cells, ABT-199 (GDC-0199)",-0.14200662,1.0670965,-0.287360280752182,2.3356735706329346
split_random,cell_context_mean,"B cells, Mometasone Furoate",0.590885,1.1394275,0.7429335713386536,2.245058298110962
split_random,cell_context_mean,"Myeloid cells, Tipifarnib",0.45001772,0.75200224,0.7332330942153931,1.7274736166000366
split_random,cell_context_mean,"B cells, PF-03814735",0.62690085,1.1042018,0.7881300449371338,2.189176082611084
split_random,cell_context_mean,"B cells, Prednisolone",0.5552278,0.99235743,0.7382556796073914,2.129218339920044
split_random,cell_context_mean,"Myeloid cells, Prednisolone",0.55068326,1.4476577,0.6915614008903503,2.4736413955688477
split_random,cell_context_mean,"Myeloid cells, Tacalcitol",0.06797411,2.246177,0.09723139554262161,3.18813419342041
split_random,cell_context_mean,"Myeloid cells, Vanoxerine",0.40716204,0.5832818,0.7160192728042603,1.4526784420013428
split_random,drug_mean,"Myeloid cells, MK-5108",0.25817844,0.60182816,0.45958760380744934,1.6286102533340454
split_random,drug_mean,"Myeloid cells, Tivozanib",0.12788759,0.8775903,0.2536953091621399,1.9785442352294922
split_random,drug_mean,"T cells, Tivozanib",0.3132473,0.7074013,0.6193559765815735,1.573155164718628
split_random,drug_mean,"NK cells, Tamatinib",0.4049985,1.0143595,0.6128730773925781,1.6009553670883179
split_random,drug_mean,"NK cells, Ixabepilone",0.11521691,0.73096615,0.29018592834472656,1.7902973890304565
split_random,drug_mean,"B cells, O-Demethylated Adapalene",0.21821783,0.7586767,0.4166412353515625,1.8379184007644653
split_random,drug_mean,"T cells, Protriptyline",0.13670927,0.5845735,0.3560151159763336,1.5976128578186035
split_random,drug_mean,"T cells, I-BET151",0.7111071,1.4331268,0.799788236618042,2.037534475326538
split_random,drug_mean,"NK cells, Foretinib",0.34194252,0.9573988,0.5416256189346313,1.7111939191818237
split_random,drug_mean,"B cells, GW843682X",0.2804091,0.6456193,0.4550112783908844,1.665276050567627
split_random,drug_mean,"NK cells, BMS-387032",0.3487581,1.2771254,0.5937512516975403,1.7746987342834473
split_random,drug_mean,"B cells, BAY 87-2243",0.42791098,1.0503206,0.6122996211051941,1.845948576927185
split_random,drug_mean,"T cells, BMS-777607",0.2648137,0.61335766,0.5642745494842529,1.4854695796966553
split_random,drug_mean,"NK cells, BMS-265246",0.39025402,1.178362,0.6907542943954468,1.578368067741394
split_random,drug_mean,"T cells, BMS-265246",0.5719619,1.2050375,0.7541260123252869,1.7479424476623535
split_random,drug_mean,"Myeloid cells, Pomalidomide",0.24843556,1.1495619,0.4128234088420868,2.3023836612701416
split_random,drug_mean,"NK cells, Trametinib",0.22109133,0.8788574,0.4331507682800293,1.7294894456863403
split_random,drug_mean,"B cells, Scriptaid",0.698382,1.3889326,0.8313281536102295,1.5825384855270386
split_random,drug_mean,"NK cells, Scriptaid",0.6266043,1.42747,0.8169779777526855,1.5391747951507568
split_random,drug_mean,"NK cells, LY2090314",0.564625,1.2217149,0.779244601726532,1.597110390663147
split_random,drug_mean,"NK cells, Ketoconazole",0.52223164,0.88750774,0.7103703022003174,1.5078825950622559
split_random,drug_mean,"T cells, Disulfiram",0.24374026,0.5852121,0.5169005393981934,1.4752553701400757
split_random,drug_mean,"T cells, Flutamide",0.09012913,0.60948324,0.4308135211467743,1.6377944946289062
split_random,drug_mean,"NK cells, Dactolisib",0.5644556,1.2403332,0.768926739692688,1.5752474069595337
split_random,drug_mean,"T cells, Isoniazid",0.067777544,0.5933701,0.11845261603593826,1.5776396989822388
split_random,drug_mean,"T cells, IMD-0354",0.631125,1.3513203,0.749080240726471,2.0678274631500244
split_random,drug_mean,"T cells, Penfluridol",0.17166714,0.58085823,0.24998117983341217,1.6385772228240967
split_random,drug_mean,"B cells, PD-0325901",0.34996003,0.88625395,0.6458854079246521,1.711015224456787
split_random,drug_mean,"B cells, LDN 193189",0.19147003,0.65300584,0.4223805367946625,1.580003023147583
split_random,drug_mean,"Myeloid cells, LDN 193189",0.21671633,0.8004012,0.412624329328537,1.8736660480499268
split_random,drug_mean,"Myeloid cells, Riociguat",0.14361125,0.63495404,0.31096625328063965,1.6960201263427734
split_random,drug_mean,"NK cells, Defactinib",0.20636228,0.80345535,0.36088892817497253,1.7706624269485474
split_random,drug_mean,"NK cells, BI-D1870",0.12350713,0.78145117,0.18696703016757965,1.8065980672836304
split_random,drug_mean,"NK cells, HMN-214",0.25464332,0.73712194,0.36954379081726074,1.701712727546692
split_random,drug_mean,"NK cells, CC-401",0.25221083,0.8733195,0.44248056411743164,1.706015944480896
split_random,drug_mean,"T cells, CC-401",0.48660815,0.80175877,0.7066307067871094,1.5444085597991943
split_random,drug_mean,"T cells, Resminostat",0.7489363,1.5163516,0.8161596655845642,2.0125205516815186
split_random,drug_mean,"Myeloid cells, TR-14035",0.18951932,0.6677065,0.3646821081638336,1.730688452720642
split_random,drug_mean,"NK cells, OSI-930",0.17072509,0.69454145,0.35720643401145935,1.7441030740737915
split_random,drug_mean,"T cells, Lamivudine",0.17079616,0.5913205,0.3264978528022766,1.5728715658187866
split_random,drug_mean,"T cells, Pitavastatin Calcium",0.5703146,1.3323466,0.7404386401176453,1.9103189706802368
split_random,drug_mean,"B cells, ABT737",0.19032441,0.96267915,0.3149946630001068,2.018028974533081
split_random,drug_mean,"Myeloid cells, PRT-062607",0.3603799,1.4717044,0.5007692575454712,2.358222007751465
split_random,drug_mean,"NK cells, PRT-062607",0.34017274,1.020654,0.5770482420921326,1.6298943758010864
split_random,drug_mean,"NK cells, Masitinib",0.12097564,0.7692604,0.10896459966897964,1.8708536624908447
split_random,drug_mean,"NK cells, CGM-097",0.42885765,0.9662461,0.6660716533660889,1.5690944194793701
split_random,drug_mean,"NK cells, SLx-2119",0.21588644,0.7552846,0.3897235095500946,1.8205264806747437
split_random,drug_mean,"B cells, Ricolinostat",0.44639206,0.7884341,0.6658433079719543,1.4814791679382324
split_random,drug_mean,"T cells, Bosutinib",0.57522136,0.9047846,0.774584949016571,1.5507792234420776
split_random,drug_mean,"T cells, Buspirone",0.12727574,0.5564903,0.16652879118919373,1.6852784156799316
split_random,drug_mean,"T cells, Midostaurin",0.45192507,0.8557439,0.7254056334495544,1.7397358417510986
split_random,drug_mean,"B cells, CEP-37440",0.19471532,0.80689675,0.35555019974708557,1.8638954162597656
split_random,drug_mean,"Myeloid cells, R428",0.32814267,1.9678631,0.4178455173969269,2.822134256362915
split_random,drug_mean,"T cells, Imatinib",0.08498318,0.627185,0.14205969870090485,1.6412341594696045
split_random,drug_mean,"T cells, SCH-58261",0.19256575,0.56748533,0.3854350745677948,1.5857079029083252
split_random,drug_mean,"B cells, Tivantinib",0.35064,0.72936547,0.5690551996231079,1.6377123594284058
split_random,drug_mean,"NK cells, Colchicine",0.22244164,1.2337353,0.45177358388900757,1.7755420207977295
split_random,drug_mean,"NK cells, Mometasone Furoate",0.39855054,1.4130969,0.6731271743774414,1.740114688873291
split_random,drug_mean,"Myeloid cells, BX 912",0.2139125,0.9190208,0.42111727595329285,1.9415031671524048
split_random,drug_mean,"NK cells, Doxorubicin",0.38123208,1.3975502,0.6734088659286499,1.7059656381607056
split_random,drug_mean,"T cells, Selumetinib",0.3611519,0.730269,0.6909328103065491,1.540345311164856
split_random,drug_mean,"B cells, RG7090",0.25499496,0.68497294,0.504545271396637,1.5951741933822632
split_random,drug_mean,"NK cells, HYDROXYUREA",0.043876544,0.74857587,0.10420262813568115,1.8176788091659546
split_random,drug_mean,"T cells, HYDROXYUREA",0.1326498,0.6191033,0.2627227008342743,1.6541553735733032
split_random,drug_mean,"Myeloid cells, Lapatinib",0.21856369,0.67095834,0.44758301973342896,1.755143642425537
split_random,drug_mean,"Myeloid cells, Clomipramine",0.26523912,0.6817086,0.5092365741729736,1.7317880392074585
split_random,drug_mean,"B cells, Ixabepilone",0.15482505,0.6595819,0.3899347484111786,1.7105752229690552
split_random,drug_mean,"B cells, Protriptyline",0.07126394,0.6586789,0.19147250056266785,1.7041001319885254
split_random,drug_mean,"Myeloid cells, Chlorpheniramine",0.07019551,0.62978673,0.06294705718755722,1.7349966764450073
split_random,drug_mean,"B cells, Vardenafil",0.16711038,0.6418542,0.38838425278663635,1.6242111921310425
split_random,drug_mean,"B cells, Dasatinib",0.45876446,1.1495345,0.6611582636833191,1.9789105653762817
split_random,drug_mean,"B cells, AT13387",0.6012987,1.3425392,0.741999626159668,1.9977229833602905
split_random,drug_mean,"Myeloid cells, Amiodarone",0.1335382,0.6729025,0.21797536313533783,1.81987464427948
split_random,drug_mean,"Myeloid cells, Cabozantinib",0.17664117,0.78877485,0.3237718641757965,1.846720576286316
split_random,drug_mean,"Myeloid cells, Defactinib",0.32511792,1.0463594,0.5163496732711792,2.0176148414611816
split_random,drug_mean,"Myeloid cells, AZD3514",0.3798759,0.81244576,0.6261283159255981,1.743562936782837
split_random,drug_mean,"Myeloid cells, HMN-214",0.37856993,0.80721056,0.615289568901062,1.6886295080184937
split_random,drug_mean,"B cells, AZD-8330",0.39053234,0.8093269,0.6618393659591675,1.6683307886123657
split_random,drug_mean,"B cells, SLx-2119",0.1744658,0.7433373,0.4034341871738434,1.7193869352340698
split_random,drug_mean,"B cells, MGCD-265",0.1853821,0.7359419,0.3540058434009552,1.8225258588790894
split_random,drug_mean,"Myeloid cells, Bosutinib",0.40552646,1.5804217,0.5509788393974304,2.4828717708587646
split_random,drug_mean,"Myeloid cells, Clemastine",0.2891905,0.68117136,0.5032005310058594,1.6982556581497192
split_random,drug_mean,"B cells, Vandetanib",0.13091761,0.778118,0.23340024054050446,1.955511450767517
split_random,drug_mean,"B cells, Imatinib",0.0711533,0.66383505,0.16572049260139465,1.7619572877883911
split_random,drug_mean,"B cells, ABT-199 (GDC-0199)",0.11712712,0.9980687,0.2026452124118805,2.1612443923950195
split_random,drug_mean,"B cells, Mometasone Furoate",0.51780933,1.3730459,0.7296451330184937,1.7849489450454712
split_random,drug_mean,"Myeloid cells, Tipifarnib",0.33870712,0.8136854,0.6019483804702759,1.7807841300964355
split_random,drug_mean,"B cells, PF-03814735",0.5528032,1.1181252,0.7529981136322021,1.7731858491897583
split_random,drug_mean,"B cells, Prednisolone",0.4599504,1.1273774,0.6760436296463013,1.8216314315795898
split_random,drug_mean,"Myeloid cells, Prednisolone",0.34090176,1.5989784,0.48723503947257996,2.4485023021698
split_random,drug_mean,"Myeloid cells, Tacalcitol",0.19648403,2.19588,0.2592483460903168,3.1082136631011963
split_random,drug_mean,"Myeloid cells, Vanoxerine",0.21285343,0.65751314,0.40181589126586914,1.65474534034729
split_cell_heldout,global_train_mean,"Myeloid cells, MK-5108",0.10387438,0.60245514,0.23843978345394135,1.7511584758758545
split_cell_heldout,global_train_mean,"Myeloid cells, Ganetespib (STA-9090)",0.3974882,1.4578917,0.5555981993675232,2.548299551010132
split_cell_heldout,global_train_mean,"Myeloid cells, Sunitinib",0.08791389,0.6766325,0.2330218255519867,1.8055590391159058
split_cell_heldout,global_train_mean,"Myeloid cells, Tivozanib",0.09686265,0.77208465,0.18247190117835999,2.0138227939605713
split_cell_heldout,global_train_mean,"Myeloid cells, Tamatinib",0.33070967,1.3611112,0.4879857301712036,2.525935173034668
split_cell_heldout,global_train_mean,"Myeloid cells, Linagliptin",-0.067256615,0.7277517,-0.14736175537109375,1.9792139530181885
split_cell_heldout,global_train_mean,"Myeloid cells, 5-(9-Isopropyl-8-methyl-2-morpholino-9H-purin-6-yl)pyrimidin-2-amine",0.38981467,1.5550779,0.5349555611610413,2.696627378463745
split_cell_heldout,global_train_mean,"Myeloid cells, O-Demethylated Adapalene",0.10562946,0.82337236,0.19446419179439545,2.2319154739379883
split_cell_heldout,global_train_mean,"Myeloid cells, I-BET151",0.30079436,1.7400402,0.41961851716041565,2.8222813606262207
split_cell_heldout,global_train_mean,"Myeloid cells, GW843682X",0.05054806,0.75694317,0.13920404016971588,2.073518991470337
split_cell_heldout,global_train_mean,"Myeloid cells, IN1451",0.24286719,2.409322,0.30290845036506653,3.2370448112487793
split_cell_heldout,global_train_mean,"Myeloid cells, Raloxifene",-0.04223285,1.007964,-0.02544255182147026,2.2710819244384766
split_cell_heldout,global_train_mean,"Myeloid cells, Topotecan",0.121004835,1.4929533,0.2011319398880005,2.6451988220214844
split_cell_heldout,global_train_mean,"Myeloid cells, BAY 87-2243",0.18943955,1.4341068,0.24862618744373322,2.5941216945648193
split_cell_heldout,global_train_mean,"Myeloid cells, Porcn Inhibitor III",-0.15666784,1.230174,-0.22519977390766144,2.5751755237579346
split_cell_heldout,global_train_mean,"Myeloid cells, TL_HRAS26",0.007712405,0.6434025,-0.014648767188191414,1.9650474786758423
split_cell_heldout,global_train_mean,"Myeloid cells, BMS-265246",0.058760807,1.7432919,0.12934967875480652,2.8759820461273193
split_cell_heldout,global_train_mean,"Myeloid cells, Pomalidomide",-0.030304477,1.0867976,0.04793199524283409,2.5462646484375
split_cell_heldout,global_train_mean,"Myeloid cells, Dovitinib",-0.008315991,0.9651472,0.08215713500976562,2.2793796062469482
split_cell_heldout,global_train_mean,"Myeloid cells, Navitoclax",-0.22555667,0.92957515,-0.3493543267250061,2.1798524856567383
split_cell_heldout,global_train_mean,"Myeloid cells, Methotrexate",0.052307922,0.9312883,0.11519742757081985,2.140225648880005
split_cell_heldout,global_train_mean,"Myeloid cells, Palbociclib",0.16633537,0.77497536,0.36945751309394836,1.9831146001815796
split_cell_heldout,global_train_mean,"Myeloid cells, AMD-070 (hydrochloride)",0.09532282,0.7548031,0.2046564370393753,2.0359606742858887
split_cell_heldout,global_train_mean,"Myeloid cells, FK 866",0.13099308,1.1698301,0.22035935521125793,2.376803398132324
split_cell_heldout,global_train_mean,"Myeloid cells, Scriptaid",0.25170654,1.9078773,0.3534370958805084,2.9458768367767334
split_cell_heldout,global_train_mean,"Myeloid cells, Dactolisib",0.426023,2.077765,0.5333283543586731,3.033776044845581
split_cell_heldout,global_train_mean,"Myeloid cells, Isoniazid",0.08798628,0.61174256,0.15663199126720428,1.7604337930679321
split_cell_heldout,global_train_mean,"Myeloid cells, Idelalisib",0.119088404,0.9803388,0.24173378944396973,2.1460952758789062
split_cell_heldout,global_train_mean,"Myeloid cells, Penfluridol",0.03989753,0.743839,0.1418805867433548,1.8745579719543457
split_cell_heldout,global_train_mean,"Myeloid cells, Quizartinib",0.10195913,0.792508,0.18394708633422852,2.2351982593536377
split_cell_heldout,global_train_mean,"Myeloid cells, PD-0325901",0.16761999,1.3824102,0.26312360167503357,2.5799601078033447
split_cell_heldout,global_train_mean,"Myeloid cells, LDN 193189",-0.08054937,0.8173782,-0.07704988121986389,2.070765733718872
split_cell_heldout,global_train_mean,"Myeloid cells, Riociguat",0.2136336,0.584117,0.4240908622741699,1.6816375255584717
split_cell_heldout,global_train_mean,"Myeloid cells, CHIR-99021",-0.06478444,1.2437227,-0.11065205931663513,2.4735195636749268
split_cell_heldout,global_train_mean,"Myeloid cells, BI-D1870",0.11434822,0.8778997,0.26898637413978577,2.1084160804748535
split_cell_heldout,global_train_mean,"Myeloid cells, Crizotinib",0.33932242,0.9358633,0.5073059797286987,2.1700689792633057
split_cell_heldout,global_train_mean,"Myeloid cells, Azacitidine",0.10300786,0.6156417,0.2933520972728729,1.7217141389846802
split_cell_heldout,global_train_mean,"Myeloid cells, TR-14035",0.16643287,0.61651087,0.30344605445861816,1.7831768989562988
split_cell_heldout,global_train_mean,"Myeloid cells, AT 7867",0.10397396,1.3286049,0.2232142984867096,2.5318405628204346
split_cell_heldout,global_train_mean,"Myeloid cells, GO-6976",0.010499664,1.1761279,0.049083732068538666,2.3524787425994873
split_cell_heldout,global_train_mean,"Myeloid cells, TGX 221",0.3251796,0.9528228,0.5211657881736755,2.1605265140533447
split_cell_heldout,global_train_mean,"Myeloid cells, Pitavastatin Calcium",-0.0573882,2.3523712,-0.05689462274312973,3.2323923110961914
split_cell_heldout,global_train_mean,"Myeloid cells, ABT737",-0.06634933,0.97455263,-0.031286872923374176,2.284196376800537
split_cell_heldout,global_train_mean,"Myeloid cells, PRT-062607",0.3481874,1.4387031,0.4893409311771393,2.5790371894836426
split_cell_heldout,global_train_mean,"Myeloid cells, AZ628",0.18381606,0.97975814,0.31103354692459106,2.1803576946258545
split_cell_heldout,global_train_mean,"Myeloid cells, Masitinib",0.23641223,0.7299563,0.48728466033935547,1.9375066757202148
split_cell_heldout,global_train_mean,"Myeloid cells, STK219801",0.21784364,0.6459849,0.35680219531059265,1.9014962911605835
split_cell_heldout,global_train_mean,"Myeloid cells, Ricolinostat",0.046725824,1.18184,0.10813583433628082,2.4370527267456055
split_cell_heldout,global_train_mean,"Myeloid cells, Midostaurin",0.17341574,1.150034,0.3028236925601959,2.3900516033172607
split_cell_heldout,global_train_mean,"Myeloid cells, CEP-37440",0.051633816,0.9565095,0.127674400806427,2.2409818172454834
split_cell_heldout,global_train_mean,"Myeloid cells, R428",0.17961693,2.044565,0.25406771898269653,3.0412325859069824
split_cell_heldout,global_train_mean,"Myeloid cells, Oxybenzone",0.110829845,0.54891634,0.203323096036911,1.6692204475402832
split_cell_heldout,global_train_mean,"Myeloid cells, Tivantinib",0.17939572,0.81955266,0.3399110436439514,2.0559587478637695
split_cell_heldout,global_train_mean,"Myeloid cells, Colchicine",0.13509509,2.468396,0.17930108308792114,3.284646511077881
split_cell_heldout,global_train_mean,"Myeloid cells, BX 912",0.21352892,0.83667266,0.3729202449321747,2.0278377532958984
split_cell_heldout,global_train_mean,"Myeloid cells, Selumetinib",0.21310425,1.0610138,0.3637112081050873,2.313793659210205
split_cell_heldout,global_train_mean,"Myeloid cells, RG7090",-0.044058584,0.88350683,-0.003395501058548689,2.114567279815674
split_cell_heldout,global_train_mean,"Myeloid cells, GLPG0634",0.28831214,0.9066298,0.5396088361740112,2.0882718563079834
split_cell_heldout,global_train_mean,"Myeloid cells, TIE2 Kinase Inhibitor",-0.022482775,0.67972195,-0.012049469165503979,1.9194445610046387
split_cell_heldout,global_train_mean,"Myeloid cells, Lapatinib",-0.13182372,0.6947946,-0.2010882943868637,2.0000290870666504
split_cell_heldout,global_train_mean,"Myeloid cells, Atorvastatin",-0.05743544,0.76028955,-0.14159367978572845,2.137831211090088
split_cell_heldout,global_train_mean,"Myeloid cells, Clomipramine",0.21884565,0.6626618,0.45756274461746216,1.8139351606369019
split_cell_heldout,global_train_mean,"Myeloid cells, Ixabepilone",0.096584,0.6708498,0.08480608463287354,1.9003394842147827
split_cell_heldout,global_train_mean,"Myeloid cells, Protriptyline",-0.007324581,0.5736798,-0.15625429153442383,1.771420955657959
split_cell_heldout,global_train_mean,"Myeloid cells, Phenylbutazone",-0.019611506,0.6037187,-0.0960274413228035,1.7350788116455078
split_cell_heldout,global_train_mean,"Myeloid cells, K-02288",-0.029681426,1.0072895,-0.032377712428569794,2.319737195968628
split_cell_heldout,global_train_mean,"Myeloid cells, BMS-777607",0.1585943,0.7778048,0.2840004861354828,2.025695323944092
split_cell_heldout,global_train_mean,"Myeloid cells, Vorinostat",0.26151702,1.8441954,0.3730052411556244,2.8913183212280273
split_cell_heldout,global_train_mean,"Myeloid cells, Ruxolitinib",0.3072883,1.4640287,0.4656340479850769,2.6601829528808594
split_cell_heldout,global_train_mean,"Myeloid cells, AVL-292",0.18339817,0.938989,0.33852237462997437,2.173398733139038
split_cell_heldout,global_train_mean,"Myeloid cells, Trametinib",-0.009075465,1.4589795,-0.004877051804214716,2.660698175430298
split_cell_heldout,global_train_mean,"Myeloid cells, Sgc-cbp30",0.22269167,0.9706789,0.4037539064884186,2.1650664806365967
split_cell_heldout,global_train_mean,"Myeloid cells, Chlorpheniramine",0.035071984,0.5675996,-0.03542621061205864,1.7421396970748901
split_cell_heldout,global_train_mean,"Myeloid cells, BAY 61-3606",0.32911178,1.8888148,0.4330125153064728,2.9073169231414795
split_cell_heldout,global_train_mean,"Myeloid cells, LY2090314",0.09734012,2.143662,0.1426992267370224,3.1046340465545654
split_cell_heldout,global_train_mean,"Myeloid cells, Vardenafil",0.091687575,0.7097984,0.24733451008796692,1.8537639379501343
split_cell_heldout,global_train_mean,"Myeloid cells, Dasatinib",0.40073287,1.5107198,0.5507097840309143,2.5843582153320312
split_cell_heldout,global_train_mean,"Myeloid cells, AT13387",0.36216247,1.3214544,0.5150687098503113,2.407331943511963
split_cell_heldout,global_train_mean,"Myeloid cells, Perhexiline",0.32131633,0.9210444,0.5197685360908508,2.1069447994232178
split_cell_heldout,global_train_mean,"Myeloid cells, RVX-208",0.2020927,0.8915276,0.35792937874794006,2.097630500793457
split_cell_heldout,global_train_mean,"Myeloid cells, Ketoconazole",-0.109040655,1.4193178,-0.20606009662151337,2.668443202972412
split_cell_heldout,global_train_mean,"Myeloid cells, Disulfiram",-0.020525293,0.659423,-0.0968884825706482,1.9323779344558716
split_cell_heldout,global_train_mean,"Myeloid cells, Flutamide",0.16330335,0.6074663,0.27601197361946106,1.7623991966247559
split_cell_heldout,global_train_mean,"Myeloid cells, Desloratadine",0.085418686,0.6348176,0.1466427594423294,1.7501634359359741
split_cell_heldout,global_train_mean,"Myeloid cells, BMS-536924",0.35292777,1.0550994,0.5455007553100586,2.190739870071411
split_cell_heldout,global_train_mean,"Myeloid cells, IKK Inhibitor VII",0.24063723,1.5276401,0.37759822607040405,2.7405734062194824
split_cell_heldout,global_train_mean,"Myeloid cells, Amiodarone",0.021011868,0.6524715,0.029600119218230247,1.8808660507202148
split_cell_heldout,global_train_mean,"Myeloid cells, IMD-0354",0.32948062,1.5454963,0.46811237931251526,2.666856527328491
split_cell_heldout,global_train_mean,"Myeloid cells, Alogliptin",-0.010321153,0.6080243,-0.020712608471512794,1.7321141958236694
split_cell_heldout,global_train_mean,"Myeloid cells, RN-486",0.15754025,0.74308115,0.27745193243026733,1.9711066484451294
split_cell_heldout,global_train_mean,"Myeloid cells, Decitabine",0.20425399,0.52537596,0.4151255488395691,1.6581224203109741
split_cell_heldout,global_train_mean,"Myeloid cells, Cabozantinib",0.070969485,0.76285595,0.2141159325838089,1.9084933996200562
split_cell_heldout,global_train_mean,"Myeloid cells, Defactinib",0.27640152,1.0301476,0.4810178279876709,2.193720579147339
split_cell_heldout,global_train_mean,"Myeloid cells, AZD3514",0.30360168,0.8119459,0.5396608114242554,1.9822286367416382
split_cell_heldout,global_train_mean,"Myeloid cells, HMN-214",0.07321712,0.86488307,0.0775354653596878,2.067488670349121
split_cell_heldout,global_train_mean,"Myeloid cells, CC-401",0.36397138,0.90139616,0.5527385473251343,2.039841413497925
split_cell_heldout,global_train_mean,"Myeloid cells, Resminostat",0.27868816,1.9420948,0.3853074312210083,2.8983335494995117
split_cell_heldout,global_train_mean,"Myeloid cells, Nilotinib",0.20955591,1.1842592,0.34152889251708984,2.4112563133239746
split_cell_heldout,global_train_mean,"Myeloid cells, OSI-930",0.07145591,0.69145185,0.11985565721988678,1.8098344802856445
split_cell_heldout,global_train_mean,"Myeloid cells, Saracatinib",0.40417013,1.4222373,0.5455142855644226,2.5100672245025635
split_cell_heldout,global_train_mean,"Myeloid cells, RG7112",0.24971445,0.7560333,0.45837873220443726,2.181478261947632
split_cell_heldout,global_train_mean,"Myeloid cells, Lamivudine",0.1476935,0.6989576,0.3351755142211914,1.8428549766540527
split_cell_heldout,global_train_mean,"Myeloid cells, AZD-8330",0.1861422,1.1443655,0.3405061960220337,2.405576229095459
split_cell_heldout,global_train_mean,"Myeloid cells, Ceritinib",0.22348127,0.9496267,0.41818100214004517,2.2448930740356445
split_cell_heldout,global_train_mean,"Myeloid cells, CGM-097",-0.106382735,1.2788519,-0.11968033015727997,2.5241527557373047
split_cell_heldout,global_train_mean,"Myeloid cells, SLx-2119",0.035018887,0.6494838,-0.04460090771317482,2.068084239959717
split_cell_heldout,global_train_mean,"Myeloid cells, Nefazodone",0.20146762,0.54147977,0.4694651961326599,1.631334900856018
split_cell_heldout,global_train_mean,"Myeloid cells, TPCA-1",0.30954915,1.4235933,0.45966094732284546,2.5773749351501465
split_cell_heldout,global_train_mean,"Myeloid cells, MGCD-265",0.25664872,0.60061145,0.4394223392009735,1.6760811805725098
split_cell_heldout,global_train_mean,"Myeloid cells, GSK-1070916",0.14596653,0.791379,0.32503387331962585,1.9264030456542969
split_cell_heldout,global_train_mean,"Myeloid cells, Bosutinib",0.35473186,1.6543549,0.4716174900531769,2.7664685249328613
split_cell_heldout,global_train_mean,"Myeloid cells, Clemastine",0.18587676,0.67306685,0.41842785477638245,1.7875361442565918
split_cell_heldout,global_train_mean,"Myeloid cells, YK 4-279",-0.01820685,0.64979476,-0.11888906359672546,1.796876311302185
split_cell_heldout,global_train_mean,"Myeloid cells, Buspirone",0.15914698,0.55559427,0.31699153780937195,1.61745023727417
split_cell_heldout,global_train_mean,"Myeloid cells, GSK256066",0.010345929,1.1143893,0.0326385460793972,2.4613914489746094
split_cell_heldout,global_train_mean,"Myeloid cells, Vandetanib",0.14047629,0.7845972,0.28760066628456116,1.9652518033981323
split_cell_heldout,global_train_mean,"Myeloid cells, Imatinib",0.08929478,0.54081774,0.26266542077064514,1.6286087036132812
split_cell_heldout,global_train_mean,"Myeloid cells, SCH-58261",0.23206462,0.64042085,0.5042693018913269,1.7227439880371094
split_cell_heldout,global_train_mean,"Myeloid cells, Colforsin",0.049869455,0.69247144,0.006028828676789999,1.9957321882247925
split_cell_heldout,global_train_mean,"Myeloid cells, Tosedostat",0.30922052,0.98232675,0.46811702847480774,2.1631438732147217
split_cell_heldout,global_train_mean,"Myeloid cells, ABT-199 (GDC-0199)",-0.06452766,0.6041107,-0.07073907554149628,1.8133970499038696
split_cell_heldout,global_train_mean,"Myeloid cells, Mometasone Furoate",0.38984403,1.9138978,0.5133239030838013,2.8793838024139404
split_cell_heldout,global_train_mean,"Myeloid cells, Tipifarnib",0.30180416,0.80293727,0.555108904838562,1.9318925142288208
split_cell_heldout,global_train_mean,"Myeloid cells, Doxorubicin",0.1492925,2.3389227,0.19568274915218353,3.183595657348633
split_cell_heldout,global_train_mean,"Myeloid cells, PF-03814735",0.42199925,1.8712715,0.5386741161346436,2.8484292030334473
split_cell_heldout,global_train_mean,"Myeloid cells, AZD4547",0.17259978,0.67025846,0.3612237572669983,1.8764797449111938
split_cell_heldout,global_train_mean,"Myeloid cells, Prednisolone",0.31373125,1.564647,0.4356228709220886,2.6868927478790283
split_cell_heldout,global_train_mean,"Myeloid cells, Tacalcitol",0.17373194,2.2103624,0.2280934751033783,3.1497201919555664
split_cell_heldout,global_train_mean,"Myeloid cells, Clotrimazole",0.079509266,0.7541657,0.14282454550266266,1.9485893249511719
split_cell_heldout,global_train_mean,"Myeloid cells, Mubritinib (TAK 165)",0.046331838,1.1728195,0.07950253784656525,2.449178457260132
split_cell_heldout,global_train_mean,"Myeloid cells, Vanoxerine",0.29478112,0.5973515,0.486966073513031,1.6686549186706543
split_cell_heldout,global_train_mean,"Myeloid cells, SB525334",-0.12088659,1.2834501,-0.17584066092967987,2.5956759452819824
split_cell_heldout,global_train_mean,"Myeloid cells, HYDROXYUREA",0.1438874,0.6248485,0.22048375010490417,1.775493860244751
split_cell_heldout,cell_context_mean,"Myeloid cells, MK-5108",0.10387438,0.60245514,0.23843978345394135,1.7511584758758545
split_cell_heldout,cell_context_mean,"Myeloid cells, Ganetespib (STA-9090)",0.3974882,1.4578917,0.5555981993675232,2.548299551010132
split_cell_heldout,cell_context_mean,"Myeloid cells, Sunitinib",0.08791389,0.6766325,0.2330218255519867,1.8055590391159058
split_cell_heldout,cell_context_mean,"Myeloid cells, Tivozanib",0.09686265,0.77208465,0.18247190117835999,2.0138227939605713
split_cell_heldout,cell_context_mean,"Myeloid cells, Tamatinib",0.33070967,1.3611112,0.4879857301712036,2.525935173034668
split_cell_heldout,cell_context_mean,"Myeloid cells, Linagliptin",-0.067256615,0.7277517,-0.14736175537109375,1.9792139530181885
split_cell_heldout,cell_context_mean,"Myeloid cells, 5-(9-Isopropyl-8-methyl-2-morpholino-9H-purin-6-yl)pyrimidin-2-amine",0.38981467,1.5550779,0.5349555611610413,2.696627378463745
split_cell_heldout,cell_context_mean,"Myeloid cells, O-Demethylated Adapalene",0.10562946,0.82337236,0.19446419179439545,2.2319154739379883
split_cell_heldout,cell_context_mean,"Myeloid cells, I-BET151",0.30079436,1.7400402,0.41961851716041565,2.8222813606262207
split_cell_heldout,cell_context_mean,"Myeloid cells, GW843682X",0.05054806,0.75694317,0.13920404016971588,2.073518991470337
split_cell_heldout,cell_context_mean,"Myeloid cells, IN1451",0.24286719,2.409322,0.30290845036506653,3.2370448112487793
split_cell_heldout,cell_context_mean,"Myeloid cells, Raloxifene",-0.04223285,1.007964,-0.02544255182147026,2.2710819244384766
split_cell_heldout,cell_context_mean,"Myeloid cells, Topotecan",0.121004835,1.4929533,0.2011319398880005,2.6451988220214844
split_cell_heldout,cell_context_mean,"Myeloid cells, BAY 87-2243",0.18943955,1.4341068,0.24862618744373322,2.5941216945648193
split_cell_heldout,cell_context_mean,"Myeloid cells, Porcn Inhibitor III",-0.15666784,1.230174,-0.22519977390766144,2.5751755237579346
split_cell_heldout,cell_context_mean,"Myeloid cells, TL_HRAS26",0.007712405,0.6434025,-0.014648767188191414,1.9650474786758423
split_cell_heldout,cell_context_mean,"Myeloid cells, BMS-265246",0.058760807,1.7432919,0.12934967875480652,2.8759820461273193
split_cell_heldout,cell_context_mean,"Myeloid cells, Pomalidomide",-0.030304477,1.0867976,0.04793199524283409,2.5462646484375
split_cell_heldout,cell_context_mean,"Myeloid cells, Dovitinib",-0.008315991,0.9651472,0.08215713500976562,2.2793796062469482
split_cell_heldout,cell_context_mean,"Myeloid cells, Navitoclax",-0.22555667,0.92957515,-0.3493543267250061,2.1798524856567383
split_cell_heldout,cell_context_mean,"Myeloid cells, Methotrexate",0.052307922,0.9312883,0.11519742757081985,2.140225648880005
split_cell_heldout,cell_context_mean,"Myeloid cells, Palbociclib",0.16633537,0.77497536,0.36945751309394836,1.9831146001815796
split_cell_heldout,cell_context_mean,"Myeloid cells, AMD-070 (hydrochloride)",0.09532282,0.7548031,0.2046564370393753,2.0359606742858887
split_cell_heldout,cell_context_mean,"Myeloid cells, FK 866",0.13099308,1.1698301,0.22035935521125793,2.376803398132324
split_cell_heldout,cell_context_mean,"Myeloid cells, Scriptaid",0.25170654,1.9078773,0.3534370958805084,2.9458768367767334
split_cell_heldout,cell_context_mean,"Myeloid cells, Dactolisib",0.426023,2.077765,0.5333283543586731,3.033776044845581
split_cell_heldout,cell_context_mean,"Myeloid cells, Isoniazid",0.08798628,0.61174256,0.15663199126720428,1.7604337930679321
split_cell_heldout,cell_context_mean,"Myeloid cells, Idelalisib",0.119088404,0.9803388,0.24173378944396973,2.1460952758789062
split_cell_heldout,cell_context_mean,"Myeloid cells, Penfluridol",0.03989753,0.743839,0.1418805867433548,1.8745579719543457
split_cell_heldout,cell_context_mean,"Myeloid cells, Quizartinib",0.10195913,0.792508,0.18394708633422852,2.2351982593536377
split_cell_heldout,cell_context_mean,"Myeloid cells, PD-0325901",0.16761999,1.3824102,0.26312360167503357,2.5799601078033447
split_cell_heldout,cell_context_mean,"Myeloid cells, LDN 193189",-0.08054937,0.8173782,-0.07704988121986389,2.070765733718872
split_cell_heldout,cell_context_mean,"Myeloid cells, Riociguat",0.2136336,0.584117,0.4240908622741699,1.6816375255584717
split_cell_heldout,cell_context_mean,"Myeloid cells, CHIR-99021",-0.06478444,1.2437227,-0.11065205931663513,2.4735195636749268
split_cell_heldout,cell_context_mean,"Myeloid cells, BI-D1870",0.11434822,0.8778997,0.26898637413978577,2.1084160804748535
split_cell_heldout,cell_context_mean,"Myeloid cells, Crizotinib",0.33932242,0.9358633,0.5073059797286987,2.1700689792633057
split_cell_heldout,cell_context_mean,"Myeloid cells, Azacitidine",0.10300786,0.6156417,0.2933520972728729,1.7217141389846802
split_cell_heldout,cell_context_mean,"Myeloid cells, TR-14035",0.16643287,0.61651087,0.30344605445861816,1.7831768989562988
split_cell_heldout,cell_context_mean,"Myeloid cells, AT 7867",0.10397396,1.3286049,0.2232142984867096,2.5318405628204346
split_cell_heldout,cell_context_mean,"Myeloid cells, GO-6976",0.010499664,1.1761279,0.049083732068538666,2.3524787425994873
split_cell_heldout,cell_context_mean,"Myeloid cells, TGX 221",0.3251796,0.9528228,0.5211657881736755,2.1605265140533447
split_cell_heldout,cell_context_mean,"Myeloid cells, Pitavastatin Calcium",-0.0573882,2.3523712,-0.05689462274312973,3.2323923110961914
split_cell_heldout,cell_context_mean,"Myeloid cells, ABT737",-0.06634933,0.97455263,-0.031286872923374176,2.284196376800537
split_cell_heldout,cell_context_mean,"Myeloid cells, PRT-062607",0.3481874,1.4387031,0.4893409311771393,2.5790371894836426
split_cell_heldout,cell_context_mean,"Myeloid cells, AZ628",0.18381606,0.97975814,0.31103354692459106,2.1803576946258545
split_cell_heldout,cell_context_mean,"Myeloid cells, Masitinib",0.23641223,0.7299563,0.48728466033935547,1.9375066757202148
split_cell_heldout,cell_context_mean,"Myeloid cells, STK219801",0.21784364,0.6459849,0.35680219531059265,1.9014962911605835
split_cell_heldout,cell_context_mean,"Myeloid cells, Ricolinostat",0.046725824,1.18184,0.10813583433628082,2.4370527267456055
split_cell_heldout,cell_context_mean,"Myeloid cells, Midostaurin",0.17341574,1.150034,0.3028236925601959,2.3900516033172607
split_cell_heldout,cell_context_mean,"Myeloid cells, CEP-37440",0.051633816,0.9565095,0.127674400806427,2.2409818172454834
split_cell_heldout,cell_context_mean,"Myeloid cells, R428",0.17961693,2.044565,0.25406771898269653,3.0412325859069824
split_cell_heldout,cell_context_mean,"Myeloid cells, Oxybenzone",0.110829845,0.54891634,0.203323096036911,1.6692204475402832
split_cell_heldout,cell_context_mean,"Myeloid cells, Tivantinib",0.17939572,0.81955266,0.3399110436439514,2.0559587478637695
split_cell_heldout,cell_context_mean,"Myeloid cells, Colchicine",0.13509509,2.468396,0.17930108308792114,3.284646511077881
split_cell_heldout,cell_context_mean,"Myeloid cells, BX 912",0.21352892,0.83667266,0.3729202449321747,2.0278377532958984
split_cell_heldout,cell_context_mean,"Myeloid cells, Selumetinib",0.21310425,1.0610138,0.3637112081050873,2.313793659210205
split_cell_heldout,cell_context_mean,"Myeloid cells, RG7090",-0.044058584,0.88350683,-0.003395501058548689,2.114567279815674
split_cell_heldout,cell_context_mean,"Myeloid cells, GLPG0634",0.28831214,0.9066298,0.5396088361740112,2.0882718563079834
split_cell_heldout,cell_context_mean,"Myeloid cells, TIE2 Kinase Inhibitor",-0.022482775,0.67972195,-0.012049469165503979,1.9194445610046387
split_cell_heldout,cell_context_mean,"Myeloid cells, Lapatinib",-0.13182372,0.6947946,-0.2010882943868637,2.0000290870666504
split_cell_heldout,cell_context_mean,"Myeloid cells, Atorvastatin",-0.05743544,0.76028955,-0.14159367978572845,2.137831211090088
split_cell_heldout,cell_context_mean,"Myeloid cells, Clomipramine",0.21884565,0.6626618,0.45756274461746216,1.8139351606369019
split_cell_heldout,cell_context_mean,"Myeloid cells, Ixabepilone",0.096584,0.6708498,0.08480608463287354,1.9003394842147827
split_cell_heldout,cell_context_mean,"Myeloid cells, Protriptyline",-0.007324581,0.5736798,-0.15625429153442383,1.771420955657959
split_cell_heldout,cell_context_mean,"Myeloid cells, Phenylbutazone",-0.019611506,0.6037187,-0.0960274413228035,1.7350788116455078
split_cell_heldout,cell_context_mean,"Myeloid cells, K-02288",-0.029681426,1.0072895,-0.032377712428569794,2.319737195968628
split_cell_heldout,cell_context_mean,"Myeloid cells, BMS-777607",0.1585943,0.7778048,0.2840004861354828,2.025695323944092
split_cell_heldout,cell_context_mean,"Myeloid cells, Vorinostat",0.26151702,1.8441954,0.3730052411556244,2.8913183212280273
split_cell_heldout,cell_context_mean,"Myeloid cells, Ruxolitinib",0.3072883,1.4640287,0.4656340479850769,2.6601829528808594
split_cell_heldout,cell_context_mean,"Myeloid cells, AVL-292",0.18339817,0.938989,0.33852237462997437,2.173398733139038
split_cell_heldout,cell_context_mean,"Myeloid cells, Trametinib",-0.009075465,1.4589795,-0.004877051804214716,2.660698175430298
split_cell_heldout,cell_context_mean,"Myeloid cells, Sgc-cbp30",0.22269167,0.9706789,0.4037539064884186,2.1650664806365967
split_cell_heldout,cell_context_mean,"Myeloid cells, Chlorpheniramine",0.035071984,0.5675996,-0.03542621061205864,1.7421396970748901
split_cell_heldout,cell_context_mean,"Myeloid cells, BAY 61-3606",0.32911178,1.8888148,0.4330125153064728,2.9073169231414795
split_cell_heldout,cell_context_mean,"Myeloid cells, LY2090314",0.09734012,2.143662,0.1426992267370224,3.1046340465545654
split_cell_heldout,cell_context_mean,"Myeloid cells, Vardenafil",0.091687575,0.7097984,0.24733451008796692,1.8537639379501343
split_cell_heldout,cell_context_mean,"Myeloid cells, Dasatinib",0.40073287,1.5107198,0.5507097840309143,2.5843582153320312
split_cell_heldout,cell_context_mean,"Myeloid cells, AT13387",0.36216247,1.3214544,0.5150687098503113,2.407331943511963
split_cell_heldout,cell_context_mean,"Myeloid cells, Perhexiline",0.32131633,0.9210444,0.5197685360908508,2.1069447994232178
split_cell_heldout,cell_context_mean,"Myeloid cells, RVX-208",0.2020927,0.8915276,0.35792937874794006,2.097630500793457
split_cell_heldout,cell_context_mean,"Myeloid cells, Ketoconazole",-0.109040655,1.4193178,-0.20606009662151337,2.668443202972412
split_cell_heldout,cell_context_mean,"Myeloid cells, Disulfiram",-0.020525293,0.659423,-0.0968884825706482,1.9323779344558716
split_cell_heldout,cell_context_mean,"Myeloid cells, Flutamide",0.16330335,0.6074663,0.27601197361946106,1.7623991966247559
split_cell_heldout,cell_context_mean,"Myeloid cells, Desloratadine",0.085418686,0.6348176,0.1466427594423294,1.7501634359359741
split_cell_heldout,cell_context_mean,"Myeloid cells, BMS-536924",0.35292777,1.0550994,0.5455007553100586,2.190739870071411
split_cell_heldout,cell_context_mean,"Myeloid cells, IKK Inhibitor VII",0.24063723,1.5276401,0.37759822607040405,2.7405734062194824
split_cell_heldout,cell_context_mean,"Myeloid cells, Amiodarone",0.021011868,0.6524715,0.029600119218230247,1.8808660507202148
split_cell_heldout,cell_context_mean,"Myeloid cells, IMD-0354",0.32948062,1.5454963,0.46811237931251526,2.666856527328491
split_cell_heldout,cell_context_mean,"Myeloid cells, Alogliptin",-0.010321153,0.6080243,-0.020712608471512794,1.7321141958236694
split_cell_heldout,cell_context_mean,"Myeloid cells, RN-486",0.15754025,0.74308115,0.27745193243026733,1.9711066484451294
split_cell_heldout,cell_context_mean,"Myeloid cells, Decitabine",0.20425399,0.52537596,0.4151255488395691,1.6581224203109741
split_cell_heldout,cell_context_mean,"Myeloid cells, Cabozantinib",0.070969485,0.76285595,0.2141159325838089,1.9084933996200562
split_cell_heldout,cell_context_mean,"Myeloid cells, Defactinib",0.27640152,1.0301476,0.4810178279876709,2.193720579147339
split_cell_heldout,cell_context_mean,"Myeloid cells, AZD3514",0.30360168,0.8119459,0.5396608114242554,1.9822286367416382
split_cell_heldout,cell_context_mean,"Myeloid cells, HMN-214",0.07321712,0.86488307,0.0775354653596878,2.067488670349121
split_cell_heldout,cell_context_mean,"Myeloid cells, CC-401",0.36397138,0.90139616,0.5527385473251343,2.039841413497925
split_cell_heldout,cell_context_mean,"Myeloid cells, Resminostat",0.27868816,1.9420948,0.3853074312210083,2.8983335494995117
split_cell_heldout,cell_context_mean,"Myeloid cells, Nilotinib",0.20955591,1.1842592,0.34152889251708984,2.4112563133239746
split_cell_heldout,cell_context_mean,"Myeloid cells, OSI-930",0.07145591,0.69145185,0.11985565721988678,1.8098344802856445
split_cell_heldout,cell_context_mean,"Myeloid cells, Saracatinib",0.40417013,1.4222373,0.5455142855644226,2.5100672245025635
split_cell_heldout,cell_context_mean,"Myeloid cells, RG7112",0.24971445,0.7560333,0.45837873220443726,2.181478261947632
split_cell_heldout,cell_context_mean,"Myeloid cells, Lamivudine",0.1476935,0.6989576,0.3351755142211914,1.8428549766540527
split_cell_heldout,cell_context_mean,"Myeloid cells, AZD-8330",0.1861422,1.1443655,0.3405061960220337,2.405576229095459
split_cell_heldout,cell_context_mean,"Myeloid cells, Ceritinib",0.22348127,0.9496267,0.41818100214004517,2.2448930740356445
split_cell_heldout,cell_context_mean,"Myeloid cells, CGM-097",-0.106382735,1.2788519,-0.11968033015727997,2.5241527557373047
split_cell_heldout,cell_context_mean,"Myeloid cells, SLx-2119",0.035018887,0.6494838,-0.04460090771317482,2.068084239959717
split_cell_heldout,cell_context_mean,"Myeloid cells, Nefazodone",0.20146762,0.54147977,0.4694651961326599,1.631334900856018
split_cell_heldout,cell_context_mean,"Myeloid cells, TPCA-1",0.30954915,1.4235933,0.45966094732284546,2.5773749351501465
split_cell_heldout,cell_context_mean,"Myeloid cells, MGCD-265",0.25664872,0.60061145,0.4394223392009735,1.6760811805725098
split_cell_heldout,cell_context_mean,"Myeloid cells, GSK-1070916",0.14596653,0.791379,0.32503387331962585,1.9264030456542969
split_cell_heldout,cell_context_mean,"Myeloid cells, Bosutinib",0.35473186,1.6543549,0.4716174900531769,2.7664685249328613
split_cell_heldout,cell_context_mean,"Myeloid cells, Clemastine",0.18587676,0.67306685,0.41842785477638245,1.7875361442565918
split_cell_heldout,cell_context_mean,"Myeloid cells, YK 4-279",-0.01820685,0.64979476,-0.11888906359672546,1.796876311302185
split_cell_heldout,cell_context_mean,"Myeloid cells, Buspirone",0.15914698,0.55559427,0.31699153780937195,1.61745023727417
split_cell_heldout,cell_context_mean,"Myeloid cells, GSK256066",0.010345929,1.1143893,0.0326385460793972,2.4613914489746094
split_cell_heldout,cell_context_mean,"Myeloid cells, Vandetanib",0.14047629,0.7845972,0.28760066628456116,1.9652518033981323
split_cell_heldout,cell_context_mean,"Myeloid cells, Imatinib",0.08929478,0.54081774,0.26266542077064514,1.6286087036132812
split_cell_heldout,cell_context_mean,"Myeloid cells, SCH-58261",0.23206462,0.64042085,0.5042693018913269,1.7227439880371094
split_cell_heldout,cell_context_mean,"Myeloid cells, Colforsin",0.049869455,0.69247144,0.006028828676789999,1.9957321882247925
split_cell_heldout,cell_context_mean,"Myeloid cells, Tosedostat",0.30922052,0.98232675,0.46811702847480774,2.1631438732147217
split_cell_heldout,cell_context_mean,"Myeloid cells, ABT-199 (GDC-0199)",-0.06452766,0.6041107,-0.07073907554149628,1.8133970499038696
split_cell_heldout,cell_context_mean,"Myeloid cells, Mometasone Furoate",0.38984403,1.9138978,0.5133239030838013,2.8793838024139404
split_cell_heldout,cell_context_mean,"Myeloid cells, Tipifarnib",0.30180416,0.80293727,0.555108904838562,1.9318925142288208
split_cell_heldout,cell_context_mean,"Myeloid cells, Doxorubicin",0.1492925,2.3389227,0.19568274915218353,3.183595657348633
split_cell_heldout,cell_context_mean,"Myeloid cells, PF-03814735",0.42199925,1.8712715,0.5386741161346436,2.8484292030334473
split_cell_heldout,cell_context_mean,"Myeloid cells, AZD4547",0.17259978,0.67025846,0.3612237572669983,1.8764797449111938
split_cell_heldout,cell_context_mean,"Myeloid cells, Prednisolone",0.31373125,1.564647,0.4356228709220886,2.6868927478790283
split_cell_heldout,cell_context_mean,"Myeloid cells, Tacalcitol",0.17373194,2.2103624,0.2280934751033783,3.1497201919555664
split_cell_heldout,cell_context_mean,"Myeloid cells, Clotrimazole",0.079509266,0.7541657,0.14282454550266266,1.9485893249511719
split_cell_heldout,cell_context_mean,"Myeloid cells, Mubritinib (TAK 165)",0.046331838,1.1728195,0.07950253784656525,2.449178457260132
split_cell_heldout,cell_context_mean,"Myeloid cells, Vanoxerine",0.29478112,0.5973515,0.486966073513031,1.6686549186706543
split_cell_heldout,cell_context_mean,"Myeloid cells, SB525334",-0.12088659,1.2834501,-0.17584066092967987,2.5956759452819824
split_cell_heldout,cell_context_mean,"Myeloid cells, HYDROXYUREA",0.1438874,0.6248485,0.22048375010490417,1.775493860244751
split_cell_heldout,drug_mean,"Myeloid cells, MK-5108",0.25817844,0.60182816,0.45958760380744934,1.6286102533340454
split_cell_heldout,drug_mean,"Myeloid cells, Ganetespib (STA-9090)",0.4187448,1.5997324,0.5844385027885437,2.2025904655456543
split_cell_heldout,drug_mean,"Myeloid cells, Sunitinib",0.1775261,0.7592779,0.44744598865509033,1.6733473539352417
split_cell_heldout,drug_mean,"Myeloid cells, Tivozanib",0.18759261,0.8170163,0.3681196868419647,1.914036512374878
split_cell_heldout,drug_mean,"Myeloid cells, Tamatinib",0.41467404,1.3198138,0.5763503909111023,2.223799705505371
split_cell_heldout,drug_mean,"Myeloid cells, Linagliptin",0.04993,0.73912257,0.10981498658657074,1.9220584630966187
split_cell_heldout,drug_mean,"Myeloid cells, 5-(9-Isopropyl-8-methyl-2-morpholino-9H-purin-6-yl)pyrimidin-2-amine",0.54048586,1.3834789,0.6876358389854431,2.136638879776001
split_cell_heldout,drug_mean,"Myeloid cells, O-Demethylated Adapalene",0.1556818,0.8587575,0.27828577160835266,2.1757314205169678
split_cell_heldout,drug_mean,"Myeloid cells, I-BET151",0.52235585,1.5618753,0.6582214832305908,2.2386083602905273
split_cell_heldout,drug_mean,"Myeloid cells, GW843682X",0.22453639,0.7536147,0.37131643295288086,1.9040610790252686
split_cell_heldout,drug_mean,"Myeloid cells, IN1451",0.6820815,1.7991223,0.7795103192329407,2.180737018585205
split_cell_heldout,drug_mean,"Myeloid cells, Raloxifene",0.14757563,1.0240219,0.2285800725221634,2.2004294395446777
split_cell_heldout,drug_mean,"Myeloid cells, Topotecan",0.42974198,1.3582798,0.5676543712615967,2.294872760772705
split_cell_heldout,drug_mean,"Myeloid cells, BAY 87-2243",0.3140229,1.4438196,0.4027000367641449,2.411824941635132
split_cell_heldout,drug_mean,"Myeloid cells, Porcn Inhibitor III",0.24338672,1.1463114,0.3850608468055725,2.3721485137939453
split_cell_heldout,drug_mean,"Myeloid cells, TL_HRAS26",0.12637636,0.6661867,0.37390831112861633,1.8407849073410034
split_cell_heldout,drug_mean,"Myeloid cells, BMS-265246",0.43472973,1.5845277,0.564691960811615,2.4537763595581055
split_cell_heldout,drug_mean,"Myeloid cells, Pomalidomide",0.24843556,1.1495619,0.4128234088420868,2.3023836612701416
split_cell_heldout,drug_mean,"Myeloid cells, Dovitinib",0.12996684,1.0414526,0.29718369245529175,2.1860060691833496
split_cell_heldout,drug_mean,"Myeloid cells, Navitoclax",0.26288655,0.8491247,0.44435685873031616,1.8864303827285767
split_cell_heldout,drug_mean,"Myeloid cells, Methotrexate",0.16623358,0.93768513,0.27242806553840637,2.060201644897461
split_cell_heldout,drug_mean,"Myeloid cells, Palbociclib",0.20787744,0.7942764,0.4164219796657562,1.922315001487732
split_cell_heldout,drug_mean,"Myeloid cells, AMD-070 (hydrochloride)",0.20478107,0.7603496,0.43772780895233154,1.9307076930999756
split_cell_heldout,drug_mean,"Myeloid cells, FK 866",0.3908243,1.0938623,0.5750001668930054,2.0819590091705322
split_cell_heldout,drug_mean,"Myeloid cells, Scriptaid",0.4873167,1.8231152,0.6030967235565186,2.4069879055023193
split_cell_heldout,drug_mean,"Myeloid cells, Dactolisib",0.58949244,1.7533379,0.6706568598747253,2.4283347129821777
split_cell_heldout,drug_mean,"Myeloid cells, Isoniazid",0.11273267,0.64368033,0.17386667430400848,1.75322687625885
split_cell_heldout,drug_mean,"Myeloid cells, Idelalisib",0.21735963,1.0534844,0.3783395290374756,2.039804458618164
split_cell_heldout,drug_mean,"Myeloid cells, Penfluridol",0.17406203,0.7411616,0.36379438638687134,1.790758728981018
split_cell_heldout,drug_mean,"Myeloid cells, Quizartinib",0.12723999,0.81841034,0.2978871166706085,2.1949243545532227
split_cell_heldout,drug_mean,"Myeloid cells, PD-0325901",0.19838618,1.4144636,0.31202569603919983,2.5133721828460693
split_cell_heldout,drug_mean,"Myeloid cells, LDN 193189",0.2170142,0.7763546,0.421755850315094,1.8805760145187378
split_cell_heldout,drug_mean,"Myeloid cells, Riociguat",0.14361125,0.63495404,0.31096625328063965,1.6960201263427734
split_cell_heldout,drug_mean,"Myeloid cells, CHIR-99021",0.4073743,1.1298876,0.5736384391784668,2.04258394241333
split_cell_heldout,drug_mean,"Myeloid cells, BI-D1870",0.2109828,0.8740485,0.3556707203388214,2.0385208129882812
split_cell_heldout,drug_mean,"Myeloid cells, Crizotinib",0.35229474,0.96608365,0.5271682739257812,2.0067596435546875
split_cell_heldout,drug_mean,"Myeloid cells, Azacitidine",0.15465598,0.67596436,0.368890643119812,1.6518425941467285
split_cell_heldout,drug_mean,"Myeloid cells, TR-14035",0.18951932,0.6677065,0.3646821081638336,1.730688452720642
split_cell_heldout,drug_mean,"Myeloid cells, AT 7867",0.16052012,1.3616338,0.2801806330680847,2.4786717891693115
split_cell_heldout,drug_mean,"Myeloid cells, GO-6976",0.28982386,1.121717,0.457269549369812,2.1380622386932373
split_cell_heldout,drug_mean,"Myeloid cells, TGX 221",0.33508584,0.98148954,0.5248223543167114,2.0144269466400146
split_cell_heldout,drug_mean,"Myeloid cells, Pitavastatin Calcium",0.4104219,2.1264486,0.47795745730400085,2.8198671340942383
split_cell_heldout,drug_mean,"Myeloid cells, ABT737",0.21567246,0.9460581,0.4405396282672882,2.093644857406616
split_cell_heldout,drug_mean,"Myeloid cells, PRT-062607",0.37537274,1.4111686,0.5228636264801025,2.359236001968384
split_cell_heldout,drug_mean,"Myeloid cells, AZ628",0.26064426,1.0235137,0.4404355585575104,2.0351028442382812
split_cell_heldout,drug_mean,"Myeloid cells, Masitinib",0.22975147,0.7713268,0.4320165514945984,1.9046016931533813
split_cell_heldout,drug_mean,"Myeloid cells, STK219801",0.30872363,0.65502393,0.49400874972343445,1.6987587213516235
split_cell_heldout,drug_mean,"Myeloid cells, Ricolinostat",0.40178627,1.0787601,0.5735006332397461,2.0735831260681152
split_cell_heldout,drug_mean,"Myeloid cells, Midostaurin",0.2537514,1.1766902,0.44506382942199707,2.236185312271118
split_cell_heldout,drug_mean,"Myeloid cells, CEP-37440",0.1395645,0.9934099,0.2694608271121979,2.174642324447632
split_cell_heldout,drug_mean,"Myeloid cells, R428",0.32814267,1.9678631,0.4178455173969269,2.822134256362915
split_cell_heldout,drug_mean,"Myeloid cells, Oxybenzone",0.16079077,0.5741736,0.3431181311607361,1.621104121208191
split_cell_heldout,drug_mean,"Myeloid cells, Tivantinib",0.2927451,0.83377576,0.5133663415908813,1.8730483055114746
split_cell_heldout,drug_mean,"Myeloid cells, Colchicine",0.36707002,2.3285022,0.42868831753730774,3.0704305171966553
split_cell_heldout,drug_mean,"Myeloid cells, BX 912",0.2139125,0.9190208,0.42111727595329285,1.9415031671524048
split_cell_heldout,drug_mean,"Myeloid cells, Selumetinib",0.22874467,1.0927297,0.3859246075153351,2.2373247146606445
split_cell_heldout,drug_mean,"Myeloid cells, RG7090",0.28401238,0.83475006,0.48382943868637085,1.8697248697280884
split_cell_heldout,drug_mean,"Myeloid cells, GLPG0634",0.31590134,0.947945,0.5667030811309814,1.9163119792938232
split_cell_heldout,drug_mean,"Myeloid cells, TIE2 Kinase Inhibitor",0.18433604,0.6658966,0.3332248628139496,1.8098580837249756
split_cell_heldout,drug_mean,"Myeloid cells, Lapatinib",0.21856369,0.67095834,0.44758301973342896,1.755143642425537
split_cell_heldout,drug_mean,"Myeloid cells, Atorvastatin",0.22802402,0.72625875,0.4981050491333008,1.8838059902191162
split_cell_heldout,drug_mean,"Myeloid cells, Clomipramine",0.26523912,0.6817086,0.5092365741729736,1.7317880392074585
split_cell_heldout,drug_mean,"Myeloid cells, Ixabepilone",0.18283707,0.6830428,0.33373790979385376,1.784783124923706
split_cell_heldout,drug_mean,"Myeloid cells, Protriptyline",0.15233456,0.57324535,0.2613152265548706,1.6475322246551514
split_cell_heldout,drug_mean,"Myeloid cells, Phenylbutazone",0.16267493,0.6035885,0.23364000022411346,1.657736897468567
split_cell_heldout,drug_mean,"Myeloid cells, K-02288",0.07689222,1.0111283,0.16419865190982819,2.2674202919006348
split_cell_heldout,drug_mean,"Myeloid cells, BMS-777607",0.15330249,0.8189238,0.2686174809932709,2.0081405639648438
split_cell_heldout,drug_mean,"Myeloid cells, Vorinostat",0.46622276,1.7828974,0.5948813557624817,2.388350248336792
split_cell_heldout,drug_mean,"Myeloid cells, Ruxolitinib",0.33008835,1.4458218,0.4798150062561035,2.504753828048706
split_cell_heldout,drug_mean,"Myeloid cells, AVL-292",0.21629581,1.0222468,0.3960321247577667,2.0759809017181396
split_cell_heldout,drug_mean,"Myeloid cells, Trametinib",0.27363968,1.3869703,0.40956515073776245,2.4648146629333496
split_cell_heldout,drug_mean,"Myeloid cells, Sgc-cbp30",0.24687788,0.99608004,0.440828412771225,2.0659022331237793
split_cell_heldout,drug_mean,"Myeloid cells, Chlorpheniramine",0.07019551,0.62978673,0.06294705718755722,1.7349966764450073
split_cell_heldout,drug_mean,"Myeloid cells, BAY 61-3606",0.4706348,1.741503,0.5871280431747437,2.4676802158355713
split_cell_heldout,drug_mean,"Myeloid cells, LY2090314",0.20696281,2.2852674,0.2569352090358734,3.080972194671631
split_cell_heldout,drug_mean,"Myeloid cells, Vardenafil",0.14983855,0.73318636,0.27167707681655884,1.8203054666519165
split_cell_heldout,drug_mean,"Myeloid cells, Dasatinib",0.45920178,1.4136819,0.6103200316429138,2.267838954925537
split_cell_heldout,drug_mean,"Myeloid cells, AT13387",0.33985108,1.5823287,0.49639132618904114,2.2351293563842773
split_cell_heldout,drug_mean,"Myeloid cells, Perhexiline",0.36593187,0.98778504,0.5895696878433228,1.8522051572799683
split_cell_heldout,drug_mean,"Myeloid cells, RVX-208",0.4019425,0.85569227,0.5987141728401184,1.7953479290008545
split_cell_heldout,drug_mean,"Myeloid cells, Ketoconazole",0.50293833,1.1928402,0.6493741273880005,2.050454616546631
split_cell_heldout,drug_mean,"Myeloid cells, Disulfiram",0.12466658,0.67603827,0.291737824678421,1.8124781847000122
split_cell_heldout,drug_mean,"Myeloid cells, Flutamide",0.121386394,0.6575119,0.19250908493995667,1.7878928184509277
split_cell_heldout,drug_mean,"Myeloid cells, Desloratadine",0.18766555,0.6478853,0.4418887197971344,1.6340240240097046
split_cell_heldout,drug_mean,"Myeloid cells, BMS-536924",0.318162,1.1383787,0.5059413313865662,2.0283896923065186
split_cell_heldout,drug_mean,"Myeloid cells, IKK Inhibitor VII",0.2995521,1.5132942,0.4511403441429138,2.574225425720215
split_cell_heldout,drug_mean,"Myeloid cells, Amiodarone",0.1335382,0.6729025,0.21797536313533783,1.81987464427948
split_cell_heldout,drug_mean,"Myeloid cells, IMD-0354",0.47473675,1.4487293,0.617265522480011,2.214914083480835
split_cell_heldout,drug_mean,"Myeloid cells, Alogliptin",0.1546533,0.61291474,0.3358677923679352,1.6383877992630005
split_cell_heldout,drug_mean,"Myeloid cells, RN-486",-0.02874173,0.8348011,-0.08710802346467972,2.0901906490325928
split_cell_heldout,drug_mean,"Myeloid cells, Decitabine",0.11889709,0.58422583,0.2466990202665329,1.6988285779953003
split_cell_heldout,drug_mean,"Myeloid cells, Cabozantinib",0.17664117,0.78877485,0.3237718641757965,1.846720576286316
split_cell_heldout,drug_mean,"Myeloid cells, Defactinib",0.31753433,1.0273412,0.5100403428077698,2.05761456489563
split_cell_heldout,drug_mean,"Myeloid cells, AZD3514",0.3798759,0.81244576,0.6261283159255981,1.743562936782837
split_cell_heldout,drug_mean,"Myeloid cells, HMN-214",0.41016343,0.78064275,0.6535026431083679,1.679711937904358
split_cell_heldout,drug_mean,"Myeloid cells, CC-401",0.45148677,0.8677246,0.6353919506072998,1.783410668373108
split_cell_heldout,drug_mean,"Myeloid cells, Resminostat",0.47549585,1.8550192,0.591847836971283,2.4013619422912598
split_cell_heldout,drug_mean,"Myeloid cells, Nilotinib",0.3151627,1.1770054,0.4733905494213104,2.2303366661071777
split_cell_heldout,drug_mean,"Myeloid cells, OSI-930",0.19203301,0.694046,0.29188892245292664,1.7160110473632812
split_cell_heldout,drug_mean,"Myeloid cells, Saracatinib",0.4916905,1.3086319,0.6306418180465698,2.2054944038391113
split_cell_heldout,drug_mean,"Myeloid cells, RG7112",0.38743567,0.7297022,0.5165814161300659,1.9130853414535522
split_cell_heldout,drug_mean,"Myeloid cells, Lamivudine",0.13036367,0.7418613,0.3042532503604889,1.8321177959442139
split_cell_heldout,drug_mean,"Myeloid cells, AZD-8330",0.18460397,1.2048684,0.33826684951782227,2.3532755374908447
split_cell_heldout,drug_mean,"Myeloid cells, Ceritinib",0.20294097,0.9828333,0.4359866678714752,2.1947474479675293
split_cell_heldout,drug_mean,"Myeloid cells, CGM-097",0.48141772,1.1112869,0.6258249282836914,1.9304704666137695
split_cell_heldout,drug_mean,"Myeloid cells, SLx-2119",0.16994293,0.6908318,0.3845204710960388,1.8126410245895386
split_cell_heldout,drug_mean,"Myeloid cells, Nefazodone",0.17007273,0.5924298,0.2362195998430252,1.6787927150726318
split_cell_heldout,drug_mean,"Myeloid cells, TPCA-1",0.36399582,1.4168371,0.5269835591316223,2.337841749191284
split_cell_heldout,drug_mean,"Myeloid cells, MGCD-265",0.20193945,0.6573746,0.4205937087535858,1.6400150060653687
split_cell_heldout,drug_mean,"Myeloid cells, GSK-1070916",0.28434068,0.7807524,0.4907541275024414,1.7806371450424194
split_cell_heldout,drug_mean,"Myeloid cells, Bosutinib",0.46464095,1.5263222,0.6003646850585938,2.4152417182922363
split_cell_heldout,drug_mean,"Myeloid cells, Clemastine",0.2891905,0.68117136,0.5032005310058594,1.6982556581497192
split_cell_heldout,drug_mean,"Myeloid cells, YK 4-279",0.20532472,0.647276,0.40938320755958557,1.6110261678695679
split_cell_heldout,drug_mean,"Myeloid cells, Buspirone",0.18624413,0.5792259,0.27747780084609985,1.6039822101593018
split_cell_heldout,drug_mean,"Myeloid cells, GSK256066",0.17556575,1.1573639,0.2855560779571533,2.3528642654418945
split_cell_heldout,drug_mean,"Myeloid cells, Vandetanib",0.092654265,0.8417646,0.23520112037658691,1.9656113386154175
split_cell_heldout,drug_mean,"Myeloid cells, Imatinib",0.111183405,0.58047694,0.27765363454818726,1.6149131059646606
split_cell_heldout,drug_mean,"Myeloid cells, SCH-58261",0.15344135,0.69076306,0.2862932085990906,1.77937650680542
split_cell_heldout,drug_mean,"Myeloid cells, Colforsin",0.15219809,0.70723534,0.2841264009475708,1.9161256551742554
split_cell_heldout,drug_mean,"Myeloid cells, Tosedostat",0.35705796,0.97209007,0.5619350671768188,1.9921725988388062
split_cell_heldout,drug_mean,"Myeloid cells, ABT-199 (GDC-0199)",0.11793802,0.66258013,0.23677171766757965,1.7250479459762573
split_cell_heldout,drug_mean,"Myeloid cells, Mometasone Furoate",0.45652193,1.7762641,0.579981803894043,2.5164480209350586
split_cell_heldout,drug_mean,"Myeloid cells, Tipifarnib",0.33870712,0.8136854,0.6019483804702759,1.7807841300964355
split_cell_heldout,drug_mean,"Myeloid cells, Doxorubicin",0.5334723,2.0119767,0.6151191592216492,2.6494300365448
split_cell_heldout,drug_mean,"Myeloid cells, PF-03814735",0.50894976,1.6913192,0.6151753664016724,2.4824440479278564
split_cell_heldout,drug_mean,"Myeloid cells, AZD4547",0.15893158,0.7051963,0.42917099595069885,1.8158960342407227
split_cell_heldout,drug_mean,"Myeloid cells, Prednisolone",0.3585597,1.5547925,0.4980333745479584,2.4430665969848633
split_cell_heldout,drug_mean,"Myeloid cells, Tacalcitol",0.19648403,2.19588,0.2592483460903168,3.1082136631011963
split_cell_heldout,drug_mean,"Myeloid cells, Clotrimazole",0.16273081,0.76551664,0.341156542301178,1.86556875705719
split_cell_heldout,drug_mean,"Myeloid cells, Mubritinib (TAK 165)",0.238421,1.2140837,0.3755280077457428,2.29129695892334
split_cell_heldout,drug_mean,"Myeloid cells, Vanoxerine",0.21285343,0.65751314,0.40181589126586914,1.65474534034729
split_cell_heldout,drug_mean,"Myeloid cells, SB525334",0.40956292,1.1267998,0.5877432227134705,2.1860313415527344
split_cell_heldout,drug_mean,"Myeloid cells, HYDROXYUREA",0.102087036,0.67312616,0.14635714888572693,1.7984771728515625
split_scaffold_heldout,global_train_mean,"NK cells, Atorvastatin",0.12134774,0.66369706,0.19983389973640442,1.7402268648147583
split_scaffold_heldout,global_train_mean,"T cells, Atorvastatin",0.22050752,0.5461143,0.4236302375793457,1.6182005405426025
split_scaffold_heldout,global_train_mean,"NK cells, Clomipramine",0.13214104,0.6361442,0.26407650113105774,1.7483811378479004
split_scaffold_heldout,global_train_mean,"T cells, Clomipramine",0.2624115,0.5470661,0.4913092255592346,1.5872488021850586
split_scaffold_heldout,global_train_mean,"B cells, Tivozanib",0.44854343,0.74626833,0.7233877182006836,1.8647935390472412
split_scaffold_heldout,global_train_mean,"Myeloid cells, Tivozanib",0.15200967,0.7623366,0.32652825117111206,1.9705277681350708
split_scaffold_heldout,global_train_mean,"NK cells, Tivozanib",0.100845896,0.6723661,0.21595560014247894,1.7986754179000854
split_scaffold_heldout,global_train_mean,"T cells, Tivozanib",0.2514823,0.6348855,0.4918557107448578,1.7929123640060425
split_scaffold_heldout,global_train_mean,"B cells, Porcn Inhibitor III",-0.03079233,0.6322583,0.05499573424458504,1.7735713720321655
split_scaffold_heldout,global_train_mean,"Myeloid cells, Porcn Inhibitor III",-0.15215701,1.2355675,-0.20144431293010712,2.5821328163146973
split_scaffold_heldout,global_train_mean,"NK cells, Porcn Inhibitor III",-0.078526735,0.7889992,-0.15726859867572784,2.046370506286621
split_scaffold_heldout,global_train_mean,"T cells, Porcn Inhibitor III",-0.2442441,0.7304957,-0.3990156352519989,1.8803025484085083
split_scaffold_heldout,global_train_mean,"B cells, TL_HRAS26",0.33563003,0.5946814,0.5895369052886963,1.6766902208328247
split_scaffold_heldout,global_train_mean,"Myeloid cells, TL_HRAS26",0.03922438,0.6430294,0.11436844617128372,1.9387552738189697
split_scaffold_heldout,global_train_mean,"NK cells, TL_HRAS26",0.07030556,0.6427061,0.07570476084947586,1.8633811473846436
split_scaffold_heldout,global_train_mean,"T cells, TL_HRAS26",0.2571072,0.53368217,0.44254007935523987,1.8613027334213257
split_scaffold_heldout,global_train_mean,"B cells, Navitoclax",-0.31337625,0.9737732,-0.556979775428772,2.3415656089782715
split_scaffold_heldout,global_train_mean,"Myeloid cells, Navitoclax",-0.27875233,0.95067286,-0.43308067321777344,2.2228646278381348
split_scaffold_heldout,global_train_mean,"NK cells, Navitoclax",-0.052619096,0.7525199,-0.07384905219078064,1.976381540298462
split_scaffold_heldout,global_train_mean,"T cells, Navitoclax",-0.05464229,0.6012663,0.3718932271003723,1.7982993125915527
split_scaffold_heldout,global_train_mean,"B cells, AMD-070 (hydrochloride)",0.2964074,0.62610394,0.5415631532669067,1.7421616315841675
split_scaffold_heldout,global_train_mean,"Myeloid cells, AMD-070 (hydrochloride)",0.1327616,0.74981475,0.285411536693573,2.0085818767547607
split_scaffold_heldout,global_train_mean,"NK cells, AMD-070 (hydrochloride)",-0.0048209666,0.66412127,0.022282231599092484,1.837958812713623
split_scaffold_heldout,global_train_mean,"T cells, AMD-070 (hydrochloride)",0.2783843,0.583781,0.5530071258544922,1.6962482929229736
split_scaffold_heldout,global_train_mean,"B cells, FK 866",0.31934017,0.7233858,0.572470486164093,1.865968942642212
split_scaffold_heldout,global_train_mean,"Myeloid cells, FK 866",0.23851892,1.1430781,0.3825562000274658,2.321614980697632
split_scaffold_heldout,global_train_mean,"NK cells, FK 866",0.11489349,0.7553003,0.30583304166793823,1.8934673070907593
split_scaffold_heldout,global_train_mean,"T cells, FK 866",0.19425006,0.96832,0.38644808530807495,2.1721932888031006
split_scaffold_heldout,global_train_mean,"NK cells, Chlorpheniramine",0.08016263,0.67978215,0.17878052592277527,1.8685288429260254
split_scaffold_heldout,global_train_mean,"T cells, Chlorpheniramine",0.38660946,0.5414121,0.6557526588439941,1.534034252166748
split_scaffold_heldout,global_train_mean,"NK cells, Vardenafil",0.13657896,0.66174924,0.24695847928524017,1.8198555707931519
split_scaffold_heldout,global_train_mean,"T cells, Vardenafil",0.22705756,0.540562,0.5044007897377014,1.6084145307540894
split_scaffold_heldout,global_train_mean,"B cells, Isoniazid",0.23792517,0.5822364,0.43228626251220703,1.6727923154830933
split_scaffold_heldout,global_train_mean,"Myeloid cells, Isoniazid",0.18296991,0.59409076,0.4118034541606903,1.6835978031158447
split_scaffold_heldout,global_train_mean,"NK cells, Isoniazid",0.08532413,0.66152704,0.16457359492778778,1.8229010105133057
split_scaffold_heldout,global_train_mean,"T cells, Isoniazid",0.03826697,0.5455026,0.09766336530447006,1.5829639434814453
split_scaffold_heldout,global_train_mean,"B cells, Quizartinib",0.06743985,0.5951826,0.2941257357597351,1.639579176902771
split_scaffold_heldout,global_train_mean,"Myeloid cells, Quizartinib",0.21221672,0.76809967,0.4280071258544922,2.1477746963500977
split_scaffold_heldout,global_train_mean,"NK cells, Quizartinib",0.0438794,0.67028004,0.10393280535936356,1.8463976383209229
split_scaffold_heldout,global_train_mean,"T cells, Quizartinib",0.20437492,0.54674315,0.38297176361083984,1.774208664894104
split_scaffold_heldout,global_train_mean,"B cells, Riociguat",0.10920843,0.58989996,0.22446829080581665,1.774666666984558
split_scaffold_heldout,global_train_mean,"Myeloid cells, Riociguat",0.24447162,0.5801818,0.45163196325302124,1.6630061864852905
split_scaffold_heldout,global_train_mean,"NK cells, Riociguat",0.1102418,0.67201096,0.2717171907424927,1.8085212707519531
split_scaffold_heldout,global_train_mean,"T cells, Riociguat",0.1988384,0.51310706,0.2399473488330841,1.7408968210220337
split_scaffold_heldout,global_train_mean,"B cells, BI-D1870",0.21950297,0.61369604,0.41624173521995544,1.7149505615234375
split_scaffold_heldout,global_train_mean,"Myeloid cells, BI-D1870",0.19832349,0.85969466,0.4131447970867157,2.0516226291656494
split_scaffold_heldout,global_train_mean,"NK cells, BI-D1870",0.03578313,0.7360275,0.18420548737049103,1.8098417520523071
split_scaffold_heldout,global_train_mean,"T cells, BI-D1870",0.034637157,0.6162915,0.08679594099521637,1.6989120244979858
split_scaffold_heldout,global_train_mean,"NK cells, HMN-214",0.03075514,0.71915567,0.07829581946134567,1.8263212442398071
split_scaffold_heldout,global_train_mean,"T cells, HMN-214",-0.21698599,0.78657037,-0.538500189781189,2.307274341583252
split_scaffold_heldout,global_train_mean,"NK cells, Nilotinib",0.30077282,0.7076059,0.5348634719848633,1.7786046266555786
split_scaffold_heldout,global_train_mean,"T cells, Nilotinib",0.61055464,0.747936,0.833370566368103,1.7607518434524536
split_scaffold_heldout,global_train_mean,"NK cells, RG7112",0.23778646,0.65109146,0.4405633807182312,1.8762991428375244
split_scaffold_heldout,global_train_mean,"T cells, RG7112",0.32269368,0.5971773,0.5212491154670715,2.1473522186279297
split_scaffold_heldout,global_train_mean,"B cells, PRT-062607",0.59913033,1.0648632,0.7799510955810547,2.1600122451782227
split_scaffold_heldout,global_train_mean,"Myeloid cells, PRT-062607",0.5227379,1.3870722,0.6889922618865967,2.487298011779785
split_scaffold_heldout,global_train_mean,"NK cells, PRT-062607",0.35467297,0.71396494,0.5926721096038818,1.7658624649047852
split_scaffold_heldout,global_train_mean,"T cells, PRT-062607",0.6826209,0.911405,0.8594443202018738,1.9356473684310913
split_scaffold_heldout,global_train_mean,"NK cells, Ceritinib",0.29756767,0.6706808,0.4995574653148651,1.7657338380813599
split_scaffold_heldout,global_train_mean,"T cells, Ceritinib",0.49083462,0.5419455,0.7345292568206787,1.5100886821746826
split_scaffold_heldout,global_train_mean,"NK cells, YK 4-279",-0.0632753,0.73196816,-0.08825304359197617,1.8744137287139893
split_scaffold_heldout,global_train_mean,"T cells, YK 4-279",-0.10480299,0.6615084,-0.282848596572876,1.8082923889160156
split_scaffold_heldout,global_train_mean,"NK cells, GSK256066",0.30489874,0.8561592,0.516251266002655,2.014122486114502
split_scaffold_heldout,global_train_mean,"T cells, GSK256066",0.3519675,0.71907413,0.624910295009613,2.0706071853637695
split_scaffold_heldout,global_train_mean,"NK cells, Imatinib",0.15504615,0.6735985,0.34543412923812866,1.8047853708267212
split_scaffold_heldout,global_train_mean,"T cells, Imatinib",0.23422603,0.50364244,0.4233364462852478,1.5000971555709839
split_scaffold_heldout,global_train_mean,"NK cells, Tipifarnib",0.26827434,0.6793295,0.4851911664009094,1.8020739555358887
split_scaffold_heldout,global_train_mean,"T cells, Tipifarnib",0.4612912,0.6169384,0.7455127835273743,1.673859715461731
split_scaffold_heldout,global_train_mean,"NK cells, PF-03814735",0.3332083,0.8169452,0.5392183661460876,1.9012444019317627
split_scaffold_heldout,global_train_mean,"T cells, PF-03814735",0.6053961,1.0519812,0.788375735282898,2.1366994380950928
split_scaffold_heldout,global_train_mean,"NK cells, SB525334",-0.15233476,0.81937313,-0.282732218503952,2.0381786823272705
split_scaffold_heldout,global_train_mean,"T cells, SB525334",-0.34373862,1.0822827,-0.5320841073989868,2.431391477584839
split_scaffold_heldout,global_train_mean,"B cells, Atorvastatin",0.18032496,0.60548437,0.44280046224594116,1.664603352546692
split_scaffold_heldout,global_train_mean,"Myeloid cells, Atorvastatin",-0.051083248,0.7658765,-0.13242673873901367,2.144386053085327
split_scaffold_heldout,global_train_mean,"B cells, Clomipramine",0.14560072,0.6016536,0.2578461766242981,1.721879243850708
split_scaffold_heldout,global_train_mean,"Myeloid cells, Clomipramine",0.28795102,0.6472019,0.5814990997314453,1.7557289600372314
split_scaffold_heldout,global_train_mean,"B cells, Chlorpheniramine",0.22034132,0.593914,0.41221195459365845,1.70460045337677
split_scaffold_heldout,global_train_mean,"Myeloid cells, Chlorpheniramine",0.10769278,0.5577922,0.17366592586040497,1.6943089962005615
split_scaffold_heldout,global_train_mean,"B cells, Vardenafil",0.23764318,0.5745649,0.4813557267189026,1.615139126777649
split_scaffold_heldout,global_train_mean,"Myeloid cells, Vardenafil",0.19776908,0.68765444,0.48857444524765015,1.770339012145996
split_scaffold_heldout,global_train_mean,"B cells, HMN-214",-0.11491457,0.6489852,-0.1619694083929062,1.837581992149353
split_scaffold_heldout,global_train_mean,"Myeloid cells, HMN-214",0.13866493,0.85229105,0.19780348241329193,2.0329880714416504
split_scaffold_heldout,global_train_mean,"B cells, Nilotinib",0.58434284,0.82542574,0.812656819820404,1.9191051721572876
split_scaffold_heldout,global_train_mean,"Myeloid cells, Nilotinib",0.32437733,1.1534524,0.5125007629394531,2.34367299079895
split_scaffold_heldout,global_train_mean,"B cells, RG7112",0.097179815,0.6013059,0.25409194827079773,1.988325834274292
split_scaffold_heldout,global_train_mean,"Myeloid cells, RG7112",0.33335724,0.73481154,0.5808619260787964,2.118744373321533
split_scaffold_heldout,global_train_mean,"B cells, Ceritinib",0.37390864,0.56719565,0.634242832660675,1.5880013704299927
split_scaffold_heldout,global_train_mean,"Myeloid cells, Ceritinib",0.3725787,0.9099063,0.6411370038986206,2.1442818641662598
split_scaffold_heldout,global_train_mean,"B cells, YK 4-279",0.06965854,0.62702596,0.14977909624576569,1.8089585304260254
split_scaffold_heldout,global_train_mean,"Myeloid cells, YK 4-279",0.080011204,0.6336674,0.12802551686763763,1.742467999458313
split_scaffold_heldout,global_train_mean,"B cells, GSK256066",0.311253,0.84553134,0.5613834261894226,2.1203103065490723
split_scaffold_heldout,global_train_mean,"Myeloid cells, GSK256066",0.072053365,1.1027123,0.14553487300872803,2.430327892303467
split_scaffold_heldout,global_train_mean,"B cells, Imatinib",0.13854367,0.56491774,0.27214738726615906,1.7271674871444702
split_scaffold_heldout,global_train_mean,"Myeloid cells, Imatinib",0.13487455,0.53679144,0.4126545190811157,1.5917141437530518
split_scaffold_heldout,global_train_mean,"B cells, Tipifarnib",0.36847967,0.61993057,0.5970888137817383,1.6910529136657715
split_scaffold_heldout,global_train_mean,"Myeloid cells, Tipifarnib",0.4003643,0.7756617,0.6817210912704468,1.8644933700561523
split_scaffold_heldout,global_train_mean,"B cells, PF-03814735",0.5263368,1.1606671,0.7149567604064941,2.3155362606048584
split_scaffold_heldout,global_train_mean,"Myeloid cells, PF-03814735",0.58068323,1.8219275,0.7017476558685303,2.774120807647705
split_scaffold_heldout,global_train_mean,"B cells, SB525334",-0.13762671,0.7544506,-0.3223573863506317,2.0347392559051514
split_scaffold_heldout,global_train_mean,"Myeloid cells, SB525334",-0.14438044,1.2950777,-0.2096746414899826,2.613676071166992
split_scaffold_heldout,cell_context_mean,"NK cells, Atorvastatin",0.26667202,0.6223719,0.4365508258342743,1.6780177354812622
split_scaffold_heldout,cell_context_mean,"T cells, Atorvastatin",0.2541337,0.5704264,0.42944440245628357,1.58339262008667
split_scaffold_heldout,cell_context_mean,"NK cells, Clomipramine",0.23379382,0.6046237,0.4574406147003174,1.6986336708068848
split_scaffold_heldout,cell_context_mean,"T cells, Clomipramine",0.27081236,0.5750733,0.4970720410346985,1.5438443422317505
split_scaffold_heldout,cell_context_mean,"B cells, Tivozanib",0.49717715,0.7188683,0.7518775463104248,1.727097749710083
split_scaffold_heldout,cell_context_mean,"Myeloid cells, Tivozanib",0.21493363,0.7769885,0.44738101959228516,1.8699817657470703
split_scaffold_heldout,cell_context_mean,"NK cells, Tivozanib",0.2220729,0.63622,0.42865267395973206,1.7382701635360718
split_scaffold_heldout,cell_context_mean,"T cells, Tivozanib",0.26214075,0.6550982,0.5170249938964844,1.7276605367660522
split_scaffold_heldout,cell_context_mean,"B cells, Porcn Inhibitor III",0.016389487,0.6652967,0.10437066107988358,1.767472267150879
split_scaffold_heldout,cell_context_mean,"Myeloid cells, Porcn Inhibitor III",-0.099628165,1.2735314,-0.10231783986091614,2.62276029586792
split_scaffold_heldout,cell_context_mean,"NK cells, Porcn Inhibitor III",0.106492735,0.7360617,0.22440409660339355,1.9506585597991943
split_scaffold_heldout,cell_context_mean,"T cells, Porcn Inhibitor III",-0.106302306,0.7542531,-0.12207908928394318,1.8341723680496216
split_scaffold_heldout,cell_context_mean,"B cells, TL_HRAS26",0.37702462,0.59427166,0.6234229803085327,1.5858798027038574
split_scaffold_heldout,cell_context_mean,"Myeloid cells, TL_HRAS26",0.09291374,0.68875915,0.2660548686981201,1.8844975233078003
split_scaffold_heldout,cell_context_mean,"NK cells, TL_HRAS26",0.18030336,0.6077907,0.3184659481048584,1.8061537742614746
split_scaffold_heldout,cell_context_mean,"T cells, TL_HRAS26",0.31431332,0.54701686,0.521998941898346,1.7888131141662598
split_scaffold_heldout,cell_context_mean,"B cells, Navitoclax",-0.21787052,0.99821335,-0.4072187542915344,2.3623976707458496
split_scaffold_heldout,cell_context_mean,"Myeloid cells, Navitoclax",-0.28106105,1.0323802,-0.45246365666389465,2.3459606170654297
split_scaffold_heldout,cell_context_mean,"NK cells, Navitoclax",0.031620715,0.72168684,0.06744033843278885,1.941369652748108
split_scaffold_heldout,cell_context_mean,"T cells, Navitoclax",-0.009662694,0.6454027,0.4670615494251251,1.7224578857421875
split_scaffold_heldout,cell_context_mean,"B cells, AMD-070 (hydrochloride)",0.39266437,0.6072615,0.6265687346458435,1.6067838668823242
split_scaffold_heldout,cell_context_mean,"Myeloid cells, AMD-070 (hydrochloride)",0.16433293,0.7803964,0.3412340581417084,1.9591273069381714
split_scaffold_heldout,cell_context_mean,"NK cells, AMD-070 (hydrochloride)",0.14320861,0.61940277,0.3406262993812561,1.7650399208068848
split_scaffold_heldout,cell_context_mean,"T cells, AMD-070 (hydrochloride)",0.38363805,0.57019144,0.6608841419219971,1.5512878894805908
split_scaffold_heldout,cell_context_mean,"B cells, FK 866",0.38086793,0.70959514,0.6177271008491516,1.7609137296676636
split_scaffold_heldout,cell_context_mean,"Myeloid cells, FK 866",0.3896802,1.0854733,0.5898239612579346,2.164156675338745
split_scaffold_heldout,cell_context_mean,"NK cells, FK 866",0.21900006,0.7246911,0.43442079424858093,1.8519530296325684
split_scaffold_heldout,cell_context_mean,"T cells, FK 866",0.23829275,0.9649068,0.4311518669128418,2.115514039993286
split_scaffold_heldout,cell_context_mean,"NK cells, Chlorpheniramine",0.18307215,0.64734095,0.31634271144866943,1.8384190797805786
split_scaffold_heldout,cell_context_mean,"T cells, Chlorpheniramine",0.42471424,0.5428158,0.692585289478302,1.4281985759735107
split_scaffold_heldout,cell_context_mean,"NK cells, Vardenafil",0.24956165,0.6282461,0.4187546670436859,1.7770830392837524
split_scaffold_heldout,cell_context_mean,"T cells, Vardenafil",0.30392155,0.5498155,0.5457766056060791,1.5171784162521362
split_scaffold_heldout,cell_context_mean,"B cells, Isoniazid",0.26774925,0.59821755,0.4984554648399353,1.6083271503448486
split_scaffold_heldout,cell_context_mean,"Myeloid cells, Isoniazid",0.3184695,0.59389687,0.6059830188751221,1.481532096862793
split_scaffold_heldout,cell_context_mean,"NK cells, Isoniazid",0.16731071,0.6335803,0.3377138674259186,1.7824169397354126
split_scaffold_heldout,cell_context_mean,"T cells, Isoniazid",0.1541226,0.5644057,0.33440637588500977,1.5072145462036133
split_scaffold_heldout,cell_context_mean,"B cells, Quizartinib",0.1319095,0.61648315,0.35383114218711853,1.598514199256897
split_scaffold_heldout,cell_context_mean,"Myeloid cells, Quizartinib",0.36261442,0.737367,0.6464214324951172,1.9041931629180908
split_scaffold_heldout,cell_context_mean,"NK cells, Quizartinib",0.15359657,0.6352343,0.2805922031402588,1.8010348081588745
split_scaffold_heldout,cell_context_mean,"T cells, Quizartinib",0.2801934,0.55838424,0.4947263300418854,1.6856681108474731
split_scaffold_heldout,cell_context_mean,"B cells, Riociguat",0.18784198,0.6025451,0.34845829010009766,1.7131096124649048
split_scaffold_heldout,cell_context_mean,"Myeloid cells, Riociguat",0.23236784,0.62843454,0.39039602875709534,1.6396925449371338
split_scaffold_heldout,cell_context_mean,"NK cells, Riociguat",0.251984,0.63138795,0.4790530204772949,1.7426038980484009
split_scaffold_heldout,cell_context_mean,"T cells, Riociguat",0.29180884,0.52417946,0.40957289934158325,1.6561514139175415
split_scaffold_heldout,cell_context_mean,"B cells, BI-D1870",0.24172615,0.631984,0.43403515219688416,1.6756902933120728
split_scaffold_heldout,cell_context_mean,"Myeloid cells, BI-D1870",0.3081326,0.84084797,0.5478764772415161,1.9108669757843018
split_scaffold_heldout,cell_context_mean,"NK cells, BI-D1870",0.18528068,0.69289726,0.40778350830078125,1.7480204105377197
split_scaffold_heldout,cell_context_mean,"T cells, BI-D1870",0.1363671,0.63218224,0.27578654885292053,1.6448005437850952
split_scaffold_heldout,cell_context_mean,"NK cells, HMN-214",0.21005519,0.6689164,0.4164476990699768,1.7368841171264648
split_scaffold_heldout,cell_context_mean,"T cells, HMN-214",-0.24035493,0.8532994,-0.5474631786346436,2.469329357147217
split_scaffold_heldout,cell_context_mean,"NK cells, Nilotinib",0.3417093,0.69709116,0.5782375931739807,1.7686173915863037
split_scaffold_heldout,cell_context_mean,"T cells, Nilotinib",0.6207676,0.71038544,0.829203724861145,1.613133430480957
split_scaffold_heldout,cell_context_mean,"NK cells, RG7112",0.30423713,0.6312606,0.5146704912185669,1.857068657875061
split_scaffold_heldout,cell_context_mean,"T cells, RG7112",0.28893986,0.62880945,0.40780168771743774,2.155949115753174
split_scaffold_heldout,cell_context_mean,"B cells, PRT-062607",0.70571655,0.9828927,0.849092960357666,1.9704415798187256
split_scaffold_heldout,cell_context_mean,"Myeloid cells, PRT-062607",0.70642555,1.2540978,0.8355059027671814,2.23618483543396
split_scaffold_heldout,cell_context_mean,"NK cells, PRT-062607",0.4303941,0.6971415,0.6713796257972717,1.747879981994629
split_scaffold_heldout,cell_context_mean,"T cells, PRT-062607",0.7054172,0.8504297,0.8551236391067505,1.7765445709228516
split_scaffold_heldout,cell_context_mean,"NK cells, Ceritinib",0.3855025,0.6481094,0.6068356037139893,1.7313982248306274
split_scaffold_heldout,cell_context_mean,"T cells, Ceritinib",0.515115,0.53303796,0.7118781208992004,1.4022576808929443
split_scaffold_heldout,cell_context_mean,"NK cells, YK 4-279",0.09059328,0.6855916,0.19405272603034973,1.8067013025283813
split_scaffold_heldout,cell_context_mean,"T cells, YK 4-279",-0.021716401,0.69383836,-0.17755329608917236,1.8610789775848389
split_scaffold_heldout,cell_context_mean,"NK cells, GSK256066",0.3931431,0.83661145,0.6330581903457642,1.983923077583313
split_scaffold_heldout,cell_context_mean,"T cells, GSK256066",0.3889609,0.7110134,0.693233072757721,1.9717577695846558
split_scaffold_heldout,cell_context_mean,"NK cells, Imatinib",0.2347762,0.6484343,0.4490238130092621,1.7698631286621094
split_scaffold_heldout,cell_context_mean,"T cells, Imatinib",0.29710722,0.52201873,0.4535380005836487,1.3976891040802002
split_scaffold_heldout,cell_context_mean,"NK cells, Tipifarnib",0.33230832,0.66166526,0.577354907989502,1.7795078754425049
split_scaffold_heldout,cell_context_mean,"T cells, Tipifarnib",0.43708712,0.6255618,0.7253779768943787,1.5973243713378906
split_scaffold_heldout,cell_context_mean,"NK cells, PF-03814735",0.42021218,0.7981738,0.6569773554801941,1.8683456182479858
split_scaffold_heldout,cell_context_mean,"T cells, PF-03814735",0.60229534,1.0106963,0.7788642644882202,2.0230541229248047
split_scaffold_heldout,cell_context_mean,"NK cells, SB525334",0.028963754,0.7660411,0.05316750332713127,1.9430519342422485
split_scaffold_heldout,cell_context_mean,"T cells, SB525334",-0.22626676,1.1073369,-0.37543314695358276,2.453873634338379
split_scaffold_heldout,cell_context_mean,"B cells, Atorvastatin",0.2474123,0.61296207,0.4971385598182678,1.5922009944915771
split_scaffold_heldout,cell_context_mean,"Myeloid cells, Atorvastatin",-0.00075483305,0.81349117,-0.023732414469122887,2.162885904312134
split_scaffold_heldout,cell_context_mean,"B cells, Clomipramine",0.20756888,0.61459714,0.36137086153030396,1.663377285003662
split_scaffold_heldout,cell_context_mean,"Myeloid cells, Clomipramine",0.32610327,0.6611954,0.6013660430908203,1.6293538808822632
split_scaffold_heldout,cell_context_mean,"B cells, Chlorpheniramine",0.28851905,0.5971735,0.5310260653495789,1.5898808240890503
split_scaffold_heldout,cell_context_mean,"Myeloid cells, Chlorpheniramine",0.22050248,0.5844219,0.43085604906082153,1.5684574842453003
split_scaffold_heldout,cell_context_mean,"B cells, Vardenafil",0.29486993,0.581589,0.5496383309364319,1.5378646850585938
split_scaffold_heldout,cell_context_mean,"Myeloid cells, Vardenafil",0.34240666,0.6692743,0.6604709625244141,1.5539289712905884
split_scaffold_heldout,cell_context_mean,"B cells, HMN-214",-0.0361749,0.6781244,0.028020480647683144,1.7968096733093262
split_scaffold_heldout,cell_context_mean,"Myeloid cells, HMN-214",0.24668905,0.84437203,0.4400172531604767,1.9180445671081543
split_scaffold_heldout,cell_context_mean,"B cells, Nilotinib",0.65172,0.76794434,0.8442656993865967,1.7473399639129639
split_scaffold_heldout,cell_context_mean,"Myeloid cells, Nilotinib",0.43976533,1.0956912,0.6631911993026733,2.176400899887085
split_scaffold_heldout,cell_context_mean,"B cells, RG7112",0.14040968,0.6251474,0.3473777770996094,1.9333888292312622
split_scaffold_heldout,cell_context_mean,"Myeloid cells, RG7112",0.3772191,0.73029774,0.5786067247390747,1.9823912382125854
split_scaffold_heldout,cell_context_mean,"B cells, Ceritinib",0.41437808,0.5649364,0.6716838479042053,1.4772276878356934
split_scaffold_heldout,cell_context_mean,"Myeloid cells, Ceritinib",0.53098917,0.83395135,0.7840983271598816,1.8867591619491577
split_scaffold_heldout,cell_context_mean,"B cells, YK 4-279",0.14582853,0.64105976,0.30648621916770935,1.7493150234222412
split_scaffold_heldout,cell_context_mean,"Myeloid cells, YK 4-279",0.25083107,0.63198596,0.43125006556510925,1.599226713180542
split_scaffold_heldout,cell_context_mean,"B cells, GSK256066",0.42209548,0.80624735,0.6886863708496094,1.9519460201263428
split_scaffold_heldout,cell_context_mean,"Myeloid cells, GSK256066",0.18226036,1.0912955,0.30384495854377747,2.3512630462646484
split_scaffold_heldout,cell_context_mean,"B cells, Imatinib",0.17520055,0.5899121,0.43020686507225037,1.6518083810806274
split_scaffold_heldout,cell_context_mean,"Myeloid cells, Imatinib",0.17377445,0.5886901,0.5092653632164001,1.5090805292129517
split_scaffold_heldout,cell_context_mean,"B cells, Tipifarnib",0.44661728,0.59874755,0.6619287729263306,1.5607638359069824
split_scaffold_heldout,cell_context_mean,"Myeloid cells, Tipifarnib",0.4593251,0.7481068,0.7361618280410767,1.7089544534683228
split_scaffold_heldout,cell_context_mean,"B cells, PF-03814735",0.6342127,1.0868615,0.7960848212242126,2.1479005813598633
split_scaffold_heldout,cell_context_mean,"Myeloid cells, PF-03814735",0.71052915,1.6988624,0.8076498508453369,2.5814759731292725
split_scaffold_heldout,cell_context_mean,"B cells, SB525334",-0.10727647,0.79298466,-0.2654610276222229,2.0665054321289062
split_scaffold_heldout,cell_context_mean,"Myeloid cells, SB525334",-0.14281031,1.3486397,-0.2052084058523178,2.678990125656128
split_scaffold_heldout,drug_mean,"NK cells, Atorvastatin",0.12134774,0.66369706,0.19983389973640442,1.7402268648147583
split_scaffold_heldout,drug_mean,"T cells, Atorvastatin",0.22050752,0.5461143,0.4236302375793457,1.6182005405426025
split_scaffold_heldout,drug_mean,"NK cells, Clomipramine",0.13214104,0.6361442,0.26407650113105774,1.7483811378479004
split_scaffold_heldout,drug_mean,"T cells, Clomipramine",0.2624115,0.5470661,0.4913092255592346,1.5872488021850586
split_scaffold_heldout,drug_mean,"B cells, Tivozanib",0.44854343,0.74626833,0.7233877182006836,1.8647935390472412
split_scaffold_heldout,drug_mean,"Myeloid cells, Tivozanib",0.15200967,0.7623366,0.32652825117111206,1.9705277681350708
split_scaffold_heldout,drug_mean,"NK cells, Tivozanib",0.100845896,0.6723661,0.21595560014247894,1.7986754179000854
split_scaffold_heldout,drug_mean,"T cells, Tivozanib",0.2514823,0.6348855,0.4918557107448578,1.7929123640060425
split_scaffold_heldout,drug_mean,"B cells, Porcn Inhibitor III",-0.03079233,0.6322583,0.05499573424458504,1.7735713720321655
split_scaffold_heldout,drug_mean,"Myeloid cells, Porcn Inhibitor III",-0.15215701,1.2355675,-0.20144431293010712,2.5821328163146973
split_scaffold_heldout,drug_mean,"NK cells, Porcn Inhibitor III",-0.078526735,0.7889992,-0.15726859867572784,2.046370506286621
split_scaffold_heldout,drug_mean,"T cells, Porcn Inhibitor III",-0.2442441,0.7304957,-0.3990156352519989,1.8803025484085083
split_scaffold_heldout,drug_mean,"B cells, TL_HRAS26",0.33563003,0.5946814,0.5895369052886963,1.6766902208328247
split_scaffold_heldout,drug_mean,"Myeloid cells, TL_HRAS26",0.03922438,0.6430294,0.11436844617128372,1.9387552738189697
split_scaffold_heldout,drug_mean,"NK cells, TL_HRAS26",0.07030556,0.6427061,0.07570476084947586,1.8633811473846436
split_scaffold_heldout,drug_mean,"T cells, TL_HRAS26",0.2571072,0.53368217,0.44254007935523987,1.8613027334213257
split_scaffold_heldout,drug_mean,"B cells, Navitoclax",-0.31337625,0.9737732,-0.556979775428772,2.3415656089782715
split_scaffold_heldout,drug_mean,"Myeloid cells, Navitoclax",-0.27875233,0.95067286,-0.43308067321777344,2.2228646278381348
split_scaffold_heldout,drug_mean,"NK cells, Navitoclax",-0.052619096,0.7525199,-0.07384905219078064,1.976381540298462
split_scaffold_heldout,drug_mean,"T cells, Navitoclax",-0.05464229,0.6012663,0.3718932271003723,1.7982993125915527
split_scaffold_heldout,drug_mean,"B cells, AMD-070 (hydrochloride)",0.2964074,0.62610394,0.5415631532669067,1.7421616315841675
split_scaffold_heldout,drug_mean,"Myeloid cells, AMD-070 (hydrochloride)",0.1327616,0.74981475,0.285411536693573,2.0085818767547607
split_scaffold_heldout,drug_mean,"NK cells, AMD-070 (hydrochloride)",-0.0048209666,0.66412127,0.022282231599092484,1.837958812713623
split_scaffold_heldout,drug_mean,"T cells, AMD-070 (hydrochloride)",0.2783843,0.583781,0.5530071258544922,1.6962482929229736
split_scaffold_heldout,drug_mean,"B cells, FK 866",0.31934017,0.7233858,0.572470486164093,1.865968942642212
split_scaffold_heldout,drug_mean,"Myeloid cells, FK 866",0.23851892,1.1430781,0.3825562000274658,2.321614980697632
split_scaffold_heldout,drug_mean,"NK cells, FK 866",0.11489349,0.7553003,0.30583304166793823,1.8934673070907593
split_scaffold_heldout,drug_mean,"T cells, FK 866",0.19425006,0.96832,0.38644808530807495,2.1721932888031006
split_scaffold_heldout,drug_mean,"NK cells, Chlorpheniramine",0.08016263,0.67978215,0.17878052592277527,1.8685288429260254
split_scaffold_heldout,drug_mean,"T cells, Chlorpheniramine",0.38660946,0.5414121,0.6557526588439941,1.534034252166748
split_scaffold_heldout,drug_mean,"NK cells, Vardenafil",0.13657896,0.66174924,0.24695847928524017,1.8198555707931519
split_scaffold_heldout,drug_mean,"T cells, Vardenafil",0.22705756,0.540562,0.5044007897377014,1.6084145307540894
split_scaffold_heldout,drug_mean,"B cells, Isoniazid",0.23792517,0.5822364,0.43228626251220703,1.6727923154830933
split_scaffold_heldout,drug_mean,"Myeloid cells, Isoniazid",0.18296991,0.59409076,0.4118034541606903,1.6835978031158447
split_scaffold_heldout,drug_mean,"NK cells, Isoniazid",0.08532413,0.66152704,0.16457359492778778,1.8229010105133057
split_scaffold_heldout,drug_mean,"T cells, Isoniazid",0.03826697,0.5455026,0.09766336530447006,1.5829639434814453
split_scaffold_heldout,drug_mean,"B cells, Quizartinib",0.06743985,0.5951826,0.2941257357597351,1.639579176902771
split_scaffold_heldout,drug_mean,"Myeloid cells, Quizartinib",0.21221672,0.76809967,0.4280071258544922,2.1477746963500977
split_scaffold_heldout,drug_mean,"NK cells, Quizartinib",0.0438794,0.67028004,0.10393280535936356,1.8463976383209229
split_scaffold_heldout,drug_mean,"T cells, Quizartinib",0.20437492,0.54674315,0.38297176361083984,1.774208664894104
split_scaffold_heldout,drug_mean,"B cells, Riociguat",0.10920843,0.58989996,0.22446829080581665,1.774666666984558
split_scaffold_heldout,drug_mean,"Myeloid cells, Riociguat",0.24447162,0.5801818,0.45163196325302124,1.6630061864852905
split_scaffold_heldout,drug_mean,"NK cells, Riociguat",0.1102418,0.67201096,0.2717171907424927,1.8085212707519531
split_scaffold_heldout,drug_mean,"T cells, Riociguat",0.1988384,0.51310706,0.2399473488330841,1.7408968210220337
split_scaffold_heldout,drug_mean,"B cells, BI-D1870",0.21950297,0.61369604,0.41624173521995544,1.7149505615234375
split_scaffold_heldout,drug_mean,"Myeloid cells, BI-D1870",0.19832349,0.85969466,0.4131447970867157,2.0516226291656494
split_scaffold_heldout,drug_mean,"NK cells, BI-D1870",0.03578313,0.7360275,0.18420548737049103,1.8098417520523071
split_scaffold_heldout,drug_mean,"T cells, BI-D1870",0.034637157,0.6162915,0.08679594099521637,1.6989120244979858
split_scaffold_heldout,drug_mean,"NK cells, HMN-214",0.03075514,0.71915567,0.07829581946134567,1.8263212442398071
split_scaffold_heldout,drug_mean,"T cells, HMN-214",-0.21698599,0.78657037,-0.538500189781189,2.307274341583252
split_scaffold_heldout,drug_mean,"NK cells, Nilotinib",0.30077282,0.7076059,0.5348634719848633,1.7786046266555786
split_scaffold_heldout,drug_mean,"T cells, Nilotinib",0.61055464,0.747936,0.833370566368103,1.7607518434524536
split_scaffold_heldout,drug_mean,"NK cells, RG7112",0.23778646,0.65109146,0.4405633807182312,1.8762991428375244
split_scaffold_heldout,drug_mean,"T cells, RG7112",0.32269368,0.5971773,0.5212491154670715,2.1473522186279297
split_scaffold_heldout,drug_mean,"B cells, PRT-062607",0.59913033,1.0648632,0.7799510955810547,2.1600122451782227
split_scaffold_heldout,drug_mean,"Myeloid cells, PRT-062607",0.5227379,1.3870722,0.6889922618865967,2.487298011779785
split_scaffold_heldout,drug_mean,"NK cells, PRT-062607",0.35467297,0.71396494,0.5926721096038818,1.7658624649047852
split_scaffold_heldout,drug_mean,"T cells, PRT-062607",0.6826209,0.911405,0.8594443202018738,1.9356473684310913
split_scaffold_heldout,drug_mean,"NK cells, Ceritinib",0.29756767,0.6706808,0.4995574653148651,1.7657338380813599
split_scaffold_heldout,drug_mean,"T cells, Ceritinib",0.49083462,0.5419455,0.7345292568206787,1.5100886821746826
split_scaffold_heldout,drug_mean,"NK cells, YK 4-279",-0.0632753,0.73196816,-0.08825304359197617,1.8744137287139893
split_scaffold_heldout,drug_mean,"T cells, YK 4-279",-0.10480299,0.6615084,-0.282848596572876,1.8082923889160156
split_scaffold_heldout,drug_mean,"NK cells, GSK256066",0.30489874,0.8561592,0.516251266002655,2.014122486114502
split_scaffold_heldout,drug_mean,"T cells, GSK256066",0.3519675,0.71907413,0.624910295009613,2.0706071853637695
split_scaffold_heldout,drug_mean,"NK cells, Imatinib",0.15504615,0.6735985,0.34543412923812866,1.8047853708267212
split_scaffold_heldout,drug_mean,"T cells, Imatinib",0.23422603,0.50364244,0.4233364462852478,1.5000971555709839
split_scaffold_heldout,drug_mean,"NK cells, Tipifarnib",0.26827434,0.6793295,0.4851911664009094,1.8020739555358887
split_scaffold_heldout,drug_mean,"T cells, Tipifarnib",0.4612912,0.6169384,0.7455127835273743,1.673859715461731
split_scaffold_heldout,drug_mean,"NK cells, PF-03814735",0.3332083,0.8169452,0.5392183661460876,1.9012444019317627
split_scaffold_heldout,drug_mean,"T cells, PF-03814735",0.6053961,1.0519812,0.788375735282898,2.1366994380950928
split_scaffold_heldout,drug_mean,"NK cells, SB525334",-0.15233476,0.81937313,-0.282732218503952,2.0381786823272705
split_scaffold_heldout,drug_mean,"T cells, SB525334",-0.34373862,1.0822827,-0.5320841073989868,2.431391477584839
split_scaffold_heldout,drug_mean,"B cells, Atorvastatin",0.18032496,0.60548437,0.44280046224594116,1.664603352546692
split_scaffold_heldout,drug_mean,"Myeloid cells, Atorvastatin",-0.051083248,0.7658765,-0.13242673873901367,2.144386053085327
split_scaffold_heldout,drug_mean,"B cells, Clomipramine",0.14560072,0.6016536,0.2578461766242981,1.721879243850708
split_scaffold_heldout,drug_mean,"Myeloid cells, Clomipramine",0.28795102,0.6472019,0.5814990997314453,1.7557289600372314
split_scaffold_heldout,drug_mean,"B cells, Chlorpheniramine",0.22034132,0.593914,0.41221195459365845,1.70460045337677
split_scaffold_heldout,drug_mean,"Myeloid cells, Chlorpheniramine",0.10769278,0.5577922,0.17366592586040497,1.6943089962005615
split_scaffold_heldout,drug_mean,"B cells, Vardenafil",0.23764318,0.5745649,0.4813557267189026,1.615139126777649
split_scaffold_heldout,drug_mean,"Myeloid cells, Vardenafil",0.19776908,0.68765444,0.48857444524765015,1.770339012145996
split_scaffold_heldout,drug_mean,"B cells, HMN-214",-0.11491457,0.6489852,-0.1619694083929062,1.837581992149353
split_scaffold_heldout,drug_mean,"Myeloid cells, HMN-214",0.13866493,0.85229105,0.19780348241329193,2.0329880714416504
split_scaffold_heldout,drug_mean,"B cells, Nilotinib",0.58434284,0.82542574,0.812656819820404,1.9191051721572876
split_scaffold_heldout,drug_mean,"Myeloid cells, Nilotinib",0.32437733,1.1534524,0.5125007629394531,2.34367299079895
split_scaffold_heldout,drug_mean,"B cells, RG7112",0.097179815,0.6013059,0.25409194827079773,1.988325834274292
split_scaffold_heldout,drug_mean,"Myeloid cells, RG7112",0.33335724,0.73481154,0.5808619260787964,2.118744373321533
split_scaffold_heldout,drug_mean,"B cells, Ceritinib",0.37390864,0.56719565,0.634242832660675,1.5880013704299927
split_scaffold_heldout,drug_mean,"Myeloid cells, Ceritinib",0.3725787,0.9099063,0.6411370038986206,2.1442818641662598
split_scaffold_heldout,drug_mean,"B cells, YK 4-279",0.06965854,0.62702596,0.14977909624576569,1.8089585304260254
split_scaffold_heldout,drug_mean,"Myeloid cells, YK 4-279",0.080011204,0.6336674,0.12802551686763763,1.742467999458313
split_scaffold_heldout,drug_mean,"B cells, GSK256066",0.311253,0.84553134,0.5613834261894226,2.1203103065490723
split_scaffold_heldout,drug_mean,"Myeloid cells, GSK256066",0.072053365,1.1027123,0.14553487300872803,2.430327892303467
split_scaffold_heldout,drug_mean,"B cells, Imatinib",0.13854367,0.56491774,0.27214738726615906,1.7271674871444702
split_scaffold_heldout,drug_mean,"Myeloid cells, Imatinib",0.13487455,0.53679144,0.4126545190811157,1.5917141437530518
split_scaffold_heldout,drug_mean,"B cells, Tipifarnib",0.36847967,0.61993057,0.5970888137817383,1.6910529136657715
split_scaffold_heldout,drug_mean,"Myeloid cells, Tipifarnib",0.4003643,0.7756617,0.6817210912704468,1.8644933700561523
split_scaffold_heldout,drug_mean,"B cells, PF-03814735",0.5263368,1.1606671,0.7149567604064941,2.3155362606048584
split_scaffold_heldout,drug_mean,"Myeloid cells, PF-03814735",0.58068323,1.8219275,0.7017476558685303,2.774120807647705
split_scaffold_heldout,drug_mean,"B cells, SB525334",-0.13762671,0.7544506,-0.3223573863506317,2.0347392559051514
split_scaffold_heldout,drug_mean,"Myeloid cells, SB525334",-0.14438044,1.2950777,-0.2096746414899826,2.613676071166992
split_cell_scaffold_heldout,global_train_mean,"Myeloid cells, Tivozanib",0.0933076,0.77771884,0.1727323830127716,2.015251398086548
split_cell_scaffold_heldout,global_train_mean,"Myeloid cells, Porcn Inhibitor III",-0.15039487,1.2357255,-0.21207597851753235,2.5787763595581055
split_cell_scaffold_heldout,global_train_mean,"Myeloid cells, TL_HRAS26",0.005597141,0.6518332,-0.02594049833714962,1.970128059387207
split_cell_scaffold_heldout,global_train_mean,"Myeloid cells, Navitoclax",-0.22690155,0.93955827,-0.35305026173591614,2.1914477348327637
split_cell_scaffold_heldout,global_train_mean,"Myeloid cells, AMD-070 (hydrochloride)",0.0930312,0.7603568,0.1979803740978241,2.036290168762207
split_cell_scaffold_heldout,global_train_mean,"Myeloid cells, FK 866",0.120540716,1.1741747,0.20217469334602356,2.3800036907196045
split_cell_scaffold_heldout,global_train_mean,"Myeloid cells, Isoniazid",0.08282519,0.61962485,0.13875062763690948,1.7636409997940063
split_cell_scaffold_heldout,global_train_mean,"Myeloid cells, Quizartinib",0.09940032,0.7973216,0.1768055558204651,2.2367217540740967
split_cell_scaffold_heldout,global_train_mean,"Myeloid cells, Riociguat",0.20596877,0.59062546,0.3987196683883667,1.6834967136383057
split_cell_scaffold_heldout,global_train_mean,"Myeloid cells, BI-D1870",0.10806178,0.88332516,0.25864967703819275,2.1086044311523438
split_cell_scaffold_heldout,global_train_mean,"Myeloid cells, PRT-062607",0.3370046,1.4378595,0.4759543240070343,2.574247121810913
split_cell_scaffold_heldout,global_train_mean,"Myeloid cells, Atorvastatin",-0.06662305,0.7703142,-0.16586671769618988,2.149486541748047
split_cell_scaffold_heldout,global_train_mean,"Myeloid cells, Clomipramine",0.21674089,0.66627324,0.4504780173301697,1.8089501857757568
split_cell_scaffold_heldout,global_train_mean,"Myeloid cells, Chlorpheniramine",0.032438364,0.57645607,-0.05041183903813362,1.747971534729004
split_cell_scaffold_heldout,global_train_mean,"Myeloid cells, Vardenafil",0.09042317,0.71538717,0.24349769949913025,1.8527069091796875
split_cell_scaffold_heldout,global_train_mean,"Myeloid cells, HMN-214",0.060137242,0.87271035,0.04894096031785011,2.0774269104003906
split_cell_scaffold_heldout,global_train_mean,"Myeloid cells, Nilotinib",0.20843068,1.1844846,0.33779510855674744,2.406458854675293
split_cell_scaffold_heldout,global_train_mean,"Myeloid cells, RG7112",0.25106946,0.7569575,0.4544648826122284,2.174466609954834
split_cell_scaffold_heldout,global_train_mean,"Myeloid cells, Ceritinib",0.226635,0.9493657,0.4221571981906891,2.2364025115966797
split_cell_scaffold_heldout,global_train_mean,"Myeloid cells, YK 4-279",-0.018830672,0.65812904,-0.11840370297431946,1.8023532629013062
split_cell_scaffold_heldout,global_train_mean,"Myeloid cells, GSK256066",0.0045668446,1.1202317,0.021866600960493088,2.4667837619781494
split_cell_scaffold_heldout,global_train_mean,"Myeloid cells, Imatinib",0.09114372,0.5480357,0.25690191984176636,1.6264408826828003
split_cell_scaffold_heldout,global_train_mean,"Myeloid cells, Tipifarnib",0.29843622,0.80375636,0.5471765995025635,1.9236851930618286
split_cell_scaffold_heldout,global_train_mean,"Myeloid cells, PF-03814735",0.4109747,1.8679385,0.5273410081863403,2.841407537460327
split_cell_scaffold_heldout,global_train_mean,"Myeloid cells, SB525334",-0.11888897,1.2894818,-0.1722467988729477,2.601172685623169
split_cell_scaffold_heldout,cell_context_mean,"Myeloid cells, Tivozanib",0.0933076,0.77771884,0.1727323830127716,2.015251398086548
split_cell_scaffold_heldout,cell_context_mean,"Myeloid cells, Porcn Inhibitor III",-0.15039487,1.2357255,-0.21207597851753235,2.5787763595581055
split_cell_scaffold_heldout,cell_context_mean,"Myeloid cells, TL_HRAS26",0.005597141,0.6518332,-0.02594049833714962,1.970128059387207
split_cell_scaffold_heldout,cell_context_mean,"Myeloid cells, Navitoclax",-0.22690155,0.93955827,-0.35305026173591614,2.1914477348327637
split_cell_scaffold_heldout,cell_context_mean,"Myeloid cells, AMD-070 (hydrochloride)",0.0930312,0.7603568,0.1979803740978241,2.036290168762207
split_cell_scaffold_heldout,cell_context_mean,"Myeloid cells, FK 866",0.120540716,1.1741747,0.20217469334602356,2.3800036907196045
split_cell_scaffold_heldout,cell_context_mean,"Myeloid cells, Isoniazid",0.08282519,0.61962485,0.13875062763690948,1.7636409997940063
split_cell_scaffold_heldout,cell_context_mean,"Myeloid cells, Quizartinib",0.09940032,0.7973216,0.1768055558204651,2.2367217540740967
split_cell_scaffold_heldout,cell_context_mean,"Myeloid cells, Riociguat",0.20596877,0.59062546,0.3987196683883667,1.6834967136383057
split_cell_scaffold_heldout,cell_context_mean,"Myeloid cells, BI-D1870",0.10806178,0.88332516,0.25864967703819275,2.1086044311523438
split_cell_scaffold_heldout,cell_context_mean,"Myeloid cells, PRT-062607",0.3370046,1.4378595,0.4759543240070343,2.574247121810913
split_cell_scaffold_heldout,cell_context_mean,"Myeloid cells, Atorvastatin",-0.06662305,0.7703142,-0.16586671769618988,2.149486541748047
split_cell_scaffold_heldout,cell_context_mean,"Myeloid cells, Clomipramine",0.21674089,0.66627324,0.4504780173301697,1.8089501857757568
split_cell_scaffold_heldout,cell_context_mean,"Myeloid cells, Chlorpheniramine",0.032438364,0.57645607,-0.05041183903813362,1.747971534729004
split_cell_scaffold_heldout,cell_context_mean,"Myeloid cells, Vardenafil",0.09042317,0.71538717,0.24349769949913025,1.8527069091796875
split_cell_scaffold_heldout,cell_context_mean,"Myeloid cells, HMN-214",0.060137242,0.87271035,0.04894096031785011,2.0774269104003906
split_cell_scaffold_heldout,cell_context_mean,"Myeloid cells, Nilotinib",0.20843068,1.1844846,0.33779510855674744,2.406458854675293
split_cell_scaffold_heldout,cell_context_mean,"Myeloid cells, RG7112",0.25106946,0.7569575,0.4544648826122284,2.174466609954834
split_cell_scaffold_heldout,cell_context_mean,"Myeloid cells, Ceritinib",0.226635,0.9493657,0.4221571981906891,2.2364025115966797
split_cell_scaffold_heldout,cell_context_mean,"Myeloid cells, YK 4-279",-0.018830672,0.65812904,-0.11840370297431946,1.8023532629013062
split_cell_scaffold_heldout,cell_context_mean,"Myeloid cells, GSK256066",0.0045668446,1.1202317,0.021866600960493088,2.4667837619781494
split_cell_scaffold_heldout,cell_context_mean,"Myeloid cells, Imatinib",0.09114372,0.5480357,0.25690191984176636,1.6264408826828003
split_cell_scaffold_heldout,cell_context_mean,"Myeloid cells, Tipifarnib",0.29843622,0.80375636,0.5471765995025635,1.9236851930618286
split_cell_scaffold_heldout,cell_context_mean,"Myeloid cells, PF-03814735",0.4109747,1.8679385,0.5273410081863403,2.841407537460327
split_cell_scaffold_heldout,cell_context_mean,"Myeloid cells, SB525334",-0.11888897,1.2894818,-0.1722467988729477,2.601172685623169
split_cell_scaffold_heldout,drug_mean,"Myeloid cells, Tivozanib",0.0933076,0.77771884,0.1727323830127716,2.015251398086548
split_cell_scaffold_heldout,drug_mean,"Myeloid cells, Porcn Inhibitor III",-0.15039487,1.2357255,-0.21207597851753235,2.5787763595581055
split_cell_scaffold_heldout,drug_mean,"Myeloid cells, TL_HRAS26",0.005597141,0.6518332,-0.02594049833714962,1.970128059387207
split_cell_scaffold_heldout,drug_mean,"Myeloid cells, Navitoclax",-0.22690155,0.93955827,-0.35305026173591614,2.1914477348327637
split_cell_scaffold_heldout,drug_mean,"Myeloid cells, AMD-070 (hydrochloride)",0.0930312,0.7603568,0.1979803740978241,2.036290168762207
split_cell_scaffold_heldout,drug_mean,"Myeloid cells, FK 866",0.120540716,1.1741747,0.20217469334602356,2.3800036907196045
split_cell_scaffold_heldout,drug_mean,"Myeloid cells, Isoniazid",0.08282519,0.61962485,0.13875062763690948,1.7636409997940063
split_cell_scaffold_heldout,drug_mean,"Myeloid cells, Quizartinib",0.09940032,0.7973216,0.1768055558204651,2.2367217540740967
split_cell_scaffold_heldout,drug_mean,"Myeloid cells, Riociguat",0.20596877,0.59062546,0.3987196683883667,1.6834967136383057
split_cell_scaffold_heldout,drug_mean,"Myeloid cells, BI-D1870",0.10806178,0.88332516,0.25864967703819275,2.1086044311523438
split_cell_scaffold_heldout,drug_mean,"Myeloid cells, PRT-062607",0.3370046,1.4378595,0.4759543240070343,2.574247121810913
split_cell_scaffold_heldout,drug_mean,"Myeloid cells, Atorvastatin",-0.06662305,0.7703142,-0.16586671769618988,2.149486541748047
split_cell_scaffold_heldout,drug_mean,"Myeloid cells, Clomipramine",0.21674089,0.66627324,0.4504780173301697,1.8089501857757568
split_cell_scaffold_heldout,drug_mean,"Myeloid cells, Chlorpheniramine",0.032438364,0.57645607,-0.05041183903813362,1.747971534729004
split_cell_scaffold_heldout,drug_mean,"Myeloid cells, Vardenafil",0.09042317,0.71538717,0.24349769949913025,1.8527069091796875
split_cell_scaffold_heldout,drug_mean,"Myeloid cells, HMN-214",0.060137242,0.87271035,0.04894096031785011,2.0774269104003906
split_cell_scaffold_heldout,drug_mean,"Myeloid cells, Nilotinib",0.20843068,1.1844846,0.33779510855674744,2.406458854675293
split_cell_scaffold_heldout,drug_mean,"Myeloid cells, RG7112",0.25106946,0.7569575,0.4544648826122284,2.174466609954834
split_cell_scaffold_heldout,drug_mean,"Myeloid cells, Ceritinib",0.226635,0.9493657,0.4221571981906891,2.2364025115966797
split_cell_scaffold_heldout,drug_mean,"Myeloid cells, YK 4-279",-0.018830672,0.65812904,-0.11840370297431946,1.8023532629013062
split_cell_scaffold_heldout,drug_mean,"Myeloid cells, GSK256066",0.0045668446,1.1202317,0.021866600960493088,2.4667837619781494
split_cell_scaffold_heldout,drug_mean,"Myeloid cells, Imatinib",0.09114372,0.5480357,0.25690191984176636,1.6264408826828003
split_cell_scaffold_heldout,drug_mean,"Myeloid cells, Tipifarnib",0.29843622,0.80375636,0.5471765995025635,1.9236851930618286
split_cell_scaffold_heldout,drug_mean,"Myeloid cells, PF-03814735",0.4109747,1.8679385,0.5273410081863403,2.841407537460327
split_cell_scaffold_heldout,drug_mean,"Myeloid cells, SB525334",-0.11888897,1.2894818,-0.1722467988729477,2.601172685623169
