split,baseline,sample_id,rowwise_pearson,rmse,de_rowwise_pearson,de_rmse
split_random,global_train_mean,"B cells, MK-5108",0.21950695,0.5696006,0.4361300468444824,1.6629860401153564
split_random,global_train_mean,"Myeloid cells, MK-5108",0.14992893,0.5896641,0.34017008543014526,1.7257353067398071
split_random,global_train_mean,"T cells, Lapatinib",-0.012582688,0.63048625,0.03891674056649208,1.8678057193756104
split_random,global_train_mean,"Myeloid cells, Ganetespib (STA-9090)",0.4818091,1.4393436,0.6503227353096008,2.518831729888916
split_random,global_train_mean,"B cells, Sunitinib",0.44223288,0.78906894,0.6834061741828918,1.9508365392684937
split_random,global_train_mean,"NK cells, Tamatinib",0.34544504,0.81514704,0.5303191542625427,1.8650261163711548
split_random,global_train_mean,"NK cells, Ixabepilone",0.12465419,0.64571375,0.20921771228313446,1.8389689922332764
split_random,global_train_mean,"B cells, Linagliptin",-0.0023775175,0.6089621,-0.07940986007452011,1.7971566915512085
split_random,global_train_mean,"B cells, 5-(9-Isopropyl-8-methyl-2-morpholino-9H-purin-6-yl)pyrimidin-2-amine",0.6325202,1.2691976,0.7886806130409241,2.350294589996338
split_random,global_train_mean,"B cells, GW843682X",0.22187199,0.611237,0.46313875913619995,1.8322809934616089
split_random,global_train_mean,"B cells, Raloxifene",0.14195837,0.6196064,0.3917522132396698,1.7507011890411377
split_random,global_train_mean,"B cells, BAY 87-2243",0.5317576,0.92165357,0.7423473000526428,2.095734119415283
split_random,global_train_mean,"NK cells, BAY 87-2243",0.3573658,0.89320797,0.5541903972625732,2.137336254119873
split_random,global_train_mean,"T cells, BAY 87-2243",0.43469387,1.2365161,0.6077121496200562,2.3570353984832764
split_random,global_train_mean,"T cells, K-02288",0.26343018,0.5267404,0.49044331908226013,1.6293214559555054
split_random,global_train_mean,"T cells, Porcn Inhibitor III",-0.23361656,0.7134231,-0.37822139263153076,1.8608061075210571
split_random,global_train_mean,"Myeloid cells, TL_HRAS26",0.045430936,0.63218963,0.14055246114730835,1.9324164390563965
split_random,global_train_mean,"T cells, TL_HRAS26",0.2544722,0.5288443,0.4506991505622864,1.864856481552124
split_random,global_train_mean,"B cells, Proscillaridin A;Proscillaridin-A",0.15586545,2.2735326,0.19681787490844727,3.151190757751465
split_random,global_train_mean,"NK cells, Ruxolitinib",0.30261278,0.7143001,0.5050356388092041,1.7904521226882935
split_random,global_train_mean,"T cells, Ruxolitinib",0.59771734,0.87193954,0.8058872818946838,1.9332168102264404
split_random,global_train_mean,"B cells, Pomalidomide",-0.14658597,1.0241294,-0.24040088057518005,2.449524164199829
split_random,global_train_mean,"Myeloid cells, Pomalidomide",-0.07187385,1.094053,-0.04554266110062599,2.570991277694702
split_random,global_train_mean,"B cells, Dovitinib",0.50707966,0.8410403,0.751024603843689,2.031475067138672
split_random,global_train_mean,"T cells, Navitoclax",-0.04434492,0.58664596,0.3895281255245209,1.795434832572937
split_random,global_train_mean,"B cells, Methotrexate",-0.32189494,0.7507419,-0.5886068344116211,1.9952431917190552
split_random,global_train_mean,"NK cells, Methotrexate",-0.15632288,0.70346606,-0.2371840476989746,1.9529399871826172
split_random,global_train_mean,"T cells, Methotrexate",-0.13286506,0.6653481,-0.484608918428421,2.1113555431365967
split_random,global_train_mean,"B cells, Palbociclib",0.23762232,0.63611215,0.4833824336528778,1.7387653589248657
split_random,global_train_mean,"Myeloid cells, Palbociclib",0.30737996,0.74033844,0.6036829352378845,1.89950430393219
split_random,global_train_mean,"NK cells, Palbociclib",0.117651656,0.6485477,0.1775021255016327,1.7766408920288086
split_random,global_train_mean,"B cells, AMD-070 (hydrochloride)",0.29712337,0.62371624,0.5430363416671753,1.7565820217132568
split_random,global_train_mean,"T cells, Sgc-cbp30",0.31202477,0.73609626,0.5064877271652222,1.9031788110733032
split_random,global_train_mean,"B cells, FK 866",0.3201544,0.7229938,0.5714579820632935,1.8819448947906494
split_random,global_train_mean,"T cells, FK 866",0.20495553,0.9642192,0.3971283435821533,2.1768898963928223
split_random,global_train_mean,"NK cells, BAY 61-3606",0.33791125,0.998526,0.5455518364906311,2.1499526500701904
split_random,global_train_mean,"NK cells, PF-04691502",0.31018323,0.7507791,0.5799397230148315,1.8016839027404785
split_random,global_train_mean,"T cells, PF-04691502",0.55362487,1.0467193,0.7451044321060181,2.226038694381714
split_random,global_train_mean,"T cells, Perhexiline",0.6062103,0.9085247,0.811897873878479,2.0510504245758057
split_random,global_train_mean,"NK cells, Disulfiram",0.091588914,0.64356554,0.08959632366895676,1.8457002639770508
split_random,global_train_mean,"T cells, Flutamide",0.044671904,0.5540686,0.3949042856693268,1.659481167793274
split_random,global_train_mean,"NK cells, Dactolisib",0.46331888,0.96728307,0.6743818521499634,2.1710360050201416
split_random,global_train_mean,"T cells, BMS-536924",0.61833256,1.0409299,0.8150980472564697,2.199492931365967
split_random,global_train_mean,"T cells, IMD-0354",0.46803892,1.6400234,0.5991847515106201,2.7232182025909424
split_random,global_train_mean,"NK cells, Canertinib",0.09022311,0.70160186,0.14776727557182312,1.9456850290298462
split_random,global_train_mean,"T cells, Canertinib",0.23261793,0.7705756,0.41466450691223145,2.021589994430542
split_random,global_train_mean,"T cells, Alogliptin",-0.014631706,0.58299744,-0.07061620056629181,1.7270678281784058
split_random,global_train_mean,"T cells, Penfluridol",0.05464426,0.53078085,0.24002236127853394,1.6528654098510742
split_random,global_train_mean,"NK cells, Quizartinib",0.0462335,0.66098535,0.1148194968700409,1.844264030456543
split_random,global_train_mean,"NK cells, Decitabine",0.07871537,0.6408958,0.1404346227645874,1.7523938417434692
split_random,global_train_mean,"B cells, Riociguat",0.11587054,0.57990783,0.24841105937957764,1.7725492715835571
split_random,global_train_mean,"NK cells, Riociguat",0.121314056,0.6625103,0.28958067297935486,1.8094589710235596
split_random,global_train_mean,"Myeloid cells, BI-D1870",0.21325442,0.8536647,0.4308170974254608,2.0552186965942383
split_random,global_train_mean,"NK cells, Resminostat",0.3210482,1.2957774,0.48351678252220154,2.46224308013916
split_random,global_train_mean,"NK cells, Crizotinib",0.32122138,0.6837765,0.5308615565299988,1.735260248184204
split_random,global_train_mean,"T cells, Crizotinib",0.55806345,0.7484985,0.7545166015625,1.87229323387146
split_random,global_train_mean,"Myeloid cells, Azacitidine",0.09553571,0.6149246,0.3048272728919983,1.7193666696548462
split_random,global_train_mean,"NK cells, Azacitidine",0.150905,0.64306796,0.23915831744670868,1.8125628232955933
split_random,global_train_mean,"T cells, Azacitidine",0.20476538,0.603634,0.43859419226646423,1.7079792022705078
split_random,global_train_mean,"NK cells, TR-14035",0.23242165,0.6056336,0.4137096703052521,1.8014243841171265
split_random,global_train_mean,"T cells, Nilotinib",0.6022651,0.76047856,0.8242878913879395,1.7999407052993774
split_random,global_train_mean,"Myeloid cells, Pitavastatin Calcium",-0.029741067,2.3447695,-0.02030159719288349,3.2231738567352295
split_random,global_train_mean,"B cells, ABT737",-0.1421218,0.99503684,-0.24368812143802643,2.2200989723205566
split_random,global_train_mean,"NK cells, PRT-062607",0.3554606,0.7147458,0.5922738909721375,1.7813355922698975
split_random,global_train_mean,"NK cells, Masitinib",0.2284494,0.6581918,0.3150259852409363,1.8075218200683594
split_random,global_train_mean,"T cells, Ceritinib",0.48610553,0.5460736,0.7322284579277039,1.5361416339874268
split_random,global_train_mean,"NK cells, CGM-097",0.033760253,0.84731966,0.1345800906419754,2.073951005935669
split_random,global_train_mean,"NK cells, STK219801",0.12979959,0.6759224,0.19867445528507233,1.917657732963562
split_random,global_train_mean,"NK cells, GSK-1070916",0.13205545,0.6499721,0.294142484664917,1.7748448848724365
split_random,global_train_mean,"T cells, Clemastine",0.3512137,0.5120153,0.7238397598266602,1.4723743200302124
split_random,global_train_mean,"Myeloid cells, Midostaurin",0.277034,1.125194,0.4656350314617157,2.3425498008728027
split_random,global_train_mean,"Myeloid cells, R428",0.2808787,2.0213184,0.38252270221710205,3.007939100265503
split_random,global_train_mean,"NK cells, SCH-58261",-0.002686062,0.6859626,0.03221985697746277,1.8626923561096191
split_random,global_train_mean,"Myeloid cells, Tivantinib",0.27150193,0.7968254,0.5009211897850037,2.0100576877593994
split_random,global_train_mean,"T cells, Tivantinib",0.3252138,0.7228387,0.5581943988800049,1.8218497037887573
split_random,global_train_mean,"Myeloid cells, Colchicine",0.2144113,2.4502828,0.278009831905365,3.2609164714813232
split_random,global_train_mean,"T cells, Tipifarnib",0.4535419,0.62217414,0.7433006167411804,1.7045683860778809
split_random,global_train_mean,"T cells, BX 912",0.6215406,0.7274306,0.8420393466949463,1.7865378856658936
split_random,global_train_mean,"T cells, PF-03814735",0.5980459,1.0658628,0.7814840078353882,2.1690990924835205
split_random,global_train_mean,"NK cells, AZD4547",0.13868643,0.65640265,0.3474152386188507,1.7901268005371094
split_random,global_train_mean,"NK cells, Clotrimazole",0.13408369,0.6395236,0.2896216809749603,1.8006683588027954
split_random,global_train_mean,"B cells, RG7090",0.12345662,0.61496854,0.30660632252693176,1.738362193107605
split_random,global_train_mean,"NK cells, RG7090",0.052249376,0.69174504,0.16011975705623627,1.850649118423462
split_random,global_train_mean,"T cells, Mubritinib (TAK 165)",0.3795183,1.1033041,0.5845998525619507,2.3278608322143555
split_random,global_train_mean,"T cells, SB525334",-0.3108587,1.0609194,-0.49039074778556824,2.392578363418579
split_random,global_train_mean,"B cells, Lapatinib",-0.054327212,0.67307365,-0.08563841879367828,1.894162654876709
split_random,global_train_mean,"B cells, Clomipramine",0.14876187,0.59372264,0.2580280005931854,1.7263644933700562
split_random,global_train_mean,"B cells, K-02288",0.3669633,0.610939,0.6425883173942566,1.6985771656036377
split_random,global_train_mean,"B cells, Ruxolitinib",0.5198864,0.89621,0.7530535459518433,2.0297653675079346
split_random,global_train_mean,"Myeloid cells, Ruxolitinib",0.47182074,1.4253229,0.6623877882957458,2.593430280685425
split_random,global_train_mean,"Myeloid cells, Sgc-cbp30",0.26843733,0.959628,0.4874746799468994,2.1412370204925537
split_random,global_train_mean,"Myeloid cells, Chlorpheniramine",0.106518894,0.548897,0.18811996281147003,1.6933735609054565
split_random,global_train_mean,"Myeloid cells, BAY 61-3606",0.45194456,1.8610574,0.5826316475868225,2.8650920391082764
split_random,global_train_mean,"Myeloid cells, AT13387",0.45924374,1.299387,0.6354706287384033,2.369814395904541
split_random,global_train_mean,"B cells, Disulfiram",0.13276742,0.591043,0.21592441201210022,1.7691824436187744
split_random,global_train_mean,"B cells, BMS-536924",0.5916496,1.0032215,0.782328188419342,2.13145112991333
split_random,global_train_mean,"B cells, RN-486",-0.03761563,0.6402604,-0.04077652469277382,1.809755563735962
split_random,global_train_mean,"B cells, Defactinib",0.3681151,0.69651294,0.623207688331604,1.7507438659667969
split_random,global_train_mean,"Myeloid cells, Defactinib",0.43613487,0.99152446,0.6847342252731323,2.118245840072632
split_random,global_train_mean,"Myeloid cells, Resminostat",0.38889676,1.9171611,0.5135979652404785,2.8630075454711914
split_random,global_train_mean,"Myeloid cells, OSI-930",0.0558186,0.69268996,0.09774588793516159,1.8154855966567993
split_random,global_train_mean,"Myeloid cells, Saracatinib",0.5363462,1.391793,0.6928003430366516,2.458864450454712
split_random,global_train_mean,"Myeloid cells, RG7112",0.33260226,0.7356753,0.5889641046524048,2.1329152584075928
split_random,global_train_mean,"Myeloid cells, Lamivudine",0.20141025,0.68492746,0.4506470859050751,1.807897686958313
split_random,global_train_mean,"B cells, AZD-8330",0.5545101,0.7160355,0.7857845425605774,1.8309063911437988
split_random,global_train_mean,"Myeloid cells, AZD-8330",0.34626725,1.105885,0.5741362571716309,2.328781843185425
split_random,global_train_mean,"B cells, Bosutinib",0.54016817,1.1384956,0.717695951461792,2.274918794631958
split_random,global_train_mean,"Myeloid cells, Bosutinib",0.46063396,1.6305585,0.5980039834976196,2.728835105895996
split_random,global_train_mean,"B cells, Clemastine",0.24784952,0.65346205,0.4010271430015564,1.8319318294525146
split_random,global_train_mean,"B cells, Buspirone",0.030075666,0.59761953,-0.03185660392045975,1.864821434020996
split_random,global_train_mean,"B cells, Vandetanib",0.4035252,0.6639598,0.6628978252410889,1.789729356765747
split_random,global_train_mean,"Myeloid cells, SCH-58261",0.26717243,0.6309733,0.5584167838096619,1.7108598947525024
split_random,global_train_mean,"B cells, Tosedostat",0.15695366,0.65672565,0.3340306878089905,1.7870761156082153
split_random,global_train_mean,"Myeloid cells, Tosedostat",0.38337618,0.9648828,0.5631904602050781,2.13089919090271
split_random,global_train_mean,"B cells, Mometasone Furoate",0.55843407,1.1849813,0.730797290802002,2.348367691040039
split_random,global_train_mean,"Myeloid cells, Mometasone Furoate",0.5365169,1.8806607,0.6670240759849548,2.8314738273620605
split_random,global_train_mean,"Myeloid cells, AZD4547",0.24488431,0.65189147,0.48895952105522156,1.832359790802002
split_random,global_train_mean,"Myeloid cells, Tacalcitol",0.16651003,2.2126284,0.2195357084274292,3.1531405448913574
split_random,global_train_mean,"B cells, Clotrimazole",0.12908742,0.6099608,0.18080565333366394,1.76839280128479
split_random,cell_context_mean,"B cells, MK-5108",0.25188792,0.5891815,0.5067570805549622,1.6017848253250122
split_random,cell_context_mean,"Myeloid cells, MK-5108",0.20123719,0.61127216,0.36371636390686035,1.6763705015182495
split_random,cell_context_mean,"T cells, Lapatinib",0.05146418,0.657719,0.1285003274679184,1.853397250175476
split_random,cell_context_mean,"Myeloid cells, Ganetespib (STA-9090)",0.47800574,1.4039711,0.6321367025375366,2.441701889038086
split_random,cell_context_mean,"B cells, Sunitinib",0.51153415,0.75008005,0.7426974773406982,1.781510829925537
split_random,cell_context_mean,"NK cells, Tamatinib",0.43818444,0.79521793,0.6677156686782837,1.825297236442566
split_random,cell_context_mean,"NK cells, Ixabepilone",0.24062802,0.61705786,0.4205334186553955,1.7768293619155884
split_random,cell_context_mean,"B cells, Linagliptin",0.043279264,0.6449438,0.04899408668279648,1.7798763513565063
split_random,cell_context_mean,"B cells, 5-(9-Isopropyl-8-methyl-2-morpholino-9H-purin-6-yl)pyrimidin-2-amine",0.7000766,1.1894928,0.8232247829437256,2.1893956661224365
split_random,cell_context_mean,"B cells, GW843682X",0.25455758,0.625899,0.4666444957256317,1.773529291152954
split_random,cell_context_mean,"B cells, Raloxifene",0.19626118,0.636555,0.45273780822753906,1.6929932832717896
split_random,cell_context_mean,"B cells, BAY 87-2243",0.61497694,0.8578355,0.7988601922988892,1.9128061532974243
split_random,cell_context_mean,"NK cells, BAY 87-2243",0.28357747,0.91199356,0.4373483657836914,2.1985063552856445
split_random,cell_context_mean,"T cells, BAY 87-2243",0.49125847,1.1914465,0.6421329379081726,2.2560577392578125
split_random,cell_context_mean,"T cells, K-02288",0.3858279,0.5126766,0.5888918042182922,1.4862468242645264
split_random,cell_context_mean,"T cells, Porcn Inhibitor III",-0.09235482,0.7337535,-0.09105541557073593,1.8147107362747192
split_random,cell_context_mean,"Myeloid cells, TL_HRAS26",0.11541892,0.6563106,0.2996610701084137,1.8679393529891968
split_random,cell_context_mean,"T cells, TL_HRAS26",0.30492613,0.54034007,0.5140278935432434,1.8019349575042725
split_random,cell_context_mean,"B cells, Proscillaridin A;Proscillaridin-A",0.16836296,2.2655034,0.21220269799232483,3.131880044937134
split_random,cell_context_mean,"NK cells, Ruxolitinib",0.40057805,0.69190997,0.6511000990867615,1.746605396270752
split_random,cell_context_mean,"T cells, Ruxolitinib",0.6275808,0.82167995,0.8242479562759399,1.7830780744552612
split_random,cell_context_mean,"B cells, Pomalidomide",-0.078723304,1.0469304,-0.12430349737405777,2.453209400177002
split_random,cell_context_mean,"Myeloid cells, Pomalidomide",-0.14432856,1.1551635,-0.22074386477470398,2.6802079677581787
split_random,cell_context_mean,"B cells, Dovitinib",0.61596227,0.7733595,0.8255634307861328,1.8214905261993408
split_random,cell_context_mean,"T cells, Navitoclax",-0.0036992829,0.6273083,0.4770272970199585,1.7194898128509521
split_random,cell_context_mean,"B cells, Methotrexate",-0.25195417,0.80015475,-0.5084917545318604,2.068319082260132
split_random,cell_context_mean,"NK cells, Methotrexate",-0.002082823,0.665345,0.005526957102119923,1.8888362646102905
split_random,cell_context_mean,"T cells, Methotrexate",-0.18883444,0.7340275,-0.5201871991157532,2.3342654705047607
split_random,cell_context_mean,"B cells, Palbociclib",0.34964377,0.6190429,0.6085941195487976,1.6016958951950073
split_random,cell_context_mean,"Myeloid cells, Palbociclib",0.49979547,0.6753686,0.7548891305923462,1.659745216369629
split_random,cell_context_mean,"NK cells, Palbociclib",0.2754629,0.6105602,0.46453484892845154,1.6973652839660645
split_random,cell_context_mean,"B cells, AMD-070 (hydrochloride)",0.39040515,0.6063063,0.6245983242988586,1.6180131435394287
split_random,cell_context_mean,"T cells, Sgc-cbp30",0.38238838,0.7166125,0.5959230661392212,1.7867841720581055
split_random,cell_context_mean,"B cells, FK 866",0.37567973,0.71064466,0.6177173256874084,1.7708412408828735
split_random,cell_context_mean,"T cells, FK 866",0.24721391,0.9582149,0.44142013788223267,2.120284080505371
split_random,cell_context_mean,"NK cells, BAY 61-3606",0.4200771,0.98189056,0.6607697606086731,2.1219000816345215
split_random,cell_context_mean,"NK cells, PF-04691502",0.37726256,0.7359164,0.6406373381614685,1.787092685699463
split_random,cell_context_mean,"T cells, PF-04691502",0.55822074,1.0089662,0.7431972026824951,2.1232988834381104
split_random,cell_context_mean,"T cells, Perhexiline",0.6095587,0.8670989,0.802693247795105,1.9280129671096802
split_random,cell_context_mean,"NK cells, Disulfiram",0.15085733,0.6268392,0.32123029232025146,1.7916247844696045
split_random,cell_context_mean,"T cells, Flutamide",0.09510415,0.58631885,0.440552294254303,1.6049473285675049
split_random,cell_context_mean,"NK cells, Dactolisib",0.38425353,0.98996717,0.5977400541305542,2.2270352840423584
split_random,cell_context_mean,"T cells, BMS-536924",0.6868086,0.9687789,0.863283097743988,2.016200542449951
split_random,cell_context_mean,"T cells, IMD-0354",0.50292575,1.5935116,0.6235256195068359,2.642047643661499
split_random,cell_context_mean,"NK cells, Canertinib",0.21889374,0.67019075,0.3333374559879303,1.8921597003936768
split_random,cell_context_mean,"T cells, Canertinib",0.30252928,0.76025444,0.4486946761608124,1.9529674053192139
split_random,cell_context_mean,"T cells, Alogliptin",0.08145954,0.6051288,0.08310821652412415,1.7002445459365845
split_random,cell_context_mean,"T cells, Penfluridol",0.082064226,0.57072765,0.3521190583705902,1.6035420894622803
split_random,cell_context_mean,"NK cells, Quizartinib",0.15952556,0.63237953,0.2973886728286743,1.79932701587677
split_random,cell_context_mean,"NK cells, Decitabine",0.19870992,0.6109511,0.36035051941871643,1.6945708990097046
split_random,cell_context_mean,"B cells, Riociguat",0.18626912,0.5981877,0.35488900542259216,1.7130111455917358
split_random,cell_context_mean,"NK cells, Riociguat",0.27240795,0.62610453,0.48987504839897156,1.7405794858932495
split_random,cell_context_mean,"Myeloid cells, BI-D1870",0.32541254,0.8273016,0.566701352596283,1.924536943435669
split_random,cell_context_mean,"NK cells, Resminostat",0.22972539,1.3187073,0.3734612762928009,2.5047740936279297
split_random,cell_context_mean,"NK cells, Crizotinib",0.39633608,0.6667005,0.6209467649459839,1.6991246938705444
split_random,cell_context_mean,"T cells, Crizotinib",0.5471105,0.7250213,0.7702437043190002,1.7550525665283203
split_random,cell_context_mean,"Myeloid cells, Azacitidine",0.04648693,0.6721452,0.2191796749830246,1.7300708293914795
split_random,cell_context_mean,"NK cells, Azacitidine",0.22097684,0.6246783,0.40706655383110046,1.7671808004379272
split_random,cell_context_mean,"T cells, Azacitidine",0.24149859,0.6185442,0.5120921730995178,1.65696382522583
split_random,cell_context_mean,"NK cells, TR-14035",0.31238088,0.5856778,0.5914718508720398,1.7442281246185303
split_random,cell_context_mean,"T cells, Nilotinib",0.60228366,0.725798,0.8166341781616211,1.6660821437835693
split_random,cell_context_mean,"Myeloid cells, Pitavastatin Calcium",0.026193595,2.3434997,0.04297355189919472,3.216270685195923
split_random,cell_context_mean,"B cells, ABT737",-0.0728924,1.0210482,-0.1192730963230133,2.2301993370056152
split_random,cell_context_mean,"NK cells, PRT-062607",0.42258808,0.7002695,0.66787189245224,1.7590113878250122
split_random,cell_context_mean,"NK cells, Masitinib",0.30707768,0.6389774,0.45890483260154724,1.7660435438156128
split_random,cell_context_mean,"T cells, Ceritinib",0.50892425,0.53369737,0.7121051549911499,1.426018476486206
split_random,cell_context_mean,"NK cells, CGM-097",0.12532379,0.8241173,0.2944442331790924,2.036325693130493
split_random,cell_context_mean,"NK cells, STK219801",0.22606552,0.6518589,0.3859810531139374,1.870625615119934
split_random,cell_context_mean,"NK cells, GSK-1070916",0.19124486,0.63381785,0.42287206649780273,1.7416056394577026
split_random,cell_context_mean,"T cells, Clemastine",0.38851398,0.5169449,0.7767509818077087,1.3433712720870972
split_random,cell_context_mean,"Myeloid cells, Midostaurin",0.40321657,1.0750558,0.6053512692451477,2.205047369003296
split_random,cell_context_mean,"Myeloid cells, R428",0.38771263,1.966329,0.49032148718833923,2.919250726699829
split_random,cell_context_mean,"NK cells, SCH-58261",0.13757199,0.65138805,0.2596389353275299,1.8128858804702759
split_random,cell_context_mean,"Myeloid cells, Tivantinib",0.35896698,0.77421564,0.5887473821640015,1.8950965404510498
split_random,cell_context_mean,"T cells, Tivantinib",0.40028924,0.70133686,0.5967060923576355,1.716249704360962
split_random,cell_context_mean,"Myeloid cells, Colchicine",0.30926067,2.405647,0.37763479351997375,3.1959261894226074
split_random,cell_context_mean,"T cells, Tipifarnib",0.4216312,0.6290824,0.7156179547309875,1.6358896493911743
split_random,cell_context_mean,"T cells, BX 912",0.63534504,0.6860214,0.8349269032478333,1.6263912916183472
split_random,cell_context_mean,"T cells, PF-03814735",0.5915406,1.0252881,0.7721821069717407,2.061375379562378
split_random,cell_context_mean,"NK cells, AZD4547",0.25413683,0.62799114,0.4940534830093384,1.743854284286499
split_random,cell_context_mean,"NK cells, Clotrimazole",0.2488425,0.6111357,0.43521150946617126,1.7485543489456177
split_random,cell_context_mean,"B cells, RG7090",0.17796457,0.63424903,0.38922929763793945,1.681449055671692
split_random,cell_context_mean,"NK cells, RG7090",0.18200004,0.6597792,0.42252281308174133,1.7872880697250366
split_random,cell_context_mean,"T cells, Mubritinib (TAK 165)",0.41946295,1.0737692,0.6059764623641968,2.246990442276001
split_random,cell_context_mean,"T cells, SB525334",-0.18749322,1.0806298,-0.32086968421936035,2.405125141143799
split_random,cell_context_mean,"B cells, Lapatinib",-0.05507135,0.7231763,-0.09004665166139603,1.9227501153945923
split_random,cell_context_mean,"B cells, Clomipramine",0.20490502,0.6109853,0.3477041721343994,1.6700377464294434
split_random,cell_context_mean,"B cells, K-02288",0.43463212,0.5938379,0.7167266011238098,1.5388193130493164
split_random,cell_context_mean,"B cells, Ruxolitinib",0.6397757,0.82006055,0.8240200281143188,1.8253889083862305
split_random,cell_context_mean,"Myeloid cells, Ruxolitinib",0.6512561,1.3204306,0.7956165075302124,2.3933491706848145
split_random,cell_context_mean,"Myeloid cells, Sgc-cbp30",0.24839067,0.9691632,0.45670923590660095,2.0987448692321777
split_random,cell_context_mean,"Myeloid cells, Chlorpheniramine",0.24123362,0.553632,0.4808081090450287,1.5547572374343872
split_random,cell_context_mean,"Myeloid cells, BAY 61-3606",0.53802836,1.7918712,0.6694726347923279,2.7470531463623047
split_random,cell_context_mean,"Myeloid cells, AT13387",0.49345633,1.2546715,0.6816892027854919,2.264735460281372
split_random,cell_context_mean,"B cells, Disulfiram",0.19856398,0.6073757,0.3874308466911316,1.6899912357330322
split_random,cell_context_mean,"B cells, BMS-536924",0.70339376,0.9159624,0.8615909814834595,1.9156584739685059
split_random,cell_context_mean,"B cells, RN-486",0.034200497,0.6691442,0.1278878152370453,1.7772749662399292
split_random,cell_context_mean,"B cells, Defactinib",0.44993344,0.6685386,0.6993923783302307,1.6133382320404053
split_random,cell_context_mean,"Myeloid cells, Defactinib",0.6045922,0.90370893,0.7883595824241638,1.9069435596466064
split_random,cell_context_mean,"Myeloid cells, Resminostat",0.45511508,1.8634788,0.5717650651931763,2.7749946117401123
split_random,cell_context_mean,"Myeloid cells, OSI-930",-0.006009108,0.75288606,0.009034233167767525,1.8665060997009277
split_random,cell_context_mean,"Myeloid cells, Saracatinib",0.6179646,1.3163569,0.7719611525535583,2.3096721172332764
split_random,cell_context_mean,"Myeloid cells, RG7112",0.38071603,0.7234176,0.5726748704910278,2.0114924907684326
split_random,cell_context_mean,"Myeloid cells, Lamivudine",0.23978095,0.69673145,0.4865565896034241,1.7311774492263794
split_random,cell_context_mean,"B cells, AZD-8330",0.64227027,0.65453184,0.8480372428894043,1.6129930019378662
split_random,cell_context_mean,"Myeloid cells, AZD-8330",0.5617548,1.011123,0.7684805989265442,2.1021313667297363
split_random,cell_context_mean,"B cells, Bosutinib",0.6587476,1.0539314,0.8080241680145264,2.0889158248901367
split_random,cell_context_mean,"Myeloid cells, Bosutinib",0.5272093,1.5693485,0.6763840913772583,2.613616704940796
split_random,cell_context_mean,"B cells, Clemastine",0.34963396,0.6377981,0.5560021996498108,1.7149890661239624
split_random,cell_context_mean,"B cells, Buspirone",0.12606381,0.61531645,0.19436337053775787,1.7988015413284302
split_random,cell_context_mean,"B cells, Vandetanib",0.46322793,0.64035475,0.7212471961975098,1.6299670934677124
split_random,cell_context_mean,"Myeloid cells, SCH-58261",0.23882087,0.6612713,0.47667360305786133,1.7037638425827026
split_random,cell_context_mean,"B cells, Tosedostat",0.20429179,0.6708098,0.37473124265670776,1.7431695461273193
split_random,cell_context_mean,"Myeloid cells, Tosedostat",0.39223778,0.94860697,0.5698133707046509,2.0546841621398926
split_random,cell_context_mean,"B cells, Mometasone Furoate",0.613166,1.1223131,0.7616186141967773,2.208258628845215
split_random,cell_context_mean,"Myeloid cells, Mometasone Furoate",0.6554706,1.7869451,0.7603124380111694,2.685042381286621
split_random,cell_context_mean,"Myeloid cells, AZD4547",0.29834116,0.6548108,0.5579918622970581,1.7265582084655762
split_random,cell_context_mean,"Myeloid cells, Tacalcitol",0.06500866,2.2436645,0.09315311908721924,3.1880111694335938
split_random,cell_context_mean,"B cells, Clotrimazole",0.19284627,0.62527853,0.293927937746048,1.707680106163025
split_random,drug_mean,"B cells, MK-5108",0.14903912,0.67056763,0.3212590515613556,1.6633434295654297
split_random,drug_mean,"Myeloid cells, MK-5108",0.23568581,0.6398004,0.4508134722709656,1.6207926273345947
split_random,drug_mean,"T cells, Lapatinib",0.24849245,0.6620652,0.5732132196426392,1.5722242593765259
split_random,drug_mean,"Myeloid cells, Ganetespib (STA-9090)",0.4187448,1.5997324,0.5844385027885437,2.2025904655456543
split_random,drug_mean,"B cells, Sunitinib",0.29797217,0.84503114,0.5336362719535828,1.9199658632278442
split_random,drug_mean,"NK cells, Tamatinib",0.4049985,1.0143595,0.6128730773925781,1.6009553670883179
split_random,drug_mean,"NK cells, Ixabepilone",0.12481861,0.6938468,0.2901086211204529,1.7929637432098389
split_random,drug_mean,"B cells, Linagliptin",0.07859373,0.6450351,0.12385097146034241,1.7627263069152832
split_random,drug_mean,"B cells, 5-(9-Isopropyl-8-methyl-2-morpholino-9H-purin-6-yl)pyrimidin-2-amine",0.6216438,1.1161556,0.7602869272232056,1.736573338508606
split_random,drug_mean,"B cells, GW843682X",0.2804091,0.6456193,0.4550112783908844,1.665276050567627
split_random,drug_mean,"B cells, Raloxifene",0.14164537,0.77362245,0.416711688041687,1.676411509513855
split_random,drug_mean,"B cells, BAY 87-2243",0.19554628,1.6104188,0.3061416745185852,2.457733392715454
split_random,drug_mean,"NK cells, BAY 87-2243",0.26736858,1.5106014,0.488720178604126,2.0335516929626465
split_random,drug_mean,"T cells, BAY 87-2243",0.27729663,1.6718707,0.42518821358680725,2.3571929931640625
split_random,drug_mean,"T cells, K-02288",0.11457599,0.7453274,0.29816535115242004,1.6991560459136963
split_random,drug_mean,"T cells, Porcn Inhibitor III",0.35852236,0.66155887,0.6207091808319092,1.424889087677002
split_random,drug_mean,"Myeloid cells, TL_HRAS26",0.077976875,0.71816516,0.3023754358291626,1.8652666807174683
split_random,drug_mean,"T cells, TL_HRAS26",0.20873258,0.62307394,0.4978497326374054,1.7430500984191895
split_random,drug_mean,"B cells, Proscillaridin A;Proscillaridin-A",0.74273866,1.717325,0.8490632772445679,1.7023645639419556
split_random,drug_mean,"NK cells, Ruxolitinib",0.30261278,0.7143001,0.5050356388092041,1.7904521226882935
split_random,drug_mean,"T cells, Ruxolitinib",0.59771734,0.87193954,0.8058872818946838,1.9332168102264404
split_random,drug_mean,"B cells, Pomalidomide",0.45336512,0.9713954,0.6651486158370972,1.7371867895126343
split_random,drug_mean,"Myeloid cells, Pomalidomide",0.23484232,1.2081292,0.4031473994255066,2.317470073699951
split_random,drug_mean,"B cells, Dovitinib",0.31513655,0.92232245,0.5272866487503052,1.977213978767395
split_random,drug_mean,"T cells, Navitoclax",0.23135187,0.6574686,0.5767216086387634,1.6032068729400635
split_random,drug_mean,"B cells, Methotrexate",0.07719466,1.074004,0.2441454529762268,1.8577384948730469
split_random,drug_mean,"NK cells, Methotrexate",-0.02645266,1.1221759,-0.10216585546731949,2.2294366359710693
split_random,drug_mean,"T cells, Methotrexate",0.2996126,0.9255198,0.554942786693573,1.4737142324447632
split_random,drug_mean,"B cells, Palbociclib",0.19107832,0.7593228,0.4403860867023468,1.7075767517089844
split_random,drug_mean,"Myeloid cells, Palbociclib",0.19805616,0.853184,0.40755537152290344,1.9161511659622192
split_random,drug_mean,"NK cells, Palbociclib",0.14600438,0.76753587,0.29742076992988586,1.725344181060791
split_random,drug_mean,"B cells, AMD-070 (hydrochloride)",0.16460833,0.71371156,0.33300769329071045,1.8025859594345093
split_random,drug_mean,"T cells, Sgc-cbp30",0.3578356,0.76020145,0.6186394691467285,1.7012012004852295
split_random,drug_mean,"B cells, FK 866",0.27770278,0.90735745,0.5727993249893188,1.6921502351760864
split_random,drug_mean,"T cells, FK 866",0.42900765,0.9467206,0.6629408597946167,1.768232822418213
split_random,drug_mean,"NK cells, BAY 61-3606",0.50789183,1.2688634,0.746344268321991,1.5524941682815552
split_random,drug_mean,"NK cells, PF-04691502",0.23638545,1.2559241,0.49000680446624756,1.7823095321655273
split_random,drug_mean,"T cells, PF-04691502",0.5028975,1.1647787,0.7109820246696472,1.734796166419983
split_random,drug_mean,"T cells, Perhexiline",0.5554533,0.86431324,0.7767499685287476,1.6511448621749878
split_random,drug_mean,"NK cells, Disulfiram",0.15429044,0.70344067,0.26108548045158386,1.7873914241790771
split_random,drug_mean,"T cells, Flutamide",0.09012913,0.60948324,0.4308135211467743,1.6377944946289062
split_random,drug_mean,"NK cells, Dactolisib",0.5644556,1.2403332,0.768926739692688,1.5752474069595337
split_random,drug_mean,"T cells, BMS-536924",0.32526544,1.1577015,0.5470635294914246,2.1758737564086914
split_random,drug_mean,"T cells, IMD-0354",0.631125,1.3513203,0.749080240726471,2.0678274631500244
split_random,drug_mean,"NK cells, Canertinib",0.17564477,0.9150466,0.39887678623199463,1.8187053203582764
split_random,drug_mean,"T cells, Canertinib",0.35413656,0.8705706,0.5783090591430664,1.6716294288635254
split_random,drug_mean,"T cells, Alogliptin",0.19692485,0.5785707,0.4222699999809265,1.5644253492355347
split_random,drug_mean,"T cells, Penfluridol",0.17166714,0.58085823,0.24998117983341217,1.6385772228240967
split_random,drug_mean,"NK cells, Quizartinib",0.090475716,0.71450067,0.23379091918468475,1.8080753087997437
split_random,drug_mean,"NK cells, Decitabine",0.065190904,0.6782098,0.06420040130615234,1.7864395380020142
split_random,drug_mean,"B cells, Riociguat",0.1247934,0.6496278,0.2846592962741852,1.7573976516723633
split_random,drug_mean,"NK cells, Riociguat",0.069512926,0.7429403,0.18570072948932648,1.8405866622924805
split_random,drug_mean,"Myeloid cells, BI-D1870",0.2109828,0.8740485,0.3556707203388214,2.0385208129882812
split_random,drug_mean,"NK cells, Resminostat",0.6644928,1.3714421,0.8402310609817505,1.4473206996917725
split_random,drug_mean,"NK cells, Crizotinib",0.20982307,0.9412746,0.39199310541152954,1.757704734802246
split_random,drug_mean,"T cells, Crizotinib",0.5038252,0.8132305,0.7679070830345154,1.4280445575714111
split_random,drug_mean,"Myeloid cells, Azacitidine",0.09276742,0.84586436,0.23355501890182495,1.7528228759765625
split_random,drug_mean,"NK cells, Azacitidine",0.12612978,0.8586397,0.12944602966308594,1.8821961879730225
split_random,drug_mean,"T cells, Azacitidine",0.28835753,0.75854933,0.5676682591438293,1.4849475622177124
split_random,drug_mean,"NK cells, TR-14035",0.13294883,0.6979027,0.18817868828773499,1.852226972579956
split_random,drug_mean,"T cells, Nilotinib",0.48524976,0.8064081,0.7419230937957764,1.515494704246521
split_random,drug_mean,"Myeloid cells, Pitavastatin Calcium",0.4104219,2.1264486,0.47795745730400085,2.8198671340942383
split_random,drug_mean,"B cells, ABT737",0.19032441,0.96267915,0.3149946630001068,2.018028974533081
split_random,drug_mean,"NK cells, PRT-062607",0.3488436,0.9960553,0.6017386317253113,1.5838334560394287
split_random,drug_mean,"NK cells, Masitinib",0.12097564,0.7692604,0.10896459966897964,1.8708536624908447
split_random,drug_mean,"T cells, Ceritinib",0.30609772,0.6647432,0.6040332317352295,1.5051645040512085
split_random,drug_mean,"NK cells, CGM-097",0.42885765,0.9662461,0.6660716533660889,1.5690944194793701
split_random,drug_mean,"NK cells, STK219801",0.21687269,0.70642066,0.35622864961624146,1.7967698574066162
split_random,drug_mean,"NK cells, GSK-1070916",0.17791039,0.7230803,0.2451716661453247,1.766252875328064
split_random,drug_mean,"T cells, Clemastine",0.2581482,0.6370237,0.5909426212310791,1.4127283096313477
split_random,drug_mean,"Myeloid cells, Midostaurin",0.2537514,1.1766902,0.44506382942199707,2.236185312271118
split_random,drug_mean,"Myeloid cells, R428",0.32814267,1.9678631,0.4178455173969269,2.822134256362915
split_random,drug_mean,"NK cells, SCH-58261",0.0836413,0.724564,0.11887410283088684,1.8583649396896362
split_random,drug_mean,"Myeloid cells, Tivantinib",0.22926123,0.8734023,0.4391414523124695,1.9345431327819824
split_random,drug_mean,"T cells, Tivantinib",0.36153716,0.7542905,0.6229498386383057,1.593727707862854
split_random,drug_mean,"Myeloid cells, Colchicine",0.36707002,2.3285022,0.42868831753730774,3.0704305171966553
split_random,drug_mean,"T cells, Tipifarnib",0.39086315,0.67583287,0.6655551791191101,1.5624252557754517
split_random,drug_mean,"T cells, BX 912",0.41092393,0.7928352,0.7039324045181274,1.7199400663375854
split_random,drug_mean,"T cells, PF-03814735",0.6056426,1.0054117,0.8073300123214722,1.4988045692443848
split_random,drug_mean,"NK cells, AZD4547",0.074620284,0.73812044,0.10911787301301956,1.856717586517334
split_random,drug_mean,"NK cells, Clotrimazole",0.062136047,0.771801,0.04322904720902443,1.8964110612869263
split_random,drug_mean,"B cells, RG7090",0.24795668,0.7685421,0.47783905267715454,1.60457444190979
split_random,drug_mean,"NK cells, RG7090",0.15965798,0.8532129,0.2608815133571625,1.8226208686828613
split_random,drug_mean,"T cells, Mubritinib (TAK 165)",0.46220616,1.0441065,0.6557794809341431,1.996933102607727
split_random,drug_mean,"T cells, SB525334",0.506552,0.8433592,0.7353808283805847,1.6701881885528564
split_random,drug_mean,"B cells, Lapatinib",0.14746524,0.7297741,0.42107149958610535,1.6955636739730835
split_random,drug_mean,"B cells, Clomipramine",0.22617708,0.6334704,0.4086618721485138,1.6362860202789307
split_random,drug_mean,"B cells, K-02288",0.01956971,0.8682291,0.01861976645886898,1.9696980714797974
split_random,drug_mean,"B cells, Ruxolitinib",0.5198864,0.89621,0.7530535459518433,2.0297653675079346
split_random,drug_mean,"Myeloid cells, Ruxolitinib",0.47182074,1.4253229,0.6623877882957458,2.593430280685425
split_random,drug_mean,"Myeloid cells, Sgc-cbp30",0.20797499,1.0201339,0.39799782633781433,2.100651979446411
split_random,drug_mean,"Myeloid cells, Chlorpheniramine",0.07019551,0.62978673,0.06294705718755722,1.7349966764450073
split_random,drug_mean,"Myeloid cells, BAY 61-3606",0.4698044,1.7957746,0.5873830318450928,2.436189651489258
split_random,drug_mean,"Myeloid cells, AT13387",0.33985108,1.5823287,0.49639132618904114,2.2351293563842773
split_random,drug_mean,"B cells, Disulfiram",0.12695222,0.677182,0.30507028102874756,1.7188764810562134
split_random,drug_mean,"B cells, BMS-536924",0.3340552,1.1161796,0.5696456432342529,2.0707685947418213
split_random,drug_mean,"B cells, RN-486",0.056366984,0.68100816,0.07168938964605331,1.8082526922225952
split_random,drug_mean,"B cells, Defactinib",0.31567708,0.7755102,0.5666565895080566,1.6371644735336304
split_random,drug_mean,"Myeloid cells, Defactinib",0.2518459,1.0722536,0.43388259410858154,2.1114251613616943
split_random,drug_mean,"Myeloid cells, Resminostat",0.4721897,1.9671557,0.592742383480072,2.4277305603027344
split_random,drug_mean,"Myeloid cells, OSI-930",0.19203301,0.694046,0.29188892245292664,1.7160110473632812
split_random,drug_mean,"Myeloid cells, Saracatinib",0.4916905,1.3086319,0.6306418180465698,2.2054944038391113
split_random,drug_mean,"Myeloid cells, RG7112",0.38743567,0.7297022,0.5165814161300659,1.9130853414535522
split_random,drug_mean,"Myeloid cells, Lamivudine",0.13036367,0.7418613,0.3042532503604889,1.8321177959442139
split_random,drug_mean,"B cells, AZD-8330",0.41081664,0.80437976,0.654961347579956,1.6669023036956787
split_random,drug_mean,"Myeloid cells, AZD-8330",0.14753452,1.2423011,0.29359087347984314,2.3839941024780273
split_random,drug_mean,"B cells, Bosutinib",0.49949536,1.0899044,0.6689786911010742,1.9261479377746582
split_random,drug_mean,"Myeloid cells, Bosutinib",0.41733292,1.5674769,0.5503717064857483,2.4901041984558105
split_random,drug_mean,"B cells, Clemastine",0.19538161,0.75343275,0.3823534846305847,1.7717760801315308
split_random,drug_mean,"B cells, Buspirone",0.1501958,0.6054272,0.17837175726890564,1.8090639114379883
split_random,drug_mean,"B cells, Vandetanib",0.13091761,0.778118,0.23340024054050446,1.955511450767517
split_random,drug_mean,"Myeloid cells, SCH-58261",0.14425138,0.70866245,0.2706518769264221,1.7823960781097412
split_random,drug_mean,"B cells, Tosedostat",0.22877009,0.79257536,0.4220682382583618,1.6702966690063477
split_random,drug_mean,"Myeloid cells, Tosedostat",0.34893996,1.0000445,0.5489355325698853,1.9632519483566284
split_random,drug_mean,"B cells, Mometasone Furoate",0.5135713,1.1840895,0.7015732526779175,1.8660211563110352
split_random,drug_mean,"Myeloid cells, Mometasone Furoate",0.41281483,1.8330231,0.536873459815979,2.5716283321380615
split_random,drug_mean,"Myeloid cells, AZD4547",0.15222204,0.72619486,0.37472593784332275,1.8261399269104004
split_random,drug_mean,"Myeloid cells, Tacalcitol",0.19648403,2.19588,0.2592483460903168,3.1082136631011963
split_random,drug_mean,"B cells, Clotrimazole",0.15819055,0.7082387,0.27339109778404236,1.7329872846603394
split_cell_heldout,global_train_mean,"B cells, MK-5108",0.18080659,0.58018136,0.3453758656978607,1.6838642358779907
split_cell_heldout,global_train_mean,"B cells, Ganetespib (STA-9090)",0.3880083,1.6371533,0.5193173885345459,2.7387447357177734
split_cell_heldout,global_train_mean,"B cells, Sunitinib",0.3527557,0.8105694,0.5836547613143921,2.0038347244262695
split_cell_heldout,global_train_mean,"B cells, Tivozanib",0.37724885,0.7679397,0.654340922832489,1.9295438528060913
split_cell_heldout,global_train_mean,"B cells, Tamatinib",0.4761304,1.1410497,0.6765168309211731,2.2948877811431885
split_cell_heldout,global_train_mean,"B cells, Linagliptin",-0.02311872,0.6164424,-0.1373111456632614,1.8108570575714111
split_cell_heldout,global_train_mean,"B cells, 5-(9-Isopropyl-8-methyl-2-morpholino-9H-purin-6-yl)pyrimidin-2-amine",0.54082423,1.2895257,0.7199763655662537,2.3853180408477783
split_cell_heldout,global_train_mean,"B cells, O-Demethylated Adapalene",0.3167007,0.6861637,0.5495268702507019,1.843629240989685
split_cell_heldout,global_train_mean,"B cells, I-BET151",0.35229886,1.2736496,0.4950351417064667,2.4400136470794678
split_cell_heldout,global_train_mean,"B cells, Foretinib",0.5054463,1.0489328,0.7083609700202942,2.2035536766052246
split_cell_heldout,global_train_mean,"B cells, GW843682X",0.1875559,0.6208009,0.43059027194976807,1.8442697525024414
split_cell_heldout,global_train_mean,"B cells, IN1451",0.2492645,1.57829,0.36148902773857117,2.6577939987182617
split_cell_heldout,global_train_mean,"B cells, Raloxifene",0.095595315,0.63214225,0.29949769377708435,1.7727771997451782
split_cell_heldout,global_train_mean,"B cells, Topotecan",0.060549866,0.8396696,0.12241077423095703,2.1274638175964355
split_cell_heldout,global_train_mean,"B cells, BAY 87-2243",0.43650454,0.94411135,0.6635903716087341,2.143022298812866
split_cell_heldout,global_train_mean,"B cells, Porcn Inhibitor III",-0.045317356,0.6267809,0.031857192516326904,1.7777913808822632
split_cell_heldout,global_train_mean,"B cells, TL_HRAS26",0.27517474,0.60855967,0.5297427773475647,1.724359154701233
split_cell_heldout,global_train_mean,"B cells, Proscillaridin A;Proscillaridin-A",0.11297553,2.2835507,0.1447097510099411,3.1646928787231445
split_cell_heldout,global_train_mean,"B cells, BMS-265246",-0.047014326,1.1490782,-0.05554315075278282,2.4098827838897705
split_cell_heldout,global_train_mean,"B cells, Pomalidomide",-0.17132105,1.0326357,-0.2886250615119934,2.4652066230773926
split_cell_heldout,global_train_mean,"B cells, Dovitinib",0.39506456,0.86815655,0.6408247351646423,2.0928049087524414
split_cell_heldout,global_train_mean,"B cells, Navitoclax",-0.31602758,0.9643884,-0.571853756904602,2.320410966873169
split_cell_heldout,global_train_mean,"B cells, Methotrexate",-0.32311964,0.755462,-0.5929312109947205,1.9922863245010376
split_cell_heldout,global_train_mean,"B cells, Palbociclib",0.1606196,0.65575165,0.3768247663974762,1.7818561792373657
split_cell_heldout,global_train_mean,"B cells, AMD-070 (hydrochloride)",0.21599188,0.64424145,0.4311748743057251,1.8038759231567383
split_cell_heldout,global_train_mean,"B cells, FK 866",0.2542597,0.7390129,0.49994707107543945,1.9175008535385132
split_cell_heldout,global_train_mean,"B cells, Scriptaid",0.2962785,1.7128086,0.4166123569011688,2.765582799911499
split_cell_heldout,global_train_mean,"B cells, PF-04691502",0.4564695,1.0917174,0.6676055192947388,2.26045560836792
split_cell_heldout,global_train_mean,"B cells, Dactolisib",0.55292463,1.3869224,0.7341518998146057,2.5055387020111084
split_cell_heldout,global_train_mean,"B cells, Isoniazid",0.19568998,0.58872837,0.3409273624420166,1.7067089080810547
split_cell_heldout,global_train_mean,"B cells, Idelalisib",0.4419691,0.960408,0.6772245168685913,2.152102470397949
split_cell_heldout,global_train_mean,"B cells, Penfluridol",-0.09645534,0.63754845,-0.3109164535999298,1.8617360591888428
split_cell_heldout,global_train_mean,"B cells, Quizartinib",0.03365553,0.59558284,0.24832259118556976,1.659148931503296
split_cell_heldout,global_train_mean,"B cells, PD-0325901",0.36241496,0.7857686,0.6097424030303955,2.0059354305267334
split_cell_heldout,global_train_mean,"B cells, LDN 193189",0.0929231,0.5867394,0.2884852886199951,1.678769826889038
split_cell_heldout,global_train_mean,"B cells, Riociguat",0.059721433,0.5948783,0.13742728531360626,1.799471139907837
split_cell_heldout,global_train_mean,"B cells, CHIR-99021",-0.14122346,0.83363104,-0.3108590245246887,2.0874691009521484
split_cell_heldout,global_train_mean,"B cells, BI-D1870",0.1861366,0.6179336,0.37335535883903503,1.739210605621338
split_cell_heldout,global_train_mean,"B cells, Crizotinib",0.4061075,0.87164724,0.6364672780036926,2.0904386043548584
split_cell_heldout,global_train_mean,"B cells, Azacitidine",0.11146743,0.6792158,0.3226718604564667,1.8346470594406128
split_cell_heldout,global_train_mean,"B cells, TR-14035",0.30630913,0.63092524,0.5050910711288452,1.7756308317184448
split_cell_heldout,global_train_mean,"B cells, AT 7867",0.33056405,0.75947064,0.5631077289581299,1.8976480960845947
split_cell_heldout,global_train_mean,"B cells, GO-6976",0.072259784,0.7186654,0.18798662722110748,1.9209176301956177
split_cell_heldout,global_train_mean,"B cells, TGX 221",0.43472865,0.83782494,0.672719419002533,1.9856197834014893
split_cell_heldout,global_train_mean,"B cells, Pitavastatin Calcium",-0.15771939,1.1461844,-0.23379948735237122,2.4549129009246826
split_cell_heldout,global_train_mean,"B cells, ABT737",-0.17239273,1.0038149,-0.30551472306251526,2.2356717586517334
split_cell_heldout,global_train_mean,"B cells, PRT-062607",0.47420865,1.106442,0.6735175848007202,2.245316505432129
split_cell_heldout,global_train_mean,"B cells, AZ628",0.46004555,0.88773274,0.7163191437721252,2.011427640914917
split_cell_heldout,global_train_mean,"B cells, Masitinib",0.2893656,0.6904519,0.4653457701206207,1.7839616537094116
split_cell_heldout,global_train_mean,"B cells, STK219801",0.22136112,0.6199649,0.3199319839477539,1.859541654586792
split_cell_heldout,global_train_mean,"B cells, Ricolinostat",0.22733372,0.77932286,0.43388187885284424,1.9333903789520264
split_cell_heldout,global_train_mean,"B cells, Midostaurin",0.34983808,0.8124623,0.5689336061477661,1.986725926399231
split_cell_heldout,global_train_mean,"B cells, CEP-37440",0.24386361,0.7100034,0.4601875841617584,1.8757888078689575
split_cell_heldout,global_train_mean,"B cells, R428",0.4233058,0.96304226,0.6558666229248047,2.1541552543640137
split_cell_heldout,global_train_mean,"B cells, Oxybenzone",0.15101,0.5610884,0.14051710069179535,1.7168965339660645
split_cell_heldout,global_train_mean,"B cells, Tivantinib",0.3179594,0.6915369,0.5378201603889465,1.8162314891815186
split_cell_heldout,global_train_mean,"B cells, Colchicine",0.1822803,1.0644588,0.34632086753845215,2.3679776191711426
split_cell_heldout,global_train_mean,"B cells, BX 912",0.38304934,0.7239682,0.630605161190033,1.8192088603973389
split_cell_heldout,global_train_mean,"B cells, Selumetinib",0.36700127,0.8001913,0.6232074499130249,2.07226300239563
split_cell_heldout,global_train_mean,"B cells, RG7090",0.07427469,0.62825954,0.22659362852573395,1.763460636138916
split_cell_heldout,global_train_mean,"B cells, GLPG0634",0.4129324,0.82735294,0.6597995758056641,1.9070414304733276
split_cell_heldout,global_train_mean,"B cells, TIE2 Kinase Inhibitor",0.09268419,0.5695319,0.1581866443157196,1.6588724851608276
split_cell_heldout,global_train_mean,"B cells, Lapatinib",-0.05863146,0.677014,-0.09767621010541916,1.898582935333252
split_cell_heldout,global_train_mean,"B cells, Atorvastatin",0.13475336,0.6116355,0.3834235966205597,1.6964890956878662
split_cell_heldout,global_train_mean,"B cells, Clomipramine",0.10794992,0.605185,0.18714730441570282,1.743872880935669
split_cell_heldout,global_train_mean,"B cells, Ixabepilone",0.088160984,0.58802545,0.17474167048931122,1.8358705043792725
split_cell_heldout,global_train_mean,"B cells, Protriptyline",-0.0340912,0.60203445,-0.10036397725343704,1.761213779449463
split_cell_heldout,global_train_mean,"B cells, Phenylbutazone",0.12717077,0.5584766,0.2924709916114807,1.6549638509750366
split_cell_heldout,global_train_mean,"B cells, K-02288",0.29290405,0.6296971,0.5549165606498718,1.7472978830337524
split_cell_heldout,global_train_mean,"B cells, BMS-777607",0.22948907,0.63909924,0.4516451358795166,1.778428554534912
split_cell_heldout,global_train_mean,"B cells, Vorinostat",0.29298353,1.6007165,0.4238387942314148,2.682072162628174
split_cell_heldout,global_train_mean,"B cells, Ruxolitinib",0.41022754,0.9225157,0.6567431092262268,2.0834412574768066
split_cell_heldout,global_train_mean,"B cells, AVL-292",0.47613806,0.9561257,0.6904049515724182,2.1044812202453613
split_cell_heldout,global_train_mean,"B cells, Trametinib",0.18950005,0.75077885,0.49037966132164,1.918788194656372
split_cell_heldout,global_train_mean,"B cells, Sgc-cbp30",0.17865498,0.6677211,0.4282231330871582,1.7766040563583374
split_cell_heldout,global_train_mean,"B cells, Chlorpheniramine",0.16185914,0.60412866,0.26380470395088196,1.755751132965088
split_cell_heldout,global_train_mean,"B cells, BAY 61-3606",0.37189782,1.1981806,0.581233024597168,2.3462982177734375
split_cell_heldout,global_train_mean,"B cells, LY2090314",0.005982413,1.1714389,0.009715824387967587,2.466233968734741
split_cell_heldout,global_train_mean,"B cells, Vardenafil",0.18705411,0.58298796,0.4032169580459595,1.6508709192276
split_cell_heldout,global_train_mean,"B cells, Dasatinib",0.4268712,1.1640886,0.6417872905731201,2.362201452255249
split_cell_heldout,global_train_mean,"B cells, AT13387",0.37569585,1.5875628,0.5113077163696289,2.7258660793304443
split_cell_heldout,global_train_mean,"B cells, Perhexiline",0.4887293,1.0003933,0.7066834568977356,2.1007659435272217
split_cell_heldout,global_train_mean,"B cells, RVX-208",0.2890763,0.73201203,0.4744226038455963,1.8670076131820679
split_cell_heldout,global_train_mean,"B cells, Ketoconazole",-0.13732715,0.976561,-0.2631470561027527,2.3825316429138184
split_cell_heldout,global_train_mean,"B cells, Disulfiram",0.08858068,0.6033318,0.0848761796951294,1.7979397773742676
split_cell_heldout,global_train_mean,"B cells, Flutamide",0.046064526,0.596733,0.017929179593920708,1.8119789361953735
split_cell_heldout,global_train_mean,"B cells, Desloratadine",0.09182628,0.5912508,0.04780864343047142,1.700719952583313
split_cell_heldout,global_train_mean,"B cells, BMS-536924",0.4792121,1.0297773,0.6873031854629517,2.1861684322357178
split_cell_heldout,global_train_mean,"B cells, IKK Inhibitor VII",0.45616415,0.974994,0.6590114831924438,2.0968925952911377
split_cell_heldout,global_train_mean,"B cells, Amiodarone",0.056993954,0.5729433,0.05541416257619858,1.6668585538864136
split_cell_heldout,global_train_mean,"B cells, IMD-0354",0.34605104,1.2080045,0.5421521663665771,2.4530253410339355
split_cell_heldout,global_train_mean,"B cells, Canertinib",0.20193632,0.73035306,0.3901020884513855,1.9459686279296875
split_cell_heldout,global_train_mean,"B cells, Alogliptin",0.06443445,0.6132728,0.1353583186864853,1.813529372215271
split_cell_heldout,global_train_mean,"B cells, RN-486",-0.06981292,0.6504271,-0.13868410885334015,1.8302949666976929
split_cell_heldout,global_train_mean,"B cells, Decitabine",0.085473545,0.5807426,0.010875271633267403,1.7862210273742676
split_cell_heldout,global_train_mean,"B cells, Cabozantinib",0.039518557,0.74093604,0.16813792288303375,1.9292453527450562
split_cell_heldout,global_train_mean,"B cells, Defactinib",0.28027183,0.71813476,0.5327263474464417,1.7939307689666748
split_cell_heldout,global_train_mean,"B cells, AZD3514",0.2743848,0.7015659,0.478506475687027,1.8454071283340454
split_cell_heldout,global_train_mean,"B cells, HMN-214",-0.13006228,0.6425572,-0.21020269393920898,1.8448221683502197
split_cell_heldout,global_train_mean,"B cells, CC-401",0.40813223,0.7264534,0.6756563186645508,1.8291691541671753
split_cell_heldout,global_train_mean,"B cells, Resminostat",0.27364838,1.6794878,0.3945351541042328,2.7481091022491455
split_cell_heldout,global_train_mean,"B cells, Nilotinib",0.47782263,0.8611657,0.7395700216293335,2.0051093101501465
split_cell_heldout,global_train_mean,"B cells, OSI-930",0.023995688,0.5910474,-0.004898711107671261,1.7415192127227783
split_cell_heldout,global_train_mean,"B cells, Saracatinib",0.5013439,1.0259962,0.7087522745132446,2.2114439010620117
split_cell_heldout,global_train_mean,"B cells, RG7112",0.065096326,0.60247177,0.1855146288871765,2.01227068901062
split_cell_heldout,global_train_mean,"B cells, Lamivudine",0.21915157,0.61759686,0.443020224571228,1.7206588983535767
split_cell_heldout,global_train_mean,"B cells, AZD-8330",0.4481641,0.74217737,0.6901569366455078,1.8939327001571655
split_cell_heldout,global_train_mean,"B cells, Ceritinib",0.3085567,0.5829891,0.5753757953643799,1.6453430652618408
split_cell_heldout,global_train_mean,"B cells, CGM-097",-0.12272125,1.1142359,-0.1951950192451477,2.430769920349121
split_cell_heldout,global_train_mean,"B cells, SLx-2119",0.32190347,0.6318371,0.5842646360397339,1.7160378694534302
split_cell_heldout,global_train_mean,"B cells, Nefazodone",0.15171215,0.5987168,0.24642984569072723,1.8086496591567993
split_cell_heldout,global_train_mean,"B cells, TPCA-1",0.5242594,1.0974679,0.7162997722625732,2.214867353439331
split_cell_heldout,global_train_mean,"B cells, MGCD-265",0.26589394,0.6855058,0.46370670199394226,1.8085911273956299
split_cell_heldout,global_train_mean,"B cells, GSK-1070916",0.274823,0.6012242,0.5051472783088684,1.6549915075302124
split_cell_heldout,global_train_mean,"B cells, Bosutinib",0.43180287,1.1638235,0.6162247657775879,2.3223788738250732
split_cell_heldout,global_train_mean,"B cells, Clemastine",0.17736296,0.67133766,0.2776351571083069,1.8690013885498047
split_cell_heldout,global_train_mean,"B cells, YK 4-279",0.022381486,0.6313051,0.02616034261882305,1.837415337562561
split_cell_heldout,global_train_mean,"B cells, Buspirone",-0.013885327,0.6102602,-0.12739384174346924,1.887817144393921
split_cell_heldout,global_train_mean,"B cells, GSK256066",0.21517326,0.87028474,0.4082203805446625,2.193869113922119
split_cell_heldout,global_train_mean,"B cells, Vandetanib",0.332143,0.68174344,0.5857465267181396,1.8357206583023071
split_cell_heldout,global_train_mean,"B cells, Imatinib",0.10363638,0.56711495,0.1458277404308319,1.7599308490753174
split_cell_heldout,global_train_mean,"B cells, SCH-58261",-0.07001517,0.6119084,-0.12338630855083466,1.7762011289596558
split_cell_heldout,global_train_mean,"B cells, Colforsin",0.17891134,0.5805392,0.22513574361801147,1.7103967666625977
split_cell_heldout,global_train_mean,"B cells, Tosedostat",0.11092727,0.66914856,0.2608553171157837,1.8064481019973755
split_cell_heldout,global_train_mean,"B cells, ABT-199 (GDC-0199)",-0.22287878,1.0542766,-0.4253074824810028,2.3330538272857666
split_cell_heldout,global_train_mean,"B cells, Mometasone Furoate",0.47394875,1.2039714,0.6611796021461487,2.3823885917663574
split_cell_heldout,global_train_mean,"B cells, Tipifarnib",0.28451392,0.64124846,0.48863133788108826,1.7526150941848755
split_cell_heldout,global_train_mean,"B cells, Doxorubicin",-0.017895749,1.7852479,-0.008566911332309246,2.9070417881011963
split_cell_heldout,global_train_mean,"B cells, PF-03814735",0.41683677,1.1961384,0.6065369248390198,2.387805461883545
split_cell_heldout,global_train_mean,"B cells, AZD4547",0.13190776,0.59361047,0.32289981842041016,1.7518136501312256
split_cell_heldout,global_train_mean,"B cells, Prednisolone",0.41384783,1.057671,0.6313947439193726,2.2775580883026123
split_cell_heldout,global_train_mean,"B cells, Tacalcitol",0.27995613,0.6694485,0.4906226694583893,1.7407301664352417
split_cell_heldout,global_train_mean,"B cells, Clotrimazole",0.082778536,0.622799,0.09721805155277252,1.7939543724060059
split_cell_heldout,global_train_mean,"B cells, Mubritinib (TAK 165)",0.3987871,0.7978581,0.6717221140861511,1.9542899131774902
split_cell_heldout,global_train_mean,"B cells, Vanoxerine",0.14637856,0.59756815,0.26779407262802124,1.781733512878418
split_cell_heldout,global_train_mean,"B cells, SB525334",-0.13288282,0.7447811,-0.29355955123901367,2.019721508026123
split_cell_heldout,global_train_mean,"B cells, HYDROXYUREA",0.03829336,0.609684,0.0808274894952774,1.736550211906433
split_cell_heldout,cell_context_mean,"B cells, MK-5108",0.18080659,0.58018136,0.3453758656978607,1.6838642358779907
split_cell_heldout,cell_context_mean,"B cells, Ganetespib (STA-9090)",0.3880083,1.6371533,0.5193173885345459,2.7387447357177734
split_cell_heldout,cell_context_mean,"B cells, Sunitinib",0.3527557,0.8105694,0.5836547613143921,2.0038347244262695
split_cell_heldout,cell_context_mean,"B cells, Tivozanib",0.37724885,0.7679397,0.654340922832489,1.9295438528060913
split_cell_heldout,cell_context_mean,"B cells, Tamatinib",0.4761304,1.1410497,0.6765168309211731,2.2948877811431885
split_cell_heldout,cell_context_mean,"B cells, Linagliptin",-0.02311872,0.6164424,-0.1373111456632614,1.8108570575714111
split_cell_heldout,cell_context_mean,"B cells, 5-(9-Isopropyl-8-methyl-2-morpholino-9H-purin-6-yl)pyrimidin-2-amine",0.54082423,1.2895257,0.7199763655662537,2.3853180408477783
split_cell_heldout,cell_context_mean,"B cells, O-Demethylated Adapalene",0.3167007,0.6861637,0.5495268702507019,1.843629240989685
split_cell_heldout,cell_context_mean,"B cells, I-BET151",0.35229886,1.2736496,0.4950351417064667,2.4400136470794678
split_cell_heldout,cell_context_mean,"B cells, Foretinib",0.5054463,1.0489328,0.7083609700202942,2.2035536766052246
split_cell_heldout,cell_context_mean,"B cells, GW843682X",0.1875559,0.6208009,0.43059027194976807,1.8442697525024414
split_cell_heldout,cell_context_mean,"B cells, IN1451",0.2492645,1.57829,0.36148902773857117,2.6577939987182617
split_cell_heldout,cell_context_mean,"B cells, Raloxifene",0.095595315,0.63214225,0.29949769377708435,1.7727771997451782
split_cell_heldout,cell_context_mean,"B cells, Topotecan",0.060549866,0.8396696,0.12241077423095703,2.1274638175964355
split_cell_heldout,cell_context_mean,"B cells, BAY 87-2243",0.43650454,0.94411135,0.6635903716087341,2.143022298812866
split_cell_heldout,cell_context_mean,"B cells, Porcn Inhibitor III",-0.045317356,0.6267809,0.031857192516326904,1.7777913808822632
split_cell_heldout,cell_context_mean,"B cells, TL_HRAS26",0.27517474,0.60855967,0.5297427773475647,1.724359154701233
split_cell_heldout,cell_context_mean,"B cells, Proscillaridin A;Proscillaridin-A",0.11297553,2.2835507,0.1447097510099411,3.1646928787231445
split_cell_heldout,cell_context_mean,"B cells, BMS-265246",-0.047014326,1.1490782,-0.05554315075278282,2.4098827838897705
split_cell_heldout,cell_context_mean,"B cells, Pomalidomide",-0.17132105,1.0326357,-0.2886250615119934,2.4652066230773926
split_cell_heldout,cell_context_mean,"B cells, Dovitinib",0.39506456,0.86815655,0.6408247351646423,2.0928049087524414
split_cell_heldout,cell_context_mean,"B cells, Navitoclax",-0.31602758,0.9643884,-0.571853756904602,2.320410966873169
split_cell_heldout,cell_context_mean,"B cells, Methotrexate",-0.32311964,0.755462,-0.5929312109947205,1.9922863245010376
split_cell_heldout,cell_context_mean,"B cells, Palbociclib",0.1606196,0.65575165,0.3768247663974762,1.7818561792373657
split_cell_heldout,cell_context_mean,"B cells, AMD-070 (hydrochloride)",0.21599188,0.64424145,0.4311748743057251,1.8038759231567383
split_cell_heldout,cell_context_mean,"B cells, FK 866",0.2542597,0.7390129,0.49994707107543945,1.9175008535385132
split_cell_heldout,cell_context_mean,"B cells, Scriptaid",0.2962785,1.7128086,0.4166123569011688,2.765582799911499
split_cell_heldout,cell_context_mean,"B cells, PF-04691502",0.4564695,1.0917174,0.6676055192947388,2.26045560836792
split_cell_heldout,cell_context_mean,"B cells, Dactolisib",0.55292463,1.3869224,0.7341518998146057,2.5055387020111084
split_cell_heldout,cell_context_mean,"B cells, Isoniazid",0.19568998,0.58872837,0.3409273624420166,1.7067089080810547
split_cell_heldout,cell_context_mean,"B cells, Idelalisib",0.4419691,0.960408,0.6772245168685913,2.152102470397949
split_cell_heldout,cell_context_mean,"B cells, Penfluridol",-0.09645534,0.63754845,-0.3109164535999298,1.8617360591888428
split_cell_heldout,cell_context_mean,"B cells, Quizartinib",0.03365553,0.59558284,0.24832259118556976,1.659148931503296
split_cell_heldout,cell_context_mean,"B cells, PD-0325901",0.36241496,0.7857686,0.6097424030303955,2.0059354305267334
split_cell_heldout,cell_context_mean,"B cells, LDN 193189",0.0929231,0.5867394,0.2884852886199951,1.678769826889038
split_cell_heldout,cell_context_mean,"B cells, Riociguat",0.059721433,0.5948783,0.13742728531360626,1.799471139907837
split_cell_heldout,cell_context_mean,"B cells, CHIR-99021",-0.14122346,0.83363104,-0.3108590245246887,2.0874691009521484
split_cell_heldout,cell_context_mean,"B cells, BI-D1870",0.1861366,0.6179336,0.37335535883903503,1.739210605621338
split_cell_heldout,cell_context_mean,"B cells, Crizotinib",0.4061075,0.87164724,0.6364672780036926,2.0904386043548584
split_cell_heldout,cell_context_mean,"B cells, Azacitidine",0.11146743,0.6792158,0.3226718604564667,1.8346470594406128
split_cell_heldout,cell_context_mean,"B cells, TR-14035",0.30630913,0.63092524,0.5050910711288452,1.7756308317184448
split_cell_heldout,cell_context_mean,"B cells, AT 7867",0.33056405,0.75947064,0.5631077289581299,1.8976480960845947
split_cell_heldout,cell_context_mean,"B cells, GO-6976",0.072259784,0.7186654,0.18798662722110748,1.9209176301956177
split_cell_heldout,cell_context_mean,"B cells, TGX 221",0.43472865,0.83782494,0.672719419002533,1.9856197834014893
split_cell_heldout,cell_context_mean,"B cells, Pitavastatin Calcium",-0.15771939,1.1461844,-0.23379948735237122,2.4549129009246826
split_cell_heldout,cell_context_mean,"B cells, ABT737",-0.17239273,1.0038149,-0.30551472306251526,2.2356717586517334
split_cell_heldout,cell_context_mean,"B cells, PRT-062607",0.47420865,1.106442,0.6735175848007202,2.245316505432129
split_cell_heldout,cell_context_mean,"B cells, AZ628",0.46004555,0.88773274,0.7163191437721252,2.011427640914917
split_cell_heldout,cell_context_mean,"B cells, Masitinib",0.2893656,0.6904519,0.4653457701206207,1.7839616537094116
split_cell_heldout,cell_context_mean,"B cells, STK219801",0.22136112,0.6199649,0.3199319839477539,1.859541654586792
split_cell_heldout,cell_context_mean,"B cells, Ricolinostat",0.22733372,0.77932286,0.43388187885284424,1.9333903789520264
split_cell_heldout,cell_context_mean,"B cells, Midostaurin",0.34983808,0.8124623,0.5689336061477661,1.986725926399231
split_cell_heldout,cell_context_mean,"B cells, CEP-37440",0.24386361,0.7100034,0.4601875841617584,1.8757888078689575
split_cell_heldout,cell_context_mean,"B cells, R428",0.4233058,0.96304226,0.6558666229248047,2.1541552543640137
split_cell_heldout,cell_context_mean,"B cells, Oxybenzone",0.15101,0.5610884,0.14051710069179535,1.7168965339660645
split_cell_heldout,cell_context_mean,"B cells, Tivantinib",0.3179594,0.6915369,0.5378201603889465,1.8162314891815186
split_cell_heldout,cell_context_mean,"B cells, Colchicine",0.1822803,1.0644588,0.34632086753845215,2.3679776191711426
split_cell_heldout,cell_context_mean,"B cells, BX 912",0.38304934,0.7239682,0.630605161190033,1.8192088603973389
split_cell_heldout,cell_context_mean,"B cells, Selumetinib",0.36700127,0.8001913,0.6232074499130249,2.07226300239563
split_cell_heldout,cell_context_mean,"B cells, RG7090",0.07427469,0.62825954,0.22659362852573395,1.763460636138916
split_cell_heldout,cell_context_mean,"B cells, GLPG0634",0.4129324,0.82735294,0.6597995758056641,1.9070414304733276
split_cell_heldout,cell_context_mean,"B cells, TIE2 Kinase Inhibitor",0.09268419,0.5695319,0.1581866443157196,1.6588724851608276
split_cell_heldout,cell_context_mean,"B cells, Lapatinib",-0.05863146,0.677014,-0.09767621010541916,1.898582935333252
split_cell_heldout,cell_context_mean,"B cells, Atorvastatin",0.13475336,0.6116355,0.3834235966205597,1.6964890956878662
split_cell_heldout,cell_context_mean,"B cells, Clomipramine",0.10794992,0.605185,0.18714730441570282,1.743872880935669
split_cell_heldout,cell_context_mean,"B cells, Ixabepilone",0.088160984,0.58802545,0.17474167048931122,1.8358705043792725
split_cell_heldout,cell_context_mean,"B cells, Protriptyline",-0.0340912,0.60203445,-0.10036397725343704,1.761213779449463
split_cell_heldout,cell_context_mean,"B cells, Phenylbutazone",0.12717077,0.5584766,0.2924709916114807,1.6549638509750366
split_cell_heldout,cell_context_mean,"B cells, K-02288",0.29290405,0.6296971,0.5549165606498718,1.7472978830337524
split_cell_heldout,cell_context_mean,"B cells, BMS-777607",0.22948907,0.63909924,0.4516451358795166,1.778428554534912
split_cell_heldout,cell_context_mean,"B cells, Vorinostat",0.29298353,1.6007165,0.4238387942314148,2.682072162628174
split_cell_heldout,cell_context_mean,"B cells, Ruxolitinib",0.41022754,0.9225157,0.6567431092262268,2.0834412574768066
split_cell_heldout,cell_context_mean,"B cells, AVL-292",0.47613806,0.9561257,0.6904049515724182,2.1044812202453613
split_cell_heldout,cell_context_mean,"B cells, Trametinib",0.18950005,0.75077885,0.49037966132164,1.918788194656372
split_cell_heldout,cell_context_mean,"B cells, Sgc-cbp30",0.17865498,0.6677211,0.4282231330871582,1.7766040563583374
split_cell_heldout,cell_context_mean,"B cells, Chlorpheniramine",0.16185914,0.60412866,0.26380470395088196,1.755751132965088
split_cell_heldout,cell_context_mean,"B cells, BAY 61-3606",0.37189782,1.1981806,0.581233024597168,2.3462982177734375
split_cell_heldout,cell_context_mean,"B cells, LY2090314",0.005982413,1.1714389,0.009715824387967587,2.466233968734741
split_cell_heldout,cell_context_mean,"B cells, Vardenafil",0.18705411,0.58298796,0.4032169580459595,1.6508709192276
split_cell_heldout,cell_context_mean,"B cells, Dasatinib",0.4268712,1.1640886,0.6417872905731201,2.362201452255249
split_cell_heldout,cell_context_mean,"B cells, AT13387",0.37569585,1.5875628,0.5113077163696289,2.7258660793304443
split_cell_heldout,cell_context_mean,"B cells, Perhexiline",0.4887293,1.0003933,0.7066834568977356,2.1007659435272217
split_cell_heldout,cell_context_mean,"B cells, RVX-208",0.2890763,0.73201203,0.4744226038455963,1.8670076131820679
split_cell_heldout,cell_context_mean,"B cells, Ketoconazole",-0.13732715,0.976561,-0.2631470561027527,2.3825316429138184
split_cell_heldout,cell_context_mean,"B cells, Disulfiram",0.08858068,0.6033318,0.0848761796951294,1.7979397773742676
split_cell_heldout,cell_context_mean,"B cells, Flutamide",0.046064526,0.596733,0.017929179593920708,1.8119789361953735
split_cell_heldout,cell_context_mean,"B cells, Desloratadine",0.09182628,0.5912508,0.04780864343047142,1.700719952583313
split_cell_heldout,cell_context_mean,"B cells, BMS-536924",0.4792121,1.0297773,0.6873031854629517,2.1861684322357178
split_cell_heldout,cell_context_mean,"B cells, IKK Inhibitor VII",0.45616415,0.974994,0.6590114831924438,2.0968925952911377
split_cell_heldout,cell_context_mean,"B cells, Amiodarone",0.056993954,0.5729433,0.05541416257619858,1.6668585538864136
split_cell_heldout,cell_context_mean,"B cells, IMD-0354",0.34605104,1.2080045,0.5421521663665771,2.4530253410339355
split_cell_heldout,cell_context_mean,"B cells, Canertinib",0.20193632,0.73035306,0.3901020884513855,1.9459686279296875
split_cell_heldout,cell_context_mean,"B cells, Alogliptin",0.06443445,0.6132728,0.1353583186864853,1.813529372215271
split_cell_heldout,cell_context_mean,"B cells, RN-486",-0.06981292,0.6504271,-0.13868410885334015,1.8302949666976929
split_cell_heldout,cell_context_mean,"B cells, Decitabine",0.085473545,0.5807426,0.010875271633267403,1.7862210273742676
split_cell_heldout,cell_context_mean,"B cells, Cabozantinib",0.039518557,0.74093604,0.16813792288303375,1.9292453527450562
split_cell_heldout,cell_context_mean,"B cells, Defactinib",0.28027183,0.71813476,0.5327263474464417,1.7939307689666748
split_cell_heldout,cell_context_mean,"B cells, AZD3514",0.2743848,0.7015659,0.478506475687027,1.8454071283340454
split_cell_heldout,cell_context_mean,"B cells, HMN-214",-0.13006228,0.6425572,-0.21020269393920898,1.8448221683502197
split_cell_heldout,cell_context_mean,"B cells, CC-401",0.40813223,0.7264534,0.6756563186645508,1.8291691541671753
split_cell_heldout,cell_context_mean,"B cells, Resminostat",0.27364838,1.6794878,0.3945351541042328,2.7481091022491455
split_cell_heldout,cell_context_mean,"B cells, Nilotinib",0.47782263,0.8611657,0.7395700216293335,2.0051093101501465
split_cell_heldout,cell_context_mean,"B cells, OSI-930",0.023995688,0.5910474,-0.004898711107671261,1.7415192127227783
split_cell_heldout,cell_context_mean,"B cells, Saracatinib",0.5013439,1.0259962,0.7087522745132446,2.2114439010620117
split_cell_heldout,cell_context_mean,"B cells, RG7112",0.065096326,0.60247177,0.1855146288871765,2.01227068901062
split_cell_heldout,cell_context_mean,"B cells, Lamivudine",0.21915157,0.61759686,0.443020224571228,1.7206588983535767
split_cell_heldout,cell_context_mean,"B cells, AZD-8330",0.4481641,0.74217737,0.6901569366455078,1.8939327001571655
split_cell_heldout,cell_context_mean,"B cells, Ceritinib",0.3085567,0.5829891,0.5753757953643799,1.6453430652618408
split_cell_heldout,cell_context_mean,"B cells, CGM-097",-0.12272125,1.1142359,-0.1951950192451477,2.430769920349121
split_cell_heldout,cell_context_mean,"B cells, SLx-2119",0.32190347,0.6318371,0.5842646360397339,1.7160378694534302
split_cell_heldout,cell_context_mean,"B cells, Nefazodone",0.15171215,0.5987168,0.24642984569072723,1.8086496591567993
split_cell_heldout,cell_context_mean,"B cells, TPCA-1",0.5242594,1.0974679,0.7162997722625732,2.214867353439331
split_cell_heldout,cell_context_mean,"B cells, MGCD-265",0.26589394,0.6855058,0.46370670199394226,1.8085911273956299
split_cell_heldout,cell_context_mean,"B cells, GSK-1070916",0.274823,0.6012242,0.5051472783088684,1.6549915075302124
split_cell_heldout,cell_context_mean,"B cells, Bosutinib",0.43180287,1.1638235,0.6162247657775879,2.3223788738250732
split_cell_heldout,cell_context_mean,"B cells, Clemastine",0.17736296,0.67133766,0.2776351571083069,1.8690013885498047
split_cell_heldout,cell_context_mean,"B cells, YK 4-279",0.022381486,0.6313051,0.02616034261882305,1.837415337562561
split_cell_heldout,cell_context_mean,"B cells, Buspirone",-0.013885327,0.6102602,-0.12739384174346924,1.887817144393921
split_cell_heldout,cell_context_mean,"B cells, GSK256066",0.21517326,0.87028474,0.4082203805446625,2.193869113922119
split_cell_heldout,cell_context_mean,"B cells, Vandetanib",0.332143,0.68174344,0.5857465267181396,1.8357206583023071
split_cell_heldout,cell_context_mean,"B cells, Imatinib",0.10363638,0.56711495,0.1458277404308319,1.7599308490753174
split_cell_heldout,cell_context_mean,"B cells, SCH-58261",-0.07001517,0.6119084,-0.12338630855083466,1.7762011289596558
split_cell_heldout,cell_context_mean,"B cells, Colforsin",0.17891134,0.5805392,0.22513574361801147,1.7103967666625977
split_cell_heldout,cell_context_mean,"B cells, Tosedostat",0.11092727,0.66914856,0.2608553171157837,1.8064481019973755
split_cell_heldout,cell_context_mean,"B cells, ABT-199 (GDC-0199)",-0.22287878,1.0542766,-0.4253074824810028,2.3330538272857666
split_cell_heldout,cell_context_mean,"B cells, Mometasone Furoate",0.47394875,1.2039714,0.6611796021461487,2.3823885917663574
split_cell_heldout,cell_context_mean,"B cells, Tipifarnib",0.28451392,0.64124846,0.48863133788108826,1.7526150941848755
split_cell_heldout,cell_context_mean,"B cells, Doxorubicin",-0.017895749,1.7852479,-0.008566911332309246,2.9070417881011963
split_cell_heldout,cell_context_mean,"B cells, PF-03814735",0.41683677,1.1961384,0.6065369248390198,2.387805461883545
split_cell_heldout,cell_context_mean,"B cells, AZD4547",0.13190776,0.59361047,0.32289981842041016,1.7518136501312256
split_cell_heldout,cell_context_mean,"B cells, Prednisolone",0.41384783,1.057671,0.6313947439193726,2.2775580883026123
split_cell_heldout,cell_context_mean,"B cells, Tacalcitol",0.27995613,0.6694485,0.4906226694583893,1.7407301664352417
split_cell_heldout,cell_context_mean,"B cells, Clotrimazole",0.082778536,0.622799,0.09721805155277252,1.7939543724060059
split_cell_heldout,cell_context_mean,"B cells, Mubritinib (TAK 165)",0.3987871,0.7978581,0.6717221140861511,1.9542899131774902
split_cell_heldout,cell_context_mean,"B cells, Vanoxerine",0.14637856,0.59756815,0.26779407262802124,1.781733512878418
split_cell_heldout,cell_context_mean,"B cells, SB525334",-0.13288282,0.7447811,-0.29355955123901367,2.019721508026123
split_cell_heldout,cell_context_mean,"B cells, HYDROXYUREA",0.03829336,0.609684,0.0808274894952774,1.736550211906433
split_cell_heldout,drug_mean,"B cells, MK-5108",0.18367472,0.63089925,0.3730846345424652,1.6475170850753784
split_cell_heldout,drug_mean,"B cells, Ganetespib (STA-9090)",0.63122183,1.3457456,0.7573983669281006,1.9314779043197632
split_cell_heldout,drug_mean,"B cells, Sunitinib",0.29797217,0.84503114,0.5336362719535828,1.9199658632278442
split_cell_heldout,drug_mean,"B cells, Tivozanib",0.25927693,0.8309823,0.5039491057395935,1.912718653678894
split_cell_heldout,drug_mean,"B cells, Tamatinib",0.5396936,1.0598121,0.734460175037384,1.8313568830490112
split_cell_heldout,drug_mean,"B cells, Linagliptin",0.07859373,0.6450351,0.12385097146034241,1.7627263069152832
split_cell_heldout,drug_mean,"B cells, 5-(9-Isopropyl-8-methyl-2-morpholino-9H-purin-6-yl)pyrimidin-2-amine",0.6216438,1.1161556,0.7602869272232056,1.736573338508606
split_cell_heldout,drug_mean,"B cells, O-Demethylated Adapalene",0.21821783,0.7586767,0.4166412353515625,1.8379184007644653
split_cell_heldout,drug_mean,"B cells, I-BET151",0.66063386,1.0881991,0.8298519253730774,1.4547793865203857
split_cell_heldout,drug_mean,"B cells, Foretinib",0.48105523,1.0160851,0.6752703785896301,1.9074245691299438
split_cell_heldout,drug_mean,"B cells, GW843682X",0.2804091,0.6456193,0.4550112783908844,1.665276050567627
split_cell_heldout,drug_mean,"B cells, IN1451",0.7455747,1.2725177,0.9004586935043335,1.1979643106460571
split_cell_heldout,drug_mean,"B cells, Raloxifene",0.14164537,0.77362245,0.416711688041687,1.676411509513855
split_cell_heldout,drug_mean,"B cells, Topotecan",0.46634066,0.8633221,0.6910397410392761,1.571790099143982
split_cell_heldout,drug_mean,"B cells, BAY 87-2243",0.42791098,1.0503206,0.6122996211051941,1.845948576927185
split_cell_heldout,drug_mean,"B cells, Porcn Inhibitor III",0.18026716,0.7353526,0.41078102588653564,1.6261811256408691
split_cell_heldout,drug_mean,"B cells, TL_HRAS26",0.13665037,0.684804,0.30009740591049194,1.7800296545028687
split_cell_heldout,drug_mean,"B cells, Proscillaridin A;Proscillaridin-A",0.74273866,1.717325,0.8490632772445679,1.7023645639419556
split_cell_heldout,drug_mean,"B cells, BMS-265246",0.5895042,0.9796289,0.7769786715507507,1.515743613243103
split_cell_heldout,drug_mean,"B cells, Pomalidomide",0.4383608,0.9289,0.6549987196922302,1.801950454711914
split_cell_heldout,drug_mean,"B cells, Dovitinib",0.31513655,0.92232245,0.5272866487503052,1.977213978767395
split_cell_heldout,drug_mean,"B cells, Navitoclax",0.27378887,0.8568194,0.5190091133117676,1.9051083326339722
split_cell_heldout,drug_mean,"B cells, Methotrexate",0.24873209,0.69287676,0.49242475628852844,1.5715562105178833
split_cell_heldout,drug_mean,"B cells, Palbociclib",0.15201288,0.722968,0.35394665598869324,1.7761329412460327
split_cell_heldout,drug_mean,"B cells, AMD-070 (hydrochloride)",0.16460833,0.71371156,0.33300769329071045,1.8025859594345093
split_cell_heldout,drug_mean,"B cells, FK 866",0.3660706,0.82678455,0.650265634059906,1.5799347162246704
split_cell_heldout,drug_mean,"B cells, Scriptaid",0.7238653,1.2441621,0.8436817526817322,1.567571759223938
split_cell_heldout,drug_mean,"B cells, PF-04691502",0.48839378,1.0510976,0.6828768253326416,1.875064730644226
split_cell_heldout,drug_mean,"B cells, Dactolisib",0.6661252,1.1654794,0.8099353313446045,1.6071385145187378
split_cell_heldout,drug_mean,"B cells, Isoniazid",0.113804,0.6450792,0.24279052019119263,1.7258551120758057
split_cell_heldout,drug_mean,"B cells, Idelalisib",0.4526651,0.9352927,0.6708862781524658,1.9096603393554688
split_cell_heldout,drug_mean,"B cells, Penfluridol",0.11703561,0.6566736,0.28156909346580505,1.715975284576416
split_cell_heldout,drug_mean,"B cells, Quizartinib",0.13228016,0.64254665,0.30566897988319397,1.6221941709518433
split_cell_heldout,drug_mean,"B cells, PD-0325901",0.34996003,0.88625395,0.6458854079246521,1.711015224456787
split_cell_heldout,drug_mean,"B cells, LDN 193189",0.18925105,0.6421089,0.39941462874412537,1.6168807744979858
split_cell_heldout,drug_mean,"B cells, Riociguat",0.08832162,0.6371591,0.17410770058631897,1.8030681610107422
split_cell_heldout,drug_mean,"B cells, CHIR-99021",0.45926833,0.83616596,0.7186563611030579,1.4044270515441895
split_cell_heldout,drug_mean,"B cells, BI-D1870",0.17727761,0.6997737,0.3261556029319763,1.7357898950576782
split_cell_heldout,drug_mean,"B cells, Crizotinib",0.45430714,0.8591463,0.7151503562927246,1.7720365524291992
split_cell_heldout,drug_mean,"B cells, Azacitidine",0.26108542,0.67713416,0.5104969143867493,1.6873878240585327
split_cell_heldout,drug_mean,"B cells, TR-14035",0.22781716,0.6881856,0.38845738768577576,1.7857121229171753
split_cell_heldout,drug_mean,"B cells, AT 7867",0.30777484,0.8641502,0.5150157809257507,1.7819379568099976
split_cell_heldout,drug_mean,"B cells, GO-6976",0.2817252,0.80892825,0.5025238990783691,1.6947765350341797
split_cell_heldout,drug_mean,"B cells, TGX 221",0.4202708,0.8560338,0.645926833152771,1.7733463048934937
split_cell_heldout,drug_mean,"B cells, Pitavastatin Calcium",0.53292423,1.208104,0.7599871158599854,1.5308804512023926
split_cell_heldout,drug_mean,"B cells, ABT737",0.19032441,0.96267915,0.3149946630001068,2.018028974533081
split_cell_heldout,drug_mean,"B cells, PRT-062607",0.46982712,1.0924318,0.6892538666725159,1.8932297229766846
split_cell_heldout,drug_mean,"B cells, AZ628",0.3928216,0.9170885,0.6464340686798096,1.852159857749939
split_cell_heldout,drug_mean,"B cells, Masitinib",0.23176807,0.74880713,0.337302565574646,1.7823967933654785
split_cell_heldout,drug_mean,"B cells, STK219801",0.27044225,0.6534072,0.4009210467338562,1.7146801948547363
split_cell_heldout,drug_mean,"B cells, Ricolinostat",0.44639206,0.7884341,0.6658433079719543,1.4814791679382324
split_cell_heldout,drug_mean,"B cells, Midostaurin",0.37713474,0.8680976,0.564829409122467,1.754725456237793
split_cell_heldout,drug_mean,"B cells, CEP-37440",0.19471532,0.80689675,0.35555019974708557,1.8638954162597656
split_cell_heldout,drug_mean,"B cells, R428",0.410673,1.2699643,0.6462955474853516,1.7898714542388916
split_cell_heldout,drug_mean,"B cells, Oxybenzone",0.13114303,0.602671,0.15827593207359314,1.7219338417053223
split_cell_heldout,drug_mean,"B cells, Tivantinib",0.35064,0.72936547,0.5690551996231079,1.6377123594284058
split_cell_heldout,drug_mean,"B cells, Colchicine",0.40561312,1.1641377,0.6424443125724792,1.8635244369506836
split_cell_heldout,drug_mean,"B cells, BX 912",0.35418025,0.7800834,0.6214746236801147,1.6587538719177246
split_cell_heldout,drug_mean,"B cells, Selumetinib",0.31752318,0.86111313,0.6038880944252014,1.919914722442627
split_cell_heldout,drug_mean,"B cells, RG7090",0.25499496,0.68497294,0.504545271396637,1.5951741933822632
split_cell_heldout,drug_mean,"B cells, GLPG0634",0.46308872,0.81168634,0.6961732506752014,1.6490520238876343
split_cell_heldout,drug_mean,"B cells, TIE2 Kinase Inhibitor",0.17104633,0.6050928,0.38971084356307983,1.5727204084396362
split_cell_heldout,drug_mean,"B cells, Lapatinib",0.24518095,0.65654707,0.5350027680397034,1.6133813858032227
split_cell_heldout,drug_mean,"B cells, Atorvastatin",0.25141343,0.6338723,0.47503897547721863,1.5838896036148071
split_cell_heldout,drug_mean,"B cells, Clomipramine",0.22617708,0.6334704,0.4086618721485138,1.6362860202789307
split_cell_heldout,drug_mean,"B cells, Ixabepilone",0.15680921,0.6270482,0.3733740448951721,1.7235233783721924
split_cell_heldout,drug_mean,"B cells, Protriptyline",0.11094839,0.60635173,0.26688411831855774,1.6730787754058838
split_cell_heldout,drug_mean,"B cells, Phenylbutazone",0.11421877,0.61331844,0.09327414631843567,1.705282211303711
split_cell_heldout,drug_mean,"B cells, K-02288",0.053472526,0.7733605,0.06159535050392151,1.9197099208831787
split_cell_heldout,drug_mean,"B cells, BMS-777607",0.2070375,0.69646734,0.3976541757583618,1.7597382068634033
split_cell_heldout,drug_mean,"B cells, Vorinostat",0.6959447,1.2244636,0.8244208097457886,1.6000508069992065
split_cell_heldout,drug_mean,"B cells, Ruxolitinib",0.4569037,0.94127965,0.7108993530273438,1.7033166885375977
split_cell_heldout,drug_mean,"B cells, AVL-292",0.3967721,0.97272843,0.6190707087516785,1.9632858037948608
split_cell_heldout,drug_mean,"B cells, Trametinib",0.33733553,0.8234801,0.6496486663818359,1.618242621421814
split_cell_heldout,drug_mean,"B cells, Sgc-cbp30",0.29125923,0.73700136,0.5753818154335022,1.5934504270553589
split_cell_heldout,drug_mean,"B cells, Chlorpheniramine",0.15778208,0.6448407,0.2882676124572754,1.7370015382766724
split_cell_heldout,drug_mean,"B cells, BAY 61-3606",0.6146274,1.119846,0.8088858723640442,1.472608208656311
split_cell_heldout,drug_mean,"B cells, LY2090314",0.5413232,1.2425554,0.7642050385475159,1.582740306854248
split_cell_heldout,drug_mean,"B cells, Vardenafil",0.16711038,0.6418542,0.38838425278663635,1.6242111921310425
split_cell_heldout,drug_mean,"B cells, Dasatinib",0.45876446,1.1495345,0.6611582636833191,1.9789105653762817
split_cell_heldout,drug_mean,"B cells, AT13387",0.6012987,1.3425392,0.741999626159668,1.9977229833602905
split_cell_heldout,drug_mean,"B cells, Perhexiline",0.5287276,0.93588734,0.7204949855804443,1.7537659406661987
split_cell_heldout,drug_mean,"B cells, RVX-208",0.42435142,0.74344796,0.6048537492752075,1.5595037937164307
split_cell_heldout,drug_mean,"B cells, Ketoconazole",0.5297284,0.8896124,0.7139360308647156,1.538463830947876
split_cell_heldout,drug_mean,"B cells, Disulfiram",0.13807154,0.64568293,0.29783713817596436,1.7213246822357178
split_cell_heldout,drug_mean,"B cells, Flutamide",0.11430805,0.6328253,0.2758421003818512,1.7431553602218628
split_cell_heldout,drug_mean,"B cells, Desloratadine",0.18588741,0.61542153,0.3001776933670044,1.6116383075714111
split_cell_heldout,drug_mean,"B cells, BMS-536924",0.50079715,0.9844696,0.7089159488677979,1.8479293584823608
split_cell_heldout,drug_mean,"B cells, IKK Inhibitor VII",0.42391983,1.018818,0.6337612271308899,1.8303412199020386
split_cell_heldout,drug_mean,"B cells, Amiodarone",0.15528373,0.6084979,0.2674405872821808,1.5969489812850952
split_cell_heldout,drug_mean,"B cells, IMD-0354",0.5971339,1.0799783,0.7776883244514465,1.6572402715682983
split_cell_heldout,drug_mean,"B cells, Canertinib",0.34058186,0.7721687,0.5508915781974792,1.6645538806915283
split_cell_heldout,drug_mean,"B cells, Alogliptin",0.106016785,0.64990485,0.09037070721387863,1.8380448818206787
split_cell_heldout,drug_mean,"B cells, RN-486",0.056366984,0.68100816,0.07168938964605331,1.8082526922225952
split_cell_heldout,drug_mean,"B cells, Decitabine",0.10025583,0.61416787,0.17854298651218414,1.755240797996521
split_cell_heldout,drug_mean,"B cells, Cabozantinib",0.26222378,0.7244875,0.5464448928833008,1.7159762382507324
split_cell_heldout,drug_mean,"B cells, Defactinib",0.37171188,0.7536854,0.6435394883155823,1.5454429388046265
split_cell_heldout,drug_mean,"B cells, AZD3514",0.41895935,0.70443696,0.6382769346237183,1.552449107170105
split_cell_heldout,drug_mean,"B cells, HMN-214",0.32264128,0.64228654,0.5655337572097778,1.4674618244171143
split_cell_heldout,drug_mean,"B cells, CC-401",0.45675045,0.746661,0.7101933360099792,1.5191264152526855
split_cell_heldout,drug_mean,"B cells, Resminostat",0.6841472,1.3037212,0.8156316876411438,1.6561343669891357
split_cell_heldout,drug_mean,"B cells, Nilotinib",0.45286214,0.8777005,0.6938477158546448,1.727745532989502
split_cell_heldout,drug_mean,"B cells, OSI-930",0.16275278,0.61874795,0.3470146059989929,1.622687816619873
split_cell_heldout,drug_mean,"B cells, Saracatinib",0.48803467,1.014073,0.7045177221298218,1.8559476137161255
split_cell_heldout,drug_mean,"B cells, RG7112",0.267627,0.65052676,0.5144667625427246,1.6586034297943115
split_cell_heldout,drug_mean,"B cells, Lamivudine",0.1447272,0.68321866,0.24128800630569458,1.7670773267745972
split_cell_heldout,drug_mean,"B cells, AZD-8330",0.39053234,0.8093269,0.6618393659591675,1.6683307886123657
split_cell_heldout,drug_mean,"B cells, Ceritinib",0.28437725,0.6710383,0.56166672706604,1.539016604423523
split_cell_heldout,drug_mean,"B cells, CGM-097",0.58244306,0.8986115,0.7776619791984558,1.5102907419204712
split_cell_heldout,drug_mean,"B cells, SLx-2119",0.18421303,0.72244537,0.4433198571205139,1.700066328048706
split_cell_heldout,drug_mean,"B cells, Nefazodone",0.105464004,0.6547235,0.10096666216850281,1.8435084819793701
split_cell_heldout,drug_mean,"B cells, TPCA-1",0.4959921,1.0861828,0.7097012996673584,1.8217206001281738
split_cell_heldout,drug_mean,"B cells, MGCD-265",0.1853821,0.7359419,0.3540058434009552,1.8225258588790894
split_cell_heldout,drug_mean,"B cells, GSK-1070916",0.26260936,0.66807127,0.41926005482673645,1.5938165187835693
split_cell_heldout,drug_mean,"B cells, Bosutinib",0.5218792,1.0961651,0.7025136947631836,1.8298923969268799
split_cell_heldout,drug_mean,"B cells, Clemastine",0.24948627,0.69610137,0.4429013729095459,1.7587493658065796
split_cell_heldout,drug_mean,"B cells, YK 4-279",0.16192208,0.6597356,0.3409996032714844,1.733522653579712
split_cell_heldout,drug_mean,"B cells, Buspirone",0.1501958,0.6054272,0.17837175726890564,1.8090639114379883
split_cell_heldout,drug_mean,"B cells, GSK256066",0.29934913,0.92382985,0.48833203315734863,1.979454517364502
split_cell_heldout,drug_mean,"B cells, Vandetanib",0.13091761,0.778118,0.23340024054050446,1.955511450767517
split_cell_heldout,drug_mean,"B cells, Imatinib",0.09523166,0.6103726,0.19085970520973206,1.7472925186157227
split_cell_heldout,drug_mean,"B cells, SCH-58261",0.08880355,0.6400572,0.14084109663963318,1.7130560874938965
split_cell_heldout,drug_mean,"B cells, Colforsin",0.12974572,0.6516067,0.1793910562992096,1.7187336683273315
split_cell_heldout,drug_mean,"B cells, Tosedostat",0.24704628,0.7838173,0.4950372278690338,1.5983723402023315
split_cell_heldout,drug_mean,"B cells, ABT-199 (GDC-0199)",0.11712712,0.9980687,0.2026452124118805,2.1612443923950195
split_cell_heldout,drug_mean,"B cells, Mometasone Furoate",0.5349188,1.189434,0.7346962690353394,1.7848379611968994
split_cell_heldout,drug_mean,"B cells, Tipifarnib",0.2979601,0.71287876,0.4647335708141327,1.6669319868087769
split_cell_heldout,drug_mean,"B cells, Doxorubicin",0.52078664,1.5376575,0.6637049913406372,2.202977418899536
split_cell_heldout,drug_mean,"B cells, PF-03814735",0.5528032,1.1181252,0.7529981136322021,1.7731858491897583
split_cell_heldout,drug_mean,"B cells, AZD4547",0.111843035,0.6575707,0.15872088074684143,1.7907068729400635
split_cell_heldout,drug_mean,"B cells, Prednisolone",0.4508313,1.1289327,0.6782042384147644,1.8310329914093018
split_cell_heldout,drug_mean,"B cells, Tacalcitol",0.19504832,1.0118915,0.43754130601882935,1.7434275150299072
split_cell_heldout,drug_mean,"B cells, Clotrimazole",0.15690449,0.6621725,0.25744718313217163,1.7413160800933838
split_cell_heldout,drug_mean,"B cells, Mubritinib (TAK 165)",0.39880863,0.88942736,0.644461989402771,1.6788777112960815
split_cell_heldout,drug_mean,"B cells, Vanoxerine",0.16682121,0.6496466,0.2068459391593933,1.7755038738250732
split_cell_heldout,drug_mean,"B cells, SB525334",0.3277267,0.81412023,0.542896568775177,1.602262020111084
split_cell_heldout,drug_mean,"B cells, HYDROXYUREA",0.10734548,0.6395008,0.2264779508113861,1.701880693435669
split_scaffold_heldout,global_train_mean,"NK cells, Lapatinib",-0.13175175,0.757838,-0.2906274199485779,1.9560154676437378
split_scaffold_heldout,global_train_mean,"T cells, Lapatinib",-0.02031883,0.64019316,0.02913540229201317,1.8748010396957397
split_scaffold_heldout,global_train_mean,"B cells, Tamatinib",0.6007656,1.1025676,0.7808623909950256,2.217961549758911
split_scaffold_heldout,global_train_mean,"Myeloid cells, Tamatinib",0.53411627,1.3044622,0.7180284857749939,2.423190116882324
split_scaffold_heldout,global_train_mean,"NK cells, Tamatinib",0.36013302,0.80975217,0.5451353788375854,1.848144292831421
split_scaffold_heldout,global_train_mean,"T cells, Tamatinib",0.63956946,0.9954291,0.8161155581474304,2.0428242683410645
split_scaffold_heldout,global_train_mean,"NK cells, BMS-387032",0.22518513,0.81364,0.4333255887031555,1.9801503419876099
split_scaffold_heldout,global_train_mean,"T cells, BMS-387032",0.39585528,1.2237219,0.5801963210105896,2.3931353092193604
split_scaffold_heldout,global_train_mean,"B cells, BAY 87-2243",0.5315393,0.9150135,0.7407460808753967,2.0748744010925293
split_scaffold_heldout,global_train_mean,"Myeloid cells, BAY 87-2243",0.3156641,1.4013647,0.4178299307823181,2.537083625793457
split_scaffold_heldout,global_train_mean,"NK cells, BAY 87-2243",0.35186777,0.89251137,0.5433876514434814,2.1298792362213135
split_scaffold_heldout,global_train_mean,"T cells, BAY 87-2243",0.43408766,1.231244,0.6078965067863464,2.343294858932495
split_scaffold_heldout,global_train_mean,"NK cells, BMS-777607",0.12165296,0.65708727,0.2556320130825043,1.7608238458633423
split_scaffold_heldout,global_train_mean,"T cells, BMS-777607",0.38959858,0.5253465,0.6791082620620728,1.4695484638214111
split_scaffold_heldout,global_train_mean,"NK cells, Vorinostat",0.3058495,1.2034116,0.49525323510169983,2.387406349182129
split_scaffold_heldout,global_train_mean,"T cells, Vorinostat",0.35614553,2.14153,0.44475898146629333,3.033463716506958
split_scaffold_heldout,global_train_mean,"B cells, Pomalidomide",-0.16594179,1.0362666,-0.2740296721458435,2.4691481590270996
split_scaffold_heldout,global_train_mean,"Myeloid cells, Pomalidomide",-0.084207766,1.1029185,-0.07104188948869705,2.5815978050231934
split_scaffold_heldout,global_train_mean,"NK cells, Pomalidomide",-0.09573376,0.8982017,-0.1584717035293579,2.2393016815185547
split_scaffold_heldout,global_train_mean,"T cells, Pomalidomide",-0.17286195,1.3138372,-0.23525089025497437,2.72552490234375
split_scaffold_heldout,global_train_mean,"NK cells, Ketoconazole",-0.10197725,0.9489354,-0.2247079312801361,2.2824525833129883
split_scaffold_heldout,global_train_mean,"T cells, Ketoconazole",-0.24656968,1.296382,-0.4070289134979248,2.7218739986419678
split_scaffold_heldout,global_train_mean,"NK cells, Flutamide",0.13958086,0.683892,0.3675881326198578,1.7685370445251465
split_scaffold_heldout,global_train_mean,"T cells, Flutamide",0.05665541,0.5592497,0.4083791673183441,1.6453030109405518
split_scaffold_heldout,global_train_mean,"NK cells, Desloratadine",0.05199231,0.6699213,0.028383983299136162,1.8201016187667847
split_scaffold_heldout,global_train_mean,"T cells, Desloratadine",0.13608132,0.5401813,0.36319220066070557,1.5607221126556396
split_scaffold_heldout,global_train_mean,"NK cells, Canertinib",0.08676302,0.70763975,0.1473468691110611,1.9460819959640503
split_scaffold_heldout,global_train_mean,"T cells, Canertinib",0.2238735,0.7743657,0.3989807665348053,2.0226330757141113
split_scaffold_heldout,global_train_mean,"B cells, LDN 193189",0.1315197,0.5816155,0.34111255407333374,1.6584391593933105
split_scaffold_heldout,global_train_mean,"Myeloid cells, LDN 193189",-0.032962877,0.8106335,0.0554414726793766,2.038726568222046
split_scaffold_heldout,global_train_mean,"NK cells, LDN 193189",-0.03426146,0.7137038,-0.15291324257850647,1.9118483066558838
split_scaffold_heldout,global_train_mean,"T cells, LDN 193189",0.2198951,0.560558,0.4078598916530609,1.6817798614501953
split_scaffold_heldout,global_train_mean,"B cells, Riociguat",0.10798003,0.58795047,0.23247241973876953,1.7741378545761108
split_scaffold_heldout,global_train_mean,"Myeloid cells, Riociguat",0.24753629,0.5779405,0.456859827041626,1.6626112461090088
split_scaffold_heldout,global_train_mean,"NK cells, Riociguat",0.122036636,0.66731197,0.2876397967338562,1.8059455156326294
split_scaffold_heldout,global_train_mean,"T cells, Riociguat",0.1964186,0.5116007,0.25715526938438416,1.7375047206878662
split_scaffold_heldout,global_train_mean,"NK cells, CC-401",0.27497315,0.6793145,0.47542932629585266,1.7837315797805786
split_scaffold_heldout,global_train_mean,"T cells, CC-401",0.4756334,0.7577867,0.7003275752067566,1.8753058910369873
split_scaffold_heldout,global_train_mean,"NK cells, OSI-930",-0.10890771,0.72712725,-0.2783748507499695,1.927732229232788
split_scaffold_heldout,global_train_mean,"T cells, OSI-930",-0.05039353,0.5742679,-0.11464541405439377,1.7392634153366089
split_scaffold_heldout,global_train_mean,"NK cells, Saracatinib",0.27852282,0.7199173,0.4412963390350342,1.8620994091033936
split_scaffold_heldout,global_train_mean,"T cells, Saracatinib",0.6288488,0.77480567,0.8309653997421265,1.7746385335922241
split_scaffold_heldout,global_train_mean,"NK cells, Lamivudine",0.16874965,0.6612959,0.2792316973209381,1.8676093816757202
split_scaffold_heldout,global_train_mean,"T cells, Lamivudine",0.23573232,0.5114519,0.41365304589271545,1.5643740892410278
split_scaffold_heldout,global_train_mean,"B cells, Pitavastatin Calcium",-0.15984099,1.1512377,-0.22809986770153046,2.4632747173309326
split_scaffold_heldout,global_train_mean,"Myeloid cells, Pitavastatin Calcium",-0.031801604,2.3480213,-0.022385988384485245,3.2263612747192383
split_scaffold_heldout,global_train_mean,"NK cells, Pitavastatin Calcium",-0.15292235,1.4390008,-0.20406290888786316,2.725156784057617
split_scaffold_heldout,global_train_mean,"T cells, Pitavastatin Calcium",-0.23643142,1.6502576,-0.32766416668891907,2.898474931716919
split_scaffold_heldout,global_train_mean,"NK cells, Ceritinib",0.3028616,0.66886675,0.5065550208091736,1.7662439346313477
split_scaffold_heldout,global_train_mean,"T cells, Ceritinib",0.48746768,0.5434326,0.7319778203964233,1.5196082592010498
split_scaffold_heldout,global_train_mean,"NK cells, SLx-2119",0.12703264,0.7168301,0.0896424800157547,1.9886645078659058
split_scaffold_heldout,global_train_mean,"T cells, SLx-2119",0.31202883,0.58694994,0.5507327318191528,1.7414990663528442
split_scaffold_heldout,global_train_mean,"NK cells, MGCD-265",0.081168845,0.6609144,0.11830920726060867,1.8156620264053345
split_scaffold_heldout,global_train_mean,"T cells, MGCD-265",0.426345,0.45321208,0.6535394191741943,1.4380242824554443
split_scaffold_heldout,global_train_mean,"NK cells, Clemastine",0.18165672,0.6538676,0.2594236135482788,1.7661585807800293
split_scaffold_heldout,global_train_mean,"T cells, Clemastine",0.35858062,0.51199883,0.7258925437927246,1.452709674835205
split_scaffold_heldout,global_train_mean,"NK cells, Imatinib",0.1600818,0.67084306,0.35806185007095337,1.8035597801208496
split_scaffold_heldout,global_train_mean,"T cells, Imatinib",0.21502708,0.50654286,0.38422122597694397,1.5220839977264404
split_scaffold_heldout,global_train_mean,"NK cells, Colforsin",0.08445229,0.6668146,0.05813547596335411,1.832166314125061
split_scaffold_heldout,global_train_mean,"T cells, Colforsin",0.26254708,0.53944147,0.4399830102920532,1.5284048318862915
split_scaffold_heldout,global_train_mean,"NK cells, Tosedostat",0.30233592,0.73314834,0.541857898235321,1.8519657850265503
split_scaffold_heldout,global_train_mean,"T cells, Tosedostat",0.34851927,0.7395391,0.587611198425293,1.8843265771865845
split_scaffold_heldout,global_train_mean,"NK cells, Tacalcitol",0.2220586,0.67930955,0.3901727497577667,1.7956516742706299
split_scaffold_heldout,global_train_mean,"T cells, Tacalcitol",0.4023447,0.6231762,0.7230113744735718,1.6640247106552124
split_scaffold_heldout,global_train_mean,"NK cells, Mubritinib (TAK 165)",0.288151,0.815077,0.5159735679626465,1.989998698234558
split_scaffold_heldout,global_train_mean,"T cells, Mubritinib (TAK 165)",0.37105146,1.1018454,0.577782928943634,2.3181049823760986
split_scaffold_heldout,global_train_mean,"B cells, Lapatinib",-0.060558073,0.6827413,-0.09512774646282196,1.9019140005111694
split_scaffold_heldout,global_train_mean,"Myeloid cells, Lapatinib",-0.13026668,0.70016867,-0.18588821589946747,2.0027828216552734
split_scaffold_heldout,global_train_mean,"B cells, BMS-777607",0.32391527,0.6163953,0.5774343609809875,1.7071387767791748
split_scaffold_heldout,global_train_mean,"Myeloid cells, BMS-777607",0.2969531,0.7440695,0.5575627684593201,1.931509017944336
split_scaffold_heldout,global_train_mean,"B cells, Vorinostat",0.34329548,1.5855447,0.47653713822364807,2.656589984893799
split_scaffold_heldout,global_train_mean,"Myeloid cells, Vorinostat",0.33888704,1.8225064,0.4712269902229309,2.857419967651367
split_scaffold_heldout,global_train_mean,"B cells, Ketoconazole",-0.13090843,0.9797332,-0.2503291964530945,2.3872616291046143
split_scaffold_heldout,global_train_mean,"Myeloid cells, Ketoconazole",-0.045026094,1.406983,-0.09820359200239182,2.6443779468536377
split_scaffold_heldout,global_train_mean,"B cells, Flutamide",0.08855481,0.5912168,0.15017645061016083,1.7797348499298096
split_scaffold_heldout,global_train_mean,"Myeloid cells, Flutamide",0.24677321,0.58943427,0.44460511207580566,1.703843355178833
split_scaffold_heldout,global_train_mean,"B cells, Desloratadine",0.13042182,0.5859157,0.14963175356388092,1.6754711866378784
split_scaffold_heldout,global_train_mean,"Myeloid cells, Desloratadine",0.08092286,0.6395829,0.14854523539543152,1.7520915269851685
split_scaffold_heldout,global_train_mean,"B cells, Canertinib",0.24763957,0.7201433,0.46013015508651733,1.9130918979644775
split_scaffold_heldout,global_train_mean,"B cells, CC-401",0.49691767,0.70030916,0.7425346374511719,1.765044093132019
split_scaffold_heldout,global_train_mean,"Myeloid cells, CC-401",0.43401498,0.88103074,0.6450490951538086,1.9966042041778564
split_scaffold_heldout,global_train_mean,"B cells, OSI-930",0.05624106,0.5885069,0.11410251259803772,1.7145885229110718
split_scaffold_heldout,global_train_mean,"Myeloid cells, OSI-930",0.040021308,0.7024684,0.06540830433368683,1.8265451192855835
split_scaffold_heldout,global_train_mean,"B cells, Saracatinib",0.62418044,0.9874027,0.8085405230522156,2.128234386444092
split_scaffold_heldout,global_train_mean,"Myeloid cells, Saracatinib",0.55549186,1.378281,0.7108832001686096,2.4335837364196777
split_scaffold_heldout,global_train_mean,"B cells, Lamivudine",0.2896877,0.60167676,0.5524845719337463,1.6713930368423462
split_scaffold_heldout,global_train_mean,"Myeloid cells, Lamivudine",0.20896922,0.68604887,0.4719651937484741,1.7947728633880615
split_scaffold_heldout,global_train_mean,"B cells, Ceritinib",0.37679553,0.5660411,0.6317328810691833,1.5910099744796753
split_scaffold_heldout,global_train_mean,"Myeloid cells, Ceritinib",0.38177735,0.9083393,0.6493130922317505,2.143327474594116
split_scaffold_heldout,global_train_mean,"B cells, SLx-2119",0.3877915,0.6146004,0.66593998670578,1.6605103015899658
split_scaffold_heldout,global_train_mean,"Myeloid cells, SLx-2119",0.080831245,0.64281225,0.016288820654153824,2.0516583919525146
split_scaffold_heldout,global_train_mean,"B cells, MGCD-265",0.37405524,0.6577104,0.609977126121521,1.732908010482788
split_scaffold_heldout,global_train_mean,"Myeloid cells, MGCD-265",0.30605742,0.5894684,0.5459970831871033,1.6325441598892212
split_scaffold_heldout,global_train_mean,"B cells, Clemastine",0.2599314,0.65267265,0.4208418130874634,1.8183231353759766
split_scaffold_heldout,global_train_mean,"Myeloid cells, Clemastine",0.30721816,0.64402455,0.6549660563468933,1.6961512565612793
split_scaffold_heldout,global_train_mean,"B cells, Imatinib",0.13108712,0.56463724,0.2432977259159088,1.7355709075927734
split_scaffold_heldout,global_train_mean,"Myeloid cells, Imatinib",0.13391455,0.534741,0.41323766112327576,1.5940626859664917
split_scaffold_heldout,global_train_mean,"B cells, Colforsin",0.2256649,0.57185364,0.319570928812027,1.676671028137207
split_scaffold_heldout,global_train_mean,"Myeloid cells, Colforsin",0.12590243,0.6777457,0.2577623724937439,1.9361156225204468
split_scaffold_heldout,global_train_mean,"B cells, Tosedostat",0.15031262,0.6626726,0.3098990023136139,1.7901338338851929
split_scaffold_heldout,global_train_mean,"Myeloid cells, Tosedostat",0.38891038,0.96012175,0.5661197900772095,2.117581605911255
split_scaffold_heldout,global_train_mean,"B cells, Tacalcitol",0.36202368,0.6485104,0.5887804627418518,1.6846362352371216
split_scaffold_heldout,global_train_mean,"Myeloid cells, Tacalcitol",0.15833263,2.2134995,0.2099064141511917,3.1529457569122314
split_scaffold_heldout,global_train_mean,"B cells, Mubritinib (TAK 165)",0.45468855,0.78093696,0.7055781483650208,1.9082649946212769
split_scaffold_heldout,global_train_mean,"Myeloid cells, Mubritinib (TAK 165)",0.117719226,1.1569395,0.18844269216060638,2.4152705669403076
split_scaffold_heldout,cell_context_mean,"NK cells, Lapatinib",-0.018378593,0.7218052,-0.08116117864847183,1.8963706493377686
split_scaffold_heldout,cell_context_mean,"T cells, Lapatinib",0.03617704,0.66937107,0.10788977891206741,1.8678722381591797
split_scaffold_heldout,cell_context_mean,"B cells, Tamatinib",0.68665564,1.0288415,0.8365981578826904,2.0478923320770264
split_scaffold_heldout,cell_context_mean,"Myeloid cells, Tamatinib",0.7151873,1.1709358,0.8520645499229431,2.158966064453125
split_scaffold_heldout,cell_context_mean,"NK cells, Tamatinib",0.46270132,0.78766143,0.6793580055236816,1.8107445240020752
split_scaffold_heldout,cell_context_mean,"T cells, Tamatinib",0.6492798,0.94750935,0.8193403482437134,1.9189280271530151
split_scaffold_heldout,cell_context_mean,"NK cells, BMS-387032",0.29317832,0.796182,0.5123917460441589,1.9540425539016724
split_scaffold_heldout,cell_context_mean,"T cells, BMS-387032",0.36699724,1.2175078,0.5370216369628906,2.3559601306915283
split_scaffold_heldout,cell_context_mean,"B cells, BAY 87-2243",0.61347777,0.8563416,0.7961649298667908,1.9063364267349243
split_scaffold_heldout,cell_context_mean,"Myeloid cells, BAY 87-2243",0.4609642,1.3257341,0.5946429967880249,2.3814914226531982
split_scaffold_heldout,cell_context_mean,"NK cells, BAY 87-2243",0.28896728,0.9103237,0.4390789270401001,2.194232702255249
split_scaffold_heldout,cell_context_mean,"T cells, BAY 87-2243",0.51725507,1.1776029,0.664850115776062,2.2284958362579346
split_scaffold_heldout,cell_context_mean,"NK cells, BMS-777607",0.22977339,0.62593836,0.4243975281715393,1.7098195552825928
split_scaffold_heldout,cell_context_mean,"T cells, BMS-777607",0.45766008,0.51389223,0.7415129542350769,1.3289254903793335
split_scaffold_heldout,cell_context_mean,"NK cells, Vorinostat",0.28816423,1.2110196,0.4686180055141449,2.4084503650665283
split_scaffold_heldout,cell_context_mean,"T cells, Vorinostat",0.45237806,2.0835912,0.5399644374847412,2.9471471309661865
split_scaffold_heldout,cell_context_mean,"B cells, Pomalidomide",-0.08816024,1.0524017,-0.1409565508365631,2.4637997150421143
split_scaffold_heldout,cell_context_mean,"Myeloid cells, Pomalidomide",-0.14142819,1.1765085,-0.21500128507614136,2.6991891860961914
split_scaffold_heldout,cell_context_mean,"NK cells, Pomalidomide",0.028707923,0.86139095,0.040882859379053116,2.1775054931640625
split_scaffold_heldout,cell_context_mean,"T cells, Pomalidomide",-0.09207464,1.3264091,-0.12414014339447021,2.732222318649292
split_scaffold_heldout,cell_context_mean,"NK cells, Ketoconazole",0.07734191,0.90029395,0.08302079886198044,2.187713384628296
split_scaffold_heldout,cell_context_mean,"T cells, Ketoconazole",-0.1889559,1.3232523,-0.2905670702457428,2.771172046661377
split_scaffold_heldout,cell_context_mean,"NK cells, Flutamide",0.27765268,0.6466101,0.5007927417755127,1.7215209007263184
split_scaffold_heldout,cell_context_mean,"T cells, Flutamide",0.11294827,0.58829564,0.45957306027412415,1.5867853164672852
split_scaffold_heldout,cell_context_mean,"NK cells, Desloratadine",0.15411396,0.6388757,0.3303561210632324,1.7495160102844238
split_scaffold_heldout,cell_context_mean,"T cells, Desloratadine",0.24187279,0.54699016,0.471561074256897,1.4598418474197388
split_scaffold_heldout,cell_context_mean,"NK cells, Canertinib",0.20971166,0.6730789,0.32193461060523987,1.894071340560913
split_scaffold_heldout,cell_context_mean,"T cells, Canertinib",0.30799103,0.76041734,0.45364394783973694,1.9470186233520508
split_scaffold_heldout,cell_context_mean,"B cells, LDN 193189",0.17707352,0.6026351,0.3712943494319916,1.6193374395370483
split_scaffold_heldout,cell_context_mean,"Myeloid cells, LDN 193189",0.07954397,0.8308832,0.2557923495769501,1.966275691986084
split_scaffold_heldout,cell_context_mean,"NK cells, LDN 193189",0.08339565,0.67810196,0.14557211101055145,1.842356562614441
split_scaffold_heldout,cell_context_mean,"T cells, LDN 193189",0.28031015,0.5704905,0.4874081611633301,1.6169102191925049
split_scaffold_heldout,cell_context_mean,"B cells, Riociguat",0.18619233,0.6005419,0.3539930284023285,1.7132247686386108
split_scaffold_heldout,cell_context_mean,"Myeloid cells, Riociguat",0.22199887,0.6306735,0.37028592824935913,1.651548981666565
split_scaffold_heldout,cell_context_mean,"NK cells, Riociguat",0.26607722,0.62808883,0.4820410907268524,1.7401864528656006
split_scaffold_heldout,cell_context_mean,"T cells, Riociguat",0.29615125,0.5167994,0.4220442771911621,1.652555227279663
split_scaffold_heldout,cell_context_mean,"NK cells, CC-401",0.3867408,0.6510629,0.5968579649925232,1.7346031665802002
split_scaffold_heldout,cell_context_mean,"T cells, CC-401",0.45855343,0.7513067,0.6929025650024414,1.7973536252975464
split_scaffold_heldout,cell_context_mean,"NK cells, OSI-930",0.008853712,0.6903122,0.021985195577144623,1.857387661933899
split_scaffold_heldout,cell_context_mean,"T cells, OSI-930",0.006707694,0.6120248,-0.031705308705568314,1.7556287050247192
split_scaffold_heldout,cell_context_mean,"NK cells, Saracatinib",0.3365331,0.7051745,0.586857795715332,1.8181710243225098
split_scaffold_heldout,cell_context_mean,"T cells, Saracatinib",0.66785926,0.72203654,0.851840078830719,1.5971523523330688
split_scaffold_heldout,cell_context_mean,"NK cells, Lamivudine",0.2749591,0.63164973,0.4597269296646118,1.8181735277175903
split_scaffold_heldout,cell_context_mean,"T cells, Lamivudine",0.2792515,0.5309278,0.47725746035575867,1.5108526945114136
split_scaffold_heldout,cell_context_mean,"B cells, Pitavastatin Calcium",-0.117011115,1.1755773,-0.15179648995399475,2.4792158603668213
split_scaffold_heldout,cell_context_mean,"Myeloid cells, Pitavastatin Calcium",0.046079945,2.342194,0.06928892433643341,3.2103493213653564
split_scaffold_heldout,cell_context_mean,"NK cells, Pitavastatin Calcium",-0.0035361603,1.3975286,0.02980603650212288,2.6599080562591553
split_scaffold_heldout,cell_context_mean,"T cells, Pitavastatin Calcium",-0.12533742,1.6539174,-0.1771720051765442,2.896167755126953
split_scaffold_heldout,cell_context_mean,"NK cells, Ceritinib",0.39928168,0.6448445,0.6208949685096741,1.7246195077896118
split_scaffold_heldout,cell_context_mean,"T cells, Ceritinib",0.52252537,0.5289084,0.7195804119110107,1.4069077968597412
split_scaffold_heldout,cell_context_mean,"NK cells, SLx-2119",0.16021916,0.7035019,0.19028516113758087,1.9619253873825073
split_scaffold_heldout,cell_context_mean,"T cells, SLx-2119",0.36171296,0.58776885,0.6053285598754883,1.6590896844863892
split_scaffold_heldout,cell_context_mean,"NK cells, MGCD-265",0.1985567,0.6269293,0.43221381306648254,1.7422701120376587
split_scaffold_heldout,cell_context_mean,"T cells, MGCD-265",0.42514944,0.47224653,0.6774948835372925,1.3379178047180176
split_scaffold_heldout,cell_context_mean,"NK cells, Clemastine",0.24375471,0.6345589,0.38834136724472046,1.7303733825683594
split_scaffold_heldout,cell_context_mean,"T cells, Clemastine",0.4097469,0.51277506,0.7850964069366455,1.3159418106079102
split_scaffold_heldout,cell_context_mean,"NK cells, Imatinib",0.24897479,0.6451264,0.47535818815231323,1.761749029159546
split_scaffold_heldout,cell_context_mean,"T cells, Imatinib",0.2826941,0.521085,0.4327180087566376,1.4185527563095093
split_scaffold_heldout,cell_context_mean,"NK cells, Colforsin",0.14990214,0.64454645,0.2309677004814148,1.7936474084854126
split_scaffold_heldout,cell_context_mean,"T cells, Colforsin",0.34077844,0.5403308,0.5182693600654602,1.4009649753570557
split_scaffold_heldout,cell_context_mean,"NK cells, Tosedostat",0.3399184,0.72411746,0.5850565433502197,1.8440616130828857
split_scaffold_heldout,cell_context_mean,"T cells, Tosedostat",0.44542444,0.7056834,0.6968504786491394,1.7483216524124146
split_scaffold_heldout,cell_context_mean,"NK cells, Tacalcitol",0.30664268,0.65621495,0.5207868218421936,1.7569870948791504
split_scaffold_heldout,cell_context_mean,"T cells, Tacalcitol",0.46899715,0.6014606,0.7685062289237976,1.5141046047210693
split_scaffold_heldout,cell_context_mean,"NK cells, Mubritinib (TAK 165)",0.30989075,0.8102832,0.5349261164665222,1.9951473474502563
split_scaffold_heldout,cell_context_mean,"T cells, Mubritinib (TAK 165)",0.43166962,1.0671256,0.6205317378044128,2.227146863937378
split_scaffold_heldout,cell_context_mean,"B cells, Lapatinib",-0.052731145,0.72557425,-0.0777367427945137,1.9218876361846924
split_scaffold_heldout,cell_context_mean,"Myeloid cells, Lapatinib",-0.0782084,0.76312315,-0.06456883996725082,2.027538776397705
split_scaffold_heldout,cell_context_mean,"B cells, BMS-777607",0.42742878,0.5917592,0.6581665873527527,1.5497609376907349
split_scaffold_heldout,cell_context_mean,"Myeloid cells, BMS-777607",0.44289288,0.7002633,0.7305551171302795,1.6968108415603638
split_scaffold_heldout,cell_context_mean,"B cells, Vorinostat",0.40896624,1.544983,0.5424519777297974,2.5773367881774902
split_scaffold_heldout,cell_context_mean,"Myeloid cells, Vorinostat",0.39078328,1.7753946,0.5181079506874084,2.7684166431427
split_scaffold_heldout,cell_context_mean,"B cells, Ketoconazole",-0.08714526,1.00513,-0.16543731093406677,2.3988335132598877
split_scaffold_heldout,cell_context_mean,"Myeloid cells, Ketoconazole",0.09909576,1.3908278,0.1536562144756317,2.577127695083618
split_scaffold_heldout,cell_context_mean,"B cells, Flutamide",0.14426754,0.61194444,0.3377394676208496,1.7108501195907593
split_scaffold_heldout,cell_context_mean,"Myeloid cells, Flutamide",0.3073154,0.6082889,0.5813086032867432,1.5801106691360474
split_scaffold_heldout,cell_context_mean,"B cells, Desloratadine",0.18771404,0.6021976,0.29296931624412537,1.615260362625122
split_scaffold_heldout,cell_context_mean,"Myeloid cells, Desloratadine",0.043438558,0.71207607,0.0954003781080246,1.7968311309814453
split_scaffold_heldout,cell_context_mean,"B cells, Canertinib",0.29000574,0.7197434,0.5039631724357605,1.8362845182418823
split_scaffold_heldout,cell_context_mean,"B cells, CC-401",0.55522275,0.66413456,0.7688098549842834,1.625265121459961
split_scaffold_heldout,cell_context_mean,"Myeloid cells, CC-401",0.4037479,0.87896687,0.6419015526771545,1.9192568063735962
split_scaffold_heldout,cell_context_mean,"B cells, OSI-930",0.12504591,0.60909057,0.3464828431606293,1.6350150108337402
split_scaffold_heldout,cell_context_mean,"Myeloid cells, OSI-930",-0.025663873,0.7839967,-0.03480365499854088,1.9000674486160278
split_scaffold_heldout,cell_context_mean,"B cells, Saracatinib",0.7094045,0.91255444,0.8630824685096741,1.9381649494171143
split_scaffold_heldout,cell_context_mean,"Myeloid cells, Saracatinib",0.6300749,1.2894913,0.7866567373275757,2.2529590129852295
split_scaffold_heldout,cell_context_mean,"B cells, Lamivudine",0.36011967,0.595057,0.6440820693969727,1.557396411895752
split_scaffold_heldout,cell_context_mean,"Myeloid cells, Lamivudine",0.24847072,0.707898,0.5132924914360046,1.6991047859191895
split_scaffold_heldout,cell_context_mean,"B cells, Ceritinib",0.41641098,0.563076,0.6740428805351257,1.4780621528625488
split_scaffold_heldout,cell_context_mean,"Myeloid cells, Ceritinib",0.5447168,0.8281772,0.7894213199615479,1.8775355815887451
split_scaffold_heldout,cell_context_mean,"B cells, SLx-2119",0.43699637,0.60186577,0.698164165019989,1.5310355424880981
split_scaffold_heldout,cell_context_mean,"Myeloid cells, SLx-2119",0.14838819,0.67848855,0.16626589000225067,1.9979071617126465
split_scaffold_heldout,cell_context_mean,"B cells, MGCD-265",0.5087821,0.6103516,0.71991366147995,1.5481603145599365
split_scaffold_heldout,cell_context_mean,"Myeloid cells, MGCD-265",0.2880272,0.62897,0.5474323034286499,1.5535889863967896
split_scaffold_heldout,cell_context_mean,"B cells, Clemastine",0.35725054,0.6359789,0.5673640966415405,1.7051324844360352
split_scaffold_heldout,cell_context_mean,"Myeloid cells, Clemastine",0.42302728,0.6219689,0.7293456196784973,1.4837138652801514
split_scaffold_heldout,cell_context_mean,"B cells, Imatinib",0.17071874,0.5886999,0.40941011905670166,1.6621922254562378
split_scaffold_heldout,cell_context_mean,"Myeloid cells, Imatinib",0.17042696,0.5879778,0.4926484525203705,1.5194960832595825
split_scaffold_heldout,cell_context_mean,"B cells, Colforsin",0.2795943,0.58070606,0.40808168053627014,1.5961024761199951
split_scaffold_heldout,cell_context_mean,"Myeloid cells, Colforsin",0.2239408,0.69125754,0.479033887386322,1.794732928276062
split_scaffold_heldout,cell_context_mean,"B cells, Tosedostat",0.19974822,0.67419976,0.35281333327293396,1.7525007724761963
split_scaffold_heldout,cell_context_mean,"Myeloid cells, Tosedostat",0.39927897,0.94400173,0.5794872045516968,2.023869276046753
split_scaffold_heldout,cell_context_mean,"B cells, Tacalcitol",0.43982115,0.6258642,0.6773321032524109,1.5544202327728271
split_scaffold_heldout,cell_context_mean,"Myeloid cells, Tacalcitol",0.070516594,2.2465148,0.10038676857948303,3.1876087188720703
split_scaffold_heldout,cell_context_mean,"B cells, Mubritinib (TAK 165)",0.4666756,0.76519823,0.6970110535621643,1.813198208808899
split_scaffold_heldout,cell_context_mean,"Myeloid cells, Mubritinib (TAK 165)",0.24132185,1.1310947,0.37851279973983765,2.3108224868774414
split_scaffold_heldout,drug_mean,"NK cells, Lapatinib",-0.13175175,0.757838,-0.2906274199485779,1.9560154676437378
split_scaffold_heldout,drug_mean,"T cells, Lapatinib",-0.02031883,0.64019316,0.02913540229201317,1.8748010396957397
split_scaffold_heldout,drug_mean,"B cells, Tamatinib",0.6007656,1.1025676,0.7808623909950256,2.217961549758911
split_scaffold_heldout,drug_mean,"Myeloid cells, Tamatinib",0.53411627,1.3044622,0.7180284857749939,2.423190116882324
split_scaffold_heldout,drug_mean,"NK cells, Tamatinib",0.36013302,0.80975217,0.5451353788375854,1.848144292831421
split_scaffold_heldout,drug_mean,"T cells, Tamatinib",0.63956946,0.9954291,0.8161155581474304,2.0428242683410645
split_scaffold_heldout,drug_mean,"NK cells, BMS-387032",0.22518513,0.81364,0.4333255887031555,1.9801503419876099
split_scaffold_heldout,drug_mean,"T cells, BMS-387032",0.39585528,1.2237219,0.5801963210105896,2.3931353092193604
split_scaffold_heldout,drug_mean,"B cells, BAY 87-2243",0.5315393,0.9150135,0.7407460808753967,2.0748744010925293
split_scaffold_heldout,drug_mean,"Myeloid cells, BAY 87-2243",0.3156641,1.4013647,0.4178299307823181,2.537083625793457
split_scaffold_heldout,drug_mean,"NK cells, BAY 87-2243",0.35186777,0.89251137,0.5433876514434814,2.1298792362213135
split_scaffold_heldout,drug_mean,"T cells, BAY 87-2243",0.43408766,1.231244,0.6078965067863464,2.343294858932495
split_scaffold_heldout,drug_mean,"NK cells, BMS-777607",0.12165296,0.65708727,0.2556320130825043,1.7608238458633423
split_scaffold_heldout,drug_mean,"T cells, BMS-777607",0.38959858,0.5253465,0.6791082620620728,1.4695484638214111
split_scaffold_heldout,drug_mean,"NK cells, Vorinostat",0.3058495,1.2034116,0.49525323510169983,2.387406349182129
split_scaffold_heldout,drug_mean,"T cells, Vorinostat",0.35614553,2.14153,0.44475898146629333,3.033463716506958
split_scaffold_heldout,drug_mean,"B cells, Pomalidomide",-0.16594179,1.0362666,-0.2740296721458435,2.4691481590270996
split_scaffold_heldout,drug_mean,"Myeloid cells, Pomalidomide",-0.084207766,1.1029185,-0.07104188948869705,2.5815978050231934
split_scaffold_heldout,drug_mean,"NK cells, Pomalidomide",-0.09573376,0.8982017,-0.1584717035293579,2.2393016815185547
split_scaffold_heldout,drug_mean,"T cells, Pomalidomide",-0.17286195,1.3138372,-0.23525089025497437,2.72552490234375
split_scaffold_heldout,drug_mean,"NK cells, Ketoconazole",-0.10197725,0.9489354,-0.2247079312801361,2.2824525833129883
split_scaffold_heldout,drug_mean,"T cells, Ketoconazole",-0.24656968,1.296382,-0.4070289134979248,2.7218739986419678
split_scaffold_heldout,drug_mean,"NK cells, Flutamide",0.13958086,0.683892,0.3675881326198578,1.7685370445251465
split_scaffold_heldout,drug_mean,"T cells, Flutamide",0.05665541,0.5592497,0.4083791673183441,1.6453030109405518
split_scaffold_heldout,drug_mean,"NK cells, Desloratadine",0.05199231,0.6699213,0.028383983299136162,1.8201016187667847
split_scaffold_heldout,drug_mean,"T cells, Desloratadine",0.13608132,0.5401813,0.36319220066070557,1.5607221126556396
split_scaffold_heldout,drug_mean,"NK cells, Canertinib",0.08676302,0.70763975,0.1473468691110611,1.9460819959640503
split_scaffold_heldout,drug_mean,"T cells, Canertinib",0.2238735,0.7743657,0.3989807665348053,2.0226330757141113
split_scaffold_heldout,drug_mean,"B cells, LDN 193189",0.1315197,0.5816155,0.34111255407333374,1.6584391593933105
split_scaffold_heldout,drug_mean,"Myeloid cells, LDN 193189",-0.032962877,0.8106335,0.0554414726793766,2.038726568222046
split_scaffold_heldout,drug_mean,"NK cells, LDN 193189",-0.03426146,0.7137038,-0.15291324257850647,1.9118483066558838
split_scaffold_heldout,drug_mean,"T cells, LDN 193189",0.2198951,0.560558,0.4078598916530609,1.6817798614501953
split_scaffold_heldout,drug_mean,"B cells, Riociguat",0.10798003,0.58795047,0.23247241973876953,1.7741378545761108
split_scaffold_heldout,drug_mean,"Myeloid cells, Riociguat",0.24753629,0.5779405,0.456859827041626,1.6626112461090088
split_scaffold_heldout,drug_mean,"NK cells, Riociguat",0.122036636,0.66731197,0.2876397967338562,1.8059455156326294
split_scaffold_heldout,drug_mean,"T cells, Riociguat",0.1964186,0.5116007,0.25715526938438416,1.7375047206878662
split_scaffold_heldout,drug_mean,"NK cells, CC-401",0.27497315,0.6793145,0.47542932629585266,1.7837315797805786
split_scaffold_heldout,drug_mean,"T cells, CC-401",0.4756334,0.7577867,0.7003275752067566,1.8753058910369873
split_scaffold_heldout,drug_mean,"NK cells, OSI-930",-0.10890771,0.72712725,-0.2783748507499695,1.927732229232788
split_scaffold_heldout,drug_mean,"T cells, OSI-930",-0.05039353,0.5742679,-0.11464541405439377,1.7392634153366089
split_scaffold_heldout,drug_mean,"NK cells, Saracatinib",0.27852282,0.7199173,0.4412963390350342,1.8620994091033936
split_scaffold_heldout,drug_mean,"T cells, Saracatinib",0.6288488,0.77480567,0.8309653997421265,1.7746385335922241
split_scaffold_heldout,drug_mean,"NK cells, Lamivudine",0.16874965,0.6612959,0.2792316973209381,1.8676093816757202
split_scaffold_heldout,drug_mean,"T cells, Lamivudine",0.23573232,0.5114519,0.41365304589271545,1.5643740892410278
split_scaffold_heldout,drug_mean,"B cells, Pitavastatin Calcium",-0.15984099,1.1512377,-0.22809986770153046,2.4632747173309326
split_scaffold_heldout,drug_mean,"Myeloid cells, Pitavastatin Calcium",-0.031801604,2.3480213,-0.022385988384485245,3.2263612747192383
split_scaffold_heldout,drug_mean,"NK cells, Pitavastatin Calcium",-0.15292235,1.4390008,-0.20406290888786316,2.725156784057617
split_scaffold_heldout,drug_mean,"T cells, Pitavastatin Calcium",-0.23643142,1.6502576,-0.32766416668891907,2.898474931716919
split_scaffold_heldout,drug_mean,"NK cells, Ceritinib",0.3028616,0.66886675,0.5065550208091736,1.7662439346313477
split_scaffold_heldout,drug_mean,"T cells, Ceritinib",0.48746768,0.5434326,0.7319778203964233,1.5196082592010498
split_scaffold_heldout,drug_mean,"NK cells, SLx-2119",0.12703264,0.7168301,0.0896424800157547,1.9886645078659058
split_scaffold_heldout,drug_mean,"T cells, SLx-2119",0.31202883,0.58694994,0.5507327318191528,1.7414990663528442
split_scaffold_heldout,drug_mean,"NK cells, MGCD-265",0.081168845,0.6609144,0.11830920726060867,1.8156620264053345
split_scaffold_heldout,drug_mean,"T cells, MGCD-265",0.426345,0.45321208,0.6535394191741943,1.4380242824554443
split_scaffold_heldout,drug_mean,"NK cells, Clemastine",0.18165672,0.6538676,0.2594236135482788,1.7661585807800293
split_scaffold_heldout,drug_mean,"T cells, Clemastine",0.35858062,0.51199883,0.7258925437927246,1.452709674835205
split_scaffold_heldout,drug_mean,"NK cells, Imatinib",0.1600818,0.67084306,0.35806185007095337,1.8035597801208496
split_scaffold_heldout,drug_mean,"T cells, Imatinib",0.21502708,0.50654286,0.38422122597694397,1.5220839977264404
split_scaffold_heldout,drug_mean,"NK cells, Colforsin",0.08445229,0.6668146,0.05813547596335411,1.832166314125061
split_scaffold_heldout,drug_mean,"T cells, Colforsin",0.26254708,0.53944147,0.4399830102920532,1.5284048318862915
split_scaffold_heldout,drug_mean,"NK cells, Tosedostat",0.30233592,0.73314834,0.541857898235321,1.8519657850265503
split_scaffold_heldout,drug_mean,"T cells, Tosedostat",0.34851927,0.7395391,0.587611198425293,1.8843265771865845
split_scaffold_heldout,drug_mean,"NK cells, Tacalcitol",0.2220586,0.67930955,0.3901727497577667,1.7956516742706299
split_scaffold_heldout,drug_mean,"T cells, Tacalcitol",0.4023447,0.6231762,0.7230113744735718,1.6640247106552124
split_scaffold_heldout,drug_mean,"NK cells, Mubritinib (TAK 165)",0.288151,0.815077,0.5159735679626465,1.989998698234558
split_scaffold_heldout,drug_mean,"T cells, Mubritinib (TAK 165)",0.37105146,1.1018454,0.577782928943634,2.3181049823760986
split_scaffold_heldout,drug_mean,"B cells, Lapatinib",-0.060558073,0.6827413,-0.09512774646282196,1.9019140005111694
split_scaffold_heldout,drug_mean,"Myeloid cells, Lapatinib",-0.13026668,0.70016867,-0.18588821589946747,2.0027828216552734
split_scaffold_heldout,drug_mean,"B cells, BMS-777607",0.32391527,0.6163953,0.5774343609809875,1.7071387767791748
split_scaffold_heldout,drug_mean,"Myeloid cells, BMS-777607",0.2969531,0.7440695,0.5575627684593201,1.931509017944336
split_scaffold_heldout,drug_mean,"B cells, Vorinostat",0.34329548,1.5855447,0.47653713822364807,2.656589984893799
split_scaffold_heldout,drug_mean,"Myeloid cells, Vorinostat",0.33888704,1.8225064,0.4712269902229309,2.857419967651367
split_scaffold_heldout,drug_mean,"B cells, Ketoconazole",-0.13090843,0.9797332,-0.2503291964530945,2.3872616291046143
split_scaffold_heldout,drug_mean,"Myeloid cells, Ketoconazole",-0.045026094,1.406983,-0.09820359200239182,2.6443779468536377
split_scaffold_heldout,drug_mean,"B cells, Flutamide",0.08855481,0.5912168,0.15017645061016083,1.7797348499298096
split_scaffold_heldout,drug_mean,"Myeloid cells, Flutamide",0.24677321,0.58943427,0.44460511207580566,1.703843355178833
split_scaffold_heldout,drug_mean,"B cells, Desloratadine",0.13042182,0.5859157,0.14963175356388092,1.6754711866378784
split_scaffold_heldout,drug_mean,"Myeloid cells, Desloratadine",0.08092286,0.6395829,0.14854523539543152,1.7520915269851685
split_scaffold_heldout,drug_mean,"B cells, Canertinib",0.24763957,0.7201433,0.46013015508651733,1.9130918979644775
split_scaffold_heldout,drug_mean,"B cells, CC-401",0.49691767,0.70030916,0.7425346374511719,1.765044093132019
split_scaffold_heldout,drug_mean,"Myeloid cells, CC-401",0.43401498,0.88103074,0.6450490951538086,1.9966042041778564
split_scaffold_heldout,drug_mean,"B cells, OSI-930",0.05624106,0.5885069,0.11410251259803772,1.7145885229110718
split_scaffold_heldout,drug_mean,"Myeloid cells, OSI-930",0.040021308,0.7024684,0.06540830433368683,1.8265451192855835
split_scaffold_heldout,drug_mean,"B cells, Saracatinib",0.62418044,0.9874027,0.8085405230522156,2.128234386444092
split_scaffold_heldout,drug_mean,"Myeloid cells, Saracatinib",0.55549186,1.378281,0.7108832001686096,2.4335837364196777
split_scaffold_heldout,drug_mean,"B cells, Lamivudine",0.2896877,0.60167676,0.5524845719337463,1.6713930368423462
split_scaffold_heldout,drug_mean,"Myeloid cells, Lamivudine",0.20896922,0.68604887,0.4719651937484741,1.7947728633880615
split_scaffold_heldout,drug_mean,"B cells, Ceritinib",0.37679553,0.5660411,0.6317328810691833,1.5910099744796753
split_scaffold_heldout,drug_mean,"Myeloid cells, Ceritinib",0.38177735,0.9083393,0.6493130922317505,2.143327474594116
split_scaffold_heldout,drug_mean,"B cells, SLx-2119",0.3877915,0.6146004,0.66593998670578,1.6605103015899658
split_scaffold_heldout,drug_mean,"Myeloid cells, SLx-2119",0.080831245,0.64281225,0.016288820654153824,2.0516583919525146
split_scaffold_heldout,drug_mean,"B cells, MGCD-265",0.37405524,0.6577104,0.609977126121521,1.732908010482788
split_scaffold_heldout,drug_mean,"Myeloid cells, MGCD-265",0.30605742,0.5894684,0.5459970831871033,1.6325441598892212
split_scaffold_heldout,drug_mean,"B cells, Clemastine",0.2599314,0.65267265,0.4208418130874634,1.8183231353759766
split_scaffold_heldout,drug_mean,"Myeloid cells, Clemastine",0.30721816,0.64402455,0.6549660563468933,1.6961512565612793
split_scaffold_heldout,drug_mean,"B cells, Imatinib",0.13108712,0.56463724,0.2432977259159088,1.7355709075927734
split_scaffold_heldout,drug_mean,"Myeloid cells, Imatinib",0.13391455,0.534741,0.41323766112327576,1.5940626859664917
split_scaffold_heldout,drug_mean,"B cells, Colforsin",0.2256649,0.57185364,0.319570928812027,1.676671028137207
split_scaffold_heldout,drug_mean,"Myeloid cells, Colforsin",0.12590243,0.6777457,0.2577623724937439,1.9361156225204468
split_scaffold_heldout,drug_mean,"B cells, Tosedostat",0.15031262,0.6626726,0.3098990023136139,1.7901338338851929
split_scaffold_heldout,drug_mean,"Myeloid cells, Tosedostat",0.38891038,0.96012175,0.5661197900772095,2.117581605911255
split_scaffold_heldout,drug_mean,"B cells, Tacalcitol",0.36202368,0.6485104,0.5887804627418518,1.6846362352371216
split_scaffold_heldout,drug_mean,"Myeloid cells, Tacalcitol",0.15833263,2.2134995,0.2099064141511917,3.1529457569122314
split_scaffold_heldout,drug_mean,"B cells, Mubritinib (TAK 165)",0.45468855,0.78093696,0.7055781483650208,1.9082649946212769
split_scaffold_heldout,drug_mean,"Myeloid cells, Mubritinib (TAK 165)",0.117719226,1.1569395,0.18844269216060638,2.4152705669403076
split_cell_scaffold_heldout,global_train_mean,"B cells, Tamatinib",0.48511645,1.1347975,0.6838643550872803,2.2804508209228516
split_cell_scaffold_heldout,global_train_mean,"B cells, BAY 87-2243",0.4264715,0.9441436,0.6505540013313293,2.1381821632385254
split_cell_scaffold_heldout,global_train_mean,"B cells, Pomalidomide",-0.18086235,1.0399864,-0.30362558364868164,2.4769909381866455
split_cell_scaffold_heldout,global_train_mean,"B cells, LDN 193189",0.093851075,0.59073824,0.2831064462661743,1.6789840459823608
split_cell_scaffold_heldout,global_train_mean,"B cells, Riociguat",0.058210768,0.5997752,0.13336099684238434,1.7998921871185303
split_cell_scaffold_heldout,global_train_mean,"B cells, Pitavastatin Calcium",-0.15939623,1.1512316,-0.23934639990329742,2.4627749919891357
split_cell_scaffold_heldout,global_train_mean,"B cells, Lapatinib",-0.05651142,0.68181896,-0.09192926436662674,1.9004719257354736
split_cell_scaffold_heldout,global_train_mean,"B cells, BMS-777607",0.23514974,0.6395925,0.4574042558670044,1.7710152864456177
split_cell_scaffold_heldout,global_train_mean,"B cells, Vorinostat",0.26955032,1.6049569,0.3933958113193512,2.6872832775115967
split_cell_scaffold_heldout,global_train_mean,"B cells, Ketoconazole",-0.13455439,0.98079723,-0.2596608102321625,2.387367010116577
split_cell_scaffold_heldout,global_train_mean,"B cells, Flutamide",0.05163071,0.6001807,0.035508714616298676,1.8081820011138916
split_cell_scaffold_heldout,global_train_mean,"B cells, Desloratadine",0.0874725,0.5965434,0.04309301823377609,1.7019213438034058
split_cell_scaffold_heldout,global_train_mean,"B cells, Canertinib",0.19675408,0.7334127,0.3822215795516968,1.9467929601669312
split_cell_scaffold_heldout,global_train_mean,"B cells, CC-401",0.40714076,0.7253821,0.671781063079834,1.8201524019241333
split_cell_scaffold_heldout,global_train_mean,"B cells, OSI-930",0.017359931,0.5975926,-0.021018555387854576,1.7467138767242432
split_cell_scaffold_heldout,global_train_mean,"B cells, Saracatinib",0.50587696,1.020802,0.7116917967796326,2.197770833969116
split_cell_scaffold_heldout,global_train_mean,"B cells, Lamivudine",0.22052543,0.61950076,0.43852904438972473,1.7167797088623047
split_cell_scaffold_heldout,global_train_mean,"B cells, Ceritinib",0.31084237,0.58363134,0.5741980671882629,1.6367883682250977
split_cell_scaffold_heldout,global_train_mean,"B cells, SLx-2119",0.31602004,0.6340771,0.573767900466919,1.7137678861618042
split_cell_scaffold_heldout,global_train_mean,"B cells, MGCD-265",0.26453623,0.68697727,0.4613038897514343,1.8047690391540527
split_cell_scaffold_heldout,global_train_mean,"B cells, Clemastine",0.18211949,0.67255706,0.2904476225376129,1.8633695840835571
split_cell_scaffold_heldout,global_train_mean,"B cells, Imatinib",0.0962075,0.57318884,0.11892829090356827,1.7660887241363525
split_cell_scaffold_heldout,global_train_mean,"B cells, Colforsin",0.17222038,0.5853782,0.21460305154323578,1.7109876871109009
split_cell_scaffold_heldout,global_train_mean,"B cells, Tosedostat",0.108474575,0.67307436,0.2451235055923462,1.8091775178909302
split_cell_scaffold_heldout,global_train_mean,"B cells, Tacalcitol",0.28031063,0.67037004,0.4861827790737152,1.7365097999572754
split_cell_scaffold_heldout,global_train_mean,"B cells, Mubritinib (TAK 165)",0.39163822,0.7982268,0.6595783829689026,1.9481831789016724
split_cell_scaffold_heldout,cell_context_mean,"B cells, Tamatinib",0.48511645,1.1347975,0.6838643550872803,2.2804508209228516
split_cell_scaffold_heldout,cell_context_mean,"B cells, BAY 87-2243",0.4264715,0.9441436,0.6505540013313293,2.1381821632385254
split_cell_scaffold_heldout,cell_context_mean,"B cells, Pomalidomide",-0.18086235,1.0399864,-0.30362558364868164,2.4769909381866455
split_cell_scaffold_heldout,cell_context_mean,"B cells, LDN 193189",0.093851075,0.59073824,0.2831064462661743,1.6789840459823608
split_cell_scaffold_heldout,cell_context_mean,"B cells, Riociguat",0.058210768,0.5997752,0.13336099684238434,1.7998921871185303
split_cell_scaffold_heldout,cell_context_mean,"B cells, Pitavastatin Calcium",-0.15939623,1.1512316,-0.23934639990329742,2.4627749919891357
split_cell_scaffold_heldout,cell_context_mean,"B cells, Lapatinib",-0.05651142,0.68181896,-0.09192926436662674,1.9004719257354736
split_cell_scaffold_heldout,cell_context_mean,"B cells, BMS-777607",0.23514974,0.6395925,0.4574042558670044,1.7710152864456177
split_cell_scaffold_heldout,cell_context_mean,"B cells, Vorinostat",0.26955032,1.6049569,0.3933958113193512,2.6872832775115967
split_cell_scaffold_heldout,cell_context_mean,"B cells, Ketoconazole",-0.13455439,0.98079723,-0.2596608102321625,2.387367010116577
split_cell_scaffold_heldout,cell_context_mean,"B cells, Flutamide",0.05163071,0.6001807,0.035508714616298676,1.8081820011138916
split_cell_scaffold_heldout,cell_context_mean,"B cells, Desloratadine",0.0874725,0.5965434,0.04309301823377609,1.7019213438034058
split_cell_scaffold_heldout,cell_context_mean,"B cells, Canertinib",0.19675408,0.7334127,0.3822215795516968,1.9467929601669312
split_cell_scaffold_heldout,cell_context_mean,"B cells, CC-401",0.40714076,0.7253821,0.671781063079834,1.8201524019241333
split_cell_scaffold_heldout,cell_context_mean,"B cells, OSI-930",0.017359931,0.5975926,-0.021018555387854576,1.7467138767242432
split_cell_scaffold_heldout,cell_context_mean,"B cells, Saracatinib",0.50587696,1.020802,0.7116917967796326,2.197770833969116
split_cell_scaffold_heldout,cell_context_mean,"B cells, Lamivudine",0.22052543,0.61950076,0.43852904438972473,1.7167797088623047
split_cell_scaffold_heldout,cell_context_mean,"B cells, Ceritinib",0.31084237,0.58363134,0.5741980671882629,1.6367883682250977
split_cell_scaffold_heldout,cell_context_mean,"B cells, SLx-2119",0.31602004,0.6340771,0.573767900466919,1.7137678861618042
split_cell_scaffold_heldout,cell_context_mean,"B cells, MGCD-265",0.26453623,0.68697727,0.4613038897514343,1.8047690391540527
split_cell_scaffold_heldout,cell_context_mean,"B cells, Clemastine",0.18211949,0.67255706,0.2904476225376129,1.8633695840835571
split_cell_scaffold_heldout,cell_context_mean,"B cells, Imatinib",0.0962075,0.57318884,0.11892829090356827,1.7660887241363525
split_cell_scaffold_heldout,cell_context_mean,"B cells, Colforsin",0.17222038,0.5853782,0.21460305154323578,1.7109876871109009
split_cell_scaffold_heldout,cell_context_mean,"B cells, Tosedostat",0.108474575,0.67307436,0.2451235055923462,1.8091775178909302
split_cell_scaffold_heldout,cell_context_mean,"B cells, Tacalcitol",0.28031063,0.67037004,0.4861827790737152,1.7365097999572754
split_cell_scaffold_heldout,cell_context_mean,"B cells, Mubritinib (TAK 165)",0.39163822,0.7982268,0.6595783829689026,1.9481831789016724
split_cell_scaffold_heldout,drug_mean,"B cells, Tamatinib",0.48511645,1.1347975,0.6838643550872803,2.2804508209228516
split_cell_scaffold_heldout,drug_mean,"B cells, BAY 87-2243",0.4264715,0.9441436,0.6505540013313293,2.1381821632385254
split_cell_scaffold_heldout,drug_mean,"B cells, Pomalidomide",-0.18086235,1.0399864,-0.30362558364868164,2.4769909381866455
split_cell_scaffold_heldout,drug_mean,"B cells, LDN 193189",0.093851075,0.59073824,0.2831064462661743,1.6789840459823608
split_cell_scaffold_heldout,drug_mean,"B cells, Riociguat",0.058210768,0.5997752,0.13336099684238434,1.7998921871185303
split_cell_scaffold_heldout,drug_mean,"B cells, Pitavastatin Calcium",-0.15939623,1.1512316,-0.23934639990329742,2.4627749919891357
split_cell_scaffold_heldout,drug_mean,"B cells, Lapatinib",-0.05651142,0.68181896,-0.09192926436662674,1.9004719257354736
split_cell_scaffold_heldout,drug_mean,"B cells, BMS-777607",0.23514974,0.6395925,0.4574042558670044,1.7710152864456177
split_cell_scaffold_heldout,drug_mean,"B cells, Vorinostat",0.26955032,1.6049569,0.3933958113193512,2.6872832775115967
split_cell_scaffold_heldout,drug_mean,"B cells, Ketoconazole",-0.13455439,0.98079723,-0.2596608102321625,2.387367010116577
split_cell_scaffold_heldout,drug_mean,"B cells, Flutamide",0.05163071,0.6001807,0.035508714616298676,1.8081820011138916
split_cell_scaffold_heldout,drug_mean,"B cells, Desloratadine",0.0874725,0.5965434,0.04309301823377609,1.7019213438034058
split_cell_scaffold_heldout,drug_mean,"B cells, Canertinib",0.19675408,0.7334127,0.3822215795516968,1.9467929601669312
split_cell_scaffold_heldout,drug_mean,"B cells, CC-401",0.40714076,0.7253821,0.671781063079834,1.8201524019241333
split_cell_scaffold_heldout,drug_mean,"B cells, OSI-930",0.017359931,0.5975926,-0.021018555387854576,1.7467138767242432
split_cell_scaffold_heldout,drug_mean,"B cells, Saracatinib",0.50587696,1.020802,0.7116917967796326,2.197770833969116
split_cell_scaffold_heldout,drug_mean,"B cells, Lamivudine",0.22052543,0.61950076,0.43852904438972473,1.7167797088623047
split_cell_scaffold_heldout,drug_mean,"B cells, Ceritinib",0.31084237,0.58363134,0.5741980671882629,1.6367883682250977
split_cell_scaffold_heldout,drug_mean,"B cells, SLx-2119",0.31602004,0.6340771,0.573767900466919,1.7137678861618042
split_cell_scaffold_heldout,drug_mean,"B cells, MGCD-265",0.26453623,0.68697727,0.4613038897514343,1.8047690391540527
split_cell_scaffold_heldout,drug_mean,"B cells, Clemastine",0.18211949,0.67255706,0.2904476225376129,1.8633695840835571
split_cell_scaffold_heldout,drug_mean,"B cells, Imatinib",0.0962075,0.57318884,0.11892829090356827,1.7660887241363525
split_cell_scaffold_heldout,drug_mean,"B cells, Colforsin",0.17222038,0.5853782,0.21460305154323578,1.7109876871109009
split_cell_scaffold_heldout,drug_mean,"B cells, Tosedostat",0.108474575,0.67307436,0.2451235055923462,1.8091775178909302
split_cell_scaffold_heldout,drug_mean,"B cells, Tacalcitol",0.28031063,0.67037004,0.4861827790737152,1.7365097999572754
split_cell_scaffold_heldout,drug_mean,"B cells, Mubritinib (TAK 165)",0.39163822,0.7982268,0.6595783829689026,1.9481831789016724
