split,baseline,sample_id,rowwise_pearson,rmse,de_rowwise_pearson,de_rmse
split_random,global_train_mean,"T cells, Clomipramine",0.27765346,0.53892565,0.5252249836921692,1.5841026306152344
split_random,global_train_mean,"B cells, Sunitinib",0.44770193,0.7869295,0.6854073405265808,1.9458162784576416
split_random,global_train_mean,"B cells, Tivozanib",0.4575707,0.747737,0.7303553819656372,1.8808672428131104
split_random,global_train_mean,"NK cells, Tamatinib",0.3542128,0.81264096,0.5411080121994019,1.8590259552001953
split_random,global_train_mean,"B cells, Linagliptin",0.0005245182,0.60982275,-0.06990008801221848,1.7953768968582153
split_random,global_train_mean,"Myeloid cells, Linagliptin",-0.046667743,0.7215165,-0.09880725294351578,1.9666537046432495
split_random,global_train_mean,"T cells, 5-(9-Isopropyl-8-methyl-2-morpholino-9H-purin-6-yl)pyrimidin-2-amine",0.66216457,1.3284701,0.8080004453659058,2.383624792098999
split_random,global_train_mean,"NK cells, I-BET151",0.2222732,1.0024546,0.35967451333999634,2.2499125003814697
split_random,global_train_mean,"B cells, Foretinib",0.6049179,1.0241969,0.789406955242157,2.154043436050415
split_random,global_train_mean,"B cells, GW843682X",0.23123379,0.6096111,0.47979736328125,1.8248648643493652
split_random,global_train_mean,"NK cells, Raloxifene",-0.03890674,0.8007426,-0.057058267295360565,1.997755527496338
split_random,global_train_mean,"T cells, BAY 87-2243",0.44352746,1.2332337,0.6179305911064148,2.3499879837036133
split_random,global_train_mean,"NK cells, K-02288",0.08276274,0.6353012,0.20345452427864075,1.7915586233139038
split_random,global_train_mean,"NK cells, Porcn Inhibitor III",-0.06726393,0.77752626,-0.14072464406490326,2.0363621711730957
split_random,global_train_mean,"NK cells, Proscillaridin A;Proscillaridin-A",0.018737502,2.266998,0.02861708030104637,3.1786043643951416
split_random,global_train_mean,"T cells, Ruxolitinib",0.6035556,0.868786,0.8086354732513428,1.9280706644058228
split_random,global_train_mean,"T cells, Dovitinib",0.45952424,0.719619,0.7230570316314697,1.9631773233413696
split_random,global_train_mean,"NK cells, Palbociclib",0.12169411,0.64856726,0.18131916224956512,1.7750153541564941
split_random,global_train_mean,"T cells, Palbociclib",0.3285461,0.5083508,0.6714447736740112,1.5555226802825928
split_random,global_train_mean,"NK cells, Chlorpheniramine",0.080250084,0.67311895,0.16912733018398285,1.8726625442504883
split_random,global_train_mean,"NK cells, Scriptaid",0.32521096,1.2951922,0.493862509727478,2.490039110183716
split_random,global_train_mean,"T cells, Scriptaid",0.34500447,2.2271552,0.4259946942329407,3.0940189361572266
split_random,global_train_mean,"NK cells, LY2090314",0.057913117,1.2360137,0.10206008702516556,2.5630831718444824
split_random,global_train_mean,"B cells, PF-04691502",0.56831324,1.0637518,0.7625093460083008,2.2056307792663574
split_random,global_train_mean,"T cells, Perhexiline",0.6172647,0.90389764,0.8192360997200012,2.041020393371582
split_random,global_train_mean,"T cells, Ketoconazole",-0.24226283,1.2885122,-0.40312543511390686,2.709306478500366
split_random,global_train_mean,"NK cells, Flutamide",0.14366671,0.67935175,0.3813217878341675,1.7681890726089478
split_random,global_train_mean,"T cells, Flutamide",0.050785374,0.55420595,0.40395936369895935,1.6559474468231201
split_random,global_train_mean,"B cells, Isoniazid",0.23889776,0.5777106,0.4225172698497772,1.6823662519454956
split_random,global_train_mean,"T cells, IMD-0354",0.47613823,1.6366378,0.6067513227462769,2.7173569202423096
split_random,global_train_mean,"NK cells, Penfluridol",0.10939481,0.6909896,0.25042781233787537,1.7957234382629395
split_random,global_train_mean,"T cells, Quizartinib",0.20558465,0.5404925,0.404686838388443,1.7744381427764893
split_random,global_train_mean,"T cells, RN-486",0.10343948,0.52248526,0.2963617146015167,1.6033718585968018
split_random,global_train_mean,"Myeloid cells, PD-0325901",0.3453676,1.3393215,0.5121833086013794,2.5028491020202637
split_random,global_train_mean,"NK cells, PD-0325901",0.2736295,0.7577663,0.47073203325271606,1.9080663919448853
split_random,global_train_mean,"T cells, AZD3514",0.35463312,0.7361738,0.5414825081825256,1.915718674659729
split_random,global_train_mean,"T cells, HMN-214",-0.19818172,0.770822,-0.5118072032928467,2.2756848335266113
split_random,global_train_mean,"T cells, Resminostat",0.38306186,2.1537077,0.4736904799938202,3.0401222705841064
split_random,global_train_mean,"B cells, Crizotinib",0.52538276,0.84138095,0.743550181388855,2.0232486724853516
split_random,global_train_mean,"NK cells, Azacitidine",0.15313862,0.6433753,0.24991372227668762,1.8098914623260498
split_random,global_train_mean,"Myeloid cells, AT 7867",0.16992451,1.3126523,0.3267139792442322,2.503136396408081
split_random,global_train_mean,"T cells, AT 7867",0.2793946,0.8470494,0.4902697205543518,1.9991756677627563
split_random,global_train_mean,"NK cells, OSI-930",-0.10023716,0.7180908,-0.26186272501945496,1.9194116592407227
split_random,global_train_mean,"Myeloid cells, GO-6976",0.1325839,1.1468148,0.285050630569458,2.2932214736938477
split_random,global_train_mean,"T cells, Saracatinib",0.6138293,0.78585976,0.819876492023468,1.8058154582977295
split_random,global_train_mean,"T cells, RG7112",0.3170929,0.59684384,0.5243725776672363,2.1563034057617188
split_random,global_train_mean,"NK cells, TGX 221",0.32566375,0.70297885,0.4930889308452606,1.798783302307129
split_random,global_train_mean,"Myeloid cells, Pitavastatin Calcium",-0.03454901,2.3463905,-0.026101021096110344,3.225038766860962
split_random,global_train_mean,"Myeloid cells, ABT737",-0.03645842,0.96645194,0.04037828743457794,2.2662014961242676
split_random,global_train_mean,"T cells, PRT-062607",0.6757351,0.9253376,0.8531956076622009,1.9703824520111084
split_random,global_train_mean,"B cells, AZ628",0.5801129,0.8569713,0.8023898601531982,1.947818398475647
split_random,global_train_mean,"NK cells, AZ628",0.29251057,0.6912522,0.5267176032066345,1.7669156789779663
split_random,global_train_mean,"Myeloid cells, Masitinib",0.33538184,0.70532715,0.6493958830833435,1.8696002960205078
split_random,global_train_mean,"NK cells, Masitinib",0.23195037,0.6578246,0.31829583644866943,1.806403636932373
split_random,global_train_mean,"B cells, Ricolinostat",0.2863725,0.7644972,0.523456871509552,1.9042049646377563
split_random,global_train_mean,"Myeloid cells, Ricolinostat",0.06805358,1.1762244,0.1486632376909256,2.426455497741699
split_random,global_train_mean,"T cells, Ricolinostat",0.24361606,0.85921484,0.4808846712112427,2.0373098850250244
split_random,global_train_mean,"T cells, Clemastine",0.35271156,0.5119602,0.7239020466804504,1.4683622121810913
split_random,global_train_mean,"NK cells, YK 4-279",-0.0555198,0.72107846,-0.07177244126796722,1.8665771484375
split_random,global_train_mean,"T cells, Buspirone",0.049650498,0.52117807,0.034402891993522644,1.7064831256866455
split_random,global_train_mean,"T cells, Midostaurin",0.5367849,0.82950646,0.7906898856163025,2.004253387451172
split_random,global_train_mean,"B cells, CEP-37440",0.35431468,0.68230194,0.6146067976951599,1.8088845014572144
split_random,global_train_mean,"NK cells, CEP-37440",0.257509,0.6663956,0.41986599564552307,1.810474157333374
split_random,global_train_mean,"Myeloid cells, Oxybenzone",0.16799246,0.5345052,0.38737091422080994,1.6277135610580444
split_random,global_train_mean,"T cells, SCH-58261",0.03328637,0.5496872,-0.03354061767458916,1.7412259578704834
split_random,global_train_mean,"B cells, Tivantinib",0.3755954,0.6768791,0.5944949388504028,1.78890860080719
split_random,global_train_mean,"Myeloid cells, Tivantinib",0.26685914,0.79799974,0.49591031670570374,2.010737180709839
split_random,global_train_mean,"T cells, Tivantinib",0.3004326,0.7288924,0.5174113512039185,1.8341789245605469
split_random,global_train_mean,"T cells, Tipifarnib",0.44714364,0.62334514,0.7318957448005676,1.7061306238174438
split_random,global_train_mean,"Myeloid cells, BX 912",0.35402054,0.8019863,0.5900886654853821,1.9472026824951172
split_random,global_train_mean,"NK cells, BX 912",0.3101752,0.70052433,0.5056067705154419,1.7647122144699097
split_random,global_train_mean,"T cells, BX 912",0.6241623,0.725143,0.8446505069732666,1.779591679573059
split_random,global_train_mean,"T cells, Doxorubicin",0.37436035,1.3343335,0.541419506072998,2.490929126739502
split_random,global_train_mean,"T cells, Tacalcitol",0.40491414,0.62333745,0.7223830819129944,1.6798886060714722
split_random,global_train_mean,"Myeloid cells, RG7090",0.01975525,0.86771524,0.1013118326663971,2.086862325668335
split_random,global_train_mean,"B cells, GLPG0634",0.5126578,0.80198807,0.7428078055381775,1.854575276374817
split_random,global_train_mean,"T cells, GLPG0634",0.5237901,0.7138812,0.7913475632667542,1.7629493474960327
split_random,global_train_mean,"B cells, Ixabepilone",0.13247336,0.5768549,0.2668079733848572,1.81830632686615
split_random,global_train_mean,"Myeloid cells, Phenylbutazone",-0.00043239022,0.5978098,8.189024083549157e-05,1.7196309566497803
split_random,global_train_mean,"Myeloid cells, BMS-777607",0.2829254,0.7472728,0.5330042839050293,1.948704719543457
split_random,global_train_mean,"Myeloid cells, Ruxolitinib",0.47949344,1.4220802,0.6706308126449585,2.5874829292297363
split_random,global_train_mean,"Myeloid cells, Sgc-cbp30",0.26904106,0.95934415,0.48362842202186584,2.1409900188446045
split_random,global_train_mean,"B cells, Chlorpheniramine",0.22019354,0.58944833,0.413752943277359,1.7126450538635254
split_random,global_train_mean,"Myeloid cells, LY2090314",0.21690811,2.115246,0.3025304973125458,3.0644850730895996
split_random,global_train_mean,"B cells, RVX-208",0.35148782,0.71629167,0.5517492294311523,1.8351410627365112
split_random,global_train_mean,"Myeloid cells, Ketoconazole",-0.052816365,1.4052392,-0.11218419671058655,2.643845558166504
split_random,global_train_mean,"B cells, Desloratadine",0.1315413,0.5808256,0.14174441993236542,1.677734613418579
split_random,global_train_mean,"Myeloid cells, BMS-536924",0.4938811,1.0201904,0.7120102643966675,2.1238150596618652
split_random,global_train_mean,"B cells, Canertinib",0.24917918,0.7183637,0.4533149003982544,1.9194183349609375
split_random,global_train_mean,"B cells, Alogliptin",0.079380915,0.6085979,0.14497843384742737,1.8097401857376099
split_random,global_train_mean,"Myeloid cells, RN-486",0.22281143,0.72686124,0.40245139598846436,1.9343323707580566
split_random,global_train_mean,"B cells, Decitabine",0.12333343,0.57095164,0.12747816741466522,1.763627290725708
split_random,global_train_mean,"B cells, Cabozantinib",0.08482404,0.7297468,0.24164041876792908,1.9083425998687744
split_random,global_train_mean,"B cells, HMN-214",-0.105047785,0.63563967,-0.1309489905834198,1.8232083320617676
split_random,global_train_mean,"Myeloid cells, OSI-930",0.05797978,0.6932984,0.10336897522211075,1.81424880027771
split_random,global_train_mean,"B cells, Lamivudine",0.286417,0.60076886,0.5452967286109924,1.6821763515472412
split_random,global_train_mean,"Myeloid cells, AZD-8330",0.34487927,1.105633,0.5746203064918518,2.3276443481445312
split_random,global_train_mean,"B cells, Nefazodone",0.20973426,0.58406293,0.3785311281681061,1.7691439390182495
split_random,global_train_mean,"Myeloid cells, GSK-1070916",0.17633636,0.7835219,0.4113222062587738,1.9036073684692383
split_random,global_train_mean,"Myeloid cells, Bosutinib",0.48164427,1.6239899,0.6204332113265991,2.7178831100463867
split_random,global_train_mean,"Myeloid cells, Clemastine",0.30211383,0.6443288,0.6397133469581604,1.7119264602661133
split_random,global_train_mean,"B cells, YK 4-279",0.06450959,0.6205456,0.13286636769771576,1.8138628005981445
split_random,global_train_mean,"Myeloid cells, SCH-58261",0.2820908,0.6277045,0.5806102752685547,1.700141429901123
split_random,global_train_mean,"B cells, Colforsin",0.2308192,0.567321,0.3376477360725403,1.6761677265167236
split_random,global_train_mean,"Myeloid cells, ABT-199 (GDC-0199)",-0.05513269,0.60009974,-0.0179611723870039,1.8006596565246582
split_random,global_train_mean,"B cells, Tipifarnib",0.36755076,0.6201681,0.5992554426193237,1.7055468559265137
split_random,global_train_mean,"B cells, Doxorubicin",0.003191328,1.779594,0.02484971284866333,2.8979969024658203
split_random,global_train_mean,"B cells, PF-03814735",0.52734536,1.1688957,0.7139908671379089,2.3357536792755127
split_random,global_train_mean,"Myeloid cells, PF-03814735",0.5862204,1.8318112,0.7059969305992126,2.790822744369507
split_random,global_train_mean,"B cells, Prednisolone",0.51083434,1.0335168,0.7178223729133606,2.2324163913726807
split_random,global_train_mean,"Myeloid cells, SB525334",-0.14400935,1.2872679,-0.20846788585186005,2.6051886081695557
split_random,global_train_mean,"Myeloid cells, HYDROXYUREA",0.129296,0.6270338,0.20602424442768097,1.7792558670043945
split_random,cell_context_mean,"T cells, Clomipramine",0.29030305,0.55149597,0.533747673034668,1.541811466217041
split_random,cell_context_mean,"B cells, Sunitinib",0.5169969,0.74846506,0.7430605292320251,1.786075472831726
split_random,cell_context_mean,"B cells, Tivozanib",0.48926306,0.72350264,0.7450239062309265,1.7522714138031006
split_random,cell_context_mean,"NK cells, Tamatinib",0.4516301,0.7917113,0.6773836612701416,1.818525791168213
split_random,cell_context_mean,"B cells, Linagliptin",0.04548125,0.64139867,0.060358013957738876,1.7762826681137085
split_random,cell_context_mean,"Myeloid cells, Linagliptin",-6.626091e-05,0.77530396,0.00017234373081009835,1.9738014936447144
split_random,cell_context_mean,"T cells, 5-(9-Isopropyl-8-methyl-2-morpholino-9H-purin-6-yl)pyrimidin-2-amine",0.679074,1.2805283,0.808050811290741,2.286102771759033
split_random,cell_context_mean,"NK cells, I-BET151",0.25432882,0.9953604,0.39330941438674927,2.240811824798584
split_random,cell_context_mean,"B cells, Foretinib",0.64266366,0.96896017,0.8176773190498352,2.0071399211883545
split_random,cell_context_mean,"B cells, GW843682X",0.2504147,0.62563455,0.4631603956222534,1.7781550884246826
split_random,cell_context_mean,"NK cells, Raloxifene",0.108973496,0.7637939,0.18384335935115814,1.9420748949050903
split_random,cell_context_mean,"T cells, BAY 87-2243",0.5120481,1.1902387,0.6602120399475098,2.25937557220459
split_random,cell_context_mean,"NK cells, K-02288",0.19797237,0.6055482,0.428567498922348,1.7313737869262695
split_random,cell_context_mean,"NK cells, Porcn Inhibitor III",0.1085375,0.73432076,0.22072455286979675,1.9526702165603638
split_random,cell_context_mean,"NK cells, Proscillaridin A;Proscillaridin-A",0.09960193,2.247965,0.1388542205095291,3.152195453643799
split_random,cell_context_mean,"T cells, Ruxolitinib",0.6295748,0.82853806,0.8180527687072754,1.8111873865127563
split_random,cell_context_mean,"T cells, Dovitinib",0.5188841,0.6883799,0.7417044043540955,1.8444592952728271
split_random,cell_context_mean,"NK cells, Palbociclib",0.27644715,0.6104361,0.4597379267215729,1.6973934173583984
split_random,cell_context_mean,"T cells, Palbociclib",0.38398975,0.50481904,0.690534234046936,1.4561185836791992
split_random,cell_context_mean,"NK cells, Chlorpheniramine",0.18708031,0.64543855,0.3056055009365082,1.8422313928604126
split_random,cell_context_mean,"NK cells, Scriptaid",0.27290693,1.3099664,0.4266150891780853,2.5194990634918213
split_random,cell_context_mean,"T cells, Scriptaid",0.39593127,2.1924858,0.4755464196205139,3.0425214767456055
split_random,cell_context_mean,"NK cells, LY2090314",-0.0009959687,1.246287,-0.03915099427103996,2.60094952583313
split_random,cell_context_mean,"B cells, PF-04691502",0.65307677,0.99385256,0.8113677501678467,2.0366017818450928
split_random,cell_context_mean,"T cells, Perhexiline",0.6264013,0.86840147,0.8136712908744812,1.9389127492904663
split_random,cell_context_mean,"T cells, Ketoconazole",-0.14222871,1.2939471,-0.23056058585643768,2.7235217094421387
split_random,cell_context_mean,"NK cells, Flutamide",0.27837032,0.6461852,0.512364387512207,1.7213544845581055
split_random,cell_context_mean,"T cells, Flutamide",0.11781567,0.56955993,0.47106489539146423,1.586199402809143
split_random,cell_context_mean,"B cells, Isoniazid",0.26316974,0.5940613,0.49546852707862854,1.6188589334487915
split_random,cell_context_mean,"T cells, IMD-0354",0.510497,1.5984422,0.6303244233131409,2.652651786804199
split_random,cell_context_mean,"NK cells, Penfluridol",0.26367632,0.6531974,0.4949148893356323,1.7332465648651123
split_random,cell_context_mean,"T cells, Quizartinib",0.29138058,0.5369914,0.5205734372138977,1.6882858276367188
split_random,cell_context_mean,"T cells, RN-486",0.21419263,0.52283007,0.4300636053085327,1.5345661640167236
split_random,cell_context_mean,"Myeloid cells, PD-0325901",0.559154,1.2281965,0.7390143275260925,2.2696285247802734
split_random,cell_context_mean,"NK cells, PD-0325901",0.3381562,0.742818,0.5577518939971924,1.882815957069397
split_random,cell_context_mean,"T cells, AZD3514",0.38411707,0.72545636,0.5687222480773926,1.857234001159668
split_random,cell_context_mean,"T cells, HMN-214",-0.19664286,0.8107952,-0.5060977935791016,2.3844869136810303
split_random,cell_context_mean,"T cells, Resminostat",0.4100557,2.1238098,0.4962429404258728,2.9930222034454346
split_random,cell_context_mean,"B cells, Crizotinib",0.63869005,0.7715257,0.8189963102340698,1.8163399696350098
split_random,cell_context_mean,"NK cells, Azacitidine",0.22152184,0.62478215,0.41059693694114685,1.7663673162460327
split_random,cell_context_mean,"Myeloid cells, AT 7867",0.24256377,1.2938503,0.4019610583782196,2.4277451038360596
split_random,cell_context_mean,"T cells, AT 7867",0.31091112,0.8395498,0.57675701379776,1.9298573732376099
split_random,cell_context_mean,"NK cells, OSI-930",0.014016731,0.68735456,0.01840641349554062,1.860125184059143
split_random,cell_context_mean,"Myeloid cells, GO-6976",0.2993715,1.102397,0.5152222514152527,2.1421422958374023
split_random,cell_context_mean,"T cells, Saracatinib",0.6246248,0.75232285,0.8251322507858276,1.677376627922058
split_random,cell_context_mean,"T cells, RG7112",0.2587219,0.62552214,0.34929993748664856,2.193763494491577
split_random,cell_context_mean,"NK cells, TGX 221",0.38023883,0.69077283,0.5817627310752869,1.775555968284607
split_random,cell_context_mean,"Myeloid cells, Pitavastatin Calcium",-0.0019974955,2.3593278,0.009083840064704418,3.234055995941162
split_random,cell_context_mean,"Myeloid cells, ABT737",0.022127446,0.99865896,0.13905739784240723,2.247591018676758
split_random,cell_context_mean,"T cells, PRT-062607",0.6787959,0.8848693,0.835359513759613,1.8626930713653564
split_random,cell_context_mean,"B cells, AZ628",0.6818846,0.7827247,0.8434157967567444,1.7513480186462402
split_random,cell_context_mean,"NK cells, AZ628",0.36534712,0.6741353,0.6239703297615051,1.731253743171692
split_random,cell_context_mean,"Myeloid cells, Masitinib",0.4158164,0.6850462,0.7150144577026367,1.6674567461013794
split_random,cell_context_mean,"NK cells, Masitinib",0.3218479,0.63558596,0.47190016508102417,1.759608507156372
split_random,cell_context_mean,"B cells, Ricolinostat",0.3633971,0.7442556,0.615715742111206,1.7989848852157593
split_random,cell_context_mean,"Myeloid cells, Ricolinostat",0.124354266,1.1846492,0.2309933602809906,2.3856256008148193
split_random,cell_context_mean,"T cells, Ricolinostat",0.2918186,0.8491727,0.49131959676742554,1.9842416048049927
split_random,cell_context_mean,"T cells, Clemastine",0.37183473,0.51751584,0.7607851624488831,1.3801041841506958
split_random,cell_context_mean,"NK cells, YK 4-279",0.09172621,0.68381095,0.1976107805967331,1.80633544921875
split_random,cell_context_mean,"T cells, Buspirone",0.093072586,0.5459937,0.2120465785264969,1.672437071800232
split_random,cell_context_mean,"T cells, Midostaurin",0.5770266,0.79374915,0.798993706703186,1.882114291191101
split_random,cell_context_mean,"B cells, CEP-37440",0.49697182,0.63320845,0.7529457211494446,1.6136603355407715
split_random,cell_context_mean,"NK cells, CEP-37440",0.3126953,0.6525493,0.4909307360649109,1.7872227430343628
split_random,cell_context_mean,"Myeloid cells, Oxybenzone",0.23589168,0.5716519,0.5618425011634827,1.5016250610351562
split_random,cell_context_mean,"T cells, SCH-58261",0.007917148,0.5918227,-0.06821691989898682,1.7954288721084595
split_random,cell_context_mean,"B cells, Tivantinib",0.4180078,0.66268796,0.6355046033859253,1.6925020217895508
split_random,cell_context_mean,"Myeloid cells, Tivantinib",0.36371344,0.77609867,0.6046760082244873,1.867365837097168
split_random,cell_context_mean,"T cells, Tivantinib",0.34998453,0.7179004,0.5251124501228333,1.770777940750122
split_random,cell_context_mean,"T cells, Tipifarnib",0.40072057,0.63518983,0.6861425638198853,1.672296404838562
split_random,cell_context_mean,"Myeloid cells, BX 912",0.49271187,0.7448104,0.7483805418014526,1.7144358158111572
split_random,cell_context_mean,"NK cells, BX 912",0.38155255,0.6841314,0.6044262051582336,1.731154203414917
split_random,cell_context_mean,"T cells, BX 912",0.62785596,0.6957031,0.8311410546302795,1.6570734977722168
split_random,cell_context_mean,"T cells, Doxorubicin",0.41403443,1.3061237,0.5782155990600586,2.4301209449768066
split_random,cell_context_mean,"T cells, Tacalcitol",0.44266364,0.609922,0.749617874622345,1.5750473737716675
split_random,cell_context_mean,"Myeloid cells, RG7090",0.12117499,0.8814478,0.22611722350120544,2.0446407794952393
split_random,cell_context_mean,"B cells, GLPG0634",0.5862824,0.7510532,0.783599317073822,1.6994675397872925
split_random,cell_context_mean,"T cells, GLPG0634",0.56619567,0.68145,0.81064373254776,1.634475827217102
split_random,cell_context_mean,"B cells, Ixabepilone",0.18947338,0.5944851,0.36660417914390564,1.7742359638214111
split_random,cell_context_mean,"Myeloid cells, Phenylbutazone",0.05260888,0.65574634,0.16218720376491547,1.6965221166610718
split_random,cell_context_mean,"Myeloid cells, BMS-777607",0.42131603,0.70907843,0.7053099870681763,1.728973150253296
split_random,cell_context_mean,"Myeloid cells, Ruxolitinib",0.6428312,1.304731,0.7986129522323608,2.3560376167297363
split_random,cell_context_mean,"Myeloid cells, Sgc-cbp30",0.27303463,0.96478605,0.4856562912464142,2.0716164112091064
split_random,cell_context_mean,"B cells, Chlorpheniramine",0.28845403,0.5920393,0.5384252667427063,1.5952876806259155
split_random,cell_context_mean,"Myeloid cells, LY2090314",0.3605624,2.0462875,0.4630589485168457,2.9533209800720215
split_random,cell_context_mean,"B cells, RVX-208",0.3886071,0.70491856,0.6040582060813904,1.7448244094848633
split_random,cell_context_mean,"Myeloid cells, Ketoconazole",0.053760733,1.4066767,0.07723651081323624,2.608119487762451
split_random,cell_context_mean,"B cells, Desloratadine",0.18143752,0.5996274,0.27760159969329834,1.623113989830017
split_random,cell_context_mean,"Myeloid cells, BMS-536924",0.5871407,0.94228643,0.7893457412719727,1.918847680091858
split_random,cell_context_mean,"B cells, Canertinib",0.28281322,0.72020197,0.4934690296649933,1.8497438430786133
split_random,cell_context_mean,"B cells, Alogliptin",0.08544514,0.64416546,0.11425327509641647,1.8151304721832275
split_random,cell_context_mean,"Myeloid cells, RN-486",0.26643425,0.74041337,0.46511110663414,1.846603274345398
split_random,cell_context_mean,"B cells, Decitabine",0.16505918,0.594574,0.2711523473262787,1.7175527811050415
split_random,cell_context_mean,"B cells, Cabozantinib",0.14745136,0.7403029,0.3044503331184387,1.8703527450561523
split_random,cell_context_mean,"B cells, HMN-214",-0.026355222,0.6655021,0.06789424270391464,1.7831438779830933
split_random,cell_context_mean,"Myeloid cells, OSI-930",0.029889546,0.7606039,0.05627783387899399,1.8485705852508545
split_random,cell_context_mean,"B cells, Lamivudine",0.35506326,0.5944985,0.6406572461128235,1.5669020414352417
split_random,cell_context_mean,"Myeloid cells, AZD-8330",0.5226524,1.0170343,0.7466398477554321,2.0936696529388428
split_random,cell_context_mean,"B cells, Nefazodone",0.27879685,0.5879186,0.5044887065887451,1.664777159690857
split_random,cell_context_mean,"Myeloid cells, GSK-1070916",0.18769439,0.8121309,0.41478922963142395,1.848555564880371
split_random,cell_context_mean,"Myeloid cells, Bosutinib",0.5705423,1.5362451,0.718417763710022,2.555112600326538
split_random,cell_context_mean,"Myeloid cells, Clemastine",0.4443065,0.6112317,0.7431148886680603,1.4785040616989136
split_random,cell_context_mean,"B cells, YK 4-279",0.15004791,0.63249886,0.32268646359443665,1.7466683387756348
split_random,cell_context_mean,"Myeloid cells, SCH-58261",0.28233835,0.65798104,0.5669940710067749,1.6403323411941528
split_random,cell_context_mean,"B cells, Colforsin",0.2747166,0.57867795,0.4095079302787781,1.6009796857833862
split_random,cell_context_mean,"Myeloid cells, ABT-199 (GDC-0199)",-0.02804828,0.6730941,0.040381431579589844,1.8165626525878906
split_random,cell_context_mean,"B cells, Tipifarnib",0.44159535,0.5993042,0.6610055565834045,1.5757560729980469
split_random,cell_context_mean,"B cells, Doxorubicin",0.06204871,1.7751987,0.10809449106454849,2.8764595985412598
split_random,cell_context_mean,"B cells, PF-03814735",0.6317442,1.0955615,0.7937429547309875,2.169058322906494
split_random,cell_context_mean,"Myeloid cells, PF-03814735",0.7007122,1.7104958,0.8000870943069458,2.5992918014526367
split_random,cell_context_mean,"B cells, Prednisolone",0.57398754,0.9803597,0.7566335797309875,2.099299430847168
split_random,cell_context_mean,"Myeloid cells, SB525334",-0.15805237,1.3489509,-0.2229960858821869,2.6833653450012207
split_random,cell_context_mean,"Myeloid cells, HYDROXYUREA",0.064096965,0.70364994,0.10599683225154877,1.8177236318588257
split_random,drug_mean,"T cells, Clomipramine",0.32303515,0.5724273,0.6055377721786499,1.4446280002593994
split_random,drug_mean,"B cells, Sunitinib",0.29797217,0.84503114,0.5336362719535828,1.9199658632278442
split_random,drug_mean,"B cells, Tivozanib",0.25927693,0.8309823,0.5039491057395935,1.912718653678894
split_random,drug_mean,"NK cells, Tamatinib",0.4049985,1.0143595,0.6128730773925781,1.6009553670883179
split_random,drug_mean,"B cells, Linagliptin",0.06794405,0.677852,0.1358831822872162,1.7643043994903564
split_random,drug_mean,"Myeloid cells, Linagliptin",0.033189893,0.77845633,0.12077251076698303,1.921675682067871
split_random,drug_mean,"T cells, 5-(9-Isopropyl-8-methyl-2-morpholino-9H-purin-6-yl)pyrimidin-2-amine",0.67978835,1.079781,0.8033649921417236,1.6789568662643433
split_random,drug_mean,"NK cells, I-BET151",0.54086816,1.2231826,0.7642133831977844,1.5402618646621704
split_random,drug_mean,"B cells, Foretinib",0.48105523,1.0160851,0.6752703785896301,1.9074245691299438
split_random,drug_mean,"B cells, GW843682X",0.2804091,0.6456193,0.4550112783908844,1.665276050567627
split_random,drug_mean,"NK cells, Raloxifene",0.22566356,0.8178463,0.45734721422195435,1.7721717357635498
split_random,drug_mean,"T cells, BAY 87-2243",0.5378495,1.1169682,0.6891979575157166,1.895622730255127
split_random,drug_mean,"NK cells, K-02288",0.047912464,0.742847,0.05638039857149124,1.8410238027572632
split_random,drug_mean,"NK cells, Porcn Inhibitor III",0.1844637,0.8262939,0.3818577826023102,1.8489137887954712
split_random,drug_mean,"NK cells, Proscillaridin A;Proscillaridin-A",0.7799366,1.5751841,0.8863514065742493,1.4765499830245972
split_random,drug_mean,"T cells, Ruxolitinib",0.490429,0.8849975,0.7343538999557495,1.6207596063613892
split_random,drug_mean,"T cells, Dovitinib",0.4222049,0.7550087,0.7007114291191101,1.6775811910629272
split_random,drug_mean,"NK cells, Palbociclib",0.09959365,0.7851818,0.19163042306900024,1.7854458093643188
split_random,drug_mean,"T cells, Palbociclib",0.26195735,0.6485617,0.5484687089920044,1.5536569356918335
split_random,drug_mean,"NK cells, Chlorpheniramine",0.069554545,0.74347055,0.09425598382949829,1.9025790691375732
split_random,drug_mean,"NK cells, Scriptaid",0.5684145,1.3778734,0.7531334757804871,1.7223541736602783
split_random,drug_mean,"T cells, Scriptaid",0.68065226,1.6822388,0.766614556312561,2.1126186847686768
split_random,drug_mean,"NK cells, LY2090314",0.6033447,1.2865404,0.8273990750312805,1.4426051378250122
split_random,drug_mean,"B cells, PF-04691502",0.48839378,1.0510976,0.6828768253326416,1.875064730644226
split_random,drug_mean,"T cells, Perhexiline",0.5554533,0.86431324,0.7767499685287476,1.6511448621749878
split_random,drug_mean,"T cells, Ketoconazole",0.6085722,0.9612789,0.7784072160720825,1.7628531455993652
split_random,drug_mean,"NK cells, Flutamide",0.1072907,0.7540118,0.28937095403671265,1.7702643871307373
split_random,drug_mean,"T cells, Flutamide",0.085168906,0.63643855,0.4324037432670593,1.640076756477356
split_random,drug_mean,"B cells, Isoniazid",0.113804,0.6450792,0.24279052019119263,1.7258551120758057
split_random,drug_mean,"T cells, IMD-0354",0.631125,1.3513203,0.749080240726471,2.0678274631500244
split_random,drug_mean,"NK cells, Penfluridol",0.1282712,0.73124766,0.24460940062999725,1.7952780723571777
split_random,drug_mean,"T cells, Quizartinib",0.16892602,0.61589164,0.4002593755722046,1.7128952741622925
split_random,drug_mean,"T cells, RN-486",0.139237,0.6221243,0.3038546144962311,1.5794873237609863
split_random,drug_mean,"Myeloid cells, PD-0325901",0.17562208,1.4615456,0.2679304778575897,2.5505385398864746
split_random,drug_mean,"NK cells, PD-0325901",0.28220823,0.90825033,0.45227500796318054,1.8135930299758911
split_random,drug_mean,"T cells, AZD3514",0.483838,0.7009751,0.7291878461837769,1.5580198764801025
split_random,drug_mean,"T cells, HMN-214",0.3961141,0.71431816,0.716801643371582,1.495073676109314
split_random,drug_mean,"T cells, Resminostat",0.7489363,1.5163516,0.8161596655845642,2.0125205516815186
split_random,drug_mean,"B cells, Crizotinib",0.45430714,0.8591463,0.7151503562927246,1.7720365524291992
split_random,drug_mean,"NK cells, Azacitidine",0.19014,0.69050825,0.2583821713924408,1.7772191762924194
split_random,drug_mean,"Myeloid cells, AT 7867",0.1457875,1.3793802,0.2666890323162079,2.484827995300293
split_random,drug_mean,"T cells, AT 7867",0.32015967,0.8945787,0.5301202535629272,1.8334373235702515
split_random,drug_mean,"NK cells, OSI-930",0.13197923,0.7170986,0.2967393398284912,1.7751384973526
split_random,drug_mean,"Myeloid cells, GO-6976",0.28982386,1.121717,0.457269549369812,2.1380622386932373
split_random,drug_mean,"T cells, Saracatinib",0.5820844,0.80036,0.7958298921585083,1.3324298858642578
split_random,drug_mean,"T cells, RG7112",0.43962136,0.594138,0.6892315745353699,1.590952754020691
split_random,drug_mean,"NK cells, TGX 221",0.27294022,0.8549401,0.4431931674480438,1.7177684307098389
split_random,drug_mean,"Myeloid cells, Pitavastatin Calcium",0.4104219,2.1264486,0.47795745730400085,2.8198671340942383
split_random,drug_mean,"Myeloid cells, ABT737",0.21567246,0.9460581,0.4405396282672882,2.093644857406616
split_random,drug_mean,"T cells, PRT-062607",0.5569918,0.91995317,0.7788372039794922,1.5397759675979614
split_random,drug_mean,"B cells, AZ628",0.38455337,0.9608402,0.6270231008529663,1.8366690874099731
split_random,drug_mean,"NK cells, AZ628",0.23899837,0.88191104,0.4024578630924225,1.7625259160995483
split_random,drug_mean,"Myeloid cells, Masitinib",0.23803362,0.7983396,0.41660159826278687,1.894697904586792
split_random,drug_mean,"NK cells, Masitinib",0.10978116,0.7960935,0.09344901144504547,1.8897606134414673
split_random,drug_mean,"B cells, Ricolinostat",0.23285851,0.9604316,0.41781261563301086,1.8047080039978027
split_random,drug_mean,"Myeloid cells, Ricolinostat",0.2133943,1.2471485,0.3411129117012024,2.278531789779663
split_random,drug_mean,"T cells, Ricolinostat",0.31613812,0.9638034,0.5139064192771912,1.8184481859207153
split_random,drug_mean,"T cells, Clemastine",0.24957684,0.632777,0.6204490661621094,1.3904110193252563
split_random,drug_mean,"NK cells, YK 4-279",0.1703734,0.7422431,0.3670697510242462,1.7174460887908936
split_random,drug_mean,"T cells, Buspirone",0.12727574,0.5564903,0.16652879118919373,1.6852784156799316
split_random,drug_mean,"T cells, Midostaurin",0.45192507,0.8557439,0.7254056334495544,1.7397358417510986
split_random,drug_mean,"B cells, CEP-37440",0.17357752,0.87296677,0.3261231482028961,1.8911556005477905
split_random,drug_mean,"NK cells, CEP-37440",0.21737096,0.8211121,0.397406667470932,1.7369593381881714
split_random,drug_mean,"Myeloid cells, Oxybenzone",0.16079077,0.5741736,0.3431181311607361,1.621104121208191
split_random,drug_mean,"T cells, SCH-58261",0.121571064,0.62275124,0.26126232743263245,1.656860113143921
split_random,drug_mean,"B cells, Tivantinib",0.10681376,0.9428626,0.18123787641525269,1.9302488565444946
split_random,drug_mean,"Myeloid cells, Tivantinib",0.09066799,1.0237833,0.19091016054153442,2.105830669403076
split_random,drug_mean,"T cells, Tivantinib",0.18856503,0.92265546,0.4095131456851959,1.7857885360717773
split_random,drug_mean,"T cells, Tipifarnib",0.3417127,0.74075735,0.5915096402168274,1.6039730310440063
split_random,drug_mean,"Myeloid cells, BX 912",0.16183662,1.0605597,0.30572929978370667,2.045302391052246
split_random,drug_mean,"NK cells, BX 912",0.16643608,0.9805292,0.3189457058906555,1.8236416578292847
split_random,drug_mean,"T cells, BX 912",0.38110617,0.9080542,0.6599774956703186,1.6253165006637573
split_random,drug_mean,"T cells, Doxorubicin",0.5343586,1.33382,0.7498610615730286,1.7603609561920166
split_random,drug_mean,"T cells, Tacalcitol",0.34972346,0.8853868,0.6897985935211182,1.4259974956512451
split_random,drug_mean,"Myeloid cells, RG7090",0.28401238,0.83475006,0.48382943868637085,1.8697248697280884
split_random,drug_mean,"B cells, GLPG0634",0.36192888,0.8890023,0.6140321493148804,1.7436869144439697
split_random,drug_mean,"T cells, GLPG0634",0.38642398,0.80925643,0.6988500356674194,1.5998682975769043
split_random,drug_mean,"B cells, Ixabepilone",0.15680921,0.6270482,0.3733740448951721,1.7235233783721924
split_random,drug_mean,"Myeloid cells, Phenylbutazone",0.16267493,0.6035885,0.23364000022411346,1.657736897468567
split_random,drug_mean,"Myeloid cells, BMS-777607",0.15330249,0.8189238,0.2686174809932709,2.0081405639648438
split_random,drug_mean,"Myeloid cells, Ruxolitinib",0.2941031,1.4712857,0.44054949283599854,2.5377204418182373
split_random,drug_mean,"Myeloid cells, Sgc-cbp30",0.24687788,0.99608004,0.440828412771225,2.0659022331237793
split_random,drug_mean,"B cells, Chlorpheniramine",0.15390371,0.6681191,0.27946966886520386,1.7330150604248047
split_random,drug_mean,"Myeloid cells, LY2090314",0.1855084,2.4189415,0.2326594591140747,3.1781435012817383
split_random,drug_mean,"B cells, RVX-208",0.42435142,0.74344796,0.6048537492752075,1.5595037937164307
split_random,drug_mean,"Myeloid cells, Ketoconazole",0.46480668,1.2199936,0.6235761642456055,2.120891809463501
split_random,drug_mean,"B cells, Desloratadine",0.18588741,0.61542153,0.3001776933670044,1.6116383075714111
split_random,drug_mean,"Myeloid cells, BMS-536924",0.318162,1.1383787,0.5059413313865662,2.0283896923065186
split_random,drug_mean,"B cells, Canertinib",0.34058186,0.7721687,0.5508915781974792,1.6645538806915283
split_random,drug_mean,"B cells, Alogliptin",0.106016785,0.64990485,0.09037070721387863,1.8380448818206787
split_random,drug_mean,"Myeloid cells, RN-486",-0.044724558,0.887826,-0.13102297484874725,2.1401264667510986
split_random,drug_mean,"B cells, Decitabine",0.10025583,0.61416787,0.17854298651218414,1.755240797996521
split_random,drug_mean,"B cells, Cabozantinib",0.26222378,0.7244875,0.5464448928833008,1.7159762382507324
split_random,drug_mean,"B cells, HMN-214",0.25130853,0.717613,0.5361576676368713,1.5028082132339478
split_random,drug_mean,"Myeloid cells, OSI-930",0.15888223,0.7165587,0.23568205535411835,1.7348068952560425
split_random,drug_mean,"B cells, Lamivudine",0.1447272,0.68321866,0.24128800630569458,1.7670773267745972
split_random,drug_mean,"Myeloid cells, AZD-8330",0.18460397,1.2048684,0.33826684951782227,2.3532755374908447
split_random,drug_mean,"B cells, Nefazodone",0.105464004,0.6547235,0.10096666216850281,1.8435084819793701
split_random,drug_mean,"Myeloid cells, GSK-1070916",0.28434068,0.7807524,0.4907541275024414,1.7806371450424194
split_random,drug_mean,"Myeloid cells, Bosutinib",0.46464095,1.5263222,0.6003646850585938,2.4152417182922363
split_random,drug_mean,"Myeloid cells, Clemastine",0.23227738,0.73425835,0.4173465967178345,1.724448800086975
split_random,drug_mean,"B cells, YK 4-279",0.19354111,0.67196584,0.4318365752696991,1.6803258657455444
split_random,drug_mean,"Myeloid cells, SCH-58261",0.08666493,0.74988157,0.160956010222435,1.8348466157913208
split_random,drug_mean,"B cells, Colforsin",0.12974572,0.6516067,0.1793910562992096,1.7187336683273315
split_random,drug_mean,"Myeloid cells, ABT-199 (GDC-0199)",0.11793802,0.66258013,0.23677171766757965,1.7250479459762573
split_random,drug_mean,"B cells, Tipifarnib",0.23716618,0.7788441,0.3784826993942261,1.7315928936004639
split_random,drug_mean,"B cells, Doxorubicin",0.48218483,1.628601,0.6418014168739319,2.233947515487671
split_random,drug_mean,"B cells, PF-03814735",0.52630967,1.1027123,0.7079006433486938,1.9165598154067993
split_random,drug_mean,"Myeloid cells, PF-03814735",0.4610986,1.7400074,0.5777594447135925,2.5493314266204834
split_random,drug_mean,"B cells, Prednisolone",0.4508313,1.1289327,0.6782042384147644,1.8310329914093018
split_random,drug_mean,"Myeloid cells, SB525334",0.40956292,1.1267998,0.5877432227134705,2.1860313415527344
split_random,drug_mean,"Myeloid cells, HYDROXYUREA",0.102087036,0.67312616,0.14635714888572693,1.7984771728515625
split_cell_heldout,global_train_mean,"NK cells, TIE2 Kinase Inhibitor",0.061186764,0.6426536,0.061438702046871185,1.7972984313964844
split_cell_heldout,global_train_mean,"NK cells, MK-5108",0.015189168,0.7082144,0.05955035611987114,1.8818506002426147
split_cell_heldout,global_train_mean,"NK cells, Lapatinib",-0.14703201,0.773828,-0.3178473711013794,1.9709662199020386
split_cell_heldout,global_train_mean,"NK cells, Atorvastatin",0.07647248,0.68121356,0.1009325385093689,1.7639394998550415
split_cell_heldout,global_train_mean,"NK cells, Ganetespib (STA-9090)",0.36369962,1.0744603,0.5633083581924438,2.238921880722046
split_cell_heldout,global_train_mean,"NK cells, Clomipramine",0.09601026,0.65153104,0.1760650873184204,1.7695375680923462
split_cell_heldout,global_train_mean,"NK cells, Sunitinib",0.12578842,0.6759228,0.18649831414222717,1.7670326232910156
split_cell_heldout,global_train_mean,"NK cells, Tivozanib",0.06593814,0.68754315,0.14193442463874817,1.820363163948059
split_cell_heldout,global_train_mean,"NK cells, Tamatinib",0.28870076,0.8292327,0.45734894275665283,1.8753669261932373
split_cell_heldout,global_train_mean,"NK cells, Ixabepilone",0.08478957,0.66889644,0.10989297926425934,1.8599393367767334
split_cell_heldout,global_train_mean,"NK cells, Linagliptin",0.07087968,0.66479623,0.08415580540895462,1.7841812372207642
split_cell_heldout,global_train_mean,"NK cells, 5-(9-Isopropyl-8-methyl-2-morpholino-9H-purin-6-yl)pyrimidin-2-amine",0.38251203,0.8410061,0.6160469651222229,1.9481146335601807
split_cell_heldout,global_train_mean,"NK cells, O-Demethylated Adapalene",0.03617214,0.68187726,-0.03267180174589157,1.841216802597046
split_cell_heldout,global_train_mean,"NK cells, Protriptyline",-0.010664707,0.6674401,0.01523473858833313,1.8036811351776123
split_cell_heldout,global_train_mean,"NK cells, I-BET151",0.18384689,1.0145347,0.30314695835113525,2.2588798999786377
split_cell_heldout,global_train_mean,"NK cells, Foretinib",0.28537202,0.74598014,0.490897536277771,1.8624444007873535
split_cell_heldout,global_train_mean,"NK cells, GW843682X",0.12012143,0.6656747,0.32345396280288696,1.8110904693603516
split_cell_heldout,global_train_mean,"NK cells, BMS-387032",0.18390642,0.8277728,0.37205758690834045,1.995897650718689
split_cell_heldout,global_train_mean,"NK cells, IN1451",0.24624452,1.2042323,0.37155845761299133,2.3454415798187256
split_cell_heldout,global_train_mean,"NK cells, Raloxifene",-0.0830306,0.8271823,-0.14817145466804504,2.0268049240112305
split_cell_heldout,global_train_mean,"NK cells, Topotecan",0.10352155,0.8137003,0.21198618412017822,2.0181543827056885
split_cell_heldout,global_train_mean,"NK cells, BAY 87-2243",0.34111413,0.8936323,0.5425374507904053,2.1127512454986572
split_cell_heldout,global_train_mean,"NK cells, Phenylbutazone",0.110276006,0.68537396,0.14710991084575653,1.8360874652862549
split_cell_heldout,global_train_mean,"NK cells, K-02288",0.038843114,0.6604374,0.047071389853954315,1.8203694820404053
split_cell_heldout,global_train_mean,"NK cells, BMS-777607",0.07879562,0.6759118,0.15485262870788574,1.7843432426452637
split_cell_heldout,global_train_mean,"NK cells, Porcn Inhibitor III",-0.11625739,0.8065086,-0.24681934714317322,2.0749576091766357
split_cell_heldout,global_train_mean,"NK cells, TL_HRAS26",0.03690824,0.65823084,0.00020845560356974602,1.8829293251037598
split_cell_heldout,global_train_mean,"NK cells, Proscillaridin A;Proscillaridin-A",-0.025194991,2.2831616,-0.028042716905474663,3.1982996463775635
split_cell_heldout,global_train_mean,"NK cells, Vorinostat",0.29632264,1.2035608,0.4812433421611786,2.380552291870117
split_cell_heldout,global_train_mean,"NK cells, BMS-265246",0.047100607,0.91045535,0.12275595963001251,2.1813483238220215
split_cell_heldout,global_train_mean,"NK cells, Ruxolitinib",0.24982761,0.73131675,0.437374085187912,1.8015879392623901
split_cell_heldout,global_train_mean,"NK cells, Pomalidomide",-0.10667159,0.9110673,-0.17468270659446716,2.250107526779175
split_cell_heldout,global_train_mean,"NK cells, Dovitinib",0.21895975,0.7334729,0.38725149631500244,1.8730202913284302
split_cell_heldout,global_train_mean,"NK cells, AVL-292",0.23668239,0.6793088,0.4153892695903778,1.8148021697998047
split_cell_heldout,global_train_mean,"NK cells, Navitoclax",-0.064338855,0.7634519,-0.09822283685207367,1.9874881505966187
split_cell_heldout,global_train_mean,"NK cells, Methotrexate",-0.18625513,0.73372316,-0.2867671251296997,1.987194538116455
split_cell_heldout,global_train_mean,"NK cells, Palbociclib",0.06376376,0.67561466,0.05136016011238098,1.807557463645935
split_cell_heldout,global_train_mean,"NK cells, Trametinib",0.17134282,0.71334124,0.3854061961174011,1.804442048072815
split_cell_heldout,global_train_mean,"NK cells, AMD-070 (hydrochloride)",-0.036404237,0.6800854,-0.07665696740150452,1.8615210056304932
split_cell_heldout,global_train_mean,"NK cells, Sgc-cbp30",0.2055833,0.68610114,0.38966575264930725,1.7782604694366455
split_cell_heldout,global_train_mean,"NK cells, FK 866",0.075932935,0.770414,0.23259779810905457,1.914591908454895
split_cell_heldout,global_train_mean,"NK cells, Chlorpheniramine",0.045302566,0.695164,0.10775226354598999,1.8838207721710205
split_cell_heldout,global_train_mean,"NK cells, Scriptaid",0.3160947,1.2917849,0.48033204674720764,2.4751648902893066
split_cell_heldout,global_train_mean,"NK cells, BAY 61-3606",0.27374223,1.012496,0.46735385060310364,2.1605308055877686
split_cell_heldout,global_train_mean,"NK cells, LY2090314",0.05691125,1.2427351,0.11117763817310333,2.558814764022827
split_cell_heldout,global_train_mean,"NK cells, Vardenafil",0.0981914,0.6774038,0.1804891973733902,1.8381035327911377
split_cell_heldout,global_train_mean,"NK cells, Dasatinib",0.20955525,0.76057786,0.3607957661151886,1.8625776767730713
split_cell_heldout,global_train_mean,"NK cells, AT13387",0.35638517,1.0485358,0.5325750708580017,2.214829206466675
split_cell_heldout,global_train_mean,"NK cells, PF-04691502",0.26251912,0.7651844,0.5301260948181152,1.8030121326446533
split_cell_heldout,global_train_mean,"NK cells, Perhexiline",0.3226903,0.7640072,0.5232082605361938,1.8056663274765015
split_cell_heldout,global_train_mean,"NK cells, RVX-208",0.091884054,0.7193009,0.06686905026435852,1.9090238809585571
split_cell_heldout,global_train_mean,"NK cells, Ketoconazole",-0.13688196,0.9677419,-0.28039222955703735,2.3092474937438965
split_cell_heldout,global_train_mean,"NK cells, Disulfiram",0.06457364,0.6648417,0.005564204882830381,1.867786169052124
split_cell_heldout,global_train_mean,"NK cells, Flutamide",0.0890371,0.70401496,0.2713143229484558,1.7894110679626465
split_cell_heldout,global_train_mean,"NK cells, Desloratadine",0.019091064,0.6874752,-0.06941744685173035,1.8462443351745605
split_cell_heldout,global_train_mean,"NK cells, Dactolisib",0.4354508,0.9644901,0.6505618095397949,2.1463849544525146
split_cell_heldout,global_train_mean,"NK cells, BMS-536924",0.26674202,0.7291572,0.4669375717639923,1.7968981266021729
split_cell_heldout,global_train_mean,"NK cells, IKK Inhibitor VII",0.2696281,0.73109746,0.45372751355171204,1.8367013931274414
split_cell_heldout,global_train_mean,"NK cells, Amiodarone",0.13405392,0.6735859,0.2143601030111313,1.802679419517517
split_cell_heldout,global_train_mean,"NK cells, Isoniazid",0.059129648,0.6747114,0.10734028369188309,1.836621642112732
split_cell_heldout,global_train_mean,"NK cells, IMD-0354",0.33244282,0.9015338,0.5773334503173828,2.0609853267669678
split_cell_heldout,global_train_mean,"NK cells, Canertinib",0.049805094,0.72502023,0.0866611897945404,1.964007019996643
split_cell_heldout,global_train_mean,"NK cells, Idelalisib",0.12912716,0.72225,0.2950643301010132,1.852514386177063
split_cell_heldout,global_train_mean,"NK cells, Alogliptin",-0.061334353,0.6823243,-0.20356997847557068,1.9069039821624756
split_cell_heldout,global_train_mean,"NK cells, Penfluridol",0.05423158,0.71684074,0.128518208861351,1.821790099143982
split_cell_heldout,global_train_mean,"NK cells, Quizartinib",0.009108683,0.686296,0.03252631053328514,1.866061806678772
split_cell_heldout,global_train_mean,"NK cells, RN-486",-0.08148339,0.74008334,-0.20140694081783295,1.950370192527771
split_cell_heldout,global_train_mean,"NK cells, PD-0325901",0.22713697,0.7733748,0.41334962844848633,1.9174638986587524
split_cell_heldout,global_train_mean,"NK cells, Decitabine",0.033133127,0.6675653,0.02883366495370865,1.7767244577407837
split_cell_heldout,global_train_mean,"NK cells, LDN 193189",-0.06210193,0.73126566,-0.23387590050697327,1.9349336624145508
split_cell_heldout,global_train_mean,"NK cells, Cabozantinib",0.002860075,0.71103334,0.06104038655757904,1.830500841140747
split_cell_heldout,global_train_mean,"NK cells, Riociguat",0.06753074,0.6890508,0.1621423214673996,1.834964632987976
split_cell_heldout,global_train_mean,"NK cells, CHIR-99021",-0.053698525,0.7865053,-0.13712984323501587,1.9971071481704712
split_cell_heldout,global_train_mean,"NK cells, Defactinib",0.09837328,0.6884737,0.2706940472126007,1.8385668992996216
split_cell_heldout,global_train_mean,"NK cells, BI-D1870",-0.0051166415,0.7529527,0.08308476209640503,1.8340896368026733
split_cell_heldout,global_train_mean,"NK cells, AZD3514",0.11244472,0.69274604,0.23179206252098083,1.817420482635498
split_cell_heldout,global_train_mean,"NK cells, HMN-214",-0.013137998,0.73715496,-0.01687915250658989,1.853747844696045
split_cell_heldout,global_train_mean,"NK cells, CC-401",0.21648124,0.6986501,0.3963223695755005,1.8073076009750366
split_cell_heldout,global_train_mean,"NK cells, Resminostat",0.28400618,1.3000737,0.43178072571754456,2.460207939147949
split_cell_heldout,global_train_mean,"NK cells, Crizotinib",0.2697734,0.7002376,0.4737232029438019,1.745237946510315
split_cell_heldout,global_train_mean,"NK cells, Azacitidine",0.11262549,0.6647627,0.1371423453092575,1.8314635753631592
split_cell_heldout,global_train_mean,"NK cells, TR-14035",0.18478152,0.62733394,0.28304311633110046,1.8250285387039185
split_cell_heldout,global_train_mean,"NK cells, Nilotinib",0.26368096,0.7196474,0.48850536346435547,1.7946311235427856
split_cell_heldout,global_train_mean,"NK cells, AT 7867",0.2661034,0.72222686,0.47811272740364075,1.8321104049682617
split_cell_heldout,global_train_mean,"NK cells, OSI-930",-0.12577458,0.74337107,-0.32351288199424744,1.9489541053771973
split_cell_heldout,global_train_mean,"NK cells, GO-6976",-0.09816896,0.8443178,-0.1741347461938858,2.016310691833496
split_cell_heldout,global_train_mean,"NK cells, Saracatinib",0.231634,0.73535705,0.3627866804599762,1.886586308479309
split_cell_heldout,global_train_mean,"NK cells, RG7112",0.19699876,0.66591316,0.3774630129337311,1.8924463987350464
split_cell_heldout,global_train_mean,"NK cells, Lamivudine",0.12568541,0.67907536,0.1776684820652008,1.8879016637802124
split_cell_heldout,global_train_mean,"NK cells, TGX 221",0.2786668,0.7175416,0.4364470839500427,1.8064464330673218
split_cell_heldout,global_train_mean,"NK cells, Pitavastatin Calcium",-0.16833138,1.4517673,-0.22560997307300568,2.7414450645446777
split_cell_heldout,global_train_mean,"NK cells, ABT737",0.06729649,0.7567728,0.15306244790554047,1.9097585678100586
split_cell_heldout,global_train_mean,"NK cells, PRT-062607",0.30342567,0.7289696,0.5368274450302124,1.785839557647705
split_cell_heldout,global_train_mean,"NK cells, AZ628",0.24048996,0.7089648,0.4547466039657593,1.7818682193756104
split_cell_heldout,global_train_mean,"NK cells, AZD-8330",0.31022146,0.7282709,0.5023800134658813,1.7896604537963867
split_cell_heldout,global_train_mean,"NK cells, Masitinib",0.18184206,0.6783135,0.24113953113555908,1.8245484828948975
split_cell_heldout,global_train_mean,"NK cells, Ceritinib",0.24740745,0.6868482,0.4199404716491699,1.7884441614151
split_cell_heldout,global_train_mean,"NK cells, CGM-097",-0.0047182804,0.8699211,0.05719330906867981,2.0956554412841797
split_cell_heldout,global_train_mean,"NK cells, SLx-2119",0.11234589,0.7272127,0.07850543409585953,1.9928382635116577
split_cell_heldout,global_train_mean,"NK cells, Nefazodone",0.119318314,0.678058,0.23687458038330078,1.8317662477493286
split_cell_heldout,global_train_mean,"NK cells, STK219801",0.08923186,0.69831324,0.1086244285106659,1.9388374090194702
split_cell_heldout,global_train_mean,"NK cells, TPCA-1",0.37118876,0.83987564,0.5973820686340332,1.8871233463287354
split_cell_heldout,global_train_mean,"NK cells, MGCD-265",0.042779196,0.6793725,-0.015608702786266804,1.8441553115844727
split_cell_heldout,global_train_mean,"NK cells, GSK-1070916",0.09960926,0.6707678,0.20695574581623077,1.7908178567886353
split_cell_heldout,global_train_mean,"NK cells, Ricolinostat",0.068659514,0.78384864,0.09512022137641907,1.927676796913147
split_cell_heldout,global_train_mean,"NK cells, Bosutinib",0.2838957,0.7608841,0.47030073404312134,1.886974573135376
split_cell_heldout,global_train_mean,"NK cells, Clemastine",0.14736567,0.66909814,0.17125242948532104,1.7845841646194458
split_cell_heldout,global_train_mean,"NK cells, YK 4-279",-0.09474463,0.74814403,-0.16431351006031036,1.8955528736114502
split_cell_heldout,global_train_mean,"NK cells, Buspirone",0.024359575,0.6426435,-0.06953447312116623,1.8152910470962524
split_cell_heldout,global_train_mean,"NK cells, Midostaurin",0.27014774,0.72435695,0.45219534635543823,1.7728873491287231
split_cell_heldout,global_train_mean,"NK cells, CEP-37440",0.21504723,0.6834904,0.36129504442214966,1.8192192316055298
split_cell_heldout,global_train_mean,"NK cells, GSK256066",0.24884853,0.87227464,0.43399229645729065,2.0396032333374023
split_cell_heldout,global_train_mean,"NK cells, Oxybenzone",0.10315377,0.65541875,0.1301753968000412,1.7977114915847778
split_cell_heldout,global_train_mean,"NK cells, Vandetanib",0.10861244,0.67575943,0.239522784948349,1.8342235088348389
split_cell_heldout,global_train_mean,"NK cells, Imatinib",0.12092774,0.6876425,0.2634927034378052,1.8229331970214844
split_cell_heldout,global_train_mean,"NK cells, SCH-58261",-0.03788408,0.7121413,-0.05208316817879677,1.8849797248840332
split_cell_heldout,global_train_mean,"NK cells, Colforsin",0.058387298,0.68192166,-0.004884935915470123,1.8481032848358154
split_cell_heldout,global_train_mean,"NK cells, Tivantinib",0.1712186,0.69050276,0.3383852541446686,1.8332809209823608
split_cell_heldout,global_train_mean,"NK cells, Tosedostat",0.26484972,0.74514556,0.49252957105636597,1.8621325492858887
split_cell_heldout,global_train_mean,"NK cells, Colchicine",0.19894823,0.72834325,0.35980692505836487,1.821700930595398
split_cell_heldout,global_train_mean,"NK cells, ABT-199 (GDC-0199)",0.03424111,0.6829457,0.08737139403820038,1.8640748262405396
split_cell_heldout,global_train_mean,"NK cells, Mometasone Furoate",0.320429,0.9238254,0.5074062347412109,2.1275315284729004
split_cell_heldout,global_train_mean,"NK cells, Tipifarnib",0.22354656,0.6944301,0.41459640860557556,1.82277250289917
split_cell_heldout,global_train_mean,"NK cells, BX 912",0.25749183,0.71744305,0.43372857570648193,1.7780147790908813
split_cell_heldout,global_train_mean,"NK cells, Doxorubicin",0.23609434,0.84224266,0.43891528248786926,2.052116632461548
split_cell_heldout,global_train_mean,"NK cells, PF-03814735",0.2821287,0.83139664,0.47073376178741455,1.9240524768829346
split_cell_heldout,global_train_mean,"NK cells, AZD4547",0.092711784,0.68030995,0.2444019317626953,1.8077125549316406
split_cell_heldout,global_train_mean,"NK cells, Prednisolone",0.28483918,0.9109838,0.4548083543777466,2.145504951477051
split_cell_heldout,global_train_mean,"NK cells, Tacalcitol",0.17886436,0.6956396,0.3070329427719116,1.8145127296447754
split_cell_heldout,global_train_mean,"NK cells, Selumetinib",0.14655754,0.7185816,0.273297518491745,1.847434639930725
split_cell_heldout,global_train_mean,"NK cells, Clotrimazole",0.09094603,0.663328,0.1796366423368454,1.822244644165039
split_cell_heldout,global_train_mean,"NK cells, RG7090",0.007552634,0.7180264,0.0487557128071785,1.8785158395767212
split_cell_heldout,global_train_mean,"NK cells, GLPG0634",0.25861198,0.72645557,0.44510552287101746,1.8201606273651123
split_cell_heldout,global_train_mean,"NK cells, Mubritinib (TAK 165)",0.26268724,0.82307446,0.4886910021305084,1.9906706809997559
split_cell_heldout,global_train_mean,"NK cells, Vanoxerine",0.11548536,0.68250257,0.14556099474430084,1.7866594791412354
split_cell_heldout,global_train_mean,"NK cells, SB525334",-0.1788386,0.83505017,-0.3388613164424896,2.061558485031128
split_cell_heldout,global_train_mean,"NK cells, HYDROXYUREA",0.0011691981,0.68817306,-0.05854355916380882,1.8276160955429077
split_cell_heldout,cell_context_mean,"NK cells, TIE2 Kinase Inhibitor",0.061186764,0.6426536,0.061438702046871185,1.7972984313964844
split_cell_heldout,cell_context_mean,"NK cells, MK-5108",0.015189168,0.7082144,0.05955035611987114,1.8818506002426147
split_cell_heldout,cell_context_mean,"NK cells, Lapatinib",-0.14703201,0.773828,-0.3178473711013794,1.9709662199020386
split_cell_heldout,cell_context_mean,"NK cells, Atorvastatin",0.07647248,0.68121356,0.1009325385093689,1.7639394998550415
split_cell_heldout,cell_context_mean,"NK cells, Ganetespib (STA-9090)",0.36369962,1.0744603,0.5633083581924438,2.238921880722046
split_cell_heldout,cell_context_mean,"NK cells, Clomipramine",0.09601026,0.65153104,0.1760650873184204,1.7695375680923462
split_cell_heldout,cell_context_mean,"NK cells, Sunitinib",0.12578842,0.6759228,0.18649831414222717,1.7670326232910156
split_cell_heldout,cell_context_mean,"NK cells, Tivozanib",0.06593814,0.68754315,0.14193442463874817,1.820363163948059
split_cell_heldout,cell_context_mean,"NK cells, Tamatinib",0.28870076,0.8292327,0.45734894275665283,1.8753669261932373
split_cell_heldout,cell_context_mean,"NK cells, Ixabepilone",0.08478957,0.66889644,0.10989297926425934,1.8599393367767334
split_cell_heldout,cell_context_mean,"NK cells, Linagliptin",0.07087968,0.66479623,0.08415580540895462,1.7841812372207642
split_cell_heldout,cell_context_mean,"NK cells, 5-(9-Isopropyl-8-methyl-2-morpholino-9H-purin-6-yl)pyrimidin-2-amine",0.38251203,0.8410061,0.6160469651222229,1.9481146335601807
split_cell_heldout,cell_context_mean,"NK cells, O-Demethylated Adapalene",0.03617214,0.68187726,-0.03267180174589157,1.841216802597046
split_cell_heldout,cell_context_mean,"NK cells, Protriptyline",-0.010664707,0.6674401,0.01523473858833313,1.8036811351776123
split_cell_heldout,cell_context_mean,"NK cells, I-BET151",0.18384689,1.0145347,0.30314695835113525,2.2588798999786377
split_cell_heldout,cell_context_mean,"NK cells, Foretinib",0.28537202,0.74598014,0.490897536277771,1.8624444007873535
split_cell_heldout,cell_context_mean,"NK cells, GW843682X",0.12012143,0.6656747,0.32345396280288696,1.8110904693603516
split_cell_heldout,cell_context_mean,"NK cells, BMS-387032",0.18390642,0.8277728,0.37205758690834045,1.995897650718689
split_cell_heldout,cell_context_mean,"NK cells, IN1451",0.24624452,1.2042323,0.37155845761299133,2.3454415798187256
split_cell_heldout,cell_context_mean,"NK cells, Raloxifene",-0.0830306,0.8271823,-0.14817145466804504,2.0268049240112305
split_cell_heldout,cell_context_mean,"NK cells, Topotecan",0.10352155,0.8137003,0.21198618412017822,2.0181543827056885
split_cell_heldout,cell_context_mean,"NK cells, BAY 87-2243",0.34111413,0.8936323,0.5425374507904053,2.1127512454986572
split_cell_heldout,cell_context_mean,"NK cells, Phenylbutazone",0.110276006,0.68537396,0.14710991084575653,1.8360874652862549
split_cell_heldout,cell_context_mean,"NK cells, K-02288",0.038843114,0.6604374,0.047071389853954315,1.8203694820404053
split_cell_heldout,cell_context_mean,"NK cells, BMS-777607",0.07879562,0.6759118,0.15485262870788574,1.7843432426452637
split_cell_heldout,cell_context_mean,"NK cells, Porcn Inhibitor III",-0.11625739,0.8065086,-0.24681934714317322,2.0749576091766357
split_cell_heldout,cell_context_mean,"NK cells, TL_HRAS26",0.03690824,0.65823084,0.00020845560356974602,1.8829293251037598
split_cell_heldout,cell_context_mean,"NK cells, Proscillaridin A;Proscillaridin-A",-0.025194991,2.2831616,-0.028042716905474663,3.1982996463775635
split_cell_heldout,cell_context_mean,"NK cells, Vorinostat",0.29632264,1.2035608,0.4812433421611786,2.380552291870117
split_cell_heldout,cell_context_mean,"NK cells, BMS-265246",0.047100607,0.91045535,0.12275595963001251,2.1813483238220215
split_cell_heldout,cell_context_mean,"NK cells, Ruxolitinib",0.24982761,0.73131675,0.437374085187912,1.8015879392623901
split_cell_heldout,cell_context_mean,"NK cells, Pomalidomide",-0.10667159,0.9110673,-0.17468270659446716,2.250107526779175
split_cell_heldout,cell_context_mean,"NK cells, Dovitinib",0.21895975,0.7334729,0.38725149631500244,1.8730202913284302
split_cell_heldout,cell_context_mean,"NK cells, AVL-292",0.23668239,0.6793088,0.4153892695903778,1.8148021697998047
split_cell_heldout,cell_context_mean,"NK cells, Navitoclax",-0.064338855,0.7634519,-0.09822283685207367,1.9874881505966187
split_cell_heldout,cell_context_mean,"NK cells, Methotrexate",-0.18625513,0.73372316,-0.2867671251296997,1.987194538116455
split_cell_heldout,cell_context_mean,"NK cells, Palbociclib",0.06376376,0.67561466,0.05136016011238098,1.807557463645935
split_cell_heldout,cell_context_mean,"NK cells, Trametinib",0.17134282,0.71334124,0.3854061961174011,1.804442048072815
split_cell_heldout,cell_context_mean,"NK cells, AMD-070 (hydrochloride)",-0.036404237,0.6800854,-0.07665696740150452,1.8615210056304932
split_cell_heldout,cell_context_mean,"NK cells, Sgc-cbp30",0.2055833,0.68610114,0.38966575264930725,1.7782604694366455
split_cell_heldout,cell_context_mean,"NK cells, FK 866",0.075932935,0.770414,0.23259779810905457,1.914591908454895
split_cell_heldout,cell_context_mean,"NK cells, Chlorpheniramine",0.045302566,0.695164,0.10775226354598999,1.8838207721710205
split_cell_heldout,cell_context_mean,"NK cells, Scriptaid",0.3160947,1.2917849,0.48033204674720764,2.4751648902893066
split_cell_heldout,cell_context_mean,"NK cells, BAY 61-3606",0.27374223,1.012496,0.46735385060310364,2.1605308055877686
split_cell_heldout,cell_context_mean,"NK cells, LY2090314",0.05691125,1.2427351,0.11117763817310333,2.558814764022827
split_cell_heldout,cell_context_mean,"NK cells, Vardenafil",0.0981914,0.6774038,0.1804891973733902,1.8381035327911377
split_cell_heldout,cell_context_mean,"NK cells, Dasatinib",0.20955525,0.76057786,0.3607957661151886,1.8625776767730713
split_cell_heldout,cell_context_mean,"NK cells, AT13387",0.35638517,1.0485358,0.5325750708580017,2.214829206466675
split_cell_heldout,cell_context_mean,"NK cells, PF-04691502",0.26251912,0.7651844,0.5301260948181152,1.8030121326446533
split_cell_heldout,cell_context_mean,"NK cells, Perhexiline",0.3226903,0.7640072,0.5232082605361938,1.8056663274765015
split_cell_heldout,cell_context_mean,"NK cells, RVX-208",0.091884054,0.7193009,0.06686905026435852,1.9090238809585571
split_cell_heldout,cell_context_mean,"NK cells, Ketoconazole",-0.13688196,0.9677419,-0.28039222955703735,2.3092474937438965
split_cell_heldout,cell_context_mean,"NK cells, Disulfiram",0.06457364,0.6648417,0.005564204882830381,1.867786169052124
split_cell_heldout,cell_context_mean,"NK cells, Flutamide",0.0890371,0.70401496,0.2713143229484558,1.7894110679626465
split_cell_heldout,cell_context_mean,"NK cells, Desloratadine",0.019091064,0.6874752,-0.06941744685173035,1.8462443351745605
split_cell_heldout,cell_context_mean,"NK cells, Dactolisib",0.4354508,0.9644901,0.6505618095397949,2.1463849544525146
split_cell_heldout,cell_context_mean,"NK cells, BMS-536924",0.26674202,0.7291572,0.4669375717639923,1.7968981266021729
split_cell_heldout,cell_context_mean,"NK cells, IKK Inhibitor VII",0.2696281,0.73109746,0.45372751355171204,1.8367013931274414
split_cell_heldout,cell_context_mean,"NK cells, Amiodarone",0.13405392,0.6735859,0.2143601030111313,1.802679419517517
split_cell_heldout,cell_context_mean,"NK cells, Isoniazid",0.059129648,0.6747114,0.10734028369188309,1.836621642112732
split_cell_heldout,cell_context_mean,"NK cells, IMD-0354",0.33244282,0.9015338,0.5773334503173828,2.0609853267669678
split_cell_heldout,cell_context_mean,"NK cells, Canertinib",0.049805094,0.72502023,0.0866611897945404,1.964007019996643
split_cell_heldout,cell_context_mean,"NK cells, Idelalisib",0.12912716,0.72225,0.2950643301010132,1.852514386177063
split_cell_heldout,cell_context_mean,"NK cells, Alogliptin",-0.061334353,0.6823243,-0.20356997847557068,1.9069039821624756
split_cell_heldout,cell_context_mean,"NK cells, Penfluridol",0.05423158,0.71684074,0.128518208861351,1.821790099143982
split_cell_heldout,cell_context_mean,"NK cells, Quizartinib",0.009108683,0.686296,0.03252631053328514,1.866061806678772
split_cell_heldout,cell_context_mean,"NK cells, RN-486",-0.08148339,0.74008334,-0.20140694081783295,1.950370192527771
split_cell_heldout,cell_context_mean,"NK cells, PD-0325901",0.22713697,0.7733748,0.41334962844848633,1.9174638986587524
split_cell_heldout,cell_context_mean,"NK cells, Decitabine",0.033133127,0.6675653,0.02883366495370865,1.7767244577407837
split_cell_heldout,cell_context_mean,"NK cells, LDN 193189",-0.06210193,0.73126566,-0.23387590050697327,1.9349336624145508
split_cell_heldout,cell_context_mean,"NK cells, Cabozantinib",0.002860075,0.71103334,0.06104038655757904,1.830500841140747
split_cell_heldout,cell_context_mean,"NK cells, Riociguat",0.06753074,0.6890508,0.1621423214673996,1.834964632987976
split_cell_heldout,cell_context_mean,"NK cells, CHIR-99021",-0.053698525,0.7865053,-0.13712984323501587,1.9971071481704712
split_cell_heldout,cell_context_mean,"NK cells, Defactinib",0.09837328,0.6884737,0.2706940472126007,1.8385668992996216
split_cell_heldout,cell_context_mean,"NK cells, BI-D1870",-0.0051166415,0.7529527,0.08308476209640503,1.8340896368026733
split_cell_heldout,cell_context_mean,"NK cells, AZD3514",0.11244472,0.69274604,0.23179206252098083,1.817420482635498
split_cell_heldout,cell_context_mean,"NK cells, HMN-214",-0.013137998,0.73715496,-0.01687915250658989,1.853747844696045
split_cell_heldout,cell_context_mean,"NK cells, CC-401",0.21648124,0.6986501,0.3963223695755005,1.8073076009750366
split_cell_heldout,cell_context_mean,"NK cells, Resminostat",0.28400618,1.3000737,0.43178072571754456,2.460207939147949
split_cell_heldout,cell_context_mean,"NK cells, Crizotinib",0.2697734,0.7002376,0.4737232029438019,1.745237946510315
split_cell_heldout,cell_context_mean,"NK cells, Azacitidine",0.11262549,0.6647627,0.1371423453092575,1.8314635753631592
split_cell_heldout,cell_context_mean,"NK cells, TR-14035",0.18478152,0.62733394,0.28304311633110046,1.8250285387039185
split_cell_heldout,cell_context_mean,"NK cells, Nilotinib",0.26368096,0.7196474,0.48850536346435547,1.7946311235427856
split_cell_heldout,cell_context_mean,"NK cells, AT 7867",0.2661034,0.72222686,0.47811272740364075,1.8321104049682617
split_cell_heldout,cell_context_mean,"NK cells, OSI-930",-0.12577458,0.74337107,-0.32351288199424744,1.9489541053771973
split_cell_heldout,cell_context_mean,"NK cells, GO-6976",-0.09816896,0.8443178,-0.1741347461938858,2.016310691833496
split_cell_heldout,cell_context_mean,"NK cells, Saracatinib",0.231634,0.73535705,0.3627866804599762,1.886586308479309
split_cell_heldout,cell_context_mean,"NK cells, RG7112",0.19699876,0.66591316,0.3774630129337311,1.8924463987350464
split_cell_heldout,cell_context_mean,"NK cells, Lamivudine",0.12568541,0.67907536,0.1776684820652008,1.8879016637802124
split_cell_heldout,cell_context_mean,"NK cells, TGX 221",0.2786668,0.7175416,0.4364470839500427,1.8064464330673218
split_cell_heldout,cell_context_mean,"NK cells, Pitavastatin Calcium",-0.16833138,1.4517673,-0.22560997307300568,2.7414450645446777
split_cell_heldout,cell_context_mean,"NK cells, ABT737",0.06729649,0.7567728,0.15306244790554047,1.9097585678100586
split_cell_heldout,cell_context_mean,"NK cells, PRT-062607",0.30342567,0.7289696,0.5368274450302124,1.785839557647705
split_cell_heldout,cell_context_mean,"NK cells, AZ628",0.24048996,0.7089648,0.4547466039657593,1.7818682193756104
split_cell_heldout,cell_context_mean,"NK cells, AZD-8330",0.31022146,0.7282709,0.5023800134658813,1.7896604537963867
split_cell_heldout,cell_context_mean,"NK cells, Masitinib",0.18184206,0.6783135,0.24113953113555908,1.8245484828948975
split_cell_heldout,cell_context_mean,"NK cells, Ceritinib",0.24740745,0.6868482,0.4199404716491699,1.7884441614151
split_cell_heldout,cell_context_mean,"NK cells, CGM-097",-0.0047182804,0.8699211,0.05719330906867981,2.0956554412841797
split_cell_heldout,cell_context_mean,"NK cells, SLx-2119",0.11234589,0.7272127,0.07850543409585953,1.9928382635116577
split_cell_heldout,cell_context_mean,"NK cells, Nefazodone",0.119318314,0.678058,0.23687458038330078,1.8317662477493286
split_cell_heldout,cell_context_mean,"NK cells, STK219801",0.08923186,0.69831324,0.1086244285106659,1.9388374090194702
split_cell_heldout,cell_context_mean,"NK cells, TPCA-1",0.37118876,0.83987564,0.5973820686340332,1.8871233463287354
split_cell_heldout,cell_context_mean,"NK cells, MGCD-265",0.042779196,0.6793725,-0.015608702786266804,1.8441553115844727
split_cell_heldout,cell_context_mean,"NK cells, GSK-1070916",0.09960926,0.6707678,0.20695574581623077,1.7908178567886353
split_cell_heldout,cell_context_mean,"NK cells, Ricolinostat",0.068659514,0.78384864,0.09512022137641907,1.927676796913147
split_cell_heldout,cell_context_mean,"NK cells, Bosutinib",0.2838957,0.7608841,0.47030073404312134,1.886974573135376
split_cell_heldout,cell_context_mean,"NK cells, Clemastine",0.14736567,0.66909814,0.17125242948532104,1.7845841646194458
split_cell_heldout,cell_context_mean,"NK cells, YK 4-279",-0.09474463,0.74814403,-0.16431351006031036,1.8955528736114502
split_cell_heldout,cell_context_mean,"NK cells, Buspirone",0.024359575,0.6426435,-0.06953447312116623,1.8152910470962524
split_cell_heldout,cell_context_mean,"NK cells, Midostaurin",0.27014774,0.72435695,0.45219534635543823,1.7728873491287231
split_cell_heldout,cell_context_mean,"NK cells, CEP-37440",0.21504723,0.6834904,0.36129504442214966,1.8192192316055298
split_cell_heldout,cell_context_mean,"NK cells, GSK256066",0.24884853,0.87227464,0.43399229645729065,2.0396032333374023
split_cell_heldout,cell_context_mean,"NK cells, Oxybenzone",0.10315377,0.65541875,0.1301753968000412,1.7977114915847778
split_cell_heldout,cell_context_mean,"NK cells, Vandetanib",0.10861244,0.67575943,0.239522784948349,1.8342235088348389
split_cell_heldout,cell_context_mean,"NK cells, Imatinib",0.12092774,0.6876425,0.2634927034378052,1.8229331970214844
split_cell_heldout,cell_context_mean,"NK cells, SCH-58261",-0.03788408,0.7121413,-0.05208316817879677,1.8849797248840332
split_cell_heldout,cell_context_mean,"NK cells, Colforsin",0.058387298,0.68192166,-0.004884935915470123,1.8481032848358154
split_cell_heldout,cell_context_mean,"NK cells, Tivantinib",0.1712186,0.69050276,0.3383852541446686,1.8332809209823608
split_cell_heldout,cell_context_mean,"NK cells, Tosedostat",0.26484972,0.74514556,0.49252957105636597,1.8621325492858887
split_cell_heldout,cell_context_mean,"NK cells, Colchicine",0.19894823,0.72834325,0.35980692505836487,1.821700930595398
split_cell_heldout,cell_context_mean,"NK cells, ABT-199 (GDC-0199)",0.03424111,0.6829457,0.08737139403820038,1.8640748262405396
split_cell_heldout,cell_context_mean,"NK cells, Mometasone Furoate",0.320429,0.9238254,0.5074062347412109,2.1275315284729004
split_cell_heldout,cell_context_mean,"NK cells, Tipifarnib",0.22354656,0.6944301,0.41459640860557556,1.82277250289917
split_cell_heldout,cell_context_mean,"NK cells, BX 912",0.25749183,0.71744305,0.43372857570648193,1.7780147790908813
split_cell_heldout,cell_context_mean,"NK cells, Doxorubicin",0.23609434,0.84224266,0.43891528248786926,2.052116632461548
split_cell_heldout,cell_context_mean,"NK cells, PF-03814735",0.2821287,0.83139664,0.47073376178741455,1.9240524768829346
split_cell_heldout,cell_context_mean,"NK cells, AZD4547",0.092711784,0.68030995,0.2444019317626953,1.8077125549316406
split_cell_heldout,cell_context_mean,"NK cells, Prednisolone",0.28483918,0.9109838,0.4548083543777466,2.145504951477051
split_cell_heldout,cell_context_mean,"NK cells, Tacalcitol",0.17886436,0.6956396,0.3070329427719116,1.8145127296447754
split_cell_heldout,cell_context_mean,"NK cells, Selumetinib",0.14655754,0.7185816,0.273297518491745,1.847434639930725
split_cell_heldout,cell_context_mean,"NK cells, Clotrimazole",0.09094603,0.663328,0.1796366423368454,1.822244644165039
split_cell_heldout,cell_context_mean,"NK cells, RG7090",0.007552634,0.7180264,0.0487557128071785,1.8785158395767212
split_cell_heldout,cell_context_mean,"NK cells, GLPG0634",0.25861198,0.72645557,0.44510552287101746,1.8201606273651123
split_cell_heldout,cell_context_mean,"NK cells, Mubritinib (TAK 165)",0.26268724,0.82307446,0.4886910021305084,1.9906706809997559
split_cell_heldout,cell_context_mean,"NK cells, Vanoxerine",0.11548536,0.68250257,0.14556099474430084,1.7866594791412354
split_cell_heldout,cell_context_mean,"NK cells, SB525334",-0.1788386,0.83505017,-0.3388613164424896,2.061558485031128
split_cell_heldout,cell_context_mean,"NK cells, HYDROXYUREA",0.0011691981,0.68817306,-0.05854355916380882,1.8276160955429077
split_cell_heldout,drug_mean,"NK cells, TIE2 Kinase Inhibitor",0.11161667,0.67181885,0.12468786537647247,1.7960577011108398
split_cell_heldout,drug_mean,"NK cells, MK-5108",0.16313528,0.7017395,0.2827816903591156,1.8115673065185547
split_cell_heldout,drug_mean,"NK cells, Lapatinib",0.17307582,0.7359992,0.38234663009643555,1.7272979021072388
split_cell_heldout,drug_mean,"NK cells, Atorvastatin",0.1538468,0.7127811,0.2858460247516632,1.7137866020202637
split_cell_heldout,drug_mean,"NK cells, Ganetespib (STA-9090)",0.5621755,1.2506677,0.7898524403572083,1.4860559701919556
split_cell_heldout,drug_mean,"NK cells, Clomipramine",0.19019516,0.6738205,0.3200608491897583,1.7046557664871216
split_cell_heldout,drug_mean,"NK cells, Sunitinib",0.2063105,0.7429112,0.3754885196685791,1.6701706647872925
split_cell_heldout,drug_mean,"NK cells, Tivozanib",0.15387714,0.7601667,0.2547030448913574,1.7872925996780396
split_cell_heldout,drug_mean,"NK cells, Tamatinib",0.4049985,1.0143595,0.6128730773925781,1.6009553670883179
split_cell_heldout,drug_mean,"NK cells, Ixabepilone",0.12481861,0.6938468,0.2901086211204529,1.7929637432098389
split_cell_heldout,drug_mean,"NK cells, Linagliptin",0.07046094,0.6955858,0.17554360628128052,1.7695589065551758
split_cell_heldout,drug_mean,"NK cells, 5-(9-Isopropyl-8-methyl-2-morpholino-9H-purin-6-yl)pyrimidin-2-amine",0.4799846,1.1301831,0.6987916231155396,1.5847779512405396
split_cell_heldout,drug_mean,"NK cells, O-Demethylated Adapalene",0.11034028,0.7489381,0.15066036581993103,1.7894941568374634
split_cell_heldout,drug_mean,"NK cells, Protriptyline",0.0781676,0.66411495,0.1486644744873047,1.7813905477523804
split_cell_heldout,drug_mean,"NK cells, I-BET151",0.54086816,1.2231826,0.7642133831977844,1.5402618646621704
split_cell_heldout,drug_mean,"NK cells, Foretinib",0.34194252,0.9573988,0.5416256189346313,1.7111939191818237
split_cell_heldout,drug_mean,"NK cells, GW843682X",0.1529715,0.7209193,0.290841281414032,1.7955665588378906
split_cell_heldout,drug_mean,"NK cells, BMS-387032",0.3487581,1.2771254,0.5937512516975403,1.7746987342834473
split_cell_heldout,drug_mean,"NK cells, IN1451",0.6334805,1.574507,0.856529176235199,1.385409951210022
split_cell_heldout,drug_mean,"NK cells, Raloxifene",0.22566356,0.8178463,0.45734721422195435,1.7721717357635498
split_cell_heldout,drug_mean,"NK cells, Topotecan",0.4036741,0.91178465,0.656148374080658,1.5674028396606445
split_cell_heldout,drug_mean,"NK cells, BAY 87-2243",0.5089842,0.928767,0.7291316986083984,1.5232957601547241
split_cell_heldout,drug_mean,"NK cells, Phenylbutazone",0.13350362,0.69717956,0.19861909747123718,1.8202773332595825
split_cell_heldout,drug_mean,"NK cells, K-02288",0.047912464,0.742847,0.05638039857149124,1.8410238027572632
split_cell_heldout,drug_mean,"NK cells, BMS-777607",0.08097672,0.74859923,0.16953860223293304,1.7819139957427979
split_cell_heldout,drug_mean,"NK cells, Porcn Inhibitor III",0.1844637,0.8262939,0.3818577826023102,1.8489137887954712
split_cell_heldout,drug_mean,"NK cells, TL_HRAS26",0.11347321,0.678171,0.22575730085372925,1.822848916053772
split_cell_heldout,drug_mean,"NK cells, Proscillaridin A;Proscillaridin-A",0.7799366,1.5751841,0.8863514065742493,1.4765499830245972
split_cell_heldout,drug_mean,"NK cells, Vorinostat",0.6318492,1.2551368,0.8182791471481323,1.4579097032546997
split_cell_heldout,drug_mean,"NK cells, BMS-265246",0.49938154,1.025969,0.7787986993789673,1.3666179180145264
split_cell_heldout,drug_mean,"NK cells, Ruxolitinib",0.2618269,0.9927588,0.4785003662109375,1.7089214324951172
split_cell_heldout,drug_mean,"NK cells, Pomalidomide",0.38829905,0.90551955,0.6289709210395813,1.6549264192581177
split_cell_heldout,drug_mean,"NK cells, Dovitinib",0.25857127,0.8274858,0.4357120096683502,1.785685420036316
split_cell_heldout,drug_mean,"NK cells, AVL-292",0.26113427,0.82656807,0.47108447551727295,1.711806297302246
split_cell_heldout,drug_mean,"NK cells, Navitoclax",0.16032472,0.79435045,0.30337342619895935,1.8617486953735352
split_cell_heldout,drug_mean,"NK cells, Methotrexate",0.10428629,0.7611067,0.12097235769033432,1.8991200923919678
split_cell_heldout,drug_mean,"NK cells, Palbociclib",0.14046222,0.7168707,0.2847234904766083,1.73479163646698
split_cell_heldout,drug_mean,"NK cells, Trametinib",0.22109133,0.8788574,0.4331507682800293,1.7294894456863403
split_cell_heldout,drug_mean,"NK cells, AMD-070 (hydrochloride)",0.0629812,0.7321258,0.08971492201089859,1.8582521677017212
split_cell_heldout,drug_mean,"NK cells, Sgc-cbp30",0.24672408,0.7745227,0.4284985065460205,1.7043999433517456
split_cell_heldout,drug_mean,"NK cells, FK 866",0.26399365,0.8920679,0.47221753001213074,1.7320142984390259
split_cell_heldout,drug_mean,"NK cells, Chlorpheniramine",0.09009261,0.71439946,0.11058252304792404,1.8863861560821533
split_cell_heldout,drug_mean,"NK cells, Scriptaid",0.659138,1.2823478,0.8337781429290771,1.4502990245819092
split_cell_heldout,drug_mean,"NK cells, BAY 61-3606",0.48816037,1.2639074,0.7305433750152588,1.5801881551742554
split_cell_heldout,drug_mean,"NK cells, LY2090314",0.564625,1.2217149,0.779244601726532,1.597110390663147
split_cell_heldout,drug_mean,"NK cells, Vardenafil",0.08949141,0.7250137,0.0993550643324852,1.8738396167755127
split_cell_heldout,drug_mean,"NK cells, Dasatinib",0.25980395,1.1220634,0.4517551362514496,1.7782748937606812
split_cell_heldout,drug_mean,"NK cells, AT13387",0.5203472,1.222557,0.7640440464019775,1.5428102016448975
split_cell_heldout,drug_mean,"NK cells, PF-04691502",0.29831627,1.0834839,0.5573479533195496,1.6606124639511108
split_cell_heldout,drug_mean,"NK cells, Perhexiline",0.3518443,0.91195506,0.5620303750038147,1.641564130783081
split_cell_heldout,drug_mean,"NK cells, RVX-208",0.29143807,0.79227614,0.48844674229621887,1.6187185049057007
split_cell_heldout,drug_mean,"NK cells, Ketoconazole",0.52223164,0.88750774,0.7103703022003174,1.5078825950622559
split_cell_heldout,drug_mean,"NK cells, Disulfiram",0.16176596,0.67017275,0.24208614230155945,1.7979627847671509
split_cell_heldout,drug_mean,"NK cells, Flutamide",0.11098192,0.71887773,0.26538899540901184,1.7837331295013428
split_cell_heldout,drug_mean,"NK cells, Desloratadine",0.10976226,0.6995453,0.11624015122652054,1.805416464805603
split_cell_heldout,drug_mean,"NK cells, Dactolisib",0.5644556,1.2403332,0.768926739692688,1.5752474069595337
split_cell_heldout,drug_mean,"NK cells, BMS-536924",0.28893238,0.9594701,0.48419755697250366,1.714510202407837
split_cell_heldout,drug_mean,"NK cells, IKK Inhibitor VII",0.30725506,0.9721312,0.5165445804595947,1.6826270818710327
split_cell_heldout,drug_mean,"NK cells, Amiodarone",0.08510376,0.7238099,0.12202239036560059,1.8356090784072876
split_cell_heldout,drug_mean,"NK cells, Isoniazid",0.06593344,0.6981109,0.18045231699943542,1.8175263404846191
split_cell_heldout,drug_mean,"NK cells, IMD-0354",0.4622632,1.1632757,0.7090492248535156,1.5950663089752197
split_cell_heldout,drug_mean,"NK cells, Canertinib",0.27004775,0.794919,0.4973301291465759,1.6987149715423584
split_cell_heldout,drug_mean,"NK cells, Idelalisib",0.21481046,0.8831532,0.4105212986469269,1.7452428340911865
split_cell_heldout,drug_mean,"NK cells, Alogliptin",0.114717126,0.6658895,0.2640369236469269,1.764570713043213
split_cell_heldout,drug_mean,"NK cells, Penfluridol",0.1282712,0.73124766,0.24460940062999725,1.7952780723571777
split_cell_heldout,drug_mean,"NK cells, Quizartinib",0.090475716,0.71450067,0.23379091918468475,1.8080753087997437
split_cell_heldout,drug_mean,"NK cells, RN-486",0.055255517,0.738836,0.16366976499557495,1.8620812892913818
split_cell_heldout,drug_mean,"NK cells, PD-0325901",0.27625826,0.9138921,0.47666385769844055,1.7977032661437988
split_cell_heldout,drug_mean,"NK cells, Decitabine",0.065190904,0.6782098,0.06420040130615234,1.7864395380020142
split_cell_heldout,drug_mean,"NK cells, LDN 193189",0.21009259,0.7020224,0.4277302920818329,1.6995954513549805
split_cell_heldout,drug_mean,"NK cells, Cabozantinib",0.15448482,0.7385227,0.32947930693626404,1.734636902809143
split_cell_heldout,drug_mean,"NK cells, Riociguat",0.04880797,0.72213393,0.09926265478134155,1.8675380945205688
split_cell_heldout,drug_mean,"NK cells, CHIR-99021",0.32267407,0.93896294,0.5629769563674927,1.623238444328308
split_cell_heldout,drug_mean,"NK cells, Defactinib",0.2043858,0.80995536,0.36549797654151917,1.7637081146240234
split_cell_heldout,drug_mean,"NK cells, BI-D1870",0.12350713,0.78145117,0.18696703016757965,1.8065980672836304
split_cell_heldout,drug_mean,"NK cells, AZD3514",0.24763395,0.77491015,0.4348115026950836,1.6778970956802368
split_cell_heldout,drug_mean,"NK cells, HMN-214",0.30573568,0.71637255,0.44640982151031494,1.639206051826477
split_cell_heldout,drug_mean,"NK cells, CC-401",0.29323295,0.8153162,0.4774933457374573,1.6738619804382324
split_cell_heldout,drug_mean,"NK cells, Resminostat",0.64092314,1.2935343,0.8213843107223511,1.4655698537826538
split_cell_heldout,drug_mean,"NK cells, Crizotinib",0.26863313,0.86197174,0.4608699083328247,1.68595552444458
split_cell_heldout,drug_mean,"NK cells, Azacitidine",0.19014,0.69050825,0.2583821713924408,1.7772191762924194
split_cell_heldout,drug_mean,"NK cells, TR-14035",0.13294883,0.6979027,0.18817868828773499,1.852226972579956
split_cell_heldout,drug_mean,"NK cells, Nilotinib",0.25654268,0.9129464,0.4682285189628601,1.7365789413452148
split_cell_heldout,drug_mean,"NK cells, AT 7867",0.22261205,0.89097303,0.45419788360595703,1.7575676441192627
split_cell_heldout,drug_mean,"NK cells, OSI-930",0.17072509,0.69454145,0.35720643401145935,1.7441030740737915
split_cell_heldout,drug_mean,"NK cells, GO-6976",0.23809034,0.8770471,0.4319472312927246,1.7635703086853027
split_cell_heldout,drug_mean,"NK cells, Saracatinib",0.29408535,1.012812,0.4660043716430664,1.7547343969345093
split_cell_heldout,drug_mean,"NK cells, RG7112",0.30803207,0.6852421,0.5268231630325317,1.6362898349761963
split_cell_heldout,drug_mean,"NK cells, Lamivudine",0.059830744,0.7438517,0.08307402580976486,1.9159660339355469
split_cell_heldout,drug_mean,"NK cells, TGX 221",0.27294022,0.8549401,0.4431931674480438,1.7177684307098389
split_cell_heldout,drug_mean,"NK cells, Pitavastatin Calcium",0.52662617,1.3020872,0.7109620571136475,1.8555885553359985
split_cell_heldout,drug_mean,"NK cells, ABT737",0.058292028,0.87964857,0.1616048365831375,1.9407564401626587
split_cell_heldout,drug_mean,"NK cells, PRT-062607",0.3488436,0.9960553,0.6017386317253113,1.5838334560394287
split_cell_heldout,drug_mean,"NK cells, AZ628",0.2617161,0.8436619,0.43622803688049316,1.721524953842163
split_cell_heldout,drug_mean,"NK cells, AZD-8330",0.3009962,0.84099466,0.49281561374664307,1.7027270793914795
split_cell_heldout,drug_mean,"NK cells, Masitinib",0.12097564,0.7692604,0.10896459966897964,1.8708536624908447
split_cell_heldout,drug_mean,"NK cells, Ceritinib",0.14757864,0.803509,0.21662537753582,1.8372490406036377
split_cell_heldout,drug_mean,"NK cells, CGM-097",0.42885765,0.9662461,0.6660716533660889,1.5690944194793701
split_cell_heldout,drug_mean,"NK cells, SLx-2119",0.2192006,0.73337746,0.39367878437042236,1.827951192855835
split_cell_heldout,drug_mean,"NK cells, Nefazodone",0.11984998,0.69970953,0.13969694077968597,1.859288215637207
split_cell_heldout,drug_mean,"NK cells, STK219801",0.21687269,0.70642066,0.35622864961624146,1.7967698574066162
split_cell_heldout,drug_mean,"NK cells, TPCA-1",0.39950833,1.0396936,0.6367499828338623,1.617482304573059
split_cell_heldout,drug_mean,"NK cells, MGCD-265",0.06166024,0.73182064,0.08978480100631714,1.8318402767181396
split_cell_heldout,drug_mean,"NK cells, GSK-1070916",0.17791039,0.7230803,0.2451716661453247,1.766252875328064
split_cell_heldout,drug_mean,"NK cells, Ricolinostat",0.3269941,0.85940355,0.5206757187843323,1.6228160858154297
split_cell_heldout,drug_mean,"NK cells, Bosutinib",0.35715386,1.0809476,0.5678113698959351,1.6470940113067627
split_cell_heldout,drug_mean,"NK cells, Clemastine",0.16522898,0.72209316,0.258448988199234,1.7473375797271729
split_cell_heldout,drug_mean,"NK cells, YK 4-279",0.14757115,0.7235985,0.34408026933670044,1.7396125793457031
split_cell_heldout,drug_mean,"NK cells, Buspirone",0.09398956,0.64815,0.12112877517938614,1.7892649173736572
split_cell_heldout,drug_mean,"NK cells, Midostaurin",0.2843017,0.8717642,0.4702094793319702,1.6545599699020386
split_cell_heldout,drug_mean,"NK cells, CEP-37440",0.23315161,0.7569657,0.39111268520355225,1.7362297773361206
split_cell_heldout,drug_mean,"NK cells, GSK256066",0.3326573,0.9064719,0.5539290904998779,1.8151930570602417
split_cell_heldout,drug_mean,"NK cells, Oxybenzone",0.08756109,0.67990834,0.06506627053022385,1.8378034830093384
split_cell_heldout,drug_mean,"NK cells, Vandetanib",0.06002072,0.7543854,0.07195113599300385,1.8908964395523071
split_cell_heldout,drug_mean,"NK cells, Imatinib",0.068112046,0.71645117,0.17581680417060852,1.8439091444015503
split_cell_heldout,drug_mean,"NK cells, SCH-58261",0.105775036,0.70527434,0.1322183907032013,1.8498034477233887
split_cell_heldout,drug_mean,"NK cells, Colforsin",0.113152385,0.7068342,0.19183886051177979,1.7926396131515503
split_cell_heldout,drug_mean,"NK cells, Tivantinib",0.17713271,0.800897,0.28902289271354675,1.8176602125167847
split_cell_heldout,drug_mean,"NK cells, Tosedostat",0.30317608,0.81522256,0.5248834490776062,1.7314112186431885
split_cell_heldout,drug_mean,"NK cells, Colchicine",0.22244164,1.2337353,0.45177358388900757,1.7755420207977295
split_cell_heldout,drug_mean,"NK cells, ABT-199 (GDC-0199)",0.048640482,0.76002073,0.1608850359916687,1.8609801530838013
split_cell_heldout,drug_mean,"NK cells, Mometasone Furoate",0.42320874,1.2304237,0.6761868596076965,1.6855264902114868
split_cell_heldout,drug_mean,"NK cells, Tipifarnib",0.2362086,0.7706475,0.3912665843963623,1.7742539644241333
split_cell_heldout,drug_mean,"NK cells, BX 912",0.25818813,0.81172353,0.4490315616130829,1.7043222188949585
split_cell_heldout,drug_mean,"NK cells, Doxorubicin",0.38123208,1.3975502,0.6734088659286499,1.7059656381607056
split_cell_heldout,drug_mean,"NK cells, PF-03814735",0.39898372,1.1592313,0.6342019438743591,1.605510950088501
split_cell_heldout,drug_mean,"NK cells, AZD4547",0.09701616,0.71611756,0.1849478781223297,1.826379418373108
split_cell_heldout,drug_mean,"NK cells, Prednisolone",0.40829715,1.097674,0.6362525820732117,1.7605981826782227
split_cell_heldout,drug_mean,"NK cells, Tacalcitol",0.10451792,1.0778034,0.0923008993268013,1.9763284921646118
split_cell_heldout,drug_mean,"NK cells, Selumetinib",0.19585869,0.8408355,0.3613710403442383,1.7938345670700073
split_cell_heldout,drug_mean,"NK cells, Clotrimazole",0.075094186,0.72256094,0.07766060531139374,1.8675144910812378
split_cell_heldout,drug_mean,"NK cells, RG7090",0.17527936,0.7689252,0.2941438555717468,1.791492223739624
split_cell_heldout,drug_mean,"NK cells, GLPG0634",0.2537874,0.86297196,0.45054513216018677,1.7399728298187256
split_cell_heldout,drug_mean,"NK cells, Mubritinib (TAK 165)",0.38243815,0.89742905,0.6255066990852356,1.6751160621643066
split_cell_heldout,drug_mean,"NK cells, Vanoxerine",0.110063896,0.72754,0.20145639777183533,1.7705838680267334
split_cell_heldout,drug_mean,"NK cells, SB525334",0.29886833,0.86453927,0.504744291305542,1.674706220626831
split_cell_heldout,drug_mean,"NK cells, HYDROXYUREA",0.0699017,0.70016867,0.1282469481229782,1.7999107837677002
split_scaffold_heldout,global_train_mean,"NK cells, Lapatinib",-0.13930835,0.76214427,-0.2962799370288849,1.9605226516723633
split_scaffold_heldout,global_train_mean,"T cells, Lapatinib",-0.035342105,0.64619666,-0.006707773543894291,1.8868038654327393
split_scaffold_heldout,global_train_mean,"NK cells, Clomipramine",0.13131052,0.6361357,0.26046693325042725,1.7486876249313354
split_scaffold_heldout,global_train_mean,"T cells, Clomipramine",0.26098877,0.5471886,0.4968606233596802,1.5853447914123535
split_scaffold_heldout,global_train_mean,"B cells, Tamatinib",0.58606553,1.1041764,0.771184504032135,2.219322443008423
split_scaffold_heldout,global_train_mean,"Myeloid cells, Tamatinib",0.50965726,1.3091447,0.6996216177940369,2.429621458053589
split_scaffold_heldout,global_train_mean,"NK cells, Tamatinib",0.34188524,0.8143911,0.5220839977264404,1.8548381328582764
split_scaffold_heldout,global_train_mean,"T cells, Tamatinib",0.62108773,0.9981983,0.8063270449638367,2.046560287475586
split_scaffold_heldout,global_train_mean,"NK cells, BMS-387032",0.22645165,0.8137858,0.4366745054721832,1.9762085676193237
split_scaffold_heldout,global_train_mean,"T cells, BMS-387032",0.39325887,1.2231637,0.5779824256896973,2.390122413635254
split_scaffold_heldout,global_train_mean,"B cells, Raloxifene",0.1394009,0.6269068,0.3817348778247833,1.7461183071136475
split_scaffold_heldout,global_train_mean,"Myeloid cells, Raloxifene",0.1183354,0.9727266,0.2988128960132599,2.1861276626586914
split_scaffold_heldout,global_train_mean,"NK cells, Raloxifene",-0.05098826,0.8113149,-0.09060559421777725,2.0098423957824707
split_scaffold_heldout,global_train_mean,"T cells, Raloxifene",-0.14195393,0.92831606,-0.20913971960544586,2.1159801483154297
split_scaffold_heldout,global_train_mean,"B cells, Porcn Inhibitor III",-0.03149614,0.6319884,0.05190069600939751,1.7742836475372314
split_scaffold_heldout,global_train_mean,"Myeloid cells, Porcn Inhibitor III",-0.15285945,1.2354782,-0.20417319238185883,2.582603693008423
split_scaffold_heldout,global_train_mean,"NK cells, Porcn Inhibitor III",-0.082221,0.78951186,-0.17725081741809845,2.051616907119751
split_scaffold_heldout,global_train_mean,"T cells, Porcn Inhibitor III",-0.24402267,0.72990197,-0.4096766710281372,1.88173246383667
split_scaffold_heldout,global_train_mean,"B cells, TL_HRAS26",0.33377594,0.5951101,0.589423418045044,1.6767997741699219
split_scaffold_heldout,global_train_mean,"Myeloid cells, TL_HRAS26",0.038372733,0.6428697,0.11330445855855942,1.938990831375122
split_scaffold_heldout,global_train_mean,"NK cells, TL_HRAS26",0.06833107,0.64291155,0.07507301867008209,1.8641189336776733
split_scaffold_heldout,global_train_mean,"T cells, TL_HRAS26",0.25271976,0.5346123,0.4389791488647461,1.863796591758728
split_scaffold_heldout,global_train_mean,"B cells, Navitoclax",-0.31812257,0.97444314,-0.561254620552063,2.3428597450256348
split_scaffold_heldout,global_train_mean,"Myeloid cells, Navitoclax",-0.278587,0.95019996,-0.4331693947315216,2.2216880321502686
split_scaffold_heldout,global_train_mean,"NK cells, Navitoclax",-0.05509793,0.752787,-0.07972687482833862,1.9790966510772705
split_scaffold_heldout,global_train_mean,"T cells, Navitoclax",-0.055204596,0.6009646,0.3713296949863434,1.798897624015808
split_scaffold_heldout,global_train_mean,"B cells, Methotrexate",-0.33078122,0.7682482,-0.5967749357223511,2.023937702178955
split_scaffold_heldout,global_train_mean,"Myeloid cells, Methotrexate",0.10070339,0.9229236,0.20460598170757294,2.1139771938323975
split_scaffold_heldout,global_train_mean,"NK cells, Methotrexate",-0.1677856,0.718668,-0.2548319101333618,1.971170425415039
split_scaffold_heldout,global_train_mean,"T cells, Methotrexate",-0.12517606,0.67629796,-0.48286527395248413,2.1336588859558105
split_scaffold_heldout,global_train_mean,"NK cells, Vardenafil",0.13637662,0.66160774,0.2453049272298813,1.8203667402267456
split_scaffold_heldout,global_train_mean,"T cells, Vardenafil",0.22390205,0.5411202,0.4997580349445343,1.6111292839050293
split_scaffold_heldout,global_train_mean,"B cells, Isoniazid",0.23781587,0.582084,0.42965856194496155,1.6731810569763184
split_scaffold_heldout,global_train_mean,"Myeloid cells, Isoniazid",0.1818874,0.5941488,0.41691911220550537,1.682594895362854
split_scaffold_heldout,global_train_mean,"NK cells, Isoniazid",0.0855978,0.66118896,0.17158305644989014,1.8215084075927734
split_scaffold_heldout,global_train_mean,"T cells, Isoniazid",0.035457324,0.54577345,0.0988723412156105,1.5837839841842651
split_scaffold_heldout,global_train_mean,"NK cells, RN-486",-0.058626436,0.72570336,-0.13151970505714417,1.9302974939346313
split_scaffold_heldout,global_train_mean,"T cells, RN-486",0.099699184,0.531729,0.28673332929611206,1.6027830839157104
split_scaffold_heldout,global_train_mean,"NK cells, Decitabine",0.06702418,0.65169317,0.12534746527671814,1.7537521123886108
split_scaffold_heldout,global_train_mean,"T cells, Decitabine",0.22338204,0.50051415,0.3566344082355499,1.6225621700286865
split_scaffold_heldout,global_train_mean,"B cells, CHIR-99021",-0.16379336,0.84680223,-0.34921061992645264,2.117354154586792
split_scaffold_heldout,global_train_mean,"Myeloid cells, CHIR-99021",-0.057890624,1.2466946,-0.09474348276853561,2.4760918617248535
split_scaffold_heldout,global_train_mean,"NK cells, CHIR-99021",-0.031063203,0.7730268,-0.08267497271299362,1.979029893875122
split_scaffold_heldout,global_train_mean,"T cells, CHIR-99021",-0.20211591,1.5147301,-0.2947290241718292,2.8411595821380615
split_scaffold_heldout,global_train_mean,"NK cells, CC-401",0.26811174,0.68161684,0.4680749773979187,1.7839775085449219
split_scaffold_heldout,global_train_mean,"T cells, CC-401",0.468671,0.7586801,0.7024362087249756,1.8718351125717163
split_scaffold_heldout,global_train_mean,"B cells, Azacitidine",0.15022418,0.6744972,0.3893410861492157,1.8051505088806152
split_scaffold_heldout,global_train_mean,"Myeloid cells, Azacitidine",0.10442491,0.6207217,0.32984912395477295,1.708562970161438
split_scaffold_heldout,global_train_mean,"NK cells, Azacitidine",0.14463225,0.6506657,0.22786372900009155,1.81183660030365
split_scaffold_heldout,global_train_mean,"T cells, Azacitidine",0.19090147,0.6123812,0.4042418897151947,1.7088162899017334
split_scaffold_heldout,global_train_mean,"B cells, TR-14035",0.37642664,0.61284107,0.5833289623260498,1.721347451210022
split_scaffold_heldout,global_train_mean,"Myeloid cells, TR-14035",0.25721452,0.5974459,0.5029733180999756,1.7068310976028442
split_scaffold_heldout,global_train_mean,"NK cells, TR-14035",0.22864965,0.6109526,0.4019870460033417,1.7967592477798462
split_scaffold_heldout,global_train_mean,"T cells, TR-14035",0.38195005,0.5393767,0.6579636931419373,1.5123090744018555
split_scaffold_heldout,global_train_mean,"B cells, AT 7867",0.4330636,0.7304391,0.6724164485931396,1.8181276321411133
split_scaffold_heldout,global_train_mean,"Myeloid cells, AT 7867",0.15798219,1.3160787,0.3040418326854706,2.504855155944824
split_scaffold_heldout,global_train_mean,"NK cells, AT 7867",0.32173127,0.7053119,0.5613132119178772,1.8044506311416626
split_scaffold_heldout,global_train_mean,"T cells, AT 7867",0.27874583,0.84721375,0.4897646903991699,1.9887399673461914
split_scaffold_heldout,global_train_mean,"NK cells, Saracatinib",0.27344954,0.72159153,0.43830016255378723,1.862622618675232
split_scaffold_heldout,global_train_mean,"T cells, Saracatinib",0.61883146,0.7755575,0.8275246620178223,1.7734313011169434
split_scaffold_heldout,global_train_mean,"NK cells, RG7112",0.2357596,0.6515329,0.4384060204029083,1.8772028684616089
split_scaffold_heldout,global_train_mean,"T cells, RG7112",0.3202642,0.59775114,0.5218870043754578,2.1478610038757324
split_scaffold_heldout,global_train_mean,"B cells, Pitavastatin Calcium",-0.15277424,1.1516904,-0.21352283656597137,2.459989309310913
split_scaffold_heldout,global_train_mean,"Myeloid cells, Pitavastatin Calcium",-0.028446412,2.3478835,-0.018710821866989136,3.2256946563720703
split_scaffold_heldout,global_train_mean,"NK cells, Pitavastatin Calcium",-0.144843,1.4388585,-0.19064530730247498,2.723388195037842
split_scaffold_heldout,global_train_mean,"T cells, Pitavastatin Calcium",-0.22180639,1.6488185,-0.3079226016998291,2.8947842121124268
split_scaffold_heldout,global_train_mean,"B cells, AZ628",0.58383167,0.84756035,0.8060100674629211,1.9197615385055542
split_scaffold_heldout,global_train_mean,"Myeloid cells, AZ628",0.32529232,0.9434557,0.5233520269393921,2.093325138092041
split_scaffold_heldout,global_train_mean,"NK cells, AZ628",0.2875818,0.6936746,0.5260706543922424,1.757888674736023
split_scaffold_heldout,global_train_mean,"T cells, AZ628",0.61425143,0.6633979,0.8331900238990784,1.7046152353286743
split_scaffold_heldout,global_train_mean,"NK cells, TPCA-1",0.42322698,0.827048,0.6528074145317078,1.8695781230926514
split_scaffold_heldout,global_train_mean,"T cells, TPCA-1",0.67532116,1.048546,0.8300055861473083,2.080146312713623
split_scaffold_heldout,global_train_mean,"NK cells, MGCD-265",0.080595486,0.66277903,0.11733952164649963,1.8155715465545654
split_scaffold_heldout,global_train_mean,"T cells, MGCD-265",0.41931668,0.45582464,0.6599673628807068,1.4346919059753418
split_scaffold_heldout,global_train_mean,"NK cells, SCH-58261",-0.0038777702,0.69556797,0.031099384650588036,1.8647966384887695
split_scaffold_heldout,global_train_mean,"T cells, SCH-58261",0.038621362,0.55772865,-0.02748548798263073,1.7440528869628906
split_scaffold_heldout,global_train_mean,"B cells, Tivantinib",0.38986874,0.67197067,0.6136634349822998,1.7647494077682495
split_scaffold_heldout,global_train_mean,"Myeloid cells, Tivantinib",0.2705454,0.79775,0.5037221312522888,1.9984368085861206
split_scaffold_heldout,global_train_mean,"NK cells, Tivantinib",0.20961377,0.67605597,0.4248921275138855,1.8131455183029175
split_scaffold_heldout,global_train_mean,"T cells, Tivantinib",0.32290903,0.7232942,0.5507308840751648,1.808529257774353
split_scaffold_heldout,global_train_mean,"NK cells, Tipifarnib",0.26848117,0.6792312,0.48509103059768677,1.8029452562332153
split_scaffold_heldout,global_train_mean,"T cells, Tipifarnib",0.46200797,0.61681074,0.7464568614959717,1.6744221448898315
split_scaffold_heldout,global_train_mean,"B cells, GLPG0634",0.50454974,0.7983572,0.7352840900421143,1.838592529296875
split_scaffold_heldout,global_train_mean,"Myeloid cells, GLPG0634",0.42262435,0.8692954,0.7239784002304077,1.9929348230361938
split_scaffold_heldout,global_train_mean,"NK cells, GLPG0634",0.31043714,0.7104353,0.5129561424255371,1.7952945232391357
split_scaffold_heldout,global_train_mean,"T cells, GLPG0634",0.519337,0.7096671,0.7900534272193909,1.7394057512283325
split_scaffold_heldout,global_train_mean,"B cells, Lapatinib",-0.06467534,0.6862271,-0.11374197155237198,1.9074041843414307
split_scaffold_heldout,global_train_mean,"Myeloid cells, Lapatinib",-0.13294382,0.70346296,-0.19292567670345306,2.0048410892486572
split_scaffold_heldout,global_train_mean,"B cells, Clomipramine",0.1450291,0.60156006,0.2560977041721344,1.7225241661071777
split_scaffold_heldout,global_train_mean,"Myeloid cells, Clomipramine",0.2854558,0.6478246,0.581051766872406,1.7563828229904175
split_scaffold_heldout,global_train_mean,"B cells, Vardenafil",0.23707257,0.5745373,0.48275211453437805,1.6143946647644043
split_scaffold_heldout,global_train_mean,"Myeloid cells, Vardenafil",0.2011944,0.68665314,0.49715688824653625,1.7673964500427246
split_scaffold_heldout,global_train_mean,"B cells, RN-486",-0.04181199,0.6520314,-0.04697240889072418,1.8147131204605103
split_scaffold_heldout,global_train_mean,"Myeloid cells, RN-486",0.21686526,0.7309897,0.3959399461746216,1.9291654825210571
split_scaffold_heldout,global_train_mean,"B cells, Decitabine",0.11680645,0.57948154,0.10426200926303864,1.7666460275650024
split_scaffold_heldout,global_train_mean,"Myeloid cells, Decitabine",0.25056374,0.51842225,0.43629202246665955,1.6428560018539429
split_scaffold_heldout,global_train_mean,"B cells, CC-401",0.49584016,0.6994727,0.7451576590538025,1.758252501487732
split_scaffold_heldout,global_train_mean,"Myeloid cells, CC-401",0.4336302,0.88003063,0.6440479755401611,1.990850567817688
split_scaffold_heldout,global_train_mean,"B cells, Saracatinib",0.6153836,0.98730916,0.8022313714027405,2.126883029937744
split_scaffold_heldout,global_train_mean,"Myeloid cells, Saracatinib",0.54622346,1.378438,0.7039090394973755,2.432762861251831
split_scaffold_heldout,global_train_mean,"B cells, RG7112",0.094486676,0.60168856,0.24537020921707153,1.9922423362731934
split_scaffold_heldout,global_train_mean,"Myeloid cells, RG7112",0.33287236,0.73502696,0.5820538997650146,2.118907928466797
split_scaffold_heldout,global_train_mean,"B cells, TPCA-1",0.64786696,1.0552412,0.8153923153877258,2.1286158561706543
split_scaffold_heldout,global_train_mean,"Myeloid cells, TPCA-1",0.48604316,1.3728426,0.667261004447937,2.486280679702759
split_scaffold_heldout,global_train_mean,"B cells, MGCD-265",0.3709911,0.6584174,0.6079708933830261,1.729546070098877
split_scaffold_heldout,global_train_mean,"Myeloid cells, MGCD-265",0.3099996,0.58919084,0.5406169891357422,1.6307626962661743
split_scaffold_heldout,global_train_mean,"B cells, SCH-58261",-0.05283094,0.61639136,-0.07350552827119827,1.77387535572052
split_scaffold_heldout,global_train_mean,"Myeloid cells, SCH-58261",0.2788838,0.63081485,0.5766989588737488,1.6892791986465454
split_scaffold_heldout,global_train_mean,"B cells, Tipifarnib",0.3661906,0.62056863,0.593940258026123,1.6928337812423706
split_scaffold_heldout,global_train_mean,"Myeloid cells, Tipifarnib",0.40509364,0.7744181,0.6918246746063232,1.8617393970489502
split_scaffold_heldout,cell_context_mean,"NK cells, Lapatinib",-0.034460004,0.72602564,-0.10355908423662186,1.9033620357513428
split_scaffold_heldout,cell_context_mean,"T cells, Lapatinib",0.017548013,0.6812399,0.07156459987163544,1.8866989612579346
split_scaffold_heldout,cell_context_mean,"NK cells, Clomipramine",0.2336264,0.6049487,0.4503743052482605,1.6972483396530151
split_scaffold_heldout,cell_context_mean,"T cells, Clomipramine",0.27225506,0.5735429,0.5007098913192749,1.5431697368621826
split_scaffold_heldout,cell_context_mean,"B cells, Tamatinib",0.672853,1.0325779,0.828806459903717,2.0525829792022705
split_scaffold_heldout,cell_context_mean,"Myeloid cells, Tamatinib",0.6935679,1.1802129,0.8407352566719055,2.1734232902526855
split_scaffold_heldout,cell_context_mean,"NK cells, Tamatinib",0.445713,0.79130894,0.6631416082382202,1.8170616626739502
split_scaffold_heldout,cell_context_mean,"T cells, Tamatinib",0.6214868,0.9549654,0.8038660883903503,1.9273719787597656
split_scaffold_heldout,cell_context_mean,"NK cells, BMS-387032",0.29165852,0.796478,0.513663649559021,1.9520578384399414
split_scaffold_heldout,cell_context_mean,"T cells, BMS-387032",0.36181018,1.2182194,0.532156765460968,2.352302312850952
split_scaffold_heldout,cell_context_mean,"B cells, Raloxifene",0.19990604,0.63888305,0.4578534960746765,1.6859835386276245
split_scaffold_heldout,cell_context_mean,"Myeloid cells, Raloxifene",0.3964964,0.88978124,0.6328609585762024,1.946707010269165
split_scaffold_heldout,cell_context_mean,"NK cells, Raloxifene",0.102508724,0.76676154,0.1651170253753662,1.946743369102478
split_scaffold_heldout,cell_context_mean,"T cells, Raloxifene",-0.00337129,0.93029207,0.05928223580121994,2.0595972537994385
split_scaffold_heldout,cell_context_mean,"B cells, Porcn Inhibitor III",0.01623383,0.6642618,0.10920611768960953,1.7656776905059814
split_scaffold_heldout,cell_context_mean,"Myeloid cells, Porcn Inhibitor III",-0.099086836,1.2728288,-0.10056372731924057,2.6215860843658447
split_scaffold_heldout,cell_context_mean,"NK cells, Porcn Inhibitor III",0.10272254,0.737247,0.20104221999645233,1.956634521484375
split_scaffold_heldout,cell_context_mean,"T cells, Porcn Inhibitor III",-0.1084142,0.75333714,-0.13366666436195374,1.8365576267242432
split_scaffold_heldout,cell_context_mean,"B cells, TL_HRAS26",0.3756421,0.59438413,0.6236115097999573,1.5877426862716675
split_scaffold_heldout,cell_context_mean,"Myeloid cells, TL_HRAS26",0.09226648,0.6883609,0.25843384861946106,1.8883163928985596
split_scaffold_heldout,cell_context_mean,"NK cells, TL_HRAS26",0.17103814,0.610254,0.2978627681732178,1.8108603954315186
split_scaffold_heldout,cell_context_mean,"T cells, TL_HRAS26",0.31188145,0.54697776,0.5163630247116089,1.7941312789916992
split_scaffold_heldout,cell_context_mean,"B cells, Navitoclax",-0.21905167,0.9975545,-0.4059408903121948,2.3609070777893066
split_scaffold_heldout,cell_context_mean,"Myeloid cells, Navitoclax",-0.26800752,1.0273325,-0.4332163333892822,2.333491086959839
split_scaffold_heldout,cell_context_mean,"NK cells, Navitoclax",0.02193494,0.72434753,0.045443709939718246,1.9480781555175781
split_scaffold_heldout,cell_context_mean,"T cells, Navitoclax",-0.010364807,0.6441388,0.466802716255188,1.7227544784545898
split_scaffold_heldout,cell_context_mean,"B cells, Methotrexate",-0.24984945,0.8059918,-0.4996207058429718,2.073094129562378
split_scaffold_heldout,cell_context_mean,"Myeloid cells, Methotrexate",0.16311325,0.9344131,0.306664377450943,2.056962013244629
split_scaffold_heldout,cell_context_mean,"NK cells, Methotrexate",-0.03032721,0.6747329,-0.05218028277158737,1.9058345556259155
split_scaffold_heldout,cell_context_mean,"T cells, Methotrexate",-0.17609316,0.74711937,-0.5138682723045349,2.3642210960388184
split_scaffold_heldout,cell_context_mean,"NK cells, Vardenafil",0.25487357,0.6272466,0.42599576711654663,1.7741752862930298
split_scaffold_heldout,cell_context_mean,"T cells, Vardenafil",0.3034933,0.54901016,0.5483880639076233,1.5152467489242554
split_scaffold_heldout,cell_context_mean,"B cells, Isoniazid",0.26943395,0.59698355,0.5024279952049255,1.6069527864456177
split_scaffold_heldout,cell_context_mean,"Myeloid cells, Isoniazid",0.31726438,0.5939226,0.6119440793991089,1.4803611040115356
split_scaffold_heldout,cell_context_mean,"NK cells, Isoniazid",0.16799337,0.6337788,0.34264782071113586,1.7802258729934692
split_scaffold_heldout,cell_context_mean,"T cells, Isoniazid",0.15502138,0.5628291,0.3409010171890259,1.5055928230285645
split_scaffold_heldout,cell_context_mean,"NK cells, RN-486",0.05590458,0.68877655,0.15543223917484283,1.86378812789917
split_scaffold_heldout,cell_context_mean,"T cells, RN-486",0.19319242,0.5511156,0.4142538905143738,1.5345559120178223
split_scaffold_heldout,cell_context_mean,"NK cells, Decitabine",0.18769844,0.6150965,0.35985422134399414,1.6923900842666626
split_scaffold_heldout,cell_context_mean,"T cells, Decitabine",0.28114703,0.5218566,0.40471500158309937,1.5628399848937988
split_scaffold_heldout,cell_context_mean,"B cells, CHIR-99021",-0.1505348,0.8885546,-0.3110608458518982,2.182238817214966
split_scaffold_heldout,cell_context_mean,"Myeloid cells, CHIR-99021",-0.023016294,1.2779943,-0.033588919788599014,2.493203639984131
split_scaffold_heldout,cell_context_mean,"NK cells, CHIR-99021",0.07318067,0.73943514,0.14673234522342682,1.9185186624526978
split_scaffold_heldout,cell_context_mean,"T cells, CHIR-99021",-0.018171823,1.4929886,-0.010705581866204739,2.7759833335876465
split_scaffold_heldout,cell_context_mean,"NK cells, CC-401",0.38110542,0.652233,0.5934386849403381,1.7334537506103516
split_scaffold_heldout,cell_context_mean,"T cells, CC-401",0.44641802,0.75574124,0.6925323605537415,1.7932651042938232
split_scaffold_heldout,cell_context_mean,"B cells, Azacitidine",0.20734352,0.6836583,0.4541802406311035,1.7404941320419312
split_scaffold_heldout,cell_context_mean,"Myeloid cells, Azacitidine",0.062260278,0.6932249,0.25755730271339417,1.713797688484192
split_scaffold_heldout,cell_context_mean,"NK cells, Azacitidine",0.21963862,0.62630814,0.40869760513305664,1.7650139331817627
split_scaffold_heldout,cell_context_mean,"T cells, Azacitidine",0.22469401,0.6331319,0.4640834629535675,1.6667941808700562
split_scaffold_heldout,cell_context_mean,"B cells, TR-14035",0.42908856,0.6006444,0.646842360496521,1.6034321784973145
split_scaffold_heldout,cell_context_mean,"Myeloid cells, TR-14035",0.35642007,0.5977213,0.6588848829269409,1.5168789625167847
split_scaffold_heldout,cell_context_mean,"NK cells, TR-14035",0.31604204,0.58529174,0.5984307527542114,1.7370455265045166
split_scaffold_heldout,cell_context_mean,"T cells, TR-14035",0.43613496,0.5351993,0.6984639167785645,1.3785693645477295
split_scaffold_heldout,cell_context_mean,"B cells, AT 7867",0.55063635,0.6775751,0.7737497687339783,1.6317028999328613
split_scaffold_heldout,cell_context_mean,"Myeloid cells, AT 7867",0.21812755,1.3045323,0.36362743377685547,2.4449257850646973
split_scaffold_heldout,cell_context_mean,"NK cells, AT 7867",0.42046553,0.6812933,0.68210369348526,1.7618472576141357
split_scaffold_heldout,cell_context_mean,"T cells, AT 7867",0.32960242,0.83603877,0.59189373254776,1.8901783227920532
split_scaffold_heldout,cell_context_mean,"NK cells, Saracatinib",0.33768412,0.7047819,0.5945377349853516,1.8162007331848145
split_scaffold_heldout,cell_context_mean,"T cells, Saracatinib",0.64864296,0.7268537,0.844038724899292,1.5970379114151
split_scaffold_heldout,cell_context_mean,"NK cells, RG7112",0.30435,0.63136613,0.5140787363052368,1.8554471731185913
split_scaffold_heldout,cell_context_mean,"T cells, RG7112",0.28713304,0.6287458,0.4051350951194763,2.156167984008789
split_scaffold_heldout,cell_context_mean,"B cells, Pitavastatin Calcium",-0.101755634,1.1723481,-0.12290112674236298,2.4677000045776367
split_scaffold_heldout,cell_context_mean,"Myeloid cells, Pitavastatin Calcium",0.047087114,2.341994,0.07083112746477127,3.209428548812866
split_scaffold_heldout,cell_context_mean,"NK cells, Pitavastatin Calcium",-0.003489158,1.3979263,0.02934863790869713,2.659625768661499
split_scaffold_heldout,cell_context_mean,"T cells, Pitavastatin Calcium",-0.111729614,1.6530575,-0.15669122338294983,2.8913118839263916
split_scaffold_heldout,cell_context_mean,"B cells, AZ628",0.68745595,0.7736098,0.8457561135292053,1.7273653745651245
split_scaffold_heldout,cell_context_mean,"Myeloid cells, AZ628",0.5005004,0.86750555,0.726202666759491,1.861287236213684
split_scaffold_heldout,cell_context_mean,"NK cells, AZ628",0.3680544,0.67295796,0.6308398842811584,1.7216792106628418
split_scaffold_heldout,cell_context_mean,"T cells, AZ628",0.6254516,0.62965447,0.8368059396743774,1.5553433895111084
split_scaffold_heldout,cell_context_mean,"NK cells, TPCA-1",0.47457436,0.8198149,0.714924693107605,1.8645100593566895
split_scaffold_heldout,cell_context_mean,"T cells, TPCA-1",0.71852654,0.9774334,0.8516210317611694,1.9167532920837402
split_scaffold_heldout,cell_context_mean,"NK cells, MGCD-265",0.19273862,0.62862766,0.4357230067253113,1.7425717115402222
split_scaffold_heldout,cell_context_mean,"T cells, MGCD-265",0.41240835,0.48077786,0.6748733520507812,1.3386067152023315
split_scaffold_heldout,cell_context_mean,"NK cells, SCH-58261",0.12841015,0.6555083,0.261161208152771,1.811754822731018
split_scaffold_heldout,cell_context_mean,"T cells, SCH-58261",0.030501772,0.6120431,-0.03451981395483017,1.7921779155731201
split_scaffold_heldout,cell_context_mean,"B cells, Tivantinib",0.43218818,0.6580536,0.6451687216758728,1.670969009399414
split_scaffold_heldout,cell_context_mean,"Myeloid cells, Tivantinib",0.3609085,0.77856636,0.6033401489257812,1.8631600141525269
split_scaffold_heldout,cell_context_mean,"NK cells, Tivantinib",0.27368632,0.6565742,0.519561231136322,1.7835171222686768
split_scaffold_heldout,cell_context_mean,"T cells, Tivantinib",0.39746523,0.70405716,0.587287187576294,1.7035859823226929
split_scaffold_heldout,cell_context_mean,"NK cells, Tipifarnib",0.33675945,0.66063845,0.5762617588043213,1.778712511062622
split_scaffold_heldout,cell_context_mean,"T cells, Tipifarnib",0.4409984,0.623763,0.728408694267273,1.595056414604187
split_scaffold_heldout,cell_context_mean,"B cells, GLPG0634",0.58482975,0.74767506,0.7810463309288025,1.6848409175872803
split_scaffold_heldout,cell_context_mean,"Myeloid cells, GLPG0634",0.5492964,0.7998144,0.814238429069519,1.7529196739196777
split_scaffold_heldout,cell_context_mean,"NK cells, GLPG0634",0.41810775,0.68400246,0.6542270183563232,1.7464770078659058
split_scaffold_heldout,cell_context_mean,"T cells, GLPG0634",0.57277185,0.67008287,0.8195869326591492,1.5689706802368164
split_scaffold_heldout,cell_context_mean,"B cells, Lapatinib",-0.049024943,0.72667485,-0.0734458938241005,1.9200519323349
split_scaffold_heldout,cell_context_mean,"Myeloid cells, Lapatinib",-0.07802881,0.7643434,-0.06643117219209671,2.025548219680786
split_scaffold_heldout,cell_context_mean,"B cells, Clomipramine",0.2036702,0.6151486,0.3519972860813141,1.6670256853103638
split_scaffold_heldout,cell_context_mean,"Myeloid cells, Clomipramine",0.32178786,0.66260433,0.5986015796661377,1.632558822631836
split_scaffold_heldout,cell_context_mean,"B cells, Vardenafil",0.29206935,0.58194196,0.5477797389030457,1.538618564605713
split_scaffold_heldout,cell_context_mean,"Myeloid cells, Vardenafil",0.3516503,0.6651538,0.6750444769859314,1.542723298072815
split_scaffold_heldout,cell_context_mean,"B cells, RN-486",0.03650025,0.6733938,0.13085214793682098,1.77750563621521
split_scaffold_heldout,cell_context_mean,"Myeloid cells, RN-486",0.2705125,0.7415589,0.479634165763855,1.8335886001586914
split_scaffold_heldout,cell_context_mean,"B cells, Decitabine",0.16050014,0.6027683,0.24903835356235504,1.722407341003418
split_scaffold_heldout,cell_context_mean,"Myeloid cells, Decitabine",0.25591522,0.56800073,0.3171437084674835,1.6492924690246582
split_scaffold_heldout,cell_context_mean,"B cells, CC-401",0.55036736,0.6655898,0.7684834003448486,1.62258780002594
split_scaffold_heldout,cell_context_mean,"Myeloid cells, CC-401",0.41671577,0.87327147,0.6559019684791565,1.9050525426864624
split_scaffold_heldout,cell_context_mean,"B cells, Saracatinib",0.6976055,0.9155665,0.8562221527099609,1.941956877708435
split_scaffold_heldout,cell_context_mean,"Myeloid cells, Saracatinib",0.63050574,1.2882885,0.7888863682746887,2.2508974075317383
split_scaffold_heldout,cell_context_mean,"B cells, RG7112",0.13938947,0.624623,0.35106325149536133,1.9347354173660278
split_scaffold_heldout,cell_context_mean,"Myeloid cells, RG7112",0.37364691,0.73162925,0.5734937787055969,1.9877179861068726
split_scaffold_heldout,cell_context_mean,"B cells, TPCA-1",0.737671,0.9746954,0.8723973035812378,1.943570613861084
split_scaffold_heldout,cell_context_mean,"Myeloid cells, TPCA-1",0.6696706,1.2478505,0.8126429915428162,2.2456376552581787
split_scaffold_heldout,cell_context_mean,"B cells, MGCD-265",0.50533235,0.6116518,0.7178318500518799,1.54637610912323
split_scaffold_heldout,cell_context_mean,"Myeloid cells, MGCD-265",0.30068427,0.62494123,0.5523080229759216,1.548095703125
split_scaffold_heldout,cell_context_mean,"B cells, SCH-58261",-0.001204294,0.6489846,0.03556250408291817,1.7761927843093872
split_scaffold_heldout,cell_context_mean,"Myeloid cells, SCH-58261",0.2667739,0.66753787,0.5328608751296997,1.656535267829895
split_scaffold_heldout,cell_context_mean,"B cells, Tipifarnib",0.44367278,0.5997249,0.6579529047012329,1.5651663541793823
split_scaffold_heldout,cell_context_mean,"Myeloid cells, Tipifarnib",0.45897242,0.74824363,0.7434421181678772,1.7076318264007568
split_scaffold_heldout,drug_mean,"NK cells, Lapatinib",-0.13930835,0.76214427,-0.2962799370288849,1.9605226516723633
split_scaffold_heldout,drug_mean,"T cells, Lapatinib",-0.035342105,0.64619666,-0.006707773543894291,1.8868038654327393
split_scaffold_heldout,drug_mean,"NK cells, Clomipramine",0.13131052,0.6361357,0.26046693325042725,1.7486876249313354
split_scaffold_heldout,drug_mean,"T cells, Clomipramine",0.26098877,0.5471886,0.4968606233596802,1.5853447914123535
split_scaffold_heldout,drug_mean,"B cells, Tamatinib",0.58606553,1.1041764,0.771184504032135,2.219322443008423
split_scaffold_heldout,drug_mean,"Myeloid cells, Tamatinib",0.50965726,1.3091447,0.6996216177940369,2.429621458053589
split_scaffold_heldout,drug_mean,"NK cells, Tamatinib",0.34188524,0.8143911,0.5220839977264404,1.8548381328582764
split_scaffold_heldout,drug_mean,"T cells, Tamatinib",0.62108773,0.9981983,0.8063270449638367,2.046560287475586
split_scaffold_heldout,drug_mean,"NK cells, BMS-387032",0.22645165,0.8137858,0.4366745054721832,1.9762085676193237
split_scaffold_heldout,drug_mean,"T cells, BMS-387032",0.39325887,1.2231637,0.5779824256896973,2.390122413635254
split_scaffold_heldout,drug_mean,"B cells, Raloxifene",0.1394009,0.6269068,0.3817348778247833,1.7461183071136475
split_scaffold_heldout,drug_mean,"Myeloid cells, Raloxifene",0.1183354,0.9727266,0.2988128960132599,2.1861276626586914
split_scaffold_heldout,drug_mean,"NK cells, Raloxifene",-0.05098826,0.8113149,-0.09060559421777725,2.0098423957824707
split_scaffold_heldout,drug_mean,"T cells, Raloxifene",-0.14195393,0.92831606,-0.20913971960544586,2.1159801483154297
split_scaffold_heldout,drug_mean,"B cells, Porcn Inhibitor III",-0.03149614,0.6319884,0.05190069600939751,1.7742836475372314
split_scaffold_heldout,drug_mean,"Myeloid cells, Porcn Inhibitor III",-0.15285945,1.2354782,-0.20417319238185883,2.582603693008423
split_scaffold_heldout,drug_mean,"NK cells, Porcn Inhibitor III",-0.082221,0.78951186,-0.17725081741809845,2.051616907119751
split_scaffold_heldout,drug_mean,"T cells, Porcn Inhibitor III",-0.24402267,0.72990197,-0.4096766710281372,1.88173246383667
split_scaffold_heldout,drug_mean,"B cells, TL_HRAS26",0.33377594,0.5951101,0.589423418045044,1.6767997741699219
split_scaffold_heldout,drug_mean,"Myeloid cells, TL_HRAS26",0.038372733,0.6428697,0.11330445855855942,1.938990831375122
split_scaffold_heldout,drug_mean,"NK cells, TL_HRAS26",0.06833107,0.64291155,0.07507301867008209,1.8641189336776733
split_scaffold_heldout,drug_mean,"T cells, TL_HRAS26",0.25271976,0.5346123,0.4389791488647461,1.863796591758728
split_scaffold_heldout,drug_mean,"B cells, Navitoclax",-0.31812257,0.97444314,-0.561254620552063,2.3428597450256348
split_scaffold_heldout,drug_mean,"Myeloid cells, Navitoclax",-0.278587,0.95019996,-0.4331693947315216,2.2216880321502686
split_scaffold_heldout,drug_mean,"NK cells, Navitoclax",-0.05509793,0.752787,-0.07972687482833862,1.9790966510772705
split_scaffold_heldout,drug_mean,"T cells, Navitoclax",-0.055204596,0.6009646,0.3713296949863434,1.798897624015808
split_scaffold_heldout,drug_mean,"B cells, Methotrexate",-0.33078122,0.7682482,-0.5967749357223511,2.023937702178955
split_scaffold_heldout,drug_mean,"Myeloid cells, Methotrexate",0.10070339,0.9229236,0.20460598170757294,2.1139771938323975
split_scaffold_heldout,drug_mean,"NK cells, Methotrexate",-0.1677856,0.718668,-0.2548319101333618,1.971170425415039
split_scaffold_heldout,drug_mean,"T cells, Methotrexate",-0.12517606,0.67629796,-0.48286527395248413,2.1336588859558105
split_scaffold_heldout,drug_mean,"NK cells, Vardenafil",0.13637662,0.66160774,0.2453049272298813,1.8203667402267456
split_scaffold_heldout,drug_mean,"T cells, Vardenafil",0.22390205,0.5411202,0.4997580349445343,1.6111292839050293
split_scaffold_heldout,drug_mean,"B cells, Isoniazid",0.23781587,0.582084,0.42965856194496155,1.6731810569763184
split_scaffold_heldout,drug_mean,"Myeloid cells, Isoniazid",0.1818874,0.5941488,0.41691911220550537,1.682594895362854
split_scaffold_heldout,drug_mean,"NK cells, Isoniazid",0.0855978,0.66118896,0.17158305644989014,1.8215084075927734
split_scaffold_heldout,drug_mean,"T cells, Isoniazid",0.035457324,0.54577345,0.0988723412156105,1.5837839841842651
split_scaffold_heldout,drug_mean,"NK cells, RN-486",-0.058626436,0.72570336,-0.13151970505714417,1.9302974939346313
split_scaffold_heldout,drug_mean,"T cells, RN-486",0.099699184,0.531729,0.28673332929611206,1.6027830839157104
split_scaffold_heldout,drug_mean,"NK cells, Decitabine",0.06702418,0.65169317,0.12534746527671814,1.7537521123886108
split_scaffold_heldout,drug_mean,"T cells, Decitabine",0.22338204,0.50051415,0.3566344082355499,1.6225621700286865
split_scaffold_heldout,drug_mean,"B cells, CHIR-99021",-0.16379336,0.84680223,-0.34921061992645264,2.117354154586792
split_scaffold_heldout,drug_mean,"Myeloid cells, CHIR-99021",-0.057890624,1.2466946,-0.09474348276853561,2.4760918617248535
split_scaffold_heldout,drug_mean,"NK cells, CHIR-99021",-0.031063203,0.7730268,-0.08267497271299362,1.979029893875122
split_scaffold_heldout,drug_mean,"T cells, CHIR-99021",-0.20211591,1.5147301,-0.2947290241718292,2.8411595821380615
split_scaffold_heldout,drug_mean,"NK cells, CC-401",0.26811174,0.68161684,0.4680749773979187,1.7839775085449219
split_scaffold_heldout,drug_mean,"T cells, CC-401",0.468671,0.7586801,0.7024362087249756,1.8718351125717163
split_scaffold_heldout,drug_mean,"B cells, Azacitidine",0.15022418,0.6744972,0.3893410861492157,1.8051505088806152
split_scaffold_heldout,drug_mean,"Myeloid cells, Azacitidine",0.10442491,0.6207217,0.32984912395477295,1.708562970161438
split_scaffold_heldout,drug_mean,"NK cells, Azacitidine",0.14463225,0.6506657,0.22786372900009155,1.81183660030365
split_scaffold_heldout,drug_mean,"T cells, Azacitidine",0.19090147,0.6123812,0.4042418897151947,1.7088162899017334
split_scaffold_heldout,drug_mean,"B cells, TR-14035",0.37642664,0.61284107,0.5833289623260498,1.721347451210022
split_scaffold_heldout,drug_mean,"Myeloid cells, TR-14035",0.25721452,0.5974459,0.5029733180999756,1.7068310976028442
split_scaffold_heldout,drug_mean,"NK cells, TR-14035",0.22864965,0.6109526,0.4019870460033417,1.7967592477798462
split_scaffold_heldout,drug_mean,"T cells, TR-14035",0.38195005,0.5393767,0.6579636931419373,1.5123090744018555
split_scaffold_heldout,drug_mean,"B cells, AT 7867",0.4330636,0.7304391,0.6724164485931396,1.8181276321411133
split_scaffold_heldout,drug_mean,"Myeloid cells, AT 7867",0.15798219,1.3160787,0.3040418326854706,2.504855155944824
split_scaffold_heldout,drug_mean,"NK cells, AT 7867",0.32173127,0.7053119,0.5613132119178772,1.8044506311416626
split_scaffold_heldout,drug_mean,"T cells, AT 7867",0.27874583,0.84721375,0.4897646903991699,1.9887399673461914
split_scaffold_heldout,drug_mean,"NK cells, Saracatinib",0.27344954,0.72159153,0.43830016255378723,1.862622618675232
split_scaffold_heldout,drug_mean,"T cells, Saracatinib",0.61883146,0.7755575,0.8275246620178223,1.7734313011169434
split_scaffold_heldout,drug_mean,"NK cells, RG7112",0.2357596,0.6515329,0.4384060204029083,1.8772028684616089
split_scaffold_heldout,drug_mean,"T cells, RG7112",0.3202642,0.59775114,0.5218870043754578,2.1478610038757324
split_scaffold_heldout,drug_mean,"B cells, Pitavastatin Calcium",-0.15277424,1.1516904,-0.21352283656597137,2.459989309310913
split_scaffold_heldout,drug_mean,"Myeloid cells, Pitavastatin Calcium",-0.028446412,2.3478835,-0.018710821866989136,3.2256946563720703
split_scaffold_heldout,drug_mean,"NK cells, Pitavastatin Calcium",-0.144843,1.4388585,-0.19064530730247498,2.723388195037842
split_scaffold_heldout,drug_mean,"T cells, Pitavastatin Calcium",-0.22180639,1.6488185,-0.3079226016998291,2.8947842121124268
split_scaffold_heldout,drug_mean,"B cells, AZ628",0.58383167,0.84756035,0.8060100674629211,1.9197615385055542
split_scaffold_heldout,drug_mean,"Myeloid cells, AZ628",0.32529232,0.9434557,0.5233520269393921,2.093325138092041
split_scaffold_heldout,drug_mean,"NK cells, AZ628",0.2875818,0.6936746,0.5260706543922424,1.757888674736023
split_scaffold_heldout,drug_mean,"T cells, AZ628",0.61425143,0.6633979,0.8331900238990784,1.7046152353286743
split_scaffold_heldout,drug_mean,"NK cells, TPCA-1",0.42322698,0.827048,0.6528074145317078,1.8695781230926514
split_scaffold_heldout,drug_mean,"T cells, TPCA-1",0.67532116,1.048546,0.8300055861473083,2.080146312713623
split_scaffold_heldout,drug_mean,"NK cells, MGCD-265",0.080595486,0.66277903,0.11733952164649963,1.8155715465545654
split_scaffold_heldout,drug_mean,"T cells, MGCD-265",0.41931668,0.45582464,0.6599673628807068,1.4346919059753418
split_scaffold_heldout,drug_mean,"NK cells, SCH-58261",-0.0038777702,0.69556797,0.031099384650588036,1.8647966384887695
split_scaffold_heldout,drug_mean,"T cells, SCH-58261",0.038621362,0.55772865,-0.02748548798263073,1.7440528869628906
split_scaffold_heldout,drug_mean,"B cells, Tivantinib",0.38986874,0.67197067,0.6136634349822998,1.7647494077682495
split_scaffold_heldout,drug_mean,"Myeloid cells, Tivantinib",0.2705454,0.79775,0.5037221312522888,1.9984368085861206
split_scaffold_heldout,drug_mean,"NK cells, Tivantinib",0.20961377,0.67605597,0.4248921275138855,1.8131455183029175
split_scaffold_heldout,drug_mean,"T cells, Tivantinib",0.32290903,0.7232942,0.5507308840751648,1.808529257774353
split_scaffold_heldout,drug_mean,"NK cells, Tipifarnib",0.26848117,0.6792312,0.48509103059768677,1.8029452562332153
split_scaffold_heldout,drug_mean,"T cells, Tipifarnib",0.46200797,0.61681074,0.7464568614959717,1.6744221448898315
split_scaffold_heldout,drug_mean,"B cells, GLPG0634",0.50454974,0.7983572,0.7352840900421143,1.838592529296875
split_scaffold_heldout,drug_mean,"Myeloid cells, GLPG0634",0.42262435,0.8692954,0.7239784002304077,1.9929348230361938
split_scaffold_heldout,drug_mean,"NK cells, GLPG0634",0.31043714,0.7104353,0.5129561424255371,1.7952945232391357
split_scaffold_heldout,drug_mean,"T cells, GLPG0634",0.519337,0.7096671,0.7900534272193909,1.7394057512283325
split_scaffold_heldout,drug_mean,"B cells, Lapatinib",-0.06467534,0.6862271,-0.11374197155237198,1.9074041843414307
split_scaffold_heldout,drug_mean,"Myeloid cells, Lapatinib",-0.13294382,0.70346296,-0.19292567670345306,2.0048410892486572
split_scaffold_heldout,drug_mean,"B cells, Clomipramine",0.1450291,0.60156006,0.2560977041721344,1.7225241661071777
split_scaffold_heldout,drug_mean,"Myeloid cells, Clomipramine",0.2854558,0.6478246,0.581051766872406,1.7563828229904175
split_scaffold_heldout,drug_mean,"B cells, Vardenafil",0.23707257,0.5745373,0.48275211453437805,1.6143946647644043
split_scaffold_heldout,drug_mean,"Myeloid cells, Vardenafil",0.2011944,0.68665314,0.49715688824653625,1.7673964500427246
split_scaffold_heldout,drug_mean,"B cells, RN-486",-0.04181199,0.6520314,-0.04697240889072418,1.8147131204605103
split_scaffold_heldout,drug_mean,"Myeloid cells, RN-486",0.21686526,0.7309897,0.3959399461746216,1.9291654825210571
split_scaffold_heldout,drug_mean,"B cells, Decitabine",0.11680645,0.57948154,0.10426200926303864,1.7666460275650024
split_scaffold_heldout,drug_mean,"Myeloid cells, Decitabine",0.25056374,0.51842225,0.43629202246665955,1.6428560018539429
split_scaffold_heldout,drug_mean,"B cells, CC-401",0.49584016,0.6994727,0.7451576590538025,1.758252501487732
split_scaffold_heldout,drug_mean,"Myeloid cells, CC-401",0.4336302,0.88003063,0.6440479755401611,1.990850567817688
split_scaffold_heldout,drug_mean,"B cells, Saracatinib",0.6153836,0.98730916,0.8022313714027405,2.126883029937744
split_scaffold_heldout,drug_mean,"Myeloid cells, Saracatinib",0.54622346,1.378438,0.7039090394973755,2.432762861251831
split_scaffold_heldout,drug_mean,"B cells, RG7112",0.094486676,0.60168856,0.24537020921707153,1.9922423362731934
split_scaffold_heldout,drug_mean,"Myeloid cells, RG7112",0.33287236,0.73502696,0.5820538997650146,2.118907928466797
split_scaffold_heldout,drug_mean,"B cells, TPCA-1",0.64786696,1.0552412,0.8153923153877258,2.1286158561706543
split_scaffold_heldout,drug_mean,"Myeloid cells, TPCA-1",0.48604316,1.3728426,0.667261004447937,2.486280679702759
split_scaffold_heldout,drug_mean,"B cells, MGCD-265",0.3709911,0.6584174,0.6079708933830261,1.729546070098877
split_scaffold_heldout,drug_mean,"Myeloid cells, MGCD-265",0.3099996,0.58919084,0.5406169891357422,1.6307626962661743
split_scaffold_heldout,drug_mean,"B cells, SCH-58261",-0.05283094,0.61639136,-0.07350552827119827,1.77387535572052
split_scaffold_heldout,drug_mean,"Myeloid cells, SCH-58261",0.2788838,0.63081485,0.5766989588737488,1.6892791986465454
split_scaffold_heldout,drug_mean,"B cells, Tipifarnib",0.3661906,0.62056863,0.593940258026123,1.6928337812423706
split_scaffold_heldout,drug_mean,"Myeloid cells, Tipifarnib",0.40509364,0.7744181,0.6918246746063232,1.8617393970489502
split_cell_scaffold_heldout,global_train_mean,"NK cells, Lapatinib",-0.15130456,0.78540593,-0.3255196809768677,1.9835611581802368
split_cell_scaffold_heldout,global_train_mean,"NK cells, Clomipramine",0.091939084,0.6600279,0.16474783420562744,1.7699068784713745
split_cell_scaffold_heldout,global_train_mean,"NK cells, Tamatinib",0.2803351,0.83285755,0.44351083040237427,1.8731300830841064
split_cell_scaffold_heldout,global_train_mean,"NK cells, BMS-387032",0.18658133,0.83041716,0.3764406740665436,1.988976001739502
split_cell_scaffold_heldout,global_train_mean,"NK cells, Raloxifene",-0.08438414,0.8365206,-0.1555149257183075,2.0348780155181885
split_cell_scaffold_heldout,global_train_mean,"NK cells, Porcn Inhibitor III",-0.12030681,0.8173347,-0.2592886984348297,2.0876169204711914
split_cell_scaffold_heldout,global_train_mean,"NK cells, TL_HRAS26",0.035380438,0.6671174,-0.0078111146576702595,1.886451244354248
split_cell_scaffold_heldout,global_train_mean,"NK cells, Navitoclax",-0.06880306,0.77379644,-0.1054370179772377,1.9940762519836426
split_cell_scaffold_heldout,global_train_mean,"NK cells, Methotrexate",-0.18505016,0.74496937,-0.2845521569252014,1.997292399406433
split_cell_scaffold_heldout,global_train_mean,"NK cells, Vardenafil",0.09240389,0.68597305,0.1688351333141327,1.8400307893753052
split_cell_scaffold_heldout,global_train_mean,"NK cells, Isoniazid",0.055977326,0.683422,0.09810249507427216,1.8394229412078857
split_cell_scaffold_heldout,global_train_mean,"NK cells, RN-486",-0.081414066,0.74975747,-0.20257806777954102,1.9564664363861084
split_cell_scaffold_heldout,global_train_mean,"NK cells, Decitabine",0.029681943,0.676928,0.022695401683449745,1.7784661054611206
split_cell_scaffold_heldout,global_train_mean,"NK cells, CHIR-99021",-0.05411219,0.79535186,-0.13824503123760223,2.0034563541412354
split_cell_scaffold_heldout,global_train_mean,"NK cells, CC-401",0.21188892,0.704083,0.38472744822502136,1.8051846027374268
split_cell_scaffold_heldout,global_train_mean,"NK cells, Azacitidine",0.1107625,0.672155,0.12897515296936035,1.831926941871643
split_cell_scaffold_heldout,global_train_mean,"NK cells, TR-14035",0.18296209,0.6336825,0.2841476798057556,1.8209161758422852
split_cell_scaffold_heldout,global_train_mean,"NK cells, AT 7867",0.2635507,0.7256908,0.47388848662376404,1.824938178062439
split_cell_scaffold_heldout,global_train_mean,"NK cells, Saracatinib",0.2289592,0.73941725,0.3591988980770111,1.8835376501083374
split_cell_scaffold_heldout,global_train_mean,"NK cells, RG7112",0.19407326,0.6716936,0.36629435420036316,1.8887664079666138
split_cell_scaffold_heldout,global_train_mean,"NK cells, Pitavastatin Calcium",-0.16546392,1.4584801,-0.22189204394817352,2.7486159801483154
split_cell_scaffold_heldout,global_train_mean,"NK cells, AZ628",0.2375373,0.71321636,0.45160770416259766,1.7759053707122803
split_cell_scaffold_heldout,global_train_mean,"NK cells, TPCA-1",0.36647922,0.84024876,0.5921242237091064,1.8769699335098267
split_cell_scaffold_heldout,global_train_mean,"NK cells, MGCD-265",0.04399785,0.68705827,-0.009966952726244926,1.8437724113464355
split_cell_scaffold_heldout,global_train_mean,"NK cells, SCH-58261",-0.03680665,0.72106737,-0.04445789009332657,1.8863860368728638
split_cell_scaffold_heldout,global_train_mean,"NK cells, Tivantinib",0.17177221,0.6955278,0.3424436151981354,1.8271440267562866
split_cell_scaffold_heldout,global_train_mean,"NK cells, Tipifarnib",0.22348623,0.69836324,0.4138182997703552,1.8154772520065308
split_cell_scaffold_heldout,global_train_mean,"NK cells, GLPG0634",0.25117412,0.7314841,0.43427160382270813,1.8170790672302246
split_cell_scaffold_heldout,cell_context_mean,"NK cells, Lapatinib",-0.15130456,0.78540593,-0.3255196809768677,1.9835611581802368
split_cell_scaffold_heldout,cell_context_mean,"NK cells, Clomipramine",0.091939084,0.6600279,0.16474783420562744,1.7699068784713745
split_cell_scaffold_heldout,cell_context_mean,"NK cells, Tamatinib",0.2803351,0.83285755,0.44351083040237427,1.8731300830841064
split_cell_scaffold_heldout,cell_context_mean,"NK cells, BMS-387032",0.18658133,0.83041716,0.3764406740665436,1.988976001739502
split_cell_scaffold_heldout,cell_context_mean,"NK cells, Raloxifene",-0.08438414,0.8365206,-0.1555149257183075,2.0348780155181885
split_cell_scaffold_heldout,cell_context_mean,"NK cells, Porcn Inhibitor III",-0.12030681,0.8173347,-0.2592886984348297,2.0876169204711914
split_cell_scaffold_heldout,cell_context_mean,"NK cells, TL_HRAS26",0.035380438,0.6671174,-0.0078111146576702595,1.886451244354248
split_cell_scaffold_heldout,cell_context_mean,"NK cells, Navitoclax",-0.06880306,0.77379644,-0.1054370179772377,1.9940762519836426
split_cell_scaffold_heldout,cell_context_mean,"NK cells, Methotrexate",-0.18505016,0.74496937,-0.2845521569252014,1.997292399406433
split_cell_scaffold_heldout,cell_context_mean,"NK cells, Vardenafil",0.09240389,0.68597305,0.1688351333141327,1.8400307893753052
split_cell_scaffold_heldout,cell_context_mean,"NK cells, Isoniazid",0.055977326,0.683422,0.09810249507427216,1.8394229412078857
split_cell_scaffold_heldout,cell_context_mean,"NK cells, RN-486",-0.081414066,0.74975747,-0.20257806777954102,1.9564664363861084
split_cell_scaffold_heldout,cell_context_mean,"NK cells, Decitabine",0.029681943,0.676928,0.022695401683449745,1.7784661054611206
split_cell_scaffold_heldout,cell_context_mean,"NK cells, CHIR-99021",-0.05411219,0.79535186,-0.13824503123760223,2.0034563541412354
split_cell_scaffold_heldout,cell_context_mean,"NK cells, CC-401",0.21188892,0.704083,0.38472744822502136,1.8051846027374268
split_cell_scaffold_heldout,cell_context_mean,"NK cells, Azacitidine",0.1107625,0.672155,0.12897515296936035,1.831926941871643
split_cell_scaffold_heldout,cell_context_mean,"NK cells, TR-14035",0.18296209,0.6336825,0.2841476798057556,1.8209161758422852
split_cell_scaffold_heldout,cell_context_mean,"NK cells, AT 7867",0.2635507,0.7256908,0.47388848662376404,1.824938178062439
split_cell_scaffold_heldout,cell_context_mean,"NK cells, Saracatinib",0.2289592,0.73941725,0.3591988980770111,1.8835376501083374
split_cell_scaffold_heldout,cell_context_mean,"NK cells, RG7112",0.19407326,0.6716936,0.36629435420036316,1.8887664079666138
split_cell_scaffold_heldout,cell_context_mean,"NK cells, Pitavastatin Calcium",-0.16546392,1.4584801,-0.22189204394817352,2.7486159801483154
split_cell_scaffold_heldout,cell_context_mean,"NK cells, AZ628",0.2375373,0.71321636,0.45160770416259766,1.7759053707122803
split_cell_scaffold_heldout,cell_context_mean,"NK cells, TPCA-1",0.36647922,0.84024876,0.5921242237091064,1.8769699335098267
split_cell_scaffold_heldout,cell_context_mean,"NK cells, MGCD-265",0.04399785,0.68705827,-0.009966952726244926,1.8437724113464355
split_cell_scaffold_heldout,cell_context_mean,"NK cells, SCH-58261",-0.03680665,0.72106737,-0.04445789009332657,1.8863860368728638
split_cell_scaffold_heldout,cell_context_mean,"NK cells, Tivantinib",0.17177221,0.6955278,0.3424436151981354,1.8271440267562866
split_cell_scaffold_heldout,cell_context_mean,"NK cells, Tipifarnib",0.22348623,0.69836324,0.4138182997703552,1.8154772520065308
split_cell_scaffold_heldout,cell_context_mean,"NK cells, GLPG0634",0.25117412,0.7314841,0.43427160382270813,1.8170790672302246
split_cell_scaffold_heldout,drug_mean,"NK cells, Lapatinib",-0.15130456,0.78540593,-0.3255196809768677,1.9835611581802368
split_cell_scaffold_heldout,drug_mean,"NK cells, Clomipramine",0.091939084,0.6600279,0.16474783420562744,1.7699068784713745
split_cell_scaffold_heldout,drug_mean,"NK cells, Tamatinib",0.2803351,0.83285755,0.44351083040237427,1.8731300830841064
split_cell_scaffold_heldout,drug_mean,"NK cells, BMS-387032",0.18658133,0.83041716,0.3764406740665436,1.988976001739502
split_cell_scaffold_heldout,drug_mean,"NK cells, Raloxifene",-0.08438414,0.8365206,-0.1555149257183075,2.0348780155181885
split_cell_scaffold_heldout,drug_mean,"NK cells, Porcn Inhibitor III",-0.12030681,0.8173347,-0.2592886984348297,2.0876169204711914
split_cell_scaffold_heldout,drug_mean,"NK cells, TL_HRAS26",0.035380438,0.6671174,-0.0078111146576702595,1.886451244354248
split_cell_scaffold_heldout,drug_mean,"NK cells, Navitoclax",-0.06880306,0.77379644,-0.1054370179772377,1.9940762519836426
split_cell_scaffold_heldout,drug_mean,"NK cells, Methotrexate",-0.18505016,0.74496937,-0.2845521569252014,1.997292399406433
split_cell_scaffold_heldout,drug_mean,"NK cells, Vardenafil",0.09240389,0.68597305,0.1688351333141327,1.8400307893753052
split_cell_scaffold_heldout,drug_mean,"NK cells, Isoniazid",0.055977326,0.683422,0.09810249507427216,1.8394229412078857
split_cell_scaffold_heldout,drug_mean,"NK cells, RN-486",-0.081414066,0.74975747,-0.20257806777954102,1.9564664363861084
split_cell_scaffold_heldout,drug_mean,"NK cells, Decitabine",0.029681943,0.676928,0.022695401683449745,1.7784661054611206
split_cell_scaffold_heldout,drug_mean,"NK cells, CHIR-99021",-0.05411219,0.79535186,-0.13824503123760223,2.0034563541412354
split_cell_scaffold_heldout,drug_mean,"NK cells, CC-401",0.21188892,0.704083,0.38472744822502136,1.8051846027374268
split_cell_scaffold_heldout,drug_mean,"NK cells, Azacitidine",0.1107625,0.672155,0.12897515296936035,1.831926941871643
split_cell_scaffold_heldout,drug_mean,"NK cells, TR-14035",0.18296209,0.6336825,0.2841476798057556,1.8209161758422852
split_cell_scaffold_heldout,drug_mean,"NK cells, AT 7867",0.2635507,0.7256908,0.47388848662376404,1.824938178062439
split_cell_scaffold_heldout,drug_mean,"NK cells, Saracatinib",0.2289592,0.73941725,0.3591988980770111,1.8835376501083374
split_cell_scaffold_heldout,drug_mean,"NK cells, RG7112",0.19407326,0.6716936,0.36629435420036316,1.8887664079666138
split_cell_scaffold_heldout,drug_mean,"NK cells, Pitavastatin Calcium",-0.16546392,1.4584801,-0.22189204394817352,2.7486159801483154
split_cell_scaffold_heldout,drug_mean,"NK cells, AZ628",0.2375373,0.71321636,0.45160770416259766,1.7759053707122803
split_cell_scaffold_heldout,drug_mean,"NK cells, TPCA-1",0.36647922,0.84024876,0.5921242237091064,1.8769699335098267
split_cell_scaffold_heldout,drug_mean,"NK cells, MGCD-265",0.04399785,0.68705827,-0.009966952726244926,1.8437724113464355
split_cell_scaffold_heldout,drug_mean,"NK cells, SCH-58261",-0.03680665,0.72106737,-0.04445789009332657,1.8863860368728638
split_cell_scaffold_heldout,drug_mean,"NK cells, Tivantinib",0.17177221,0.6955278,0.3424436151981354,1.8271440267562866
split_cell_scaffold_heldout,drug_mean,"NK cells, Tipifarnib",0.22348623,0.69836324,0.4138182997703552,1.8154772520065308
split_cell_scaffold_heldout,drug_mean,"NK cells, GLPG0634",0.25117412,0.7314841,0.43427160382270813,1.8170790672302246
