split,baseline,sample_id,rowwise_pearson,rmse,de_rowwise_pearson,de_rmse
split_random,global_train_mean,"T cells, TIE2 Kinase Inhibitor",0.18147588,0.5540734,0.4264136552810669,1.596156120300293
split_random,global_train_mean,"T cells, MK-5108",0.11302318,0.54798824,0.20507565140724182,1.6786794662475586
split_random,global_train_mean,"NK cells, Atorvastatin",0.1304701,0.65517855,0.22333543002605438,1.738762378692627
split_random,global_train_mean,"T cells, Atorvastatin",0.2295306,0.53783,0.45101219415664673,1.6157907247543335
split_random,global_train_mean,"NK cells, Clomipramine",0.13984993,0.6278716,0.2799002230167389,1.74923574924469
split_random,global_train_mean,"T cells, Clomipramine",0.26719287,0.54098076,0.5101571083068848,1.5912432670593262
split_random,global_train_mean,"B cells, Tivozanib",0.45667472,0.7483864,0.725834310054779,1.8828966617584229
split_random,global_train_mean,"NK cells, Ixabepilone",0.12630546,0.6457882,0.2143891155719757,1.837989091873169
split_random,global_train_mean,"B cells, Linagliptin",-0.0026417878,0.60963094,-0.08809313178062439,1.7996667623519897
split_random,global_train_mean,"T cells, Linagliptin",0.19513516,0.5010098,0.2675560712814331,1.5661815404891968
split_random,global_train_mean,"Myeloid cells, 5-(9-Isopropyl-8-methyl-2-morpholino-9H-purin-6-yl)pyrimidin-2-amine",0.44018373,1.5444221,0.593299388885498,2.6806516647338867
split_random,global_train_mean,"T cells, Protriptyline",0.12887095,0.5008558,0.3350523114204407,1.6194827556610107
split_random,global_train_mean,"B cells, I-BET151",0.42535087,1.2568263,0.5719554424285889,2.4091968536376953
split_random,global_train_mean,"NK cells, I-BET151",0.22180568,1.0025237,0.3533722758293152,2.251979112625122
split_random,global_train_mean,"NK cells, BMS-387032",0.23049515,0.8111103,0.4446381628513336,1.9827334880828857
split_random,global_train_mean,"T cells, IN1451",0.30321488,2.7793186,0.3575161099433899,3.388786792755127
split_random,global_train_mean,"T cells, BAY 87-2243",0.44496715,1.2335474,0.6190456748008728,2.3512444496154785
split_random,global_train_mean,"B cells, TL_HRAS26",0.33714673,0.5928026,0.5889721512794495,1.689353346824646
split_random,global_train_mean,"B cells, Proscillaridin A;Proscillaridin-A",0.16173635,2.2720814,0.2048211544752121,3.1489763259887695
split_random,global_train_mean,"T cells, BMS-265246",0.16410066,1.3599632,0.2879278361797333,2.5444629192352295
split_random,global_train_mean,"NK cells, Ruxolitinib",0.3112571,0.71216965,0.520681619644165,1.783892273902893
split_random,global_train_mean,"T cells, Dovitinib",0.46088585,0.71966803,0.7241977453231812,1.9634228944778442
split_random,global_train_mean,"T cells, AVL-292",0.5640153,0.7058589,0.8007771968841553,1.791390061378479
split_random,global_train_mean,"B cells, Navitoclax",-0.3049057,0.95865554,-0.5478231310844421,2.3154850006103516
split_random,global_train_mean,"Myeloid cells, Methotrexate",0.09310643,0.92049503,0.1924157440662384,2.1193461418151855
split_random,global_train_mean,"T cells, Palbociclib",0.32137674,0.50976425,0.6601293087005615,1.5617245435714722
split_random,global_train_mean,"T cells, Trametinib",0.36923358,0.6626177,0.6708391904830933,1.8152244091033936
split_random,global_train_mean,"Myeloid cells, FK 866",0.24207959,1.1430652,0.3894541561603546,2.327758312225342
split_random,global_train_mean,"NK cells, FK 866",0.11690907,0.7492545,0.3046552538871765,1.8980528116226196
split_random,global_train_mean,"NK cells, Chlorpheniramine",0.08382007,0.67172694,0.1879526972770691,1.868668556213379
split_random,global_train_mean,"T cells, Chlorpheniramine",0.37312305,0.5437308,0.6424902677536011,1.562247395515442
split_random,global_train_mean,"T cells, BAY 61-3606",0.38720188,1.8105103,0.4998401701450348,2.8184053897857666
split_random,global_train_mean,"T cells, LY2090314",-0.15839215,2.4891274,-0.19606052339076996,3.3600940704345703
split_random,global_train_mean,"T cells, Dasatinib",0.622771,1.0203143,0.8086109161376953,2.0968992710113525
split_random,global_train_mean,"NK cells, Perhexiline",0.37531722,0.7512173,0.575015664100647,1.801068902015686
split_random,global_train_mean,"NK cells, RVX-208",0.12449125,0.6997397,0.13511566817760468,1.8930718898773193
split_random,global_train_mean,"NK cells, Desloratadine",0.047615834,0.6650434,0.016967324540019035,1.8222404718399048
split_random,global_train_mean,"Myeloid cells, Dactolisib",0.516475,2.0579488,0.6292502284049988,3.006575584411621
split_random,global_train_mean,"T cells, Dactolisib",0.596065,1.4715871,0.7578675150871277,2.5874829292297363
split_random,global_train_mean,"T cells, BMS-536924",0.61682236,1.0405456,0.8105618357658386,2.1992909908294678
split_random,global_train_mean,"Myeloid cells, Isoniazid",0.18741918,0.58710486,0.42486605048179626,1.689228892326355
split_random,global_train_mean,"NK cells, Penfluridol",0.10194874,0.69216424,0.2407759130001068,1.7986785173416138
split_random,global_train_mean,"T cells, Penfluridol",0.057256885,0.53077906,0.2434474676847458,1.6517146825790405
split_random,global_train_mean,"Myeloid cells, Quizartinib",0.20755632,0.7668295,0.41782110929489136,2.1601321697235107
split_random,global_train_mean,"NK cells, Quizartinib",0.044997398,0.6617937,0.1028176099061966,1.8471870422363281
split_random,global_train_mean,"T cells, Quizartinib",0.20261325,0.54058427,0.3961426019668579,1.7768397331237793
split_random,global_train_mean,"NK cells, RN-486",-0.04929123,0.71405673,-0.11182628571987152,1.9195199012756348
split_random,global_train_mean,"B cells, PD-0325901",0.47281379,0.75821203,0.7193162441253662,1.942650556564331
split_random,global_train_mean,"Myeloid cells, LDN 193189",-0.022906851,0.80219615,0.07812169939279556,2.0308666229248047
split_random,global_train_mean,"NK cells, Cabozantinib",0.05298014,0.6836556,0.1656578779220581,1.8046942949295044
split_random,global_train_mean,"B cells, CHIR-99021",-0.15755439,0.8346448,-0.34026074409484863,2.1013360023498535
split_random,global_train_mean,"T cells, CHIR-99021",-0.20574865,1.5068815,-0.30509281158447266,2.8315770626068115
split_random,global_train_mean,"NK cells, Defactinib",0.14196603,0.66589355,0.38167116045951843,1.8179867267608643
split_random,global_train_mean,"B cells, BI-D1870",0.22584295,0.607516,0.424448162317276,1.71903657913208
split_random,global_train_mean,"NK cells, CC-401",0.27188408,0.67872983,0.47767433524131775,1.790732741355896
split_random,global_train_mean,"NK cells, Resminostat",0.31135195,1.2979275,0.4695720076560974,2.466083288192749
split_random,global_train_mean,"NK cells, Crizotinib",0.32526302,0.6827658,0.5349600315093994,1.7335493564605713
split_random,global_train_mean,"B cells, TR-14035",0.37798432,0.6126829,0.5863932371139526,1.7333593368530273
split_random,global_train_mean,"NK cells, Saracatinib",0.27265212,0.7204696,0.4373944103717804,1.8709219694137573
split_random,global_train_mean,"NK cells, RG7112",0.2392027,0.6474561,0.4557976722717285,1.8834435939788818
split_random,global_train_mean,"NK cells, ABT737",0.11065455,0.7344377,0.23448795080184937,1.8930736780166626
split_random,global_train_mean,"Myeloid cells, PRT-062607",0.518223,1.3980083,0.6800788640975952,2.5104894638061523
split_random,global_train_mean,"T cells, PRT-062607",0.6759475,0.92638576,0.8550031781196594,1.971077561378479
split_random,global_train_mean,"T cells, CGM-097",-0.046478752,1.3733091,-0.06304071843624115,2.6705451011657715
split_random,global_train_mean,"NK cells, STK219801",0.13137084,0.6759845,0.20190030336380005,1.9174695014953613
split_random,global_train_mean,"NK cells, MGCD-265",0.084972695,0.6546555,0.11900018900632858,1.816641092300415
split_random,global_train_mean,"T cells, MGCD-265",0.42236602,0.45297822,0.6593958139419556,1.4512144327163696
split_random,global_train_mean,"NK cells, Ricolinostat",0.08447437,0.76845765,0.13843920826911926,1.9193583726882935
split_random,global_train_mean,"NK cells, YK 4-279",-0.059054974,0.721006,-0.07706724852323532,1.8679382801055908
split_random,global_train_mean,"Myeloid cells, Midostaurin",0.28302857,1.1235758,0.46862128376960754,2.3400943279266357
split_random,global_train_mean,"T cells, CEP-37440",0.39872333,0.6263481,0.7013925313949585,1.8092621564865112
split_random,global_train_mean,"Myeloid cells, R428",0.27516583,2.022477,0.3745560944080353,3.009523391723633
split_random,global_train_mean,"NK cells, Oxybenzone",0.14040971,0.6337178,0.22933924198150635,1.7770395278930664
split_random,global_train_mean,"NK cells, Vandetanib",0.16135961,0.6511925,0.3772537112236023,1.8076666593551636
split_random,global_train_mean,"T cells, Imatinib",0.22225462,0.4998465,0.4020634591579437,1.526996374130249
split_random,global_train_mean,"B cells, Tivantinib",0.39396536,0.67243207,0.6169916987419128,1.7783610820770264
split_random,global_train_mean,"Myeloid cells, Colchicine",0.2206463,2.4487195,0.2850767970085144,3.258871555328369
split_random,global_train_mean,"NK cells, Tipifarnib",0.263494,0.6784813,0.4773392975330353,1.8168452978134155
split_random,global_train_mean,"Myeloid cells, BX 912",0.35754606,0.80118775,0.5885396003723145,1.9491089582443237
split_random,global_train_mean,"T cells, BX 912",0.6248136,0.725866,0.8458765149116516,1.7822834253311157
split_random,global_train_mean,"T cells, Prednisolone",0.5253235,1.3448926,0.6546365022659302,2.538254737854004
split_random,global_train_mean,"NK cells, Tacalcitol",0.22329836,0.67656225,0.3862293064594269,1.8018572330474854
split_random,global_train_mean,"Myeloid cells, Selumetinib",0.3795452,1.0204748,0.6053661108016968,2.230443239212036
split_random,global_train_mean,"T cells, Selumetinib",0.5151774,0.61108226,0.7672551870346069,1.6970347166061401
split_random,global_train_mean,"T cells, Clotrimazole",0.14939061,0.5397304,0.28642332553863525,1.7126703262329102
split_random,global_train_mean,"NK cells, Vanoxerine",0.16174702,0.65991277,0.23686279356479645,1.7664669752120972
split_random,global_train_mean,"NK cells, HYDROXYUREA",0.03358442,0.6641641,0.044669732451438904,1.8008744716644287
split_random,global_train_mean,"T cells, HYDROXYUREA",0.006097783,0.553987,-0.15968717634677887,1.7542577981948853
split_random,global_train_mean,"B cells, TIE2 Kinase Inhibitor",0.13312547,0.55858916,0.2275507003068924,1.6428154706954956
split_random,global_train_mean,"B cells, Lapatinib",-0.054780327,0.6737954,-0.0845099464058876,1.8939704895019531
split_random,global_train_mean,"B cells, Phenylbutazone",0.16369309,0.54836184,0.3501894772052765,1.6409550905227661
split_random,global_train_mean,"Myeloid cells, Phenylbutazone",-0.0008301075,0.5971238,-0.009241134859621525,1.7211318016052246
split_random,global_train_mean,"B cells, Vorinostat",0.3831287,1.5797039,0.5232242345809937,2.6496660709381104
split_random,global_train_mean,"Myeloid cells, AVL-292",0.31760624,0.9061955,0.5493621230125427,2.098109722137451
split_random,global_train_mean,"B cells, Vardenafil",0.24141341,0.5688838,0.48621493577957153,1.6226848363876343
split_random,global_train_mean,"B cells, Dasatinib",0.55106854,1.1341181,0.7549557089805603,2.30534291267395
split_random,global_train_mean,"B cells, Perhexiline",0.6033025,0.9724844,0.7976268529891968,2.0449600219726562
split_random,global_train_mean,"Myeloid cells, Perhexiline",0.43223232,0.8939366,0.6491330862045288,2.05216908454895
split_random,global_train_mean,"B cells, Disulfiram",0.13612726,0.5907243,0.23349615931510925,1.7649296522140503
split_random,global_train_mean,"Myeloid cells, IKK Inhibitor VII",0.40796703,1.4877862,0.5786402225494385,2.6743314266204834
split_random,global_train_mean,"Myeloid cells, IMD-0354",0.43488115,1.5210866,0.5916491150856018,2.6282105445861816
split_random,global_train_mean,"B cells, Canertinib",0.25757352,0.7162355,0.47327932715415955,1.913432002067566
split_random,global_train_mean,"B cells, RN-486",-0.034024183,0.6401602,-0.03222493454813957,1.8079674243927002
split_random,global_train_mean,"B cells, Decitabine",0.12483096,0.56996465,0.12632809579372406,1.7640794515609741
split_random,global_train_mean,"Myeloid cells, AZD3514",0.37656444,0.7940001,0.6400296092033386,1.9458253383636475
split_random,global_train_mean,"B cells, HMN-214",-0.10709055,0.6349875,-0.1465768963098526,1.8264541625976562
split_random,global_train_mean,"Myeloid cells, HMN-214",0.14227352,0.84753263,0.21146048605442047,2.0314483642578125
split_random,global_train_mean,"Myeloid cells, CC-401",0.41675147,0.8890853,0.6235315799713135,2.0186429023742676
split_random,global_train_mean,"Myeloid cells, Resminostat",0.3885937,1.9168102,0.5133596658706665,2.8624141216278076
split_random,global_train_mean,"Myeloid cells, Nilotinib",0.3237984,1.1568204,0.5113403797149658,2.357551097869873
split_random,global_train_mean,"B cells, Lamivudine",0.2912569,0.59937775,0.5621878504753113,1.6772910356521606
split_random,global_train_mean,"Myeloid cells, Lamivudine",0.20366123,0.68465126,0.4518857002258301,1.8072937726974487
split_random,global_train_mean,"B cells, AZD-8330",0.56137,0.7136669,0.7912537455558777,1.8238277435302734
split_random,global_train_mean,"Myeloid cells, CGM-097",-0.06503318,1.2676437,-0.041831422597169876,2.506899833679199
split_random,global_train_mean,"Myeloid cells, MGCD-265",0.30005917,0.5891664,0.5325693488121033,1.6462808847427368
split_random,global_train_mean,"Myeloid cells, Bosutinib",0.46280864,1.629467,0.5998159050941467,2.727109670639038
split_random,global_train_mean,"B cells, GSK256066",0.31465197,0.8457764,0.5677939653396606,2.1322004795074463
split_random,global_train_mean,"Myeloid cells, Vandetanib",0.19478604,0.7708248,0.3863791227340698,1.9358309507369995
split_random,global_train_mean,"B cells, Tosedostat",0.15738027,0.6569615,0.33746784925460815,1.785784125328064
split_random,global_train_mean,"B cells, Mometasone Furoate",0.56156945,1.183556,0.7302735447883606,2.345768451690674
split_random,global_train_mean,"Myeloid cells, Tipifarnib",0.39178914,0.7807828,0.6774927377700806,1.8859639167785645
split_random,global_train_mean,"Myeloid cells, AZD4547",0.2431879,0.6523187,0.48792505264282227,1.8325741291046143
split_random,global_train_mean,"B cells, Prednisolone",0.5080861,1.0350441,0.7131818532943726,2.2360472679138184
split_random,global_train_mean,"Myeloid cells, Vanoxerine",0.38072646,0.57544774,0.6347818374633789,1.6135038137435913
split_random,cell_context_mean,"T cells, TIE2 Kinase Inhibitor",0.22406857,0.57054377,0.46796444058418274,1.5418723821640015
split_random,cell_context_mean,"T cells, MK-5108",0.13738032,0.577117,0.24410276114940643,1.656774878501892
split_random,cell_context_mean,"NK cells, Atorvastatin",0.28089815,0.61902946,0.4664253294467926,1.6696442365646362
split_random,cell_context_mean,"T cells, Atorvastatin",0.25378177,0.55637217,0.4400905966758728,1.586175560951233
split_random,cell_context_mean,"NK cells, Clomipramine",0.23901604,0.60339737,0.4646678566932678,1.6950619220733643
split_random,cell_context_mean,"T cells, Clomipramine",0.27011824,0.5620945,0.5001077651977539,1.5549579858779907
split_random,cell_context_mean,"B cells, Tivozanib",0.50400496,0.7174903,0.7587990760803223,1.733011245727539
split_random,cell_context_mean,"NK cells, Ixabepilone",0.2357332,0.61901593,0.4031853675842285,1.7787867784500122
split_random,cell_context_mean,"B cells, Linagliptin",0.043583576,0.6436491,0.05541939660906792,1.7788803577423096
split_random,cell_context_mean,"T cells, Linagliptin",0.234748,0.522194,0.3183561861515045,1.5303781032562256
split_random,cell_context_mean,"Myeloid cells, 5-(9-Isopropyl-8-methyl-2-morpholino-9H-purin-6-yl)pyrimidin-2-amine",0.38126957,1.5352148,0.5225163698196411,2.6491098403930664
split_random,cell_context_mean,"T cells, Protriptyline",0.19067782,0.522271,0.4340452551841736,1.5475075244903564
split_random,cell_context_mean,"B cells, I-BET151",0.4330237,1.2305388,0.5821765065193176,2.3341805934906006
split_random,cell_context_mean,"NK cells, I-BET151",0.24524389,0.99716914,0.37429580092430115,2.243889808654785
split_random,cell_context_mean,"NK cells, BMS-387032",0.29711443,0.79526335,0.5225200057029724,1.9500776529312134
split_random,cell_context_mean,"T cells, IN1451",0.30375722,2.7592008,0.35628700256347656,3.3612570762634277
split_random,cell_context_mean,"T cells, BAY 87-2243",0.52729654,1.1805284,0.6805397272109985,2.238115072250366
split_random,cell_context_mean,"B cells, TL_HRAS26",0.37839314,0.5910927,0.6248974800109863,1.5918400287628174
split_random,cell_context_mean,"B cells, Proscillaridin A;Proscillaridin-A",0.16960737,2.265183,0.2156071811914444,3.1312878131866455
split_random,cell_context_mean,"T cells, BMS-265246",0.15492862,1.366408,0.2529025673866272,2.537999153137207
split_random,cell_context_mean,"NK cells, Ruxolitinib",0.40800577,0.6891968,0.6586799025535583,1.734486699104309
split_random,cell_context_mean,"T cells, Dovitinib",0.52747244,0.6832479,0.7540181279182434,1.820247769355774
split_random,cell_context_mean,"T cells, AVL-292",0.62636656,0.65672094,0.843342661857605,1.6121004819869995
split_random,cell_context_mean,"B cells, Navitoclax",-0.22270022,0.99204546,-0.4157448709011078,2.3546247482299805
split_random,cell_context_mean,"Myeloid cells, Methotrexate",0.13480951,0.930211,0.25739628076553345,2.0853707790374756
split_random,cell_context_mean,"T cells, Palbociclib",0.3542909,0.51813686,0.6785620450973511,1.4677702188491821
split_random,cell_context_mean,"T cells, Trametinib",0.39364,0.65614796,0.7019855976104736,1.7063007354736328
split_random,cell_context_mean,"Myeloid cells, FK 866",0.3899198,1.0901264,0.5943472385406494,2.194887161254883
split_random,cell_context_mean,"NK cells, FK 866",0.22791222,0.7225209,0.43966320157051086,1.850054144859314
split_random,cell_context_mean,"NK cells, Chlorpheniramine",0.18603945,0.6466011,0.3130795955657959,1.839516043663025
split_random,cell_context_mean,"T cells, Chlorpheniramine",0.41098547,0.54078555,0.6798110604286194,1.4690691232681274
split_random,cell_context_mean,"T cells, BAY 61-3606",0.40928954,1.7791337,0.52047199010849,2.7618727684020996
split_random,cell_context_mean,"T cells, LY2090314",-0.014730941,2.4687226,-0.02442891150712967,3.328760862350464
split_random,cell_context_mean,"T cells, Dasatinib",0.64332163,0.9712965,0.8038592338562012,1.9779082536697388
split_random,cell_context_mean,"NK cells, Perhexiline",0.4202928,0.7414018,0.6431851983070374,1.7802236080169678
split_random,cell_context_mean,"NK cells, RVX-208",0.1816508,0.68496114,0.26916640996932983,1.8604007959365845
split_random,cell_context_mean,"NK cells, Desloratadine",0.14672801,0.64051026,0.3050292730331421,1.7557731866836548
split_random,cell_context_mean,"Myeloid cells, Dactolisib",0.5105347,2.0156581,0.6215635538101196,2.939267635345459
split_random,cell_context_mean,"T cells, Dactolisib",0.65471673,1.4070141,0.7907105684280396,2.464184284210205
split_random,cell_context_mean,"T cells, BMS-536924",0.70234627,0.9665904,0.870117723941803,2.017568826675415
split_random,cell_context_mean,"Myeloid cells, Isoniazid",0.3408023,0.567724,0.6203309893608093,1.500767469406128
split_random,cell_context_mean,"NK cells, Penfluridol",0.25368285,0.65587,0.4743623733520508,1.737722396850586
split_random,cell_context_mean,"T cells, Penfluridol",0.08932093,0.5644587,0.34601524472236633,1.6058673858642578
split_random,cell_context_mean,"Myeloid cells, Quizartinib",0.35967913,0.7317836,0.6321988701820374,1.9554253816604614
split_random,cell_context_mean,"NK cells, Quizartinib",0.14951687,0.63605887,0.2705627977848053,1.804612398147583
split_random,cell_context_mean,"T cells, Quizartinib",0.27467713,0.54663694,0.48028403520584106,1.7056922912597656
split_random,cell_context_mean,"NK cells, RN-486",0.06561802,0.68600947,0.18581035733222961,1.8567763566970825
split_random,cell_context_mean,"B cells, PD-0325901",0.5780161,0.70111936,0.8025873303413391,1.7439712285995483
split_random,cell_context_mean,"Myeloid cells, LDN 193189",0.11634533,0.79828835,0.316617488861084,1.935799241065979
split_random,cell_context_mean,"NK cells, Cabozantinib",0.21284029,0.645616,0.4105481207370758,1.7414501905441284
split_random,cell_context_mean,"B cells, CHIR-99021",-0.1521162,0.88250667,-0.31327804923057556,2.1749887466430664
split_random,cell_context_mean,"T cells, CHIR-99021",-0.050475102,1.4945862,-0.05886581912636757,2.787827968597412
split_random,cell_context_mean,"NK cells, Defactinib",0.24435307,0.6408554,0.526677131652832,1.760572910308838
split_random,cell_context_mean,"B cells, BI-D1870",0.24129894,0.6275006,0.438558429479599,1.67707359790802
split_random,cell_context_mean,"NK cells, CC-401",0.37862182,0.6530066,0.5930542349815369,1.734671711921692
split_random,cell_context_mean,"NK cells, Resminostat",0.21818762,1.3207887,0.3575650751590729,2.5071325302124023
split_random,cell_context_mean,"NK cells, Crizotinib",0.4013622,0.66469735,0.6239451766014099,1.6910260915756226
split_random,cell_context_mean,"B cells, TR-14035",0.4374575,0.596349,0.6547954678535461,1.6039241552352905
split_random,cell_context_mean,"NK cells, Saracatinib",0.31939033,0.7092062,0.5778481364250183,1.8229957818984985
split_random,cell_context_mean,"NK cells, RG7112",0.29335698,0.63385534,0.5076127052307129,1.8606040477752686
split_random,cell_context_mean,"NK cells, ABT737",0.21080694,0.7101095,0.3677607774734497,1.856439232826233
split_random,cell_context_mean,"Myeloid cells, PRT-062607",0.68661946,1.2935255,0.813709557056427,2.3156211376190186
split_random,cell_context_mean,"T cells, PRT-062607",0.70302886,0.8689753,0.8546985983848572,1.828060269355774
split_random,cell_context_mean,"T cells, CGM-097",0.04548225,1.3673278,0.06254542618989944,2.6465988159179688
split_random,cell_context_mean,"NK cells, STK219801",0.22599266,0.65269226,0.39368611574172974,1.8643333911895752
split_random,cell_context_mean,"NK cells, MGCD-265",0.18957797,0.6289404,0.41696441173553467,1.7471493482589722
split_random,cell_context_mean,"T cells, MGCD-265",0.4261614,0.46566758,0.6889853477478027,1.3453991413116455
split_random,cell_context_mean,"NK cells, Ricolinostat",0.07080869,0.76926535,0.12295588850975037,1.9288032054901123
split_random,cell_context_mean,"NK cells, YK 4-279",0.10514581,0.68228406,0.2237958163022995,1.7993957996368408
split_random,cell_context_mean,"Myeloid cells, Midostaurin",0.40892002,1.0734419,0.6092718243598938,2.205530881881714
split_random,cell_context_mean,"T cells, CEP-37440",0.44088078,0.61200553,0.7164774537086487,1.7113351821899414
split_random,cell_context_mean,"Myeloid cells, R428",0.35898173,1.9777215,0.4613778293132782,2.935370922088623
split_random,cell_context_mean,"NK cells, Oxybenzone",0.23389077,0.6105617,0.4174480438232422,1.7184419631958008
split_random,cell_context_mean,"NK cells, Vandetanib",0.28827846,0.6204461,0.6075004935264587,1.7326626777648926
split_random,cell_context_mean,"T cells, Imatinib",0.29682243,0.5076887,0.45246049761772156,1.4158836603164673
split_random,cell_context_mean,"B cells, Tivantinib",0.42989334,0.6584236,0.6413838863372803,1.6817667484283447
split_random,cell_context_mean,"Myeloid cells, Colchicine",0.30921018,2.406492,0.37888190150260925,3.19743275642395
split_random,cell_context_mean,"NK cells, Tipifarnib",0.33089587,0.6620847,0.5770003199577332,1.7818987369537354
split_random,cell_context_mean,"Myeloid cells, BX 912",0.5399308,0.72887343,0.7760325074195862,1.7240586280822754
split_random,cell_context_mean,"T cells, BX 912",0.657907,0.6793141,0.8513785600662231,1.6180591583251953
split_random,cell_context_mean,"T cells, Prednisolone",0.5379164,1.3058876,0.6743381023406982,2.455174207687378
split_random,cell_context_mean,"NK cells, Tacalcitol",0.30369473,0.65690297,0.5099337100982666,1.7592766284942627
split_random,cell_context_mean,"Myeloid cells, Selumetinib",0.5865789,0.92734456,0.800080418586731,1.9979909658432007
split_random,cell_context_mean,"T cells, Selumetinib",0.547273,0.58646315,0.8044068217277527,1.5527008771896362
split_random,cell_context_mean,"T cells, Clotrimazole",0.23944776,0.5467114,0.42242705821990967,1.6189745664596558
split_random,cell_context_mean,"NK cells, Vanoxerine",0.26031864,0.6357436,0.37522387504577637,1.7210795879364014
split_random,cell_context_mean,"NK cells, HYDROXYUREA",0.13538028,0.63901985,0.3276197612285614,1.7377041578292847
split_random,cell_context_mean,"T cells, HYDROXYUREA",0.059002466,0.5848325,-0.006097536068409681,1.7504926919937134
split_random,cell_context_mean,"B cells, TIE2 Kinase Inhibitor",0.17675251,0.58412427,0.2821255624294281,1.612465739250183
split_random,cell_context_mean,"B cells, Lapatinib",-0.05506225,0.7219046,-0.07734277099370956,1.9182862043380737
split_random,cell_context_mean,"B cells, Phenylbutazone",0.22238448,0.5663351,0.38958123326301575,1.5909838676452637
split_random,cell_context_mean,"Myeloid cells, Phenylbutazone",0.046611033,0.63422775,0.15177062153816223,1.7013617753982544
split_random,cell_context_mean,"B cells, Vorinostat",0.40934935,1.5466887,0.5442831516265869,2.5813212394714355
split_random,cell_context_mean,"Myeloid cells, AVL-292",0.49927926,0.8361971,0.7497283220291138,1.8841757774353027
split_random,cell_context_mean,"B cells, Vardenafil",0.30336934,0.57434344,0.5591503977775574,1.5372341871261597
split_random,cell_context_mean,"B cells, Dasatinib",0.669797,1.0495323,0.8326528072357178,2.1164638996124268
split_random,cell_context_mean,"B cells, Perhexiline",0.7003208,0.8917176,0.8532990217208862,1.8495057821273804
split_random,cell_context_mean,"Myeloid cells, Perhexiline",0.5063718,0.8491086,0.7205677032470703,1.9124062061309814
split_random,cell_context_mean,"B cells, Disulfiram",0.20275122,0.6051757,0.40429505705833435,1.6857552528381348
split_random,cell_context_mean,"Myeloid cells, IKK Inhibitor VII",0.6131494,1.3844836,0.7516025900840759,2.4851796627044678
split_random,cell_context_mean,"Myeloid cells, IMD-0354",0.48650047,1.472243,0.6266422271728516,2.5338292121887207
split_random,cell_context_mean,"B cells, Canertinib",0.29211602,0.71757996,0.5044782757759094,1.8389276266098022
split_random,cell_context_mean,"B cells, RN-486",0.037730165,0.6670268,0.13096101582050323,1.7758928537368774
split_random,cell_context_mean,"B cells, Decitabine",0.16223799,0.59688735,0.2609349489212036,1.7202180624008179
split_random,cell_context_mean,"Myeloid cells, AZD3514",0.38870248,0.7847295,0.643481969833374,1.8603558540344238
split_random,cell_context_mean,"B cells, HMN-214",-0.033338677,0.66934294,0.03285980224609375,1.79379403591156
split_random,cell_context_mean,"Myeloid cells, HMN-214",0.21703513,0.84332174,0.40012648701667786,1.9547616243362427
split_random,cell_context_mean,"Myeloid cells, CC-401",0.36967,0.89280164,0.6024631261825562,1.9765256643295288
split_random,cell_context_mean,"Myeloid cells, Resminostat",0.45718396,1.8640842,0.5728169083595276,2.777092695236206
split_random,cell_context_mean,"Myeloid cells, Nilotinib",0.4502159,1.1002657,0.663243293762207,2.212808132171631
split_random,cell_context_mean,"B cells, Lamivudine",0.36377594,0.5920899,0.6574550271034241,1.5529427528381348
split_random,cell_context_mean,"Myeloid cells, Lamivudine",0.24856673,0.6926049,0.4986136257648468,1.7271941900253296
split_random,cell_context_mean,"B cells, AZD-8330",0.63928086,0.6562038,0.8463853001594543,1.6151188611984253
split_random,cell_context_mean,"Myeloid cells, CGM-097",0.034340303,1.2663956,0.10116233676671982,2.4809985160827637
split_random,cell_context_mean,"Myeloid cells, MGCD-265",0.28142706,0.61420447,0.5372754335403442,1.5826857089996338
split_random,cell_context_mean,"Myeloid cells, Bosutinib",0.5090238,1.5777745,0.6600930094718933,2.6285312175750732
split_random,cell_context_mean,"B cells, GSK256066",0.40792856,0.81214917,0.671637237071991,1.977469563484192
split_random,cell_context_mean,"Myeloid cells, Vandetanib",0.24443181,0.77290404,0.445766419172287,1.8693747520446777
split_random,cell_context_mean,"B cells, Tosedostat",0.19976053,0.6715786,0.3661685585975647,1.7499727010726929
split_random,cell_context_mean,"B cells, Mometasone Furoate",0.6112876,1.1240864,0.7560037970542908,2.213686227798462
split_random,cell_context_mean,"Myeloid cells, Tipifarnib",0.42312482,0.7631126,0.7130417227745056,1.7783422470092773
split_random,cell_context_mean,"Myeloid cells, AZD4547",0.29521683,0.65484095,0.5494168996810913,1.7337300777435303
split_random,cell_context_mean,"B cells, Prednisolone",0.5781917,0.9775822,0.7538589835166931,2.0955119132995605
split_random,cell_context_mean,"Myeloid cells, Vanoxerine",0.41962096,0.5705824,0.7337887287139893,1.470197319984436
split_random,drug_mean,"T cells, TIE2 Kinase Inhibitor",0.22249018,0.6242448,0.5035212635993958,1.5086603164672852
split_random,drug_mean,"T cells, MK-5108",0.27133536,0.55855364,0.5494440793991089,1.481903076171875
split_random,drug_mean,"NK cells, Atorvastatin",0.11860726,0.7676127,0.24737641215324402,1.7346587181091309
split_random,drug_mean,"T cells, Atorvastatin",0.2725735,0.62905157,0.5691823363304138,1.435294508934021
split_random,drug_mean,"NK cells, Clomipramine",0.15024774,0.72091323,0.24180765450000763,1.7349399328231812
split_random,drug_mean,"T cells, Clomipramine",0.30216455,0.61445886,0.5841664671897888,1.4333676099777222
split_random,drug_mean,"B cells, Tivozanib",0.25927693,0.8309823,0.5039491057395935,1.912718653678894
split_random,drug_mean,"NK cells, Ixabepilone",0.12481861,0.6938468,0.2901086211204529,1.7929637432098389
split_random,drug_mean,"B cells, Linagliptin",0.049900245,0.70751196,0.04076923802495003,1.8074520826339722
split_random,drug_mean,"T cells, Linagliptin",0.11936077,0.62980455,0.3477366864681244,1.509864330291748
split_random,drug_mean,"Myeloid cells, 5-(9-Isopropyl-8-methyl-2-morpholino-9H-purin-6-yl)pyrimidin-2-amine",0.54048586,1.3834789,0.6876358389854431,2.136638879776001
split_random,drug_mean,"T cells, Protriptyline",0.16995956,0.5345723,0.4271106719970703,1.5668178796768188
split_random,drug_mean,"B cells, I-BET151",0.64524317,1.2823534,0.8239493370056152,1.4700242280960083
split_random,drug_mean,"NK cells, I-BET151",0.51786333,1.4125962,0.75807124376297,1.6269655227661133
split_random,drug_mean,"NK cells, BMS-387032",0.3487581,1.2771254,0.5937512516975403,1.7746987342834473
split_random,drug_mean,"T cells, IN1451",0.7687715,1.9407423,0.8148676156997681,2.2927980422973633
split_random,drug_mean,"T cells, BAY 87-2243",0.5378495,1.1169682,0.6891979575157166,1.895622730255127
split_random,drug_mean,"B cells, TL_HRAS26",0.13665037,0.684804,0.30009740591049194,1.7800296545028687
split_random,drug_mean,"B cells, Proscillaridin A;Proscillaridin-A",0.74273866,1.717325,0.8490632772445679,1.7023645639419556
split_random,drug_mean,"T cells, BMS-265246",0.6478413,1.0531509,0.8031020164489746,1.7060327529907227
split_random,drug_mean,"NK cells, Ruxolitinib",0.2618269,0.9927588,0.4785003662109375,1.7089214324951172
split_random,drug_mean,"T cells, Dovitinib",0.4222049,0.7550087,0.7007114291191101,1.6775811910629272
split_random,drug_mean,"T cells, AVL-292",0.4634752,0.78277785,0.7333477735519409,1.5071560144424438
split_random,drug_mean,"B cells, Navitoclax",0.27378887,0.8568194,0.5190091133117676,1.9051083326339722
split_random,drug_mean,"Myeloid cells, Methotrexate",0.16623358,0.93768513,0.27242806553840637,2.060201644897461
split_random,drug_mean,"T cells, Palbociclib",0.28743666,0.58291477,0.6070923209190369,1.5247398614883423
split_random,drug_mean,"T cells, Trametinib",0.3536532,0.78773445,0.6660809516906738,1.5753276348114014
split_random,drug_mean,"Myeloid cells, FK 866",0.39363733,1.1148071,0.5709113478660583,2.040442705154419
split_random,drug_mean,"NK cells, FK 866",0.25878322,0.8899168,0.45671477913856506,1.750832200050354
split_random,drug_mean,"NK cells, Chlorpheniramine",0.052129325,0.74778974,0.05357614532113075,1.9161522388458252
split_random,drug_mean,"T cells, Chlorpheniramine",0.18281862,0.648956,0.3964087963104248,1.6157314777374268
split_random,drug_mean,"T cells, BAY 61-3606",0.64807105,1.4438483,0.7564660310745239,2.080138683319092
split_random,drug_mean,"T cells, LY2090314",0.45019734,2.1783862,0.522240400314331,2.843292474746704
split_random,drug_mean,"T cells, Dasatinib",0.4665531,1.0966653,0.6839327216148376,1.7764067649841309
split_random,drug_mean,"NK cells, Perhexiline",0.32185555,1.0848894,0.5202465057373047,1.7435660362243652
split_random,drug_mean,"NK cells, RVX-208",0.29143807,0.79227614,0.48844674229621887,1.6187185049057007
split_random,drug_mean,"NK cells, Desloratadine",0.10976226,0.6995453,0.11624015122652054,1.805416464805603
split_random,drug_mean,"Myeloid cells, Dactolisib",0.54807603,1.814172,0.632842481136322,2.5253539085388184
split_random,drug_mean,"T cells, Dactolisib",0.7022267,1.1352496,0.8097187280654907,1.7441246509552002
split_random,drug_mean,"T cells, BMS-536924",0.49053782,1.0262094,0.7052915692329407,1.9374333620071411
split_random,drug_mean,"Myeloid cells, Isoniazid",0.11273267,0.64368033,0.17386667430400848,1.75322687625885
split_random,drug_mean,"NK cells, Penfluridol",0.12165011,0.77538943,0.25195735692977905,1.792325496673584
split_random,drug_mean,"T cells, Penfluridol",0.17751175,0.6158214,0.27197062969207764,1.6295121908187866
split_random,drug_mean,"Myeloid cells, Quizartinib",0.07340122,0.92586607,0.20794013142585754,2.2464263439178467
split_random,drug_mean,"NK cells, Quizartinib",0.06111273,0.81319183,0.19238200783729553,1.838737964630127
split_random,drug_mean,"T cells, Quizartinib",0.12229688,0.7210885,0.4165462553501129,1.6958671808242798
split_random,drug_mean,"NK cells, RN-486",0.028888298,0.7912541,0.1447683423757553,1.8793110847473145
split_random,drug_mean,"B cells, PD-0325901",0.34996003,0.88625395,0.6458854079246521,1.711015224456787
split_random,drug_mean,"Myeloid cells, LDN 193189",0.2170142,0.7763546,0.421755850315094,1.8805760145187378
split_random,drug_mean,"NK cells, Cabozantinib",0.15448482,0.7385227,0.32947930693626404,1.734636902809143
split_random,drug_mean,"B cells, CHIR-99021",0.34322742,0.87494564,0.6076560616493225,1.5973440408706665
split_random,drug_mean,"T cells, CHIR-99021",0.43827617,1.3026456,0.6410627365112305,2.2594261169433594
split_random,drug_mean,"NK cells, Defactinib",0.2043858,0.80995536,0.36549797654151917,1.7637081146240234
split_random,drug_mean,"B cells, BI-D1870",0.17727761,0.6997737,0.3261556029319763,1.7357898950576782
split_random,drug_mean,"NK cells, CC-401",0.27922186,0.8347897,0.43958792090415955,1.7192401885986328
split_random,drug_mean,"NK cells, Resminostat",0.6644928,1.3714421,0.8402310609817505,1.4473206996917725
split_random,drug_mean,"NK cells, Crizotinib",0.26863313,0.86197174,0.4608699083328247,1.68595552444458
split_random,drug_mean,"B cells, TR-14035",0.22781716,0.6881856,0.38845738768577576,1.7857121229171753
split_random,drug_mean,"NK cells, Saracatinib",0.29408535,1.012812,0.4660043716430664,1.7547343969345093
split_random,drug_mean,"NK cells, RG7112",0.30803207,0.6852421,0.5268231630325317,1.6362898349761963
split_random,drug_mean,"NK cells, ABT737",0.058292028,0.87964857,0.1616048365831375,1.9407564401626587
split_random,drug_mean,"Myeloid cells, PRT-062607",0.32408744,1.4548464,0.4669261574745178,2.4199888706207275
split_random,drug_mean,"T cells, PRT-062607",0.55604905,0.9101428,0.7717573642730713,1.5590922832489014
split_random,drug_mean,"T cells, CGM-097",0.59282696,1.0817538,0.7453141808509827,1.9263384342193604
split_random,drug_mean,"NK cells, STK219801",0.21687269,0.70642066,0.35622864961624146,1.7967698574066162
split_random,drug_mean,"NK cells, MGCD-265",0.020779949,0.9394614,0.014253414236009121,1.9445606470108032
split_random,drug_mean,"T cells, MGCD-265",0.20252003,0.78075224,0.39993229508399963,1.5523163080215454
split_random,drug_mean,"NK cells, Ricolinostat",0.3269941,0.85940355,0.5206757187843323,1.6228160858154297
split_random,drug_mean,"NK cells, YK 4-279",0.14757115,0.7235985,0.34408026933670044,1.7396125793457031
split_random,drug_mean,"Myeloid cells, Midostaurin",0.2537514,1.1766902,0.44506382942199707,2.236185312271118
split_random,drug_mean,"T cells, CEP-37440",0.3460321,0.6899225,0.6728843450546265,1.641252040863037
split_random,drug_mean,"Myeloid cells, R428",0.32814267,1.9678631,0.4178455173969269,2.822134256362915
split_random,drug_mean,"NK cells, Oxybenzone",0.08756109,0.67990834,0.06506627053022385,1.8378034830093384
split_random,drug_mean,"NK cells, Vandetanib",0.07414768,0.7709013,0.12165236473083496,1.8737462759017944
split_random,drug_mean,"T cells, Imatinib",0.107924975,0.5748878,0.19833911955356598,1.595005989074707
split_random,drug_mean,"B cells, Tivantinib",0.35064,0.72936547,0.5690551996231079,1.6377123594284058
split_random,drug_mean,"Myeloid cells, Colchicine",0.36707002,2.3285022,0.42868831753730774,3.0704305171966553
split_random,drug_mean,"NK cells, Tipifarnib",0.2146763,0.7881362,0.37447088956832886,1.7850629091262817
split_random,drug_mean,"Myeloid cells, BX 912",0.18328854,0.9402937,0.3711371421813965,1.9788107872009277
split_random,drug_mean,"T cells, BX 912",0.42158768,0.80071163,0.7095856070518494,1.6462033987045288
split_random,drug_mean,"T cells, Prednisolone",0.47563455,1.3207033,0.6472840905189514,2.1243960857391357
split_random,drug_mean,"NK cells, Tacalcitol",0.10451792,1.0778034,0.0923008993268013,1.9763284921646118
split_random,drug_mean,"Myeloid cells, Selumetinib",0.19830765,1.1278186,0.351654976606369,2.257513999938965
split_random,drug_mean,"T cells, Selumetinib",0.3701289,0.72705835,0.6790059804916382,1.5372461080551147
split_random,drug_mean,"T cells, Clotrimazole",0.22691151,0.5820529,0.5082421898841858,1.579633355140686
split_random,drug_mean,"NK cells, Vanoxerine",0.0892379,0.7572586,0.18600785732269287,1.7795614004135132
split_random,drug_mean,"NK cells, HYDROXYUREA",0.043876544,0.74857587,0.10420262813568115,1.8176788091659546
split_random,drug_mean,"T cells, HYDROXYUREA",0.1326498,0.6191033,0.2627227008342743,1.6541553735733032
split_random,drug_mean,"B cells, TIE2 Kinase Inhibitor",0.09961215,0.6653082,0.2888897657394409,1.6199363470077515
split_random,drug_mean,"B cells, Lapatinib",0.24518095,0.65654707,0.5350027680397034,1.6133813858032227
split_random,drug_mean,"B cells, Phenylbutazone",0.10127752,0.6538588,0.09427914768457413,1.7144068479537964
split_random,drug_mean,"Myeloid cells, Phenylbutazone",0.15756078,0.6435921,0.22323553264141083,1.6623936891555786
split_random,drug_mean,"B cells, Vorinostat",0.6959447,1.2244636,0.8244208097457886,1.6000508069992065
split_random,drug_mean,"Myeloid cells, AVL-292",0.17066704,1.0755227,0.3327806293964386,2.131345748901367
split_random,drug_mean,"B cells, Vardenafil",0.16711038,0.6418542,0.38838425278663635,1.6242111921310425
split_random,drug_mean,"B cells, Dasatinib",0.35753798,1.2682294,0.5673829913139343,2.1227962970733643
split_random,drug_mean,"B cells, Perhexiline",0.52599496,1.0367738,0.7082917094230652,1.6608867645263672
split_random,drug_mean,"Myeloid cells, Perhexiline",0.32169536,1.1655451,0.5436869859695435,1.9139082431793213
split_random,drug_mean,"B cells, Disulfiram",0.13807154,0.64568293,0.29783713817596436,1.7213246822357178
split_random,drug_mean,"Myeloid cells, IKK Inhibitor VII",0.2995521,1.5132942,0.4511403441429138,2.574225425720215
split_random,drug_mean,"Myeloid cells, IMD-0354",0.47473675,1.4487293,0.617265522480011,2.214914083480835
split_random,drug_mean,"B cells, Canertinib",0.34058186,0.7721687,0.5508915781974792,1.6645538806915283
split_random,drug_mean,"B cells, RN-486",0.028178418,0.7305567,-0.0628911703824997,1.8782978057861328
split_random,drug_mean,"B cells, Decitabine",0.10025583,0.61416787,0.17854298651218414,1.755240797996521
split_random,drug_mean,"Myeloid cells, AZD3514",0.3798759,0.81244576,0.6261283159255981,1.743562936782837
split_random,drug_mean,"B cells, HMN-214",0.28727123,0.66124785,0.5479889512062073,1.4873920679092407
split_random,drug_mean,"Myeloid cells, HMN-214",0.38556904,0.81162107,0.6309475898742676,1.668699026107788
split_random,drug_mean,"Myeloid cells, CC-401",0.45339733,0.89224714,0.6319315433502197,1.7422168254852295
split_random,drug_mean,"Myeloid cells, Resminostat",0.4721897,1.9671557,0.592742383480072,2.4277305603027344
split_random,drug_mean,"Myeloid cells, Nilotinib",0.3151627,1.1770054,0.4733905494213104,2.2303366661071777
split_random,drug_mean,"B cells, Lamivudine",0.10959725,0.71604,0.1605132669210434,1.8001513481140137
split_random,drug_mean,"Myeloid cells, Lamivudine",0.09303022,0.77892876,0.2112242579460144,1.8688957691192627
split_random,drug_mean,"B cells, AZD-8330",0.39053234,0.8093269,0.6618393659591675,1.6683307886123657
split_random,drug_mean,"Myeloid cells, CGM-097",0.44056368,1.1284438,0.5903884768486023,2.008274555206299
split_random,drug_mean,"Myeloid cells, MGCD-265",0.14625904,0.8693697,0.3168798089027405,1.7080044746398926
split_random,drug_mean,"Myeloid cells, Bosutinib",0.46464095,1.5263222,0.6003646850585938,2.4152417182922363
split_random,drug_mean,"B cells, GSK256066",0.29934913,0.92382985,0.48833203315734863,1.979454517364502
split_random,drug_mean,"Myeloid cells, Vandetanib",0.109670885,0.8667139,0.2509381175041199,1.9562387466430664
split_random,drug_mean,"B cells, Tosedostat",0.24704628,0.7838173,0.4950372278690338,1.5983723402023315
split_random,drug_mean,"B cells, Mometasone Furoate",0.5349188,1.189434,0.7346962690353394,1.7848379611968994
split_random,drug_mean,"Myeloid cells, Tipifarnib",0.3334383,0.8353852,0.5918158292770386,1.759953260421753
split_random,drug_mean,"Myeloid cells, AZD4547",0.15893158,0.7051963,0.42917099595069885,1.8158960342407227
split_random,drug_mean,"B cells, Prednisolone",0.32896757,1.2547804,0.5532237887382507,2.0568044185638428
split_random,drug_mean,"Myeloid cells, Vanoxerine",0.21474513,0.6814145,0.40970945358276367,1.6415188312530518
split_cell_heldout,global_train_mean,"NK cells, TIE2 Kinase Inhibitor",0.061186764,0.6426536,0.061438702046871185,1.7972984313964844
split_cell_heldout,global_train_mean,"NK cells, MK-5108",0.015189168,0.7082144,0.05955035611987114,1.8818506002426147
split_cell_heldout,global_train_mean,"NK cells, Lapatinib",-0.14703201,0.773828,-0.3178473711013794,1.9709662199020386
split_cell_heldout,global_train_mean,"NK cells, Atorvastatin",0.07647248,0.68121356,0.1009325385093689,1.7639394998550415
split_cell_heldout,global_train_mean,"NK cells, Ganetespib (STA-9090)",0.36369962,1.0744603,0.5633083581924438,2.238921880722046
split_cell_heldout,global_train_mean,"NK cells, Clomipramine",0.09601026,0.65153104,0.1760650873184204,1.7695375680923462
split_cell_heldout,global_train_mean,"NK cells, Sunitinib",0.12578842,0.6759228,0.18649831414222717,1.7670326232910156
split_cell_heldout,global_train_mean,"NK cells, Tivozanib",0.06593814,0.68754315,0.14193442463874817,1.820363163948059
split_cell_heldout,global_train_mean,"NK cells, Tamatinib",0.28870076,0.8292327,0.45734894275665283,1.8753669261932373
split_cell_heldout,global_train_mean,"NK cells, Ixabepilone",0.08478957,0.66889644,0.10989297926425934,1.8599393367767334
split_cell_heldout,global_train_mean,"NK cells, Linagliptin",0.07087968,0.66479623,0.08415580540895462,1.7841812372207642
split_cell_heldout,global_train_mean,"NK cells, 5-(9-Isopropyl-8-methyl-2-morpholino-9H-purin-6-yl)pyrimidin-2-amine",0.38251203,0.8410061,0.6160469651222229,1.9481146335601807
split_cell_heldout,global_train_mean,"NK cells, O-Demethylated Adapalene",0.03617214,0.68187726,-0.03267180174589157,1.841216802597046
split_cell_heldout,global_train_mean,"NK cells, Protriptyline",-0.010664707,0.6674401,0.01523473858833313,1.8036811351776123
split_cell_heldout,global_train_mean,"NK cells, I-BET151",0.18384689,1.0145347,0.30314695835113525,2.2588798999786377
split_cell_heldout,global_train_mean,"NK cells, Foretinib",0.28537202,0.74598014,0.490897536277771,1.8624444007873535
split_cell_heldout,global_train_mean,"NK cells, GW843682X",0.12012143,0.6656747,0.32345396280288696,1.8110904693603516
split_cell_heldout,global_train_mean,"NK cells, BMS-387032",0.18390642,0.8277728,0.37205758690834045,1.995897650718689
split_cell_heldout,global_train_mean,"NK cells, IN1451",0.24624452,1.2042323,0.37155845761299133,2.3454415798187256
split_cell_heldout,global_train_mean,"NK cells, Raloxifene",-0.0830306,0.8271823,-0.14817145466804504,2.0268049240112305
split_cell_heldout,global_train_mean,"NK cells, Topotecan",0.10352155,0.8137003,0.21198618412017822,2.0181543827056885
split_cell_heldout,global_train_mean,"NK cells, BAY 87-2243",0.34111413,0.8936323,0.5425374507904053,2.1127512454986572
split_cell_heldout,global_train_mean,"NK cells, Phenylbutazone",0.110276006,0.68537396,0.14710991084575653,1.8360874652862549
split_cell_heldout,global_train_mean,"NK cells, K-02288",0.038843114,0.6604374,0.047071389853954315,1.8203694820404053
split_cell_heldout,global_train_mean,"NK cells, BMS-777607",0.07879562,0.6759118,0.15485262870788574,1.7843432426452637
split_cell_heldout,global_train_mean,"NK cells, Porcn Inhibitor III",-0.11625739,0.8065086,-0.24681934714317322,2.0749576091766357
split_cell_heldout,global_train_mean,"NK cells, TL_HRAS26",0.03690824,0.65823084,0.00020845560356974602,1.8829293251037598
split_cell_heldout,global_train_mean,"NK cells, Proscillaridin A;Proscillaridin-A",-0.025194991,2.2831616,-0.028042716905474663,3.1982996463775635
split_cell_heldout,global_train_mean,"NK cells, Vorinostat",0.29632264,1.2035608,0.4812433421611786,2.380552291870117
split_cell_heldout,global_train_mean,"NK cells, BMS-265246",0.047100607,0.91045535,0.12275595963001251,2.1813483238220215
split_cell_heldout,global_train_mean,"NK cells, Ruxolitinib",0.24982761,0.73131675,0.437374085187912,1.8015879392623901
split_cell_heldout,global_train_mean,"NK cells, Pomalidomide",-0.10667159,0.9110673,-0.17468270659446716,2.250107526779175
split_cell_heldout,global_train_mean,"NK cells, Dovitinib",0.21895975,0.7334729,0.38725149631500244,1.8730202913284302
split_cell_heldout,global_train_mean,"NK cells, AVL-292",0.23668239,0.6793088,0.4153892695903778,1.8148021697998047
split_cell_heldout,global_train_mean,"NK cells, Navitoclax",-0.064338855,0.7634519,-0.09822283685207367,1.9874881505966187
split_cell_heldout,global_train_mean,"NK cells, Methotrexate",-0.18625513,0.73372316,-0.2867671251296997,1.987194538116455
split_cell_heldout,global_train_mean,"NK cells, Palbociclib",0.06376376,0.67561466,0.05136016011238098,1.807557463645935
split_cell_heldout,global_train_mean,"NK cells, Trametinib",0.17134282,0.71334124,0.3854061961174011,1.804442048072815
split_cell_heldout,global_train_mean,"NK cells, AMD-070 (hydrochloride)",-0.036404237,0.6800854,-0.07665696740150452,1.8615210056304932
split_cell_heldout,global_train_mean,"NK cells, Sgc-cbp30",0.2055833,0.68610114,0.38966575264930725,1.7782604694366455
split_cell_heldout,global_train_mean,"NK cells, FK 866",0.075932935,0.770414,0.23259779810905457,1.914591908454895
split_cell_heldout,global_train_mean,"NK cells, Chlorpheniramine",0.045302566,0.695164,0.10775226354598999,1.8838207721710205
split_cell_heldout,global_train_mean,"NK cells, Scriptaid",0.3160947,1.2917849,0.48033204674720764,2.4751648902893066
split_cell_heldout,global_train_mean,"NK cells, BAY 61-3606",0.27374223,1.012496,0.46735385060310364,2.1605308055877686
split_cell_heldout,global_train_mean,"NK cells, LY2090314",0.05691125,1.2427351,0.11117763817310333,2.558814764022827
split_cell_heldout,global_train_mean,"NK cells, Vardenafil",0.0981914,0.6774038,0.1804891973733902,1.8381035327911377
split_cell_heldout,global_train_mean,"NK cells, Dasatinib",0.20955525,0.76057786,0.3607957661151886,1.8625776767730713
split_cell_heldout,global_train_mean,"NK cells, AT13387",0.35638517,1.0485358,0.5325750708580017,2.214829206466675
split_cell_heldout,global_train_mean,"NK cells, PF-04691502",0.26251912,0.7651844,0.5301260948181152,1.8030121326446533
split_cell_heldout,global_train_mean,"NK cells, Perhexiline",0.3226903,0.7640072,0.5232082605361938,1.8056663274765015
split_cell_heldout,global_train_mean,"NK cells, RVX-208",0.091884054,0.7193009,0.06686905026435852,1.9090238809585571
split_cell_heldout,global_train_mean,"NK cells, Ketoconazole",-0.13688196,0.9677419,-0.28039222955703735,2.3092474937438965
split_cell_heldout,global_train_mean,"NK cells, Disulfiram",0.06457364,0.6648417,0.005564204882830381,1.867786169052124
split_cell_heldout,global_train_mean,"NK cells, Flutamide",0.0890371,0.70401496,0.2713143229484558,1.7894110679626465
split_cell_heldout,global_train_mean,"NK cells, Desloratadine",0.019091064,0.6874752,-0.06941744685173035,1.8462443351745605
split_cell_heldout,global_train_mean,"NK cells, Dactolisib",0.4354508,0.9644901,0.6505618095397949,2.1463849544525146
split_cell_heldout,global_train_mean,"NK cells, BMS-536924",0.26674202,0.7291572,0.4669375717639923,1.7968981266021729
split_cell_heldout,global_train_mean,"NK cells, IKK Inhibitor VII",0.2696281,0.73109746,0.45372751355171204,1.8367013931274414
split_cell_heldout,global_train_mean,"NK cells, Amiodarone",0.13405392,0.6735859,0.2143601030111313,1.802679419517517
split_cell_heldout,global_train_mean,"NK cells, Isoniazid",0.059129648,0.6747114,0.10734028369188309,1.836621642112732
split_cell_heldout,global_train_mean,"NK cells, IMD-0354",0.33244282,0.9015338,0.5773334503173828,2.0609853267669678
split_cell_heldout,global_train_mean,"NK cells, Canertinib",0.049805094,0.72502023,0.0866611897945404,1.964007019996643
split_cell_heldout,global_train_mean,"NK cells, Idelalisib",0.12912716,0.72225,0.2950643301010132,1.852514386177063
split_cell_heldout,global_train_mean,"NK cells, Alogliptin",-0.061334353,0.6823243,-0.20356997847557068,1.9069039821624756
split_cell_heldout,global_train_mean,"NK cells, Penfluridol",0.05423158,0.71684074,0.128518208861351,1.821790099143982
split_cell_heldout,global_train_mean,"NK cells, Quizartinib",0.009108683,0.686296,0.03252631053328514,1.866061806678772
split_cell_heldout,global_train_mean,"NK cells, RN-486",-0.08148339,0.74008334,-0.20140694081783295,1.950370192527771
split_cell_heldout,global_train_mean,"NK cells, PD-0325901",0.22713697,0.7733748,0.41334962844848633,1.9174638986587524
split_cell_heldout,global_train_mean,"NK cells, Decitabine",0.033133127,0.6675653,0.02883366495370865,1.7767244577407837
split_cell_heldout,global_train_mean,"NK cells, LDN 193189",-0.06210193,0.73126566,-0.23387590050697327,1.9349336624145508
split_cell_heldout,global_train_mean,"NK cells, Cabozantinib",0.002860075,0.71103334,0.06104038655757904,1.830500841140747
split_cell_heldout,global_train_mean,"NK cells, Riociguat",0.06753074,0.6890508,0.1621423214673996,1.834964632987976
split_cell_heldout,global_train_mean,"NK cells, CHIR-99021",-0.053698525,0.7865053,-0.13712984323501587,1.9971071481704712
split_cell_heldout,global_train_mean,"NK cells, Defactinib",0.09837328,0.6884737,0.2706940472126007,1.8385668992996216
split_cell_heldout,global_train_mean,"NK cells, BI-D1870",-0.0051166415,0.7529527,0.08308476209640503,1.8340896368026733
split_cell_heldout,global_train_mean,"NK cells, AZD3514",0.11244472,0.69274604,0.23179206252098083,1.817420482635498
split_cell_heldout,global_train_mean,"NK cells, HMN-214",-0.013137998,0.73715496,-0.01687915250658989,1.853747844696045
split_cell_heldout,global_train_mean,"NK cells, CC-401",0.21648124,0.6986501,0.3963223695755005,1.8073076009750366
split_cell_heldout,global_train_mean,"NK cells, Resminostat",0.28400618,1.3000737,0.43178072571754456,2.460207939147949
split_cell_heldout,global_train_mean,"NK cells, Crizotinib",0.2697734,0.7002376,0.4737232029438019,1.745237946510315
split_cell_heldout,global_train_mean,"NK cells, Azacitidine",0.11262549,0.6647627,0.1371423453092575,1.8314635753631592
split_cell_heldout,global_train_mean,"NK cells, TR-14035",0.18478152,0.62733394,0.28304311633110046,1.8250285387039185
split_cell_heldout,global_train_mean,"NK cells, Nilotinib",0.26368096,0.7196474,0.48850536346435547,1.7946311235427856
split_cell_heldout,global_train_mean,"NK cells, AT 7867",0.2661034,0.72222686,0.47811272740364075,1.8321104049682617
split_cell_heldout,global_train_mean,"NK cells, OSI-930",-0.12577458,0.74337107,-0.32351288199424744,1.9489541053771973
split_cell_heldout,global_train_mean,"NK cells, GO-6976",-0.09816896,0.8443178,-0.1741347461938858,2.016310691833496
split_cell_heldout,global_train_mean,"NK cells, Saracatinib",0.231634,0.73535705,0.3627866804599762,1.886586308479309
split_cell_heldout,global_train_mean,"NK cells, RG7112",0.19699876,0.66591316,0.3774630129337311,1.8924463987350464
split_cell_heldout,global_train_mean,"NK cells, Lamivudine",0.12568541,0.67907536,0.1776684820652008,1.8879016637802124
split_cell_heldout,global_train_mean,"NK cells, TGX 221",0.2786668,0.7175416,0.4364470839500427,1.8064464330673218
split_cell_heldout,global_train_mean,"NK cells, Pitavastatin Calcium",-0.16833138,1.4517673,-0.22560997307300568,2.7414450645446777
split_cell_heldout,global_train_mean,"NK cells, ABT737",0.06729649,0.7567728,0.15306244790554047,1.9097585678100586
split_cell_heldout,global_train_mean,"NK cells, PRT-062607",0.30342567,0.7289696,0.5368274450302124,1.785839557647705
split_cell_heldout,global_train_mean,"NK cells, AZ628",0.24048996,0.7089648,0.4547466039657593,1.7818682193756104
split_cell_heldout,global_train_mean,"NK cells, AZD-8330",0.31022146,0.7282709,0.5023800134658813,1.7896604537963867
split_cell_heldout,global_train_mean,"NK cells, Masitinib",0.18184206,0.6783135,0.24113953113555908,1.8245484828948975
split_cell_heldout,global_train_mean,"NK cells, Ceritinib",0.24740745,0.6868482,0.4199404716491699,1.7884441614151
split_cell_heldout,global_train_mean,"NK cells, CGM-097",-0.0047182804,0.8699211,0.05719330906867981,2.0956554412841797
split_cell_heldout,global_train_mean,"NK cells, SLx-2119",0.11234589,0.7272127,0.07850543409585953,1.9928382635116577
split_cell_heldout,global_train_mean,"NK cells, Nefazodone",0.119318314,0.678058,0.23687458038330078,1.8317662477493286
split_cell_heldout,global_train_mean,"NK cells, STK219801",0.08923186,0.69831324,0.1086244285106659,1.9388374090194702
split_cell_heldout,global_train_mean,"NK cells, TPCA-1",0.37118876,0.83987564,0.5973820686340332,1.8871233463287354
split_cell_heldout,global_train_mean,"NK cells, MGCD-265",0.042779196,0.6793725,-0.015608702786266804,1.8441553115844727
split_cell_heldout,global_train_mean,"NK cells, GSK-1070916",0.09960926,0.6707678,0.20695574581623077,1.7908178567886353
split_cell_heldout,global_train_mean,"NK cells, Ricolinostat",0.068659514,0.78384864,0.09512022137641907,1.927676796913147
split_cell_heldout,global_train_mean,"NK cells, Bosutinib",0.2838957,0.7608841,0.47030073404312134,1.886974573135376
split_cell_heldout,global_train_mean,"NK cells, Clemastine",0.14736567,0.66909814,0.17125242948532104,1.7845841646194458
split_cell_heldout,global_train_mean,"NK cells, YK 4-279",-0.09474463,0.74814403,-0.16431351006031036,1.8955528736114502
split_cell_heldout,global_train_mean,"NK cells, Buspirone",0.024359575,0.6426435,-0.06953447312116623,1.8152910470962524
split_cell_heldout,global_train_mean,"NK cells, Midostaurin",0.27014774,0.72435695,0.45219534635543823,1.7728873491287231
split_cell_heldout,global_train_mean,"NK cells, CEP-37440",0.21504723,0.6834904,0.36129504442214966,1.8192192316055298
split_cell_heldout,global_train_mean,"NK cells, GSK256066",0.24884853,0.87227464,0.43399229645729065,2.0396032333374023
split_cell_heldout,global_train_mean,"NK cells, Oxybenzone",0.10315377,0.65541875,0.1301753968000412,1.7977114915847778
split_cell_heldout,global_train_mean,"NK cells, Vandetanib",0.10861244,0.67575943,0.239522784948349,1.8342235088348389
split_cell_heldout,global_train_mean,"NK cells, Imatinib",0.12092774,0.6876425,0.2634927034378052,1.8229331970214844
split_cell_heldout,global_train_mean,"NK cells, SCH-58261",-0.03788408,0.7121413,-0.05208316817879677,1.8849797248840332
split_cell_heldout,global_train_mean,"NK cells, Colforsin",0.058387298,0.68192166,-0.004884935915470123,1.8481032848358154
split_cell_heldout,global_train_mean,"NK cells, Tivantinib",0.1712186,0.69050276,0.3383852541446686,1.8332809209823608
split_cell_heldout,global_train_mean,"NK cells, Tosedostat",0.26484972,0.74514556,0.49252957105636597,1.8621325492858887
split_cell_heldout,global_train_mean,"NK cells, Colchicine",0.19894823,0.72834325,0.35980692505836487,1.821700930595398
split_cell_heldout,global_train_mean,"NK cells, ABT-199 (GDC-0199)",0.03424111,0.6829457,0.08737139403820038,1.8640748262405396
split_cell_heldout,global_train_mean,"NK cells, Mometasone Furoate",0.320429,0.9238254,0.5074062347412109,2.1275315284729004
split_cell_heldout,global_train_mean,"NK cells, Tipifarnib",0.22354656,0.6944301,0.41459640860557556,1.82277250289917
split_cell_heldout,global_train_mean,"NK cells, BX 912",0.25749183,0.71744305,0.43372857570648193,1.7780147790908813
split_cell_heldout,global_train_mean,"NK cells, Doxorubicin",0.23609434,0.84224266,0.43891528248786926,2.052116632461548
split_cell_heldout,global_train_mean,"NK cells, PF-03814735",0.2821287,0.83139664,0.47073376178741455,1.9240524768829346
split_cell_heldout,global_train_mean,"NK cells, AZD4547",0.092711784,0.68030995,0.2444019317626953,1.8077125549316406
split_cell_heldout,global_train_mean,"NK cells, Prednisolone",0.28483918,0.9109838,0.4548083543777466,2.145504951477051
split_cell_heldout,global_train_mean,"NK cells, Tacalcitol",0.17886436,0.6956396,0.3070329427719116,1.8145127296447754
split_cell_heldout,global_train_mean,"NK cells, Selumetinib",0.14655754,0.7185816,0.273297518491745,1.847434639930725
split_cell_heldout,global_train_mean,"NK cells, Clotrimazole",0.09094603,0.663328,0.1796366423368454,1.822244644165039
split_cell_heldout,global_train_mean,"NK cells, RG7090",0.007552634,0.7180264,0.0487557128071785,1.8785158395767212
split_cell_heldout,global_train_mean,"NK cells, GLPG0634",0.25861198,0.72645557,0.44510552287101746,1.8201606273651123
split_cell_heldout,global_train_mean,"NK cells, Mubritinib (TAK 165)",0.26268724,0.82307446,0.4886910021305084,1.9906706809997559
split_cell_heldout,global_train_mean,"NK cells, Vanoxerine",0.11548536,0.68250257,0.14556099474430084,1.7866594791412354
split_cell_heldout,global_train_mean,"NK cells, SB525334",-0.1788386,0.83505017,-0.3388613164424896,2.061558485031128
split_cell_heldout,global_train_mean,"NK cells, HYDROXYUREA",0.0011691981,0.68817306,-0.05854355916380882,1.8276160955429077
split_cell_heldout,cell_context_mean,"NK cells, TIE2 Kinase Inhibitor",0.061186764,0.6426536,0.061438702046871185,1.7972984313964844
split_cell_heldout,cell_context_mean,"NK cells, MK-5108",0.015189168,0.7082144,0.05955035611987114,1.8818506002426147
split_cell_heldout,cell_context_mean,"NK cells, Lapatinib",-0.14703201,0.773828,-0.3178473711013794,1.9709662199020386
split_cell_heldout,cell_context_mean,"NK cells, Atorvastatin",0.07647248,0.68121356,0.1009325385093689,1.7639394998550415
split_cell_heldout,cell_context_mean,"NK cells, Ganetespib (STA-9090)",0.36369962,1.0744603,0.5633083581924438,2.238921880722046
split_cell_heldout,cell_context_mean,"NK cells, Clomipramine",0.09601026,0.65153104,0.1760650873184204,1.7695375680923462
split_cell_heldout,cell_context_mean,"NK cells, Sunitinib",0.12578842,0.6759228,0.18649831414222717,1.7670326232910156
split_cell_heldout,cell_context_mean,"NK cells, Tivozanib",0.06593814,0.68754315,0.14193442463874817,1.820363163948059
split_cell_heldout,cell_context_mean,"NK cells, Tamatinib",0.28870076,0.8292327,0.45734894275665283,1.8753669261932373
split_cell_heldout,cell_context_mean,"NK cells, Ixabepilone",0.08478957,0.66889644,0.10989297926425934,1.8599393367767334
split_cell_heldout,cell_context_mean,"NK cells, Linagliptin",0.07087968,0.66479623,0.08415580540895462,1.7841812372207642
split_cell_heldout,cell_context_mean,"NK cells, 5-(9-Isopropyl-8-methyl-2-morpholino-9H-purin-6-yl)pyrimidin-2-amine",0.38251203,0.8410061,0.6160469651222229,1.9481146335601807
split_cell_heldout,cell_context_mean,"NK cells, O-Demethylated Adapalene",0.03617214,0.68187726,-0.03267180174589157,1.841216802597046
split_cell_heldout,cell_context_mean,"NK cells, Protriptyline",-0.010664707,0.6674401,0.01523473858833313,1.8036811351776123
split_cell_heldout,cell_context_mean,"NK cells, I-BET151",0.18384689,1.0145347,0.30314695835113525,2.2588798999786377
split_cell_heldout,cell_context_mean,"NK cells, Foretinib",0.28537202,0.74598014,0.490897536277771,1.8624444007873535
split_cell_heldout,cell_context_mean,"NK cells, GW843682X",0.12012143,0.6656747,0.32345396280288696,1.8110904693603516
split_cell_heldout,cell_context_mean,"NK cells, BMS-387032",0.18390642,0.8277728,0.37205758690834045,1.995897650718689
split_cell_heldout,cell_context_mean,"NK cells, IN1451",0.24624452,1.2042323,0.37155845761299133,2.3454415798187256
split_cell_heldout,cell_context_mean,"NK cells, Raloxifene",-0.0830306,0.8271823,-0.14817145466804504,2.0268049240112305
split_cell_heldout,cell_context_mean,"NK cells, Topotecan",0.10352155,0.8137003,0.21198618412017822,2.0181543827056885
split_cell_heldout,cell_context_mean,"NK cells, BAY 87-2243",0.34111413,0.8936323,0.5425374507904053,2.1127512454986572
split_cell_heldout,cell_context_mean,"NK cells, Phenylbutazone",0.110276006,0.68537396,0.14710991084575653,1.8360874652862549
split_cell_heldout,cell_context_mean,"NK cells, K-02288",0.038843114,0.6604374,0.047071389853954315,1.8203694820404053
split_cell_heldout,cell_context_mean,"NK cells, BMS-777607",0.07879562,0.6759118,0.15485262870788574,1.7843432426452637
split_cell_heldout,cell_context_mean,"NK cells, Porcn Inhibitor III",-0.11625739,0.8065086,-0.24681934714317322,2.0749576091766357
split_cell_heldout,cell_context_mean,"NK cells, TL_HRAS26",0.03690824,0.65823084,0.00020845560356974602,1.8829293251037598
split_cell_heldout,cell_context_mean,"NK cells, Proscillaridin A;Proscillaridin-A",-0.025194991,2.2831616,-0.028042716905474663,3.1982996463775635
split_cell_heldout,cell_context_mean,"NK cells, Vorinostat",0.29632264,1.2035608,0.4812433421611786,2.380552291870117
split_cell_heldout,cell_context_mean,"NK cells, BMS-265246",0.047100607,0.91045535,0.12275595963001251,2.1813483238220215
split_cell_heldout,cell_context_mean,"NK cells, Ruxolitinib",0.24982761,0.73131675,0.437374085187912,1.8015879392623901
split_cell_heldout,cell_context_mean,"NK cells, Pomalidomide",-0.10667159,0.9110673,-0.17468270659446716,2.250107526779175
split_cell_heldout,cell_context_mean,"NK cells, Dovitinib",0.21895975,0.7334729,0.38725149631500244,1.8730202913284302
split_cell_heldout,cell_context_mean,"NK cells, AVL-292",0.23668239,0.6793088,0.4153892695903778,1.8148021697998047
split_cell_heldout,cell_context_mean,"NK cells, Navitoclax",-0.064338855,0.7634519,-0.09822283685207367,1.9874881505966187
split_cell_heldout,cell_context_mean,"NK cells, Methotrexate",-0.18625513,0.73372316,-0.2867671251296997,1.987194538116455
split_cell_heldout,cell_context_mean,"NK cells, Palbociclib",0.06376376,0.67561466,0.05136016011238098,1.807557463645935
split_cell_heldout,cell_context_mean,"NK cells, Trametinib",0.17134282,0.71334124,0.3854061961174011,1.804442048072815
split_cell_heldout,cell_context_mean,"NK cells, AMD-070 (hydrochloride)",-0.036404237,0.6800854,-0.07665696740150452,1.8615210056304932
split_cell_heldout,cell_context_mean,"NK cells, Sgc-cbp30",0.2055833,0.68610114,0.38966575264930725,1.7782604694366455
split_cell_heldout,cell_context_mean,"NK cells, FK 866",0.075932935,0.770414,0.23259779810905457,1.914591908454895
split_cell_heldout,cell_context_mean,"NK cells, Chlorpheniramine",0.045302566,0.695164,0.10775226354598999,1.8838207721710205
split_cell_heldout,cell_context_mean,"NK cells, Scriptaid",0.3160947,1.2917849,0.48033204674720764,2.4751648902893066
split_cell_heldout,cell_context_mean,"NK cells, BAY 61-3606",0.27374223,1.012496,0.46735385060310364,2.1605308055877686
split_cell_heldout,cell_context_mean,"NK cells, LY2090314",0.05691125,1.2427351,0.11117763817310333,2.558814764022827
split_cell_heldout,cell_context_mean,"NK cells, Vardenafil",0.0981914,0.6774038,0.1804891973733902,1.8381035327911377
split_cell_heldout,cell_context_mean,"NK cells, Dasatinib",0.20955525,0.76057786,0.3607957661151886,1.8625776767730713
split_cell_heldout,cell_context_mean,"NK cells, AT13387",0.35638517,1.0485358,0.5325750708580017,2.214829206466675
split_cell_heldout,cell_context_mean,"NK cells, PF-04691502",0.26251912,0.7651844,0.5301260948181152,1.8030121326446533
split_cell_heldout,cell_context_mean,"NK cells, Perhexiline",0.3226903,0.7640072,0.5232082605361938,1.8056663274765015
split_cell_heldout,cell_context_mean,"NK cells, RVX-208",0.091884054,0.7193009,0.06686905026435852,1.9090238809585571
split_cell_heldout,cell_context_mean,"NK cells, Ketoconazole",-0.13688196,0.9677419,-0.28039222955703735,2.3092474937438965
split_cell_heldout,cell_context_mean,"NK cells, Disulfiram",0.06457364,0.6648417,0.005564204882830381,1.867786169052124
split_cell_heldout,cell_context_mean,"NK cells, Flutamide",0.0890371,0.70401496,0.2713143229484558,1.7894110679626465
split_cell_heldout,cell_context_mean,"NK cells, Desloratadine",0.019091064,0.6874752,-0.06941744685173035,1.8462443351745605
split_cell_heldout,cell_context_mean,"NK cells, Dactolisib",0.4354508,0.9644901,0.6505618095397949,2.1463849544525146
split_cell_heldout,cell_context_mean,"NK cells, BMS-536924",0.26674202,0.7291572,0.4669375717639923,1.7968981266021729
split_cell_heldout,cell_context_mean,"NK cells, IKK Inhibitor VII",0.2696281,0.73109746,0.45372751355171204,1.8367013931274414
split_cell_heldout,cell_context_mean,"NK cells, Amiodarone",0.13405392,0.6735859,0.2143601030111313,1.802679419517517
split_cell_heldout,cell_context_mean,"NK cells, Isoniazid",0.059129648,0.6747114,0.10734028369188309,1.836621642112732
split_cell_heldout,cell_context_mean,"NK cells, IMD-0354",0.33244282,0.9015338,0.5773334503173828,2.0609853267669678
split_cell_heldout,cell_context_mean,"NK cells, Canertinib",0.049805094,0.72502023,0.0866611897945404,1.964007019996643
split_cell_heldout,cell_context_mean,"NK cells, Idelalisib",0.12912716,0.72225,0.2950643301010132,1.852514386177063
split_cell_heldout,cell_context_mean,"NK cells, Alogliptin",-0.061334353,0.6823243,-0.20356997847557068,1.9069039821624756
split_cell_heldout,cell_context_mean,"NK cells, Penfluridol",0.05423158,0.71684074,0.128518208861351,1.821790099143982
split_cell_heldout,cell_context_mean,"NK cells, Quizartinib",0.009108683,0.686296,0.03252631053328514,1.866061806678772
split_cell_heldout,cell_context_mean,"NK cells, RN-486",-0.08148339,0.74008334,-0.20140694081783295,1.950370192527771
split_cell_heldout,cell_context_mean,"NK cells, PD-0325901",0.22713697,0.7733748,0.41334962844848633,1.9174638986587524
split_cell_heldout,cell_context_mean,"NK cells, Decitabine",0.033133127,0.6675653,0.02883366495370865,1.7767244577407837
split_cell_heldout,cell_context_mean,"NK cells, LDN 193189",-0.06210193,0.73126566,-0.23387590050697327,1.9349336624145508
split_cell_heldout,cell_context_mean,"NK cells, Cabozantinib",0.002860075,0.71103334,0.06104038655757904,1.830500841140747
split_cell_heldout,cell_context_mean,"NK cells, Riociguat",0.06753074,0.6890508,0.1621423214673996,1.834964632987976
split_cell_heldout,cell_context_mean,"NK cells, CHIR-99021",-0.053698525,0.7865053,-0.13712984323501587,1.9971071481704712
split_cell_heldout,cell_context_mean,"NK cells, Defactinib",0.09837328,0.6884737,0.2706940472126007,1.8385668992996216
split_cell_heldout,cell_context_mean,"NK cells, BI-D1870",-0.0051166415,0.7529527,0.08308476209640503,1.8340896368026733
split_cell_heldout,cell_context_mean,"NK cells, AZD3514",0.11244472,0.69274604,0.23179206252098083,1.817420482635498
split_cell_heldout,cell_context_mean,"NK cells, HMN-214",-0.013137998,0.73715496,-0.01687915250658989,1.853747844696045
split_cell_heldout,cell_context_mean,"NK cells, CC-401",0.21648124,0.6986501,0.3963223695755005,1.8073076009750366
split_cell_heldout,cell_context_mean,"NK cells, Resminostat",0.28400618,1.3000737,0.43178072571754456,2.460207939147949
split_cell_heldout,cell_context_mean,"NK cells, Crizotinib",0.2697734,0.7002376,0.4737232029438019,1.745237946510315
split_cell_heldout,cell_context_mean,"NK cells, Azacitidine",0.11262549,0.6647627,0.1371423453092575,1.8314635753631592
split_cell_heldout,cell_context_mean,"NK cells, TR-14035",0.18478152,0.62733394,0.28304311633110046,1.8250285387039185
split_cell_heldout,cell_context_mean,"NK cells, Nilotinib",0.26368096,0.7196474,0.48850536346435547,1.7946311235427856
split_cell_heldout,cell_context_mean,"NK cells, AT 7867",0.2661034,0.72222686,0.47811272740364075,1.8321104049682617
split_cell_heldout,cell_context_mean,"NK cells, OSI-930",-0.12577458,0.74337107,-0.32351288199424744,1.9489541053771973
split_cell_heldout,cell_context_mean,"NK cells, GO-6976",-0.09816896,0.8443178,-0.1741347461938858,2.016310691833496
split_cell_heldout,cell_context_mean,"NK cells, Saracatinib",0.231634,0.73535705,0.3627866804599762,1.886586308479309
split_cell_heldout,cell_context_mean,"NK cells, RG7112",0.19699876,0.66591316,0.3774630129337311,1.8924463987350464
split_cell_heldout,cell_context_mean,"NK cells, Lamivudine",0.12568541,0.67907536,0.1776684820652008,1.8879016637802124
split_cell_heldout,cell_context_mean,"NK cells, TGX 221",0.2786668,0.7175416,0.4364470839500427,1.8064464330673218
split_cell_heldout,cell_context_mean,"NK cells, Pitavastatin Calcium",-0.16833138,1.4517673,-0.22560997307300568,2.7414450645446777
split_cell_heldout,cell_context_mean,"NK cells, ABT737",0.06729649,0.7567728,0.15306244790554047,1.9097585678100586
split_cell_heldout,cell_context_mean,"NK cells, PRT-062607",0.30342567,0.7289696,0.5368274450302124,1.785839557647705
split_cell_heldout,cell_context_mean,"NK cells, AZ628",0.24048996,0.7089648,0.4547466039657593,1.7818682193756104
split_cell_heldout,cell_context_mean,"NK cells, AZD-8330",0.31022146,0.7282709,0.5023800134658813,1.7896604537963867
split_cell_heldout,cell_context_mean,"NK cells, Masitinib",0.18184206,0.6783135,0.24113953113555908,1.8245484828948975
split_cell_heldout,cell_context_mean,"NK cells, Ceritinib",0.24740745,0.6868482,0.4199404716491699,1.7884441614151
split_cell_heldout,cell_context_mean,"NK cells, CGM-097",-0.0047182804,0.8699211,0.05719330906867981,2.0956554412841797
split_cell_heldout,cell_context_mean,"NK cells, SLx-2119",0.11234589,0.7272127,0.07850543409585953,1.9928382635116577
split_cell_heldout,cell_context_mean,"NK cells, Nefazodone",0.119318314,0.678058,0.23687458038330078,1.8317662477493286
split_cell_heldout,cell_context_mean,"NK cells, STK219801",0.08923186,0.69831324,0.1086244285106659,1.9388374090194702
split_cell_heldout,cell_context_mean,"NK cells, TPCA-1",0.37118876,0.83987564,0.5973820686340332,1.8871233463287354
split_cell_heldout,cell_context_mean,"NK cells, MGCD-265",0.042779196,0.6793725,-0.015608702786266804,1.8441553115844727
split_cell_heldout,cell_context_mean,"NK cells, GSK-1070916",0.09960926,0.6707678,0.20695574581623077,1.7908178567886353
split_cell_heldout,cell_context_mean,"NK cells, Ricolinostat",0.068659514,0.78384864,0.09512022137641907,1.927676796913147
split_cell_heldout,cell_context_mean,"NK cells, Bosutinib",0.2838957,0.7608841,0.47030073404312134,1.886974573135376
split_cell_heldout,cell_context_mean,"NK cells, Clemastine",0.14736567,0.66909814,0.17125242948532104,1.7845841646194458
split_cell_heldout,cell_context_mean,"NK cells, YK 4-279",-0.09474463,0.74814403,-0.16431351006031036,1.8955528736114502
split_cell_heldout,cell_context_mean,"NK cells, Buspirone",0.024359575,0.6426435,-0.06953447312116623,1.8152910470962524
split_cell_heldout,cell_context_mean,"NK cells, Midostaurin",0.27014774,0.72435695,0.45219534635543823,1.7728873491287231
split_cell_heldout,cell_context_mean,"NK cells, CEP-37440",0.21504723,0.6834904,0.36129504442214966,1.8192192316055298
split_cell_heldout,cell_context_mean,"NK cells, GSK256066",0.24884853,0.87227464,0.43399229645729065,2.0396032333374023
split_cell_heldout,cell_context_mean,"NK cells, Oxybenzone",0.10315377,0.65541875,0.1301753968000412,1.7977114915847778
split_cell_heldout,cell_context_mean,"NK cells, Vandetanib",0.10861244,0.67575943,0.239522784948349,1.8342235088348389
split_cell_heldout,cell_context_mean,"NK cells, Imatinib",0.12092774,0.6876425,0.2634927034378052,1.8229331970214844
split_cell_heldout,cell_context_mean,"NK cells, SCH-58261",-0.03788408,0.7121413,-0.05208316817879677,1.8849797248840332
split_cell_heldout,cell_context_mean,"NK cells, Colforsin",0.058387298,0.68192166,-0.004884935915470123,1.8481032848358154
split_cell_heldout,cell_context_mean,"NK cells, Tivantinib",0.1712186,0.69050276,0.3383852541446686,1.8332809209823608
split_cell_heldout,cell_context_mean,"NK cells, Tosedostat",0.26484972,0.74514556,0.49252957105636597,1.8621325492858887
split_cell_heldout,cell_context_mean,"NK cells, Colchicine",0.19894823,0.72834325,0.35980692505836487,1.821700930595398
split_cell_heldout,cell_context_mean,"NK cells, ABT-199 (GDC-0199)",0.03424111,0.6829457,0.08737139403820038,1.8640748262405396
split_cell_heldout,cell_context_mean,"NK cells, Mometasone Furoate",0.320429,0.9238254,0.5074062347412109,2.1275315284729004
split_cell_heldout,cell_context_mean,"NK cells, Tipifarnib",0.22354656,0.6944301,0.41459640860557556,1.82277250289917
split_cell_heldout,cell_context_mean,"NK cells, BX 912",0.25749183,0.71744305,0.43372857570648193,1.7780147790908813
split_cell_heldout,cell_context_mean,"NK cells, Doxorubicin",0.23609434,0.84224266,0.43891528248786926,2.052116632461548
split_cell_heldout,cell_context_mean,"NK cells, PF-03814735",0.2821287,0.83139664,0.47073376178741455,1.9240524768829346
split_cell_heldout,cell_context_mean,"NK cells, AZD4547",0.092711784,0.68030995,0.2444019317626953,1.8077125549316406
split_cell_heldout,cell_context_mean,"NK cells, Prednisolone",0.28483918,0.9109838,0.4548083543777466,2.145504951477051
split_cell_heldout,cell_context_mean,"NK cells, Tacalcitol",0.17886436,0.6956396,0.3070329427719116,1.8145127296447754
split_cell_heldout,cell_context_mean,"NK cells, Selumetinib",0.14655754,0.7185816,0.273297518491745,1.847434639930725
split_cell_heldout,cell_context_mean,"NK cells, Clotrimazole",0.09094603,0.663328,0.1796366423368454,1.822244644165039
split_cell_heldout,cell_context_mean,"NK cells, RG7090",0.007552634,0.7180264,0.0487557128071785,1.8785158395767212
split_cell_heldout,cell_context_mean,"NK cells, GLPG0634",0.25861198,0.72645557,0.44510552287101746,1.8201606273651123
split_cell_heldout,cell_context_mean,"NK cells, Mubritinib (TAK 165)",0.26268724,0.82307446,0.4886910021305084,1.9906706809997559
split_cell_heldout,cell_context_mean,"NK cells, Vanoxerine",0.11548536,0.68250257,0.14556099474430084,1.7866594791412354
split_cell_heldout,cell_context_mean,"NK cells, SB525334",-0.1788386,0.83505017,-0.3388613164424896,2.061558485031128
split_cell_heldout,cell_context_mean,"NK cells, HYDROXYUREA",0.0011691981,0.68817306,-0.05854355916380882,1.8276160955429077
split_cell_heldout,drug_mean,"NK cells, TIE2 Kinase Inhibitor",0.11161667,0.67181885,0.12468786537647247,1.7960577011108398
split_cell_heldout,drug_mean,"NK cells, MK-5108",0.16313528,0.7017395,0.2827816903591156,1.8115673065185547
split_cell_heldout,drug_mean,"NK cells, Lapatinib",0.17307582,0.7359992,0.38234663009643555,1.7272979021072388
split_cell_heldout,drug_mean,"NK cells, Atorvastatin",0.1538468,0.7127811,0.2858460247516632,1.7137866020202637
split_cell_heldout,drug_mean,"NK cells, Ganetespib (STA-9090)",0.5621755,1.2506677,0.7898524403572083,1.4860559701919556
split_cell_heldout,drug_mean,"NK cells, Clomipramine",0.19019516,0.6738205,0.3200608491897583,1.7046557664871216
split_cell_heldout,drug_mean,"NK cells, Sunitinib",0.2063105,0.7429112,0.3754885196685791,1.6701706647872925
split_cell_heldout,drug_mean,"NK cells, Tivozanib",0.15387714,0.7601667,0.2547030448913574,1.7872925996780396
split_cell_heldout,drug_mean,"NK cells, Tamatinib",0.4049985,1.0143595,0.6128730773925781,1.6009553670883179
split_cell_heldout,drug_mean,"NK cells, Ixabepilone",0.12481861,0.6938468,0.2901086211204529,1.7929637432098389
split_cell_heldout,drug_mean,"NK cells, Linagliptin",0.07046094,0.6955858,0.17554360628128052,1.7695589065551758
split_cell_heldout,drug_mean,"NK cells, 5-(9-Isopropyl-8-methyl-2-morpholino-9H-purin-6-yl)pyrimidin-2-amine",0.4799846,1.1301831,0.6987916231155396,1.5847779512405396
split_cell_heldout,drug_mean,"NK cells, O-Demethylated Adapalene",0.11034028,0.7489381,0.15066036581993103,1.7894941568374634
split_cell_heldout,drug_mean,"NK cells, Protriptyline",0.0781676,0.66411495,0.1486644744873047,1.7813905477523804
split_cell_heldout,drug_mean,"NK cells, I-BET151",0.54086816,1.2231826,0.7642133831977844,1.5402618646621704
split_cell_heldout,drug_mean,"NK cells, Foretinib",0.34194252,0.9573988,0.5416256189346313,1.7111939191818237
split_cell_heldout,drug_mean,"NK cells, GW843682X",0.1529715,0.7209193,0.290841281414032,1.7955665588378906
split_cell_heldout,drug_mean,"NK cells, BMS-387032",0.3487581,1.2771254,0.5937512516975403,1.7746987342834473
split_cell_heldout,drug_mean,"NK cells, IN1451",0.6334805,1.574507,0.856529176235199,1.385409951210022
split_cell_heldout,drug_mean,"NK cells, Raloxifene",0.22566356,0.8178463,0.45734721422195435,1.7721717357635498
split_cell_heldout,drug_mean,"NK cells, Topotecan",0.4036741,0.91178465,0.656148374080658,1.5674028396606445
split_cell_heldout,drug_mean,"NK cells, BAY 87-2243",0.5089842,0.928767,0.7291316986083984,1.5232957601547241
split_cell_heldout,drug_mean,"NK cells, Phenylbutazone",0.13350362,0.69717956,0.19861909747123718,1.8202773332595825
split_cell_heldout,drug_mean,"NK cells, K-02288",0.047912464,0.742847,0.05638039857149124,1.8410238027572632
split_cell_heldout,drug_mean,"NK cells, BMS-777607",0.08097672,0.74859923,0.16953860223293304,1.7819139957427979
split_cell_heldout,drug_mean,"NK cells, Porcn Inhibitor III",0.1844637,0.8262939,0.3818577826023102,1.8489137887954712
split_cell_heldout,drug_mean,"NK cells, TL_HRAS26",0.11347321,0.678171,0.22575730085372925,1.822848916053772
split_cell_heldout,drug_mean,"NK cells, Proscillaridin A;Proscillaridin-A",0.7799366,1.5751841,0.8863514065742493,1.4765499830245972
split_cell_heldout,drug_mean,"NK cells, Vorinostat",0.6318492,1.2551368,0.8182791471481323,1.4579097032546997
split_cell_heldout,drug_mean,"NK cells, BMS-265246",0.49938154,1.025969,0.7787986993789673,1.3666179180145264
split_cell_heldout,drug_mean,"NK cells, Ruxolitinib",0.2618269,0.9927588,0.4785003662109375,1.7089214324951172
split_cell_heldout,drug_mean,"NK cells, Pomalidomide",0.38829905,0.90551955,0.6289709210395813,1.6549264192581177
split_cell_heldout,drug_mean,"NK cells, Dovitinib",0.25857127,0.8274858,0.4357120096683502,1.785685420036316
split_cell_heldout,drug_mean,"NK cells, AVL-292",0.26113427,0.82656807,0.47108447551727295,1.711806297302246
split_cell_heldout,drug_mean,"NK cells, Navitoclax",0.16032472,0.79435045,0.30337342619895935,1.8617486953735352
split_cell_heldout,drug_mean,"NK cells, Methotrexate",0.10428629,0.7611067,0.12097235769033432,1.8991200923919678
split_cell_heldout,drug_mean,"NK cells, Palbociclib",0.14046222,0.7168707,0.2847234904766083,1.73479163646698
split_cell_heldout,drug_mean,"NK cells, Trametinib",0.22109133,0.8788574,0.4331507682800293,1.7294894456863403
split_cell_heldout,drug_mean,"NK cells, AMD-070 (hydrochloride)",0.0629812,0.7321258,0.08971492201089859,1.8582521677017212
split_cell_heldout,drug_mean,"NK cells, Sgc-cbp30",0.24672408,0.7745227,0.4284985065460205,1.7043999433517456
split_cell_heldout,drug_mean,"NK cells, FK 866",0.26399365,0.8920679,0.47221753001213074,1.7320142984390259
split_cell_heldout,drug_mean,"NK cells, Chlorpheniramine",0.09009261,0.71439946,0.11058252304792404,1.8863861560821533
split_cell_heldout,drug_mean,"NK cells, Scriptaid",0.659138,1.2823478,0.8337781429290771,1.4502990245819092
split_cell_heldout,drug_mean,"NK cells, BAY 61-3606",0.48816037,1.2639074,0.7305433750152588,1.5801881551742554
split_cell_heldout,drug_mean,"NK cells, LY2090314",0.564625,1.2217149,0.779244601726532,1.597110390663147
split_cell_heldout,drug_mean,"NK cells, Vardenafil",0.08949141,0.7250137,0.0993550643324852,1.8738396167755127
split_cell_heldout,drug_mean,"NK cells, Dasatinib",0.25980395,1.1220634,0.4517551362514496,1.7782748937606812
split_cell_heldout,drug_mean,"NK cells, AT13387",0.5203472,1.222557,0.7640440464019775,1.5428102016448975
split_cell_heldout,drug_mean,"NK cells, PF-04691502",0.29831627,1.0834839,0.5573479533195496,1.6606124639511108
split_cell_heldout,drug_mean,"NK cells, Perhexiline",0.3518443,0.91195506,0.5620303750038147,1.641564130783081
split_cell_heldout,drug_mean,"NK cells, RVX-208",0.29143807,0.79227614,0.48844674229621887,1.6187185049057007
split_cell_heldout,drug_mean,"NK cells, Ketoconazole",0.52223164,0.88750774,0.7103703022003174,1.5078825950622559
split_cell_heldout,drug_mean,"NK cells, Disulfiram",0.16176596,0.67017275,0.24208614230155945,1.7979627847671509
split_cell_heldout,drug_mean,"NK cells, Flutamide",0.11098192,0.71887773,0.26538899540901184,1.7837331295013428
split_cell_heldout,drug_mean,"NK cells, Desloratadine",0.10976226,0.6995453,0.11624015122652054,1.805416464805603
split_cell_heldout,drug_mean,"NK cells, Dactolisib",0.5644556,1.2403332,0.768926739692688,1.5752474069595337
split_cell_heldout,drug_mean,"NK cells, BMS-536924",0.28893238,0.9594701,0.48419755697250366,1.714510202407837
split_cell_heldout,drug_mean,"NK cells, IKK Inhibitor VII",0.30725506,0.9721312,0.5165445804595947,1.6826270818710327
split_cell_heldout,drug_mean,"NK cells, Amiodarone",0.08510376,0.7238099,0.12202239036560059,1.8356090784072876
split_cell_heldout,drug_mean,"NK cells, Isoniazid",0.06593344,0.6981109,0.18045231699943542,1.8175263404846191
split_cell_heldout,drug_mean,"NK cells, IMD-0354",0.4622632,1.1632757,0.7090492248535156,1.5950663089752197
split_cell_heldout,drug_mean,"NK cells, Canertinib",0.27004775,0.794919,0.4973301291465759,1.6987149715423584
split_cell_heldout,drug_mean,"NK cells, Idelalisib",0.21481046,0.8831532,0.4105212986469269,1.7452428340911865
split_cell_heldout,drug_mean,"NK cells, Alogliptin",0.114717126,0.6658895,0.2640369236469269,1.764570713043213
split_cell_heldout,drug_mean,"NK cells, Penfluridol",0.1282712,0.73124766,0.24460940062999725,1.7952780723571777
split_cell_heldout,drug_mean,"NK cells, Quizartinib",0.090475716,0.71450067,0.23379091918468475,1.8080753087997437
split_cell_heldout,drug_mean,"NK cells, RN-486",0.055255517,0.738836,0.16366976499557495,1.8620812892913818
split_cell_heldout,drug_mean,"NK cells, PD-0325901",0.27625826,0.9138921,0.47666385769844055,1.7977032661437988
split_cell_heldout,drug_mean,"NK cells, Decitabine",0.065190904,0.6782098,0.06420040130615234,1.7864395380020142
split_cell_heldout,drug_mean,"NK cells, LDN 193189",0.21009259,0.7020224,0.4277302920818329,1.6995954513549805
split_cell_heldout,drug_mean,"NK cells, Cabozantinib",0.15448482,0.7385227,0.32947930693626404,1.734636902809143
split_cell_heldout,drug_mean,"NK cells, Riociguat",0.04880797,0.72213393,0.09926265478134155,1.8675380945205688
split_cell_heldout,drug_mean,"NK cells, CHIR-99021",0.32267407,0.93896294,0.5629769563674927,1.623238444328308
split_cell_heldout,drug_mean,"NK cells, Defactinib",0.2043858,0.80995536,0.36549797654151917,1.7637081146240234
split_cell_heldout,drug_mean,"NK cells, BI-D1870",0.12350713,0.78145117,0.18696703016757965,1.8065980672836304
split_cell_heldout,drug_mean,"NK cells, AZD3514",0.24763395,0.77491015,0.4348115026950836,1.6778970956802368
split_cell_heldout,drug_mean,"NK cells, HMN-214",0.30573568,0.71637255,0.44640982151031494,1.639206051826477
split_cell_heldout,drug_mean,"NK cells, CC-401",0.29323295,0.8153162,0.4774933457374573,1.6738619804382324
split_cell_heldout,drug_mean,"NK cells, Resminostat",0.64092314,1.2935343,0.8213843107223511,1.4655698537826538
split_cell_heldout,drug_mean,"NK cells, Crizotinib",0.26863313,0.86197174,0.4608699083328247,1.68595552444458
split_cell_heldout,drug_mean,"NK cells, Azacitidine",0.19014,0.69050825,0.2583821713924408,1.7772191762924194
split_cell_heldout,drug_mean,"NK cells, TR-14035",0.13294883,0.6979027,0.18817868828773499,1.852226972579956
split_cell_heldout,drug_mean,"NK cells, Nilotinib",0.25654268,0.9129464,0.4682285189628601,1.7365789413452148
split_cell_heldout,drug_mean,"NK cells, AT 7867",0.22261205,0.89097303,0.45419788360595703,1.7575676441192627
split_cell_heldout,drug_mean,"NK cells, OSI-930",0.17072509,0.69454145,0.35720643401145935,1.7441030740737915
split_cell_heldout,drug_mean,"NK cells, GO-6976",0.23809034,0.8770471,0.4319472312927246,1.7635703086853027
split_cell_heldout,drug_mean,"NK cells, Saracatinib",0.29408535,1.012812,0.4660043716430664,1.7547343969345093
split_cell_heldout,drug_mean,"NK cells, RG7112",0.30803207,0.6852421,0.5268231630325317,1.6362898349761963
split_cell_heldout,drug_mean,"NK cells, Lamivudine",0.059830744,0.7438517,0.08307402580976486,1.9159660339355469
split_cell_heldout,drug_mean,"NK cells, TGX 221",0.27294022,0.8549401,0.4431931674480438,1.7177684307098389
split_cell_heldout,drug_mean,"NK cells, Pitavastatin Calcium",0.52662617,1.3020872,0.7109620571136475,1.8555885553359985
split_cell_heldout,drug_mean,"NK cells, ABT737",0.058292028,0.87964857,0.1616048365831375,1.9407564401626587
split_cell_heldout,drug_mean,"NK cells, PRT-062607",0.3488436,0.9960553,0.6017386317253113,1.5838334560394287
split_cell_heldout,drug_mean,"NK cells, AZ628",0.2617161,0.8436619,0.43622803688049316,1.721524953842163
split_cell_heldout,drug_mean,"NK cells, AZD-8330",0.3009962,0.84099466,0.49281561374664307,1.7027270793914795
split_cell_heldout,drug_mean,"NK cells, Masitinib",0.12097564,0.7692604,0.10896459966897964,1.8708536624908447
split_cell_heldout,drug_mean,"NK cells, Ceritinib",0.14757864,0.803509,0.21662537753582,1.8372490406036377
split_cell_heldout,drug_mean,"NK cells, CGM-097",0.42885765,0.9662461,0.6660716533660889,1.5690944194793701
split_cell_heldout,drug_mean,"NK cells, SLx-2119",0.2192006,0.73337746,0.39367878437042236,1.827951192855835
split_cell_heldout,drug_mean,"NK cells, Nefazodone",0.11984998,0.69970953,0.13969694077968597,1.859288215637207
split_cell_heldout,drug_mean,"NK cells, STK219801",0.21687269,0.70642066,0.35622864961624146,1.7967698574066162
split_cell_heldout,drug_mean,"NK cells, TPCA-1",0.39950833,1.0396936,0.6367499828338623,1.617482304573059
split_cell_heldout,drug_mean,"NK cells, MGCD-265",0.06166024,0.73182064,0.08978480100631714,1.8318402767181396
split_cell_heldout,drug_mean,"NK cells, GSK-1070916",0.17791039,0.7230803,0.2451716661453247,1.766252875328064
split_cell_heldout,drug_mean,"NK cells, Ricolinostat",0.3269941,0.85940355,0.5206757187843323,1.6228160858154297
split_cell_heldout,drug_mean,"NK cells, Bosutinib",0.35715386,1.0809476,0.5678113698959351,1.6470940113067627
split_cell_heldout,drug_mean,"NK cells, Clemastine",0.16522898,0.72209316,0.258448988199234,1.7473375797271729
split_cell_heldout,drug_mean,"NK cells, YK 4-279",0.14757115,0.7235985,0.34408026933670044,1.7396125793457031
split_cell_heldout,drug_mean,"NK cells, Buspirone",0.09398956,0.64815,0.12112877517938614,1.7892649173736572
split_cell_heldout,drug_mean,"NK cells, Midostaurin",0.2843017,0.8717642,0.4702094793319702,1.6545599699020386
split_cell_heldout,drug_mean,"NK cells, CEP-37440",0.23315161,0.7569657,0.39111268520355225,1.7362297773361206
split_cell_heldout,drug_mean,"NK cells, GSK256066",0.3326573,0.9064719,0.5539290904998779,1.8151930570602417
split_cell_heldout,drug_mean,"NK cells, Oxybenzone",0.08756109,0.67990834,0.06506627053022385,1.8378034830093384
split_cell_heldout,drug_mean,"NK cells, Vandetanib",0.06002072,0.7543854,0.07195113599300385,1.8908964395523071
split_cell_heldout,drug_mean,"NK cells, Imatinib",0.068112046,0.71645117,0.17581680417060852,1.8439091444015503
split_cell_heldout,drug_mean,"NK cells, SCH-58261",0.105775036,0.70527434,0.1322183907032013,1.8498034477233887
split_cell_heldout,drug_mean,"NK cells, Colforsin",0.113152385,0.7068342,0.19183886051177979,1.7926396131515503
split_cell_heldout,drug_mean,"NK cells, Tivantinib",0.17713271,0.800897,0.28902289271354675,1.8176602125167847
split_cell_heldout,drug_mean,"NK cells, Tosedostat",0.30317608,0.81522256,0.5248834490776062,1.7314112186431885
split_cell_heldout,drug_mean,"NK cells, Colchicine",0.22244164,1.2337353,0.45177358388900757,1.7755420207977295
split_cell_heldout,drug_mean,"NK cells, ABT-199 (GDC-0199)",0.048640482,0.76002073,0.1608850359916687,1.8609801530838013
split_cell_heldout,drug_mean,"NK cells, Mometasone Furoate",0.42320874,1.2304237,0.6761868596076965,1.6855264902114868
split_cell_heldout,drug_mean,"NK cells, Tipifarnib",0.2362086,0.7706475,0.3912665843963623,1.7742539644241333
split_cell_heldout,drug_mean,"NK cells, BX 912",0.25818813,0.81172353,0.4490315616130829,1.7043222188949585
split_cell_heldout,drug_mean,"NK cells, Doxorubicin",0.38123208,1.3975502,0.6734088659286499,1.7059656381607056
split_cell_heldout,drug_mean,"NK cells, PF-03814735",0.39898372,1.1592313,0.6342019438743591,1.605510950088501
split_cell_heldout,drug_mean,"NK cells, AZD4547",0.09701616,0.71611756,0.1849478781223297,1.826379418373108
split_cell_heldout,drug_mean,"NK cells, Prednisolone",0.40829715,1.097674,0.6362525820732117,1.7605981826782227
split_cell_heldout,drug_mean,"NK cells, Tacalcitol",0.10451792,1.0778034,0.0923008993268013,1.9763284921646118
split_cell_heldout,drug_mean,"NK cells, Selumetinib",0.19585869,0.8408355,0.3613710403442383,1.7938345670700073
split_cell_heldout,drug_mean,"NK cells, Clotrimazole",0.075094186,0.72256094,0.07766060531139374,1.8675144910812378
split_cell_heldout,drug_mean,"NK cells, RG7090",0.17527936,0.7689252,0.2941438555717468,1.791492223739624
split_cell_heldout,drug_mean,"NK cells, GLPG0634",0.2537874,0.86297196,0.45054513216018677,1.7399728298187256
split_cell_heldout,drug_mean,"NK cells, Mubritinib (TAK 165)",0.38243815,0.89742905,0.6255066990852356,1.6751160621643066
split_cell_heldout,drug_mean,"NK cells, Vanoxerine",0.110063896,0.72754,0.20145639777183533,1.7705838680267334
split_cell_heldout,drug_mean,"NK cells, SB525334",0.29886833,0.86453927,0.504744291305542,1.674706220626831
split_cell_heldout,drug_mean,"NK cells, HYDROXYUREA",0.0699017,0.70016867,0.1282469481229782,1.7999107837677002
split_scaffold_heldout,global_train_mean,"NK cells, Atorvastatin",0.13700438,0.65855753,0.24775581061840057,1.7304848432540894
split_scaffold_heldout,global_train_mean,"T cells, Atorvastatin",0.23285879,0.54160345,0.4544840157032013,1.6057285070419312
split_scaffold_heldout,global_train_mean,"B cells, Foretinib",0.60892546,1.0149325,0.792080283164978,2.1308937072753906
split_scaffold_heldout,global_train_mean,"NK cells, Foretinib",0.34682322,0.72810066,0.5591294169425964,1.839191198348999
split_scaffold_heldout,global_train_mean,"T cells, Foretinib",0.5732124,0.79188484,0.7922656536102295,1.8686846494674683
split_scaffold_heldout,global_train_mean,"NK cells, BMS-777607",0.12292913,0.6572889,0.25511252880096436,1.759985089302063
split_scaffold_heldout,global_train_mean,"T cells, BMS-777607",0.37313858,0.5299623,0.6630222797393799,1.4781122207641602
split_scaffold_heldout,global_train_mean,"B cells, TL_HRAS26",0.3359166,0.59422153,0.5897049903869629,1.6790871620178223
split_scaffold_heldout,global_train_mean,"Myeloid cells, TL_HRAS26",0.040361192,0.64088374,0.12223181128501892,1.9366334676742554
split_scaffold_heldout,global_train_mean,"NK cells, TL_HRAS26",0.06292371,0.64292777,0.07378558814525604,1.864188313484192
split_scaffold_heldout,global_train_mean,"T cells, TL_HRAS26",0.24712841,0.5351353,0.4306401312351227,1.8658357858657837
split_scaffold_heldout,global_train_mean,"NK cells, AVL-292",0.28642187,0.6625999,0.48534733057022095,1.79031240940094
split_scaffold_heldout,global_train_mean,"T cells, AVL-292",0.5613902,0.70038354,0.7983741760253906,1.7681695222854614
split_scaffold_heldout,global_train_mean,"B cells, Navitoclax",-0.32280147,0.97346807,-0.5640384554862976,2.342783212661743
split_scaffold_heldout,global_train_mean,"Myeloid cells, Navitoclax",-0.2719516,0.9466904,-0.424126535654068,2.2187256813049316
split_scaffold_heldout,global_train_mean,"NK cells, Navitoclax",-0.053175293,0.75083566,-0.08120951801538467,1.9795817136764526
split_scaffold_heldout,global_train_mean,"T cells, Navitoclax",-0.044471953,0.5966629,0.38558724522590637,1.7906619310379028
split_scaffold_heldout,global_train_mean,"B cells, Methotrexate",-0.31312355,0.7620708,-0.570761501789093,2.006957769393921
split_scaffold_heldout,global_train_mean,"Myeloid cells, Methotrexate",0.13314134,0.9139917,0.2601677179336548,2.097137451171875
split_scaffold_heldout,global_train_mean,"NK cells, Methotrexate",-0.16473126,0.7160728,-0.24371370673179626,1.969899296760559
split_scaffold_heldout,global_train_mean,"T cells, Methotrexate",-0.09582288,0.6676925,-0.42963707447052,2.102508068084717
split_scaffold_heldout,global_train_mean,"NK cells, Sgc-cbp30",0.2398741,0.67282337,0.45831549167633057,1.7593958377838135
split_scaffold_heldout,global_train_mean,"T cells, Sgc-cbp30",0.2971541,0.74004996,0.48543351888656616,1.9012261629104614
split_scaffold_heldout,global_train_mean,"B cells, Scriptaid",0.2993501,1.7094816,0.4138970375061035,2.7587454319000244
split_scaffold_heldout,global_train_mean,"Myeloid cells, Scriptaid",0.29414904,1.8950844,0.4030788242816925,2.9259860515594482
split_scaffold_heldout,global_train_mean,"NK cells, Scriptaid",0.27507204,1.3056662,0.42566388845443726,2.505274534225464
split_scaffold_heldout,global_train_mean,"T cells, Scriptaid",0.29004696,2.2369962,0.3630743622779846,3.106348991394043
split_scaffold_heldout,global_train_mean,"NK cells, Desloratadine",0.04681976,0.67179495,0.01812811754643917,1.8233561515808105
split_scaffold_heldout,global_train_mean,"T cells, Desloratadine",0.12530698,0.5434242,0.3422996401786804,1.5681612491607666
split_scaffold_heldout,global_train_mean,"NK cells, Canertinib",0.089117564,0.7075928,0.15044480562210083,1.9452096223831177
split_scaffold_heldout,global_train_mean,"T cells, Canertinib",0.22502331,0.7742561,0.4026961028575897,2.020719051361084
split_scaffold_heldout,global_train_mean,"B cells, Idelalisib",0.5605309,0.9237477,0.7762337923049927,2.069389820098877
split_scaffold_heldout,global_train_mean,"Myeloid cells, Idelalisib",0.27076718,0.9430427,0.46397271752357483,2.063673973083496
split_scaffold_heldout,global_train_mean,"NK cells, Idelalisib",0.19109602,0.7006955,0.3950863480567932,1.823586106300354
split_scaffold_heldout,global_train_mean,"T cells, Idelalisib",0.52304417,0.8168601,0.7690891623497009,1.937724232673645
split_scaffold_heldout,global_train_mean,"NK cells, Alogliptin",-0.030957578,0.66438925,-0.12356972694396973,1.881392002105713
split_scaffold_heldout,global_train_mean,"T cells, Alogliptin",-0.035350736,0.5971565,-0.10149465501308441,1.7424782514572144
split_scaffold_heldout,global_train_mean,"NK cells, Decitabine",0.06670931,0.65049815,0.1190180629491806,1.7561815977096558
split_scaffold_heldout,global_train_mean,"T cells, Decitabine",0.20793733,0.50324243,0.33117789030075073,1.6335453987121582
split_scaffold_heldout,global_train_mean,"B cells, Riociguat",0.096296884,0.591393,0.21408182382583618,1.7798057794570923
split_scaffold_heldout,global_train_mean,"Myeloid cells, Riociguat",0.2433357,0.5793823,0.4580950140953064,1.6605638265609741
split_scaffold_heldout,global_train_mean,"NK cells, Riociguat",0.12726362,0.666525,0.2976633906364441,1.802774429321289
split_scaffold_heldout,global_train_mean,"T cells, Riociguat",0.17964828,0.5163023,0.23721882700920105,1.7442913055419922
split_scaffold_heldout,global_train_mean,"NK cells, Resminostat",0.23441225,1.3152733,0.3674394190311432,2.492091655731201
split_scaffold_heldout,global_train_mean,"T cells, Resminostat",0.32898462,2.1626995,0.4130893051624298,3.051323652267456
split_scaffold_heldout,global_train_mean,"B cells, Azacitidine",0.15282957,0.6728515,0.40171533823013306,1.8028665781021118
split_scaffold_heldout,global_train_mean,"Myeloid cells, Azacitidine",0.08065482,0.6251823,0.3013901710510254,1.7164138555526733
split_scaffold_heldout,global_train_mean,"NK cells, Azacitidine",0.13897008,0.6510837,0.22040028870105743,1.8150067329406738
split_scaffold_heldout,global_train_mean,"T cells, Azacitidine",0.18764398,0.6122901,0.4097364544868469,1.7081730365753174
split_scaffold_heldout,global_train_mean,"NK cells, RG7112",0.23061717,0.65234566,0.4265732169151306,1.8819524049758911
split_scaffold_heldout,global_train_mean,"T cells, RG7112",0.3113069,0.5997726,0.5151190757751465,2.1527466773986816
split_scaffold_heldout,global_train_mean,"B cells, Masitinib",0.36703262,0.6701855,0.5723728537559509,1.7232033014297485
split_scaffold_heldout,global_train_mean,"Myeloid cells, Masitinib",0.32184026,0.7088116,0.6370355486869812,1.863940715789795
split_scaffold_heldout,global_train_mean,"NK cells, Masitinib",0.22448692,0.6622571,0.3130475878715515,1.8042503595352173
split_scaffold_heldout,global_train_mean,"T cells, Masitinib",0.25996163,0.5554563,0.6742719411849976,1.4574428796768188
split_scaffold_heldout,global_train_mean,"NK cells, SLx-2119",0.12942043,0.71667576,0.09624894708395004,1.9869418144226074
split_scaffold_heldout,global_train_mean,"T cells, SLx-2119",0.31782785,0.58560896,0.566414475440979,1.731689214706421
split_scaffold_heldout,global_train_mean,"NK cells, Nefazodone",0.15778072,0.6617062,0.2995113134384155,1.8171981573104858
split_scaffold_heldout,global_train_mean,"T cells, Nefazodone",0.34075946,0.4646033,0.6345399618148804,1.4821151494979858
split_scaffold_heldout,global_train_mean,"B cells, Ricolinostat",0.24420509,0.77598184,0.4588533341884613,1.9196254014968872
split_scaffold_heldout,global_train_mean,"Myeloid cells, Ricolinostat",0.019297836,1.1910247,0.06073908507823944,2.450021743774414
split_scaffold_heldout,global_train_mean,"NK cells, Ricolinostat",0.039665017,0.784231,0.03334326297044754,1.9445356130599976
split_scaffold_heldout,global_train_mean,"T cells, Ricolinostat",0.19201472,0.8732123,0.3980768024921417,2.058671236038208
split_scaffold_heldout,global_train_mean,"B cells, CEP-37440",0.3369456,0.68664414,0.5949345231056213,1.8042750358581543
split_scaffold_heldout,global_train_mean,"Myeloid cells, CEP-37440",0.14591596,0.93569475,0.31933674216270447,2.1807186603546143
split_scaffold_heldout,global_train_mean,"NK cells, CEP-37440",0.25019097,0.6701931,0.4105149805545807,1.8061354160308838
split_scaffold_heldout,global_train_mean,"T cells, CEP-37440",0.38913503,0.62810093,0.6949489712715149,1.7939425706863403
split_scaffold_heldout,global_train_mean,"NK cells, Vandetanib",0.15979086,0.65596795,0.3774392902851105,1.8022229671478271
split_scaffold_heldout,global_train_mean,"T cells, Vandetanib",0.191507,0.52278876,0.41693708300590515,1.5556617975234985
split_scaffold_heldout,global_train_mean,"NK cells, Colforsin",0.07332185,0.6700876,0.038672540336847305,1.837438702583313
split_scaffold_heldout,global_train_mean,"T cells, Colforsin",0.25185162,0.54257846,0.4279671907424927,1.5324572324752808
split_scaffold_heldout,global_train_mean,"B cells, Tivantinib",0.35233766,0.6824384,0.5702894330024719,1.7895429134368896
split_scaffold_heldout,global_train_mean,"Myeloid cells, Tivantinib",0.23863117,0.8059126,0.4474319517612457,2.0200533866882324
split_scaffold_heldout,global_train_mean,"NK cells, Tivantinib",0.19239882,0.6798486,0.3917491137981415,1.8232797384262085
split_scaffold_heldout,global_train_mean,"T cells, Tivantinib",0.2556913,0.741082,0.450621098279953,1.851456642150879
split_scaffold_heldout,global_train_mean,"NK cells, Tipifarnib",0.27339098,0.67764527,0.4970386326313019,1.802163004875183
split_scaffold_heldout,global_train_mean,"T cells, Tipifarnib",0.45419517,0.6194277,0.7404842376708984,1.681869626045227
split_scaffold_heldout,global_train_mean,"B cells, RG7090",0.116819404,0.62265354,0.3017420470714569,1.7358819246292114
split_scaffold_heldout,global_train_mean,"Myeloid cells, RG7090",0.042319395,0.8670034,0.13479703664779663,2.0786945819854736
split_scaffold_heldout,global_train_mean,"NK cells, RG7090",0.05320475,0.698157,0.1469719558954239,1.8528989553451538
split_scaffold_heldout,global_train_mean,"T cells, RG7090",-0.11517894,0.85426253,-0.16241292655467987,2.110326051712036
split_scaffold_heldout,global_train_mean,"B cells, Atorvastatin",0.19429135,0.60078853,0.4718972444534302,1.6555696725845337
split_scaffold_heldout,global_train_mean,"Myeloid cells, Atorvastatin",-0.034278836,0.7600817,-0.09916946291923523,2.137871742248535
split_scaffold_heldout,global_train_mean,"B cells, BMS-777607",0.31297714,0.61944616,0.5690824389457703,1.7102974653244019
split_scaffold_heldout,global_train_mean,"Myeloid cells, BMS-777607",0.2841189,0.7475247,0.5429694056510925,1.9360880851745605
split_scaffold_heldout,global_train_mean,"B cells, AVL-292",0.5844767,0.92152035,0.7845054864883423,2.0240073204040527
split_scaffold_heldout,global_train_mean,"Myeloid cells, AVL-292",0.32339236,0.90336204,0.5597283840179443,2.0799925327301025
split_scaffold_heldout,global_train_mean,"B cells, Sgc-cbp30",0.2355273,0.6558215,0.54258793592453,1.7314112186431885
split_scaffold_heldout,global_train_mean,"Myeloid cells, Sgc-cbp30",0.25675803,0.96208346,0.4668223559856415,2.138190507888794
split_scaffold_heldout,global_train_mean,"B cells, Desloratadine",0.11923528,0.58922166,0.1328166127204895,1.6775673627853394
split_scaffold_heldout,global_train_mean,"Myeloid cells, Desloratadine",0.062304135,0.64467233,0.11754342168569565,1.7603458166122437
split_scaffold_heldout,global_train_mean,"B cells, Canertinib",0.24406326,0.7212595,0.44812074303627014,1.9158456325531006
split_scaffold_heldout,global_train_mean,"B cells, Alogliptin",0.0801583,0.6143885,0.17240913212299347,1.8016642332077026
split_scaffold_heldout,global_train_mean,"Myeloid cells, Alogliptin",0.0030255371,0.6107536,0.038695842027664185,1.7258294820785522
split_scaffold_heldout,global_train_mean,"B cells, Decitabine",0.116458595,0.57827365,0.10462550818920135,1.7672041654586792
split_scaffold_heldout,global_train_mean,"Myeloid cells, Decitabine",0.25076768,0.51736784,0.4404604434967041,1.6427650451660156
split_scaffold_heldout,global_train_mean,"B cells, Resminostat",0.27600172,1.6766827,0.3907383680343628,2.7423598766326904
split_scaffold_heldout,global_train_mean,"Myeloid cells, Resminostat",0.34317845,1.9230456,0.45937660336494446,2.8699140548706055
split_scaffold_heldout,global_train_mean,"B cells, RG7112",0.084088854,0.60289854,0.23514801263809204,1.995598316192627
split_scaffold_heldout,global_train_mean,"Myeloid cells, RG7112",0.31451115,0.7401034,0.5643132328987122,2.1297144889831543
split_scaffold_heldout,global_train_mean,"B cells, SLx-2119",0.39026743,0.6138993,0.6648476123809814,1.6576893329620361
split_scaffold_heldout,global_train_mean,"Myeloid cells, SLx-2119",0.07494784,0.6448394,0.021932251751422882,2.049121379852295
split_scaffold_heldout,global_train_mean,"B cells, Nefazodone",0.20609929,0.58881867,0.37492266297340393,1.765383005142212
split_scaffold_heldout,global_train_mean,"Myeloid cells, Nefazodone",0.28855008,0.52284086,0.5674592852592468,1.5822818279266357
split_scaffold_heldout,global_train_mean,"B cells, Vandetanib",0.4087686,0.66087264,0.6705811619758606,1.7684218883514404
split_scaffold_heldout,global_train_mean,"Myeloid cells, Vandetanib",0.18920563,0.7746793,0.390884667634964,1.9296008348464966
split_scaffold_heldout,global_train_mean,"B cells, Colforsin",0.21715082,0.57443017,0.3192792534828186,1.676824927330017
split_scaffold_heldout,global_train_mean,"Myeloid cells, Colforsin",0.1045171,0.68350095,0.22345484793186188,1.944881558418274
split_scaffold_heldout,global_train_mean,"B cells, Tipifarnib",0.3562309,0.6232491,0.5838882923126221,1.7002264261245728
split_scaffold_heldout,global_train_mean,"Myeloid cells, Tipifarnib",0.39632308,0.77725106,0.678372859954834,1.8683018684387207
split_scaffold_heldout,cell_context_mean,"NK cells, Atorvastatin",0.28573442,0.6180355,0.4627261459827423,1.6702964305877686
split_scaffold_heldout,cell_context_mean,"T cells, Atorvastatin",0.27260062,0.55834645,0.4639756679534912,1.5641635656356812
split_scaffold_heldout,cell_context_mean,"B cells, Foretinib",0.66695064,0.95551026,0.8320466876029968,1.9789031744003296
split_scaffold_heldout,cell_context_mean,"NK cells, Foretinib",0.42312118,0.71077424,0.6666480302810669,1.811687707901001
split_scaffold_heldout,cell_context_mean,"T cells, Foretinib",0.637339,0.736976,0.8252057433128357,1.7086206674575806
split_scaffold_heldout,cell_context_mean,"NK cells, BMS-777607",0.22617178,0.62703043,0.4081995189189911,1.7135207653045654
split_scaffold_heldout,cell_context_mean,"T cells, BMS-777607",0.44201517,0.5199724,0.7246859669685364,1.3432639837265015
split_scaffold_heldout,cell_context_mean,"B cells, TL_HRAS26",0.38095078,0.591007,0.6256964802742004,1.589847445487976
split_scaffold_heldout,cell_context_mean,"Myeloid cells, TL_HRAS26",0.0965239,0.6932369,0.2775544226169586,1.878302812576294
split_scaffold_heldout,cell_context_mean,"NK cells, TL_HRAS26",0.16259848,0.61206335,0.3050566017627716,1.8089836835861206
split_scaffold_heldout,cell_context_mean,"T cells, TL_HRAS26",0.3077846,0.54427516,0.5005540251731873,1.8025531768798828
split_scaffold_heldout,cell_context_mean,"NK cells, AVL-292",0.35982886,0.6433065,0.6386232972145081,1.7484885454177856
split_scaffold_heldout,cell_context_mean,"T cells, AVL-292",0.6308057,0.648863,0.8402200937271118,1.5772309303283691
split_scaffold_heldout,cell_context_mean,"B cells, Navitoclax",-0.22740234,0.99614197,-0.4185560643672943,2.363926887512207
split_scaffold_heldout,cell_context_mean,"Myeloid cells, Navitoclax",-0.27453408,1.0372334,-0.4438003599643707,2.353562593460083
split_scaffold_heldout,cell_context_mean,"NK cells, Navitoclax",0.029108154,0.7226871,0.05313480272889137,1.9472110271453857
split_scaffold_heldout,cell_context_mean,"T cells, Navitoclax",0.0007668545,0.6341326,0.47250673174858093,1.7171434164047241
split_scaffold_heldout,cell_context_mean,"B cells, Methotrexate",-0.23923303,0.7982894,-0.4828716218471527,2.0547165870666504
split_scaffold_heldout,cell_context_mean,"Myeloid cells, Methotrexate",0.18254645,0.930065,0.34009599685668945,2.038536787033081
split_scaffold_heldout,cell_context_mean,"NK cells, Methotrexate",-0.013709109,0.6711099,-0.016735810786485672,1.8978652954101562
split_scaffold_heldout,cell_context_mean,"T cells, Methotrexate",-0.15321514,0.73312014,-0.48627007007598877,2.3229939937591553
split_scaffold_heldout,cell_context_mean,"NK cells, Sgc-cbp30",0.28976062,0.6580279,0.5493757128715515,1.7295708656311035
split_scaffold_heldout,cell_context_mean,"T cells, Sgc-cbp30",0.37368146,0.72085196,0.5778946280479431,1.7872456312179565
split_scaffold_heldout,cell_context_mean,"B cells, Scriptaid",0.38417453,1.6664757,0.5026035904884338,2.68021559715271
split_scaffold_heldout,cell_context_mean,"Myeloid cells, Scriptaid",0.35718262,1.8476661,0.4615015983581543,2.839326858520508
split_scaffold_heldout,cell_context_mean,"NK cells, Scriptaid",0.22547439,1.3200701,0.3548285961151123,2.537492275238037
split_scaffold_heldout,cell_context_mean,"T cells, Scriptaid",0.37899557,2.1890259,0.4562060832977295,3.0353760719299316
split_scaffold_heldout,cell_context_mean,"NK cells, Desloratadine",0.14696331,0.64090604,0.3175441324710846,1.752365231513977
split_scaffold_heldout,cell_context_mean,"T cells, Desloratadine",0.23080204,0.5506391,0.45331069827079773,1.4726054668426514
split_scaffold_heldout,cell_context_mean,"NK cells, Canertinib",0.21444547,0.67224896,0.33295580744743347,1.8899564743041992
split_scaffold_heldout,cell_context_mean,"T cells, Canertinib",0.30897853,0.75999826,0.4551393389701843,1.9466557502746582
split_scaffold_heldout,cell_context_mean,"B cells, Idelalisib",0.65042603,0.859098,0.8257737159729004,1.8964624404907227
split_scaffold_heldout,cell_context_mean,"Myeloid cells, Idelalisib",0.41892418,0.8896134,0.6387131810188293,1.8784608840942383
split_scaffold_heldout,cell_context_mean,"NK cells, Idelalisib",0.31282532,0.66815394,0.5365697741508484,1.7773362398147583
split_scaffold_heldout,cell_context_mean,"T cells, Idelalisib",0.5926517,0.7665968,0.8004089593887329,1.7689937353134155
split_scaffold_heldout,cell_context_mean,"NK cells, Alogliptin",0.10299501,0.6245842,0.14818309247493744,1.8076145648956299
split_scaffold_heldout,cell_context_mean,"T cells, Alogliptin",0.06523637,0.6173763,0.06598241627216339,1.7110927104949951
split_scaffold_heldout,cell_context_mean,"NK cells, Decitabine",0.1859552,0.61541444,0.34716296195983887,1.6960158348083496
split_scaffold_heldout,cell_context_mean,"T cells, Decitabine",0.27056623,0.5204535,0.3923792839050293,1.576661229133606
split_scaffold_heldout,cell_context_mean,"B cells, Riociguat",0.18021071,0.60106194,0.3477049469947815,1.7184169292449951
split_scaffold_heldout,cell_context_mean,"Myeloid cells, Riociguat",0.21605673,0.6394687,0.36946794390678406,1.6497235298156738
split_scaffold_heldout,cell_context_mean,"NK cells, Riociguat",0.27065662,0.6271931,0.4856579601764679,1.7375819683074951
split_scaffold_heldout,cell_context_mean,"T cells, Riociguat",0.28444907,0.52073467,0.40733376145362854,1.6603233814239502
split_scaffold_heldout,cell_context_mean,"NK cells, Resminostat",0.17808834,1.3299165,0.29427117109298706,2.523690938949585
split_scaffold_heldout,cell_context_mean,"T cells, Resminostat",0.3960765,2.1188695,0.48112180829048157,2.9832279682159424
split_scaffold_heldout,cell_context_mean,"B cells, Azacitidine",0.20722331,0.6812211,0.4537489712238312,1.7426362037658691
split_scaffold_heldout,cell_context_mean,"Myeloid cells, Azacitidine",0.05282421,0.70316106,0.25295230746269226,1.7158793210983276
split_scaffold_heldout,cell_context_mean,"NK cells, Azacitidine",0.20941803,0.6285701,0.392655611038208,1.7700549364089966
split_scaffold_heldout,cell_context_mean,"T cells, Azacitidine",0.22120613,0.6301676,0.4746784567832947,1.666757583618164
split_scaffold_heldout,cell_context_mean,"NK cells, RG7112",0.29303324,0.63407815,0.5016729235649109,1.8586269617080688
split_scaffold_heldout,cell_context_mean,"T cells, RG7112",0.27472767,0.6297966,0.39257416129112244,2.1652932167053223
split_scaffold_heldout,cell_context_mean,"B cells, Masitinib",0.48381975,0.62987167,0.6867662668228149,1.558732509613037
split_scaffold_heldout,cell_context_mean,"Myeloid cells, Masitinib",0.40909815,0.69118387,0.7079669833183289,1.6558412313461304
split_scaffold_heldout,cell_context_mean,"NK cells, Masitinib",0.3058766,0.6395144,0.45261886715888977,1.7634810209274292
split_scaffold_heldout,cell_context_mean,"T cells, Masitinib",0.3722373,0.5424561,0.7514630556106567,1.2646842002868652
split_scaffold_heldout,cell_context_mean,"NK cells, SLx-2119",0.1611466,0.70364964,0.19383740425109863,1.9615222215652466
split_scaffold_heldout,cell_context_mean,"T cells, SLx-2119",0.3644642,0.5866796,0.6102427840232849,1.6500825881958008
split_scaffold_heldout,cell_context_mean,"NK cells, Nefazodone",0.2675986,0.6307419,0.44918158650398254,1.773054599761963
split_scaffold_heldout,cell_context_mean,"T cells, Nefazodone",0.32677904,0.49714267,0.5950039625167847,1.451346516609192
split_scaffold_heldout,cell_context_mean,"B cells, Ricolinostat",0.32732946,0.75788605,0.5699778199195862,1.8228598833084106
split_scaffold_heldout,cell_context_mean,"Myeloid cells, Ricolinostat",0.05071162,1.2192485,0.10291606932878494,2.44417142868042
split_scaffold_heldout,cell_context_mean,"NK cells, Ricolinostat",0.043120507,0.7758129,0.07267189770936966,1.9420640468597412
split_scaffold_heldout,cell_context_mean,"T cells, Ricolinostat",0.27451473,0.85861367,0.4741637408733368,1.9793235063552856
split_scaffold_heldout,cell_context_mean,"B cells, CEP-37440",0.4868745,0.63684064,0.7399027943611145,1.612701654434204
split_scaffold_heldout,cell_context_mean,"Myeloid cells, CEP-37440",0.2830513,0.91183853,0.5384169220924377,2.0155749320983887
split_scaffold_heldout,cell_context_mean,"NK cells, CEP-37440",0.29436338,0.6570269,0.45858192443847656,1.7929092645645142
split_scaffold_heldout,cell_context_mean,"T cells, CEP-37440",0.42604697,0.6192265,0.7023864984512329,1.7032357454299927
split_scaffold_heldout,cell_context_mean,"NK cells, Vandetanib",0.2895501,0.62027115,0.6011828184127808,1.7323499917984009
split_scaffold_heldout,cell_context_mean,"T cells, Vandetanib",0.25992343,0.5372479,0.5112069845199585,1.4710711240768433
split_scaffold_heldout,cell_context_mean,"NK cells, Colforsin",0.13684246,0.64789736,0.20781022310256958,1.7993475198745728
split_scaffold_heldout,cell_context_mean,"T cells, Colforsin",0.32873526,0.5445968,0.5135267972946167,1.4055100679397583
split_scaffold_heldout,cell_context_mean,"B cells, Tivantinib",0.40564835,0.6677389,0.6169604063034058,1.6979742050170898
split_scaffold_heldout,cell_context_mean,"Myeloid cells, Tivantinib",0.31546584,0.79989046,0.5411345362663269,1.9023804664611816
split_scaffold_heldout,cell_context_mean,"NK cells, Tivantinib",0.25313905,0.66136867,0.4946425259113312,1.79206120967865
split_scaffold_heldout,cell_context_mean,"T cells, Tivantinib",0.33131826,0.7280519,0.5080450177192688,1.7647786140441895
split_scaffold_heldout,cell_context_mean,"NK cells, Tipifarnib",0.33341226,0.6615118,0.5856693387031555,1.7791502475738525
split_scaffold_heldout,cell_context_mean,"T cells, Tipifarnib",0.4278269,0.62794185,0.7162414193153381,1.6152925491333008
split_scaffold_heldout,cell_context_mean,"B cells, RG7090",0.1738632,0.63645554,0.3847014904022217,1.6824859380722046
split_scaffold_heldout,cell_context_mean,"Myeloid cells, RG7090",0.1678888,0.87107474,0.30236443877220154,2.0056569576263428
split_scaffold_heldout,cell_context_mean,"NK cells, RG7090",0.1845912,0.6606587,0.4121518135070801,1.7861716747283936
split_scaffold_heldout,cell_context_mean,"T cells, RG7090",-0.0039850543,0.8627481,0.025701358914375305,2.086268663406372
split_scaffold_heldout,cell_context_mean,"B cells, Atorvastatin",0.25887448,0.60594875,0.5157788991928101,1.5849961042404175
split_scaffold_heldout,cell_context_mean,"Myeloid cells, Atorvastatin",-0.0011707378,0.81928533,-0.03360576927661896,2.178750991821289
split_scaffold_heldout,cell_context_mean,"B cells, BMS-777607",0.42497563,0.5922687,0.6531237959861755,1.55447518825531
split_scaffold_heldout,cell_context_mean,"Myeloid cells, BMS-777607",0.42079526,0.71162444,0.7116848230361938,1.705384612083435
split_scaffold_heldout,cell_context_mean,"B cells, AVL-292",0.68693644,0.8485127,0.8519316911697388,1.8301135301589966
split_scaffold_heldout,cell_context_mean,"Myeloid cells, AVL-292",0.47080442,0.84177953,0.7308191061019897,1.8415096998214722
split_scaffold_heldout,cell_context_mean,"B cells, Sgc-cbp30",0.32674035,0.6426246,0.6480207443237305,1.6140021085739136
split_scaffold_heldout,cell_context_mean,"Myeloid cells, Sgc-cbp30",0.23968536,0.98181504,0.4435567557811737,2.08577561378479
split_scaffold_heldout,cell_context_mean,"B cells, Desloratadine",0.17707305,0.6043503,0.2784256041049957,1.6213438510894775
split_scaffold_heldout,cell_context_mean,"Myeloid cells, Desloratadine",0.031120041,0.72417355,0.07549528777599335,1.8079630136489868
split_scaffold_heldout,cell_context_mean,"B cells, Canertinib",0.2872713,0.7201552,0.4987218677997589,1.8427520990371704
split_scaffold_heldout,cell_context_mean,"B cells, Alogliptin",0.09140605,0.64612776,0.15063077211380005,1.8040447235107422
split_scaffold_heldout,cell_context_mean,"Myeloid cells, Alogliptin",0.03620785,0.6800559,0.11993247270584106,1.7405027151107788
split_scaffold_heldout,cell_context_mean,"B cells, Decitabine",0.16290107,0.59876835,0.25829267501831055,1.7203154563903809
split_scaffold_heldout,cell_context_mean,"Myeloid cells, Decitabine",0.2515772,0.5756239,0.3240568935871124,1.6448454856872559
split_scaffold_heldout,cell_context_mean,"B cells, Resminostat",0.3667049,1.6340533,0.49096643924713135,2.6627697944641113
split_scaffold_heldout,cell_context_mean,"Myeloid cells, Resminostat",0.42001,1.8604095,0.5336888432502747,2.762967348098755
split_scaffold_heldout,cell_context_mean,"B cells, RG7112",0.13203882,0.623725,0.3410416543483734,1.9404188394546509
split_scaffold_heldout,cell_context_mean,"Myeloid cells, RG7112",0.36127013,0.73895925,0.5572745203971863,1.9898775815963745
split_scaffold_heldout,cell_context_mean,"B cells, SLx-2119",0.43974364,0.60056037,0.6996304988861084,1.5302895307540894
split_scaffold_heldout,cell_context_mean,"Myeloid cells, SLx-2119",0.15228489,0.6838165,0.18512246012687683,1.9826655387878418
split_scaffold_heldout,cell_context_mean,"B cells, Nefazodone",0.27764353,0.59082425,0.5007557272911072,1.6625099182128906
split_scaffold_heldout,cell_context_mean,"Myeloid cells, Nefazodone",0.34853387,0.550616,0.5607845783233643,1.481291651725769
split_scaffold_heldout,cell_context_mean,"B cells, Vandetanib",0.4702385,0.63766193,0.7244176268577576,1.6224744319915771
split_scaffold_heldout,cell_context_mean,"Myeloid cells, Vandetanib",0.23251405,0.7941665,0.45015159249305725,1.8489329814910889
split_scaffold_heldout,cell_context_mean,"B cells, Colforsin",0.2705082,0.5827345,0.4025554955005646,1.6003124713897705
split_scaffold_heldout,cell_context_mean,"Myeloid cells, Colforsin",0.19843338,0.70662564,0.44691044092178345,1.8106621503829956
split_scaffold_heldout,cell_context_mean,"B cells, Tipifarnib",0.4400366,0.60050946,0.6519831418991089,1.5740522146224976
split_scaffold_heldout,cell_context_mean,"Myeloid cells, Tipifarnib",0.45118925,0.7521575,0.7277318835258484,1.7053087949752808
split_scaffold_heldout,drug_mean,"NK cells, Atorvastatin",0.13700438,0.65855753,0.24775581061840057,1.7304848432540894
split_scaffold_heldout,drug_mean,"T cells, Atorvastatin",0.23285879,0.54160345,0.4544840157032013,1.6057285070419312
split_scaffold_heldout,drug_mean,"B cells, Foretinib",0.60892546,1.0149325,0.792080283164978,2.1308937072753906
split_scaffold_heldout,drug_mean,"NK cells, Foretinib",0.34682322,0.72810066,0.5591294169425964,1.839191198348999
split_scaffold_heldout,drug_mean,"T cells, Foretinib",0.5732124,0.79188484,0.7922656536102295,1.8686846494674683
split_scaffold_heldout,drug_mean,"NK cells, BMS-777607",0.12292913,0.6572889,0.25511252880096436,1.759985089302063
split_scaffold_heldout,drug_mean,"T cells, BMS-777607",0.37313858,0.5299623,0.6630222797393799,1.4781122207641602
split_scaffold_heldout,drug_mean,"B cells, TL_HRAS26",0.3359166,0.59422153,0.5897049903869629,1.6790871620178223
split_scaffold_heldout,drug_mean,"Myeloid cells, TL_HRAS26",0.040361192,0.64088374,0.12223181128501892,1.9366334676742554
split_scaffold_heldout,drug_mean,"NK cells, TL_HRAS26",0.06292371,0.64292777,0.07378558814525604,1.864188313484192
split_scaffold_heldout,drug_mean,"T cells, TL_HRAS26",0.24712841,0.5351353,0.4306401312351227,1.8658357858657837
split_scaffold_heldout,drug_mean,"NK cells, AVL-292",0.28642187,0.6625999,0.48534733057022095,1.79031240940094
split_scaffold_heldout,drug_mean,"T cells, AVL-292",0.5613902,0.70038354,0.7983741760253906,1.7681695222854614
split_scaffold_heldout,drug_mean,"B cells, Navitoclax",-0.32280147,0.97346807,-0.5640384554862976,2.342783212661743
split_scaffold_heldout,drug_mean,"Myeloid cells, Navitoclax",-0.2719516,0.9466904,-0.424126535654068,2.2187256813049316
split_scaffold_heldout,drug_mean,"NK cells, Navitoclax",-0.053175293,0.75083566,-0.08120951801538467,1.9795817136764526
split_scaffold_heldout,drug_mean,"T cells, Navitoclax",-0.044471953,0.5966629,0.38558724522590637,1.7906619310379028
split_scaffold_heldout,drug_mean,"B cells, Methotrexate",-0.31312355,0.7620708,-0.570761501789093,2.006957769393921
split_scaffold_heldout,drug_mean,"Myeloid cells, Methotrexate",0.13314134,0.9139917,0.2601677179336548,2.097137451171875
split_scaffold_heldout,drug_mean,"NK cells, Methotrexate",-0.16473126,0.7160728,-0.24371370673179626,1.969899296760559
split_scaffold_heldout,drug_mean,"T cells, Methotrexate",-0.09582288,0.6676925,-0.42963707447052,2.102508068084717
split_scaffold_heldout,drug_mean,"NK cells, Sgc-cbp30",0.2398741,0.67282337,0.45831549167633057,1.7593958377838135
split_scaffold_heldout,drug_mean,"T cells, Sgc-cbp30",0.2971541,0.74004996,0.48543351888656616,1.9012261629104614
split_scaffold_heldout,drug_mean,"B cells, Scriptaid",0.2993501,1.7094816,0.4138970375061035,2.7587454319000244
split_scaffold_heldout,drug_mean,"Myeloid cells, Scriptaid",0.29414904,1.8950844,0.4030788242816925,2.9259860515594482
split_scaffold_heldout,drug_mean,"NK cells, Scriptaid",0.27507204,1.3056662,0.42566388845443726,2.505274534225464
split_scaffold_heldout,drug_mean,"T cells, Scriptaid",0.29004696,2.2369962,0.3630743622779846,3.106348991394043
split_scaffold_heldout,drug_mean,"NK cells, Desloratadine",0.04681976,0.67179495,0.01812811754643917,1.8233561515808105
split_scaffold_heldout,drug_mean,"T cells, Desloratadine",0.12530698,0.5434242,0.3422996401786804,1.5681612491607666
split_scaffold_heldout,drug_mean,"NK cells, Canertinib",0.089117564,0.7075928,0.15044480562210083,1.9452096223831177
split_scaffold_heldout,drug_mean,"T cells, Canertinib",0.22502331,0.7742561,0.4026961028575897,2.020719051361084
split_scaffold_heldout,drug_mean,"B cells, Idelalisib",0.5605309,0.9237477,0.7762337923049927,2.069389820098877
split_scaffold_heldout,drug_mean,"Myeloid cells, Idelalisib",0.27076718,0.9430427,0.46397271752357483,2.063673973083496
split_scaffold_heldout,drug_mean,"NK cells, Idelalisib",0.19109602,0.7006955,0.3950863480567932,1.823586106300354
split_scaffold_heldout,drug_mean,"T cells, Idelalisib",0.52304417,0.8168601,0.7690891623497009,1.937724232673645
split_scaffold_heldout,drug_mean,"NK cells, Alogliptin",-0.030957578,0.66438925,-0.12356972694396973,1.881392002105713
split_scaffold_heldout,drug_mean,"T cells, Alogliptin",-0.035350736,0.5971565,-0.10149465501308441,1.7424782514572144
split_scaffold_heldout,drug_mean,"NK cells, Decitabine",0.06670931,0.65049815,0.1190180629491806,1.7561815977096558
split_scaffold_heldout,drug_mean,"T cells, Decitabine",0.20793733,0.50324243,0.33117789030075073,1.6335453987121582
split_scaffold_heldout,drug_mean,"B cells, Riociguat",0.096296884,0.591393,0.21408182382583618,1.7798057794570923
split_scaffold_heldout,drug_mean,"Myeloid cells, Riociguat",0.2433357,0.5793823,0.4580950140953064,1.6605638265609741
split_scaffold_heldout,drug_mean,"NK cells, Riociguat",0.12726362,0.666525,0.2976633906364441,1.802774429321289
split_scaffold_heldout,drug_mean,"T cells, Riociguat",0.17964828,0.5163023,0.23721882700920105,1.7442913055419922
split_scaffold_heldout,drug_mean,"NK cells, Resminostat",0.23441225,1.3152733,0.3674394190311432,2.492091655731201
split_scaffold_heldout,drug_mean,"T cells, Resminostat",0.32898462,2.1626995,0.4130893051624298,3.051323652267456
split_scaffold_heldout,drug_mean,"B cells, Azacitidine",0.15282957,0.6728515,0.40171533823013306,1.8028665781021118
split_scaffold_heldout,drug_mean,"Myeloid cells, Azacitidine",0.08065482,0.6251823,0.3013901710510254,1.7164138555526733
split_scaffold_heldout,drug_mean,"NK cells, Azacitidine",0.13897008,0.6510837,0.22040028870105743,1.8150067329406738
split_scaffold_heldout,drug_mean,"T cells, Azacitidine",0.18764398,0.6122901,0.4097364544868469,1.7081730365753174
split_scaffold_heldout,drug_mean,"NK cells, RG7112",0.23061717,0.65234566,0.4265732169151306,1.8819524049758911
split_scaffold_heldout,drug_mean,"T cells, RG7112",0.3113069,0.5997726,0.5151190757751465,2.1527466773986816
split_scaffold_heldout,drug_mean,"B cells, Masitinib",0.36703262,0.6701855,0.5723728537559509,1.7232033014297485
split_scaffold_heldout,drug_mean,"Myeloid cells, Masitinib",0.32184026,0.7088116,0.6370355486869812,1.863940715789795
split_scaffold_heldout,drug_mean,"NK cells, Masitinib",0.22448692,0.6622571,0.3130475878715515,1.8042503595352173
split_scaffold_heldout,drug_mean,"T cells, Masitinib",0.25996163,0.5554563,0.6742719411849976,1.4574428796768188
split_scaffold_heldout,drug_mean,"NK cells, SLx-2119",0.12942043,0.71667576,0.09624894708395004,1.9869418144226074
split_scaffold_heldout,drug_mean,"T cells, SLx-2119",0.31782785,0.58560896,0.566414475440979,1.731689214706421
split_scaffold_heldout,drug_mean,"NK cells, Nefazodone",0.15778072,0.6617062,0.2995113134384155,1.8171981573104858
split_scaffold_heldout,drug_mean,"T cells, Nefazodone",0.34075946,0.4646033,0.6345399618148804,1.4821151494979858
split_scaffold_heldout,drug_mean,"B cells, Ricolinostat",0.24420509,0.77598184,0.4588533341884613,1.9196254014968872
split_scaffold_heldout,drug_mean,"Myeloid cells, Ricolinostat",0.019297836,1.1910247,0.06073908507823944,2.450021743774414
split_scaffold_heldout,drug_mean,"NK cells, Ricolinostat",0.039665017,0.784231,0.03334326297044754,1.9445356130599976
split_scaffold_heldout,drug_mean,"T cells, Ricolinostat",0.19201472,0.8732123,0.3980768024921417,2.058671236038208
split_scaffold_heldout,drug_mean,"B cells, CEP-37440",0.3369456,0.68664414,0.5949345231056213,1.8042750358581543
split_scaffold_heldout,drug_mean,"Myeloid cells, CEP-37440",0.14591596,0.93569475,0.31933674216270447,2.1807186603546143
split_scaffold_heldout,drug_mean,"NK cells, CEP-37440",0.25019097,0.6701931,0.4105149805545807,1.8061354160308838
split_scaffold_heldout,drug_mean,"T cells, CEP-37440",0.38913503,0.62810093,0.6949489712715149,1.7939425706863403
split_scaffold_heldout,drug_mean,"NK cells, Vandetanib",0.15979086,0.65596795,0.3774392902851105,1.8022229671478271
split_scaffold_heldout,drug_mean,"T cells, Vandetanib",0.191507,0.52278876,0.41693708300590515,1.5556617975234985
split_scaffold_heldout,drug_mean,"NK cells, Colforsin",0.07332185,0.6700876,0.038672540336847305,1.837438702583313
split_scaffold_heldout,drug_mean,"T cells, Colforsin",0.25185162,0.54257846,0.4279671907424927,1.5324572324752808
split_scaffold_heldout,drug_mean,"B cells, Tivantinib",0.35233766,0.6824384,0.5702894330024719,1.7895429134368896
split_scaffold_heldout,drug_mean,"Myeloid cells, Tivantinib",0.23863117,0.8059126,0.4474319517612457,2.0200533866882324
split_scaffold_heldout,drug_mean,"NK cells, Tivantinib",0.19239882,0.6798486,0.3917491137981415,1.8232797384262085
split_scaffold_heldout,drug_mean,"T cells, Tivantinib",0.2556913,0.741082,0.450621098279953,1.851456642150879
split_scaffold_heldout,drug_mean,"NK cells, Tipifarnib",0.27339098,0.67764527,0.4970386326313019,1.802163004875183
split_scaffold_heldout,drug_mean,"T cells, Tipifarnib",0.45419517,0.6194277,0.7404842376708984,1.681869626045227
split_scaffold_heldout,drug_mean,"B cells, RG7090",0.116819404,0.62265354,0.3017420470714569,1.7358819246292114
split_scaffold_heldout,drug_mean,"Myeloid cells, RG7090",0.042319395,0.8670034,0.13479703664779663,2.0786945819854736
split_scaffold_heldout,drug_mean,"NK cells, RG7090",0.05320475,0.698157,0.1469719558954239,1.8528989553451538
split_scaffold_heldout,drug_mean,"T cells, RG7090",-0.11517894,0.85426253,-0.16241292655467987,2.110326051712036
split_scaffold_heldout,drug_mean,"B cells, Atorvastatin",0.19429135,0.60078853,0.4718972444534302,1.6555696725845337
split_scaffold_heldout,drug_mean,"Myeloid cells, Atorvastatin",-0.034278836,0.7600817,-0.09916946291923523,2.137871742248535
split_scaffold_heldout,drug_mean,"B cells, BMS-777607",0.31297714,0.61944616,0.5690824389457703,1.7102974653244019
split_scaffold_heldout,drug_mean,"Myeloid cells, BMS-777607",0.2841189,0.7475247,0.5429694056510925,1.9360880851745605
split_scaffold_heldout,drug_mean,"B cells, AVL-292",0.5844767,0.92152035,0.7845054864883423,2.0240073204040527
split_scaffold_heldout,drug_mean,"Myeloid cells, AVL-292",0.32339236,0.90336204,0.5597283840179443,2.0799925327301025
split_scaffold_heldout,drug_mean,"B cells, Sgc-cbp30",0.2355273,0.6558215,0.54258793592453,1.7314112186431885
split_scaffold_heldout,drug_mean,"Myeloid cells, Sgc-cbp30",0.25675803,0.96208346,0.4668223559856415,2.138190507888794
split_scaffold_heldout,drug_mean,"B cells, Desloratadine",0.11923528,0.58922166,0.1328166127204895,1.6775673627853394
split_scaffold_heldout,drug_mean,"Myeloid cells, Desloratadine",0.062304135,0.64467233,0.11754342168569565,1.7603458166122437
split_scaffold_heldout,drug_mean,"B cells, Canertinib",0.24406326,0.7212595,0.44812074303627014,1.9158456325531006
split_scaffold_heldout,drug_mean,"B cells, Alogliptin",0.0801583,0.6143885,0.17240913212299347,1.8016642332077026
split_scaffold_heldout,drug_mean,"Myeloid cells, Alogliptin",0.0030255371,0.6107536,0.038695842027664185,1.7258294820785522
split_scaffold_heldout,drug_mean,"B cells, Decitabine",0.116458595,0.57827365,0.10462550818920135,1.7672041654586792
split_scaffold_heldout,drug_mean,"Myeloid cells, Decitabine",0.25076768,0.51736784,0.4404604434967041,1.6427650451660156
split_scaffold_heldout,drug_mean,"B cells, Resminostat",0.27600172,1.6766827,0.3907383680343628,2.7423598766326904
split_scaffold_heldout,drug_mean,"Myeloid cells, Resminostat",0.34317845,1.9230456,0.45937660336494446,2.8699140548706055
split_scaffold_heldout,drug_mean,"B cells, RG7112",0.084088854,0.60289854,0.23514801263809204,1.995598316192627
split_scaffold_heldout,drug_mean,"Myeloid cells, RG7112",0.31451115,0.7401034,0.5643132328987122,2.1297144889831543
split_scaffold_heldout,drug_mean,"B cells, SLx-2119",0.39026743,0.6138993,0.6648476123809814,1.6576893329620361
split_scaffold_heldout,drug_mean,"Myeloid cells, SLx-2119",0.07494784,0.6448394,0.021932251751422882,2.049121379852295
split_scaffold_heldout,drug_mean,"B cells, Nefazodone",0.20609929,0.58881867,0.37492266297340393,1.765383005142212
split_scaffold_heldout,drug_mean,"Myeloid cells, Nefazodone",0.28855008,0.52284086,0.5674592852592468,1.5822818279266357
split_scaffold_heldout,drug_mean,"B cells, Vandetanib",0.4087686,0.66087264,0.6705811619758606,1.7684218883514404
split_scaffold_heldout,drug_mean,"Myeloid cells, Vandetanib",0.18920563,0.7746793,0.390884667634964,1.9296008348464966
split_scaffold_heldout,drug_mean,"B cells, Colforsin",0.21715082,0.57443017,0.3192792534828186,1.676824927330017
split_scaffold_heldout,drug_mean,"Myeloid cells, Colforsin",0.1045171,0.68350095,0.22345484793186188,1.944881558418274
split_scaffold_heldout,drug_mean,"B cells, Tipifarnib",0.3562309,0.6232491,0.5838882923126221,1.7002264261245728
split_scaffold_heldout,drug_mean,"Myeloid cells, Tipifarnib",0.39632308,0.77725106,0.678372859954834,1.8683018684387207
split_cell_scaffold_heldout,global_train_mean,"NK cells, Atorvastatin",0.08413402,0.68516743,0.1333216428756714,1.7557443380355835
split_cell_scaffold_heldout,global_train_mean,"NK cells, Foretinib",0.28940445,0.74627495,0.48900482058525085,1.8545231819152832
split_cell_scaffold_heldout,global_train_mean,"NK cells, BMS-777607",0.08318008,0.6807954,0.16510382294654846,1.7804034948349
split_cell_scaffold_heldout,global_train_mean,"NK cells, TL_HRAS26",0.030656815,0.6669088,-0.010661542415618896,1.8872871398925781
split_cell_scaffold_heldout,global_train_mean,"NK cells, AVL-292",0.23635633,0.6825856,0.40967077016830444,1.8105665445327759
split_cell_scaffold_heldout,global_train_mean,"NK cells, Navitoclax",-0.06829579,0.77206385,-0.10965313017368317,1.9950398206710815
split_cell_scaffold_heldout,global_train_mean,"NK cells, Methotrexate",-0.1851284,0.7430173,-0.28193092346191406,1.9983047246932983
split_cell_scaffold_heldout,global_train_mean,"NK cells, Sgc-cbp30",0.20089546,0.6911838,0.3879150152206421,1.774522066116333
split_cell_scaffold_heldout,global_train_mean,"NK cells, Scriptaid",0.257562,1.3078909,0.4018459618091583,2.4989700317382812
split_cell_scaffold_heldout,global_train_mean,"NK cells, Desloratadine",0.016197797,0.6952165,-0.07599122822284698,1.8509591817855835
split_cell_scaffold_heldout,global_train_mean,"NK cells, Canertinib",0.047450714,0.7317471,0.07962599396705627,1.9677904844284058
split_cell_scaffold_heldout,global_train_mean,"NK cells, Idelalisib",0.13917294,0.72410494,0.3149626851081848,1.8430019617080688
split_cell_scaffold_heldout,global_train_mean,"NK cells, Alogliptin",-0.061665077,0.6906722,-0.19380410015583038,1.9097448587417603
split_cell_scaffold_heldout,global_train_mean,"NK cells, Decitabine",0.029045656,0.6756165,0.018296824768185616,1.7805207967758179
split_cell_scaffold_heldout,global_train_mean,"NK cells, Riociguat",0.076819,0.6926249,0.18294672667980194,1.8287029266357422
split_cell_scaffold_heldout,global_train_mean,"NK cells, Resminostat",0.22306901,1.317366,0.34913384914398193,2.485978364944458
split_cell_scaffold_heldout,global_train_mean,"NK cells, Azacitidine",0.105811894,0.6723115,0.1241377741098404,1.834269404411316
split_cell_scaffold_heldout,global_train_mean,"NK cells, RG7112",0.18946315,0.67221445,0.35263437032699585,1.8941181898117065
split_cell_scaffold_heldout,global_train_mean,"NK cells, Masitinib",0.17917459,0.6833326,0.2423076331615448,1.8221782445907593
split_cell_scaffold_heldout,global_train_mean,"NK cells, SLx-2119",0.10716551,0.73366904,0.06254515051841736,2.00011944770813
split_cell_scaffold_heldout,global_train_mean,"NK cells, Nefazodone",0.1125397,0.68534374,0.21321891248226166,1.8360557556152344
split_cell_scaffold_heldout,global_train_mean,"NK cells, Ricolinostat",0.03443987,0.79866725,0.017291489988565445,1.9508355855941772
split_cell_scaffold_heldout,global_train_mean,"NK cells, CEP-37440",0.21153669,0.6880854,0.35692134499549866,1.8153696060180664
split_cell_scaffold_heldout,global_train_mean,"NK cells, Vandetanib",0.10925334,0.6811656,0.24759933352470398,1.8301066160202026
split_cell_scaffold_heldout,global_train_mean,"NK cells, Colforsin",0.049119197,0.6908373,-0.017185339704155922,1.8534471988677979
split_cell_scaffold_heldout,global_train_mean,"NK cells, Tivantinib",0.15585844,0.6992435,0.30863022804260254,1.837867259979248
split_cell_scaffold_heldout,global_train_mean,"NK cells, Tipifarnib",0.2281605,0.6963383,0.42456790804862976,1.8143495321273804
split_cell_scaffold_heldout,global_train_mean,"NK cells, RG7090",0.013930068,0.723132,0.05268527567386627,1.8790253400802612
split_cell_scaffold_heldout,cell_context_mean,"NK cells, Atorvastatin",0.08413402,0.68516743,0.1333216428756714,1.7557443380355835
split_cell_scaffold_heldout,cell_context_mean,"NK cells, Foretinib",0.28940445,0.74627495,0.48900482058525085,1.8545231819152832
split_cell_scaffold_heldout,cell_context_mean,"NK cells, BMS-777607",0.08318008,0.6807954,0.16510382294654846,1.7804034948349
split_cell_scaffold_heldout,cell_context_mean,"NK cells, TL_HRAS26",0.030656815,0.6669088,-0.010661542415618896,1.8872871398925781
split_cell_scaffold_heldout,cell_context_mean,"NK cells, AVL-292",0.23635633,0.6825856,0.40967077016830444,1.8105665445327759
split_cell_scaffold_heldout,cell_context_mean,"NK cells, Navitoclax",-0.06829579,0.77206385,-0.10965313017368317,1.9950398206710815
split_cell_scaffold_heldout,cell_context_mean,"NK cells, Methotrexate",-0.1851284,0.7430173,-0.28193092346191406,1.9983047246932983
split_cell_scaffold_heldout,cell_context_mean,"NK cells, Sgc-cbp30",0.20089546,0.6911838,0.3879150152206421,1.774522066116333
split_cell_scaffold_heldout,cell_context_mean,"NK cells, Scriptaid",0.257562,1.3078909,0.4018459618091583,2.4989700317382812
split_cell_scaffold_heldout,cell_context_mean,"NK cells, Desloratadine",0.016197797,0.6952165,-0.07599122822284698,1.8509591817855835
split_cell_scaffold_heldout,cell_context_mean,"NK cells, Canertinib",0.047450714,0.7317471,0.07962599396705627,1.9677904844284058
split_cell_scaffold_heldout,cell_context_mean,"NK cells, Idelalisib",0.13917294,0.72410494,0.3149626851081848,1.8430019617080688
split_cell_scaffold_heldout,cell_context_mean,"NK cells, Alogliptin",-0.061665077,0.6906722,-0.19380410015583038,1.9097448587417603
split_cell_scaffold_heldout,cell_context_mean,"NK cells, Decitabine",0.029045656,0.6756165,0.018296824768185616,1.7805207967758179
split_cell_scaffold_heldout,cell_context_mean,"NK cells, Riociguat",0.076819,0.6926249,0.18294672667980194,1.8287029266357422
split_cell_scaffold_heldout,cell_context_mean,"NK cells, Resminostat",0.22306901,1.317366,0.34913384914398193,2.485978364944458
split_cell_scaffold_heldout,cell_context_mean,"NK cells, Azacitidine",0.105811894,0.6723115,0.1241377741098404,1.834269404411316
split_cell_scaffold_heldout,cell_context_mean,"NK cells, RG7112",0.18946315,0.67221445,0.35263437032699585,1.8941181898117065
split_cell_scaffold_heldout,cell_context_mean,"NK cells, Masitinib",0.17917459,0.6833326,0.2423076331615448,1.8221782445907593
split_cell_scaffold_heldout,cell_context_mean,"NK cells, SLx-2119",0.10716551,0.73366904,0.06254515051841736,2.00011944770813
split_cell_scaffold_heldout,cell_context_mean,"NK cells, Nefazodone",0.1125397,0.68534374,0.21321891248226166,1.8360557556152344
split_cell_scaffold_heldout,cell_context_mean,"NK cells, Ricolinostat",0.03443987,0.79866725,0.017291489988565445,1.9508355855941772
split_cell_scaffold_heldout,cell_context_mean,"NK cells, CEP-37440",0.21153669,0.6880854,0.35692134499549866,1.8153696060180664
split_cell_scaffold_heldout,cell_context_mean,"NK cells, Vandetanib",0.10925334,0.6811656,0.24759933352470398,1.8301066160202026
split_cell_scaffold_heldout,cell_context_mean,"NK cells, Colforsin",0.049119197,0.6908373,-0.017185339704155922,1.8534471988677979
split_cell_scaffold_heldout,cell_context_mean,"NK cells, Tivantinib",0.15585844,0.6992435,0.30863022804260254,1.837867259979248
split_cell_scaffold_heldout,cell_context_mean,"NK cells, Tipifarnib",0.2281605,0.6963383,0.42456790804862976,1.8143495321273804
split_cell_scaffold_heldout,cell_context_mean,"NK cells, RG7090",0.013930068,0.723132,0.05268527567386627,1.8790253400802612
split_cell_scaffold_heldout,drug_mean,"NK cells, Atorvastatin",0.08413402,0.68516743,0.1333216428756714,1.7557443380355835
split_cell_scaffold_heldout,drug_mean,"NK cells, Foretinib",0.28940445,0.74627495,0.48900482058525085,1.8545231819152832
split_cell_scaffold_heldout,drug_mean,"NK cells, BMS-777607",0.08318008,0.6807954,0.16510382294654846,1.7804034948349
split_cell_scaffold_heldout,drug_mean,"NK cells, TL_HRAS26",0.030656815,0.6669088,-0.010661542415618896,1.8872871398925781
split_cell_scaffold_heldout,drug_mean,"NK cells, AVL-292",0.23635633,0.6825856,0.40967077016830444,1.8105665445327759
split_cell_scaffold_heldout,drug_mean,"NK cells, Navitoclax",-0.06829579,0.77206385,-0.10965313017368317,1.9950398206710815
split_cell_scaffold_heldout,drug_mean,"NK cells, Methotrexate",-0.1851284,0.7430173,-0.28193092346191406,1.9983047246932983
split_cell_scaffold_heldout,drug_mean,"NK cells, Sgc-cbp30",0.20089546,0.6911838,0.3879150152206421,1.774522066116333
split_cell_scaffold_heldout,drug_mean,"NK cells, Scriptaid",0.257562,1.3078909,0.4018459618091583,2.4989700317382812
split_cell_scaffold_heldout,drug_mean,"NK cells, Desloratadine",0.016197797,0.6952165,-0.07599122822284698,1.8509591817855835
split_cell_scaffold_heldout,drug_mean,"NK cells, Canertinib",0.047450714,0.7317471,0.07962599396705627,1.9677904844284058
split_cell_scaffold_heldout,drug_mean,"NK cells, Idelalisib",0.13917294,0.72410494,0.3149626851081848,1.8430019617080688
split_cell_scaffold_heldout,drug_mean,"NK cells, Alogliptin",-0.061665077,0.6906722,-0.19380410015583038,1.9097448587417603
split_cell_scaffold_heldout,drug_mean,"NK cells, Decitabine",0.029045656,0.6756165,0.018296824768185616,1.7805207967758179
split_cell_scaffold_heldout,drug_mean,"NK cells, Riociguat",0.076819,0.6926249,0.18294672667980194,1.8287029266357422
split_cell_scaffold_heldout,drug_mean,"NK cells, Resminostat",0.22306901,1.317366,0.34913384914398193,2.485978364944458
split_cell_scaffold_heldout,drug_mean,"NK cells, Azacitidine",0.105811894,0.6723115,0.1241377741098404,1.834269404411316
split_cell_scaffold_heldout,drug_mean,"NK cells, RG7112",0.18946315,0.67221445,0.35263437032699585,1.8941181898117065
split_cell_scaffold_heldout,drug_mean,"NK cells, Masitinib",0.17917459,0.6833326,0.2423076331615448,1.8221782445907593
split_cell_scaffold_heldout,drug_mean,"NK cells, SLx-2119",0.10716551,0.73366904,0.06254515051841736,2.00011944770813
split_cell_scaffold_heldout,drug_mean,"NK cells, Nefazodone",0.1125397,0.68534374,0.21321891248226166,1.8360557556152344
split_cell_scaffold_heldout,drug_mean,"NK cells, Ricolinostat",0.03443987,0.79866725,0.017291489988565445,1.9508355855941772
split_cell_scaffold_heldout,drug_mean,"NK cells, CEP-37440",0.21153669,0.6880854,0.35692134499549866,1.8153696060180664
split_cell_scaffold_heldout,drug_mean,"NK cells, Vandetanib",0.10925334,0.6811656,0.24759933352470398,1.8301066160202026
split_cell_scaffold_heldout,drug_mean,"NK cells, Colforsin",0.049119197,0.6908373,-0.017185339704155922,1.8534471988677979
split_cell_scaffold_heldout,drug_mean,"NK cells, Tivantinib",0.15585844,0.6992435,0.30863022804260254,1.837867259979248
split_cell_scaffold_heldout,drug_mean,"NK cells, Tipifarnib",0.2281605,0.6963383,0.42456790804862976,1.8143495321273804
split_cell_scaffold_heldout,drug_mean,"NK cells, RG7090",0.013930068,0.723132,0.05268527567386627,1.8790253400802612
