split,baseline,seeds,mean_train_records,mean_test_records,mean_rowwise_pearson,sd_rowwise_pearson,mean_de_rowwise_pearson,sd_de_rowwise_pearson
split_moa_heldout,cell_context_mean,100,434.17,110.83,0.30099454592562525,0.037846069391597806,0.4690611181702293,0.051675644074409374
split_moa_heldout,drug_mean,100,434.17,110.83,0.22927132219082805,0.038282864587790295,0.3709150029753554,0.055131855903451876
split_moa_heldout,global_train_mean,100,434.17,110.83,0.22927132219082805,0.038282864587790295,0.3709150029753554,0.055131855903451876
split_moa_heldout,ridge_cell,100,434.17,110.83,0.30077135117794485,0.03860357231798821,0.4678012155571597,0.05247050620353396
split_moa_heldout,ridge_cell_drug_fp,100,434.17,110.83,0.21157839339103185,0.030352205493017155,0.36275579584131906,0.04534042266546483
split_moa_heldout,ridge_drug_fp,100,434.17,110.83,0.14073522322097312,0.028713892180884572,0.2487660473016655,0.046708463424111675
