split,baseline,sample_id,rowwise_pearson,rmse,de_rowwise_pearson,de_rmse
split_random,global_train_mean,"B cells, MK-5108",0.22435153,0.5696437,0.43881335854530334,1.6595999002456665
split_random,global_train_mean,"NK cells, Lapatinib",-0.12718533,0.75058645,-0.27184802293777466,1.9449857473373413
split_random,global_train_mean,"NK cells, Atorvastatin",0.13732553,0.6546495,0.2347085028886795,1.7353094816207886
split_random,global_train_mean,"T cells, Clomipramine",0.2687957,0.5414554,0.5091645121574402,1.5888111591339111
split_random,global_train_mean,"NK cells, Linagliptin",0.12061076,0.6402499,0.19704295694828033,1.7556225061416626
split_random,global_train_mean,"T cells, Linagliptin",0.1949506,0.50243485,0.26304948329925537,1.566286563873291
split_random,global_train_mean,"T cells, 5-(9-Isopropyl-8-methyl-2-morpholino-9H-purin-6-yl)pyrimidin-2-amine",0.64084226,1.3327318,0.7942597270011902,2.3901021480560303
split_random,global_train_mean,"Myeloid cells, O-Demethylated Adapalene",0.18182674,0.80493915,0.3525671064853668,2.1827566623687744
split_random,global_train_mean,"NK cells, O-Demethylated Adapalene",0.066858776,0.66083884,0.05097658187150955,1.8156434297561646
split_random,global_train_mean,"T cells, O-Demethylated Adapalene",0.3154206,0.56350404,0.5237508416175842,1.7107155323028564
split_random,global_train_mean,"NK cells, Protriptyline",0.03119975,0.6419291,0.12858104705810547,1.779484510421753
split_random,global_train_mean,"B cells, Foretinib",0.59241676,1.0264423,0.7809503674507141,2.158165693283081
split_random,global_train_mean,"Myeloid cells, GW843682X",0.15448117,0.732276,0.3395647406578064,2.010571241378784
split_random,global_train_mean,"NK cells, GW843682X",0.16498397,0.6440815,0.4169512689113617,1.7930066585540771
split_random,global_train_mean,"B cells, Porcn Inhibitor III",-0.024640044,0.62203866,0.07143692672252655,1.7697199583053589
split_random,global_train_mean,"T cells, Porcn Inhibitor III",-0.25047103,0.7202103,-0.41102132201194763,1.873441457748413
split_random,global_train_mean,"T cells, Vorinostat",0.38797432,2.1372497,0.4820314347743988,3.028069019317627
split_random,global_train_mean,"NK cells, BMS-265246",0.11068487,0.8859455,0.2441537231206894,2.144503116607666
split_random,global_train_mean,"T cells, BMS-265246",0.16617313,1.359551,0.2939649820327759,2.54231333732605
split_random,global_train_mean,"NK cells, Ruxolitinib",0.30915707,0.7127365,0.5161433815956116,1.7842744588851929
split_random,global_train_mean,"B cells, Pomalidomide",-0.14799327,1.0267488,-0.2458275407552719,2.4530766010284424
split_random,global_train_mean,"B cells, Dovitinib",0.5052788,0.8397247,0.7515076398849487,2.026232957839966
split_random,global_train_mean,"NK cells, Methotrexate",-0.15808287,0.70680773,-0.23178577423095703,1.9562374353408813
split_random,global_train_mean,"B cells, Palbociclib",0.22997947,0.6387527,0.4750994145870209,1.741137146949768
split_random,global_train_mean,"T cells, Palbociclib",0.31402528,0.51225096,0.6599791049957275,1.5630652904510498
split_random,global_train_mean,"T cells, Sgc-cbp30",0.31043854,0.7364344,0.5101158022880554,1.9005193710327148
split_random,global_train_mean,"NK cells, BAY 61-3606",0.34121075,0.9969385,0.5547730326652527,2.144752025604248
split_random,global_train_mean,"T cells, Vardenafil",0.2174722,0.5379079,0.4992963969707489,1.6232149600982666
split_random,global_train_mean,"NK cells, Dasatinib",0.25446054,0.7445069,0.42531636357307434,1.8498904705047607
split_random,global_train_mean,"B cells, PF-04691502",0.5539954,1.0665216,0.7515950798988342,2.2101564407348633
split_random,global_train_mean,"T cells, PF-04691502",0.54843396,1.0456418,0.7427657842636108,2.2225332260131836
split_random,global_train_mean,"T cells, Perhexiline",0.59976834,0.90756035,0.8093584179878235,2.047145366668701
split_random,global_train_mean,"T cells, Ketoconazole",-0.24506816,1.290131,-0.4084166884422302,2.7120184898376465
split_random,global_train_mean,"T cells, Desloratadine",0.13375218,0.53617656,0.3634335398674011,1.5652142763137817
split_random,global_train_mean,"B cells, Dactolisib",0.621981,1.3693463,0.7826499938964844,2.47650408744812
split_random,global_train_mean,"Myeloid cells, Dactolisib",0.53196853,2.0520377,0.646659255027771,2.9976577758789062
split_random,global_train_mean,"NK cells, IKK Inhibitor VII",0.30582273,0.71910995,0.5090999603271484,1.830620527267456
split_random,global_train_mean,"NK cells, Isoniazid",0.08944885,0.6544532,0.17716020345687866,1.82106351852417
split_random,global_train_mean,"B cells, Idelalisib",0.53512496,0.93628144,0.7591389417648315,2.0999200344085693
split_random,global_train_mean,"B cells, Quizartinib",0.07396272,0.586264,0.3025721311569214,1.639096975326538
split_random,global_train_mean,"T cells, PD-0325901",0.51563036,0.8049768,0.7365564703941345,1.9445443153381348
split_random,global_train_mean,"B cells, LDN 193189",0.13899687,0.57574886,0.36029118299484253,1.6556614637374878
split_random,global_train_mean,"NK cells, Cabozantinib",0.05925489,0.68360656,0.17018738389015198,1.8035993576049805
split_random,global_train_mean,"NK cells, Riociguat",0.12582642,0.66293734,0.30275410413742065,1.805083155632019
split_random,global_train_mean,"T cells, Riociguat",0.1916766,0.50867265,0.23981603980064392,1.744135856628418
split_random,global_train_mean,"T cells, BI-D1870",0.030113807,0.60951805,0.07829795777797699,1.6989593505859375
split_random,global_train_mean,"T cells, AZD3514",0.35599667,0.73569226,0.5486717224121094,1.9121904373168945
split_random,global_train_mean,"T cells, HMN-214",-0.20238326,0.772882,-0.5247281789779663,2.28149676322937
split_random,global_train_mean,"NK cells, CC-401",0.2769579,0.6777426,0.48421037197113037,1.7868797779083252
split_random,global_train_mean,"T cells, Crizotinib",0.55996805,0.74596095,0.7631238698959351,1.8643428087234497
split_random,global_train_mean,"NK cells, Nilotinib",0.30480567,0.7059272,0.5406903028488159,1.7866756916046143
split_random,global_train_mean,"Myeloid cells, GO-6976",0.15182403,1.1424111,0.31314030289649963,2.2846381664276123
split_random,global_train_mean,"T cells, GO-6976",-0.1236655,0.93453044,-0.22858011722564697,2.153599262237549
split_random,global_train_mean,"B cells, TGX 221",0.54443985,0.8090167,0.7752163410186768,1.918783187866211
split_random,global_train_mean,"Myeloid cells, TGX 221",0.4704856,0.91592854,0.7097507119178772,2.0795233249664307
split_random,global_train_mean,"NK cells, TGX 221",0.32629374,0.70279974,0.4948636293411255,1.7977721691131592
split_random,global_train_mean,"B cells, Pitavastatin Calcium",-0.14470841,1.1427224,-0.20421715080738068,2.4491946697235107
split_random,global_train_mean,"T cells, Pitavastatin Calcium",-0.22187528,1.641663,-0.3068945109844208,2.8850011825561523
split_random,global_train_mean,"T cells, PRT-062607",0.66785157,0.9262345,0.8531980514526367,1.9704300165176392
split_random,global_train_mean,"T cells, AZD-8330",0.5955901,0.6998012,0.8422708511352539,1.7273025512695312
split_random,global_train_mean,"T cells, Ceritinib",0.47852206,0.5473499,0.7328903675079346,1.535203218460083
split_random,global_train_mean,"T cells, CGM-097",-0.05066866,1.3753034,-0.07213743776082993,2.6735291481018066
split_random,global_train_mean,"NK cells, Nefazodone",0.16988659,0.6553689,0.33048924803733826,1.811858057975769
split_random,global_train_mean,"T cells, TPCA-1",0.6601725,1.0632774,0.8241385221481323,2.1112771034240723
split_random,global_train_mean,"T cells, MGCD-265",0.41664654,0.45479152,0.6550582647323608,1.454636573791504
split_random,global_train_mean,"NK cells, GSK-1070916",0.12970878,0.65196854,0.289668470621109,1.7751367092132568
split_random,global_train_mean,"T cells, GSK-1070916",0.36080042,0.5578054,0.6569725275039673,1.6288888454437256
split_random,global_train_mean,"B cells, Midostaurin",0.45201483,0.78605956,0.6939055919647217,1.922289490699768
split_random,global_train_mean,"Myeloid cells, R428",0.2834609,2.0196073,0.38618022203445435,3.0049235820770264
split_random,global_train_mean,"NK cells, Oxybenzone",0.14500585,0.6336424,0.23762795329093933,1.7743457555770874
split_random,global_train_mean,"T cells, Oxybenzone",0.22464435,0.48197535,0.4699559509754181,1.5234647989273071
split_random,global_train_mean,"T cells, Imatinib",0.22317053,0.50079733,0.40541937947273254,1.5224313735961914
split_random,global_train_mean,"NK cells, SCH-58261",0.0039047813,0.6866556,0.04413123056292534,1.8607007265090942
split_random,global_train_mean,"B cells, Tivantinib",0.38298464,0.6748501,0.6076328158378601,1.779455304145813
split_random,global_train_mean,"T cells, Tivantinib",0.31057435,0.7263834,0.5424813628196716,1.8258419036865234
split_random,global_train_mean,"T cells, Prednisolone",0.5118711,1.3465428,0.6439200639724731,2.540663719177246
split_random,global_train_mean,"T cells, Tacalcitol",0.40349844,0.6235557,0.7228700518608093,1.6773574352264404
split_random,global_train_mean,"T cells, Clotrimazole",0.14257887,0.54263175,0.26858627796173096,1.717612624168396
split_random,global_train_mean,"T cells, GLPG0634",0.5133584,0.7160533,0.786809504032135,1.7662471532821655
split_random,global_train_mean,"Myeloid cells, TIE2 Kinase Inhibitor",0.012817136,0.6711273,0.160145565867424,1.8781739473342896
split_random,global_train_mean,"Myeloid cells, Clomipramine",0.28504992,0.646253,0.5778339505195618,1.7662779092788696
split_random,global_train_mean,"B cells, Ixabepilone",0.12899844,0.5783351,0.2640932500362396,1.818272352218628
split_random,global_train_mean,"Myeloid cells, Ixabepilone",0.13303363,0.66188407,0.18391694128513336,1.8753775358200073
split_random,global_train_mean,"Myeloid cells, Protriptyline",0.055291943,0.55920583,0.05337609723210335,1.7116296291351318
split_random,global_train_mean,"Myeloid cells, BMS-777607",0.28369904,0.74713695,0.5334237813949585,1.9465774297714233
split_random,global_train_mean,"B cells, Vardenafil",0.23600781,0.5709615,0.47746339440345764,1.6242830753326416
split_random,global_train_mean,"Myeloid cells, Vardenafil",0.20172659,0.6834059,0.5005307793617249,1.7731860876083374
split_random,global_train_mean,"B cells, AT13387",0.47430447,1.5630335,0.6153554916381836,2.684507131576538
split_random,global_train_mean,"Myeloid cells, Disulfiram",-0.008005096,0.6558784,-0.014111250638961792,1.9159969091415405
split_random,global_train_mean,"Myeloid cells, Desloratadine",0.076728314,0.63621104,0.14224150776863098,1.7517536878585815
split_random,global_train_mean,"Myeloid cells, Amiodarone",0.0738806,0.6398925,0.17688770592212677,1.8387207984924316
split_random,global_train_mean,"Myeloid cells, Alogliptin",0.0069925557,0.6034426,0.047242872416973114,1.722687840461731
split_random,global_train_mean,"Myeloid cells, RN-486",0.2209053,0.72756636,0.4021202325820923,1.9334099292755127
split_random,global_train_mean,"B cells, AZD3514",0.32315254,0.6893138,0.5272510647773743,1.8249040842056274
split_random,global_train_mean,"Myeloid cells, AZD3514",0.3921755,0.78962153,0.6589136719703674,1.9333009719848633
split_random,global_train_mean,"B cells, Saracatinib",0.6045628,0.9991235,0.7961241602897644,2.1548454761505127
split_random,global_train_mean,"Myeloid cells, Saracatinib",0.54080427,1.3880633,0.7019424438476562,2.4512829780578613
split_random,global_train_mean,"B cells, RG7112",0.09811635,0.5944389,0.26108506321907043,1.9902706146240234
split_random,global_train_mean,"Myeloid cells, Lamivudine",0.20269552,0.6854892,0.46038109064102173,1.8035616874694824
split_random,global_train_mean,"Myeloid cells, Ceritinib",0.36921117,0.91344225,0.6387990713119507,2.158815383911133
split_random,global_train_mean,"B cells, TPCA-1",0.63215786,1.0694319,0.8059901595115662,2.1593732833862305
split_random,global_train_mean,"Myeloid cells, MGCD-265",0.31031206,0.5871176,0.5528966784477234,1.6361414194107056
split_random,global_train_mean,"B cells, Bosutinib",0.5446146,1.134915,0.7234823703765869,2.267838716506958
split_random,global_train_mean,"Myeloid cells, YK 4-279",0.082650855,0.6264839,0.13741248846054077,1.7391760349273682
split_random,global_train_mean,"Myeloid cells, Buspirone",0.17650673,0.55102754,0.35717639327049255,1.606582522392273
split_random,global_train_mean,"B cells, ABT-199 (GDC-0199)",-0.20760806,1.0501251,-0.4006924629211426,2.3267674446105957
split_random,global_train_mean,"B cells, Mometasone Furoate",0.5499015,1.1845987,0.7240424752235413,2.347224473953247
split_random,global_train_mean,"Myeloid cells, Doxorubicin",0.20021725,2.3267546,0.258708655834198,3.1674911975860596
split_random,global_train_mean,"B cells, Prednisolone",0.49074623,1.0379224,0.7013266682624817,2.240152359008789
split_random,global_train_mean,"Myeloid cells, Prednisolone",0.44836208,1.5314536,0.5922831892967224,2.6332273483276367
split_random,global_train_mean,"Myeloid cells, Clotrimazole",0.09063772,0.75108397,0.18408815562725067,1.939005732536316
split_random,global_train_mean,"Myeloid cells, Vanoxerine",0.3797795,0.5757273,0.6398962736129761,1.6104713678359985
split_random,global_train_mean,"B cells, SB525334",-0.13232546,0.7439232,-0.30595749616622925,2.0214955806732178
split_random,global_train_mean,"Myeloid cells, SB525334",-0.13799159,1.2866857,-0.20212911069393158,2.60398006439209
split_random,global_train_mean,"Myeloid cells, HYDROXYUREA",0.12418757,0.62882406,0.18328812718391418,1.7843955755233765
split_random,cell_context_mean,"B cells, MK-5108",0.2592414,0.5773832,0.5289925336837769,1.6036053895950317
split_random,cell_context_mean,"NK cells, Lapatinib",-0.008539958,0.7186344,-0.061243586242198944,1.8895606994628906
split_random,cell_context_mean,"NK cells, Atorvastatin",0.26988316,0.6213296,0.4415263831615448,1.6795828342437744
split_random,cell_context_mean,"T cells, Clomipramine",0.28834084,0.56092495,0.5228310823440552,1.5371488332748413
split_random,cell_context_mean,"NK cells, Linagliptin",0.24048169,0.60953933,0.467214435338974,1.6867562532424927
split_random,cell_context_mean,"T cells, Linagliptin",0.24592222,0.5248693,0.3347647488117218,1.5212695598602295
split_random,cell_context_mean,"T cells, 5-(9-Isopropyl-8-methyl-2-morpholino-9H-purin-6-yl)pyrimidin-2-amine",0.67714995,1.2662772,0.8053968548774719,2.2570815086364746
split_random,cell_context_mean,"Myeloid cells, O-Demethylated Adapalene",0.26177445,0.8067303,0.4605565667152405,2.057129383087158
split_random,cell_context_mean,"NK cells, O-Demethylated Adapalene",0.16851081,0.6338213,0.3124755024909973,1.7478251457214355
split_random,cell_context_mean,"T cells, O-Demethylated Adapalene",0.36807674,0.5636424,0.5300692319869995,1.6700682640075684
split_random,cell_context_mean,"NK cells, Protriptyline",0.17197533,0.6059434,0.39564475417137146,1.717640995979309
split_random,cell_context_mean,"B cells, Foretinib",0.63362616,0.98262304,0.8104022741317749,2.04291033744812
split_random,cell_context_mean,"Myeloid cells, GW843682X",0.2899546,0.7236379,0.5007733106613159,1.8491352796554565
split_random,cell_context_mean,"NK cells, GW843682X",0.2642881,0.61848134,0.5201997756958008,1.7511523962020874
split_random,cell_context_mean,"B cells, Porcn Inhibitor III",0.031631228,0.6399512,0.14424258470535278,1.7541457414627075
split_random,cell_context_mean,"T cells, Porcn Inhibitor III",-0.12160244,0.7456917,-0.1677415370941162,1.8403239250183105
split_random,cell_context_mean,"T cells, Vorinostat",0.47517666,2.0777962,0.564176082611084,2.9397003650665283
split_random,cell_context_mean,"NK cells, BMS-265246",0.25960892,0.85013413,0.4802241027355194,2.0761547088623047
split_random,cell_context_mean,"T cells, BMS-265246",0.18589054,1.3570472,0.298051118850708,2.516847848892212
split_random,cell_context_mean,"NK cells, Ruxolitinib",0.39330792,0.6931311,0.6413801312446594,1.746806025505066
split_random,cell_context_mean,"B cells, Pomalidomide",-0.0652705,1.0316616,-0.10864556580781937,2.4382166862487793
split_random,cell_context_mean,"B cells, Dovitinib",0.6136668,0.783669,0.822601854801178,1.8622628450393677
split_random,cell_context_mean,"NK cells, Methotrexate",-0.009019858,0.6682372,0.010623164474964142,1.887419581413269
split_random,cell_context_mean,"B cells, Palbociclib",0.34243667,0.61675173,0.59524005651474,1.6319503784179688
split_random,cell_context_mean,"T cells, Palbociclib",0.37024245,0.51672673,0.6824687123298645,1.4523504972457886
split_random,cell_context_mean,"T cells, Sgc-cbp30",0.38719982,0.7152413,0.6061581969261169,1.7779016494750977
split_random,cell_context_mean,"NK cells, BAY 61-3606",0.41088662,0.9830781,0.6438540816307068,2.1235764026641846
split_random,cell_context_mean,"T cells, Vardenafil",0.31354585,0.53854,0.5513768792152405,1.521194338798523
split_random,cell_context_mean,"NK cells, Dasatinib",0.31814498,0.72915965,0.5388284921646118,1.81735098361969
split_random,cell_context_mean,"B cells, PF-04691502",0.63274616,1.0121704,0.7959880828857422,2.0798439979553223
split_random,cell_context_mean,"T cells, PF-04691502",0.5694268,1.0025365,0.7498009204864502,2.1104071140289307
split_random,cell_context_mean,"T cells, Perhexiline",0.6235849,0.85916805,0.8092028498649597,1.9098719358444214
split_random,cell_context_mean,"T cells, Ketoconazole",-0.21716619,1.328392,-0.33694925904273987,2.7885582447052
split_random,cell_context_mean,"T cells, Desloratadine",0.2625193,0.5369359,0.5004023313522339,1.4450501203536987
split_random,cell_context_mean,"B cells, Dactolisib",0.6284098,1.3313762,0.7701377868652344,2.4011728763580322
split_random,cell_context_mean,"Myeloid cells, Dactolisib",0.5640333,1.9717945,0.6702114343643188,2.8723490238189697
split_random,cell_context_mean,"NK cells, IKK Inhibitor VII",0.33411694,0.7126117,0.5827481150627136,1.8162106275558472
split_random,cell_context_mean,"NK cells, Isoniazid",0.16465417,0.6334495,0.33336177468299866,1.7837285995483398
split_random,cell_context_mean,"B cells, Idelalisib",0.6094423,0.887424,0.7992875576019287,1.9672870635986328
split_random,cell_context_mean,"B cells, Quizartinib",0.14900728,0.59336007,0.3741118013858795,1.5940154790878296
split_random,cell_context_mean,"T cells, PD-0325901",0.5511438,0.76753175,0.7426670789718628,1.8356508016586304
split_random,cell_context_mean,"B cells, LDN 193189",0.19476737,0.58352876,0.4044865071773529,1.6131476163864136
split_random,cell_context_mean,"NK cells, Cabozantinib",0.20978653,0.6458983,0.4129769504070282,1.743043303489685
split_random,cell_context_mean,"NK cells, Riociguat",0.25632483,0.63005203,0.4869023263454437,1.7418267726898193
split_random,cell_context_mean,"T cells, Riociguat",0.2992341,0.5125618,0.4285151958465576,1.6523582935333252
split_random,cell_context_mean,"T cells, BI-D1870",0.11946789,0.6273822,0.24492964148521423,1.6587802171707153
split_random,cell_context_mean,"T cells, AZD3514",0.3683822,0.73236537,0.5563768744468689,1.8525831699371338
split_random,cell_context_mean,"T cells, HMN-214",-0.25958854,0.8446574,-0.582065999507904,2.4691052436828613
split_random,cell_context_mean,"NK cells, CC-401",0.37173566,0.6548401,0.5870977640151978,1.741794228553772
split_random,cell_context_mean,"T cells, Crizotinib",0.5667838,0.7159312,0.7877405881881714,1.7283951044082642
split_random,cell_context_mean,"NK cells, Nilotinib",0.3349264,0.698865,0.5714524388313293,1.774498462677002
split_random,cell_context_mean,"Myeloid cells, GO-6976",0.37015608,1.0729545,0.5921337008476257,2.086362600326538
split_random,cell_context_mean,"T cells, GO-6976",-0.06625842,0.96023166,-0.07414335012435913,2.1609199047088623
split_random,cell_context_mean,"B cells, TGX 221",0.6654159,0.7440651,0.8585755825042725,1.7358561754226685
split_random,cell_context_mean,"Myeloid cells, TGX 221",0.58945554,0.83331376,0.8119075894355774,1.8257365226745605
split_random,cell_context_mean,"NK cells, TGX 221",0.37006155,0.69291735,0.569206178188324,1.7789486646652222
split_random,cell_context_mean,"B cells, Pitavastatin Calcium",-0.08243721,1.1515288,-0.09914414584636688,2.444546699523926
split_random,cell_context_mean,"T cells, Pitavastatin Calcium",-0.13365622,1.6537673,-0.1872723549604416,2.896653652191162
split_random,cell_context_mean,"T cells, PRT-062607",0.6939284,0.8658378,0.8481884002685547,1.8157520294189453
split_random,cell_context_mean,"T cells, AZD-8330",0.6517412,0.64631593,0.8705437779426575,1.5209828615188599
split_random,cell_context_mean,"T cells, Ceritinib",0.51513004,0.53152484,0.7135466933250427,1.4207390546798706
split_random,cell_context_mean,"T cells, CGM-097",0.007896043,1.3828384,-0.004185602068901062,2.676635503768921
split_random,cell_context_mean,"NK cells, Nefazodone",0.2729576,0.6290609,0.47787660360336304,1.7675361633300781
split_random,cell_context_mean,"T cells, TPCA-1",0.70947844,0.9917444,0.8482321500778198,1.9481346607208252
split_random,cell_context_mean,"T cells, MGCD-265",0.41349745,0.47414452,0.6745854616165161,1.3521672487258911
split_random,cell_context_mean,"NK cells, GSK-1070916",0.19851308,0.6328438,0.43415430188179016,1.7352174520492554
split_random,cell_context_mean,"T cells, GSK-1070916",0.460023,0.5347594,0.7012860774993896,1.4579434394836426
split_random,cell_context_mean,"B cells, Midostaurin",0.56113464,0.73625624,0.7829319834709167,1.762495756149292
split_random,cell_context_mean,"Myeloid cells, R428",0.36731857,1.9633683,0.4717429578304291,2.908492088317871
split_random,cell_context_mean,"NK cells, Oxybenzone",0.24057148,0.60858595,0.42638716101646423,1.7160834074020386
split_random,cell_context_mean,"T cells, Oxybenzone",0.30455652,0.49420956,0.48553088307380676,1.4500656127929688
split_random,cell_context_mean,"T cells, Imatinib",0.3005791,0.5118187,0.4571428596973419,1.4067670106887817
split_random,cell_context_mean,"NK cells, SCH-58261",0.12894529,0.6541488,0.2555580735206604,1.8134219646453857
split_random,cell_context_mean,"B cells, Tivantinib",0.42784017,0.65878373,0.6436935663223267,1.6980122327804565
split_random,cell_context_mean,"T cells, Tivantinib",0.39542145,0.70344156,0.5859817266464233,1.7194551229476929
split_random,cell_context_mean,"T cells, Prednisolone",0.52842975,1.304485,0.6615759134292603,2.4515881538391113
split_random,cell_context_mean,"T cells, Tacalcitol",0.4839256,0.5952965,0.7785685062408447,1.509602665901184
split_random,cell_context_mean,"T cells, Clotrimazole",0.24280958,0.5511896,0.4132366180419922,1.6224980354309082
split_random,cell_context_mean,"T cells, GLPG0634",0.5814426,0.66981936,0.8240982890129089,1.5874018669128418
split_random,cell_context_mean,"Myeloid cells, TIE2 Kinase Inhibitor",0.0599648,0.72531176,0.3330165445804596,1.7992850542068481
split_random,cell_context_mean,"Myeloid cells, Clomipramine",0.30303395,0.6697812,0.5701173543930054,1.6489582061767578
split_random,cell_context_mean,"B cells, Ixabepilone",0.18828447,0.585892,0.3514154851436615,1.7823576927185059
split_random,cell_context_mean,"Myeloid cells, Ixabepilone",0.15738232,0.7069273,0.27851608395576477,1.831010103225708
split_random,cell_context_mean,"Myeloid cells, Protriptyline",0.15966879,0.6019822,0.3893532454967499,1.559513807296753
split_random,cell_context_mean,"Myeloid cells, BMS-777607",0.42028967,0.7103905,0.7098477482795715,1.7180585861206055
split_random,cell_context_mean,"B cells, Vardenafil",0.29176658,0.570781,0.5486606955528259,1.5572034120559692
split_random,cell_context_mean,"Myeloid cells, Vardenafil",0.33098784,0.6733375,0.6534284949302673,1.5602940320968628
split_random,cell_context_mean,"B cells, AT13387",0.5507797,1.5131543,0.6914249062538147,2.588425636291504
split_random,cell_context_mean,"Myeloid cells, Disulfiram",0.006414826,0.7257018,0.10556358844041824,1.9002071619033813
split_random,cell_context_mean,"Myeloid cells, Desloratadine",0.02895318,0.71756715,0.07859315723180771,1.7976197004318237
split_random,cell_context_mean,"Myeloid cells, Amiodarone",0.14513269,0.67990375,0.33576229214668274,1.7432398796081543
split_random,cell_context_mean,"Myeloid cells, Alogliptin",0.033042356,0.673301,0.10751299560070038,1.7401719093322754
split_random,cell_context_mean,"Myeloid cells, RN-486",0.27518514,0.7394908,0.4842545986175537,1.8312972784042358
split_random,cell_context_mean,"B cells, AZD3514",0.3291545,0.6913446,0.5145004391670227,1.7946856021881104
split_random,cell_context_mean,"Myeloid cells, AZD3514",0.4138278,0.7770272,0.6679102778434753,1.8013240098953247
split_random,cell_context_mean,"B cells, Saracatinib",0.68084466,0.9415643,0.8496116995811462,2.0058040618896484
split_random,cell_context_mean,"Myeloid cells, Saracatinib",0.61927325,1.2939484,0.7798910737037659,2.2593111991882324
split_random,cell_context_mean,"B cells, RG7112",0.14532194,0.6065985,0.35133448243141174,1.9446814060211182
split_random,cell_context_mean,"Myeloid cells, Lamivudine",0.22003244,0.7192109,0.48131832480430603,1.7212761640548706
split_random,cell_context_mean,"Myeloid cells, Ceritinib",0.5026111,0.8472919,0.7613279819488525,1.9131369590759277
split_random,cell_context_mean,"B cells, TPCA-1",0.71736425,1.005004,0.8626258969306946,2.010789155960083
split_random,cell_context_mean,"Myeloid cells, MGCD-265",0.30180317,0.6241919,0.5666893124580383,1.5393632650375366
split_random,cell_context_mean,"B cells, Bosutinib",0.64318895,1.0737789,0.7985624670982361,2.132962942123413
split_random,cell_context_mean,"Myeloid cells, YK 4-279",0.25437194,0.6297332,0.438069224357605,1.5932433605194092
split_random,cell_context_mean,"Myeloid cells, Buspirone",0.14345318,0.6238945,0.30502980947494507,1.5978553295135498
split_random,cell_context_mean,"B cells, ABT-199 (GDC-0199)",-0.10871018,1.054042,-0.23675981163978577,2.31170392036438
split_random,cell_context_mean,"B cells, Mometasone Furoate",0.5842628,1.1452171,0.741461992263794,2.257291078567505
split_random,cell_context_mean,"Myeloid cells, Doxorubicin",0.208975,2.3124576,0.26611629128456116,3.136904716491699
split_random,cell_context_mean,"B cells, Prednisolone",0.5541768,0.99555886,0.7400029897689819,2.137995958328247
split_random,cell_context_mean,"Myeloid cells, Prednisolone",0.5611494,1.4381182,0.7002968192100525,2.456019163131714
split_random,cell_context_mean,"Myeloid cells, Clotrimazole",0.056113273,0.8153789,0.1550770103931427,1.9519083499908447
split_random,cell_context_mean,"Myeloid cells, Vanoxerine",0.40320462,0.58822316,0.7163434028625488,1.4459638595581055
split_random,cell_context_mean,"B cells, SB525334",-0.08770105,0.7660159,-0.2235562652349472,2.0327298641204834
split_random,cell_context_mean,"Myeloid cells, SB525334",-0.13569379,1.3451346,-0.19525058567523956,2.672415018081665
split_random,cell_context_mean,"Myeloid cells, HYDROXYUREA",0.026180113,0.7213531,0.02394031547009945,1.8543288707733154
split_random,drug_mean,"B cells, MK-5108",0.18367472,0.63089925,0.3730846345424652,1.6475170850753784
split_random,drug_mean,"NK cells, Lapatinib",0.17307582,0.7359992,0.38234663009643555,1.7272979021072388
split_random,drug_mean,"NK cells, Atorvastatin",0.1538468,0.7127811,0.2858460247516632,1.7137866020202637
split_random,drug_mean,"T cells, Clomipramine",0.25736687,0.6148508,0.5007457733154297,1.5093051195144653
split_random,drug_mean,"NK cells, Linagliptin",0.018911887,0.76109874,0.09490642696619034,1.8156254291534424
split_random,drug_mean,"T cells, Linagliptin",0.09163498,0.6317526,0.20455224812030792,1.5828578472137451
split_random,drug_mean,"T cells, 5-(9-Isopropyl-8-methyl-2-morpholino-9H-purin-6-yl)pyrimidin-2-amine",0.67978835,1.079781,0.8033649921417236,1.6789568662643433
split_random,drug_mean,"Myeloid cells, O-Demethylated Adapalene",0.114163846,1.0250525,0.2455681413412094,2.191070795059204
split_random,drug_mean,"NK cells, O-Demethylated Adapalene",0.05884718,0.9325815,0.020213637501001358,1.9889533519744873
split_random,drug_mean,"T cells, O-Demethylated Adapalene",0.26264566,0.80513334,0.5327889323234558,1.5955092906951904
split_random,drug_mean,"NK cells, Protriptyline",0.057170115,0.69550556,0.09120730310678482,1.8156968355178833
split_random,drug_mean,"B cells, Foretinib",0.48105523,1.0160851,0.6752703785896301,1.9074245691299438
split_random,drug_mean,"Myeloid cells, GW843682X",0.23056115,0.7773791,0.34745633602142334,1.9053514003753662
split_random,drug_mean,"NK cells, GW843682X",0.14747486,0.74167484,0.305714875459671,1.7903351783752441
split_random,drug_mean,"B cells, Porcn Inhibitor III",0.13919337,0.8531308,0.29444625973701477,1.711044192314148
split_random,drug_mean,"T cells, Porcn Inhibitor III",0.33056903,0.7822171,0.5736782550811768,1.4556910991668701
split_random,drug_mean,"T cells, Vorinostat",0.7270911,1.5605707,0.7978113889694214,2.0905978679656982
split_random,drug_mean,"NK cells, BMS-265246",0.39025402,1.178362,0.6907542943954468,1.578368067741394
split_random,drug_mean,"T cells, BMS-265246",0.5719619,1.2050375,0.7541260123252869,1.7479424476623535
split_random,drug_mean,"NK cells, Ruxolitinib",0.2618269,0.9927588,0.4785003662109375,1.7089214324951172
split_random,drug_mean,"B cells, Pomalidomide",0.4383608,0.9289,0.6549987196922302,1.801950454711914
split_random,drug_mean,"B cells, Dovitinib",0.31513655,0.92232245,0.5272866487503052,1.977213978767395
split_random,drug_mean,"NK cells, Methotrexate",0.10428629,0.7611067,0.12097235769033432,1.8991200923919678
split_random,drug_mean,"B cells, Palbociclib",0.089175805,0.80045635,0.18564817309379578,1.864303708076477
split_random,drug_mean,"T cells, Palbociclib",0.23311327,0.6595268,0.5305543541908264,1.5578196048736572
split_random,drug_mean,"T cells, Sgc-cbp30",0.359811,0.76212025,0.5932296514511108,1.71576988697052
split_random,drug_mean,"NK cells, BAY 61-3606",0.48816037,1.2639074,0.7305433750152588,1.5801881551742554
split_random,drug_mean,"T cells, Vardenafil",0.06037422,0.8148388,0.16783995926380157,1.7870334386825562
split_random,drug_mean,"NK cells, Dasatinib",0.25980395,1.1220634,0.4517551362514496,1.7782748937606812
split_random,drug_mean,"B cells, PF-04691502",0.23638545,1.2559241,0.4397970139980316,2.2291388511657715
split_random,drug_mean,"T cells, PF-04691502",0.28118482,1.2036961,0.509930431842804,2.1651294231414795
split_random,drug_mean,"T cells, Perhexiline",0.5554533,0.86431324,0.7767499685287476,1.6511448621749878
split_random,drug_mean,"T cells, Ketoconazole",0.6138635,0.9598143,0.7819998264312744,1.7093281745910645
split_random,drug_mean,"T cells, Desloratadine",0.18480657,0.61045116,0.45738181471824646,1.454287052154541
split_random,drug_mean,"B cells, Dactolisib",0.649606,1.1578265,0.7786985039710999,1.7318834066390991
split_random,drug_mean,"Myeloid cells, Dactolisib",0.55070174,1.8085616,0.6374688148498535,2.4984803199768066
split_random,drug_mean,"NK cells, IKK Inhibitor VII",0.30725506,0.9721312,0.5165445804595947,1.6826270818710327
split_random,drug_mean,"NK cells, Isoniazid",0.06593344,0.6981109,0.18045231699943542,1.8175263404846191
split_random,drug_mean,"B cells, Idelalisib",0.4526651,0.9352927,0.6708862781524658,1.9096603393554688
split_random,drug_mean,"B cells, Quizartinib",0.13228016,0.64254665,0.30566897988319397,1.6221941709518433
split_random,drug_mean,"T cells, PD-0325901",0.35366213,0.9200985,0.6534180045127869,1.7324706315994263
split_random,drug_mean,"B cells, LDN 193189",0.18925105,0.6421089,0.39941462874412537,1.6168807744979858
split_random,drug_mean,"NK cells, Cabozantinib",0.15448482,0.7385227,0.32947930693626404,1.734636902809143
split_random,drug_mean,"NK cells, Riociguat",0.050913688,0.75318706,0.10001213103532791,1.8783764839172363
split_random,drug_mean,"T cells, Riociguat",0.1878225,0.58491856,0.37374719977378845,1.6669832468032837
split_random,drug_mean,"T cells, BI-D1870",0.17818035,0.6681827,0.4665400981903076,1.5154963731765747
split_random,drug_mean,"T cells, AZD3514",0.22151296,0.91054463,0.4311298131942749,1.8711336851119995
split_random,drug_mean,"T cells, HMN-214",0.45026505,0.63901347,0.7497210502624512,1.4988380670547485
split_random,drug_mean,"NK cells, CC-401",0.29323295,0.8153162,0.4774933457374573,1.6738619804382324
split_random,drug_mean,"T cells, Crizotinib",0.5352565,0.73709077,0.7902389168739319,1.4789948463439941
split_random,drug_mean,"NK cells, Nilotinib",0.25654268,0.9129464,0.4682285189628601,1.7365789413452148
split_random,drug_mean,"Myeloid cells, GO-6976",0.2323199,1.1534301,0.39767882227897644,2.1848690509796143
split_random,drug_mean,"T cells, GO-6976",0.36380047,0.8446332,0.6065765023231506,1.7436134815216064
split_random,drug_mean,"B cells, TGX 221",0.4546323,0.8923448,0.6432693004608154,1.6890980005264282
split_random,drug_mean,"Myeloid cells, TGX 221",0.31627446,1.0598297,0.5012818574905396,2.0058677196502686
split_random,drug_mean,"NK cells, TGX 221",0.25875482,0.9294706,0.42904359102249146,1.7376213073730469
split_random,drug_mean,"B cells, Pitavastatin Calcium",0.43174937,1.4506726,0.6816898584365845,1.7463607788085938
split_random,drug_mean,"T cells, Pitavastatin Calcium",0.4913651,1.5682911,0.676165759563446,2.041170120239258
split_random,drug_mean,"T cells, PRT-062607",0.5569918,0.91995317,0.7788372039794922,1.5397759675979614
split_random,drug_mean,"T cells, AZD-8330",0.37638748,0.8171699,0.6727192997932434,1.6322044134140015
split_random,drug_mean,"T cells, Ceritinib",0.2743382,0.67781365,0.5660133957862854,1.5300707817077637
split_random,drug_mean,"T cells, CGM-097",0.60539305,1.0692197,0.7577595114707947,1.8993427753448486
split_random,drug_mean,"NK cells, Nefazodone",0.11984998,0.69970953,0.13969694077968597,1.859288215637207
split_random,drug_mean,"T cells, TPCA-1",0.44938317,1.1522028,0.6747503280639648,1.8226641416549683
split_random,drug_mean,"T cells, MGCD-265",0.17647539,0.62921625,0.33709555864334106,1.5745131969451904
split_random,drug_mean,"NK cells, GSK-1070916",0.13461468,0.7832555,0.15577715635299683,1.8209235668182373
split_random,drug_mean,"T cells, GSK-1070916",0.3360518,0.66114855,0.6008598208427429,1.4327863454818726
split_random,drug_mean,"B cells, Midostaurin",0.37713474,0.8680976,0.564829409122467,1.754725456237793
split_random,drug_mean,"Myeloid cells, R428",0.32814267,1.9678631,0.4178455173969269,2.822134256362915
split_random,drug_mean,"NK cells, Oxybenzone",0.08095164,0.70978075,0.0611330084502697,1.8401418924331665
split_random,drug_mean,"T cells, Oxybenzone",0.17958757,0.55982554,0.4080350995063782,1.4853595495224
split_random,drug_mean,"T cells, Imatinib",0.107924975,0.5748878,0.19833911955356598,1.595005989074707
split_random,drug_mean,"NK cells, SCH-58261",0.105775036,0.70527434,0.1322183907032013,1.8498034477233887
split_random,drug_mean,"B cells, Tivantinib",0.24660426,0.80216867,0.44336917996406555,1.7473502159118652
split_random,drug_mean,"T cells, Tivantinib",0.30848274,0.79574263,0.5626192092895508,1.666717290878296
split_random,drug_mean,"T cells, Prednisolone",0.44256577,1.3385538,0.6089013814926147,2.198406934738159
split_random,drug_mean,"T cells, Tacalcitol",0.34972346,0.8853868,0.6897985935211182,1.4259974956512451
split_random,drug_mean,"T cells, Clotrimazole",0.15277755,0.6320708,0.46066349744796753,1.6055142879486084
split_random,drug_mean,"T cells, GLPG0634",0.4882978,0.7337937,0.7673437595367432,1.4707533121109009
split_random,drug_mean,"Myeloid cells, TIE2 Kinase Inhibitor",0.18433604,0.6658966,0.3332248628139496,1.8098580837249756
split_random,drug_mean,"Myeloid cells, Clomipramine",0.19515361,0.7295388,0.41213560104370117,1.7616950273513794
split_random,drug_mean,"B cells, Ixabepilone",0.13224077,0.65671384,0.36430269479751587,1.7323131561279297
split_random,drug_mean,"Myeloid cells, Ixabepilone",0.1628291,0.716799,0.3170942962169647,1.794094443321228
split_random,drug_mean,"Myeloid cells, Protriptyline",0.14890629,0.5976912,0.2774102985858917,1.635757565498352
split_random,drug_mean,"Myeloid cells, BMS-777607",0.15330249,0.8189238,0.2686174809932709,2.0081405639648438
split_random,drug_mean,"B cells, Vardenafil",0.07600947,0.8333684,0.1825377494096756,1.7397927045822144
split_random,drug_mean,"Myeloid cells, Vardenafil",0.04214144,0.9248771,0.10594546794891357,1.9166085720062256
split_random,drug_mean,"B cells, AT13387",0.6012987,1.3425392,0.741999626159668,1.9977229833602905
split_random,drug_mean,"Myeloid cells, Disulfiram",0.12466658,0.67603827,0.291737824678421,1.8124781847000122
split_random,drug_mean,"Myeloid cells, Desloratadine",0.12742405,0.7025155,0.35101214051246643,1.6600971221923828
split_random,drug_mean,"Myeloid cells, Amiodarone",0.1335382,0.6729025,0.21797536313533783,1.81987464427948
split_random,drug_mean,"Myeloid cells, Alogliptin",0.1546533,0.61291474,0.3358677923679352,1.6383877992630005
split_random,drug_mean,"Myeloid cells, RN-486",-0.02874173,0.8348011,-0.08710802346467972,2.0901906490325928
split_random,drug_mean,"B cells, AZD3514",0.19816554,0.8845978,0.4128648042678833,1.7964266538619995
split_random,drug_mean,"Myeloid cells, AZD3514",0.14435762,1.0020348,0.3398727476596832,1.9983060359954834
split_random,drug_mean,"B cells, Saracatinib",0.44317743,1.0223575,0.6526117324829102,1.9802534580230713
split_random,drug_mean,"Myeloid cells, Saracatinib",0.44246197,1.3471857,0.5900906920433044,2.272918224334717
split_random,drug_mean,"B cells, RG7112",0.267627,0.65052676,0.5144667625427246,1.6586034297943115
split_random,drug_mean,"Myeloid cells, Lamivudine",0.13036367,0.7418613,0.3042532503604889,1.8321177959442139
split_random,drug_mean,"Myeloid cells, Ceritinib",0.1488546,1.0242163,0.3344150483608246,2.2292394638061523
split_random,drug_mean,"B cells, TPCA-1",0.35682634,1.2402699,0.5786445140838623,2.037865400314331
split_random,drug_mean,"Myeloid cells, MGCD-265",0.15168127,0.72205645,0.3457093834877014,1.6679774522781372
split_random,drug_mean,"B cells, Bosutinib",0.5218792,1.0961651,0.7025136947631836,1.8298923969268799
split_random,drug_mean,"Myeloid cells, YK 4-279",0.20532472,0.647276,0.40938320755958557,1.6110261678695679
split_random,drug_mean,"Myeloid cells, Buspirone",0.18624413,0.5792259,0.27747780084609985,1.6039822101593018
split_random,drug_mean,"B cells, ABT-199 (GDC-0199)",0.11712712,0.9980687,0.2026452124118805,2.1612443923950195
split_random,drug_mean,"B cells, Mometasone Furoate",0.5349188,1.189434,0.7346962690353394,1.7848379611968994
split_random,drug_mean,"Myeloid cells, Doxorubicin",0.5334723,2.0119767,0.6151191592216492,2.6494300365448
split_random,drug_mean,"B cells, Prednisolone",0.27103424,1.2650949,0.4790195822715759,2.1560049057006836
split_random,drug_mean,"Myeloid cells, Prednisolone",0.21589759,1.6955901,0.3322756290435791,2.6401314735412598
split_random,drug_mean,"Myeloid cells, Clotrimazole",0.09097517,0.8231934,0.23417583107948303,1.9129184484481812
split_random,drug_mean,"Myeloid cells, Vanoxerine",0.21285343,0.65751314,0.40181589126586914,1.65474534034729
split_random,drug_mean,"B cells, SB525334",0.31408095,0.79838866,0.5202311277389526,1.6267085075378418
split_random,drug_mean,"Myeloid cells, SB525334",0.39719296,1.148987,0.576447606086731,2.1515541076660156
split_random,drug_mean,"Myeloid cells, HYDROXYUREA",0.102087036,0.67312616,0.14635714888572693,1.7984771728515625
split_cell_heldout,global_train_mean,"Myeloid cells, MK-5108",0.10387438,0.60245514,0.23843978345394135,1.7511584758758545
split_cell_heldout,global_train_mean,"Myeloid cells, Ganetespib (STA-9090)",0.3974882,1.4578917,0.5555981993675232,2.548299551010132
split_cell_heldout,global_train_mean,"Myeloid cells, Sunitinib",0.08791389,0.6766325,0.2330218255519867,1.8055590391159058
split_cell_heldout,global_train_mean,"Myeloid cells, Tivozanib",0.09686265,0.77208465,0.18247190117835999,2.0138227939605713
split_cell_heldout,global_train_mean,"Myeloid cells, Tamatinib",0.33070967,1.3611112,0.4879857301712036,2.525935173034668
split_cell_heldout,global_train_mean,"Myeloid cells, Linagliptin",-0.067256615,0.7277517,-0.14736175537109375,1.9792139530181885
split_cell_heldout,global_train_mean,"Myeloid cells, 5-(9-Isopropyl-8-methyl-2-morpholino-9H-purin-6-yl)pyrimidin-2-amine",0.38981467,1.5550779,0.5349555611610413,2.696627378463745
split_cell_heldout,global_train_mean,"Myeloid cells, O-Demethylated Adapalene",0.10562946,0.82337236,0.19446419179439545,2.2319154739379883
split_cell_heldout,global_train_mean,"Myeloid cells, I-BET151",0.30079436,1.7400402,0.41961851716041565,2.8222813606262207
split_cell_heldout,global_train_mean,"Myeloid cells, GW843682X",0.05054806,0.75694317,0.13920404016971588,2.073518991470337
split_cell_heldout,global_train_mean,"Myeloid cells, IN1451",0.24286719,2.409322,0.30290845036506653,3.2370448112487793
split_cell_heldout,global_train_mean,"Myeloid cells, Raloxifene",-0.04223285,1.007964,-0.02544255182147026,2.2710819244384766
split_cell_heldout,global_train_mean,"Myeloid cells, Topotecan",0.121004835,1.4929533,0.2011319398880005,2.6451988220214844
split_cell_heldout,global_train_mean,"Myeloid cells, BAY 87-2243",0.18943955,1.4341068,0.24862618744373322,2.5941216945648193
split_cell_heldout,global_train_mean,"Myeloid cells, Porcn Inhibitor III",-0.15666784,1.230174,-0.22519977390766144,2.5751755237579346
split_cell_heldout,global_train_mean,"Myeloid cells, TL_HRAS26",0.007712405,0.6434025,-0.014648767188191414,1.9650474786758423
split_cell_heldout,global_train_mean,"Myeloid cells, BMS-265246",0.058760807,1.7432919,0.12934967875480652,2.8759820461273193
split_cell_heldout,global_train_mean,"Myeloid cells, Pomalidomide",-0.030304477,1.0867976,0.04793199524283409,2.5462646484375
split_cell_heldout,global_train_mean,"Myeloid cells, Dovitinib",-0.008315991,0.9651472,0.08215713500976562,2.2793796062469482
split_cell_heldout,global_train_mean,"Myeloid cells, Navitoclax",-0.22555667,0.92957515,-0.3493543267250061,2.1798524856567383
split_cell_heldout,global_train_mean,"Myeloid cells, Methotrexate",0.052307922,0.9312883,0.11519742757081985,2.140225648880005
split_cell_heldout,global_train_mean,"Myeloid cells, Palbociclib",0.16633537,0.77497536,0.36945751309394836,1.9831146001815796
split_cell_heldout,global_train_mean,"Myeloid cells, AMD-070 (hydrochloride)",0.09532282,0.7548031,0.2046564370393753,2.0359606742858887
split_cell_heldout,global_train_mean,"Myeloid cells, FK 866",0.13099308,1.1698301,0.22035935521125793,2.376803398132324
split_cell_heldout,global_train_mean,"Myeloid cells, Scriptaid",0.25170654,1.9078773,0.3534370958805084,2.9458768367767334
split_cell_heldout,global_train_mean,"Myeloid cells, Dactolisib",0.426023,2.077765,0.5333283543586731,3.033776044845581
split_cell_heldout,global_train_mean,"Myeloid cells, Isoniazid",0.08798628,0.61174256,0.15663199126720428,1.7604337930679321
split_cell_heldout,global_train_mean,"Myeloid cells, Idelalisib",0.119088404,0.9803388,0.24173378944396973,2.1460952758789062
split_cell_heldout,global_train_mean,"Myeloid cells, Penfluridol",0.03989753,0.743839,0.1418805867433548,1.8745579719543457
split_cell_heldout,global_train_mean,"Myeloid cells, Quizartinib",0.10195913,0.792508,0.18394708633422852,2.2351982593536377
split_cell_heldout,global_train_mean,"Myeloid cells, PD-0325901",0.16761999,1.3824102,0.26312360167503357,2.5799601078033447
split_cell_heldout,global_train_mean,"Myeloid cells, LDN 193189",-0.08054937,0.8173782,-0.07704988121986389,2.070765733718872
split_cell_heldout,global_train_mean,"Myeloid cells, Riociguat",0.2136336,0.584117,0.4240908622741699,1.6816375255584717
split_cell_heldout,global_train_mean,"Myeloid cells, CHIR-99021",-0.06478444,1.2437227,-0.11065205931663513,2.4735195636749268
split_cell_heldout,global_train_mean,"Myeloid cells, BI-D1870",0.11434822,0.8778997,0.26898637413978577,2.1084160804748535
split_cell_heldout,global_train_mean,"Myeloid cells, Crizotinib",0.33932242,0.9358633,0.5073059797286987,2.1700689792633057
split_cell_heldout,global_train_mean,"Myeloid cells, Azacitidine",0.10300786,0.6156417,0.2933520972728729,1.7217141389846802
split_cell_heldout,global_train_mean,"Myeloid cells, TR-14035",0.16643287,0.61651087,0.30344605445861816,1.7831768989562988
split_cell_heldout,global_train_mean,"Myeloid cells, AT 7867",0.10397396,1.3286049,0.2232142984867096,2.5318405628204346
split_cell_heldout,global_train_mean,"Myeloid cells, GO-6976",0.010499664,1.1761279,0.049083732068538666,2.3524787425994873
split_cell_heldout,global_train_mean,"Myeloid cells, TGX 221",0.3251796,0.9528228,0.5211657881736755,2.1605265140533447
split_cell_heldout,global_train_mean,"Myeloid cells, Pitavastatin Calcium",-0.0573882,2.3523712,-0.05689462274312973,3.2323923110961914
split_cell_heldout,global_train_mean,"Myeloid cells, ABT737",-0.06634933,0.97455263,-0.031286872923374176,2.284196376800537
split_cell_heldout,global_train_mean,"Myeloid cells, PRT-062607",0.3481874,1.4387031,0.4893409311771393,2.5790371894836426
split_cell_heldout,global_train_mean,"Myeloid cells, AZ628",0.18381606,0.97975814,0.31103354692459106,2.1803576946258545
split_cell_heldout,global_train_mean,"Myeloid cells, Masitinib",0.23641223,0.7299563,0.48728466033935547,1.9375066757202148
split_cell_heldout,global_train_mean,"Myeloid cells, STK219801",0.21784364,0.6459849,0.35680219531059265,1.9014962911605835
split_cell_heldout,global_train_mean,"Myeloid cells, Ricolinostat",0.046725824,1.18184,0.10813583433628082,2.4370527267456055
split_cell_heldout,global_train_mean,"Myeloid cells, Midostaurin",0.17341574,1.150034,0.3028236925601959,2.3900516033172607
split_cell_heldout,global_train_mean,"Myeloid cells, CEP-37440",0.051633816,0.9565095,0.127674400806427,2.2409818172454834
split_cell_heldout,global_train_mean,"Myeloid cells, R428",0.17961693,2.044565,0.25406771898269653,3.0412325859069824
split_cell_heldout,global_train_mean,"Myeloid cells, Oxybenzone",0.110829845,0.54891634,0.203323096036911,1.6692204475402832
split_cell_heldout,global_train_mean,"Myeloid cells, Tivantinib",0.17939572,0.81955266,0.3399110436439514,2.0559587478637695
split_cell_heldout,global_train_mean,"Myeloid cells, Colchicine",0.13509509,2.468396,0.17930108308792114,3.284646511077881
split_cell_heldout,global_train_mean,"Myeloid cells, BX 912",0.21352892,0.83667266,0.3729202449321747,2.0278377532958984
split_cell_heldout,global_train_mean,"Myeloid cells, Selumetinib",0.21310425,1.0610138,0.3637112081050873,2.313793659210205
split_cell_heldout,global_train_mean,"Myeloid cells, RG7090",-0.044058584,0.88350683,-0.003395501058548689,2.114567279815674
split_cell_heldout,global_train_mean,"Myeloid cells, GLPG0634",0.28831214,0.9066298,0.5396088361740112,2.0882718563079834
split_cell_heldout,global_train_mean,"Myeloid cells, TIE2 Kinase Inhibitor",-0.022482775,0.67972195,-0.012049469165503979,1.9194445610046387
split_cell_heldout,global_train_mean,"Myeloid cells, Lapatinib",-0.13182372,0.6947946,-0.2010882943868637,2.0000290870666504
split_cell_heldout,global_train_mean,"Myeloid cells, Atorvastatin",-0.05743544,0.76028955,-0.14159367978572845,2.137831211090088
split_cell_heldout,global_train_mean,"Myeloid cells, Clomipramine",0.21884565,0.6626618,0.45756274461746216,1.8139351606369019
split_cell_heldout,global_train_mean,"Myeloid cells, Ixabepilone",0.096584,0.6708498,0.08480608463287354,1.9003394842147827
split_cell_heldout,global_train_mean,"Myeloid cells, Protriptyline",-0.007324581,0.5736798,-0.15625429153442383,1.771420955657959
split_cell_heldout,global_train_mean,"Myeloid cells, Phenylbutazone",-0.019611506,0.6037187,-0.0960274413228035,1.7350788116455078
split_cell_heldout,global_train_mean,"Myeloid cells, K-02288",-0.029681426,1.0072895,-0.032377712428569794,2.319737195968628
split_cell_heldout,global_train_mean,"Myeloid cells, BMS-777607",0.1585943,0.7778048,0.2840004861354828,2.025695323944092
split_cell_heldout,global_train_mean,"Myeloid cells, Vorinostat",0.26151702,1.8441954,0.3730052411556244,2.8913183212280273
split_cell_heldout,global_train_mean,"Myeloid cells, Ruxolitinib",0.3072883,1.4640287,0.4656340479850769,2.6601829528808594
split_cell_heldout,global_train_mean,"Myeloid cells, AVL-292",0.18339817,0.938989,0.33852237462997437,2.173398733139038
split_cell_heldout,global_train_mean,"Myeloid cells, Trametinib",-0.009075465,1.4589795,-0.004877051804214716,2.660698175430298
split_cell_heldout,global_train_mean,"Myeloid cells, Sgc-cbp30",0.22269167,0.9706789,0.4037539064884186,2.1650664806365967
split_cell_heldout,global_train_mean,"Myeloid cells, Chlorpheniramine",0.035071984,0.5675996,-0.03542621061205864,1.7421396970748901
split_cell_heldout,global_train_mean,"Myeloid cells, BAY 61-3606",0.32911178,1.8888148,0.4330125153064728,2.9073169231414795
split_cell_heldout,global_train_mean,"Myeloid cells, LY2090314",0.09734012,2.143662,0.1426992267370224,3.1046340465545654
split_cell_heldout,global_train_mean,"Myeloid cells, Vardenafil",0.091687575,0.7097984,0.24733451008796692,1.8537639379501343
split_cell_heldout,global_train_mean,"Myeloid cells, Dasatinib",0.40073287,1.5107198,0.5507097840309143,2.5843582153320312
split_cell_heldout,global_train_mean,"Myeloid cells, AT13387",0.36216247,1.3214544,0.5150687098503113,2.407331943511963
split_cell_heldout,global_train_mean,"Myeloid cells, Perhexiline",0.32131633,0.9210444,0.5197685360908508,2.1069447994232178
split_cell_heldout,global_train_mean,"Myeloid cells, RVX-208",0.2020927,0.8915276,0.35792937874794006,2.097630500793457
split_cell_heldout,global_train_mean,"Myeloid cells, Ketoconazole",-0.109040655,1.4193178,-0.20606009662151337,2.668443202972412
split_cell_heldout,global_train_mean,"Myeloid cells, Disulfiram",-0.020525293,0.659423,-0.0968884825706482,1.9323779344558716
split_cell_heldout,global_train_mean,"Myeloid cells, Flutamide",0.16330335,0.6074663,0.27601197361946106,1.7623991966247559
split_cell_heldout,global_train_mean,"Myeloid cells, Desloratadine",0.085418686,0.6348176,0.1466427594423294,1.7501634359359741
split_cell_heldout,global_train_mean,"Myeloid cells, BMS-536924",0.35292777,1.0550994,0.5455007553100586,2.190739870071411
split_cell_heldout,global_train_mean,"Myeloid cells, IKK Inhibitor VII",0.24063723,1.5276401,0.37759822607040405,2.7405734062194824
split_cell_heldout,global_train_mean,"Myeloid cells, Amiodarone",0.021011868,0.6524715,0.029600119218230247,1.8808660507202148
split_cell_heldout,global_train_mean,"Myeloid cells, IMD-0354",0.32948062,1.5454963,0.46811237931251526,2.666856527328491
split_cell_heldout,global_train_mean,"Myeloid cells, Alogliptin",-0.010321153,0.6080243,-0.020712608471512794,1.7321141958236694
split_cell_heldout,global_train_mean,"Myeloid cells, RN-486",0.15754025,0.74308115,0.27745193243026733,1.9711066484451294
split_cell_heldout,global_train_mean,"Myeloid cells, Decitabine",0.20425399,0.52537596,0.4151255488395691,1.6581224203109741
split_cell_heldout,global_train_mean,"Myeloid cells, Cabozantinib",0.070969485,0.76285595,0.2141159325838089,1.9084933996200562
split_cell_heldout,global_train_mean,"Myeloid cells, Defactinib",0.27640152,1.0301476,0.4810178279876709,2.193720579147339
split_cell_heldout,global_train_mean,"Myeloid cells, AZD3514",0.30360168,0.8119459,0.5396608114242554,1.9822286367416382
split_cell_heldout,global_train_mean,"Myeloid cells, HMN-214",0.07321712,0.86488307,0.0775354653596878,2.067488670349121
split_cell_heldout,global_train_mean,"Myeloid cells, CC-401",0.36397138,0.90139616,0.5527385473251343,2.039841413497925
split_cell_heldout,global_train_mean,"Myeloid cells, Resminostat",0.27868816,1.9420948,0.3853074312210083,2.8983335494995117
split_cell_heldout,global_train_mean,"Myeloid cells, Nilotinib",0.20955591,1.1842592,0.34152889251708984,2.4112563133239746
split_cell_heldout,global_train_mean,"Myeloid cells, OSI-930",0.07145591,0.69145185,0.11985565721988678,1.8098344802856445
split_cell_heldout,global_train_mean,"Myeloid cells, Saracatinib",0.40417013,1.4222373,0.5455142855644226,2.5100672245025635
split_cell_heldout,global_train_mean,"Myeloid cells, RG7112",0.24971445,0.7560333,0.45837873220443726,2.181478261947632
split_cell_heldout,global_train_mean,"Myeloid cells, Lamivudine",0.1476935,0.6989576,0.3351755142211914,1.8428549766540527
split_cell_heldout,global_train_mean,"Myeloid cells, AZD-8330",0.1861422,1.1443655,0.3405061960220337,2.405576229095459
split_cell_heldout,global_train_mean,"Myeloid cells, Ceritinib",0.22348127,0.9496267,0.41818100214004517,2.2448930740356445
split_cell_heldout,global_train_mean,"Myeloid cells, CGM-097",-0.106382735,1.2788519,-0.11968033015727997,2.5241527557373047
split_cell_heldout,global_train_mean,"Myeloid cells, SLx-2119",0.035018887,0.6494838,-0.04460090771317482,2.068084239959717
split_cell_heldout,global_train_mean,"Myeloid cells, Nefazodone",0.20146762,0.54147977,0.4694651961326599,1.631334900856018
split_cell_heldout,global_train_mean,"Myeloid cells, TPCA-1",0.30954915,1.4235933,0.45966094732284546,2.5773749351501465
split_cell_heldout,global_train_mean,"Myeloid cells, MGCD-265",0.25664872,0.60061145,0.4394223392009735,1.6760811805725098
split_cell_heldout,global_train_mean,"Myeloid cells, GSK-1070916",0.14596653,0.791379,0.32503387331962585,1.9264030456542969
split_cell_heldout,global_train_mean,"Myeloid cells, Bosutinib",0.35473186,1.6543549,0.4716174900531769,2.7664685249328613
split_cell_heldout,global_train_mean,"Myeloid cells, Clemastine",0.18587676,0.67306685,0.41842785477638245,1.7875361442565918
split_cell_heldout,global_train_mean,"Myeloid cells, YK 4-279",-0.01820685,0.64979476,-0.11888906359672546,1.796876311302185
split_cell_heldout,global_train_mean,"Myeloid cells, Buspirone",0.15914698,0.55559427,0.31699153780937195,1.61745023727417
split_cell_heldout,global_train_mean,"Myeloid cells, GSK256066",0.010345929,1.1143893,0.0326385460793972,2.4613914489746094
split_cell_heldout,global_train_mean,"Myeloid cells, Vandetanib",0.14047629,0.7845972,0.28760066628456116,1.9652518033981323
split_cell_heldout,global_train_mean,"Myeloid cells, Imatinib",0.08929478,0.54081774,0.26266542077064514,1.6286087036132812
split_cell_heldout,global_train_mean,"Myeloid cells, SCH-58261",0.23206462,0.64042085,0.5042693018913269,1.7227439880371094
split_cell_heldout,global_train_mean,"Myeloid cells, Colforsin",0.049869455,0.69247144,0.006028828676789999,1.9957321882247925
split_cell_heldout,global_train_mean,"Myeloid cells, Tosedostat",0.30922052,0.98232675,0.46811702847480774,2.1631438732147217
split_cell_heldout,global_train_mean,"Myeloid cells, ABT-199 (GDC-0199)",-0.06452766,0.6041107,-0.07073907554149628,1.8133970499038696
split_cell_heldout,global_train_mean,"Myeloid cells, Mometasone Furoate",0.38984403,1.9138978,0.5133239030838013,2.8793838024139404
split_cell_heldout,global_train_mean,"Myeloid cells, Tipifarnib",0.30180416,0.80293727,0.555108904838562,1.9318925142288208
split_cell_heldout,global_train_mean,"Myeloid cells, Doxorubicin",0.1492925,2.3389227,0.19568274915218353,3.183595657348633
split_cell_heldout,global_train_mean,"Myeloid cells, PF-03814735",0.42199925,1.8712715,0.5386741161346436,2.8484292030334473
split_cell_heldout,global_train_mean,"Myeloid cells, AZD4547",0.17259978,0.67025846,0.3612237572669983,1.8764797449111938
split_cell_heldout,global_train_mean,"Myeloid cells, Prednisolone",0.31373125,1.564647,0.4356228709220886,2.6868927478790283
split_cell_heldout,global_train_mean,"Myeloid cells, Tacalcitol",0.17373194,2.2103624,0.2280934751033783,3.1497201919555664
split_cell_heldout,global_train_mean,"Myeloid cells, Clotrimazole",0.079509266,0.7541657,0.14282454550266266,1.9485893249511719
split_cell_heldout,global_train_mean,"Myeloid cells, Mubritinib (TAK 165)",0.046331838,1.1728195,0.07950253784656525,2.449178457260132
split_cell_heldout,global_train_mean,"Myeloid cells, Vanoxerine",0.29478112,0.5973515,0.486966073513031,1.6686549186706543
split_cell_heldout,global_train_mean,"Myeloid cells, SB525334",-0.12088659,1.2834501,-0.17584066092967987,2.5956759452819824
split_cell_heldout,global_train_mean,"Myeloid cells, HYDROXYUREA",0.1438874,0.6248485,0.22048375010490417,1.775493860244751
split_cell_heldout,cell_context_mean,"Myeloid cells, MK-5108",0.10387438,0.60245514,0.23843978345394135,1.7511584758758545
split_cell_heldout,cell_context_mean,"Myeloid cells, Ganetespib (STA-9090)",0.3974882,1.4578917,0.5555981993675232,2.548299551010132
split_cell_heldout,cell_context_mean,"Myeloid cells, Sunitinib",0.08791389,0.6766325,0.2330218255519867,1.8055590391159058
split_cell_heldout,cell_context_mean,"Myeloid cells, Tivozanib",0.09686265,0.77208465,0.18247190117835999,2.0138227939605713
split_cell_heldout,cell_context_mean,"Myeloid cells, Tamatinib",0.33070967,1.3611112,0.4879857301712036,2.525935173034668
split_cell_heldout,cell_context_mean,"Myeloid cells, Linagliptin",-0.067256615,0.7277517,-0.14736175537109375,1.9792139530181885
split_cell_heldout,cell_context_mean,"Myeloid cells, 5-(9-Isopropyl-8-methyl-2-morpholino-9H-purin-6-yl)pyrimidin-2-amine",0.38981467,1.5550779,0.5349555611610413,2.696627378463745
split_cell_heldout,cell_context_mean,"Myeloid cells, O-Demethylated Adapalene",0.10562946,0.82337236,0.19446419179439545,2.2319154739379883
split_cell_heldout,cell_context_mean,"Myeloid cells, I-BET151",0.30079436,1.7400402,0.41961851716041565,2.8222813606262207
split_cell_heldout,cell_context_mean,"Myeloid cells, GW843682X",0.05054806,0.75694317,0.13920404016971588,2.073518991470337
split_cell_heldout,cell_context_mean,"Myeloid cells, IN1451",0.24286719,2.409322,0.30290845036506653,3.2370448112487793
split_cell_heldout,cell_context_mean,"Myeloid cells, Raloxifene",-0.04223285,1.007964,-0.02544255182147026,2.2710819244384766
split_cell_heldout,cell_context_mean,"Myeloid cells, Topotecan",0.121004835,1.4929533,0.2011319398880005,2.6451988220214844
split_cell_heldout,cell_context_mean,"Myeloid cells, BAY 87-2243",0.18943955,1.4341068,0.24862618744373322,2.5941216945648193
split_cell_heldout,cell_context_mean,"Myeloid cells, Porcn Inhibitor III",-0.15666784,1.230174,-0.22519977390766144,2.5751755237579346
split_cell_heldout,cell_context_mean,"Myeloid cells, TL_HRAS26",0.007712405,0.6434025,-0.014648767188191414,1.9650474786758423
split_cell_heldout,cell_context_mean,"Myeloid cells, BMS-265246",0.058760807,1.7432919,0.12934967875480652,2.8759820461273193
split_cell_heldout,cell_context_mean,"Myeloid cells, Pomalidomide",-0.030304477,1.0867976,0.04793199524283409,2.5462646484375
split_cell_heldout,cell_context_mean,"Myeloid cells, Dovitinib",-0.008315991,0.9651472,0.08215713500976562,2.2793796062469482
split_cell_heldout,cell_context_mean,"Myeloid cells, Navitoclax",-0.22555667,0.92957515,-0.3493543267250061,2.1798524856567383
split_cell_heldout,cell_context_mean,"Myeloid cells, Methotrexate",0.052307922,0.9312883,0.11519742757081985,2.140225648880005
split_cell_heldout,cell_context_mean,"Myeloid cells, Palbociclib",0.16633537,0.77497536,0.36945751309394836,1.9831146001815796
split_cell_heldout,cell_context_mean,"Myeloid cells, AMD-070 (hydrochloride)",0.09532282,0.7548031,0.2046564370393753,2.0359606742858887
split_cell_heldout,cell_context_mean,"Myeloid cells, FK 866",0.13099308,1.1698301,0.22035935521125793,2.376803398132324
split_cell_heldout,cell_context_mean,"Myeloid cells, Scriptaid",0.25170654,1.9078773,0.3534370958805084,2.9458768367767334
split_cell_heldout,cell_context_mean,"Myeloid cells, Dactolisib",0.426023,2.077765,0.5333283543586731,3.033776044845581
split_cell_heldout,cell_context_mean,"Myeloid cells, Isoniazid",0.08798628,0.61174256,0.15663199126720428,1.7604337930679321
split_cell_heldout,cell_context_mean,"Myeloid cells, Idelalisib",0.119088404,0.9803388,0.24173378944396973,2.1460952758789062
split_cell_heldout,cell_context_mean,"Myeloid cells, Penfluridol",0.03989753,0.743839,0.1418805867433548,1.8745579719543457
split_cell_heldout,cell_context_mean,"Myeloid cells, Quizartinib",0.10195913,0.792508,0.18394708633422852,2.2351982593536377
split_cell_heldout,cell_context_mean,"Myeloid cells, PD-0325901",0.16761999,1.3824102,0.26312360167503357,2.5799601078033447
split_cell_heldout,cell_context_mean,"Myeloid cells, LDN 193189",-0.08054937,0.8173782,-0.07704988121986389,2.070765733718872
split_cell_heldout,cell_context_mean,"Myeloid cells, Riociguat",0.2136336,0.584117,0.4240908622741699,1.6816375255584717
split_cell_heldout,cell_context_mean,"Myeloid cells, CHIR-99021",-0.06478444,1.2437227,-0.11065205931663513,2.4735195636749268
split_cell_heldout,cell_context_mean,"Myeloid cells, BI-D1870",0.11434822,0.8778997,0.26898637413978577,2.1084160804748535
split_cell_heldout,cell_context_mean,"Myeloid cells, Crizotinib",0.33932242,0.9358633,0.5073059797286987,2.1700689792633057
split_cell_heldout,cell_context_mean,"Myeloid cells, Azacitidine",0.10300786,0.6156417,0.2933520972728729,1.7217141389846802
split_cell_heldout,cell_context_mean,"Myeloid cells, TR-14035",0.16643287,0.61651087,0.30344605445861816,1.7831768989562988
split_cell_heldout,cell_context_mean,"Myeloid cells, AT 7867",0.10397396,1.3286049,0.2232142984867096,2.5318405628204346
split_cell_heldout,cell_context_mean,"Myeloid cells, GO-6976",0.010499664,1.1761279,0.049083732068538666,2.3524787425994873
split_cell_heldout,cell_context_mean,"Myeloid cells, TGX 221",0.3251796,0.9528228,0.5211657881736755,2.1605265140533447
split_cell_heldout,cell_context_mean,"Myeloid cells, Pitavastatin Calcium",-0.0573882,2.3523712,-0.05689462274312973,3.2323923110961914
split_cell_heldout,cell_context_mean,"Myeloid cells, ABT737",-0.06634933,0.97455263,-0.031286872923374176,2.284196376800537
split_cell_heldout,cell_context_mean,"Myeloid cells, PRT-062607",0.3481874,1.4387031,0.4893409311771393,2.5790371894836426
split_cell_heldout,cell_context_mean,"Myeloid cells, AZ628",0.18381606,0.97975814,0.31103354692459106,2.1803576946258545
split_cell_heldout,cell_context_mean,"Myeloid cells, Masitinib",0.23641223,0.7299563,0.48728466033935547,1.9375066757202148
split_cell_heldout,cell_context_mean,"Myeloid cells, STK219801",0.21784364,0.6459849,0.35680219531059265,1.9014962911605835
split_cell_heldout,cell_context_mean,"Myeloid cells, Ricolinostat",0.046725824,1.18184,0.10813583433628082,2.4370527267456055
split_cell_heldout,cell_context_mean,"Myeloid cells, Midostaurin",0.17341574,1.150034,0.3028236925601959,2.3900516033172607
split_cell_heldout,cell_context_mean,"Myeloid cells, CEP-37440",0.051633816,0.9565095,0.127674400806427,2.2409818172454834
split_cell_heldout,cell_context_mean,"Myeloid cells, R428",0.17961693,2.044565,0.25406771898269653,3.0412325859069824
split_cell_heldout,cell_context_mean,"Myeloid cells, Oxybenzone",0.110829845,0.54891634,0.203323096036911,1.6692204475402832
split_cell_heldout,cell_context_mean,"Myeloid cells, Tivantinib",0.17939572,0.81955266,0.3399110436439514,2.0559587478637695
split_cell_heldout,cell_context_mean,"Myeloid cells, Colchicine",0.13509509,2.468396,0.17930108308792114,3.284646511077881
split_cell_heldout,cell_context_mean,"Myeloid cells, BX 912",0.21352892,0.83667266,0.3729202449321747,2.0278377532958984
split_cell_heldout,cell_context_mean,"Myeloid cells, Selumetinib",0.21310425,1.0610138,0.3637112081050873,2.313793659210205
split_cell_heldout,cell_context_mean,"Myeloid cells, RG7090",-0.044058584,0.88350683,-0.003395501058548689,2.114567279815674
split_cell_heldout,cell_context_mean,"Myeloid cells, GLPG0634",0.28831214,0.9066298,0.5396088361740112,2.0882718563079834
split_cell_heldout,cell_context_mean,"Myeloid cells, TIE2 Kinase Inhibitor",-0.022482775,0.67972195,-0.012049469165503979,1.9194445610046387
split_cell_heldout,cell_context_mean,"Myeloid cells, Lapatinib",-0.13182372,0.6947946,-0.2010882943868637,2.0000290870666504
split_cell_heldout,cell_context_mean,"Myeloid cells, Atorvastatin",-0.05743544,0.76028955,-0.14159367978572845,2.137831211090088
split_cell_heldout,cell_context_mean,"Myeloid cells, Clomipramine",0.21884565,0.6626618,0.45756274461746216,1.8139351606369019
split_cell_heldout,cell_context_mean,"Myeloid cells, Ixabepilone",0.096584,0.6708498,0.08480608463287354,1.9003394842147827
split_cell_heldout,cell_context_mean,"Myeloid cells, Protriptyline",-0.007324581,0.5736798,-0.15625429153442383,1.771420955657959
split_cell_heldout,cell_context_mean,"Myeloid cells, Phenylbutazone",-0.019611506,0.6037187,-0.0960274413228035,1.7350788116455078
split_cell_heldout,cell_context_mean,"Myeloid cells, K-02288",-0.029681426,1.0072895,-0.032377712428569794,2.319737195968628
split_cell_heldout,cell_context_mean,"Myeloid cells, BMS-777607",0.1585943,0.7778048,0.2840004861354828,2.025695323944092
split_cell_heldout,cell_context_mean,"Myeloid cells, Vorinostat",0.26151702,1.8441954,0.3730052411556244,2.8913183212280273
split_cell_heldout,cell_context_mean,"Myeloid cells, Ruxolitinib",0.3072883,1.4640287,0.4656340479850769,2.6601829528808594
split_cell_heldout,cell_context_mean,"Myeloid cells, AVL-292",0.18339817,0.938989,0.33852237462997437,2.173398733139038
split_cell_heldout,cell_context_mean,"Myeloid cells, Trametinib",-0.009075465,1.4589795,-0.004877051804214716,2.660698175430298
split_cell_heldout,cell_context_mean,"Myeloid cells, Sgc-cbp30",0.22269167,0.9706789,0.4037539064884186,2.1650664806365967
split_cell_heldout,cell_context_mean,"Myeloid cells, Chlorpheniramine",0.035071984,0.5675996,-0.03542621061205864,1.7421396970748901
split_cell_heldout,cell_context_mean,"Myeloid cells, BAY 61-3606",0.32911178,1.8888148,0.4330125153064728,2.9073169231414795
split_cell_heldout,cell_context_mean,"Myeloid cells, LY2090314",0.09734012,2.143662,0.1426992267370224,3.1046340465545654
split_cell_heldout,cell_context_mean,"Myeloid cells, Vardenafil",0.091687575,0.7097984,0.24733451008796692,1.8537639379501343
split_cell_heldout,cell_context_mean,"Myeloid cells, Dasatinib",0.40073287,1.5107198,0.5507097840309143,2.5843582153320312
split_cell_heldout,cell_context_mean,"Myeloid cells, AT13387",0.36216247,1.3214544,0.5150687098503113,2.407331943511963
split_cell_heldout,cell_context_mean,"Myeloid cells, Perhexiline",0.32131633,0.9210444,0.5197685360908508,2.1069447994232178
split_cell_heldout,cell_context_mean,"Myeloid cells, RVX-208",0.2020927,0.8915276,0.35792937874794006,2.097630500793457
split_cell_heldout,cell_context_mean,"Myeloid cells, Ketoconazole",-0.109040655,1.4193178,-0.20606009662151337,2.668443202972412
split_cell_heldout,cell_context_mean,"Myeloid cells, Disulfiram",-0.020525293,0.659423,-0.0968884825706482,1.9323779344558716
split_cell_heldout,cell_context_mean,"Myeloid cells, Flutamide",0.16330335,0.6074663,0.27601197361946106,1.7623991966247559
split_cell_heldout,cell_context_mean,"Myeloid cells, Desloratadine",0.085418686,0.6348176,0.1466427594423294,1.7501634359359741
split_cell_heldout,cell_context_mean,"Myeloid cells, BMS-536924",0.35292777,1.0550994,0.5455007553100586,2.190739870071411
split_cell_heldout,cell_context_mean,"Myeloid cells, IKK Inhibitor VII",0.24063723,1.5276401,0.37759822607040405,2.7405734062194824
split_cell_heldout,cell_context_mean,"Myeloid cells, Amiodarone",0.021011868,0.6524715,0.029600119218230247,1.8808660507202148
split_cell_heldout,cell_context_mean,"Myeloid cells, IMD-0354",0.32948062,1.5454963,0.46811237931251526,2.666856527328491
split_cell_heldout,cell_context_mean,"Myeloid cells, Alogliptin",-0.010321153,0.6080243,-0.020712608471512794,1.7321141958236694
split_cell_heldout,cell_context_mean,"Myeloid cells, RN-486",0.15754025,0.74308115,0.27745193243026733,1.9711066484451294
split_cell_heldout,cell_context_mean,"Myeloid cells, Decitabine",0.20425399,0.52537596,0.4151255488395691,1.6581224203109741
split_cell_heldout,cell_context_mean,"Myeloid cells, Cabozantinib",0.070969485,0.76285595,0.2141159325838089,1.9084933996200562
split_cell_heldout,cell_context_mean,"Myeloid cells, Defactinib",0.27640152,1.0301476,0.4810178279876709,2.193720579147339
split_cell_heldout,cell_context_mean,"Myeloid cells, AZD3514",0.30360168,0.8119459,0.5396608114242554,1.9822286367416382
split_cell_heldout,cell_context_mean,"Myeloid cells, HMN-214",0.07321712,0.86488307,0.0775354653596878,2.067488670349121
split_cell_heldout,cell_context_mean,"Myeloid cells, CC-401",0.36397138,0.90139616,0.5527385473251343,2.039841413497925
split_cell_heldout,cell_context_mean,"Myeloid cells, Resminostat",0.27868816,1.9420948,0.3853074312210083,2.8983335494995117
split_cell_heldout,cell_context_mean,"Myeloid cells, Nilotinib",0.20955591,1.1842592,0.34152889251708984,2.4112563133239746
split_cell_heldout,cell_context_mean,"Myeloid cells, OSI-930",0.07145591,0.69145185,0.11985565721988678,1.8098344802856445
split_cell_heldout,cell_context_mean,"Myeloid cells, Saracatinib",0.40417013,1.4222373,0.5455142855644226,2.5100672245025635
split_cell_heldout,cell_context_mean,"Myeloid cells, RG7112",0.24971445,0.7560333,0.45837873220443726,2.181478261947632
split_cell_heldout,cell_context_mean,"Myeloid cells, Lamivudine",0.1476935,0.6989576,0.3351755142211914,1.8428549766540527
split_cell_heldout,cell_context_mean,"Myeloid cells, AZD-8330",0.1861422,1.1443655,0.3405061960220337,2.405576229095459
split_cell_heldout,cell_context_mean,"Myeloid cells, Ceritinib",0.22348127,0.9496267,0.41818100214004517,2.2448930740356445
split_cell_heldout,cell_context_mean,"Myeloid cells, CGM-097",-0.106382735,1.2788519,-0.11968033015727997,2.5241527557373047
split_cell_heldout,cell_context_mean,"Myeloid cells, SLx-2119",0.035018887,0.6494838,-0.04460090771317482,2.068084239959717
split_cell_heldout,cell_context_mean,"Myeloid cells, Nefazodone",0.20146762,0.54147977,0.4694651961326599,1.631334900856018
split_cell_heldout,cell_context_mean,"Myeloid cells, TPCA-1",0.30954915,1.4235933,0.45966094732284546,2.5773749351501465
split_cell_heldout,cell_context_mean,"Myeloid cells, MGCD-265",0.25664872,0.60061145,0.4394223392009735,1.6760811805725098
split_cell_heldout,cell_context_mean,"Myeloid cells, GSK-1070916",0.14596653,0.791379,0.32503387331962585,1.9264030456542969
split_cell_heldout,cell_context_mean,"Myeloid cells, Bosutinib",0.35473186,1.6543549,0.4716174900531769,2.7664685249328613
split_cell_heldout,cell_context_mean,"Myeloid cells, Clemastine",0.18587676,0.67306685,0.41842785477638245,1.7875361442565918
split_cell_heldout,cell_context_mean,"Myeloid cells, YK 4-279",-0.01820685,0.64979476,-0.11888906359672546,1.796876311302185
split_cell_heldout,cell_context_mean,"Myeloid cells, Buspirone",0.15914698,0.55559427,0.31699153780937195,1.61745023727417
split_cell_heldout,cell_context_mean,"Myeloid cells, GSK256066",0.010345929,1.1143893,0.0326385460793972,2.4613914489746094
split_cell_heldout,cell_context_mean,"Myeloid cells, Vandetanib",0.14047629,0.7845972,0.28760066628456116,1.9652518033981323
split_cell_heldout,cell_context_mean,"Myeloid cells, Imatinib",0.08929478,0.54081774,0.26266542077064514,1.6286087036132812
split_cell_heldout,cell_context_mean,"Myeloid cells, SCH-58261",0.23206462,0.64042085,0.5042693018913269,1.7227439880371094
split_cell_heldout,cell_context_mean,"Myeloid cells, Colforsin",0.049869455,0.69247144,0.006028828676789999,1.9957321882247925
split_cell_heldout,cell_context_mean,"Myeloid cells, Tosedostat",0.30922052,0.98232675,0.46811702847480774,2.1631438732147217
split_cell_heldout,cell_context_mean,"Myeloid cells, ABT-199 (GDC-0199)",-0.06452766,0.6041107,-0.07073907554149628,1.8133970499038696
split_cell_heldout,cell_context_mean,"Myeloid cells, Mometasone Furoate",0.38984403,1.9138978,0.5133239030838013,2.8793838024139404
split_cell_heldout,cell_context_mean,"Myeloid cells, Tipifarnib",0.30180416,0.80293727,0.555108904838562,1.9318925142288208
split_cell_heldout,cell_context_mean,"Myeloid cells, Doxorubicin",0.1492925,2.3389227,0.19568274915218353,3.183595657348633
split_cell_heldout,cell_context_mean,"Myeloid cells, PF-03814735",0.42199925,1.8712715,0.5386741161346436,2.8484292030334473
split_cell_heldout,cell_context_mean,"Myeloid cells, AZD4547",0.17259978,0.67025846,0.3612237572669983,1.8764797449111938
split_cell_heldout,cell_context_mean,"Myeloid cells, Prednisolone",0.31373125,1.564647,0.4356228709220886,2.6868927478790283
split_cell_heldout,cell_context_mean,"Myeloid cells, Tacalcitol",0.17373194,2.2103624,0.2280934751033783,3.1497201919555664
split_cell_heldout,cell_context_mean,"Myeloid cells, Clotrimazole",0.079509266,0.7541657,0.14282454550266266,1.9485893249511719
split_cell_heldout,cell_context_mean,"Myeloid cells, Mubritinib (TAK 165)",0.046331838,1.1728195,0.07950253784656525,2.449178457260132
split_cell_heldout,cell_context_mean,"Myeloid cells, Vanoxerine",0.29478112,0.5973515,0.486966073513031,1.6686549186706543
split_cell_heldout,cell_context_mean,"Myeloid cells, SB525334",-0.12088659,1.2834501,-0.17584066092967987,2.5956759452819824
split_cell_heldout,cell_context_mean,"Myeloid cells, HYDROXYUREA",0.1438874,0.6248485,0.22048375010490417,1.775493860244751
split_cell_heldout,drug_mean,"Myeloid cells, MK-5108",0.25817844,0.60182816,0.45958760380744934,1.6286102533340454
split_cell_heldout,drug_mean,"Myeloid cells, Ganetespib (STA-9090)",0.4187448,1.5997324,0.5844385027885437,2.2025904655456543
split_cell_heldout,drug_mean,"Myeloid cells, Sunitinib",0.1775261,0.7592779,0.44744598865509033,1.6733473539352417
split_cell_heldout,drug_mean,"Myeloid cells, Tivozanib",0.18759261,0.8170163,0.3681196868419647,1.914036512374878
split_cell_heldout,drug_mean,"Myeloid cells, Tamatinib",0.41467404,1.3198138,0.5763503909111023,2.223799705505371
split_cell_heldout,drug_mean,"Myeloid cells, Linagliptin",0.04993,0.73912257,0.10981498658657074,1.9220584630966187
split_cell_heldout,drug_mean,"Myeloid cells, 5-(9-Isopropyl-8-methyl-2-morpholino-9H-purin-6-yl)pyrimidin-2-amine",0.54048586,1.3834789,0.6876358389854431,2.136638879776001
split_cell_heldout,drug_mean,"Myeloid cells, O-Demethylated Adapalene",0.1556818,0.8587575,0.27828577160835266,2.1757314205169678
split_cell_heldout,drug_mean,"Myeloid cells, I-BET151",0.52235585,1.5618753,0.6582214832305908,2.2386083602905273
split_cell_heldout,drug_mean,"Myeloid cells, GW843682X",0.22453639,0.7536147,0.37131643295288086,1.9040610790252686
split_cell_heldout,drug_mean,"Myeloid cells, IN1451",0.6820815,1.7991223,0.7795103192329407,2.180737018585205
split_cell_heldout,drug_mean,"Myeloid cells, Raloxifene",0.14757563,1.0240219,0.2285800725221634,2.2004294395446777
split_cell_heldout,drug_mean,"Myeloid cells, Topotecan",0.42974198,1.3582798,0.5676543712615967,2.294872760772705
split_cell_heldout,drug_mean,"Myeloid cells, BAY 87-2243",0.3140229,1.4438196,0.4027000367641449,2.411824941635132
split_cell_heldout,drug_mean,"Myeloid cells, Porcn Inhibitor III",0.24338672,1.1463114,0.3850608468055725,2.3721485137939453
split_cell_heldout,drug_mean,"Myeloid cells, TL_HRAS26",0.12637636,0.6661867,0.37390831112861633,1.8407849073410034
split_cell_heldout,drug_mean,"Myeloid cells, BMS-265246",0.43472973,1.5845277,0.564691960811615,2.4537763595581055
split_cell_heldout,drug_mean,"Myeloid cells, Pomalidomide",0.24843556,1.1495619,0.4128234088420868,2.3023836612701416
split_cell_heldout,drug_mean,"Myeloid cells, Dovitinib",0.12996684,1.0414526,0.29718369245529175,2.1860060691833496
split_cell_heldout,drug_mean,"Myeloid cells, Navitoclax",0.26288655,0.8491247,0.44435685873031616,1.8864303827285767
split_cell_heldout,drug_mean,"Myeloid cells, Methotrexate",0.16623358,0.93768513,0.27242806553840637,2.060201644897461
split_cell_heldout,drug_mean,"Myeloid cells, Palbociclib",0.20787744,0.7942764,0.4164219796657562,1.922315001487732
split_cell_heldout,drug_mean,"Myeloid cells, AMD-070 (hydrochloride)",0.20478107,0.7603496,0.43772780895233154,1.9307076930999756
split_cell_heldout,drug_mean,"Myeloid cells, FK 866",0.3908243,1.0938623,0.5750001668930054,2.0819590091705322
split_cell_heldout,drug_mean,"Myeloid cells, Scriptaid",0.4873167,1.8231152,0.6030967235565186,2.4069879055023193
split_cell_heldout,drug_mean,"Myeloid cells, Dactolisib",0.58949244,1.7533379,0.6706568598747253,2.4283347129821777
split_cell_heldout,drug_mean,"Myeloid cells, Isoniazid",0.11273267,0.64368033,0.17386667430400848,1.75322687625885
split_cell_heldout,drug_mean,"Myeloid cells, Idelalisib",0.21735963,1.0534844,0.3783395290374756,2.039804458618164
split_cell_heldout,drug_mean,"Myeloid cells, Penfluridol",0.17406203,0.7411616,0.36379438638687134,1.790758728981018
split_cell_heldout,drug_mean,"Myeloid cells, Quizartinib",0.12723999,0.81841034,0.2978871166706085,2.1949243545532227
split_cell_heldout,drug_mean,"Myeloid cells, PD-0325901",0.19838618,1.4144636,0.31202569603919983,2.5133721828460693
split_cell_heldout,drug_mean,"Myeloid cells, LDN 193189",0.2170142,0.7763546,0.421755850315094,1.8805760145187378
split_cell_heldout,drug_mean,"Myeloid cells, Riociguat",0.14361125,0.63495404,0.31096625328063965,1.6960201263427734
split_cell_heldout,drug_mean,"Myeloid cells, CHIR-99021",0.4073743,1.1298876,0.5736384391784668,2.04258394241333
split_cell_heldout,drug_mean,"Myeloid cells, BI-D1870",0.2109828,0.8740485,0.3556707203388214,2.0385208129882812
split_cell_heldout,drug_mean,"Myeloid cells, Crizotinib",0.35229474,0.96608365,0.5271682739257812,2.0067596435546875
split_cell_heldout,drug_mean,"Myeloid cells, Azacitidine",0.15465598,0.67596436,0.368890643119812,1.6518425941467285
split_cell_heldout,drug_mean,"Myeloid cells, TR-14035",0.18951932,0.6677065,0.3646821081638336,1.730688452720642
split_cell_heldout,drug_mean,"Myeloid cells, AT 7867",0.16052012,1.3616338,0.2801806330680847,2.4786717891693115
split_cell_heldout,drug_mean,"Myeloid cells, GO-6976",0.28982386,1.121717,0.457269549369812,2.1380622386932373
split_cell_heldout,drug_mean,"Myeloid cells, TGX 221",0.33508584,0.98148954,0.5248223543167114,2.0144269466400146
split_cell_heldout,drug_mean,"Myeloid cells, Pitavastatin Calcium",0.4104219,2.1264486,0.47795745730400085,2.8198671340942383
split_cell_heldout,drug_mean,"Myeloid cells, ABT737",0.21567246,0.9460581,0.4405396282672882,2.093644857406616
split_cell_heldout,drug_mean,"Myeloid cells, PRT-062607",0.37537274,1.4111686,0.5228636264801025,2.359236001968384
split_cell_heldout,drug_mean,"Myeloid cells, AZ628",0.26064426,1.0235137,0.4404355585575104,2.0351028442382812
split_cell_heldout,drug_mean,"Myeloid cells, Masitinib",0.22975147,0.7713268,0.4320165514945984,1.9046016931533813
split_cell_heldout,drug_mean,"Myeloid cells, STK219801",0.30872363,0.65502393,0.49400874972343445,1.6987587213516235
split_cell_heldout,drug_mean,"Myeloid cells, Ricolinostat",0.40178627,1.0787601,0.5735006332397461,2.0735831260681152
split_cell_heldout,drug_mean,"Myeloid cells, Midostaurin",0.2537514,1.1766902,0.44506382942199707,2.236185312271118
split_cell_heldout,drug_mean,"Myeloid cells, CEP-37440",0.1395645,0.9934099,0.2694608271121979,2.174642324447632
split_cell_heldout,drug_mean,"Myeloid cells, R428",0.32814267,1.9678631,0.4178455173969269,2.822134256362915
split_cell_heldout,drug_mean,"Myeloid cells, Oxybenzone",0.16079077,0.5741736,0.3431181311607361,1.621104121208191
split_cell_heldout,drug_mean,"Myeloid cells, Tivantinib",0.2927451,0.83377576,0.5133663415908813,1.8730483055114746
split_cell_heldout,drug_mean,"Myeloid cells, Colchicine",0.36707002,2.3285022,0.42868831753730774,3.0704305171966553
split_cell_heldout,drug_mean,"Myeloid cells, BX 912",0.2139125,0.9190208,0.42111727595329285,1.9415031671524048
split_cell_heldout,drug_mean,"Myeloid cells, Selumetinib",0.22874467,1.0927297,0.3859246075153351,2.2373247146606445
split_cell_heldout,drug_mean,"Myeloid cells, RG7090",0.28401238,0.83475006,0.48382943868637085,1.8697248697280884
split_cell_heldout,drug_mean,"Myeloid cells, GLPG0634",0.31590134,0.947945,0.5667030811309814,1.9163119792938232
split_cell_heldout,drug_mean,"Myeloid cells, TIE2 Kinase Inhibitor",0.18433604,0.6658966,0.3332248628139496,1.8098580837249756
split_cell_heldout,drug_mean,"Myeloid cells, Lapatinib",0.21856369,0.67095834,0.44758301973342896,1.755143642425537
split_cell_heldout,drug_mean,"Myeloid cells, Atorvastatin",0.22802402,0.72625875,0.4981050491333008,1.8838059902191162
split_cell_heldout,drug_mean,"Myeloid cells, Clomipramine",0.26523912,0.6817086,0.5092365741729736,1.7317880392074585
split_cell_heldout,drug_mean,"Myeloid cells, Ixabepilone",0.18283707,0.6830428,0.33373790979385376,1.784783124923706
split_cell_heldout,drug_mean,"Myeloid cells, Protriptyline",0.15233456,0.57324535,0.2613152265548706,1.6475322246551514
split_cell_heldout,drug_mean,"Myeloid cells, Phenylbutazone",0.16267493,0.6035885,0.23364000022411346,1.657736897468567
split_cell_heldout,drug_mean,"Myeloid cells, K-02288",0.07689222,1.0111283,0.16419865190982819,2.2674202919006348
split_cell_heldout,drug_mean,"Myeloid cells, BMS-777607",0.15330249,0.8189238,0.2686174809932709,2.0081405639648438
split_cell_heldout,drug_mean,"Myeloid cells, Vorinostat",0.46622276,1.7828974,0.5948813557624817,2.388350248336792
split_cell_heldout,drug_mean,"Myeloid cells, Ruxolitinib",0.33008835,1.4458218,0.4798150062561035,2.504753828048706
split_cell_heldout,drug_mean,"Myeloid cells, AVL-292",0.21629581,1.0222468,0.3960321247577667,2.0759809017181396
split_cell_heldout,drug_mean,"Myeloid cells, Trametinib",0.27363968,1.3869703,0.40956515073776245,2.4648146629333496
split_cell_heldout,drug_mean,"Myeloid cells, Sgc-cbp30",0.24687788,0.99608004,0.440828412771225,2.0659022331237793
split_cell_heldout,drug_mean,"Myeloid cells, Chlorpheniramine",0.07019551,0.62978673,0.06294705718755722,1.7349966764450073
split_cell_heldout,drug_mean,"Myeloid cells, BAY 61-3606",0.4706348,1.741503,0.5871280431747437,2.4676802158355713
split_cell_heldout,drug_mean,"Myeloid cells, LY2090314",0.20696281,2.2852674,0.2569352090358734,3.080972194671631
split_cell_heldout,drug_mean,"Myeloid cells, Vardenafil",0.14983855,0.73318636,0.27167707681655884,1.8203054666519165
split_cell_heldout,drug_mean,"Myeloid cells, Dasatinib",0.45920178,1.4136819,0.6103200316429138,2.267838954925537
split_cell_heldout,drug_mean,"Myeloid cells, AT13387",0.33985108,1.5823287,0.49639132618904114,2.2351293563842773
split_cell_heldout,drug_mean,"Myeloid cells, Perhexiline",0.36593187,0.98778504,0.5895696878433228,1.8522051572799683
split_cell_heldout,drug_mean,"Myeloid cells, RVX-208",0.4019425,0.85569227,0.5987141728401184,1.7953479290008545
split_cell_heldout,drug_mean,"Myeloid cells, Ketoconazole",0.50293833,1.1928402,0.6493741273880005,2.050454616546631
split_cell_heldout,drug_mean,"Myeloid cells, Disulfiram",0.12466658,0.67603827,0.291737824678421,1.8124781847000122
split_cell_heldout,drug_mean,"Myeloid cells, Flutamide",0.121386394,0.6575119,0.19250908493995667,1.7878928184509277
split_cell_heldout,drug_mean,"Myeloid cells, Desloratadine",0.18766555,0.6478853,0.4418887197971344,1.6340240240097046
split_cell_heldout,drug_mean,"Myeloid cells, BMS-536924",0.318162,1.1383787,0.5059413313865662,2.0283896923065186
split_cell_heldout,drug_mean,"Myeloid cells, IKK Inhibitor VII",0.2995521,1.5132942,0.4511403441429138,2.574225425720215
split_cell_heldout,drug_mean,"Myeloid cells, Amiodarone",0.1335382,0.6729025,0.21797536313533783,1.81987464427948
split_cell_heldout,drug_mean,"Myeloid cells, IMD-0354",0.47473675,1.4487293,0.617265522480011,2.214914083480835
split_cell_heldout,drug_mean,"Myeloid cells, Alogliptin",0.1546533,0.61291474,0.3358677923679352,1.6383877992630005
split_cell_heldout,drug_mean,"Myeloid cells, RN-486",-0.02874173,0.8348011,-0.08710802346467972,2.0901906490325928
split_cell_heldout,drug_mean,"Myeloid cells, Decitabine",0.11889709,0.58422583,0.2466990202665329,1.6988285779953003
split_cell_heldout,drug_mean,"Myeloid cells, Cabozantinib",0.17664117,0.78877485,0.3237718641757965,1.846720576286316
split_cell_heldout,drug_mean,"Myeloid cells, Defactinib",0.31753433,1.0273412,0.5100403428077698,2.05761456489563
split_cell_heldout,drug_mean,"Myeloid cells, AZD3514",0.3798759,0.81244576,0.6261283159255981,1.743562936782837
split_cell_heldout,drug_mean,"Myeloid cells, HMN-214",0.41016343,0.78064275,0.6535026431083679,1.679711937904358
split_cell_heldout,drug_mean,"Myeloid cells, CC-401",0.45148677,0.8677246,0.6353919506072998,1.783410668373108
split_cell_heldout,drug_mean,"Myeloid cells, Resminostat",0.47549585,1.8550192,0.591847836971283,2.4013619422912598
split_cell_heldout,drug_mean,"Myeloid cells, Nilotinib",0.3151627,1.1770054,0.4733905494213104,2.2303366661071777
split_cell_heldout,drug_mean,"Myeloid cells, OSI-930",0.19203301,0.694046,0.29188892245292664,1.7160110473632812
split_cell_heldout,drug_mean,"Myeloid cells, Saracatinib",0.4916905,1.3086319,0.6306418180465698,2.2054944038391113
split_cell_heldout,drug_mean,"Myeloid cells, RG7112",0.38743567,0.7297022,0.5165814161300659,1.9130853414535522
split_cell_heldout,drug_mean,"Myeloid cells, Lamivudine",0.13036367,0.7418613,0.3042532503604889,1.8321177959442139
split_cell_heldout,drug_mean,"Myeloid cells, AZD-8330",0.18460397,1.2048684,0.33826684951782227,2.3532755374908447
split_cell_heldout,drug_mean,"Myeloid cells, Ceritinib",0.20294097,0.9828333,0.4359866678714752,2.1947474479675293
split_cell_heldout,drug_mean,"Myeloid cells, CGM-097",0.48141772,1.1112869,0.6258249282836914,1.9304704666137695
split_cell_heldout,drug_mean,"Myeloid cells, SLx-2119",0.16994293,0.6908318,0.3845204710960388,1.8126410245895386
split_cell_heldout,drug_mean,"Myeloid cells, Nefazodone",0.17007273,0.5924298,0.2362195998430252,1.6787927150726318
split_cell_heldout,drug_mean,"Myeloid cells, TPCA-1",0.36399582,1.4168371,0.5269835591316223,2.337841749191284
split_cell_heldout,drug_mean,"Myeloid cells, MGCD-265",0.20193945,0.6573746,0.4205937087535858,1.6400150060653687
split_cell_heldout,drug_mean,"Myeloid cells, GSK-1070916",0.28434068,0.7807524,0.4907541275024414,1.7806371450424194
split_cell_heldout,drug_mean,"Myeloid cells, Bosutinib",0.46464095,1.5263222,0.6003646850585938,2.4152417182922363
split_cell_heldout,drug_mean,"Myeloid cells, Clemastine",0.2891905,0.68117136,0.5032005310058594,1.6982556581497192
split_cell_heldout,drug_mean,"Myeloid cells, YK 4-279",0.20532472,0.647276,0.40938320755958557,1.6110261678695679
split_cell_heldout,drug_mean,"Myeloid cells, Buspirone",0.18624413,0.5792259,0.27747780084609985,1.6039822101593018
split_cell_heldout,drug_mean,"Myeloid cells, GSK256066",0.17556575,1.1573639,0.2855560779571533,2.3528642654418945
split_cell_heldout,drug_mean,"Myeloid cells, Vandetanib",0.092654265,0.8417646,0.23520112037658691,1.9656113386154175
split_cell_heldout,drug_mean,"Myeloid cells, Imatinib",0.111183405,0.58047694,0.27765363454818726,1.6149131059646606
split_cell_heldout,drug_mean,"Myeloid cells, SCH-58261",0.15344135,0.69076306,0.2862932085990906,1.77937650680542
split_cell_heldout,drug_mean,"Myeloid cells, Colforsin",0.15219809,0.70723534,0.2841264009475708,1.9161256551742554
split_cell_heldout,drug_mean,"Myeloid cells, Tosedostat",0.35705796,0.97209007,0.5619350671768188,1.9921725988388062
split_cell_heldout,drug_mean,"Myeloid cells, ABT-199 (GDC-0199)",0.11793802,0.66258013,0.23677171766757965,1.7250479459762573
split_cell_heldout,drug_mean,"Myeloid cells, Mometasone Furoate",0.45652193,1.7762641,0.579981803894043,2.5164480209350586
split_cell_heldout,drug_mean,"Myeloid cells, Tipifarnib",0.33870712,0.8136854,0.6019483804702759,1.7807841300964355
split_cell_heldout,drug_mean,"Myeloid cells, Doxorubicin",0.5334723,2.0119767,0.6151191592216492,2.6494300365448
split_cell_heldout,drug_mean,"Myeloid cells, PF-03814735",0.50894976,1.6913192,0.6151753664016724,2.4824440479278564
split_cell_heldout,drug_mean,"Myeloid cells, AZD4547",0.15893158,0.7051963,0.42917099595069885,1.8158960342407227
split_cell_heldout,drug_mean,"Myeloid cells, Prednisolone",0.3585597,1.5547925,0.4980333745479584,2.4430665969848633
split_cell_heldout,drug_mean,"Myeloid cells, Tacalcitol",0.19648403,2.19588,0.2592483460903168,3.1082136631011963
split_cell_heldout,drug_mean,"Myeloid cells, Clotrimazole",0.16273081,0.76551664,0.341156542301178,1.86556875705719
split_cell_heldout,drug_mean,"Myeloid cells, Mubritinib (TAK 165)",0.238421,1.2140837,0.3755280077457428,2.29129695892334
split_cell_heldout,drug_mean,"Myeloid cells, Vanoxerine",0.21285343,0.65751314,0.40181589126586914,1.65474534034729
split_cell_heldout,drug_mean,"Myeloid cells, SB525334",0.40956292,1.1267998,0.5877432227134705,2.1860313415527344
split_cell_heldout,drug_mean,"Myeloid cells, HYDROXYUREA",0.102087036,0.67312616,0.14635714888572693,1.7984771728515625
split_scaffold_heldout,global_train_mean,"B cells, Ganetespib (STA-9090)",0.45973754,1.6205126,0.5968592762947083,2.7110416889190674
split_scaffold_heldout,global_train_mean,"Myeloid cells, Ganetespib (STA-9090)",0.48712727,1.4368056,0.6570493578910828,2.514115810394287
split_scaffold_heldout,global_train_mean,"NK cells, Ganetespib (STA-9090)",0.40713987,1.0699974,0.6113049387931824,2.2432351112365723
split_scaffold_heldout,global_train_mean,"T cells, Ganetespib (STA-9090)",0.44446725,2.122061,0.5336019396781921,3.012619972229004
split_scaffold_heldout,global_train_mean,"B cells, Tamatinib",0.57393,1.117097,0.7638862729072571,2.2487449645996094
split_scaffold_heldout,global_train_mean,"Myeloid cells, Tamatinib",0.49741372,1.3204808,0.6883454918861389,2.45458722114563
split_scaffold_heldout,global_train_mean,"NK cells, Tamatinib",0.33810523,0.8167087,0.5208103060722351,1.8678386211395264
split_scaffold_heldout,global_train_mean,"T cells, Tamatinib",0.6145755,1.0102944,0.8032172322273254,2.0760254859924316
split_scaffold_heldout,global_train_mean,"B cells, Proscillaridin A;Proscillaridin-A",0.11975581,2.281883,0.153252974152565,3.162174940109253
split_scaffold_heldout,global_train_mean,"NK cells, Proscillaridin A;Proscillaridin-A",-0.008038058,2.2732282,-0.00398159259930253,3.1868507862091064
split_scaffold_heldout,global_train_mean,"T cells, Proscillaridin A;Proscillaridin-A",-0.025814846,2.9894779,-0.029060374945402145,3.5467629432678223
split_scaffold_heldout,global_train_mean,"NK cells, AVL-292",0.28335395,0.66205746,0.4942609667778015,1.799900770187378
split_scaffold_heldout,global_train_mean,"T cells, AVL-292",0.5620528,0.70589375,0.8005110621452332,1.7935295104980469
split_scaffold_heldout,global_train_mean,"B cells, Palbociclib",0.23970842,0.6360271,0.484049916267395,1.7367147207260132
split_scaffold_heldout,global_train_mean,"Myeloid cells, Palbociclib",0.29647213,0.74297935,0.5942438244819641,1.9034522771835327
split_scaffold_heldout,global_train_mean,"NK cells, Palbociclib",0.10962389,0.6512204,0.15642181038856506,1.7809956073760986
split_scaffold_heldout,global_train_mean,"T cells, Palbociclib",0.3214992,0.51007783,0.6671231389045715,1.5647437572479248
split_scaffold_heldout,global_train_mean,"NK cells, Trametinib",0.22007842,0.6935377,0.46653109788894653,1.787014365196228
split_scaffold_heldout,global_train_mean,"T cells, Trametinib",0.3545658,0.6663171,0.6582281589508057,1.8270207643508911
split_scaffold_heldout,global_train_mean,"B cells, AMD-070 (hydrochloride)",0.29275593,0.62500197,0.5407590270042419,1.757487416267395
split_scaffold_heldout,global_train_mean,"Myeloid cells, AMD-070 (hydrochloride)",0.14214103,0.7428965,0.3121943771839142,2.0053205490112305
split_scaffold_heldout,global_train_mean,"NK cells, AMD-070 (hydrochloride)",-0.0015353977,0.65451807,0.038560785353183746,1.8339349031448364
split_scaffold_heldout,global_train_mean,"T cells, AMD-070 (hydrochloride)",0.2756536,0.5811421,0.5471560955047607,1.7120449542999268
split_scaffold_heldout,global_train_mean,"NK cells, Sgc-cbp30",0.24875835,0.6684589,0.4608110189437866,1.765677809715271
split_scaffold_heldout,global_train_mean,"T cells, Sgc-cbp30",0.30656883,0.7374276,0.5079466700553894,1.904353380203247
split_scaffold_heldout,global_train_mean,"NK cells, Vardenafil",0.13978194,0.6553861,0.24733830988407135,1.8230819702148438
split_scaffold_heldout,global_train_mean,"T cells, Vardenafil",0.2314526,0.5340185,0.5154193043708801,1.6142570972442627
split_scaffold_heldout,global_train_mean,"NK cells, Dasatinib",0.24655943,0.746295,0.4187922477722168,1.8539267778396606
split_scaffold_heldout,global_train_mean,"T cells, Dasatinib",0.6182745,1.0206513,0.806841254234314,2.0981180667877197
split_scaffold_heldout,global_train_mean,"NK cells, IKK Inhibitor VII",0.3029869,0.71978295,0.5013757944107056,1.8344964981079102
split_scaffold_heldout,global_train_mean,"T cells, IKK Inhibitor VII",0.5499434,0.87342167,0.7876964807510376,1.9762465953826904
split_scaffold_heldout,global_train_mean,"NK cells, Amiodarone",0.1694308,0.65440536,0.2918606400489807,1.7885453701019287
split_scaffold_heldout,global_train_mean,"T cells, Amiodarone",0.19063576,0.5878355,0.4806932508945465,1.8773350715637207
split_scaffold_heldout,global_train_mean,"B cells, Isoniazid",0.23638634,0.5782517,0.42581090331077576,1.6834083795547485
split_scaffold_heldout,global_train_mean,"Myeloid cells, Isoniazid",0.18474557,0.58811754,0.4202097952365875,1.6892414093017578
split_scaffold_heldout,global_train_mean,"NK cells, Isoniazid",0.089199595,0.65374434,0.17610928416252136,1.8215609788894653
split_scaffold_heldout,global_train_mean,"T cells, Isoniazid",0.038514055,0.5355202,0.09960373491048813,1.584044337272644
split_scaffold_heldout,global_train_mean,"NK cells, Canertinib",0.08952981,0.70260894,0.14957371354103088,1.9453870058059692
split_scaffold_heldout,global_train_mean,"T cells, Canertinib",0.23452866,0.7703226,0.4150659739971161,2.016045093536377
split_scaffold_heldout,global_train_mean,"NK cells, Alogliptin",-0.029977523,0.65666896,-0.12851691246032715,1.877097249031067
split_scaffold_heldout,global_train_mean,"T cells, Alogliptin",-0.01474082,0.584473,-0.07051040232181549,1.7272639274597168
split_scaffold_heldout,global_train_mean,"B cells, LDN 193189",0.12983009,0.57706374,0.3456503748893738,1.6596965789794922
split_scaffold_heldout,global_train_mean,"Myeloid cells, LDN 193189",-0.036239408,0.80589414,0.04468033090233803,2.0401980876922607
split_scaffold_heldout,global_train_mean,"NK cells, LDN 193189",-0.032018233,0.7068902,-0.13722091913223267,1.9042706489562988
split_scaffold_heldout,global_train_mean,"T cells, LDN 193189",0.22006723,0.5569437,0.417686402797699,1.6828384399414062
split_scaffold_heldout,global_train_mean,"B cells, GO-6976",0.10621512,0.70969456,0.26001960039138794,1.900844931602478
split_scaffold_heldout,global_train_mean,"Myeloid cells, GO-6976",0.124214865,1.148811,0.2684307098388672,2.2974562644958496
split_scaffold_heldout,global_train_mean,"NK cells, GO-6976",-0.05863689,0.8185357,-0.07910171896219254,1.9838719367980957
split_scaffold_heldout,global_train_mean,"T cells, GO-6976",-0.12625757,0.9340734,-0.226924866437912,2.1519877910614014
split_scaffold_heldout,global_train_mean,"B cells, PRT-062607",0.5886522,1.0780046,0.7738240957260132,2.1902003288269043
split_scaffold_heldout,global_train_mean,"Myeloid cells, PRT-062607",0.51437,1.3982974,0.6819754242897034,2.5104687213897705
split_scaffold_heldout,global_train_mean,"NK cells, PRT-062607",0.35420293,0.7148768,0.5919053554534912,1.7813115119934082
split_scaffold_heldout,global_train_mean,"T cells, PRT-062607",0.6733195,0.9262285,0.855958104133606,1.9716256856918335
split_scaffold_heldout,global_train_mean,"NK cells, Clemastine",0.18117209,0.6507385,0.2496078759431839,1.7697904109954834
split_scaffold_heldout,global_train_mean,"T cells, Clemastine",0.3592886,0.51033324,0.7336577773094177,1.4620466232299805
split_scaffold_heldout,global_train_mean,"NK cells, YK 4-279",-0.059758376,0.721855,-0.08155669271945953,1.8688251972198486
split_scaffold_heldout,global_train_mean,"T cells, YK 4-279",-0.099956475,0.6494166,-0.2642468214035034,1.7915866374969482
split_scaffold_heldout,global_train_mean,"NK cells, Buspirone",0.060660295,0.61808115,0.030261369422078133,1.7945802211761475
split_scaffold_heldout,global_train_mean,"T cells, Buspirone",0.062924325,0.51816964,0.07237967848777771,1.6991266012191772
split_scaffold_heldout,global_train_mean,"B cells, CEP-37440",0.35887626,0.6811517,0.6228495240211487,1.8066630363464355
split_scaffold_heldout,global_train_mean,"Myeloid cells, CEP-37440",0.13663739,0.9357589,0.3062158226966858,2.189668655395508
split_scaffold_heldout,global_train_mean,"NK cells, CEP-37440",0.2582004,0.66617066,0.42391321063041687,1.8096203804016113
split_scaffold_heldout,global_train_mean,"T cells, CEP-37440",0.39465714,0.62739927,0.6957520842552185,1.8132727146148682
split_scaffold_heldout,global_train_mean,"B cells, R428",0.50622797,0.9425044,0.7331992983818054,2.1133034229278564
split_scaffold_heldout,global_train_mean,"Myeloid cells, R428",0.27458358,2.022194,0.3765935003757477,3.0091211795806885
split_scaffold_heldout,global_train_mean,"T cells, R428",0.56183493,0.88297963,0.7617400288581848,2.030866861343384
split_scaffold_heldout,global_train_mean,"NK cells, PF-03814735",0.33340153,0.81811184,0.5402012467384338,1.9138151407241821
split_scaffold_heldout,global_train_mean,"T cells, PF-03814735",0.5984919,1.0642236,0.782945990562439,2.166398525238037
split_scaffold_heldout,global_train_mean,"B cells, Selumetinib",0.47513816,0.77284074,0.7328535914421082,2.0087811946868896
split_scaffold_heldout,global_train_mean,"Myeloid cells, Selumetinib",0.3692991,1.0227813,0.6013296842575073,2.2334182262420654
split_scaffold_heldout,global_train_mean,"NK cells, Selumetinib",0.1855829,0.70014954,0.33807072043418884,1.830628514289856
split_scaffold_heldout,global_train_mean,"T cells, Selumetinib",0.5040935,0.6136811,0.760111391544342,1.7076343297958374
split_scaffold_heldout,global_train_mean,"NK cells, SB525334",-0.1462129,0.80768555,-0.2678030729293823,2.0234971046447754
split_scaffold_heldout,global_train_mean,"T cells, SB525334",-0.33714163,1.0682523,-0.5285628437995911,2.407088279724121
split_scaffold_heldout,global_train_mean,"B cells, AVL-292",0.58082396,0.929916,0.7813428640365601,2.049478769302368
split_scaffold_heldout,global_train_mean,"Myeloid cells, AVL-292",0.30541778,0.9092019,0.5414345860481262,2.102997303009033
split_scaffold_heldout,global_train_mean,"B cells, Trametinib",0.25214958,0.7352903,0.5543152689933777,1.8867446184158325
split_scaffold_heldout,global_train_mean,"Myeloid cells, Trametinib",0.10726717,1.4309766,0.17333489656448364,2.612537384033203
split_scaffold_heldout,global_train_mean,"B cells, Sgc-cbp30",0.24748914,0.6504017,0.5556324124336243,1.7342334985733032
split_scaffold_heldout,global_train_mean,"Myeloid cells, Sgc-cbp30",0.26457393,0.96048135,0.4817628562450409,2.142202854156494
split_scaffold_heldout,global_train_mean,"B cells, Vardenafil",0.24023005,0.5694636,0.4925772249698639,1.621830940246582
split_scaffold_heldout,global_train_mean,"Myeloid cells, Vardenafil",0.19408405,0.68479633,0.48217442631721497,1.7812503576278687
split_scaffold_heldout,global_train_mean,"B cells, Dasatinib",0.54177445,1.1356357,0.7484137415885925,2.307197093963623
split_scaffold_heldout,global_train_mean,"Myeloid cells, Dasatinib",0.5132839,1.4839485,0.6761512756347656,2.5418787002563477
split_scaffold_heldout,global_train_mean,"B cells, IKK Inhibitor VII",0.55562127,0.9501979,0.7535344958305359,2.044415235519409
split_scaffold_heldout,global_train_mean,"Myeloid cells, IKK Inhibitor VII",0.3932856,1.4908792,0.5677340626716614,2.678370714187622
split_scaffold_heldout,global_train_mean,"B cells, Amiodarone",0.10573047,0.56050503,0.19354073703289032,1.6379218101501465
split_scaffold_heldout,global_train_mean,"Myeloid cells, Amiodarone",0.08322702,0.63692665,0.19482259452342987,1.8350900411605835
split_scaffold_heldout,global_train_mean,"B cells, Canertinib",0.2506473,0.71796054,0.46008211374282837,1.918214201927185
split_scaffold_heldout,global_train_mean,"B cells, Alogliptin",0.07837975,0.60869426,0.14088018238544464,1.8098304271697998
split_scaffold_heldout,global_train_mean,"Myeloid cells, Alogliptin",0.018555088,0.5998313,0.08491493761539459,1.7134792804718018
split_scaffold_heldout,global_train_mean,"B cells, Clemastine",0.2538183,0.6523822,0.40684065222740173,1.8296922445297241
split_scaffold_heldout,global_train_mean,"Myeloid cells, Clemastine",0.2956257,0.645881,0.6246563792228699,1.7185566425323486
split_scaffold_heldout,global_train_mean,"B cells, YK 4-279",0.070038855,0.6191848,0.15620216727256775,1.808417558670044
split_scaffold_heldout,global_train_mean,"Myeloid cells, YK 4-279",0.07595401,0.62715423,0.11749081313610077,1.744189739227295
split_scaffold_heldout,global_train_mean,"B cells, Buspirone",0.037918556,0.5971469,-0.003954156767576933,1.8582128286361694
split_scaffold_heldout,global_train_mean,"Myeloid cells, Buspirone",0.18909964,0.54737294,0.3607735335826874,1.6025365591049194
split_scaffold_heldout,global_train_mean,"B cells, PF-03814735",0.52046883,1.170777,0.7104802131652832,2.3397631645202637
split_scaffold_heldout,global_train_mean,"Myeloid cells, PF-03814735",0.57410365,1.8350488,0.6970954537391663,2.79555344581604
split_scaffold_heldout,global_train_mean,"B cells, SB525334",-0.13170497,0.7425511,-0.3132830560207367,2.021376371383667
split_scaffold_heldout,global_train_mean,"Myeloid cells, SB525334",-0.13352746,1.2848375,-0.19048826396465302,2.5993776321411133
split_scaffold_heldout,cell_context_mean,"B cells, Ganetespib (STA-9090)",0.5277886,1.57127,0.6657745838165283,2.616713762283325
split_scaffold_heldout,cell_context_mean,"Myeloid cells, Ganetespib (STA-9090)",0.52172947,1.3838814,0.6824609637260437,2.406268358230591
split_scaffold_heldout,cell_context_mean,"NK cells, Ganetespib (STA-9090)",0.44715604,1.0648565,0.6749371290206909,2.2356810569763184
split_scaffold_heldout,cell_context_mean,"T cells, Ganetespib (STA-9090)",0.52966064,2.0582716,0.609853982925415,2.918628692626953
split_scaffold_heldout,cell_context_mean,"B cells, Tamatinib",0.6597628,1.0535502,0.8214418292045593,2.1019954681396484
split_scaffold_heldout,cell_context_mean,"Myeloid cells, Tamatinib",0.67358035,1.2097695,0.8304600715637207,2.236243724822998
split_scaffold_heldout,cell_context_mean,"NK cells, Tamatinib",0.4312054,0.7966694,0.6544752717018127,1.8306798934936523
split_scaffold_heldout,cell_context_mean,"T cells, Tamatinib",0.6095768,0.9700519,0.7977498769760132,1.965672254562378
split_scaffold_heldout,cell_context_mean,"B cells, Proscillaridin A;Proscillaridin-A",0.17511083,2.2640338,0.22266431152820587,3.1312949657440186
split_scaffold_heldout,cell_context_mean,"NK cells, Proscillaridin A;Proscillaridin-A",0.104782,2.246862,0.1453787386417389,3.1506781578063965
split_scaffold_heldout,cell_context_mean,"T cells, Proscillaridin A;Proscillaridin-A",0.018434178,2.9868777,0.020669596269726753,3.541820526123047
split_scaffold_heldout,cell_context_mean,"NK cells, AVL-292",0.3601745,0.6437098,0.6459434628486633,1.7572221755981445
split_scaffold_heldout,cell_context_mean,"T cells, AVL-292",0.62414116,0.65583974,0.8368746042251587,1.6100354194641113
split_scaffold_heldout,cell_context_mean,"B cells, Palbociclib",0.34875244,0.61560595,0.6057507395744324,1.619637370109558
split_scaffold_heldout,cell_context_mean,"Myeloid cells, Palbociclib",0.46088225,0.69047374,0.7427699565887451,1.6816872358322144
split_scaffold_heldout,cell_context_mean,"NK cells, Palbociclib",0.2625159,0.6135031,0.4445100426673889,1.7021212577819824
split_scaffold_heldout,cell_context_mean,"T cells, Palbociclib",0.3665984,0.5158615,0.6843438148498535,1.461179256439209
split_scaffold_heldout,cell_context_mean,"NK cells, Trametinib",0.34403953,0.6637516,0.6135899424552917,1.7317577600479126
split_scaffold_heldout,cell_context_mean,"T cells, Trametinib",0.38275763,0.6606759,0.6951725482940674,1.7106965780258179
split_scaffold_heldout,cell_context_mean,"B cells, AMD-070 (hydrochloride)",0.3891924,0.6038499,0.6258299946784973,1.6346396207809448
split_scaffold_heldout,cell_context_mean,"Myeloid cells, AMD-070 (hydrochloride)",0.19137943,0.756886,0.4001085162162781,1.9349253177642822
split_scaffold_heldout,cell_context_mean,"NK cells, AMD-070 (hydrochloride)",0.14719847,0.6170369,0.36458656191825867,1.7602721452713013
split_scaffold_heldout,cell_context_mean,"T cells, AMD-070 (hydrochloride)",0.38232812,0.5640928,0.6551909446716309,1.5760254859924316
split_scaffold_heldout,cell_context_mean,"NK cells, Sgc-cbp30",0.30415305,0.6544932,0.5584046244621277,1.7331953048706055
split_scaffold_heldout,cell_context_mean,"T cells, Sgc-cbp30",0.38176394,0.7167892,0.6017519235610962,1.7860947847366333
split_scaffold_heldout,cell_context_mean,"NK cells, Vardenafil",0.25283286,0.62684274,0.4230489134788513,1.7767932415008545
split_scaffold_heldout,cell_context_mean,"T cells, Vardenafil",0.31278208,0.53632677,0.5574336051940918,1.5167213678359985
split_scaffold_heldout,cell_context_mean,"NK cells, Dasatinib",0.3156482,0.72992957,0.5341494083404541,1.8228610754013062
split_scaffold_heldout,cell_context_mean,"T cells, Dasatinib",0.633499,0.9722685,0.7958946228027344,1.9762566089630127
split_scaffold_heldout,cell_context_mean,"NK cells, IKK Inhibitor VII",0.3370868,0.7120772,0.5822558999061584,1.8173284530639648
split_scaffold_heldout,cell_context_mean,"T cells, IKK Inhibitor VII",0.6237594,0.8145592,0.8271448016166687,1.7961996793746948
split_scaffold_heldout,cell_context_mean,"NK cells, Amiodarone",0.24084404,0.6354878,0.45720118284225464,1.7484018802642822
split_scaffold_heldout,cell_context_mean,"T cells, Amiodarone",0.32301873,0.5734133,0.6455499529838562,1.6273908615112305
split_scaffold_heldout,cell_context_mean,"B cells, Isoniazid",0.2715741,0.5863222,0.5079423785209656,1.6196057796478271
split_scaffold_heldout,cell_context_mean,"Myeloid cells, Isoniazid",0.32146847,0.5788153,0.6172860860824585,1.4976205825805664
split_scaffold_heldout,cell_context_mean,"NK cells, Isoniazid",0.16939893,0.63187027,0.3472278118133545,1.7813496589660645
split_scaffold_heldout,cell_context_mean,"T cells, Isoniazid",0.16215727,0.54695505,0.35395023226737976,1.5064482688903809
split_scaffold_heldout,cell_context_mean,"NK cells, Canertinib",0.21672097,0.67080885,0.3447134792804718,1.8897180557250977
split_scaffold_heldout,cell_context_mean,"T cells, Canertinib",0.313278,0.75632244,0.46218183636665344,1.940623164176941
split_scaffold_heldout,cell_context_mean,"NK cells, Alogliptin",0.10741269,0.6214208,0.16377419233322144,1.8037128448486328
split_scaffold_heldout,cell_context_mean,"T cells, Alogliptin",0.089111686,0.60229254,0.10703496634960175,1.6906198263168335
split_scaffold_heldout,cell_context_mean,"B cells, LDN 193189",0.18670443,0.5882927,0.40515801310539246,1.612041711807251
split_scaffold_heldout,cell_context_mean,"Myeloid cells, LDN 193189",0.066745795,0.8203935,0.2367134839296341,1.9760414361953735
split_scaffold_heldout,cell_context_mean,"NK cells, LDN 193189",0.08666478,0.6758176,0.16095101833343506,1.8378690481185913
split_scaffold_heldout,cell_context_mean,"T cells, LDN 193189",0.2680503,0.56931424,0.46781307458877563,1.6298060417175293
split_scaffold_heldout,cell_context_mean,"B cells, GO-6976",0.16893536,0.7132979,0.3590672016143799,1.848282814025879
split_scaffold_heldout,cell_context_mean,"Myeloid cells, GO-6976",0.32181722,1.093089,0.5411334037780762,2.1415529251098633
split_scaffold_heldout,cell_context_mean,"NK cells, GO-6976",0.11175164,0.77686477,0.27135637402534485,1.9002912044525146
split_scaffold_heldout,cell_context_mean,"T cells, GO-6976",-0.034735996,0.9473186,0.0022611585445702076,2.128453016281128
split_scaffold_heldout,cell_context_mean,"B cells, PRT-062607",0.68667746,1.0085279,0.8383460640907288,2.0289995670318604
split_scaffold_heldout,cell_context_mean,"Myeloid cells, PRT-062607",0.68251264,1.2871525,0.8189695477485657,2.301875114440918
split_scaffold_heldout,cell_context_mean,"NK cells, PRT-062607",0.4267489,0.69910884,0.6727918982505798,1.7564197778701782
split_scaffold_heldout,cell_context_mean,"T cells, PRT-062607",0.6933909,0.86967546,0.8468762636184692,1.8266100883483887
split_scaffold_heldout,cell_context_mean,"NK cells, Clemastine",0.2420592,0.6342992,0.38969993591308594,1.731552004814148
split_scaffold_heldout,cell_context_mean,"T cells, Clemastine",0.40885094,0.5094761,0.7876355051994324,1.326480507850647
split_scaffold_heldout,cell_context_mean,"NK cells, YK 4-279",0.098697804,0.68224424,0.21420088410377502,1.8018184900283813
split_scaffold_heldout,cell_context_mean,"T cells, YK 4-279",-0.007895966,0.6736594,-0.15014834702014923,1.8306041955947876
split_scaffold_heldout,cell_context_mean,"NK cells, Buspirone",0.1628456,0.5908277,0.3034275770187378,1.7381603717803955
split_scaffold_heldout,cell_context_mean,"T cells, Buspirone",0.121697865,0.5481304,0.27581045031547546,1.6516697406768799
split_scaffold_heldout,cell_context_mean,"B cells, CEP-37440",0.49856007,0.63369435,0.7547186017036438,1.630357027053833
split_scaffold_heldout,cell_context_mean,"Myeloid cells, CEP-37440",0.2660571,0.91107523,0.5224606990814209,2.053644895553589
split_scaffold_heldout,cell_context_mean,"NK cells, CEP-37440",0.31199917,0.6526621,0.4892611503601074,1.7879118919372559
split_scaffold_heldout,cell_context_mean,"T cells, CEP-37440",0.42975172,0.61657137,0.7035393118858337,1.7188258171081543
split_scaffold_heldout,cell_context_mean,"B cells, R428",0.5653944,0.89895403,0.7642687559127808,1.9931460618972778
split_scaffold_heldout,cell_context_mean,"Myeloid cells, R428",0.36800802,1.9709035,0.47564929723739624,2.92398738861084
split_scaffold_heldout,cell_context_mean,"T cells, R428",0.5792378,0.8447216,0.7836229205131531,1.9098210334777832
split_scaffold_heldout,cell_context_mean,"NK cells, PF-03814735",0.41585895,0.8004637,0.6570770740509033,1.8762962818145752
split_scaffold_heldout,cell_context_mean,"T cells, PF-03814735",0.59529525,1.0242976,0.7731358408927917,2.0603880882263184
split_scaffold_heldout,cell_context_mean,"B cells, Selumetinib",0.5989056,0.7132782,0.8199337720870972,1.815733790397644
split_scaffold_heldout,cell_context_mean,"Myeloid cells, Selumetinib",0.5719438,0.9289187,0.7923907041549683,1.9947162866592407
split_scaffold_heldout,cell_context_mean,"NK cells, Selumetinib",0.29010943,0.6744456,0.5102776288986206,1.7774819135665894
split_scaffold_heldout,cell_context_mean,"T cells, Selumetinib",0.531748,0.59199077,0.7950923442840576,1.5607637166976929
split_scaffold_heldout,cell_context_mean,"NK cells, SB525334",0.03162941,0.76365733,0.05995495989918709,1.9405162334442139
split_scaffold_heldout,cell_context_mean,"T cells, SB525334",-0.2117833,1.0872817,-0.3588941693305969,2.4212257862091064
split_scaffold_heldout,cell_context_mean,"B cells, AVL-292",0.6665953,0.86819303,0.8407995700836182,1.8826919794082642
split_scaffold_heldout,cell_context_mean,"Myeloid cells, AVL-292",0.4486645,0.8547277,0.7183946967124939,1.9080121517181396
split_scaffold_heldout,cell_context_mean,"B cells, Trametinib",0.35132483,0.71217024,0.6241334676742554,1.7809975147247314
split_scaffold_heldout,cell_context_mean,"Myeloid cells, Trametinib",0.33301407,1.3603379,0.480749249458313,2.4644875526428223
split_scaffold_heldout,cell_context_mean,"B cells, Sgc-cbp30",0.33890742,0.63409966,0.656578004360199,1.6214373111724854
split_scaffold_heldout,cell_context_mean,"Myeloid cells, Sgc-cbp30",0.2588922,0.96675944,0.475919246673584,2.089500665664673
split_scaffold_heldout,cell_context_mean,"B cells, Vardenafil",0.29922378,0.5700866,0.5634188055992126,1.54656183719635
split_scaffold_heldout,cell_context_mean,"Myeloid cells, Vardenafil",0.33784366,0.661777,0.6581199169158936,1.5850943326950073
split_scaffold_heldout,cell_context_mean,"B cells, Dasatinib",0.649377,1.0672553,0.8247632384300232,2.153728723526001
split_scaffold_heldout,cell_context_mean,"Myeloid cells, Dasatinib",0.567355,1.4187399,0.733323335647583,2.41813063621521
split_scaffold_heldout,cell_context_mean,"B cells, IKK Inhibitor VII",0.6408368,0.8912691,0.8206896781921387,1.886690378189087
split_scaffold_heldout,cell_context_mean,"Myeloid cells, IKK Inhibitor VII",0.57612133,1.3925376,0.7299622297286987,2.4935412406921387
split_scaffold_heldout,cell_context_mean,"B cells, Amiodarone",0.16997099,0.5727396,0.35745638608932495,1.575965404510498
split_scaffold_heldout,cell_context_mean,"Myeloid cells, Amiodarone",0.16842186,0.6548195,0.36313512921333313,1.7357499599456787
split_scaffold_heldout,cell_context_mean,"B cells, Canertinib",0.2946366,0.71354413,0.5099541544914246,1.8467592000961304
split_scaffold_heldout,cell_context_mean,"B cells, Alogliptin",0.09367956,0.6342337,0.14237289130687714,1.806154489517212
split_scaffold_heldout,cell_context_mean,"Myeloid cells, Alogliptin",0.06479029,0.64167714,0.18792033195495605,1.699590802192688
split_scaffold_heldout,cell_context_mean,"B cells, Clemastine",0.34985888,0.63416845,0.554929792881012,1.729148030281067
split_scaffold_heldout,cell_context_mean,"Myeloid cells, Clemastine",0.40937316,0.62138176,0.7181851267814636,1.5329793691635132
split_scaffold_heldout,cell_context_mean,"B cells, YK 4-279",0.15291677,0.6250284,0.3228062391281128,1.7478623390197754
split_scaffold_heldout,cell_context_mean,"Myeloid cells, YK 4-279",0.23718461,0.62112767,0.4062933623790741,1.6207486391067505
split_scaffold_heldout,cell_context_mean,"B cells, Buspirone",0.1307412,0.60418826,0.2115083634853363,1.7954803705215454
split_scaffold_heldout,cell_context_mean,"Myeloid cells, Buspirone",0.17315593,0.59461296,0.3518087863922119,1.5791511535644531
split_scaffold_heldout,cell_context_mean,"B cells, PF-03814735",0.62571126,1.1054803,0.7915083765983582,2.193049430847168
split_scaffold_heldout,cell_context_mean,"Myeloid cells, PF-03814735",0.69317687,1.7311015,0.7976649403572083,2.633070707321167
split_scaffold_heldout,cell_context_mean,"B cells, SB525334",-0.09509405,0.77127194,-0.2445598840713501,2.0418448448181152
split_scaffold_heldout,cell_context_mean,"Myeloid cells, SB525334",-0.12032022,1.3236771,-0.17014841735363007,2.642595052719116
split_scaffold_heldout,drug_mean,"B cells, Ganetespib (STA-9090)",0.45973754,1.6205126,0.5968592762947083,2.7110416889190674
split_scaffold_heldout,drug_mean,"Myeloid cells, Ganetespib (STA-9090)",0.48712727,1.4368056,0.6570493578910828,2.514115810394287
split_scaffold_heldout,drug_mean,"NK cells, Ganetespib (STA-9090)",0.40713987,1.0699974,0.6113049387931824,2.2432351112365723
split_scaffold_heldout,drug_mean,"T cells, Ganetespib (STA-9090)",0.44446725,2.122061,0.5336019396781921,3.012619972229004
split_scaffold_heldout,drug_mean,"B cells, Tamatinib",0.57393,1.117097,0.7638862729072571,2.2487449645996094
split_scaffold_heldout,drug_mean,"Myeloid cells, Tamatinib",0.49741372,1.3204808,0.6883454918861389,2.45458722114563
split_scaffold_heldout,drug_mean,"NK cells, Tamatinib",0.33810523,0.8167087,0.5208103060722351,1.8678386211395264
split_scaffold_heldout,drug_mean,"T cells, Tamatinib",0.6145755,1.0102944,0.8032172322273254,2.0760254859924316
split_scaffold_heldout,drug_mean,"B cells, Proscillaridin A;Proscillaridin-A",0.11975581,2.281883,0.153252974152565,3.162174940109253
split_scaffold_heldout,drug_mean,"NK cells, Proscillaridin A;Proscillaridin-A",-0.008038058,2.2732282,-0.00398159259930253,3.1868507862091064
split_scaffold_heldout,drug_mean,"T cells, Proscillaridin A;Proscillaridin-A",-0.025814846,2.9894779,-0.029060374945402145,3.5467629432678223
split_scaffold_heldout,drug_mean,"NK cells, AVL-292",0.28335395,0.66205746,0.4942609667778015,1.799900770187378
split_scaffold_heldout,drug_mean,"T cells, AVL-292",0.5620528,0.70589375,0.8005110621452332,1.7935295104980469
split_scaffold_heldout,drug_mean,"B cells, Palbociclib",0.23970842,0.6360271,0.484049916267395,1.7367147207260132
split_scaffold_heldout,drug_mean,"Myeloid cells, Palbociclib",0.29647213,0.74297935,0.5942438244819641,1.9034522771835327
split_scaffold_heldout,drug_mean,"NK cells, Palbociclib",0.10962389,0.6512204,0.15642181038856506,1.7809956073760986
split_scaffold_heldout,drug_mean,"T cells, Palbociclib",0.3214992,0.51007783,0.6671231389045715,1.5647437572479248
split_scaffold_heldout,drug_mean,"NK cells, Trametinib",0.22007842,0.6935377,0.46653109788894653,1.787014365196228
split_scaffold_heldout,drug_mean,"T cells, Trametinib",0.3545658,0.6663171,0.6582281589508057,1.8270207643508911
split_scaffold_heldout,drug_mean,"B cells, AMD-070 (hydrochloride)",0.29275593,0.62500197,0.5407590270042419,1.757487416267395
split_scaffold_heldout,drug_mean,"Myeloid cells, AMD-070 (hydrochloride)",0.14214103,0.7428965,0.3121943771839142,2.0053205490112305
split_scaffold_heldout,drug_mean,"NK cells, AMD-070 (hydrochloride)",-0.0015353977,0.65451807,0.038560785353183746,1.8339349031448364
split_scaffold_heldout,drug_mean,"T cells, AMD-070 (hydrochloride)",0.2756536,0.5811421,0.5471560955047607,1.7120449542999268
split_scaffold_heldout,drug_mean,"NK cells, Sgc-cbp30",0.24875835,0.6684589,0.4608110189437866,1.765677809715271
split_scaffold_heldout,drug_mean,"T cells, Sgc-cbp30",0.30656883,0.7374276,0.5079466700553894,1.904353380203247
split_scaffold_heldout,drug_mean,"NK cells, Vardenafil",0.13978194,0.6553861,0.24733830988407135,1.8230819702148438
split_scaffold_heldout,drug_mean,"T cells, Vardenafil",0.2314526,0.5340185,0.5154193043708801,1.6142570972442627
split_scaffold_heldout,drug_mean,"NK cells, Dasatinib",0.24655943,0.746295,0.4187922477722168,1.8539267778396606
split_scaffold_heldout,drug_mean,"T cells, Dasatinib",0.6182745,1.0206513,0.806841254234314,2.0981180667877197
split_scaffold_heldout,drug_mean,"NK cells, IKK Inhibitor VII",0.3029869,0.71978295,0.5013757944107056,1.8344964981079102
split_scaffold_heldout,drug_mean,"T cells, IKK Inhibitor VII",0.5499434,0.87342167,0.7876964807510376,1.9762465953826904
split_scaffold_heldout,drug_mean,"NK cells, Amiodarone",0.1694308,0.65440536,0.2918606400489807,1.7885453701019287
split_scaffold_heldout,drug_mean,"T cells, Amiodarone",0.19063576,0.5878355,0.4806932508945465,1.8773350715637207
split_scaffold_heldout,drug_mean,"B cells, Isoniazid",0.23638634,0.5782517,0.42581090331077576,1.6834083795547485
split_scaffold_heldout,drug_mean,"Myeloid cells, Isoniazid",0.18474557,0.58811754,0.4202097952365875,1.6892414093017578
split_scaffold_heldout,drug_mean,"NK cells, Isoniazid",0.089199595,0.65374434,0.17610928416252136,1.8215609788894653
split_scaffold_heldout,drug_mean,"T cells, Isoniazid",0.038514055,0.5355202,0.09960373491048813,1.584044337272644
split_scaffold_heldout,drug_mean,"NK cells, Canertinib",0.08952981,0.70260894,0.14957371354103088,1.9453870058059692
split_scaffold_heldout,drug_mean,"T cells, Canertinib",0.23452866,0.7703226,0.4150659739971161,2.016045093536377
split_scaffold_heldout,drug_mean,"NK cells, Alogliptin",-0.029977523,0.65666896,-0.12851691246032715,1.877097249031067
split_scaffold_heldout,drug_mean,"T cells, Alogliptin",-0.01474082,0.584473,-0.07051040232181549,1.7272639274597168
split_scaffold_heldout,drug_mean,"B cells, LDN 193189",0.12983009,0.57706374,0.3456503748893738,1.6596965789794922
split_scaffold_heldout,drug_mean,"Myeloid cells, LDN 193189",-0.036239408,0.80589414,0.04468033090233803,2.0401980876922607
split_scaffold_heldout,drug_mean,"NK cells, LDN 193189",-0.032018233,0.7068902,-0.13722091913223267,1.9042706489562988
split_scaffold_heldout,drug_mean,"T cells, LDN 193189",0.22006723,0.5569437,0.417686402797699,1.6828384399414062
split_scaffold_heldout,drug_mean,"B cells, GO-6976",0.10621512,0.70969456,0.26001960039138794,1.900844931602478
split_scaffold_heldout,drug_mean,"Myeloid cells, GO-6976",0.124214865,1.148811,0.2684307098388672,2.2974562644958496
split_scaffold_heldout,drug_mean,"NK cells, GO-6976",-0.05863689,0.8185357,-0.07910171896219254,1.9838719367980957
split_scaffold_heldout,drug_mean,"T cells, GO-6976",-0.12625757,0.9340734,-0.226924866437912,2.1519877910614014
split_scaffold_heldout,drug_mean,"B cells, PRT-062607",0.5886522,1.0780046,0.7738240957260132,2.1902003288269043
split_scaffold_heldout,drug_mean,"Myeloid cells, PRT-062607",0.51437,1.3982974,0.6819754242897034,2.5104687213897705
split_scaffold_heldout,drug_mean,"NK cells, PRT-062607",0.35420293,0.7148768,0.5919053554534912,1.7813115119934082
split_scaffold_heldout,drug_mean,"T cells, PRT-062607",0.6733195,0.9262285,0.855958104133606,1.9716256856918335
split_scaffold_heldout,drug_mean,"NK cells, Clemastine",0.18117209,0.6507385,0.2496078759431839,1.7697904109954834
split_scaffold_heldout,drug_mean,"T cells, Clemastine",0.3592886,0.51033324,0.7336577773094177,1.4620466232299805
split_scaffold_heldout,drug_mean,"NK cells, YK 4-279",-0.059758376,0.721855,-0.08155669271945953,1.8688251972198486
split_scaffold_heldout,drug_mean,"T cells, YK 4-279",-0.099956475,0.6494166,-0.2642468214035034,1.7915866374969482
split_scaffold_heldout,drug_mean,"NK cells, Buspirone",0.060660295,0.61808115,0.030261369422078133,1.7945802211761475
split_scaffold_heldout,drug_mean,"T cells, Buspirone",0.062924325,0.51816964,0.07237967848777771,1.6991266012191772
split_scaffold_heldout,drug_mean,"B cells, CEP-37440",0.35887626,0.6811517,0.6228495240211487,1.8066630363464355
split_scaffold_heldout,drug_mean,"Myeloid cells, CEP-37440",0.13663739,0.9357589,0.3062158226966858,2.189668655395508
split_scaffold_heldout,drug_mean,"NK cells, CEP-37440",0.2582004,0.66617066,0.42391321063041687,1.8096203804016113
split_scaffold_heldout,drug_mean,"T cells, CEP-37440",0.39465714,0.62739927,0.6957520842552185,1.8132727146148682
split_scaffold_heldout,drug_mean,"B cells, R428",0.50622797,0.9425044,0.7331992983818054,2.1133034229278564
split_scaffold_heldout,drug_mean,"Myeloid cells, R428",0.27458358,2.022194,0.3765935003757477,3.0091211795806885
split_scaffold_heldout,drug_mean,"T cells, R428",0.56183493,0.88297963,0.7617400288581848,2.030866861343384
split_scaffold_heldout,drug_mean,"NK cells, PF-03814735",0.33340153,0.81811184,0.5402012467384338,1.9138151407241821
split_scaffold_heldout,drug_mean,"T cells, PF-03814735",0.5984919,1.0642236,0.782945990562439,2.166398525238037
split_scaffold_heldout,drug_mean,"B cells, Selumetinib",0.47513816,0.77284074,0.7328535914421082,2.0087811946868896
split_scaffold_heldout,drug_mean,"Myeloid cells, Selumetinib",0.3692991,1.0227813,0.6013296842575073,2.2334182262420654
split_scaffold_heldout,drug_mean,"NK cells, Selumetinib",0.1855829,0.70014954,0.33807072043418884,1.830628514289856
split_scaffold_heldout,drug_mean,"T cells, Selumetinib",0.5040935,0.6136811,0.760111391544342,1.7076343297958374
split_scaffold_heldout,drug_mean,"NK cells, SB525334",-0.1462129,0.80768555,-0.2678030729293823,2.0234971046447754
split_scaffold_heldout,drug_mean,"T cells, SB525334",-0.33714163,1.0682523,-0.5285628437995911,2.407088279724121
split_scaffold_heldout,drug_mean,"B cells, AVL-292",0.58082396,0.929916,0.7813428640365601,2.049478769302368
split_scaffold_heldout,drug_mean,"Myeloid cells, AVL-292",0.30541778,0.9092019,0.5414345860481262,2.102997303009033
split_scaffold_heldout,drug_mean,"B cells, Trametinib",0.25214958,0.7352903,0.5543152689933777,1.8867446184158325
split_scaffold_heldout,drug_mean,"Myeloid cells, Trametinib",0.10726717,1.4309766,0.17333489656448364,2.612537384033203
split_scaffold_heldout,drug_mean,"B cells, Sgc-cbp30",0.24748914,0.6504017,0.5556324124336243,1.7342334985733032
split_scaffold_heldout,drug_mean,"Myeloid cells, Sgc-cbp30",0.26457393,0.96048135,0.4817628562450409,2.142202854156494
split_scaffold_heldout,drug_mean,"B cells, Vardenafil",0.24023005,0.5694636,0.4925772249698639,1.621830940246582
split_scaffold_heldout,drug_mean,"Myeloid cells, Vardenafil",0.19408405,0.68479633,0.48217442631721497,1.7812503576278687
split_scaffold_heldout,drug_mean,"B cells, Dasatinib",0.54177445,1.1356357,0.7484137415885925,2.307197093963623
split_scaffold_heldout,drug_mean,"Myeloid cells, Dasatinib",0.5132839,1.4839485,0.6761512756347656,2.5418787002563477
split_scaffold_heldout,drug_mean,"B cells, IKK Inhibitor VII",0.55562127,0.9501979,0.7535344958305359,2.044415235519409
split_scaffold_heldout,drug_mean,"Myeloid cells, IKK Inhibitor VII",0.3932856,1.4908792,0.5677340626716614,2.678370714187622
split_scaffold_heldout,drug_mean,"B cells, Amiodarone",0.10573047,0.56050503,0.19354073703289032,1.6379218101501465
split_scaffold_heldout,drug_mean,"Myeloid cells, Amiodarone",0.08322702,0.63692665,0.19482259452342987,1.8350900411605835
split_scaffold_heldout,drug_mean,"B cells, Canertinib",0.2506473,0.71796054,0.46008211374282837,1.918214201927185
split_scaffold_heldout,drug_mean,"B cells, Alogliptin",0.07837975,0.60869426,0.14088018238544464,1.8098304271697998
split_scaffold_heldout,drug_mean,"Myeloid cells, Alogliptin",0.018555088,0.5998313,0.08491493761539459,1.7134792804718018
split_scaffold_heldout,drug_mean,"B cells, Clemastine",0.2538183,0.6523822,0.40684065222740173,1.8296922445297241
split_scaffold_heldout,drug_mean,"Myeloid cells, Clemastine",0.2956257,0.645881,0.6246563792228699,1.7185566425323486
split_scaffold_heldout,drug_mean,"B cells, YK 4-279",0.070038855,0.6191848,0.15620216727256775,1.808417558670044
split_scaffold_heldout,drug_mean,"Myeloid cells, YK 4-279",0.07595401,0.62715423,0.11749081313610077,1.744189739227295
split_scaffold_heldout,drug_mean,"B cells, Buspirone",0.037918556,0.5971469,-0.003954156767576933,1.8582128286361694
split_scaffold_heldout,drug_mean,"Myeloid cells, Buspirone",0.18909964,0.54737294,0.3607735335826874,1.6025365591049194
split_scaffold_heldout,drug_mean,"B cells, PF-03814735",0.52046883,1.170777,0.7104802131652832,2.3397631645202637
split_scaffold_heldout,drug_mean,"Myeloid cells, PF-03814735",0.57410365,1.8350488,0.6970954537391663,2.79555344581604
split_scaffold_heldout,drug_mean,"B cells, SB525334",-0.13170497,0.7425511,-0.3132830560207367,2.021376371383667
split_scaffold_heldout,drug_mean,"Myeloid cells, SB525334",-0.13352746,1.2848375,-0.19048826396465302,2.5993776321411133
split_cell_scaffold_heldout,global_train_mean,"Myeloid cells, Ganetespib (STA-9090)",0.38254476,1.4621807,0.5390006899833679,2.5554990768432617
split_cell_scaffold_heldout,global_train_mean,"Myeloid cells, Tamatinib",0.3215937,1.3637468,0.4780876934528351,2.5309431552886963
split_cell_scaffold_heldout,global_train_mean,"Myeloid cells, Palbociclib",0.16255906,0.7755623,0.3636195957660675,1.9841656684875488
split_cell_scaffold_heldout,global_train_mean,"Myeloid cells, AMD-070 (hydrochloride)",0.09243931,0.75502187,0.1995847374200821,2.037689685821533
split_cell_scaffold_heldout,global_train_mean,"Myeloid cells, Isoniazid",0.08450015,0.61188537,0.13836291432380676,1.76393461227417
split_cell_scaffold_heldout,global_train_mean,"Myeloid cells, LDN 193189",-0.08019855,0.8165676,-0.07978295534849167,2.0712990760803223
split_cell_scaffold_heldout,global_train_mean,"Myeloid cells, GO-6976",0.005017704,1.1770314,0.039421405643224716,2.354757070541382
split_cell_scaffold_heldout,global_train_mean,"Myeloid cells, PRT-062607",0.3394329,1.4412984,0.4816102683544159,2.5835883617401123
split_cell_scaffold_heldout,global_train_mean,"Myeloid cells, CEP-37440",0.048625126,0.9568004,0.12401001900434494,2.241854667663574
split_cell_scaffold_heldout,global_train_mean,"Myeloid cells, R428",0.17940111,2.044724,0.2542875409126282,3.041698694229126
split_cell_scaffold_heldout,global_train_mean,"Myeloid cells, Selumetinib",0.20354573,1.0633327,0.35482457280158997,2.3179523944854736
split_cell_scaffold_heldout,global_train_mean,"Myeloid cells, AVL-292",0.18026873,0.93962884,0.33745959401130676,2.1752383708953857
split_cell_scaffold_heldout,global_train_mean,"Myeloid cells, Trametinib",-0.022676462,1.4617932,-0.028829369693994522,2.6664419174194336
split_cell_scaffold_heldout,global_train_mean,"Myeloid cells, Sgc-cbp30",0.21976836,0.97137904,0.4006124436855316,2.16654372215271
split_cell_scaffold_heldout,global_train_mean,"Myeloid cells, Vardenafil",0.08870987,0.7099444,0.23914597928524017,1.8552258014678955
split_cell_scaffold_heldout,global_train_mean,"Myeloid cells, Dasatinib",0.39445385,1.5128381,0.5433200597763062,2.5878419876098633
split_cell_scaffold_heldout,global_train_mean,"Myeloid cells, IKK Inhibitor VII",0.23292689,1.5296971,0.3693159520626068,2.743720293045044
split_cell_scaffold_heldout,global_train_mean,"Myeloid cells, Amiodarone",0.026498614,0.6504958,0.04167604446411133,1.8780044317245483
split_cell_scaffold_heldout,global_train_mean,"Myeloid cells, Alogliptin",-0.0074445093,0.6065338,-0.0038828139659017324,1.7281684875488281
split_cell_scaffold_heldout,global_train_mean,"Myeloid cells, Clemastine",0.18669693,0.672498,0.4067431092262268,1.7901073694229126
split_cell_scaffold_heldout,global_train_mean,"Myeloid cells, YK 4-279",-0.016734757,0.64865994,-0.11536820977926254,1.7959437370300293
split_cell_scaffold_heldout,global_train_mean,"Myeloid cells, Buspirone",0.16289993,0.5541242,0.30487918853759766,1.61929190158844
split_cell_scaffold_heldout,global_train_mean,"Myeloid cells, PF-03814735",0.4124731,1.8743018,0.5304496884346008,2.8528597354888916
split_cell_scaffold_heldout,global_train_mean,"Myeloid cells, SB525334",-0.115982555,1.2817302,-0.16585764288902283,2.5920042991638184
split_cell_scaffold_heldout,cell_context_mean,"Myeloid cells, Ganetespib (STA-9090)",0.38254476,1.4621807,0.5390006899833679,2.5554990768432617
split_cell_scaffold_heldout,cell_context_mean,"Myeloid cells, Tamatinib",0.3215937,1.3637468,0.4780876934528351,2.5309431552886963
split_cell_scaffold_heldout,cell_context_mean,"Myeloid cells, Palbociclib",0.16255906,0.7755623,0.3636195957660675,1.9841656684875488
split_cell_scaffold_heldout,cell_context_mean,"Myeloid cells, AMD-070 (hydrochloride)",0.09243931,0.75502187,0.1995847374200821,2.037689685821533
split_cell_scaffold_heldout,cell_context_mean,"Myeloid cells, Isoniazid",0.08450015,0.61188537,0.13836291432380676,1.76393461227417
split_cell_scaffold_heldout,cell_context_mean,"Myeloid cells, LDN 193189",-0.08019855,0.8165676,-0.07978295534849167,2.0712990760803223
split_cell_scaffold_heldout,cell_context_mean,"Myeloid cells, GO-6976",0.005017704,1.1770314,0.039421405643224716,2.354757070541382
split_cell_scaffold_heldout,cell_context_mean,"Myeloid cells, PRT-062607",0.3394329,1.4412984,0.4816102683544159,2.5835883617401123
split_cell_scaffold_heldout,cell_context_mean,"Myeloid cells, CEP-37440",0.048625126,0.9568004,0.12401001900434494,2.241854667663574
split_cell_scaffold_heldout,cell_context_mean,"Myeloid cells, R428",0.17940111,2.044724,0.2542875409126282,3.041698694229126
split_cell_scaffold_heldout,cell_context_mean,"Myeloid cells, Selumetinib",0.20354573,1.0633327,0.35482457280158997,2.3179523944854736
split_cell_scaffold_heldout,cell_context_mean,"Myeloid cells, AVL-292",0.18026873,0.93962884,0.33745959401130676,2.1752383708953857
split_cell_scaffold_heldout,cell_context_mean,"Myeloid cells, Trametinib",-0.022676462,1.4617932,-0.028829369693994522,2.6664419174194336
split_cell_scaffold_heldout,cell_context_mean,"Myeloid cells, Sgc-cbp30",0.21976836,0.97137904,0.4006124436855316,2.16654372215271
split_cell_scaffold_heldout,cell_context_mean,"Myeloid cells, Vardenafil",0.08870987,0.7099444,0.23914597928524017,1.8552258014678955
split_cell_scaffold_heldout,cell_context_mean,"Myeloid cells, Dasatinib",0.39445385,1.5128381,0.5433200597763062,2.5878419876098633
split_cell_scaffold_heldout,cell_context_mean,"Myeloid cells, IKK Inhibitor VII",0.23292689,1.5296971,0.3693159520626068,2.743720293045044
split_cell_scaffold_heldout,cell_context_mean,"Myeloid cells, Amiodarone",0.026498614,0.6504958,0.04167604446411133,1.8780044317245483
split_cell_scaffold_heldout,cell_context_mean,"Myeloid cells, Alogliptin",-0.0074445093,0.6065338,-0.0038828139659017324,1.7281684875488281
split_cell_scaffold_heldout,cell_context_mean,"Myeloid cells, Clemastine",0.18669693,0.672498,0.4067431092262268,1.7901073694229126
split_cell_scaffold_heldout,cell_context_mean,"Myeloid cells, YK 4-279",-0.016734757,0.64865994,-0.11536820977926254,1.7959437370300293
split_cell_scaffold_heldout,cell_context_mean,"Myeloid cells, Buspirone",0.16289993,0.5541242,0.30487918853759766,1.61929190158844
split_cell_scaffold_heldout,cell_context_mean,"Myeloid cells, PF-03814735",0.4124731,1.8743018,0.5304496884346008,2.8528597354888916
split_cell_scaffold_heldout,cell_context_mean,"Myeloid cells, SB525334",-0.115982555,1.2817302,-0.16585764288902283,2.5920042991638184
split_cell_scaffold_heldout,drug_mean,"Myeloid cells, Ganetespib (STA-9090)",0.38254476,1.4621807,0.5390006899833679,2.5554990768432617
split_cell_scaffold_heldout,drug_mean,"Myeloid cells, Tamatinib",0.3215937,1.3637468,0.4780876934528351,2.5309431552886963
split_cell_scaffold_heldout,drug_mean,"Myeloid cells, Palbociclib",0.16255906,0.7755623,0.3636195957660675,1.9841656684875488
split_cell_scaffold_heldout,drug_mean,"Myeloid cells, AMD-070 (hydrochloride)",0.09243931,0.75502187,0.1995847374200821,2.037689685821533
split_cell_scaffold_heldout,drug_mean,"Myeloid cells, Isoniazid",0.08450015,0.61188537,0.13836291432380676,1.76393461227417
split_cell_scaffold_heldout,drug_mean,"Myeloid cells, LDN 193189",-0.08019855,0.8165676,-0.07978295534849167,2.0712990760803223
split_cell_scaffold_heldout,drug_mean,"Myeloid cells, GO-6976",0.005017704,1.1770314,0.039421405643224716,2.354757070541382
split_cell_scaffold_heldout,drug_mean,"Myeloid cells, PRT-062607",0.3394329,1.4412984,0.4816102683544159,2.5835883617401123
split_cell_scaffold_heldout,drug_mean,"Myeloid cells, CEP-37440",0.048625126,0.9568004,0.12401001900434494,2.241854667663574
split_cell_scaffold_heldout,drug_mean,"Myeloid cells, R428",0.17940111,2.044724,0.2542875409126282,3.041698694229126
split_cell_scaffold_heldout,drug_mean,"Myeloid cells, Selumetinib",0.20354573,1.0633327,0.35482457280158997,2.3179523944854736
split_cell_scaffold_heldout,drug_mean,"Myeloid cells, AVL-292",0.18026873,0.93962884,0.33745959401130676,2.1752383708953857
split_cell_scaffold_heldout,drug_mean,"Myeloid cells, Trametinib",-0.022676462,1.4617932,-0.028829369693994522,2.6664419174194336
split_cell_scaffold_heldout,drug_mean,"Myeloid cells, Sgc-cbp30",0.21976836,0.97137904,0.4006124436855316,2.16654372215271
split_cell_scaffold_heldout,drug_mean,"Myeloid cells, Vardenafil",0.08870987,0.7099444,0.23914597928524017,1.8552258014678955
split_cell_scaffold_heldout,drug_mean,"Myeloid cells, Dasatinib",0.39445385,1.5128381,0.5433200597763062,2.5878419876098633
split_cell_scaffold_heldout,drug_mean,"Myeloid cells, IKK Inhibitor VII",0.23292689,1.5296971,0.3693159520626068,2.743720293045044
split_cell_scaffold_heldout,drug_mean,"Myeloid cells, Amiodarone",0.026498614,0.6504958,0.04167604446411133,1.8780044317245483
split_cell_scaffold_heldout,drug_mean,"Myeloid cells, Alogliptin",-0.0074445093,0.6065338,-0.0038828139659017324,1.7281684875488281
split_cell_scaffold_heldout,drug_mean,"Myeloid cells, Clemastine",0.18669693,0.672498,0.4067431092262268,1.7901073694229126
split_cell_scaffold_heldout,drug_mean,"Myeloid cells, YK 4-279",-0.016734757,0.64865994,-0.11536820977926254,1.7959437370300293
split_cell_scaffold_heldout,drug_mean,"Myeloid cells, Buspirone",0.16289993,0.5541242,0.30487918853759766,1.61929190158844
split_cell_scaffold_heldout,drug_mean,"Myeloid cells, PF-03814735",0.4124731,1.8743018,0.5304496884346008,2.8528597354888916
split_cell_scaffold_heldout,drug_mean,"Myeloid cells, SB525334",-0.115982555,1.2817302,-0.16585764288902283,2.5920042991638184
