split,baseline,sample_id,rowwise_pearson,rmse,de_rowwise_pearson,de_rmse
split_random,ridge_cell,"Myeloid cells, MK-5108",0.19914276986604623,0.6202152315862208,0.3597816735672707,1.6774554114383557
split_random,ridge_cell,"T cells, MK-5108",0.14515762042542904,0.5723672434384469,0.2504571647453279,1.6544096329793607
split_random,ridge_cell,"NK cells, Atorvastatin",0.27269689394806057,0.6199393602982222,0.43756897005299605,1.6851373920296777
split_random,ridge_cell,"B cells, Ganetespib (STA-9090)",0.5303169791390289,1.5706169567821322,0.6642120557220075,2.616841715504165
split_random,ridge_cell,"NK cells, Tivozanib",0.22592187056070384,0.6336208386749957,0.43467786186674484,1.7433036316795836
split_random,ridge_cell,"T cells, Tamatinib",0.6507628774161407,0.9590394097988921,0.8190527105120243,1.9521368325001527
split_random,ridge_cell,"NK cells, Ixabepilone",0.23903422723936313,0.6166355898757379,0.4141156971004109,1.7828447699374559
split_random,ridge_cell,"Myeloid cells, 5-(9-Isopropyl-8-methyl-2-morpholino-9H-purin-6-yl)pyrimidin-2-amine",0.4490288045114958,1.504126071277399,0.6010867845083223,2.5927337265076713
split_random,ridge_cell,"T cells, O-Demethylated Adapalene",0.3780787915258854,0.5560600450627293,0.5402607715844165,1.6665401902761159
split_random,ridge_cell,"T cells, GW843682X",0.24285666826984262,0.5920524962829466,0.3763694296307152,1.8860049294305377
split_random,ridge_cell,"Myeloid cells, Raloxifene",0.3793750933637787,0.8965696401846025,0.6148358941176434,1.976625662908063
split_random,ridge_cell,"T cells, BAY 87-2243",0.5353172023107827,1.179403525412992,0.685624629309484,2.2384272949340165
split_random,ridge_cell,"NK cells, K-02288",0.20213816169319762,0.6032495334355201,0.45085432495170324,1.731275889231752
split_random,ridge_cell,"T cells, BMS-777607",0.4600323361672473,0.5088100544745706,0.7424845626952578,1.3504020315311893
split_random,ridge_cell,"NK cells, Porcn Inhibitor III",0.11937619339850015,0.7303600555331173,0.24246279194721557,1.9484580729567536
split_random,ridge_cell,"Myeloid cells, TL_HRAS26",0.09824422181504257,0.6711891748796143,0.2735290361857374,1.880839194351826
split_random,ridge_cell,"NK cells, Vorinostat",0.2783052226445238,1.2150106163385201,0.4623098119995608,2.4188231407897747
split_random,ridge_cell,"T cells, Vorinostat",0.4605648325146135,2.089879642974149,0.5485977666169032,2.9581731915541463
split_random,ridge_cell,"NK cells, Ruxolitinib",0.4025550549133448,0.6924661286020299,0.6458368326301657,1.7548434433130609
split_random,ridge_cell,"Myeloid cells, Dovitinib",0.09185785087949003,0.9707491054178193,0.22929244736222734,2.2243991936526886
split_random,ridge_cell,"NK cells, AVL-292",0.36412115769290554,0.6432674101345613,0.6433470655383413,1.7626379464801454
split_random,ridge_cell,"NK cells, Palbociclib",0.2664847419404573,0.6120188354524391,0.4479378142178017,1.7074843107900048
split_random,ridge_cell,"Myeloid cells, FK 866",0.37645442494176456,1.0929257493576299,0.5757862199804717,2.1913909817925474
split_random,ridge_cell,"T cells, BAY 61-3606",0.4468019099383966,1.767676513599401,0.5596398454869634,2.7456300023917914
split_random,ridge_cell,"NK cells, LY2090314",0.007395763133306574,1.242998545951556,-0.028852502604062486,2.5977661724604486
split_random,ridge_cell,"T cells, Vardenafil",0.30851925600309915,0.5339090958355666,0.5543717145620708,1.529504052492179
split_random,ridge_cell,"NK cells, Dasatinib",0.3147545693235588,0.7303702362146761,0.5297695532032403,1.8293584278727806
split_random,ridge_cell,"NK cells, AT13387",0.4368592255135012,1.0411827689416409,0.640174463039272,2.2211820393230073
split_random,ridge_cell,"NK cells, PF-04691502",0.38338263972797304,0.7354676275792944,0.6465558425274458,1.7897438353614037
split_random,ridge_cell,"NK cells, Perhexiline",0.4192461535600627,0.7442335763722527,0.6511449199839361,1.7931650342513599
split_random,ridge_cell,"NK cells, RVX-208",0.20634577037616475,0.6777190174723796,0.3148775131261305,1.848339297351734
split_random,ridge_cell,"NK cells, Ketoconazole",0.0634758030869719,0.9006488276570536,0.06162989645427286,2.192242502334967
split_random,ridge_cell,"T cells, Dactolisib",0.6788595456103562,1.4010573194591902,0.8069354250595349,2.4572143800165875
split_random,ridge_cell,"NK cells, BMS-536924",0.4132508881774084,0.6928190604621483,0.662679908202623,1.7533433443635889
split_random,ridge_cell,"Myeloid cells, Idelalisib",0.38824383860106687,0.9031035251061181,0.6056809020117976,1.9296586027639397
split_random,ridge_cell,"NK cells, Idelalisib",0.30464842972457146,0.6700434102274971,0.5427555110791752,1.788265859613924
split_random,ridge_cell,"B cells, Penfluridol",-0.04248627562109488,0.6621011272152725,-0.16556291706627813,1.872333528893143
split_random,ridge_cell,"T cells, Penfluridol",0.09181130018535236,0.5609534818249846,0.34504072895232174,1.6062648920378537
split_random,ridge_cell,"Myeloid cells, LDN 193189",0.05370951433256818,0.8285013551706791,0.21143057125345088,1.9894844406265069
split_random,ridge_cell,"T cells, Cabozantinib",0.026098749066149434,0.6842588589002792,0.16399190128243912,1.8361453423572043
split_random,ridge_cell,"Myeloid cells, Riociguat",0.2328262732314299,0.6152105230241591,0.3760509133720137,1.6520938821609035
split_random,ridge_cell,"T cells, Riociguat",0.28524539743036276,0.5096518390171082,0.3975043598445255,1.6707662308269815
split_random,ridge_cell,"Myeloid cells, CHIR-99021",-0.0550944230042576,1.2788725653274242,-0.08255614806355277,2.506037578670614
split_random,ridge_cell,"T cells, CHIR-99021",-0.06307325303774189,1.4970120666688476,-0.07822816924342162,2.7941949416842773
split_random,ridge_cell,"T cells, Defactinib",0.27844296195322565,0.7398476129460921,0.491823764537133,1.9518331686936368
split_random,ridge_cell,"Myeloid cells, BI-D1870",0.27555147597914315,0.8488990857381573,0.5160818543028609,1.9512571359330528
split_random,ridge_cell,"T cells, AZD3514",0.38527155018222536,0.7252647145948085,0.569404652427713,1.8519234456137734
split_random,ridge_cell,"NK cells, Resminostat",0.2227744358379623,1.3207246436613234,0.3650335850558105,2.509878114257839
split_random,ridge_cell,"NK cells, Crizotinib",0.4031332363558788,0.6660441008472728,0.6293042697876295,1.7028917949681996
split_random,ridge_cell,"Myeloid cells, TR-14035",0.3647085765523849,0.5857757634201065,0.6593650931993857,1.536872727998436
split_random,ridge_cell,"B cells, AT 7867",0.5544196344773509,0.6817045236606989,0.775475557382664,1.6685292034515442
split_random,ridge_cell,"B cells, TGX 221",0.6840902157005315,0.7343748128870721,0.8656011750555903,1.713177738086645
split_random,ridge_cell,"Myeloid cells, TGX 221",0.6155563794754145,0.8295751159805914,0.8291011062464497,1.8386660816191323
split_random,ridge_cell,"Myeloid cells, Pitavastatin Calcium",-0.025543754140015508,2.364413792894913,-0.020850018232591343,3.242807569774537
split_random,ridge_cell,"NK cells, Pitavastatin Calcium",0.013777967970520348,1.3915297755909934,0.06129388588474348,2.651455636499644
split_random,ridge_cell,"Myeloid cells, ABT737",0.026800415409839205,0.9895812632079732,0.14640124457484324,2.242067415424103
split_random,ridge_cell,"NK cells, ABT737",0.205515060318464,0.7098770128919302,0.3593427774809587,1.8646342109954819
split_random,ridge_cell,"B cells, PRT-062607",0.7005061026161897,1.0036793111675084,0.8464762628378771,2.020943195665996
split_random,ridge_cell,"NK cells, AZ628",0.3564506103465319,0.6768438016406559,0.6152458213862565,1.7418329840696414
split_random,ridge_cell,"B cells, Masitinib",0.4953380458682141,0.6266471198690352,0.6930640733381599,1.5765406179267742
split_random,ridge_cell,"T cells, CGM-097",0.026444784375603752,1.372259340972799,0.030831024742518365,2.6584209432335064
split_random,ridge_cell,"NK cells, GSK-1070916",0.19062211668791623,0.6328476274257854,0.41115038592293274,1.7443609535097528
split_random,ridge_cell,"NK cells, Bosutinib",0.3273115768544278,0.7497374380658998,0.5616513560495718,1.8926911862648672
split_random,ridge_cell,"NK cells, Clemastine",0.24228760572955357,0.6334908543037658,0.38198710948340703,1.736709487741291
split_random,ridge_cell,"NK cells, Buspirone",0.15761515882827995,0.5901682451758694,0.28957450583526856,1.7439131355439552
split_random,ridge_cell,"T cells, Midostaurin",0.6238238706967987,0.7735071322170116,0.8321267266560192,1.8389628583816586
split_random,ridge_cell,"NK cells, GSK256066",0.3918532545147973,0.839545925151246,0.636578845951831,1.9975804015319618
split_random,ridge_cell,"B cells, Oxybenzone",0.25055791217226225,0.5568641321491344,0.44700954342181376,1.619009867943324
split_random,ridge_cell,"NK cells, Oxybenzone",0.24193894603933178,0.6070518461507679,0.41653741047383624,1.7223774479904028
split_random,ridge_cell,"NK cells, Imatinib",0.2468383802711136,0.6443867841111375,0.45951710193086787,1.7721913248680603
split_random,ridge_cell,"Myeloid cells, Colchicine",0.30116921735226887,2.404651103211983,0.3701062124234085,3.1933318928263743
split_random,ridge_cell,"T cells, Mometasone Furoate",0.5643327654129813,1.3531668038782343,0.7032677733492412,2.4729777742520227
split_random,ridge_cell,"NK cells, AZD4547",0.25490819688385885,0.6272687578163533,0.4902268188701755,1.747242918968115
split_random,ridge_cell,"NK cells, Prednisolone",0.38070789419977497,0.8922033853025967,0.5994837309867488,2.123679980359933
split_random,ridge_cell,"Myeloid cells, Selumetinib",0.6070450072477676,0.9111769239070977,0.818796598221275,1.9512729332915006
split_random,ridge_cell,"NK cells, RG7090",0.16286207430436084,0.6627377038284036,0.37864065067098424,1.8018561987322772
split_random,ridge_cell,"NK cells, GLPG0634",0.4130863951101315,0.6876507305083592,0.6471836617368594,1.7660130853596998
split_random,ridge_cell,"T cells, Vanoxerine",0.29986551114099635,0.5747189194703518,0.5486818731242143,1.5721825688087856
split_random,ridge_cell,"T cells, SB525334",-0.2501405363654363,1.0921725925846504,-0.40638645308792015,2.439308848140466
split_random,ridge_cell,"T cells, HYDROXYUREA",0.048083111716462575,0.5850380537541767,-0.02331439005922581,1.754375506223187
split_random,ridge_cell,"B cells, Lapatinib",-0.04165286725283614,0.707236944443069,-0.05093268327339101,1.9053053635728143
split_random,ridge_cell,"Myeloid cells, Atorvastatin",-0.036182015918591874,0.8091260409438478,-0.09609577567250974,2.1862552514668465
split_random,ridge_cell,"Myeloid cells, Phenylbutazone",0.0675928506293088,0.6398211316571227,0.20153965079781286,1.6799836457049702
split_random,ridge_cell,"Myeloid cells, Sgc-cbp30",0.2676200178052996,0.9645868949918909,0.48050866528625524,2.0840137815599964
split_random,ridge_cell,"B cells, Chlorpheniramine",0.293579457555156,0.5856879412873065,0.5373809307683507,1.6094791975433376
split_random,ridge_cell,"B cells, BAY 61-3606",0.47110476283123315,1.15128215856474,0.6495128845323963,2.249474081863483
split_random,ridge_cell,"B cells, Dasatinib",0.6489993135195061,1.067736695353252,0.8207686142846001,2.1576733748399537
split_random,ridge_cell,"Myeloid cells, AT13387",0.5299736761130716,1.2352622675794294,0.7176246332704163,2.227555965563502
split_random,ridge_cell,"Myeloid cells, BMS-536924",0.6150055223013067,0.9363706875884618,0.8120872125372017,1.9179209955172087
split_random,ridge_cell,"Myeloid cells, IKK Inhibitor VII",0.6325165845645911,1.3653197031559117,0.7744977159251214,2.4465011312250162
split_random,ridge_cell,"B cells, AZD3514",0.32910826487627404,0.6919966521960268,0.5115207581394883,1.7922523124058625
split_random,ridge_cell,"Myeloid cells, Resminostat",0.4690878201537694,1.8516924192551418,0.5894499494484209,2.755194153856346
split_random,ridge_cell,"Myeloid cells, Nilotinib",0.4838571355439871,1.0822340635460699,0.7040191945227207,2.1676549172023094
split_random,ridge_cell,"B cells, AZD-8330",0.6408036410497765,0.6619769132600508,0.8470066582217799,1.6449533868686605
split_random,ridge_cell,"B cells, CGM-097",-0.12455980948534448,1.141959189513075,-0.20403404216706275,2.465902148163225
split_random,ridge_cell,"Myeloid cells, TPCA-1",0.6805791379995784,1.2586768517267557,0.8209596993475007,2.271112746663002
split_random,ridge_cell,"B cells, MGCD-265",0.5016636617467651,0.6144803381056544,0.7162311589335109,1.5832514980194499
split_random,ridge_cell,"B cells, Bosutinib",0.6583101879555214,1.065458855450151,0.8076891445182885,2.1174260038995514
split_random,ridge_cell,"B cells, YK 4-279",0.1422985485634,0.6279527810769576,0.30128542778730033,1.7567628348128788
split_random,ridge_cell,"Myeloid cells, Buspirone",0.1933335907067801,0.5920096517425413,0.3823655769773946,1.5625892956183562
split_random,ridge_cell,"B cells, GSK256066",0.39700093518763374,0.8169745875731594,0.6590779494506457,2.006704099503415
split_random,ridge_cell,"Myeloid cells, Imatinib",0.20518395108984627,0.5613781030975329,0.5512586601575481,1.5010581174837943
split_random,ridge_cell,"Myeloid cells, SCH-58261",0.2950061518406546,0.6471885185632792,0.5758692908219057,1.6407872242591057
split_random,ridge_cell,"B cells, ABT-199 (GDC-0199)",-0.12854719096417355,1.0621901306261834,-0.26681997213420694,2.3258448181293736
split_random,ridge_cell,"Myeloid cells, ABT-199 (GDC-0199)",-0.007033128963602726,0.6545559729753652,0.08275013027683277,1.7925725745347323
split_random,ridge_cell,"Myeloid cells, Doxorubicin",0.16705891433626605,2.329675408322198,0.21484897750523418,3.162448261040066
split_random,ridge_cell,"Myeloid cells, Tacalcitol",0.07927637409900891,2.2403453328247656,0.11121301391228897,3.1812983057520383
split_random,ridge_cell,"B cells, Clotrimazole",0.19791913772606756,0.6156748060356843,0.2992473820583729,1.711131248513357
split_random,ridge_cell,"Myeloid cells, Clotrimazole",0.06115242046720545,0.8007096643147221,0.14738379310265337,1.9522328398321735
split_random,ridge_cell,"Myeloid cells, Mubritinib (TAK 165)",0.25625759553999944,1.1227061116206172,0.4099144647258117,2.3019835901630676
split_random,ridge_cell,"B cells, SB525334",-0.1091833300472745,0.7748600349326491,-0.2689064626984203,2.0507171058667804
split_random,ridge_drug_fp,"Myeloid cells, MK-5108",0.1769661336455184,0.6413855347322501,0.34491758267796424,1.68310583403312
split_random,ridge_drug_fp,"T cells, MK-5108",0.19683294139083007,0.5917894110984213,0.46449440992842084,1.5423118507338234
split_random,ridge_drug_fp,"NK cells, Atorvastatin",0.15419873594769373,0.6969949278414428,0.2702803925412773,1.7198377379380998
split_random,ridge_drug_fp,"B cells, Ganetespib (STA-9090)",0.6407254936779739,1.3198427963329518,0.7657306643347882,1.9441862624662434
split_random,ridge_drug_fp,"NK cells, Tivozanib",0.15823304987940656,0.728165591120477,0.26439669876620914,1.7801441531970092
split_random,ridge_drug_fp,"T cells, Tamatinib",0.5872849975025565,0.9304885014945737,0.7854569587395915,1.5874464669126893
split_random,ridge_drug_fp,"NK cells, Ixabepilone",0.12998971524259184,0.6799463246538219,0.29750311734680734,1.7868384715952177
split_random,ridge_drug_fp,"Myeloid cells, 5-(9-Isopropyl-8-methyl-2-morpholino-9H-purin-6-yl)pyrimidin-2-amine",0.5420333472060513,1.3752570870480416,0.6883308437849895,2.1623528315186746
split_random,ridge_drug_fp,"T cells, O-Demethylated Adapalene",0.32316328929328153,0.596842905668062,0.6500506465680174,1.5079985383365333
split_random,ridge_drug_fp,"T cells, GW843682X",0.327291818836368,0.5860469712822887,0.6578695292798542,1.5192584977747408
split_random,ridge_drug_fp,"Myeloid cells, Raloxifene",0.1499155492745635,1.0007683636522964,0.23882920907318572,2.191367726442093
split_random,ridge_drug_fp,"T cells, BAY 87-2243",0.5442571295111265,1.1065584338319778,0.6969467716335951,1.9134601113486749
split_random,ridge_drug_fp,"NK cells, K-02288",0.058734656149095,0.7128626559978691,0.0948966005333716,1.8202772176866169
split_random,ridge_drug_fp,"T cells, BMS-777607",0.28859596988307196,0.5934356789716881,0.5972649718480536,1.4656100265087986
split_random,ridge_drug_fp,"NK cells, Porcn Inhibitor III",0.17978496995231966,0.8005132439893727,0.3762623127074953,1.8579042475829983
split_random,ridge_drug_fp,"Myeloid cells, TL_HRAS26",0.12280387469627432,0.6549940802205979,0.36708335156923105,1.8498567719500905
split_random,ridge_drug_fp,"NK cells, Vorinostat",0.5589277069458517,1.1342452522171562,0.748944173802824,1.6873569180938668
split_random,ridge_drug_fp,"T cells, Vorinostat",0.6971475149816276,1.6385134520203677,0.7796129364782634,2.2119910823903477
split_random,ridge_drug_fp,"NK cells, Ruxolitinib",0.26625184512003564,0.9501064814165985,0.4840067482457736,1.6978761405883571
split_random,ridge_drug_fp,"Myeloid cells, Dovitinib",0.12409949416735125,1.0266283595467411,0.2899516480682645,2.188658132917609
split_random,ridge_drug_fp,"NK cells, AVL-292",0.2660061116340911,0.7806973868708423,0.4777009173308499,1.7071371224355496
split_random,ridge_drug_fp,"NK cells, Palbociclib",0.14918932625832174,0.703252651286356,0.2974088826362019,1.7304352695412626
split_random,ridge_drug_fp,"Myeloid cells, FK 866",0.38241917960610927,1.0923372719647866,0.5643229291404306,2.112734583948707
split_random,ridge_drug_fp,"T cells, BAY 61-3606",0.5537614874750132,1.572466036705862,0.6835276188625563,2.255304326467309
split_random,ridge_drug_fp,"NK cells, LY2090314",0.5625285165915377,1.1645924880421263,0.7775475996800573,1.6154153956145356
split_random,ridge_drug_fp,"T cells, Vardenafil",0.2135615175180599,0.5839390002668181,0.4975574515793865,1.5867288196201412
split_random,ridge_drug_fp,"NK cells, Dasatinib",0.26364995171256655,1.118056029580608,0.45974277068571057,1.7674429471310587
split_random,ridge_drug_fp,"NK cells, AT13387",0.5080830075664814,1.3182302816678193,0.7563877249179446,1.576875814568542
split_random,ridge_drug_fp,"NK cells, PF-04691502",0.3046226505608249,1.002675678727466,0.563036098049403,1.6343479856042598
split_random,ridge_drug_fp,"NK cells, Perhexiline",0.3536838278499726,0.8617586208962665,0.5638232246007033,1.6420688716878307
split_random,ridge_drug_fp,"NK cells, RVX-208",0.29254599122192765,0.7609233018712379,0.48659846346725605,1.624172750532971
split_random,ridge_drug_fp,"NK cells, Ketoconazole",0.5209726642941762,0.8484572413144836,0.7102885490431201,1.5059029809070874
split_random,ridge_drug_fp,"T cells, Dactolisib",0.7073738899266667,1.12737273440004,0.8315435983108812,1.6861127832540626
split_random,ridge_drug_fp,"NK cells, BMS-536924",0.2810436352130008,0.9887064829145998,0.474460333168326,1.7199483220911267
split_random,ridge_drug_fp,"Myeloid cells, Idelalisib",0.23899412408369688,1.0780307553505466,0.3969272911221512,2.0258920378882275
split_random,ridge_drug_fp,"NK cells, Idelalisib",0.23604330452229844,0.8918842697460235,0.44116911562397404,1.7119030311402448
split_random,ridge_drug_fp,"B cells, Penfluridol",0.06531459996470451,0.7003024355880888,0.19062280936241735,1.76035100040229
split_random,ridge_drug_fp,"T cells, Penfluridol",0.13552762243232408,0.6174322157685613,0.24955330340148485,1.640602981771955
split_random,ridge_drug_fp,"Myeloid cells, LDN 193189",0.21879852553129334,0.7656900044797783,0.43190847650441755,1.8862763459748464
split_random,ridge_drug_fp,"T cells, Cabozantinib",0.21001894226199358,0.6515793711374024,0.4169430715720779,1.7130790577971202
split_random,ridge_drug_fp,"Myeloid cells, Riociguat",0.09712346290668179,0.663808007158477,0.23222089490585662,1.7221945032942985
split_random,ridge_drug_fp,"T cells, Riociguat",0.1117890663639084,0.5883130399823949,0.2875196406540169,1.7296441274336154
split_random,ridge_drug_fp,"Myeloid cells, CHIR-99021",0.31507854463123486,1.1497256061529055,0.49697445105337557,2.1993223305392324
split_random,ridge_drug_fp,"T cells, CHIR-99021",0.4446694175021778,1.2990058070051966,0.6416225289847374,2.3803609283819487
split_random,ridge_drug_fp,"T cells, Defactinib",0.391218478204222,0.7342766824034644,0.6803058684880137,1.6858488119499058
split_random,ridge_drug_fp,"Myeloid cells, BI-D1870",0.21539157569250877,0.865671169502581,0.36623679720725916,2.0387211999913974
split_random,ridge_drug_fp,"T cells, AZD3514",0.407743847753963,0.7417951209786281,0.6764907065049031,1.6508017892014508
split_random,ridge_drug_fp,"NK cells, Resminostat",0.6641497676362306,1.2048809653199568,0.8395992581399648,1.393602329387087
split_random,ridge_drug_fp,"NK cells, Crizotinib",0.2722174887027148,0.8248531152183542,0.46408289637404604,1.6805921342200147
split_random,ridge_drug_fp,"Myeloid cells, TR-14035",0.2103273296777695,0.642245238394087,0.4176307457167936,1.713878600794647
split_random,ridge_drug_fp,"B cells, AT 7867",0.31052102643205737,0.8282005300430643,0.5170780682666142,1.7926558328777273
split_random,ridge_drug_fp,"B cells, TGX 221",0.45796242695089745,0.8260201499476891,0.6746188324920155,1.7234219867416458
split_random,ridge_drug_fp,"Myeloid cells, TGX 221",0.3424327419479832,0.9704283620077941,0.5406442398669024,2.012746315753364
split_random,ridge_drug_fp,"Myeloid cells, Pitavastatin Calcium",0.38257545012933936,2.1517923162143555,0.4525531663593006,2.8700887772803476
split_random,ridge_drug_fp,"NK cells, Pitavastatin Calcium",0.5394200084218006,1.1861437524586305,0.7046531546556541,1.9342367049072606
split_random,ridge_drug_fp,"Myeloid cells, ABT737",0.26859400296236,0.9331592425271279,0.48724138279029616,2.0367107028299225
split_random,ridge_drug_fp,"NK cells, ABT737",0.06593436630250837,0.8547705266470831,0.17860842301486698,1.9288001938391661
split_random,ridge_drug_fp,"B cells, PRT-062607",0.4824870971227926,1.070508032588014,0.700871696352246,1.8928238470727732
split_random,ridge_drug_fp,"NK cells, AZ628",0.2636852715818227,0.8221036410178784,0.439752292726682,1.7169712961328871
split_random,ridge_drug_fp,"B cells, Masitinib",0.2605706652734024,0.7211792363631943,0.378905486708698,1.7683084519327201
split_random,ridge_drug_fp,"T cells, CGM-097",0.5282566855076338,1.1404870329428225,0.701982783306732,2.0385729217278015
split_random,ridge_drug_fp,"NK cells, GSK-1070916",0.1851986892569471,0.7116250148244724,0.26295423799798606,1.7578924381445407
split_random,ridge_drug_fp,"NK cells, Bosutinib",0.3454831400612446,1.0619058873695228,0.555555477308398,1.6602335412406353
split_random,ridge_drug_fp,"NK cells, Clemastine",0.1686595027961293,0.6990554518039904,0.2632996606845098,1.7479109300048352
split_random,ridge_drug_fp,"NK cells, Buspirone",0.08420748674371235,0.6447359535615904,0.07368384593143353,1.801029869441093
split_random,ridge_drug_fp,"T cells, Midostaurin",0.4438055964710549,0.8483458181801269,0.7170682814400373,1.7906159731809814
split_random,ridge_drug_fp,"NK cells, GSK256066",0.302635688754639,0.9360158455237613,0.5142046244904359,1.8554089689843838
split_random,ridge_drug_fp,"B cells, Oxybenzone",0.11145110113361961,0.583449854382187,0.12448787957781685,1.7375434621864736
split_random,ridge_drug_fp,"NK cells, Oxybenzone",0.07751946021481033,0.6631726990145466,0.06755996055346211,1.8334229842946026
split_random,ridge_drug_fp,"NK cells, Imatinib",0.0904183458425224,0.7165781520684342,0.1713201124060235,1.8405050554697335
split_random,ridge_drug_fp,"Myeloid cells, Colchicine",0.3672573638135216,2.336041445732831,0.42921767111612236,3.087061837873613
split_random,ridge_drug_fp,"T cells, Mometasone Furoate",0.6089483356186107,1.199752112704719,0.7641233712796326,1.9125724977302325
split_random,ridge_drug_fp,"NK cells, AZD4547",0.10449243964063287,0.7037739909159197,0.20048078431335833,1.8193176827954782
split_random,ridge_drug_fp,"NK cells, Prednisolone",0.41211438953283736,1.045869241505987,0.6401186362864552,1.7493876751716861
split_random,ridge_drug_fp,"Myeloid cells, Selumetinib",0.26558969728206705,1.0690130929604647,0.4419415260257347,2.2002975627852783
split_random,ridge_drug_fp,"NK cells, RG7090",0.1777680555477088,0.7372253851659643,0.2976942727651289,1.7898282393124736
split_random,ridge_drug_fp,"NK cells, GLPG0634",0.2562573767032607,0.8397025648311451,0.45747945064634926,1.737317589986445
split_random,ridge_drug_fp,"T cells, Vanoxerine",0.22941253758878277,0.6047987745550341,0.5172475576276271,1.6090367919156456
split_random,ridge_drug_fp,"T cells, SB525334",0.4263580023407129,0.9026465512174923,0.6738117405047308,1.760770238066562
split_random,ridge_drug_fp,"T cells, HYDROXYUREA",0.15845213998007462,0.5501350202987664,0.28103459518493873,1.6450904304730185
split_random,ridge_drug_fp,"B cells, Lapatinib",0.2506654857942098,0.6415296242610102,0.5445025826858029,1.618377259668399
split_random,ridge_drug_fp,"Myeloid cells, Atorvastatin",0.2360631152307999,0.7211378722276452,0.5186377014141579,1.8652782962341754
split_random,ridge_drug_fp,"Myeloid cells, Phenylbutazone",0.1702132187310087,0.5782262487728593,0.2550478079098059,1.653707409315585
split_random,ridge_drug_fp,"Myeloid cells, Sgc-cbp30",0.27337708748730255,0.9781414393041814,0.481774059531255,2.047021614610911
split_random,ridge_drug_fp,"B cells, Chlorpheniramine",0.15371727248949008,0.6252542176598723,0.28457902510573446,1.7493250507037135
split_random,ridge_drug_fp,"B cells, BAY 61-3606",0.5024128440996849,1.179983516137878,0.7126357053083916,1.7872625432406244
split_random,ridge_drug_fp,"B cells, Dasatinib",0.4688118777287404,1.1896988179851444,0.6653764555715517,1.9194040174358702
split_random,ridge_drug_fp,"Myeloid cells, AT13387",0.3279884324876505,1.663592848213622,0.48313033896938623,2.277890494011474
split_random,ridge_drug_fp,"Myeloid cells, BMS-536924",0.3075399914920908,1.19556623528704,0.49548660529979355,2.0302692468416224
split_random,ridge_drug_fp,"Myeloid cells, IKK Inhibitor VII",0.32129466236358045,1.490973413897178,0.4813243687991164,2.558881420069537
split_random,ridge_drug_fp,"B cells, AZD3514",0.3344782101138881,0.7369723448310845,0.5733517518767861,1.658994945851878
split_random,ridge_drug_fp,"Myeloid cells, Resminostat",0.48080830097941274,1.8467733405648261,0.6018728140348601,2.381709413749595
split_random,ridge_drug_fp,"Myeloid cells, Nilotinib",0.30902180165404197,1.1679554138385058,0.4682792944555699,2.2505365564819693
split_random,ridge_drug_fp,"B cells, AZD-8330",0.4215440693303078,0.7762904748068201,0.6891263632560972,1.6449048584757242
split_random,ridge_drug_fp,"B cells, CGM-097",0.48750590381356856,0.9518294527655586,0.6928814192015079,1.7434052125313497
split_random,ridge_drug_fp,"Myeloid cells, TPCA-1",0.3703585450047738,1.3886720222936582,0.5349709170443133,2.352139124619962
split_random,ridge_drug_fp,"B cells, MGCD-265",0.21207972721777194,0.7217413925320907,0.39803603612699073,1.8061858722271966
split_random,ridge_drug_fp,"B cells, Bosutinib",0.524799487641206,1.1257590909647242,0.7104861871965421,1.7861092606956641
split_random,ridge_drug_fp,"B cells, YK 4-279",0.16293510664825275,0.6374993907014115,0.34277088462940164,1.7403918460900794
split_random,ridge_drug_fp,"Myeloid cells, Buspirone",0.21783467664229494,0.5661584928818444,0.34389804454199197,1.5767440595758557
split_random,ridge_drug_fp,"B cells, GSK256066",0.2496623535391815,0.9615197336118511,0.4176619494648425,2.05017231863363
split_random,ridge_drug_fp,"Myeloid cells, Imatinib",0.18231769856710892,0.555163822414738,0.4765561266352527,1.543646526449181
split_random,ridge_drug_fp,"Myeloid cells, SCH-58261",0.18834429138210304,0.6701657232972462,0.35852431069518326,1.7540468154550928
split_random,ridge_drug_fp,"B cells, ABT-199 (GDC-0199)",0.09609263699163416,1.0163908174145087,0.17157138508679018,2.169530621545765
split_random,ridge_drug_fp,"Myeloid cells, ABT-199 (GDC-0199)",0.11449818013351054,0.6300979727206967,0.3326003107006403,1.6759794857864654
split_random,ridge_drug_fp,"Myeloid cells, Doxorubicin",0.5344827036601331,2.019731157232694,0.6162735164448255,2.673202361107033
split_random,ridge_drug_fp,"Myeloid cells, Tacalcitol",0.196849496815541,2.195541459337944,0.25880388703515955,3.1115918637963125
split_random,ridge_drug_fp,"B cells, Clotrimazole",0.14332755135176242,0.6448663159971075,0.21107533861001535,1.761491953925239
split_random,ridge_drug_fp,"Myeloid cells, Clotrimazole",0.13471761395075663,0.7692583381450638,0.2915956330839056,1.8933471103311212
split_random,ridge_drug_fp,"Myeloid cells, Mubritinib (TAK 165)",0.2448087622649808,1.1953452047564024,0.3848602531668334,2.279522645054143
split_random,ridge_drug_fp,"B cells, SB525334",0.24922694097943668,0.80335570169041,0.4712256232373646,1.6961781565292762
split_random,ridge_cell_drug_fp,"Myeloid cells, MK-5108",0.23544749631943493,0.6661995952009631,0.44915319230505685,1.608211885271548
split_random,ridge_cell_drug_fp,"T cells, MK-5108",0.239338768164003,0.594390522430791,0.4837015978486203,1.513034629457962
split_random,ridge_cell_drug_fp,"NK cells, Atorvastatin",0.22162148348543967,0.677987822308643,0.38098633948352545,1.669095253903537
split_random,ridge_cell_drug_fp,"B cells, Ganetespib (STA-9090)",0.686882624735521,1.2466856217755937,0.8036274555408738,1.8266398643651474
split_random,ridge_cell_drug_fp,"NK cells, Tivozanib",0.2177065893093015,0.7010750540945996,0.3750095205667696,1.7138284356694367
split_random,ridge_cell_drug_fp,"T cells, Tamatinib",0.6757131529338688,0.8389858223314169,0.846876981864618,1.4303087074417482
split_random,ridge_cell_drug_fp,"NK cells, Ixabepilone",0.1846073311856023,0.6722514025533193,0.38387541351321214,1.725616770741881
split_random,ridge_cell_drug_fp,"Myeloid cells, 5-(9-Isopropyl-8-methyl-2-morpholino-9H-purin-6-yl)pyrimidin-2-amine",0.5872517744499945,1.323206077628187,0.7367310474355176,2.0550930114278017
split_random,ridge_cell_drug_fp,"T cells, O-Demethylated Adapalene",0.40242486756088464,0.5812696350759365,0.6787587628831293,1.457160298400196
split_random,ridge_cell_drug_fp,"T cells, GW843682X",0.3975449408880705,0.5707169888781193,0.6861189402046356,1.4582739583717574
split_random,ridge_cell_drug_fp,"Myeloid cells, Raloxifene",0.40746066840711914,0.8916873177505666,0.6063476423695459,1.9113488694929854
split_random,ridge_cell_drug_fp,"T cells, BAY 87-2243",0.6238062458371975,1.0307245853400064,0.7581238839828424,1.7756892589747253
split_random,ridge_cell_drug_fp,"NK cells, K-02288",0.13233161028833398,0.6797527379298015,0.3136016027068387,1.7447014874232563
split_random,ridge_cell_drug_fp,"T cells, BMS-777607",0.42215851366495233,0.5497671169804365,0.732138024718815,1.3020020652648165
split_random,ridge_cell_drug_fp,"NK cells, Porcn Inhibitor III",0.2521429400402907,0.7951438323495643,0.5045275524454577,1.763618467145954
split_random,ridge_cell_drug_fp,"Myeloid cells, TL_HRAS26",0.17060009764486617,0.6798826277655545,0.4911305929273669,1.7578618333171945
split_random,ridge_cell_drug_fp,"NK cells, Vorinostat",0.5773637854421239,1.0918537118783378,0.7662368588226802,1.6578634103409036
split_random,ridge_cell_drug_fp,"T cells, Vorinostat",0.73780612363946,1.5681820634751527,0.8108952957484926,2.121611334975245
split_random,ridge_cell_drug_fp,"NK cells, Ruxolitinib",0.31434063014595914,0.8616804644116438,0.5566320322257381,1.6168040655210936
split_random,ridge_cell_drug_fp,"Myeloid cells, Dovitinib",0.16940710091075142,1.0264111520441792,0.3613358370044074,2.1293658388332926
split_random,ridge_cell_drug_fp,"NK cells, AVL-292",0.3205090176653141,0.7171175047917601,0.5717872265223278,1.6310097804606651
split_random,ridge_cell_drug_fp,"NK cells, Palbociclib",0.24487134678243877,0.6560488912194272,0.47027074760142057,1.6461614167111343
split_random,ridge_cell_drug_fp,"Myeloid cells, FK 866",0.5119550530238225,1.0126421675154398,0.7130610931460956,1.927149456126654
split_random,ridge_cell_drug_fp,"T cells, BAY 61-3606",0.6097677791214865,1.4973748461195027,0.7314029881495894,2.147630066966426
split_random,ridge_cell_drug_fp,"NK cells, LY2090314",0.5653989394296244,1.1569352516711964,0.7805220585956273,1.6145544880022764
split_random,ridge_cell_drug_fp,"T cells, Vardenafil",0.3233805840637425,0.5631208718242532,0.5783238138487328,1.47912834784051
split_random,ridge_cell_drug_fp,"NK cells, Dasatinib",0.292124474834132,1.0375986588391712,0.5016757900662752,1.7021779712381053
split_random,ridge_cell_drug_fp,"NK cells, AT13387",0.527945351862555,1.2385554691244967,0.7755057153786019,1.5090437451192003
split_random,ridge_cell_drug_fp,"NK cells, PF-04691502",0.3390311681399778,0.9267849675059373,0.6022407299921371,1.572093307659211
split_random,ridge_cell_drug_fp,"NK cells, Perhexiline",0.3894244669558661,0.8045646073127611,0.6099238001313732,1.598327468724852
split_random,ridge_cell_drug_fp,"NK cells, RVX-208",0.3371636594163965,0.7261335794363676,0.5683896314748806,1.5431203197718701
split_random,ridge_cell_drug_fp,"NK cells, Ketoconazole",0.5375783320695928,0.8614198905673761,0.7261679955316988,1.4718277784667424
split_random,ridge_cell_drug_fp,"T cells, Dactolisib",0.7589243445689942,1.039681950674257,0.8645702225356806,1.5421685919093666
split_random,ridge_cell_drug_fp,"NK cells, BMS-536924",0.32834590004817205,0.8918963545629959,0.5443815666671984,1.622501716930053
split_random,ridge_cell_drug_fp,"Myeloid cells, Idelalisib",0.36547015810513017,0.999315024850592,0.5724040012713962,1.821078390249209
split_random,ridge_cell_drug_fp,"NK cells, Idelalisib",0.2932904880985912,0.8163601487579755,0.5160255147632175,1.6343154425826882
split_random,ridge_cell_drug_fp,"B cells, Penfluridol",0.07498698060357925,0.7171983417429544,0.1883172627336466,1.768671745008721
split_random,ridge_cell_drug_fp,"T cells, Penfluridol",0.1626760416668316,0.6194096724279227,0.343864744626543,1.5886100449199103
split_random,ridge_cell_drug_fp,"Myeloid cells, LDN 193189",0.2660727515797345,0.7726384516430423,0.5213019444107289,1.7935048021838422
split_random,ridge_cell_drug_fp,"T cells, Cabozantinib",0.26539150839396564,0.643597215933608,0.5263027253162638,1.6324368729550545
split_random,ridge_cell_drug_fp,"Myeloid cells, Riociguat",0.15195913558504617,0.6903428972015514,0.2994127188548949,1.6892408172208369
split_random,ridge_cell_drug_fp,"T cells, Riociguat",0.23060387319121917,0.5707880617057381,0.4682520395998574,1.6315824829865564
split_random,ridge_cell_drug_fp,"Myeloid cells, CHIR-99021",0.2880293605858159,1.1745981632678661,0.4544776441635502,2.210786174733946
split_random,ridge_cell_drug_fp,"T cells, CHIR-99021",0.46219562623002275,1.2837046010426285,0.6522946013794169,2.3302488084207127
split_random,ridge_cell_drug_fp,"T cells, Defactinib",0.47993555768994545,0.6902043550599173,0.7394215946006175,1.5695483688133953
split_random,ridge_cell_drug_fp,"Myeloid cells, BI-D1870",0.32843102197224694,0.839830639039611,0.5360746004818597,1.8901979010285785
split_random,ridge_cell_drug_fp,"T cells, AZD3514",0.467653037146746,0.7205454550134762,0.7305035344361295,1.558560209956002
split_random,ridge_cell_drug_fp,"NK cells, Resminostat",0.6741316792739483,1.1514394625130637,0.8492303284251778,1.3564764622790573
split_random,ridge_cell_drug_fp,"NK cells, Crizotinib",0.31787655062041276,0.7628503176046434,0.5153654662821431,1.6279554608493982
split_random,ridge_cell_drug_fp,"Myeloid cells, TR-14035",0.3539379004731901,0.622439677799593,0.6732014892115286,1.487082434123133
split_random,ridge_cell_drug_fp,"B cells, AT 7867",0.4282280871733903,0.777186191789003,0.6723240844288717,1.5947169011186089
split_random,ridge_cell_drug_fp,"B cells, TGX 221",0.5822560840300288,0.7476901574596652,0.7997172190429279,1.4844513939795851
split_random,ridge_cell_drug_fp,"Myeloid cells, TGX 221",0.519302968484665,0.8675945881922931,0.7598437062973045,1.7109421799801439
split_random,ridge_cell_drug_fp,"Myeloid cells, Pitavastatin Calcium",0.3921833679945682,2.142146038896846,0.46060697145916596,2.857010509228016
split_random,ridge_cell_drug_fp,"NK cells, Pitavastatin Calcium",0.550349965850931,1.1834255129947946,0.711329216101792,1.9051206938904872
split_random,ridge_cell_drug_fp,"Myeloid cells, ABT737",0.29496044539107447,0.9356323688774784,0.5459962697599655,1.9780765462749248
split_random,ridge_cell_drug_fp,"NK cells, ABT737",0.10062014170369725,0.8676421729112173,0.24688854730541562,1.8940733587874314
split_random,ridge_cell_drug_fp,"B cells, PRT-062607",0.5903115736739092,0.9729532379360348,0.7947807456056794,1.6914653214106055
split_random,ridge_cell_drug_fp,"NK cells, AZ628",0.3112882149704708,0.7594720599116531,0.5152267084334664,1.654959814252234
split_random,ridge_cell_drug_fp,"B cells, Masitinib",0.39963119668686353,0.674211740772772,0.6075829247646505,1.5951096451439524
split_random,ridge_cell_drug_fp,"T cells, CGM-097",0.5384429691221884,1.1320441604997278,0.7040611717447017,2.0162477421656133
split_random,ridge_cell_drug_fp,"NK cells, GSK-1070916",0.23535071402010038,0.6795385781702392,0.3813280238192223,1.700116679942032
split_random,ridge_cell_drug_fp,"NK cells, Bosutinib",0.3677002220092338,0.9876636164424376,0.5912738856038561,1.5990977375583781
split_random,ridge_cell_drug_fp,"NK cells, Clemastine",0.2074542485394626,0.6776437139606974,0.3699144466711844,1.703458917202503
split_random,ridge_cell_drug_fp,"NK cells, Buspirone",0.14420592215320857,0.6403970740222319,0.26459143441643335,1.738467773517954
split_random,ridge_cell_drug_fp,"T cells, Midostaurin",0.5698086964060187,0.7687165727563805,0.8183785760817043,1.5891846010594337
split_random,ridge_cell_drug_fp,"NK cells, GSK256066",0.31150625600047666,0.9290051437774293,0.5450027247964777,1.8254015209604804
split_random,ridge_cell_drug_fp,"B cells, Oxybenzone",0.18828279068782508,0.5859019997671657,0.34121805234221475,1.6535921218467051
split_random,ridge_cell_drug_fp,"NK cells, Oxybenzone",0.12743349651643968,0.6593514113057639,0.2371984223681397,1.780397589228604
split_random,ridge_cell_drug_fp,"NK cells, Imatinib",0.14283682010821488,0.6960447601782084,0.2799762430743385,1.8011475649877755
split_random,ridge_cell_drug_fp,"Myeloid cells, Colchicine",0.4423670124977583,2.2740122510842617,0.5125259600253659,2.9986966933591495
split_random,ridge_cell_drug_fp,"T cells, Mometasone Furoate",0.6632730290404345,1.1289429657845462,0.8095160107507402,1.7939918319644834
split_random,ridge_cell_drug_fp,"NK cells, AZD4547",0.1653262118713793,0.6879983763719976,0.3098952281677798,1.7737824629363106
split_random,ridge_cell_drug_fp,"NK cells, Prednisolone",0.4433701411803732,0.982254390067399,0.6739118778003456,1.685033119229698
split_random,ridge_cell_drug_fp,"Myeloid cells, Selumetinib",0.4992119781447909,0.9422170670147584,0.7401624430694268,1.8680138145453296
split_random,ridge_cell_drug_fp,"NK cells, RG7090",0.21982659536562732,0.739304615371962,0.4009176716940518,1.7293202924274855
split_random,ridge_cell_drug_fp,"NK cells, GLPG0634",0.3110521005624847,0.7756123398562382,0.5504201459138652,1.6696689532725304
split_random,ridge_cell_drug_fp,"T cells, Vanoxerine",0.3368199453262865,0.5890523770609863,0.6399131722987079,1.470874073554955
split_random,ridge_cell_drug_fp,"T cells, SB525334",0.39773501237758496,0.9370633491859431,0.6351852147337771,1.797380245236141
split_random,ridge_cell_drug_fp,"T cells, HYDROXYUREA",0.17439982993560313,0.5841466319058947,0.2879717658181379,1.6443065264938215
split_random,ridge_cell_drug_fp,"B cells, Lapatinib",0.22541821741715068,0.6770598591421396,0.5424475514335216,1.611720279807112
split_random,ridge_cell_drug_fp,"Myeloid cells, Atorvastatin",0.2090740702274173,0.7591702038823025,0.4327154401767846,1.904918117150834
split_random,ridge_cell_drug_fp,"Myeloid cells, Phenylbutazone",0.1812872203582702,0.6215719923721214,0.36206439980246674,1.6111738991971536
split_random,ridge_cell_drug_fp,"Myeloid cells, Sgc-cbp30",0.31930406338235584,0.9684373843076027,0.5516327730612098,1.9694922001723465
split_random,ridge_cell_drug_fp,"B cells, Chlorpheniramine",0.25607571526619494,0.6145809154563897,0.5100144401286736,1.6180724211931974
split_random,ridge_cell_drug_fp,"B cells, BAY 61-3606",0.5720477174576885,1.0947858625177755,0.767385871150437,1.6593143064458364
split_random,ridge_cell_drug_fp,"B cells, Dasatinib",0.5445772579133604,1.1011318685092968,0.7417153303978749,1.7521830347099565
split_random,ridge_cell_drug_fp,"Myeloid cells, AT13387",0.39416363595463944,1.56149176720917,0.5697708679050032,2.105249387947881
split_random,ridge_cell_drug_fp,"Myeloid cells, BMS-536924",0.4422750069046618,1.0778539168489987,0.6759899456069639,1.7735286624539068
split_random,ridge_cell_drug_fp,"Myeloid cells, IKK Inhibitor VII",0.518251040447336,1.3440662261335234,0.7001706525414486,2.284248313618689
split_random,ridge_cell_drug_fp,"B cells, AZD3514",0.38040280151560096,0.7273937955884345,0.6023227937328086,1.6168992475620076
split_random,ridge_cell_drug_fp,"Myeloid cells, Resminostat",0.5425432007513598,1.735179531015506,0.6637334150688114,2.233786289082676
split_random,ridge_cell_drug_fp,"Myeloid cells, Nilotinib",0.44898799786831756,1.0865271007187636,0.6692960385439152,2.0310532280497235
split_random,ridge_cell_drug_fp,"B cells, AZD-8330",0.5386241341811461,0.7086409788379633,0.7957708670665287,1.433884829169731
split_random,ridge_cell_drug_fp,"B cells, CGM-097",0.4709597584356481,0.9679800849194966,0.668902406309862,1.7758273836219776
split_random,ridge_cell_drug_fp,"Myeloid cells, TPCA-1",0.5446758831493297,1.240758107262021,0.7318251209277712,2.0702586210161864
split_random,ridge_cell_drug_fp,"B cells, MGCD-265",0.3825878816058481,0.6720401858408819,0.6303588399018857,1.6090019607257329
split_random,ridge_cell_drug_fp,"B cells, Bosutinib",0.6006242556570869,1.0336282634644733,0.779669430634905,1.6169458177794291
split_random,ridge_cell_drug_fp,"B cells, YK 4-279",0.23501138820949682,0.6292279392757424,0.46979139069558956,1.6670641978397691
split_random,ridge_cell_drug_fp,"Myeloid cells, Buspirone",0.20855017055621977,0.6146208740024299,0.37120496976851325,1.554915693097569
split_random,ridge_cell_drug_fp,"B cells, GSK256066",0.33116070814683307,0.9193724858927754,0.5443265573389091,1.8991405733972808
split_random,ridge_cell_drug_fp,"Myeloid cells, Imatinib",0.2427874358299804,0.5802456018264301,0.5877966427948091,1.446348841651741
split_random,ridge_cell_drug_fp,"Myeloid cells, SCH-58261",0.246100246766014,0.6930732763391032,0.44055667224307127,1.6884534432261555
split_random,ridge_cell_drug_fp,"B cells, ABT-199 (GDC-0199)",0.09988689432489704,1.0326045915713173,0.17051334313399225,2.1673070575539843
split_random,ridge_cell_drug_fp,"Myeloid cells, ABT-199 (GDC-0199)",0.11844840524471761,0.6848175533721321,0.36480509853974363,1.6436739719406153
split_random,ridge_cell_drug_fp,"Myeloid cells, Doxorubicin",0.5573296713946563,1.9912212903842097,0.6394705250983904,2.6329416510866115
split_random,ridge_cell_drug_fp,"Myeloid cells, Tacalcitol",0.14995683336017118,2.221742912960304,0.19977591056268185,3.137337267425912
split_random,ridge_cell_drug_fp,"B cells, Clotrimazole",0.22026473566033863,0.6447233270486653,0.3578217713781737,1.6759746485467177
split_random,ridge_cell_drug_fp,"Myeloid cells, Clotrimazole",0.12149586555751275,0.814412638175937,0.2859397244952611,1.8882401684049541
split_random,ridge_cell_drug_fp,"Myeloid cells, Mubritinib (TAK 165)",0.3322809122282819,1.1510266254424408,0.5033758732334467,2.1421443702923373
split_random,ridge_cell_drug_fp,"B cells, SB525334",0.23696355217116793,0.828038255062885,0.45805041340049213,1.7071112092963772
split_cell_heldout,ridge_cell,"T cells, TIE2 Kinase Inhibitor",0.13279755833757892,0.5664949850502669,0.36593440891438367,1.6240811772952817
split_cell_heldout,ridge_cell,"T cells, MK-5108",0.08564258185595797,0.5557089752027652,0.14296950425119945,1.694886547320885
split_cell_heldout,ridge_cell,"T cells, Lapatinib",-0.048609326301723245,0.6405334882752064,-0.03210619964022938,1.8856236572973433
split_cell_heldout,ridge_cell,"T cells, Atorvastatin",0.18299502223015196,0.5499161463261314,0.3992444601597136,1.6366725172916137
split_cell_heldout,ridge_cell,"T cells, Ganetespib (STA-9090)",0.35371249829480755,2.1437681772740476,0.4422850432239022,3.042260363722481
split_cell_heldout,ridge_cell,"T cells, Clomipramine",0.23527072333607907,0.5496408312620469,0.46864237553485116,1.6058892346161222
split_cell_heldout,ridge_cell,"T cells, Sunitinib",0.3578195218242859,0.6585200025417133,0.6336907938755938,1.7612523418673913
split_cell_heldout,ridge_cell,"T cells, Tivozanib",0.22665630614726234,0.6380938332015172,0.45858356888310786,1.8238000510939532
split_cell_heldout,ridge_cell,"T cells, Tamatinib",0.5475420054984084,1.0273032909073605,0.7515806764965662,2.107259993812381
split_cell_heldout,ridge_cell,"T cells, Ixabepilone",0.02125615139770962,0.5587470983928704,-0.10512134220306253,1.8365795816830597
split_cell_heldout,ridge_cell,"T cells, Linagliptin",0.15780046201579576,0.5109279474921543,0.20240177033696993,1.581485082764997
split_cell_heldout,ridge_cell,"T cells, 5-(9-Isopropyl-8-methyl-2-morpholino-9H-purin-6-yl)pyrimidin-2-amine",0.5609802684867634,1.3538732251508416,0.7358169106252669,2.4267473498075023
split_cell_heldout,ridge_cell,"T cells, O-Demethylated Adapalene",0.270437689249738,0.5745920392972685,0.5115365453224674,1.7197264108575092
split_cell_heldout,ridge_cell,"T cells, Protriptyline",0.08701248458692468,0.5116592131318,0.263447973837463,1.650631740774159
split_cell_heldout,ridge_cell,"T cells, I-BET151",0.3239080030981742,1.9232618408073507,0.42312370473727806,2.9083920403887618
split_cell_heldout,ridge_cell,"T cells, Foretinib",0.4753804142687256,0.8239092236066595,0.7247255366605235,1.9441029946497002
split_cell_heldout,ridge_cell,"T cells, GW843682X",0.13198225830322272,0.5980124373907919,0.30575421787351537,1.950690972890633
split_cell_heldout,ridge_cell,"T cells, BMS-387032",0.3592036015536004,1.2361228885763693,0.5487614966409936,2.4177633801866105
split_cell_heldout,ridge_cell,"T cells, IN1451",0.24671274218365,2.792182305239375,0.29529850338559704,3.404051573801033
split_cell_heldout,ridge_cell,"T cells, Raloxifene",-0.19463195891809387,0.9316898113496236,-0.3138901158978783,2.1345444785740875
split_cell_heldout,ridge_cell,"T cells, Topotecan",0.08891168429298019,1.0578356002602558,0.19968809657813896,2.298673624444345
split_cell_heldout,ridge_cell,"T cells, BAY 87-2243",0.34821206770330426,1.2565733331523705,0.5269821782125022,2.390453784362167
split_cell_heldout,ridge_cell,"T cells, Phenylbutazone",-0.002826259509576427,0.5585762660832285,-0.17907939281965757,1.830097978635772
split_cell_heldout,ridge_cell,"T cells, K-02288",0.16102308110432037,0.5518771042907828,0.3283258549416437,1.6890986946429123
split_cell_heldout,ridge_cell,"T cells, BMS-777607",0.3030704763960507,0.5466848729772664,0.6126126201847382,1.5368257026591594
split_cell_heldout,ridge_cell,"T cells, Porcn Inhibitor III",-0.2809240520800032,0.7261891644963774,-0.4567655407045627,1.8922575876736685
split_cell_heldout,ridge_cell,"T cells, TL_HRAS26",0.19647380653798735,0.5436665800571586,0.3760810199560405,1.8938730687345322
split_cell_heldout,ridge_cell,"T cells, Proscillaridin A;Proscillaridin-A",-0.02549270351600295,2.989581474841814,-0.028698960934111173,3.546508780172948
split_cell_heldout,ridge_cell,"T cells, Vorinostat",0.2881305979424796,2.161803546821612,0.3699242589939245,3.0620072580966773
split_cell_heldout,ridge_cell,"T cells, BMS-265246",0.12423648165555508,1.3697111840524974,0.24006119551593885,2.5596499118947404
split_cell_heldout,ridge_cell,"T cells, Ruxolitinib",0.5103361830460045,0.8931906104540994,0.737935172644924,1.9776619164785378
split_cell_heldout,ridge_cell,"T cells, Pomalidomide",-0.174667158834761,1.3087991717195335,-0.24139408127077747,2.715543312374242
split_cell_heldout,ridge_cell,"T cells, Dovitinib",0.3703818265772004,0.7423636995214089,0.652706280485788,2.015258616252393
split_cell_heldout,ridge_cell,"T cells, AVL-292",0.46543277764048896,0.7312224481446886,0.7297440891283147,1.8515176445999981
split_cell_heldout,ridge_cell,"T cells, Navitoclax",-0.06669199315950836,0.5938491277882677,0.3011548774173649,1.8348285087408427
split_cell_heldout,ridge_cell,"T cells, Methotrexate",-0.08167059788496962,0.6575452973191496,-0.3729862802524418,2.045599234666055
split_cell_heldout,ridge_cell,"T cells, Palbociclib",0.2633427250171971,0.5246919553024514,0.6208812731929405,1.6002145175924603
split_cell_heldout,ridge_cell,"T cells, Trametinib",0.30856896285866664,0.677939903037255,0.605900890885274,1.8590402513057935
split_cell_heldout,ridge_cell,"T cells, AMD-070 (hydrochloride)",0.19153521259068712,0.6017067517524423,0.4343824794391169,1.7612822878767773
split_cell_heldout,ridge_cell,"T cells, Sgc-cbp30",0.22935955400176222,0.7564819296365116,0.39260858017411887,1.9501302047531537
split_cell_heldout,ridge_cell,"T cells, FK 866",0.1517242910694121,0.9773195158248095,0.3315645543199531,2.200194775068663
split_cell_heldout,ridge_cell,"T cells, Chlorpheniramine",0.31308402432304966,0.5591708747725053,0.5753593853244183,1.5925286952122515
split_cell_heldout,ridge_cell,"T cells, Scriptaid",0.2768124049825818,2.243267909979173,0.3506196998904784,3.115585286585443
split_cell_heldout,ridge_cell,"T cells, BAY 61-3606",0.31443771615511834,1.8274052816179538,0.42560041777484087,2.842697488468512
split_cell_heldout,ridge_cell,"T cells, LY2090314",-0.2286038358487284,2.5060457512990384,-0.28000617337602035,3.38232311126635
split_cell_heldout,ridge_cell,"T cells, Vardenafil",0.16295538773087978,0.5505668390517663,0.4438547269988851,1.659313123478377
split_cell_heldout,ridge_cell,"T cells, Dasatinib",0.5407833659829713,1.0402348889081516,0.7559299575306833,2.1340644184425317
split_cell_heldout,ridge_cell,"T cells, AT13387",0.36574154932833464,2.0438169790755403,0.4686491554765264,2.973777547854527
split_cell_heldout,ridge_cell,"T cells, PF-04691502",0.48391513736577285,1.0627053312878652,0.6931650150178099,2.2549382473303914
split_cell_heldout,ridge_cell,"T cells, Perhexiline",0.5286288346896623,0.9269043696388013,0.7660435495609851,2.0861026045554256
split_cell_heldout,ridge_cell,"T cells, RVX-208",0.28218782047093277,0.8249170637226255,0.4592916928385884,1.9995277701089147
split_cell_heldout,ridge_cell,"T cells, Ketoconazole",-0.2475161176979064,1.290237122294896,-0.428433701991542,2.7050471619358385
split_cell_heldout,ridge_cell,"T cells, Disulfiram",0.003356281319167597,0.6007611017605857,0.031046870880380936,1.7720490460671134
split_cell_heldout,ridge_cell,"T cells, Flutamide",0.012581575429832063,0.563194495431898,0.33668877287883936,1.6905651407946976
split_cell_heldout,ridge_cell,"T cells, Desloratadine",0.0751876532691963,0.5491303762069539,0.24606228959413237,1.6043225216541863
split_cell_heldout,ridge_cell,"T cells, Dactolisib",0.5016310766152533,1.4935276422368133,0.6814863401878477,2.6239445347316033
split_cell_heldout,ridge_cell,"T cells, BMS-536924",0.5059327261202935,1.0678936196648772,0.7222008512665856,2.2554163085386394
split_cell_heldout,ridge_cell,"T cells, IKK Inhibitor VII",0.4521959441057015,0.8984299567888919,0.7060345482912668,2.0336663507685926
split_cell_heldout,ridge_cell,"T cells, Amiodarone",0.0903012005479802,0.6112896681102192,0.17019634501457936,1.9879660061124342
split_cell_heldout,ridge_cell,"T cells, Isoniazid",-0.02673438493396377,0.5502628088167948,-0.057738322168011884,1.6146861074865466
split_cell_heldout,ridge_cell,"T cells, IMD-0354",0.3886768793903989,1.6578627792459202,0.523618112086748,2.748807745405894
split_cell_heldout,ridge_cell,"T cells, Canertinib",0.16404279729974575,0.7873087448760957,0.33335600665668824,2.05278997969847
split_cell_heldout,ridge_cell,"T cells, Idelalisib",0.419980573818918,0.8486354388846656,0.6868524959712365,2.0171841248113243
split_cell_heldout,ridge_cell,"T cells, Alogliptin",-0.06384205613684343,0.5958024715476071,-0.15356876496762406,1.7485316035585632
split_cell_heldout,ridge_cell,"T cells, Penfluridol",0.031712917440670264,0.5380734218970501,0.1458232490920973,1.674915700948465
split_cell_heldout,ridge_cell,"T cells, Quizartinib",0.13890901889901072,0.5564979152925109,0.2598040075283284,1.813804598517784
split_cell_heldout,ridge_cell,"T cells, RN-486",0.042580232077232036,0.5365936984104742,0.180158537206983,1.6339740847867272
split_cell_heldout,ridge_cell,"T cells, PD-0325901",0.4495704441031055,0.822674257185766,0.6972674783783391,1.9749716199669314
split_cell_heldout,ridge_cell,"T cells, Decitabine",0.16890804647225263,0.5073558531953528,0.2899056311683497,1.6510318091930702
split_cell_heldout,ridge_cell,"T cells, LDN 193189",0.1693851525703575,0.5693526931516049,0.345239905916139,1.7072973649332979
split_cell_heldout,ridge_cell,"T cells, Cabozantinib",-0.09864990719503967,0.6783151633884105,-0.1367890762497805,1.9165200421583648
split_cell_heldout,ridge_cell,"T cells, Riociguat",0.12581562721035222,0.5235338661971238,0.11698097980260072,1.7756990010229778
split_cell_heldout,ridge_cell,"T cells, CHIR-99021",-0.26473575275750666,1.52137343674596,-0.40159501742482173,2.8576311210814276
split_cell_heldout,ridge_cell,"T cells, Defactinib",0.12817341777042887,0.7691148457526057,0.308842662581108,2.0733778304278907
split_cell_heldout,ridge_cell,"T cells, BI-D1870",-0.0188830473627293,0.6200140692191692,-0.02697902905733135,1.7231598486618236
split_cell_heldout,ridge_cell,"T cells, AZD3514",0.29734395498564087,0.7505493703193553,0.49657179751672026,1.9396216504486734
split_cell_heldout,ridge_cell,"T cells, HMN-214",-0.16891816529274073,0.7655357941626507,-0.46380188529992106,2.2410876897008194
split_cell_heldout,ridge_cell,"T cells, CC-401",0.42435695242447047,0.7743121160436519,0.66460683137601,1.9175472261106434
split_cell_heldout,ridge_cell,"T cells, Resminostat",0.32070668160954235,2.168450845082405,0.4072877902017403,3.0604220515206415
split_cell_heldout,ridge_cell,"T cells, Crizotinib",0.4945362535864764,0.7639581704070738,0.7105763251830887,1.906109645990199
split_cell_heldout,ridge_cell,"T cells, Azacitidine",0.15900435056362686,0.6154432306826101,0.36083857678326814,1.7254819531997279
split_cell_heldout,ridge_cell,"T cells, TR-14035",0.313914939993915,0.5556028804367023,0.5874633750245585,1.5777828972333268
split_cell_heldout,ridge_cell,"T cells, Nilotinib",0.5278512810079563,0.7786492006650773,0.7832459538808582,1.8381035807473887
split_cell_heldout,ridge_cell,"T cells, AT 7867",0.22527902664610938,0.8602420426935877,0.3924506812282052,2.0324191078575615
split_cell_heldout,ridge_cell,"T cells, OSI-930",-0.06538827079463981,0.570294925413651,-0.13660342258488917,1.7353968391390266
split_cell_heldout,ridge_cell,"T cells, GO-6976",-0.15087937858425002,0.9402680809772971,-0.3052555367413917,2.1660251537962765
split_cell_heldout,ridge_cell,"T cells, Saracatinib",0.5279531487816385,0.8085965422714447,0.7542165575936557,1.8577734325095685
split_cell_heldout,ridge_cell,"T cells, RG7112",0.29661013529396385,0.6020464592314607,0.5343569069072969,2.1563924226108986
split_cell_heldout,ridge_cell,"T cells, Lamivudine",0.18866631780130985,0.5189301602398018,0.3006859249712869,1.5916137363054563
split_cell_heldout,ridge_cell,"T cells, TGX 221",0.5334346099927584,0.6862603050003786,0.8035273569183194,1.7317176686371492
split_cell_heldout,ridge_cell,"T cells, Pitavastatin Calcium",-0.2531660675033972,1.6482911665707372,-0.3513606065844744,2.89418458606904
split_cell_heldout,ridge_cell,"T cells, ABT737",0.05834913115180873,0.6151760901798412,0.3760902733420092,1.8677535779506442
split_cell_heldout,ridge_cell,"T cells, PRT-062607",0.58236167855987,0.9498855458874265,0.799220628852808,2.01732318492874
split_cell_heldout,ridge_cell,"T cells, AZ628",0.5314564774710612,0.6936056850657708,0.7898921957628563,1.7822857928849802
split_cell_heldout,ridge_cell,"T cells, AZD-8330",0.5063601290238842,0.7242777667685975,0.773553556522427,1.791033905488254
split_cell_heldout,ridge_cell,"T cells, Masitinib",0.2072108483862613,0.5651132269764835,0.6123737322460617,1.5238754813332456
split_cell_heldout,ridge_cell,"T cells, Ceritinib",0.4148470649047999,0.5643570369796584,0.6963923976048129,1.5726910508461511
split_cell_heldout,ridge_cell,"T cells, CGM-097",-0.09176754997000662,1.3846131523659209,-0.13354310144372789,2.687878038887278
split_cell_heldout,ridge_cell,"T cells, SLx-2119",0.2598038710802172,0.5982936631485792,0.4874811660671983,1.7740854156870767
split_cell_heldout,ridge_cell,"T cells, Nefazodone",0.3111741147255854,0.469078745332439,0.5978137641820566,1.5051489506324365
split_cell_heldout,ridge_cell,"T cells, STK219801",0.12879426429212906,0.569735347409702,0.24839403384961237,1.8524701208512597
split_cell_heldout,ridge_cell,"T cells, TPCA-1",0.5676405874938779,1.0883990147795974,0.7596216954968816,2.158644776501362
split_cell_heldout,ridge_cell,"T cells, MGCD-265",0.3717413924037061,0.46642301791297325,0.6145761439944568,1.4928110421331697
split_cell_heldout,ridge_cell,"T cells, GSK-1070916",0.2793370593131619,0.5781450128347011,0.567239944966863,1.6843180840440688
split_cell_heldout,ridge_cell,"T cells, Ricolinostat",0.190001736636276,0.8722041712977653,0.4109581999140493,2.0630883836200034
split_cell_heldout,ridge_cell,"T cells, Bosutinib",0.4810804027916699,0.9868587531546089,0.7027057408483226,2.1217277897798685
split_cell_heldout,ridge_cell,"T cells, Clemastine",0.29030803893999896,0.527800973518886,0.6515917025513445,1.5102093040986435
split_cell_heldout,ridge_cell,"T cells, YK 4-279",-0.1312687928808707,0.6569865842124448,-0.3049985974975186,1.787886616409873
split_cell_heldout,ridge_cell,"T cells, Buspirone",0.02537168895211957,0.5270784575199057,-0.027060790256449304,1.7188434476546315
split_cell_heldout,ridge_cell,"T cells, Midostaurin",0.4422936756583384,0.8536616642497542,0.7200374355652895,2.059003681859401
split_cell_heldout,ridge_cell,"T cells, CEP-37440",0.3278647509358874,0.6444106496050639,0.6490008057853395,1.8441345479618898
split_cell_heldout,ridge_cell,"T cells, GSK256066",0.2817818172283014,0.7372371062542888,0.5015461829790981,2.1265433462222076
split_cell_heldout,ridge_cell,"T cells, R428",0.484426890793091,0.902710704159009,0.6947869441762886,2.0704405045017027
split_cell_heldout,ridge_cell,"T cells, Oxybenzone",0.16973493277778756,0.49457858452028747,0.39248309615408133,1.5482270755861167
split_cell_heldout,ridge_cell,"T cells, Vandetanib",0.1545454885612937,0.5265720321414478,0.35884850339644025,1.5889242991879797
split_cell_heldout,ridge_cell,"T cells, Imatinib",0.16624925815613745,0.5138063796835997,0.31687475856142067,1.5668378672282837
split_cell_heldout,ridge_cell,"T cells, SCH-58261",0.035749129554374516,0.5499438939062375,-0.022257623201280066,1.7338417685354273
split_cell_heldout,ridge_cell,"T cells, Colforsin",0.20227560704925782,0.5511257570371803,0.3427860274624853,1.578579159067102
split_cell_heldout,ridge_cell,"T cells, Tivantinib",0.2380731340911719,0.7441128037881535,0.44185315499229055,1.8642054557693333
split_cell_heldout,ridge_cell,"T cells, Tosedostat",0.26579600925340024,0.7609080269619777,0.47715587847502816,1.9388767112790097
split_cell_heldout,ridge_cell,"T cells, Colchicine",0.2060575291635549,0.9483567278950166,0.3986657604050549,2.3035086348058234
split_cell_heldout,ridge_cell,"T cells, ABT-199 (GDC-0199)",-0.00764117915760086,0.5875183891892788,0.3521281372916504,1.7306739058165708
split_cell_heldout,ridge_cell,"T cells, Mometasone Furoate",0.47888876361808036,1.4104236442553992,0.6157569568190784,2.580627816711967
split_cell_heldout,ridge_cell,"T cells, Tipifarnib",0.4090149175570263,0.6331260747534286,0.7010188068610546,1.7260476264748101
split_cell_heldout,ridge_cell,"T cells, BX 912",0.5372568045745577,0.7482284525515255,0.7941581834963426,1.8347713030246133
split_cell_heldout,ridge_cell,"T cells, Doxorubicin",0.30768782148888146,1.3505347514269619,0.4708186716965738,2.5170273563053907
split_cell_heldout,ridge_cell,"T cells, PF-03814735",0.5281403444944971,1.0819722499839068,0.7332433719364928,2.1985628101262873
split_cell_heldout,ridge_cell,"T cells, AZD4547",0.2805924603227727,0.5034289408003966,0.4670170416964442,1.5855262432546153
split_cell_heldout,ridge_cell,"T cells, Prednisolone",0.4501804639432144,1.362582624933035,0.587800356351085,2.5675184987453994
split_cell_heldout,ridge_cell,"T cells, Tacalcitol",0.326339172414679,0.6433263839510164,0.6483606057789394,1.7277253311392435
split_cell_heldout,ridge_cell,"T cells, Selumetinib",0.4371665016927549,0.6310947160690179,0.7084469659934008,1.7480818226452008
split_cell_heldout,ridge_cell,"T cells, Clotrimazole",0.08435794549966875,0.5554718823702569,0.16386554963141112,1.7532955592776056
split_cell_heldout,ridge_cell,"T cells, RG7090",-0.1557778741740498,0.8565502169194421,-0.25930178950061844,2.1216719459668703
split_cell_heldout,ridge_cell,"T cells, GLPG0634",0.43100348040685166,0.7380435187075094,0.7246308654468626,1.8187321226787296
split_cell_heldout,ridge_cell,"T cells, Mubritinib (TAK 165)",0.303851202478886,1.1210632224072707,0.5144512229518949,2.35668809140687
split_cell_heldout,ridge_cell,"T cells, Vanoxerine",0.13163888911641097,0.5989229864296473,0.3400916075444826,1.7223711126724002
split_cell_heldout,ridge_cell,"T cells, SB525334",-0.35450636612931014,1.0729093067692705,-0.5552110958860678,2.4120557305202994
split_cell_heldout,ridge_cell,"T cells, HYDROXYUREA",-0.025403791752176018,0.5622622203416032,-0.22145837003777963,1.7639513646736544
split_cell_heldout,ridge_drug_fp,"T cells, TIE2 Kinase Inhibitor",0.28581768959458287,0.5514782666337481,0.5869659136381891,1.4809785366008212
split_cell_heldout,ridge_drug_fp,"T cells, MK-5108",0.2716969773202152,0.5456016274319376,0.5462878683096986,1.495709339714497
split_cell_heldout,ridge_drug_fp,"T cells, Lapatinib",0.3411560576998137,0.5772173292344939,0.662678396098107,1.5133412909436503
split_cell_heldout,ridge_drug_fp,"T cells, Atorvastatin",0.28334804227397276,0.5673426765937639,0.5906878391250009,1.4598348331980502
split_cell_heldout,ridge_drug_fp,"T cells, Ganetespib (STA-9090)",0.6521355024446153,1.7296160738541333,0.7334379877633498,2.367276700215197
split_cell_heldout,ridge_drug_fp,"T cells, Clomipramine",0.30900905937172657,0.5598297153141517,0.585706840222845,1.485946534067288
split_cell_heldout,ridge_drug_fp,"T cells, Sunitinib",0.40160947232736643,0.6611059038728139,0.6790555237475947,1.5706215469005775
split_cell_heldout,ridge_drug_fp,"T cells, Tivozanib",0.3486114438357258,0.6365182692123244,0.6736703497893155,1.5969193584265016
split_cell_heldout,ridge_drug_fp,"T cells, Tamatinib",0.5870568862924783,0.9309288146339634,0.7845842724115436,1.588338964682204
split_cell_heldout,ridge_drug_fp,"T cells, Ixabepilone",0.21180941011271415,0.5580165552390118,0.4871646754663722,1.5469846788092039
split_cell_heldout,ridge_drug_fp,"T cells, Linagliptin",0.15273657718853131,0.5518146123859244,0.35959294073775544,1.513598717134451
split_cell_heldout,ridge_drug_fp,"T cells, 5-(9-Isopropyl-8-methyl-2-morpholino-9H-purin-6-yl)pyrimidin-2-amine",0.6848263363886895,1.0742938833495206,0.8070149588861882,1.716564626102307
split_cell_heldout,ridge_drug_fp,"T cells, O-Demethylated Adapalene",0.32358911189843215,0.5983579022370958,0.6487889218164683,1.5057278304353743
split_cell_heldout,ridge_drug_fp,"T cells, Protriptyline",0.17649804470065703,0.51296100996768,0.4424038349500877,1.5717727116540416
split_cell_heldout,ridge_drug_fp,"T cells, I-BET151",0.7115070315820337,1.4550565714743746,0.8003938961138314,2.0948387553878733
split_cell_heldout,ridge_drug_fp,"T cells, Foretinib",0.4704977513562951,0.8232430728577522,0.7325147101547409,1.634353554199893
split_cell_heldout,ridge_drug_fp,"T cells, GW843682X",0.32731106363360885,0.5864545459312427,0.6557590640240799,1.519924633187514
split_cell_heldout,ridge_drug_fp,"T cells, BMS-387032",0.37967276581137166,1.2138963754223457,0.5676460312128819,2.1969544992968024
split_cell_heldout,ridge_drug_fp,"T cells, IN1451",0.7685180409489443,2.0213806773382297,0.8144693754768679,2.413872530844994
split_cell_heldout,ridge_drug_fp,"T cells, Raloxifene",0.2672499768025571,0.8487829304250625,0.4934053823890408,1.8327545497561195
split_cell_heldout,ridge_drug_fp,"T cells, Topotecan",0.5500074615436649,0.8891118282642033,0.7613425269238735,1.6404811908884211
split_cell_heldout,ridge_drug_fp,"T cells, BAY 87-2243",0.539340283593373,1.110944822422974,0.6918993451533372,1.9219397698235603
split_cell_heldout,ridge_drug_fp,"T cells, Phenylbutazone",0.1645246548838217,0.5446263625661643,0.35374660790558515,1.6313138504471536
split_cell_heldout,ridge_drug_fp,"T cells, K-02288",0.16003498012935086,0.6163548122221713,0.3682661049478306,1.6551546532258576
split_cell_heldout,ridge_drug_fp,"T cells, BMS-777607",0.2775599143505544,0.5972458058424304,0.5796805431531303,1.479842008826187
split_cell_heldout,ridge_drug_fp,"T cells, Porcn Inhibitor III",0.3440511572714802,0.6437470117150988,0.6047707476496458,1.4588011434103254
split_cell_heldout,ridge_drug_fp,"T cells, TL_HRAS26",0.25111117866426697,0.5591561615731863,0.5967424749037271,1.7366943258554532
split_cell_heldout,ridge_drug_fp,"T cells, Proscillaridin A;Proscillaridin-A",0.8222528041470449,1.7925799757677752,0.852752504939003,2.047249729783213
split_cell_heldout,ridge_drug_fp,"T cells, Vorinostat",0.7332195663974739,1.611133536290166,0.8019225146253081,2.208289369539305
split_cell_heldout,ridge_drug_fp,"T cells, BMS-265246",0.6471397491707023,1.0541305267716072,0.8023194727638587,1.7863485372451777
split_cell_heldout,ridge_drug_fp,"T cells, Ruxolitinib",0.47509072125045076,0.9071526694112717,0.7292937908212043,1.6201461466575742
split_cell_heldout,ridge_drug_fp,"T cells, Pomalidomide",0.5463408576914643,1.051605926915419,0.7255102156813484,2.0808824707125453
split_cell_heldout,ridge_drug_fp,"T cells, Dovitinib",0.4304549969416546,0.7386450168815588,0.7063227436164963,1.6970878416989397
split_cell_heldout,ridge_drug_fp,"T cells, AVL-292",0.4697895597986646,0.7319690387401727,0.7377230919870142,1.5882963794107747
split_cell_heldout,ridge_drug_fp,"T cells, Navitoclax",0.23727479997197068,0.6292869767617487,0.5934753149989904,1.5992262646336088
split_cell_heldout,ridge_drug_fp,"T cells, Methotrexate",0.35689463839364244,0.5865904115511408,0.6465032198111781,1.479669142799785
split_cell_heldout,ridge_drug_fp,"T cells, Palbociclib",0.29921552707006094,0.5676135290345599,0.624156808742655,1.5170539171156612
split_cell_heldout,ridge_drug_fp,"T cells, Trametinib",0.37408825530886536,0.7588059886907002,0.6818728612723206,1.5601202070259719
split_cell_heldout,ridge_drug_fp,"T cells, AMD-070 (hydrochloride)",0.25790278000034783,0.6210611104585863,0.5688809144485336,1.6478713158540252
split_cell_heldout,ridge_drug_fp,"T cells, Sgc-cbp30",0.36352619437212913,0.7520019141758748,0.5951167464881584,1.7268203507104458
split_cell_heldout,ridge_drug_fp,"T cells, FK 866",0.4866839420098952,0.8631425197505014,0.7040083530056217,1.7781251882056417
split_cell_heldout,ridge_drug_fp,"T cells, Chlorpheniramine",0.17635477783590525,0.6085778613203123,0.3791320800176339,1.6575042506195765
split_cell_heldout,ridge_drug_fp,"T cells, Scriptaid",0.7452131007826004,1.613907521109434,0.8106446611400249,2.1509895943155146
split_cell_heldout,ridge_drug_fp,"T cells, BAY 61-3606",0.6429670788032842,1.4618867862380884,0.7526536521295103,2.1392416108680385
split_cell_heldout,ridge_drug_fp,"T cells, LY2090314",0.43999378098998204,2.1914361041035617,0.5123637747115338,2.875219108062659
split_cell_heldout,ridge_drug_fp,"T cells, Vardenafil",0.21366528493907017,0.584298801792744,0.5005558189442789,1.585517919107079
split_cell_heldout,ridge_drug_fp,"T cells, Dasatinib",0.5620108336702502,0.9638271972187002,0.7566125550310855,1.6626394386346324
split_cell_heldout,ridge_drug_fp,"T cells, AT13387",0.6252482014550879,1.6972369202422481,0.7135944890241793,2.389379432757565
split_cell_heldout,ridge_drug_fp,"T cells, PF-04691502",0.5298308565824564,0.9849990503304693,0.7435881947740066,1.8298596006820183
split_cell_heldout,ridge_drug_fp,"T cells, Perhexiline",0.5643986797632434,0.8506511373673509,0.7817382277556656,1.700380279728885
split_cell_heldout,ridge_drug_fp,"T cells, RVX-208",0.5126898456040906,0.7406040810507432,0.7094923226193592,1.615755210774554
split_cell_heldout,ridge_drug_fp,"T cells, Ketoconazole",0.6109483547297107,0.9597685211549156,0.7806205470318331,1.7646275124094903
split_cell_heldout,ridge_drug_fp,"T cells, Disulfiram",0.24393457066931867,0.5638470202223306,0.5128659331314168,1.5172410822801978
split_cell_heldout,ridge_drug_fp,"T cells, Flutamide",0.08475858295376984,0.5958310660855755,0.4459351140948959,1.631447770927798
split_cell_heldout,ridge_drug_fp,"T cells, Desloratadine",0.23862872108141586,0.5393427299270038,0.5211968636629377,1.457524317646332
split_cell_heldout,ridge_drug_fp,"T cells, Dactolisib",0.7068088532478374,1.1282258320687872,0.831062545173148,1.6898751111607524
split_cell_heldout,ridge_drug_fp,"T cells, BMS-536924",0.49816419181402855,1.0151799347804804,0.7122409006763804,1.9531547876850162
split_cell_heldout,ridge_drug_fp,"T cells, IKK Inhibitor VII",0.46900290317237686,0.911155192164336,0.7249532799019461,1.6588732024826707
split_cell_heldout,ridge_drug_fp,"T cells, Amiodarone",0.19187245063362715,0.6141925224402593,0.48233512434401404,1.8223903588531754
split_cell_heldout,ridge_drug_fp,"T cells, Isoniazid",0.04346634596890484,0.5651260751677778,0.10158092174729147,1.5812132182093181
split_cell_heldout,ridge_drug_fp,"T cells, IMD-0354",0.630625124189912,1.3692662083127976,0.748884507331661,2.145860477760985
split_cell_heldout,ridge_drug_fp,"T cells, Canertinib",0.411131486885771,0.7377113438657312,0.654108778935676,1.6714153791910173
split_cell_heldout,ridge_drug_fp,"T cells, Idelalisib",0.41389759514237034,0.8582677823734209,0.686346156509913,1.7945088966278795
split_cell_heldout,ridge_drug_fp,"T cells, Alogliptin",0.19765477925576425,0.5647590833196132,0.42486256541664574,1.5710728328884476
split_cell_heldout,ridge_drug_fp,"T cells, Penfluridol",0.17207475968990957,0.5590801417661926,0.2595805948949672,1.6337404682870786
split_cell_heldout,ridge_drug_fp,"T cells, Quizartinib",0.1843425879269176,0.5981746789339045,0.4280796824289851,1.7011037586787772
split_cell_heldout,ridge_drug_fp,"T cells, RN-486",0.1210626857914108,0.5706309873121851,0.25003579296819056,1.60567386223459
split_cell_heldout,ridge_drug_fp,"T cells, PD-0325901",0.3561673602214811,0.8993093052596158,0.6547267598891163,1.7506329226033766
split_cell_heldout,ridge_drug_fp,"T cells, Decitabine",0.16049837809409076,0.525341596637695,0.2384751664169284,1.658810191910423
split_cell_heldout,ridge_drug_fp,"T cells, LDN 193189",0.2671632570598858,0.5860887952917978,0.5988996352045252,1.5055897929278859
split_cell_heldout,ridge_drug_fp,"T cells, Cabozantinib",0.19108551839902768,0.659993123054166,0.37632533766731585,1.734986333980812
split_cell_heldout,ridge_drug_fp,"T cells, Riociguat",0.15370166567324803,0.5532959511665586,0.30821276268223696,1.72074406120124
split_cell_heldout,ridge_drug_fp,"T cells, CHIR-99021",0.5065965847484177,1.2522870416798009,0.6993926518541024,2.2735208338501733
split_cell_heldout,ridge_drug_fp,"T cells, Defactinib",0.38880611333373516,0.7365624948501742,0.6799923482920712,1.6859552276266718
split_cell_heldout,ridge_drug_fp,"T cells, BI-D1870",0.16565721506225187,0.6530235916151463,0.4482015978186569,1.5346248420231867
split_cell_heldout,ridge_drug_fp,"T cells, AZD3514",0.48399090239890863,0.6944042594291671,0.7307210192888877,1.5859225965300114
split_cell_heldout,ridge_drug_fp,"T cells, HMN-214",0.4392783170810998,0.632138179842532,0.7453054204899598,1.552982903249172
split_cell_heldout,ridge_drug_fp,"T cells, CC-401",0.5103098596626843,0.733994009709394,0.7254692339346074,1.6116763446274414
split_cell_heldout,ridge_drug_fp,"T cells, Resminostat",0.7485103874000412,1.5513000613565355,0.8157071030015101,2.091458093061514
split_cell_heldout,ridge_drug_fp,"T cells, Crizotinib",0.5323417729478575,0.7294787090277658,0.7878347933057088,1.5244796566561052
split_cell_heldout,ridge_drug_fp,"T cells, Azacitidine",0.33441599029560864,0.5879796334167472,0.6268609245087913,1.5464256708049948
split_cell_heldout,ridge_drug_fp,"T cells, TR-14035",0.3289764017463896,0.5721024701742699,0.5743531953408532,1.5208457945180385
split_cell_heldout,ridge_drug_fp,"T cells, Nilotinib",0.48598748114507173,0.7860273338240321,0.7428997889070015,1.5584761974364376
split_cell_heldout,ridge_drug_fp,"T cells, AT 7867",0.28057296680780563,0.9015928581797199,0.49920871626112523,1.87238841153449
split_cell_heldout,ridge_drug_fp,"T cells, OSI-930",0.16253366105202335,0.5669775365327423,0.3004095116127645,1.6152744441428526
split_cell_heldout,ridge_drug_fp,"T cells, GO-6976",0.3752767852593106,0.8325578168657741,0.6124928836566631,1.7475531855050643
split_cell_heldout,ridge_drug_fp,"T cells, Saracatinib",0.5828887190216283,0.778723358368714,0.7960033382087534,1.3630333407681516
split_cell_heldout,ridge_drug_fp,"T cells, RG7112",0.44583868189078185,0.5827918638737757,0.692541499242105,1.6108467992636997
split_cell_heldout,ridge_drug_fp,"T cells, Lamivudine",0.18618920328439625,0.5696630564074819,0.3523511263298138,1.5670652058038186
split_cell_heldout,ridge_drug_fp,"T cells, TGX 221",0.5247576054695068,0.6886665049053018,0.7979430622652701,1.3958950561799786
split_cell_heldout,ridge_drug_fp,"T cells, Pitavastatin Calcium",0.5662806249299089,1.3115610996999651,0.7370289094719858,1.9648184628284548
split_cell_heldout,ridge_drug_fp,"T cells, ABT737",0.19817628439972948,0.69309515662986,0.5620345988659472,1.701510175776027
split_cell_heldout,ridge_drug_fp,"T cells, PRT-062607",0.5641394522256398,0.9011300915609834,0.7849998659141139,1.5558086340047732
split_cell_heldout,ridge_drug_fp,"T cells, AZ628",0.48348453980011774,0.7159111873639581,0.7445271860657809,1.5132928734481224
split_cell_heldout,ridge_drug_fp,"T cells, AZD-8330",0.390990787266443,0.7934823413649025,0.6800655974985054,1.6374012503308975
split_cell_heldout,ridge_drug_fp,"T cells, Masitinib",0.3190810272544904,0.575426151567121,0.709779870342673,1.3586748981755568
split_cell_heldout,ridge_drug_fp,"T cells, Ceritinib",0.3126798787977135,0.6458411606118146,0.6107244356971249,1.5159684635241026
split_cell_heldout,ridge_drug_fp,"T cells, CGM-097",0.6043735211504233,1.0730623054653219,0.7569376814025757,1.9364586612516463
split_cell_heldout,ridge_drug_fp,"T cells, SLx-2119",0.3036655916382864,0.6200744837087824,0.59867589225807,1.5835357781270547
split_cell_heldout,ridge_drug_fp,"T cells, Nefazodone",0.19274894652368937,0.5301931702256252,0.37521218157017333,1.5468703623728406
split_cell_heldout,ridge_drug_fp,"T cells, STK219801",0.2770462988221906,0.5854815424402176,0.5267890615425677,1.5655018265996858
split_cell_heldout,ridge_drug_fp,"T cells, TPCA-1",0.5814020912227847,0.9817028477047371,0.7820744979505134,1.6986967226548129
split_cell_heldout,ridge_drug_fp,"T cells, MGCD-265",0.25622811374491455,0.5463565619244213,0.4781107265512418,1.5146817477982795
split_cell_heldout,ridge_drug_fp,"T cells, GSK-1070916",0.36779620768347104,0.5923973814041226,0.6246902876041963,1.4577992331391267
split_cell_heldout,ridge_drug_fp,"T cells, Ricolinostat",0.576656752595734,0.7305336628867459,0.7792485717591525,1.480229916528665
split_cell_heldout,ridge_drug_fp,"T cells, Bosutinib",0.6040461443114087,0.8826361499926896,0.8052790284053695,1.4792403896765511
split_cell_heldout,ridge_drug_fp,"T cells, Clemastine",0.313266487328258,0.5607577663480697,0.681589079676269,1.3875891738153607
split_cell_heldout,ridge_drug_fp,"T cells, YK 4-279",0.2779049420606763,0.5870408343643293,0.5440520694086014,1.4749632545082452
split_cell_heldout,ridge_drug_fp,"T cells, Buspirone",0.1332831048535071,0.5362484707334987,0.18149266814938345,1.6777374263780467
split_cell_heldout,ridge_drug_fp,"T cells, Midostaurin",0.4455142274583573,0.8484299643817593,0.7181917969997483,1.7853787982285216
split_cell_heldout,ridge_drug_fp,"T cells, CEP-37440",0.3627761475369727,0.6748405003323766,0.687091446048276,1.6350798660814587
split_cell_heldout,ridge_drug_fp,"T cells, GSK256066",0.410885541705078,0.7530701663599962,0.6461691520040018,1.7280537118470802
split_cell_heldout,ridge_drug_fp,"T cells, R428",0.44337059021659014,1.1290770837715625,0.7215692573517437,1.5837804027440128
split_cell_heldout,ridge_drug_fp,"T cells, Oxybenzone",0.1427460193019065,0.5170450235638258,0.3621897436863344,1.5330341165662424
split_cell_heldout,ridge_drug_fp,"T cells, Vandetanib",0.1811751765652882,0.5859630856803922,0.43472316356143775,1.525191710218903
split_cell_heldout,ridge_drug_fp,"T cells, Imatinib",0.16723832125769408,0.5429755756070835,0.3134967821770468,1.543167077679934
split_cell_heldout,ridge_drug_fp,"T cells, SCH-58261",0.20080509012152434,0.5523731542751178,0.3939722059751814,1.5857336677941292
split_cell_heldout,ridge_drug_fp,"T cells, Colforsin",0.22303876298068787,0.5816047752098273,0.49325859772218816,1.4927417755432657
split_cell_heldout,ridge_drug_fp,"T cells, Tivantinib",0.42039900153251575,0.7072477977686226,0.6846445041762561,1.5696964691694397
split_cell_heldout,ridge_drug_fp,"T cells, Tosedostat",0.4307578321120514,0.7295525174022152,0.691371906309399,1.6193929432292613
split_cell_heldout,ridge_drug_fp,"T cells, Colchicine",0.4251274711587624,1.0384156434189211,0.7212353271222119,1.713185189961769
split_cell_heldout,ridge_drug_fp,"T cells, ABT-199 (GDC-0199)",0.20834438086761967,0.6046846724072746,0.5245770150969331,1.604229242208372
split_cell_heldout,ridge_drug_fp,"T cells, Mometasone Furoate",0.6040210024666683,1.2058815861768228,0.7596469313957289,1.9235144305414114
split_cell_heldout,ridge_drug_fp,"T cells, Tipifarnib",0.39993089488633315,0.6598703820568353,0.6759084020481987,1.5707201821270835
split_cell_heldout,ridge_drug_fp,"T cells, BX 912",0.43244327612277556,0.7758695069584092,0.7240389838267299,1.7102648422960165
split_cell_heldout,ridge_drug_fp,"T cells, Doxorubicin",0.5688927013794044,1.2229801629529322,0.7758712419762523,1.7201046268795745
split_cell_heldout,ridge_drug_fp,"T cells, PF-03814735",0.608930126682207,0.9810476159679867,0.8092414970605579,1.5241937230043319
split_cell_heldout,ridge_drug_fp,"T cells, AZD4547",0.2062519366516773,0.562994367345662,0.34692809072816316,1.5999662165913213
split_cell_heldout,ridge_drug_fp,"T cells, Prednisolone",0.5754353871871409,1.1883380908693169,0.7238530861722478,2.0465657334263763
split_cell_heldout,ridge_drug_fp,"T cells, Tacalcitol",0.35246432383761295,0.8402913048567341,0.6923560631387649,1.4316985497224783
split_cell_heldout,ridge_drug_fp,"T cells, Selumetinib",0.38279311620436013,0.7064292525805219,0.7049862954960051,1.5298427376787729
split_cell_heldout,ridge_drug_fp,"T cells, Clotrimazole",0.2323071533285143,0.5576347784115842,0.5107421683340669,1.592342494380476
split_cell_heldout,ridge_drug_fp,"T cells, RG7090",0.3382215365975774,0.753677096804942,0.6232361790341598,1.7266516924412738
split_cell_heldout,ridge_drug_fp,"T cells, GLPG0634",0.49428197964332726,0.720468093670169,0.7716989392469025,1.4878857229287414
split_cell_heldout,ridge_drug_fp,"T cells, Mubritinib (TAK 165)",0.4699865706449618,1.0353305151529308,0.6632003979881896,2.0053982158556494
split_cell_heldout,ridge_drug_fp,"T cells, Vanoxerine",0.22088228999633525,0.6074621119839405,0.5053444510250249,1.6163651818785403
split_cell_heldout,ridge_drug_fp,"T cells, SB525334",0.4818040607095912,0.8499223714299206,0.7148230768767333,1.7545883126326691
split_cell_heldout,ridge_drug_fp,"T cells, HYDROXYUREA",0.15146053879289656,0.5509449082977221,0.27485631240965047,1.6500133411142892
split_cell_heldout,ridge_cell_drug_fp,"T cells, TIE2 Kinase Inhibitor",0.28577820631187073,0.5514700977381498,0.5869230072225642,1.4810521877525362
split_cell_heldout,ridge_cell_drug_fp,"T cells, MK-5108",0.2716889226782447,0.5455877181187276,0.5463531855294181,1.4956893126938013
split_cell_heldout,ridge_cell_drug_fp,"T cells, Lapatinib",0.3412113684298355,0.5771530607205874,0.6627103952553299,1.513299724571007
split_cell_heldout,ridge_cell_drug_fp,"T cells, Atorvastatin",0.2834052420277565,0.5673263658444431,0.5908075011487929,1.4597462787366622
split_cell_heldout,ridge_cell_drug_fp,"T cells, Ganetespib (STA-9090)",0.6521160311380979,1.7296216076270536,0.733424639592093,2.367261124503581
split_cell_heldout,ridge_cell_drug_fp,"T cells, Clomipramine",0.3087945861382814,0.5598133165409926,0.5853734421218968,1.4862666914151357
split_cell_heldout,ridge_cell_drug_fp,"T cells, Sunitinib",0.4016095492973983,0.6611172456657333,0.6790814566657134,1.5705316632569484
split_cell_heldout,ridge_cell_drug_fp,"T cells, Tivozanib",0.3486028650917759,0.6365085821294783,0.6736352213188516,1.5969747073947966
split_cell_heldout,ridge_cell_drug_fp,"T cells, Tamatinib",0.58703815255857,0.9310081721046569,0.7845417285588492,1.5881644581045902
split_cell_heldout,ridge_cell_drug_fp,"T cells, Ixabepilone",0.21178126325674243,0.5580681705522741,0.48726202400914237,1.5467637170527924
split_cell_heldout,ridge_cell_drug_fp,"T cells, Linagliptin",0.15280875485617657,0.5517964257414097,0.3596369978282054,1.5136166312457262
split_cell_heldout,ridge_cell_drug_fp,"T cells, 5-(9-Isopropyl-8-methyl-2-morpholino-9H-purin-6-yl)pyrimidin-2-amine",0.6847644216722496,1.074370659225039,0.8070077751517881,1.7166237679421528
split_cell_heldout,ridge_cell_drug_fp,"T cells, O-Demethylated Adapalene",0.3236574938483757,0.5983626371944695,0.6487967803660118,1.5056241744309948
split_cell_heldout,ridge_cell_drug_fp,"T cells, Protriptyline",0.17660580029981388,0.5129414934456116,0.4424356522729103,1.5716985755282338
split_cell_heldout,ridge_cell_drug_fp,"T cells, I-BET151",0.7113997470979359,1.4551253917375317,0.8003268841459164,2.094838651306539
split_cell_heldout,ridge_cell_drug_fp,"T cells, Foretinib",0.47116497403293917,0.8238427666717766,0.7361657835623858,1.6313527136827028
split_cell_heldout,ridge_cell_drug_fp,"T cells, GW843682X",0.32734695747219805,0.5864547293122073,0.6557257295338214,1.519907404660741
split_cell_heldout,ridge_cell_drug_fp,"T cells, BMS-387032",0.38539444423076463,1.2118867355993224,0.5749045405031145,2.1842146005596317
split_cell_heldout,ridge_cell_drug_fp,"T cells, IN1451",0.7684392405690944,2.021445733510554,0.8144073331395114,2.413914975452851
split_cell_heldout,ridge_cell_drug_fp,"T cells, Raloxifene",0.2666791359675823,0.8491219102450299,0.492741380454134,1.8330960621070285
split_cell_heldout,ridge_cell_drug_fp,"T cells, Topotecan",0.5499209819330291,0.8891907433980031,0.7612918831270333,1.6405529706892248
split_cell_heldout,ridge_cell_drug_fp,"T cells, BAY 87-2243",0.5395020907689916,1.1107875912286425,0.691985103661059,1.921887716926595
split_cell_heldout,ridge_cell_drug_fp,"T cells, Phenylbutazone",0.16462989200344047,0.5445674872633904,0.35398254882956387,1.6312320866103718
split_cell_heldout,ridge_cell_drug_fp,"T cells, K-02288",0.15990848367659752,0.6162931359504281,0.36798616077217944,1.6553851648512712
split_cell_heldout,ridge_cell_drug_fp,"T cells, BMS-777607",0.27714230607730195,0.5975093611736637,0.5790150712732519,1.4804246007127746
split_cell_heldout,ridge_cell_drug_fp,"T cells, Porcn Inhibitor III",0.34375691366594635,0.6438254959268928,0.6044765873264135,1.4591521275820178
split_cell_heldout,ridge_cell_drug_fp,"T cells, TL_HRAS26",0.25110462588200405,0.5591567780603703,0.5967354371056933,1.7367004768796046
split_cell_heldout,ridge_cell_drug_fp,"T cells, Proscillaridin A;Proscillaridin-A",0.821680261452361,1.7960808605624994,0.8524047380447803,2.051399379134596
split_cell_heldout,ridge_cell_drug_fp,"T cells, Vorinostat",0.7330888492809835,1.6112353108492783,0.8018362444994791,2.208336594706961
split_cell_heldout,ridge_cell_drug_fp,"T cells, BMS-265246",0.647080587668514,1.0541929544833895,0.8022860649870636,1.7864149230791375
split_cell_heldout,ridge_cell_drug_fp,"T cells, Ruxolitinib",0.47513512942505515,0.9070495978280998,0.7293371403644702,1.6201887910414607
split_cell_heldout,ridge_cell_drug_fp,"T cells, Pomalidomide",0.5464523972714564,1.051518331112606,0.7256233376768252,2.08067430252407
split_cell_heldout,ridge_cell_drug_fp,"T cells, Dovitinib",0.4303063044278096,0.7386886553250441,0.7062826120352229,1.6972751625772229
split_cell_heldout,ridge_cell_drug_fp,"T cells, AVL-292",0.46946867620214444,0.7322726099976684,0.7376143284215774,1.5883587391111724
split_cell_heldout,ridge_cell_drug_fp,"T cells, Navitoclax",0.23718465499547864,0.6291929508903887,0.5934684791417651,1.5993006112411676
split_cell_heldout,ridge_cell_drug_fp,"T cells, Methotrexate",0.3568843921081108,0.5865992650806449,0.6464882995701996,1.4796814935272904
split_cell_heldout,ridge_cell_drug_fp,"T cells, Palbociclib",0.299086361266485,0.5677918055145557,0.6239174147539673,1.5172106169275978
split_cell_heldout,ridge_cell_drug_fp,"T cells, Trametinib",0.37401747395768936,0.7590409960705825,0.6818353464898381,1.5601111144968187
split_cell_heldout,ridge_cell_drug_fp,"T cells, AMD-070 (hydrochloride)",0.2576543368260831,0.6211075304729061,0.5686314047671575,1.6481315796679026
split_cell_heldout,ridge_cell_drug_fp,"T cells, Sgc-cbp30",0.36350897286144135,0.7519700815803515,0.5951616793488477,1.7268683108190777
split_cell_heldout,ridge_cell_drug_fp,"T cells, FK 866",0.4864224402486725,0.8633396783310583,0.703809269889626,1.778225410980742
split_cell_heldout,ridge_cell_drug_fp,"T cells, Chlorpheniramine",0.17649992768477643,0.6085302565282228,0.3794557512711538,1.657349257341856
split_cell_heldout,ridge_cell_drug_fp,"T cells, Scriptaid",0.7452011057802114,1.6139362057923519,0.810636197247518,2.1510304157892115
split_cell_heldout,ridge_cell_drug_fp,"T cells, BAY 61-3606",0.6430017918933578,1.4618471746457655,0.7526732135018327,2.139207456722079
split_cell_heldout,ridge_cell_drug_fp,"T cells, LY2090314",0.4399200694263786,2.191517438959717,0.5122863943957842,2.8753094658182268
split_cell_heldout,ridge_cell_drug_fp,"T cells, Vardenafil",0.21367998267385896,0.5843548458751316,0.5005276008456471,1.585500064406303
split_cell_heldout,ridge_cell_drug_fp,"T cells, Dasatinib",0.5621006284775322,0.9638628234504675,0.7566160747788803,1.6621678756991083
split_cell_heldout,ridge_cell_drug_fp,"T cells, AT13387",0.6253778724966225,1.6971556992755596,0.7136927443521063,2.3893611462039233
split_cell_heldout,ridge_cell_drug_fp,"T cells, PF-04691502",0.5329750222504968,0.9828259374302537,0.748359119296208,1.8229746466891859
split_cell_heldout,ridge_cell_drug_fp,"T cells, Perhexiline",0.5645628621221896,0.8505458369096492,0.7817678153982724,1.699806554920494
split_cell_heldout,ridge_cell_drug_fp,"T cells, RVX-208",0.5126625763135877,0.7406276372775645,0.7095667044575877,1.6156508404105243
split_cell_heldout,ridge_cell_drug_fp,"T cells, Ketoconazole",0.6109710936346336,0.9597479409267723,0.7806347380138055,1.7645652825022322
split_cell_heldout,ridge_cell_drug_fp,"T cells, Disulfiram",0.2442187368452119,0.5637984726816327,0.5133787335631549,1.5168118282589615
split_cell_heldout,ridge_cell_drug_fp,"T cells, Flutamide",0.08479448462350207,0.5958029450355186,0.44605303356155507,1.6313842636172742
split_cell_heldout,ridge_cell_drug_fp,"T cells, Desloratadine",0.238694135255765,0.5393352427969704,0.5212740860463047,1.457438554480037
split_cell_heldout,ridge_cell_drug_fp,"T cells, Dactolisib",0.706836150169405,1.1281826355776046,0.8310752351633454,1.6897250805362578
split_cell_heldout,ridge_cell_drug_fp,"T cells, BMS-536924",0.49806778651927297,1.0152865890345795,0.7122318914801667,1.9529495248543312
split_cell_heldout,ridge_cell_drug_fp,"T cells, IKK Inhibitor VII",0.4689758347352885,0.9108813005245651,0.7248922139597815,1.6594408262596996
split_cell_heldout,ridge_cell_drug_fp,"T cells, Amiodarone",0.19193647239369338,0.614244722446566,0.482434594857607,1.8221724621771922
split_cell_heldout,ridge_cell_drug_fp,"T cells, Isoniazid",0.043481235233420436,0.5652932684141868,0.10197081579202168,1.5810529801428543
split_cell_heldout,ridge_cell_drug_fp,"T cells, IMD-0354",0.6305300472400538,1.3693578110468232,0.7488297004036996,2.145954009800956
split_cell_heldout,ridge_cell_drug_fp,"T cells, Canertinib",0.4034266657355259,0.7432737755526954,0.6551872440961775,1.674083565236639
split_cell_heldout,ridge_cell_drug_fp,"T cells, Idelalisib",0.4138410060621638,0.8582724438103003,0.6863023102122928,1.7946625205550542
split_cell_heldout,ridge_cell_drug_fp,"T cells, Alogliptin",0.19787059056948864,0.5646809011383235,0.42500598725914607,1.5710116464893653
split_cell_heldout,ridge_cell_drug_fp,"T cells, Penfluridol",0.1720316566073042,0.559222262079382,0.2594227811690702,1.6338116043565747
split_cell_heldout,ridge_cell_drug_fp,"T cells, Quizartinib",0.18400406354408502,0.5986198662866573,0.4268669881904583,1.701610923122936
split_cell_heldout,ridge_cell_drug_fp,"T cells, RN-486",0.12104518753618505,0.5706317626663866,0.2499857635044638,1.6056896610968447
split_cell_heldout,ridge_cell_drug_fp,"T cells, PD-0325901",0.35628269341355967,0.8991048480257314,0.6548218207430312,1.7505908748910413
split_cell_heldout,ridge_cell_drug_fp,"T cells, Decitabine",0.16071726061591318,0.5253052868918956,0.23882074658742256,1.6586490460638703
split_cell_heldout,ridge_cell_drug_fp,"T cells, LDN 193189",0.2673303713570159,0.5860487352010452,0.5989336906164415,1.505522184470622
split_cell_heldout,ridge_cell_drug_fp,"T cells, Cabozantinib",0.190110161710177,0.6606420029614306,0.37416561435223744,1.7360197212225172
split_cell_heldout,ridge_cell_drug_fp,"T cells, Riociguat",0.1534986901030508,0.5533468094464654,0.307851330527304,1.7208800084361882
split_cell_heldout,ridge_cell_drug_fp,"T cells, CHIR-99021",0.506673810231066,1.252235758241448,0.6994766198088493,2.273434945252923
split_cell_heldout,ridge_cell_drug_fp,"T cells, Defactinib",0.38883964840396046,0.7365256761876423,0.680021108511656,1.68594679961905
split_cell_heldout,ridge_cell_drug_fp,"T cells, BI-D1870",0.165636653669187,0.6530603856831741,0.44811142227473816,1.5346632791121906
split_cell_heldout,ridge_cell_drug_fp,"T cells, AZD3514",0.4839892254932811,0.6944280895029494,0.7307606720105961,1.5857778157606144
split_cell_heldout,ridge_cell_drug_fp,"T cells, HMN-214",0.4394393653289741,0.632060843385773,0.7454162904878987,1.5528063954096267
split_cell_heldout,ridge_cell_drug_fp,"T cells, CC-401",0.5103571977615946,0.7339323379129372,0.725512412477045,1.6117380105615378
split_cell_heldout,ridge_cell_drug_fp,"T cells, Resminostat",0.7485459995124053,1.5512791065855291,0.815728515699348,2.0914751238554747
split_cell_heldout,ridge_cell_drug_fp,"T cells, Crizotinib",0.5323715109654192,0.7295515646563291,0.7878726099716485,1.5239675247372892
split_cell_heldout,ridge_cell_drug_fp,"T cells, Azacitidine",0.3342783971257469,0.5879975077948296,0.6266397619206453,1.5466788298290108
split_cell_heldout,ridge_cell_drug_fp,"T cells, TR-14035",0.32905572422674356,0.5720321525759806,0.5745007659272249,1.5207297756104021
split_cell_heldout,ridge_cell_drug_fp,"T cells, Nilotinib",0.4860982543842823,0.7859466868989821,0.742913183466713,1.5583895791956976
split_cell_heldout,ridge_cell_drug_fp,"T cells, AT 7867",0.2805518253814193,0.901664427416575,0.49915175957191077,1.872398528061296
split_cell_heldout,ridge_cell_drug_fp,"T cells, OSI-930",0.1625161447369626,0.5670460175715296,0.30028893648912786,1.6153393803254423
split_cell_heldout,ridge_cell_drug_fp,"T cells, GO-6976",0.3755094552989854,0.8323570205507681,0.6127862982483335,1.7474275386325244
split_cell_heldout,ridge_cell_drug_fp,"T cells, Saracatinib",0.5827986879935795,0.7788757596395454,0.7959718448972963,1.363029169716872
split_cell_heldout,ridge_cell_drug_fp,"T cells, RG7112",0.44587843383761083,0.5827851773862982,0.6925824129042705,1.6107816234648864
split_cell_heldout,ridge_cell_drug_fp,"T cells, Lamivudine",0.18646508565519318,0.5697233592791818,0.3529608345669484,1.566814383386088
split_cell_heldout,ridge_cell_drug_fp,"T cells, TGX 221",0.5245057833931402,0.6888074823825656,0.7978133559617322,1.3964274689701046
split_cell_heldout,ridge_cell_drug_fp,"T cells, Pitavastatin Calcium",0.5662858885801931,1.3115617026379007,0.7370335592893607,1.964786634149178
split_cell_heldout,ridge_cell_drug_fp,"T cells, ABT737",0.19815822629713908,0.6931074377451482,0.5619854863063436,1.701552411521129
split_cell_heldout,ridge_cell_drug_fp,"T cells, PRT-062607",0.5642764231513749,0.9008838599210162,0.7851037051276967,1.5558973814708394
split_cell_heldout,ridge_cell_drug_fp,"T cells, AZ628",0.4833956939382644,0.7160114041266455,0.7445302738135238,1.5132757204105414
split_cell_heldout,ridge_cell_drug_fp,"T cells, AZD-8330",0.39086759705306356,0.7935706974526792,0.6799596005219463,1.6375717276885229
split_cell_heldout,ridge_cell_drug_fp,"T cells, Masitinib",0.31923029350615123,0.5752099256080718,0.7097628917290836,1.358843842769635
split_cell_heldout,ridge_cell_drug_fp,"T cells, Ceritinib",0.3131319165137495,0.645792601509654,0.6111439879692266,1.515414509061734
split_cell_heldout,ridge_cell_drug_fp,"T cells, CGM-097",0.6043679730170637,1.0730647788073704,0.7569523558384138,1.9364376681251074
split_cell_heldout,ridge_cell_drug_fp,"T cells, SLx-2119",0.3036318044084827,0.6200355778407454,0.5986987803372041,1.5836166429385867
split_cell_heldout,ridge_cell_drug_fp,"T cells, Nefazodone",0.19241982881513817,0.5301760314689457,0.37431338676483483,1.5472879973887745
split_cell_heldout,ridge_cell_drug_fp,"T cells, STK219801",0.277114426087489,0.5854658328874653,0.5268471963361989,1.5654227599059967
split_cell_heldout,ridge_cell_drug_fp,"T cells, TPCA-1",0.5813217003713878,0.9818093783663124,0.7820414976551456,1.6983430369971961
split_cell_heldout,ridge_cell_drug_fp,"T cells, MGCD-265",0.2568005184619951,0.5462481881257771,0.4785162024995034,1.514526114848226
split_cell_heldout,ridge_cell_drug_fp,"T cells, GSK-1070916",0.36772699662894615,0.5924086613302949,0.6246547596078688,1.4579130388226822
split_cell_heldout,ridge_cell_drug_fp,"T cells, Ricolinostat",0.5767100522724825,0.7305080662135714,0.7792879961215352,1.4800655075802913
split_cell_heldout,ridge_cell_drug_fp,"T cells, Bosutinib",0.6036170115311935,0.8833964153393957,0.805143168202591,1.4791418544877573
split_cell_heldout,ridge_cell_drug_fp,"T cells, Clemastine",0.31320221716697483,0.5608689727618755,0.6816636818741372,1.387485653947958
split_cell_heldout,ridge_cell_drug_fp,"T cells, YK 4-279",0.2778739720047076,0.5870549656114663,0.5439955877062395,1.474991354186165
split_cell_heldout,ridge_cell_drug_fp,"T cells, Buspirone",0.13325911162069254,0.5362476073167728,0.18138458485442427,1.6777750225699992
split_cell_heldout,ridge_cell_drug_fp,"T cells, Midostaurin",0.44542307986412416,0.8485451634639978,0.7180833420698767,1.785385370790227
split_cell_heldout,ridge_cell_drug_fp,"T cells, CEP-37440",0.3625828750245056,0.6748306416434361,0.6868649628238386,1.635578246409319
split_cell_heldout,ridge_cell_drug_fp,"T cells, GSK256066",0.41088195662651544,0.7530507921147057,0.6462027160648479,1.728047784443571
split_cell_heldout,ridge_cell_drug_fp,"T cells, R428",0.4393060063184053,1.1161863679696074,0.7216854310657816,1.5863825133596334
split_cell_heldout,ridge_cell_drug_fp,"T cells, Oxybenzone",0.142495237042956,0.517024694491692,0.3613390775725324,1.533406154924833
split_cell_heldout,ridge_cell_drug_fp,"T cells, Vandetanib",0.1810393640876551,0.5860834835740064,0.43413102655400665,1.525516871815084
split_cell_heldout,ridge_cell_drug_fp,"T cells, Imatinib",0.16705795235879176,0.542995961441274,0.31320212365729017,1.5434312308179499
split_cell_heldout,ridge_cell_drug_fp,"T cells, SCH-58261",0.2008547163482392,0.5523358766248448,0.39415394541039267,1.5856488845165249
split_cell_heldout,ridge_cell_drug_fp,"T cells, Colforsin",0.2230082392442007,0.5816179608769021,0.4931905142973716,1.4928133779628179
split_cell_heldout,ridge_cell_drug_fp,"T cells, Tivantinib",0.420481931427911,0.7071084787727151,0.6847161013024698,1.569910400579287
split_cell_heldout,ridge_cell_drug_fp,"T cells, Tosedostat",0.4307507805797214,0.7295890030620562,0.6913206424760762,1.619365319261735
split_cell_heldout,ridge_cell_drug_fp,"T cells, Colchicine",0.42509189214229004,1.0384719801894078,0.7212028458844393,1.7132455529515793
split_cell_heldout,ridge_cell_drug_fp,"T cells, ABT-199 (GDC-0199)",0.20835168182464595,0.6046806351306341,0.5245882096000918,1.6042122486227548
split_cell_heldout,ridge_cell_drug_fp,"T cells, Mometasone Furoate",0.6038970545862155,1.2060653204453573,0.7595460817742217,1.9235784474451374
split_cell_heldout,ridge_cell_drug_fp,"T cells, Tipifarnib",0.3999076410843117,0.6599300458695607,0.6758547823023455,1.570693573576478
split_cell_heldout,ridge_cell_drug_fp,"T cells, BX 912",0.432474997004496,0.7758610043886156,0.7240641167226914,1.7101929248683854
split_cell_heldout,ridge_cell_drug_fp,"T cells, Doxorubicin",0.5688876452357677,1.223001946107108,0.7758634543892555,1.7201104089649657
split_cell_heldout,ridge_cell_drug_fp,"T cells, PF-03814735",0.6088875982798693,0.9810984715342274,0.8092229051127686,1.5242651830975262
split_cell_heldout,ridge_cell_drug_fp,"T cells, AZD4547",0.20626212797963073,0.5630131684901483,0.34695015560773573,1.599944332603731
split_cell_heldout,ridge_cell_drug_fp,"T cells, Prednisolone",0.5752560490348817,1.188505853161864,0.7237127474815712,2.046500945752868
split_cell_heldout,ridge_cell_drug_fp,"T cells, Tacalcitol",0.3525044324152693,0.8403037757831557,0.6923123158304604,1.4317454682406079
split_cell_heldout,ridge_cell_drug_fp,"T cells, Selumetinib",0.38274977462636306,0.706518043120745,0.7049701985285453,1.5298283105338955
split_cell_heldout,ridge_cell_drug_fp,"T cells, Clotrimazole",0.2322254658237733,0.5576147550427686,0.5105964190861202,1.592475905221215
split_cell_heldout,ridge_cell_drug_fp,"T cells, RG7090",0.3385862811936485,0.753490228329256,0.6236308915270481,1.7263634036849866
split_cell_heldout,ridge_cell_drug_fp,"T cells, GLPG0634",0.49422272932525113,0.7207226636281008,0.7716984905730114,1.4872797682184487
split_cell_heldout,ridge_cell_drug_fp,"T cells, Mubritinib (TAK 165)",0.4698811336268297,1.0354150233328572,0.6631484239730498,2.0054112046099286
split_cell_heldout,ridge_cell_drug_fp,"T cells, Vanoxerine",0.22055628061910915,0.6075677412284269,0.5047603800617263,1.6167456320795914
split_cell_heldout,ridge_cell_drug_fp,"T cells, SB525334",0.4816966019004221,0.8499747475611206,0.7147400258261601,1.7548328291402697
split_cell_heldout,ridge_cell_drug_fp,"T cells, HYDROXYUREA",0.1514980588062264,0.5508687374371142,0.2752492494611691,1.649910389039257
split_scaffold_heldout,ridge_cell,"B cells, MK-5108",0.2662968841920094,0.5778450259190112,0.523683096549148,1.601257470250298
split_scaffold_heldout,ridge_cell,"Myeloid cells, MK-5108",0.19210439117352707,0.6180165465324184,0.3538909981600822,1.681983749950147
split_scaffold_heldout,ridge_cell,"NK cells, MK-5108",0.20368396951962692,0.6460344239452147,0.4142168711371981,1.7972244305087568
split_scaffold_heldout,ridge_cell,"T cells, MK-5108",0.1584316169960635,0.561998211679708,0.2703715540467941,1.6475026453963
split_scaffold_heldout,ridge_cell,"NK cells, Atorvastatin",0.2760981691366513,0.6191621666265721,0.4567808026013042,1.6798630247396378
split_scaffold_heldout,ridge_cell,"T cells, Atorvastatin",0.28365440703208544,0.5403342009148434,0.4803605339357955,1.5652981293135955
split_scaffold_heldout,ridge_cell,"B cells, Ganetespib (STA-9090)",0.5330071245759423,1.568484085964081,0.6640329019387791,2.612870334518032
split_scaffold_heldout,ridge_cell,"Myeloid cells, Ganetespib (STA-9090)",0.5233660901856148,1.3834762607177742,0.6802127928769546,2.4060302466118713
split_scaffold_heldout,ridge_cell,"NK cells, Ganetespib (STA-9090)",0.46030316016154443,1.0646927743392685,0.6900934886524879,2.237418450812057
split_scaffold_heldout,ridge_cell,"T cells, Ganetespib (STA-9090)",0.5401505247407594,2.0664579572988866,0.6174073997439804,2.9321182680488245
split_scaffold_heldout,ridge_cell,"B cells, I-BET151",0.4238741933921144,1.2374196405224434,0.5702195918015287,2.3519475730206287
split_scaffold_heldout,ridge_cell,"Myeloid cells, I-BET151",0.4084037988677505,1.6834034671537457,0.5461434114518651,2.7201193255463965
split_scaffold_heldout,ridge_cell,"NK cells, I-BET151",0.24956935625855575,0.9968193525744248,0.39046141299417597,2.2466581228015468
split_scaffold_heldout,ridge_cell,"T cells, I-BET151",0.45410302191722207,1.867661148676506,0.5504766328564924,2.8215045619886934
split_scaffold_heldout,ridge_cell,"B cells, GW843682X",0.2621839766375655,0.617780343411079,0.48162046554179894,1.777680789293417
split_scaffold_heldout,ridge_cell,"Myeloid cells, GW843682X",0.28465864628054327,0.7163922520373988,0.48520990364049676,1.8797066992378073
split_scaffold_heldout,ridge_cell,"NK cells, GW843682X",0.2659559403210375,0.6172284698131845,0.5169577050435298,1.7587767416496458
split_scaffold_heldout,ridge_cell,"T cells, GW843682X",0.25204849861475215,0.5846335391262827,0.39263222214343024,1.885155535016489
split_scaffold_heldout,ridge_cell,"NK cells, BMS-387032",0.2899191511086841,0.7974752043063265,0.5129269263607329,1.9636440586643602
split_scaffold_heldout,ridge_cell,"T cells, BMS-387032",0.3473643514155874,1.2292588845372059,0.5131951660860926,2.3893884891932307
split_scaffold_heldout,ridge_cell,"B cells, BAY 87-2243",0.6181575451071818,0.8637557558290538,0.8013488306738217,1.9320209301891005
split_scaffold_heldout,ridge_cell,"Myeloid cells, BAY 87-2243",0.48099887549336856,1.3270351807552112,0.6183465418076907,2.3916399194566687
split_scaffold_heldout,ridge_cell,"NK cells, BAY 87-2243",0.2973733120307118,0.9096139777210664,0.4598143688601837,2.1953328388803697
split_scaffold_heldout,ridge_cell,"T cells, BAY 87-2243",0.5301807833013182,1.186368018791691,0.6778859248442851,2.253580965529798
split_scaffold_heldout,ridge_cell,"B cells, Palbociclib",0.35385845203464716,0.6142706599617924,0.6074468500471348,1.616029886179064
split_scaffold_heldout,ridge_cell,"Myeloid cells, Palbociclib",0.49245832227400116,0.6778688179748897,0.7627418134900781,1.6578038267543003
split_scaffold_heldout,ridge_cell,"NK cells, Palbociclib",0.2761509016833967,0.6099364428985776,0.4552517432350905,1.7017567111883922
split_scaffold_heldout,ridge_cell,"T cells, Palbociclib",0.388503423450745,0.5017900897938787,0.6913154509621957,1.4553099317966702
split_scaffold_heldout,ridge_cell,"NK cells, BAY 61-3606",0.41388860483987083,0.9851656472366631,0.6452558983902259,2.1314828570099507
split_scaffold_heldout,ridge_cell,"T cells, BAY 61-3606",0.42881953191286776,1.778243154194736,0.5371129106745185,2.763547442927589
split_scaffold_heldout,ridge_cell,"NK cells, RVX-208",0.19115140850633938,0.6808934877974354,0.28875038191015856,1.8573144937545536
split_scaffold_heldout,ridge_cell,"T cells, RVX-208",0.3876489468016567,0.7928229971370406,0.556020012835932,1.9191715050241058
split_scaffold_heldout,ridge_cell,"NK cells, Desloratadine",0.15894971130303895,0.634938624763961,0.33862887368600253,1.751958226809007
split_scaffold_heldout,ridge_cell,"T cells, Desloratadine",0.242720910159295,0.5299018078334484,0.47953993062482236,1.4728415385648757
split_scaffold_heldout,ridge_cell,"NK cells, BMS-536924",0.41805608322570115,0.6918385038998424,0.6648005094248657,1.748836925972106
split_scaffold_heldout,ridge_cell,"T cells, BMS-536924",0.7266112938580089,0.9687082773871672,0.878562848574005,2.030293659053567
split_scaffold_heldout,ridge_cell,"NK cells, Alogliptin",0.11547549138871442,0.6175616544955255,0.17715668096164533,1.801387275735536
split_scaffold_heldout,ridge_cell,"T cells, Alogliptin",0.09314568778989737,0.5882036004739306,0.12423894013776567,1.6832314041040413
split_scaffold_heldout,ridge_cell,"B cells, CHIR-99021",-0.1622718857143223,0.8759436983747458,-0.33217784261923905,2.169986882068125
split_scaffold_heldout,ridge_cell,"Myeloid cells, CHIR-99021",-0.03733444001147639,1.2691792869407792,-0.05693014818213691,2.4919721975335345
split_scaffold_heldout,ridge_cell,"NK cells, CHIR-99021",0.079492662899532,0.7340199468181,0.1561631427309537,1.9168312305585076
split_scaffold_heldout,ridge_cell,"T cells, CHIR-99021",-0.033227240543668574,1.483885260808513,-0.03674971255522973,2.7753869035162637
split_scaffold_heldout,ridge_cell,"NK cells, Resminostat",0.2350990372134678,1.3182425999889624,0.37896726197136593,2.5062055154537943
split_scaffold_heldout,ridge_cell,"T cells, Resminostat",0.455505437502628,2.111286293458509,0.5434035419601685,2.9766499518835583
split_scaffold_heldout,ridge_cell,"NK cells, RG7112",0.29044337959985284,0.6340126201198042,0.48570171575361704,1.8753518662409978
split_scaffold_heldout,ridge_cell,"T cells, RG7112",0.27803990274679974,0.6176746419979169,0.37030724810080407,2.1865736030680987
split_scaffold_heldout,ridge_cell,"NK cells, Lamivudine",0.2787000587451683,0.6299751316797443,0.4774098709380268,1.8206728565859829
split_scaffold_heldout,ridge_cell,"T cells, Lamivudine",0.28231319328452475,0.5141557190180003,0.5020334282515244,1.517118235749562
split_scaffold_heldout,ridge_cell,"B cells, TGX 221",0.6906003868797741,0.7304386831779572,0.8686821600068102,1.700478304015418
split_scaffold_heldout,ridge_cell,"Myeloid cells, TGX 221",0.6214557057605576,0.8301298501709566,0.8317524914598576,1.8462083570993775
split_scaffold_heldout,ridge_cell,"NK cells, TGX 221",0.3806246952712658,0.6917534402129903,0.580757065252764,1.7811713245387502
split_scaffold_heldout,ridge_cell,"T cells, TGX 221",0.680581357283362,0.6168706269817552,0.8678765542451847,1.5111673081494024
split_scaffold_heldout,ridge_cell,"NK cells, Ceritinib",0.3934042201212013,0.6477918465937813,0.6143215780407092,1.739938813171335
split_scaffold_heldout,ridge_cell,"T cells, Ceritinib",0.5317690190347539,0.5251572342812257,0.7270138166072468,1.4361399234292236
split_scaffold_heldout,ridge_cell,"NK cells, CGM-097",0.10592663648707716,0.8270141362674334,0.2546490471522273,2.0474904556143314
split_scaffold_heldout,ridge_cell,"T cells, CGM-097",0.014626224220244633,1.3726037262411788,0.010907454934953991,2.6630313502695775
split_scaffold_heldout,ridge_cell,"B cells, R428",0.5760633081151196,0.8942484614697704,0.7658311844810194,1.984978362485367
split_scaffold_heldout,ridge_cell,"Myeloid cells, R428",0.3478714085650224,1.9790603345627005,0.4486284291815946,2.93631294069926
split_scaffold_heldout,ridge_cell,"T cells, R428",0.5964347819241316,0.8470406197169319,0.7826911550886516,1.926843862699689
split_scaffold_heldout,ridge_cell,"NK cells, Imatinib",0.247662249897099,0.6441625116661093,0.4666509769623151,1.770405592891312
split_scaffold_heldout,ridge_cell,"T cells, Imatinib",0.28346966172754395,0.5045548426635398,0.43921308911003354,1.4369160313407314
split_scaffold_heldout,ridge_cell,"NK cells, Colforsin",0.1550219433956218,0.6405385047791348,0.24881405059751294,1.7920553298173632
split_scaffold_heldout,ridge_cell,"T cells, Colforsin",0.33608887317315145,0.5300227437364314,0.5137257325010177,1.43004385793244
split_scaffold_heldout,ridge_cell,"NK cells, Tipifarnib",0.3229668759984251,0.6642913320874245,0.5676904734206594,1.7956658895454733
split_scaffold_heldout,ridge_cell,"T cells, Tipifarnib",0.4298926193121216,0.6249293617794885,0.7141911172886135,1.6493462501322076
split_scaffold_heldout,ridge_cell,"NK cells, Doxorubicin",0.330136970189321,0.8187554928934808,0.5446705337920867,2.0438973022818674
split_scaffold_heldout,ridge_cell,"T cells, Doxorubicin",0.40251350579670264,1.3115017247815235,0.5608152635587961,2.4400707638528716
split_scaffold_heldout,ridge_cell,"NK cells, Tacalcitol",0.30095932219990207,0.657373195994626,0.5094119736162843,1.7697262998162913
split_scaffold_heldout,ridge_cell,"T cells, Tacalcitol",0.4751482676585862,0.5986079112550412,0.770913072538023,1.5526944693526312
split_scaffold_heldout,ridge_cell,"B cells, Atorvastatin",0.2619741241107049,0.5980711640097334,0.5172667556139812,1.5922374037884088
split_scaffold_heldout,ridge_cell,"Myeloid cells, Atorvastatin",0.011491055901280507,0.7888579542659702,0.0035515342046533757,2.1399380988513057
split_scaffold_heldout,ridge_cell,"B cells, BAY 61-3606",0.4644552646549607,1.1528051702220024,0.6440555688161194,2.2508291466145214
split_scaffold_heldout,ridge_cell,"Myeloid cells, BAY 61-3606",0.5001135120020116,1.8028223288675682,0.6401665969759482,2.7615554221043768
split_scaffold_heldout,ridge_cell,"B cells, RVX-208",0.3777607842178536,0.7080576200715077,0.5854420147720621,1.7627259758007252
split_scaffold_heldout,ridge_cell,"Myeloid cells, RVX-208",0.21707602578482624,0.9009069890099393,0.3776999863285588,2.056697960343239
split_scaffold_heldout,ridge_cell,"B cells, Desloratadine",0.184679730017516,0.5930653763472249,0.2806031496269353,1.6259048315192628
split_scaffold_heldout,ridge_cell,"Myeloid cells, Desloratadine",0.03991563888749608,0.6931642244563023,0.08461736638319799,1.7869046968851738
split_scaffold_heldout,ridge_cell,"B cells, BMS-536924",0.7211993816434857,0.9194746534894438,0.8706703910871507,1.9301984366181595
split_scaffold_heldout,ridge_cell,"Myeloid cells, BMS-536924",0.6177845756199654,0.9380998471592488,0.8100867620592106,1.9275662404962055
split_scaffold_heldout,ridge_cell,"B cells, Alogliptin",0.09425604460288614,0.6351372645156451,0.1435033567282033,1.8049120029349102
split_scaffold_heldout,ridge_cell,"Myeloid cells, Alogliptin",0.04811052404852069,0.6463461907401569,0.14548675041593884,1.7183987940073202
split_scaffold_heldout,ridge_cell,"B cells, Resminostat",0.3900073132441076,1.6306407873145259,0.5163269381605474,2.661053296748976
split_scaffold_heldout,ridge_cell,"Myeloid cells, Resminostat",0.4650960611739181,1.8568011360750853,0.5841524150943674,2.764386484286963
split_scaffold_heldout,ridge_cell,"B cells, RG7112",0.1341220077247754,0.6134243258421082,0.322605844733114,1.9544639817061096
split_scaffold_heldout,ridge_cell,"Myeloid cells, RG7112",0.352638769420763,0.7348755442655489,0.5433616221072398,2.035062994254776
split_scaffold_heldout,ridge_cell,"B cells, Lamivudine",0.3707083027405801,0.5865464886557983,0.6541840734617788,1.562420981658192
split_scaffold_heldout,ridge_cell,"Myeloid cells, Lamivudine",0.22346497660864115,0.7050598799381466,0.4859404221770949,1.7312137485302597
split_scaffold_heldout,ridge_cell,"B cells, Ceritinib",0.42806293239058163,0.5551772577505545,0.6838362393937313,1.4877205475340187
split_scaffold_heldout,ridge_cell,"Myeloid cells, Ceritinib",0.5104654799104275,0.8498301968920634,0.764282502977101,1.949016402748572
split_scaffold_heldout,ridge_cell,"B cells, CGM-097",-0.12875196432615482,1.1444252227269043,-0.21555129429052186,2.4694903868811
split_scaffold_heldout,ridge_cell,"Myeloid cells, CGM-097",0.03409121292236616,1.2699000766785336,0.10198115489320617,2.4799211662182934
split_scaffold_heldout,ridge_cell,"B cells, Imatinib",0.17365876073431127,0.5768351314655228,0.42061395112704675,1.6656500471898419
split_scaffold_heldout,ridge_cell,"Myeloid cells, Imatinib",0.17247883906575687,0.5671560953930915,0.4988681216770987,1.5266492869956367
split_scaffold_heldout,ridge_cell,"B cells, Colforsin",0.27931238494133775,0.5728387029325146,0.41550167849187886,1.603721233734881
split_scaffold_heldout,ridge_cell,"Myeloid cells, Colforsin",0.2230165505599757,0.6781966420430617,0.4847810549740681,1.8059039628696258
split_scaffold_heldout,ridge_cell,"B cells, Tipifarnib",0.4469408859480665,0.5966314249132808,0.6591341642989773,1.5848318020260472
split_scaffold_heldout,ridge_cell,"Myeloid cells, Tipifarnib",0.46322025075856027,0.7470402923210235,0.7489824313321689,1.7372686862173887
split_scaffold_heldout,ridge_cell,"B cells, Doxorubicin",0.011454759154819269,1.7893560304010563,0.03580792638346185,2.9017524082505814
split_scaffold_heldout,ridge_cell,"Myeloid cells, Doxorubicin",0.17873882064836286,2.3253066002080502,0.22867293467423364,3.1580198374341295
split_scaffold_heldout,ridge_cell,"B cells, Tacalcitol",0.4404274587386801,0.6245573248417347,0.6744531621908719,1.575723005566518
split_scaffold_heldout,ridge_cell,"Myeloid cells, Tacalcitol",0.04843791134388332,2.250441715503329,0.07315600018621148,3.1969114552866937
split_scaffold_heldout,ridge_drug_fp,"B cells, MK-5108",0.06722809319122143,0.631488326788499,0.2316022384457767,1.7092667537369046
split_scaffold_heldout,ridge_drug_fp,"Myeloid cells, MK-5108",0.043614004710034085,0.6418253696468703,0.08329640671794449,1.7880458704237998
split_scaffold_heldout,ridge_drug_fp,"NK cells, MK-5108",0.09105529219235413,0.6976327618444826,0.22126289194608637,1.8444030189736242
split_scaffold_heldout,ridge_drug_fp,"T cells, MK-5108",0.10973876276028874,0.5758675387015111,0.19234693684311785,1.6775103378562963
split_scaffold_heldout,ridge_drug_fp,"NK cells, Atorvastatin",0.05950536334852366,0.7827422890253039,0.12408899544275889,1.7829604856666235
split_scaffold_heldout,ridge_drug_fp,"T cells, Atorvastatin",0.05520591418543298,0.707015674336538,0.166554509145703,1.7245648819796462
split_scaffold_heldout,ridge_drug_fp,"B cells, Ganetespib (STA-9090)",0.5995678591679576,1.4940570278080307,0.7327851466093741,2.473254384568647
split_scaffold_heldout,ridge_drug_fp,"Myeloid cells, Ganetespib (STA-9090)",0.5129282837417009,1.3646294643516705,0.676864663017255,2.3470326798730157
split_scaffold_heldout,ridge_drug_fp,"NK cells, Ganetespib (STA-9090)",0.5378280366304615,0.9805303394433285,0.7458898658220019,1.984339751044377
split_scaffold_heldout,ridge_drug_fp,"T cells, Ganetespib (STA-9090)",0.6747497323393902,1.9473904600035732,0.7522245582937712,2.7559379193320264
split_scaffold_heldout,ridge_drug_fp,"B cells, I-BET151",0.34086025072053405,1.2585603981281595,0.49757244363211517,2.3453692963268713
split_scaffold_heldout,ridge_drug_fp,"Myeloid cells, I-BET151",0.3708827198437982,1.681946249740075,0.5090774876110755,2.6943100837218332
split_scaffold_heldout,ridge_drug_fp,"NK cells, I-BET151",0.16542876041628432,1.0538114358275361,0.2869768257050841,2.2390547629805058
split_scaffold_heldout,ridge_drug_fp,"T cells, I-BET151",0.3523665112103644,1.8759789402454239,0.45562826712964133,2.8127445750094693
split_scaffold_heldout,ridge_drug_fp,"B cells, GW843682X",0.20556483146786905,0.6281063382141148,0.41252946762950854,1.8271253712380624
split_scaffold_heldout,ridge_drug_fp,"Myeloid cells, GW843682X",0.11563606040302328,0.754741481684849,0.2640517941200311,2.0262128180419188
split_scaffold_heldout,ridge_drug_fp,"NK cells, GW843682X",0.1016247141113096,0.6750624609954834,0.2586778912842108,1.8226476996823342
split_scaffold_heldout,ridge_drug_fp,"T cells, GW843682X",0.22661075681083065,0.5881811161658533,0.45105675584284854,1.8992983094039455
split_scaffold_heldout,ridge_drug_fp,"NK cells, BMS-387032",0.1026455695385166,0.9254160530015733,0.16657195914777848,2.0705627706428906
split_scaffold_heldout,ridge_drug_fp,"T cells, BMS-387032",0.26461630882071246,1.264305285100547,0.40765946369798745,2.3834143503420826
split_scaffold_heldout,ridge_drug_fp,"B cells, BAY 87-2243",0.23790756966739154,0.9970622497319672,0.4739908879877715,2.1988746877395924
split_scaffold_heldout,ridge_drug_fp,"Myeloid cells, BAY 87-2243",0.09705858862746254,1.4647986635563655,0.13058606400823608,2.637446334604906
split_scaffold_heldout,ridge_drug_fp,"NK cells, BAY 87-2243",0.11362745702945827,0.9664306059480633,0.2152239532476063,2.2758055512422306
split_scaffold_heldout,ridge_drug_fp,"T cells, BAY 87-2243",0.17442735664184839,1.3026283175451145,0.28891237009406756,2.4580334504550856
split_scaffold_heldout,ridge_drug_fp,"B cells, Palbociclib",0.18034976298967748,0.7334676871158595,0.39402526496318707,1.7502803095065635
split_scaffold_heldout,ridge_drug_fp,"Myeloid cells, Palbociclib",0.2706184342505209,0.7954920113267189,0.5426937169226496,1.825287528755837
split_scaffold_heldout,ridge_drug_fp,"NK cells, Palbociclib",0.16104788653042001,0.7287762879044234,0.28111328316994877,1.7424223002095718
split_scaffold_heldout,ridge_drug_fp,"T cells, Palbociclib",0.2729067710649473,0.6089032051393877,0.5895694821465411,1.494591648361929
split_scaffold_heldout,ridge_drug_fp,"NK cells, BAY 61-3606",0.20166202435311817,1.0449033313892844,0.3815934316212257,2.1704187013569314
split_scaffold_heldout,ridge_drug_fp,"T cells, BAY 61-3606",0.2491047335824354,1.8306906021744518,0.3380597923798499,2.831070860463823
split_scaffold_heldout,ridge_drug_fp,"NK cells, RVX-208",0.1001629599558279,0.7315117283240645,0.13019070701146263,1.9001733210512166
split_scaffold_heldout,ridge_drug_fp,"T cells, RVX-208",0.1958694815635404,0.8570973814266117,0.30242102679677646,2.0265491090389895
split_scaffold_heldout,ridge_drug_fp,"NK cells, Desloratadine",-0.00881001843483211,0.709521446420965,-0.09732037657974166,1.8644919245874976
split_scaffold_heldout,ridge_drug_fp,"T cells, Desloratadine",0.049144909509987664,0.5884908484119302,0.11661368159795703,1.6565698446184598
split_scaffold_heldout,ridge_drug_fp,"NK cells, BMS-536924",0.14276026402573033,0.7930209634571632,0.3623025692507801,1.8238457492935365
split_scaffold_heldout,ridge_drug_fp,"T cells, BMS-536924",0.3685750669789057,1.0867736696165333,0.5610673393380484,2.2247580186206335
split_scaffold_heldout,ridge_drug_fp,"NK cells, Alogliptin",0.027808767082108672,0.6799969467962419,0.0038137694902386477,1.8463899566220727
split_scaffold_heldout,ridge_drug_fp,"T cells, Alogliptin",0.08097590045448654,0.5998877604170095,0.17700936589488572,1.661395289436159
split_scaffold_heldout,ridge_drug_fp,"B cells, CHIR-99021",-0.17389032168823865,0.9827878743184308,-0.34880644426141183,2.280611555888962
split_scaffold_heldout,ridge_drug_fp,"Myeloid cells, CHIR-99021",0.02446596942358847,1.2921811076262586,0.05710389195626781,2.4628969163881345
split_scaffold_heldout,ridge_drug_fp,"NK cells, CHIR-99021",-0.04751294004102859,0.8951959926498874,-0.09161602993902873,2.058343925154396
split_scaffold_heldout,ridge_drug_fp,"T cells, CHIR-99021",-0.23136895448636874,1.6303019165342534,-0.3711505781507913,3.002153132729099
split_scaffold_heldout,ridge_drug_fp,"NK cells, Resminostat",0.3606614903935266,1.2633564650747175,0.5556773662606339,2.349059269507735
split_scaffold_heldout,ridge_drug_fp,"T cells, Resminostat",0.46134564513749204,2.0731754513374723,0.5677451172938112,2.9143159042256377
split_scaffold_heldout,ridge_drug_fp,"NK cells, RG7112",0.12269139061560803,0.7602169373711207,0.22670855832649292,1.9012449607363633
split_scaffold_heldout,ridge_drug_fp,"T cells, RG7112",0.16763063711773576,0.7170493581820924,0.25672831665023244,2.189359057960006
split_scaffold_heldout,ridge_drug_fp,"NK cells, Lamivudine",0.15007551834566935,0.6687365975826246,0.21804396431492531,1.8757079824500722
split_scaffold_heldout,ridge_drug_fp,"T cells, Lamivudine",0.21789591222727864,0.5188288836305615,0.354509537211095,1.572967917424042
split_scaffold_heldout,ridge_drug_fp,"B cells, TGX 221",0.5084099212766623,0.7861026279816186,0.7393832178947644,1.7363169833887653
split_scaffold_heldout,ridge_drug_fp,"Myeloid cells, TGX 221",0.3449763639049419,0.9485207644215318,0.5883528807757593,2.036353866148323
split_scaffold_heldout,ridge_drug_fp,"NK cells, TGX 221",0.2791544517271777,0.755545534426027,0.4749460413721504,1.731283967462931
split_scaffold_heldout,ridge_drug_fp,"T cells, TGX 221",0.5759712226325832,0.6397132975762738,0.8240377099331444,1.4393295722965245
split_scaffold_heldout,ridge_drug_fp,"NK cells, Ceritinib",0.2598262234678553,0.7135237492795745,0.4451902347538053,1.7372053852526343
split_scaffold_heldout,ridge_drug_fp,"T cells, Ceritinib",0.3418973570142399,0.614301890228482,0.6009457412624012,1.5453034000223185
split_scaffold_heldout,ridge_drug_fp,"NK cells, CGM-097",-0.0020535795936596304,0.9552949926934193,0.05709717662109591,2.118890255899865
split_scaffold_heldout,ridge_drug_fp,"T cells, CGM-097",-0.02339701669424553,1.4376229520105894,-0.007585000642087908,2.692857287433038
split_scaffold_heldout,ridge_drug_fp,"B cells, R428",0.3853691358315101,0.9595056235750815,0.6343540666550995,2.089980149569618
split_scaffold_heldout,ridge_drug_fp,"Myeloid cells, R428",0.24580904219747493,2.0153270416049907,0.34107745782641136,2.983821682837349
split_scaffold_heldout,ridge_drug_fp,"T cells, R428",0.4131594480049815,0.9059393777150364,0.6503763956370486,2.0187353017172116
split_scaffold_heldout,ridge_drug_fp,"NK cells, Imatinib",0.10861872411621795,0.8051313334579077,0.20790202313727882,1.8176071474986155
split_scaffold_heldout,ridge_drug_fp,"T cells, Imatinib",0.23277021454185354,0.639291336199018,0.42588696306042934,1.4155307718387273
split_scaffold_heldout,ridge_drug_fp,"NK cells, Colforsin",-0.0099095063438359,0.7654578034324097,-0.08290309168266152,1.9041977811003652
split_scaffold_heldout,ridge_drug_fp,"T cells, Colforsin",0.08763134476839411,0.6577081973784459,0.11840825451335975,1.6310212546533573
split_scaffold_heldout,ridge_drug_fp,"NK cells, Tipifarnib",0.18733727906840186,0.7438405627266715,0.3467048252127653,1.8003421818676995
split_scaffold_heldout,ridge_drug_fp,"T cells, Tipifarnib",0.25534230811440556,0.7098246041293126,0.5259596566061957,1.716467006854162
split_scaffold_heldout,ridge_drug_fp,"NK cells, Doxorubicin",0.1439295757802775,0.907776988871308,0.28213173800267694,2.1007434439340176
split_scaffold_heldout,ridge_drug_fp,"T cells, Doxorubicin",0.2490887751099374,1.3625951041152364,0.40446382097310807,2.486111408303413
split_scaffold_heldout,ridge_drug_fp,"NK cells, Tacalcitol",0.13019370231814406,0.7454147474806837,0.17304634976116862,1.8521566160668346
split_scaffold_heldout,ridge_drug_fp,"T cells, Tacalcitol",0.154526961976604,0.7283978715318744,0.3802127284793445,1.8023893215752647
split_scaffold_heldout,ridge_drug_fp,"B cells, Atorvastatin",0.11958135781931017,0.7224776547285562,0.3693709474374479,1.6514774081661001
split_scaffold_heldout,ridge_drug_fp,"Myeloid cells, Atorvastatin",0.08948405992365857,0.8218756824689868,0.16375039944482037,2.054631611044843
split_scaffold_heldout,ridge_drug_fp,"B cells, BAY 61-3606",0.3583480964580975,1.1839678149672452,0.5419231625797745,2.288979903247494
split_scaffold_heldout,ridge_drug_fp,"Myeloid cells, BAY 61-3606",0.4400231964257013,1.818981152037511,0.5851202376580381,2.783602916818545
split_scaffold_heldout,ridge_drug_fp,"B cells, RVX-208",0.2048262285698662,0.7664456207100221,0.37339665022745533,1.876201460253803
split_scaffold_heldout,ridge_drug_fp,"Myeloid cells, RVX-208",0.1401502087027932,0.9204785531427538,0.25522995583298985,2.1170507839162234
split_scaffold_heldout,ridge_drug_fp,"B cells, Desloratadine",-0.01464135395154019,0.6478786546701351,-0.13258287803455557,1.7582736665299707
split_scaffold_heldout,ridge_drug_fp,"Myeloid cells, Desloratadine",0.02132050819116684,0.6784646986438324,0.11184862359234012,1.758994757569309
split_scaffold_heldout,ridge_drug_fp,"B cells, BMS-536924",0.26838984687583034,1.0838606792281078,0.43359709829638277,2.2247139725401333
split_scaffold_heldout,ridge_drug_fp,"Myeloid cells, BMS-536924",0.12565705387397896,1.1331750118496409,0.2099946112203566,2.292585292715278
split_scaffold_heldout,ridge_drug_fp,"B cells, Alogliptin",0.1259109753937976,0.6284586814963475,0.2544017475428734,1.7720317442593574
split_scaffold_heldout,ridge_drug_fp,"Myeloid cells, Alogliptin",0.15633316621551555,0.5991581862777389,0.38016338373552927,1.6283874358529884
split_scaffold_heldout,ridge_drug_fp,"B cells, Resminostat",0.4174689344659349,1.6011231454002282,0.5892530609408129,2.591997927710512
split_scaffold_heldout,ridge_drug_fp,"Myeloid cells, Resminostat",0.3992663318811896,1.868514507104936,0.5288866168683428,2.770359699054307
split_scaffold_heldout,ridge_drug_fp,"B cells, RG7112",0.044158881808403695,0.7189879761723503,0.17024481833859595,1.9866369949915843
split_scaffold_heldout,ridge_drug_fp,"Myeloid cells, RG7112",0.1451792655318983,0.8449247426225104,0.28884295300340157,2.1840108506945763
split_scaffold_heldout,ridge_drug_fp,"B cells, Lamivudine",0.2944469124001518,0.6017179886511284,0.5264312897853138,1.6830493844692307
split_scaffold_heldout,ridge_drug_fp,"Myeloid cells, Lamivudine",0.2575181462317907,0.6751294849783503,0.5615252049944581,1.7554289138078774
split_scaffold_heldout,ridge_drug_fp,"B cells, Ceritinib",0.2798603611117638,0.6322083408178981,0.5616475078579957,1.564977481597445
split_scaffold_heldout,ridge_drug_fp,"Myeloid cells, Ceritinib",0.2401870608887386,0.9621559521129276,0.46940093892558604,2.16398520308366
split_scaffold_heldout,ridge_drug_fp,"B cells, CGM-097",-0.08860987378917828,1.2025262227106068,-0.1469136164806783,2.4820287839098385
split_scaffold_heldout,ridge_drug_fp,"Myeloid cells, CGM-097",-0.038894909497009654,1.3398212829033533,-0.011007257118382737,2.5319768316671296
split_scaffold_heldout,ridge_drug_fp,"B cells, Imatinib",0.10786014429766504,0.716758669683885,0.08291496181305184,1.7885534547161017
split_scaffold_heldout,ridge_drug_fp,"Myeloid cells, Imatinib",0.2144930386624612,0.6523866601945713,0.5143402916647891,1.4680317825778413
split_scaffold_heldout,ridge_drug_fp,"B cells, Colforsin",0.1314603875378127,0.662190342182918,0.1485393747542658,1.7094535756504616
split_scaffold_heldout,ridge_drug_fp,"Myeloid cells, Colforsin",-0.01719002827556626,0.7871754761251714,-0.040534605242426726,2.0427548197551024
split_scaffold_heldout,ridge_drug_fp,"B cells, Tipifarnib",0.1749855805476745,0.720126651602979,0.3058026058835701,1.7788470922194688
split_scaffold_heldout,ridge_drug_fp,"Myeloid cells, Tipifarnib",0.19559600207016692,0.862634391719368,0.3690444169876609,1.9465145017769772
split_scaffold_heldout,ridge_drug_fp,"B cells, Doxorubicin",0.2297157089198363,1.7177744610797994,0.3364047865424368,2.771021974973083
split_scaffold_heldout,ridge_drug_fp,"Myeloid cells, Doxorubicin",0.158688825710155,2.3334006866597266,0.20726045295743986,3.1608863984232096
split_scaffold_heldout,ridge_drug_fp,"B cells, Tacalcitol",0.1718283157494796,0.7360000712703045,0.36763193942927125,1.7612748697530745
split_scaffold_heldout,ridge_drug_fp,"Myeloid cells, Tacalcitol",0.06324587345378171,2.2482573418359912,0.08805898850954014,3.19065878245434
split_scaffold_heldout,ridge_cell_drug_fp,"B cells, MK-5108",0.14498078901610859,0.6299469492655391,0.380882064218742,1.6500395391103577
split_scaffold_heldout,ridge_cell_drug_fp,"Myeloid cells, MK-5108",0.10607425886242236,0.6806645856555225,0.2209972870922555,1.7448769774507622
split_scaffold_heldout,ridge_cell_drug_fp,"NK cells, MK-5108",0.1656062887886847,0.6814562853316345,0.3551752566310278,1.7940893172467487
split_scaffold_heldout,ridge_cell_drug_fp,"T cells, MK-5108",0.16513647150089955,0.5691960266878034,0.2909335228186714,1.6349406028187226
split_scaffold_heldout,ridge_cell_drug_fp,"NK cells, Atorvastatin",0.11074109539134852,0.7635408678289123,0.24529466060031827,1.7287915301017218
split_scaffold_heldout,ridge_cell_drug_fp,"T cells, Atorvastatin",0.10708214503857777,0.7238778100242402,0.2556067637614538,1.6839181865277781
split_scaffold_heldout,ridge_cell_drug_fp,"B cells, Ganetespib (STA-9090)",0.6525285466729923,1.441969676557424,0.7793469549755172,2.376013823179906
split_scaffold_heldout,ridge_cell_drug_fp,"Myeloid cells, Ganetespib (STA-9090)",0.598649465775144,1.3017087401717808,0.7556964523887688,2.2311468919226507
split_scaffold_heldout,ridge_cell_drug_fp,"NK cells, Ganetespib (STA-9090)",0.5573772348276539,0.9746287477463386,0.7734345694289565,1.9785115939710847
split_scaffold_heldout,ridge_cell_drug_fp,"T cells, Ganetespib (STA-9090)",0.713406209836682,1.8907376197685053,0.7830136688080148,2.673221953219303
split_scaffold_heldout,ridge_cell_drug_fp,"B cells, I-BET151",0.38889393490021007,1.2338779399240498,0.5562276121951875,2.2738547862386325
split_scaffold_heldout,ridge_cell_drug_fp,"Myeloid cells, I-BET151",0.43084221751709817,1.6387417388933643,0.5760755761617304,2.611019488402756
split_scaffold_heldout,ridge_cell_drug_fp,"NK cells, I-BET151",0.2011263830174494,1.0277649421728092,0.3425974142426094,2.2136907447428045
split_scaffold_heldout,ridge_cell_drug_fp,"T cells, I-BET151",0.4171656930881327,1.8337558093287856,0.5210839820367174,2.744030052356994
split_scaffold_heldout,ridge_cell_drug_fp,"B cells, GW843682X",0.2560759938217284,0.6292704935296002,0.47063397629701686,1.77188552000094
split_scaffold_heldout,ridge_cell_drug_fp,"Myeloid cells, GW843682X",0.2476030096084393,0.7411179156574509,0.4699620812563352,1.886634723014617
split_scaffold_heldout,ridge_cell_drug_fp,"NK cells, GW843682X",0.148127094483367,0.6672835665284631,0.33224511984356747,1.7917249081015167
split_scaffold_heldout,ridge_cell_drug_fp,"T cells, GW843682X",0.308374768587772,0.5735391404181577,0.5108518343330333,1.841270568867676
split_scaffold_heldout,ridge_cell_drug_fp,"NK cells, BMS-387032",0.13933281322057342,0.8852988984043543,0.2295561036477738,2.033143900730252
split_scaffold_heldout,ridge_cell_drug_fp,"T cells, BMS-387032",0.27649607209130245,1.2634806098685327,0.4190279048725829,2.3653938405451953
split_scaffold_heldout,ridge_cell_drug_fp,"B cells, BAY 87-2243",0.38530995321367423,0.9447352661714612,0.6464147522043757,2.0425741568079645
split_scaffold_heldout,ridge_cell_drug_fp,"Myeloid cells, BAY 87-2243",0.3047422241784947,1.3936208596985207,0.42291580744214174,2.4974980557795496
split_scaffold_heldout,ridge_cell_drug_fp,"NK cells, BAY 87-2243",0.04897931126918054,0.9910625128025602,0.08985737859994719,2.3392711253654337
split_scaffold_heldout,ridge_cell_drug_fp,"T cells, BAY 87-2243",0.3280962861579551,1.2500179229616073,0.4905723563830886,2.349573603863035
split_scaffold_heldout,ridge_cell_drug_fp,"B cells, Palbociclib",0.26615413645482633,0.7212848952304509,0.5070841159377771,1.6444287828245225
split_scaffold_heldout,ridge_cell_drug_fp,"Myeloid cells, Palbociclib",0.40385165037888865,0.7591162359246518,0.705940796932732,1.5985179660049236
split_scaffold_heldout,ridge_cell_drug_fp,"NK cells, Palbociclib",0.2318938603907401,0.6860151503945995,0.41226404423031493,1.6734645861734576
split_scaffold_heldout,ridge_cell_drug_fp,"T cells, Palbociclib",0.34329913662588446,0.5923993405178762,0.6461343803368381,1.4234592471392886
split_scaffold_heldout,ridge_cell_drug_fp,"NK cells, BAY 61-3606",0.25540708824657327,1.0204508560602674,0.4697448047397265,2.143277425921295
split_scaffold_heldout,ridge_cell_drug_fp,"T cells, BAY 61-3606",0.3319259243155162,1.7924446753183576,0.4337712688059929,2.7684145861630958
split_scaffold_heldout,ridge_cell_drug_fp,"NK cells, RVX-208",0.14549450543467074,0.7165966180323928,0.25250342078927596,1.859946264894927
split_scaffold_heldout,ridge_cell_drug_fp,"T cells, RVX-208",0.2835240902441415,0.8347721427564576,0.4268183703453567,1.9581115253436174
split_scaffold_heldout,ridge_cell_drug_fp,"NK cells, Desloratadine",0.05672145540692925,0.6915892533616158,0.1263932318489908,1.8001457795526559
split_scaffold_heldout,ridge_cell_drug_fp,"T cells, Desloratadine",0.16371142429441915,0.581310461007463,0.3985234246415871,1.5406598445921844
split_scaffold_heldout,ridge_cell_drug_fp,"NK cells, BMS-536924",0.16454961804168192,0.7844738883921872,0.42599512156420394,1.7955759963723292
split_scaffold_heldout,ridge_cell_drug_fp,"T cells, BMS-536924",0.4945502780731915,1.0244191619454168,0.7031564332090672,2.063117203915251
split_scaffold_heldout,ridge_cell_drug_fp,"NK cells, Alogliptin",0.12572198488427488,0.6450944044659858,0.2250574137552843,1.7771477993898803
split_scaffold_heldout,ridge_cell_drug_fp,"T cells, Alogliptin",0.16455020009787594,0.5944053304700211,0.31491937039509327,1.6096021577215593
split_scaffold_heldout,ridge_cell_drug_fp,"B cells, CHIR-99021",-0.17986510645729697,1.0162055163764168,-0.35656055081338,2.3421803318922785
split_scaffold_heldout,ridge_cell_drug_fp,"Myeloid cells, CHIR-99021",0.029101877747669615,1.325356667108828,0.05989192523317983,2.4847211546076426
split_scaffold_heldout,ridge_cell_drug_fp,"NK cells, CHIR-99021",0.004536489092125453,0.8500473194568446,0.02575157581893402,1.9907797836856276
split_scaffold_heldout,ridge_cell_drug_fp,"T cells, CHIR-99021",-0.13370205144464542,1.6037362259942138,-0.21914395826716582,2.935930007770969
split_scaffold_heldout,ridge_cell_drug_fp,"NK cells, Resminostat",0.34865799543662357,1.2699446557067062,0.5442626929921027,2.3689287011964852
split_scaffold_heldout,ridge_cell_drug_fp,"T cells, Resminostat",0.5264171859510081,2.025069622634571,0.6294152555985563,2.843004244736958
split_scaffold_heldout,ridge_cell_drug_fp,"NK cells, RG7112",0.14705273197506583,0.7375313038824566,0.2871427690206453,1.8725432875464334
split_scaffold_heldout,ridge_cell_drug_fp,"T cells, RG7112",0.1765400977298879,0.7442486209068895,0.2249607319282493,2.2021672027934254
split_scaffold_heldout,ridge_cell_drug_fp,"NK cells, Lamivudine",0.21144330221458377,0.653071630934274,0.38047125190350706,1.8293536955565428
split_scaffold_heldout,ridge_cell_drug_fp,"T cells, Lamivudine",0.2875331088805868,0.5153802064344667,0.5050247950336068,1.5131607765398014
split_scaffold_heldout,ridge_cell_drug_fp,"B cells, TGX 221",0.6138985239750422,0.7215112698633996,0.8227529457614654,1.538086235284535
split_scaffold_heldout,ridge_cell_drug_fp,"Myeloid cells, TGX 221",0.5174591444829234,0.8589851920456076,0.778903765871525,1.7961480847873426
split_scaffold_heldout,ridge_cell_drug_fp,"NK cells, TGX 221",0.30945585649682794,0.7297479183887818,0.5206962138130423,1.7133884229911895
split_scaffold_heldout,ridge_cell_drug_fp,"T cells, TGX 221",0.6229906202591561,0.6130735203893186,0.8418574932384962,1.3028060068995952
split_scaffold_heldout,ridge_cell_drug_fp,"NK cells, Ceritinib",0.29807975590607816,0.6917984434927913,0.5022091093430755,1.7074906340389395
split_scaffold_heldout,ridge_cell_drug_fp,"T cells, Ceritinib",0.4351152759134676,0.5819694383288092,0.6874011392511966,1.4347831930213781
split_scaffold_heldout,ridge_cell_drug_fp,"NK cells, CGM-097",0.040519086595286656,0.9249685885999022,0.14133127393419803,2.074958115408469
split_scaffold_heldout,ridge_cell_drug_fp,"T cells, CGM-097",0.019070366957254344,1.429440907535266,0.05042889862751361,2.6730516022426327
split_scaffold_heldout,ridge_cell_drug_fp,"B cells, R428",0.46750856196947455,0.9195257935778786,0.6982104036206417,1.9695648799396717
split_scaffold_heldout,ridge_cell_drug_fp,"Myeloid cells, R428",0.33430201181113467,1.9704481338740565,0.44358366052364734,2.9087896059843388
split_scaffold_heldout,ridge_cell_drug_fp,"T cells, R428",0.4972037073566394,0.8660719853623199,0.7304312635963012,1.9076256970789285
split_scaffold_heldout,ridge_cell_drug_fp,"NK cells, Imatinib",0.1482192296309145,0.7599385417589346,0.2954105981795758,1.779113934197978
split_scaffold_heldout,ridge_cell_drug_fp,"T cells, Imatinib",0.27903538889718177,0.6515194683605057,0.4460152637770001,1.385251269915677
split_scaffold_heldout,ridge_cell_drug_fp,"NK cells, Colforsin",0.020777940965680048,0.7450194584685969,0.005280226885506909,1.8663392032816692
split_scaffold_heldout,ridge_cell_drug_fp,"T cells, Colforsin",0.17922644088535306,0.6446446286302167,0.35659779838642947,1.50959408394544
split_scaffold_heldout,ridge_cell_drug_fp,"NK cells, Tipifarnib",0.20317988303545706,0.733672221558705,0.38297153832884495,1.7818363872627736
split_scaffold_heldout,ridge_cell_drug_fp,"T cells, Tipifarnib",0.29317949002974003,0.7071769132713792,0.5719641001533743,1.6636330422598042
split_scaffold_heldout,ridge_cell_drug_fp,"NK cells, Doxorubicin",0.1563120799985798,0.9039095955098548,0.303751491104084,2.089332946645643
split_scaffold_heldout,ridge_cell_drug_fp,"T cells, Doxorubicin",0.3105849041207289,1.3357662275561766,0.48413334231176497,2.4241827384553147
split_scaffold_heldout,ridge_cell_drug_fp,"NK cells, Tacalcitol",0.1537169430725902,0.7394069133250588,0.2389263887615269,1.824173064791083
split_scaffold_heldout,ridge_cell_drug_fp,"T cells, Tacalcitol",0.25789852887955783,0.707189818814638,0.576594709378743,1.671006494375632
split_scaffold_heldout,ridge_cell_drug_fp,"B cells, Atorvastatin",0.1824728198278844,0.7143147341666217,0.4696671712527191,1.576706419692361
split_scaffold_heldout,ridge_cell_drug_fp,"Myeloid cells, Atorvastatin",0.10096677199254421,0.8464177553605046,0.18019531046980533,2.0589099415686043
split_scaffold_heldout,ridge_cell_drug_fp,"B cells, BAY 61-3606",0.4246537898750069,1.1496163347121313,0.6083311030580847,2.208611224047896
split_scaffold_heldout,ridge_cell_drug_fp,"Myeloid cells, BAY 61-3606",0.5016489748772242,1.7606152397058137,0.646843504121157,2.6775643079014375
split_scaffold_heldout,ridge_cell_drug_fp,"B cells, RVX-208",0.2771717926165945,0.7562613880296336,0.498865571190101,1.790478215921284
split_scaffold_heldout,ridge_cell_drug_fp,"Myeloid cells, RVX-208",0.18076883382010983,0.9273579774304284,0.32723377568634815,2.074191952854759
split_scaffold_heldout,ridge_cell_drug_fp,"B cells, Desloratadine",0.06802419487432651,0.6516802588200936,0.05563385656582369,1.7021533478806385
split_scaffold_heldout,ridge_cell_drug_fp,"Myeloid cells, Desloratadine",0.004619517818849933,0.7330134295109898,0.06972925166400264,1.798524975479464
split_scaffold_heldout,ridge_cell_drug_fp,"B cells, BMS-536924",0.43302038523489794,1.0125062803525893,0.6412375656524095,2.0442117122397803
split_scaffold_heldout,ridge_cell_drug_fp,"Myeloid cells, BMS-536924",0.3464076806555085,1.0492709016686395,0.5363771384770342,2.0911351325002547
split_scaffold_heldout,ridge_cell_drug_fp,"B cells, Alogliptin",0.1348033378369981,0.6497804075674298,0.22338372526555464,1.7721768303464007
split_scaffold_heldout,ridge_cell_drug_fp,"Myeloid cells, Alogliptin",0.1456275490927114,0.6558220324184213,0.341001910189449,1.636270123141802
split_scaffold_heldout,ridge_cell_drug_fp,"B cells, Resminostat",0.48007546255388145,1.5589742792059944,0.6473187732825938,2.5158175185305858
split_scaffold_heldout,ridge_cell_drug_fp,"Myeloid cells, Resminostat",0.48159976917657665,1.8087878499447296,0.6109633526510124,2.673082942835496
split_scaffold_heldout,ridge_cell_drug_fp,"B cells, RG7112",0.08351453097285662,0.7375056886274868,0.2560487553505156,1.9360793887732433
split_scaffold_heldout,ridge_cell_drug_fp,"Myeloid cells, RG7112",0.22756123153337385,0.8341522657518203,0.4318345405822867,2.0655578205318967
split_scaffold_heldout,ridge_cell_drug_fp,"B cells, Lamivudine",0.37252764353180556,0.5887643245497278,0.6472525719564738,1.57023310395828
split_scaffold_heldout,ridge_cell_drug_fp,"Myeloid cells, Lamivudine",0.2643467575793939,0.6967749705315291,0.5727690464067126,1.6793692558084985
split_scaffold_heldout,ridge_cell_drug_fp,"B cells, Ceritinib",0.3424945795739471,0.6304237729189717,0.622149001404071,1.4668658737192348
split_scaffold_heldout,ridge_cell_drug_fp,"Myeloid cells, Ceritinib",0.37991429495959855,0.9121192563762653,0.6535786544754542,1.9634819516734134
split_scaffold_heldout,ridge_cell_drug_fp,"B cells, CGM-097",-0.09550230211915238,1.235491311937693,-0.1573751314951564,2.5202663875012075
split_scaffold_heldout,ridge_cell_drug_fp,"Myeloid cells, CGM-097",0.019497810442271522,1.3434840961142411,0.08682136002190778,2.5008503088618594
split_scaffold_heldout,ridge_cell_drug_fp,"B cells, Imatinib",0.13681818863627135,0.7494541058347687,0.22853849494384904,1.7274888653481306
split_scaffold_heldout,ridge_cell_drug_fp,"Myeloid cells, Imatinib",0.24116517968935292,0.6862196605974763,0.567262098229145,1.4067978618647992
split_scaffold_heldout,ridge_cell_drug_fp,"B cells, Colforsin",0.19289849821776675,0.6698286669762367,0.2820626799812481,1.632829211206338
split_scaffold_heldout,ridge_cell_drug_fp,"Myeloid cells, Colforsin",0.08450706161729137,0.7973434146656653,0.2649098235534347,1.9069001668678076
split_scaffold_heldout,ridge_cell_drug_fp,"B cells, Tipifarnib",0.2771758838922372,0.700490754848456,0.4817619938638828,1.6572361760264152
split_scaffold_heldout,ridge_cell_drug_fp,"Myeloid cells, Tipifarnib",0.30378834275340055,0.8385792788020763,0.5481497305506667,1.8102029848618422
split_scaffold_heldout,ridge_cell_drug_fp,"B cells, Doxorubicin",0.22443292549344673,1.721517937010215,0.3288242248454533,2.764552183603637
split_scaffold_heldout,ridge_cell_drug_fp,"Myeloid cells, Doxorubicin",0.19797797195104305,2.3159033963352766,0.25269302634481905,3.1321374115122675
split_scaffold_heldout,ridge_cell_drug_fp,"B cells, Tacalcitol",0.2744167965736645,0.7162544382114707,0.5323821416207695,1.643240430037911
split_scaffold_heldout,ridge_cell_drug_fp,"Myeloid cells, Tacalcitol",0.02088456084070892,2.2748160657696768,0.03462000356793147,3.2213560162152004
split_cell_scaffold_heldout,ridge_cell,"T cells, MK-5108",0.08816823309740908,0.5541130921392988,0.14068185909547873,1.6951914391256158
split_cell_scaffold_heldout,ridge_cell,"T cells, Atorvastatin",0.18900960224291116,0.5477277277462691,0.40872927885128063,1.63193630705467
split_cell_scaffold_heldout,ridge_cell,"T cells, Ganetespib (STA-9090)",0.33466769878190433,2.1489500228652374,0.4203187118347385,3.049756990689569
split_cell_scaffold_heldout,ridge_cell,"T cells, I-BET151",0.28081925412480513,1.9341440210163419,0.36875936463934966,2.924753024426662
split_cell_scaffold_heldout,ridge_cell,"T cells, GW843682X",0.11811163674293836,0.6004743554536838,0.2786433281751527,1.962418186234719
split_cell_scaffold_heldout,ridge_cell,"T cells, BMS-387032",0.34845488773632805,1.2392594699009076,0.5344703751725263,2.424200789926736
split_cell_scaffold_heldout,ridge_cell,"T cells, BAY 87-2243",0.33016020616551345,1.2615124534078839,0.5062584567127087,2.4000112040511445
split_cell_scaffold_heldout,ridge_cell,"T cells, Palbociclib",0.2618711908006662,0.5244525061172838,0.6183186293302326,1.5990141432270788
split_cell_scaffold_heldout,ridge_cell,"T cells, BAY 61-3606",0.2890085099587316,1.8340088236134264,0.39482873036141314,2.8527827451689074
split_cell_scaffold_heldout,ridge_cell,"T cells, RVX-208",0.24918158467389762,0.8329005589054826,0.4022732596162841,2.018703279949731
split_cell_scaffold_heldout,ridge_cell,"T cells, Desloratadine",0.05885229458682441,0.5517322636532187,0.21516542867014285,1.614187580692097
split_cell_scaffold_heldout,ridge_cell,"T cells, BMS-536924",0.4907945310260213,1.0725779397517006,0.7012831527699604,2.26735823875139
split_cell_scaffold_heldout,ridge_cell,"T cells, Alogliptin",-0.07024061799446916,0.5959728219581044,-0.14574632958120246,1.747559998086502
split_cell_scaffold_heldout,ridge_cell,"T cells, CHIR-99021",-0.2895275713919757,1.525932087386516,-0.4428332585720158,2.8680174990755525
split_cell_scaffold_heldout,ridge_cell,"T cells, Resminostat",0.27936899864239806,2.1789741462234677,0.3571801945166951,3.0752993047853394
split_cell_scaffold_heldout,ridge_cell,"T cells, RG7112",0.27910279456956155,0.606091785309202,0.48405566877944195,2.1776253448750906
split_cell_scaffold_heldout,ridge_cell,"T cells, Lamivudine",0.17727858193842,0.5208298029087448,0.29461495975919855,1.5944925436359318
split_cell_scaffold_heldout,ridge_cell,"T cells, TGX 221",0.5243382099495187,0.6893489643546398,0.7933056861189769,1.740081439578643
split_cell_scaffold_heldout,ridge_cell,"T cells, Ceritinib",0.4057508613123485,0.5667097606610124,0.6853908313299646,1.5806378157566106
split_cell_scaffold_heldout,ridge_cell,"T cells, CGM-097",-0.10814893744828089,1.3876669424185244,-0.16228107688099402,2.6938359826359695
split_cell_scaffold_heldout,ridge_cell,"T cells, R428",0.46847279710833,0.9074451400966301,0.6752995894997758,2.0810207915391032
split_cell_scaffold_heldout,ridge_cell,"T cells, Imatinib",0.14892849889154036,0.5169702653146776,0.26804503102565824,1.5837333676999765
split_cell_scaffold_heldout,ridge_cell,"T cells, Colforsin",0.18189074530092644,0.5552392148592389,0.29202947925433914,1.595428618548206
split_cell_scaffold_heldout,ridge_cell,"T cells, Tipifarnib",0.40279706292543815,0.6348855343662572,0.6952078115502444,1.7300493375703199
split_cell_scaffold_heldout,ridge_cell,"T cells, Doxorubicin",0.27539478303126924,1.3587194985996232,0.42797572955446855,2.5318362157568868
split_cell_scaffold_heldout,ridge_cell,"T cells, Tacalcitol",0.31134021524875677,0.6469059780137002,0.6314732173886713,1.738552224263188
split_cell_scaffold_heldout,ridge_drug_fp,"T cells, MK-5108",0.06819782557428723,0.5977357464349833,0.11572623037808677,1.7074403107329161
split_cell_scaffold_heldout,ridge_drug_fp,"T cells, Atorvastatin",0.048848014866247846,0.7014845524877693,0.16646837902073314,1.722505034600897
split_cell_scaffold_heldout,ridge_drug_fp,"T cells, Ganetespib (STA-9090)",0.4950762503394798,2.0465007582294343,0.5858101817806924,2.894439332346885
split_cell_scaffold_heldout,ridge_drug_fp,"T cells, I-BET151",0.2811377911278643,1.9093264591327475,0.3743499179616261,2.8584338095231017
split_cell_scaffold_heldout,ridge_drug_fp,"T cells, GW843682X",0.18397310000321074,0.6062590783563307,0.38940039944808374,1.9138677443755363
split_cell_scaffold_heldout,ridge_drug_fp,"T cells, BMS-387032",0.23727938222959552,1.2755358203977467,0.3778070421051907,2.40793627238607
split_cell_scaffold_heldout,ridge_drug_fp,"T cells, BAY 87-2243",0.12724313957227837,1.3158853361293534,0.222316989053177,2.4827080931527954
split_cell_scaffold_heldout,ridge_drug_fp,"T cells, Palbociclib",0.21111356236535822,0.6277329906123966,0.5226245965820603,1.5641520927016126
split_cell_scaffold_heldout,ridge_drug_fp,"T cells, BAY 61-3606",0.20929213702361305,1.8461954264507965,0.2920930645214524,2.8504948394281415
split_cell_scaffold_heldout,ridge_drug_fp,"T cells, RVX-208",0.1674205943025196,0.866063170296356,0.2682491105959146,2.0404288745769903
split_cell_scaffold_heldout,ridge_drug_fp,"T cells, Desloratadine",0.011899541504144498,0.6046689263321468,-0.02054788843628948,1.6959559451509159
split_cell_scaffold_heldout,ridge_drug_fp,"T cells, BMS-536924",0.23838507620476343,1.1375234092338666,0.4052693123749983,2.329795966526399
split_cell_scaffold_heldout,ridge_drug_fp,"T cells, Alogliptin",0.026174493694077174,0.6334490442628198,0.054824072361518254,1.7046344162206883
split_cell_scaffold_heldout,ridge_drug_fp,"T cells, CHIR-99021",-0.22011681290028967,1.615862568696555,-0.35793825823392134,2.9764954155886754
split_cell_scaffold_heldout,ridge_drug_fp,"T cells, Resminostat",0.3566226306026751,2.1231144685113024,0.45074330295802456,2.9851470604382575
split_cell_scaffold_heldout,ridge_drug_fp,"T cells, RG7112",0.17429622890121024,0.7021105934516426,0.28375647037193646,2.1836037899424934
split_cell_scaffold_heldout,ridge_drug_fp,"T cells, Lamivudine",0.16195318211632648,0.5380719470880794,0.24183277526370056,1.6000638334064745
split_cell_scaffold_heldout,ridge_drug_fp,"T cells, TGX 221",0.49835140650624415,0.6796427548301169,0.779480727585119,1.5510559689715624
split_cell_scaffold_heldout,ridge_drug_fp,"T cells, Ceritinib",0.295142763644478,0.6332701676054041,0.545351756665206,1.598641919974322
split_cell_scaffold_heldout,ridge_drug_fp,"T cells, CGM-097",-0.04821301140989056,1.4425206181993069,-0.046858647669961714,2.708773151188469
split_cell_scaffold_heldout,ridge_drug_fp,"T cells, R428",0.3406597563446671,0.9345312620008928,0.5702764918558929,2.067114635591561
split_cell_scaffold_heldout,ridge_drug_fp,"T cells, Imatinib",0.2028743189202972,0.651073312809085,0.38348914916990795,1.4561989716700348
split_cell_scaffold_heldout,ridge_drug_fp,"T cells, Colforsin",0.07377925100634079,0.6698998139625838,0.08028743372301775,1.6489200446260222
split_cell_scaffold_heldout,ridge_drug_fp,"T cells, Tipifarnib",0.23452580711228888,0.7199250049865005,0.4912318731693686,1.7402956231663076
split_cell_scaffold_heldout,ridge_drug_fp,"T cells, Doxorubicin",0.20732530419223758,1.3804777261071974,0.34359296323916905,2.5187913511707247
split_cell_scaffold_heldout,ridge_drug_fp,"T cells, Tacalcitol",0.1204816646263792,0.7326074189591787,0.3161433233662161,1.8326322310499383
split_cell_scaffold_heldout,ridge_cell_drug_fp,"T cells, MK-5108",0.0683547131861304,0.5972065737282184,0.11683416792257267,1.7069786728742893
split_cell_scaffold_heldout,ridge_cell_drug_fp,"T cells, Atorvastatin",0.04892098410602229,0.7011676085388618,0.16638447093462447,1.72254389899
split_cell_scaffold_heldout,ridge_cell_drug_fp,"T cells, Ganetespib (STA-9090)",0.4944766658569637,2.046648636155805,0.5852857996706982,2.8946187033142627
split_cell_scaffold_heldout,ridge_cell_drug_fp,"T cells, I-BET151",0.2804279703879762,1.9096017148354494,0.37343138359820566,2.8586903397830565
split_cell_scaffold_heldout,ridge_cell_drug_fp,"T cells, GW843682X",0.18407368142772781,0.6059994343002661,0.38899179255252114,1.9143804755187455
split_cell_scaffold_heldout,ridge_cell_drug_fp,"T cells, BMS-387032",0.2378608346433493,1.274907008242049,0.37849284908494585,2.407830827356675
split_cell_scaffold_heldout,ridge_cell_drug_fp,"T cells, BAY 87-2243",0.12744235953022837,1.3157557233249657,0.22275746697765,2.4825148927239464
split_cell_scaffold_heldout,ridge_cell_drug_fp,"T cells, Palbociclib",0.2103569956641505,0.6298495948565456,0.5219780789936762,1.5646604359136083
split_cell_scaffold_heldout,ridge_cell_drug_fp,"T cells, BAY 61-3606",0.20980076903192957,1.8459923232004254,0.2926732876669246,2.850341813680815
split_cell_scaffold_heldout,ridge_cell_drug_fp,"T cells, RVX-208",0.16716874415987582,0.8664244817786011,0.2689957121527768,2.040158779309043
split_cell_scaffold_heldout,ridge_cell_drug_fp,"T cells, Desloratadine",0.01204115224087321,0.6044868388905285,-0.020275186396587753,1.6958444808150845
split_cell_scaffold_heldout,ridge_cell_drug_fp,"T cells, BMS-536924",0.23810218942204206,1.1377334128159577,0.40503028246018125,2.3300852122303644
split_cell_scaffold_heldout,ridge_cell_drug_fp,"T cells, Alogliptin",0.0279984661539147,0.6311755493943024,0.056553289014305425,1.7034336305437474
split_cell_scaffold_heldout,ridge_cell_drug_fp,"T cells, CHIR-99021",-0.22001515085053594,1.6147354991302487,-0.357773653871527,2.975263676152707
split_cell_scaffold_heldout,ridge_cell_drug_fp,"T cells, Resminostat",0.357135539648274,2.1229924837127814,0.45127508737344324,2.9850389313984365
split_cell_scaffold_heldout,ridge_cell_drug_fp,"T cells, RG7112",0.1750523842174759,0.7021291440117065,0.28552526273464507,2.182890956783145
split_cell_scaffold_heldout,ridge_cell_drug_fp,"T cells, Lamivudine",0.1617014263443816,0.538512492297272,0.24064794295938324,1.6003126378375392
split_cell_scaffold_heldout,ridge_cell_drug_fp,"T cells, TGX 221",0.4975724304437875,0.6801469657611227,0.7803481722650317,1.5509752791390439
split_cell_scaffold_heldout,ridge_cell_drug_fp,"T cells, Ceritinib",0.295072433133959,0.6330280611994945,0.5449050872698106,1.5990899833964987
split_cell_scaffold_heldout,ridge_cell_drug_fp,"T cells, CGM-097",-0.04740965927573945,1.4429060763634018,-0.04567278496984133,2.7085829654255975
split_cell_scaffold_heldout,ridge_cell_drug_fp,"T cells, R428",0.3409652962577242,0.9343725279234755,0.570960594686332,2.0671076755049915
split_cell_scaffold_heldout,ridge_cell_drug_fp,"T cells, Imatinib",0.20268819911788846,0.6517919022707094,0.38483864655497124,1.4556083661697734
split_cell_scaffold_heldout,ridge_cell_drug_fp,"T cells, Colforsin",0.07421539177864689,0.6704383588218876,0.07963642892721007,1.6491466241787305
split_cell_scaffold_heldout,ridge_cell_drug_fp,"T cells, Tipifarnib",0.23495800205446563,0.7203177072407877,0.49156948846843446,1.7397797780338573
split_cell_scaffold_heldout,ridge_cell_drug_fp,"T cells, Doxorubicin",0.2073550240565715,1.3805574273964685,0.3437473651060825,2.518578765502479
split_cell_scaffold_heldout,ridge_cell_drug_fp,"T cells, Tacalcitol",0.12024850322096979,0.7327549535841731,0.31521396849089595,1.8332132184284355
