split,baseline,sample_id,rowwise_pearson,rmse,de_rowwise_pearson,de_rmse
split_random,global_train_mean,"Myeloid cells, MK-5108",0.15798119,0.5905022,0.34362852573394775,1.7229647636413574
split_random,global_train_mean,"T cells, Lapatinib",-0.02920061,0.6383242,0.005360508803278208,1.8797581195831299
split_random,global_train_mean,"T cells, Atorvastatin",0.23047568,0.53964144,0.4477873146533966,1.6139179468154907
split_random,global_train_mean,"T cells, Clomipramine",0.27920103,0.5396413,0.5260900855064392,1.580876111984253
split_random,global_train_mean,"Myeloid cells, Tivozanib",0.1588101,0.75776535,0.342168390750885,1.9695782661437988
split_random,global_train_mean,"T cells, Tivozanib",0.26430804,0.6293445,0.5113582611083984,1.792034387588501
split_random,global_train_mean,"T cells, Ixabepilone",0.09114669,0.5453344,0.0645039901137352,1.7743197679519653
split_random,global_train_mean,"NK cells, Linagliptin",0.121220686,0.641257,0.20532698929309845,1.753298044204712
split_random,global_train_mean,"T cells, Linagliptin",0.20182951,0.5021002,0.27572667598724365,1.5617258548736572
split_random,global_train_mean,"T cells, O-Demethylated Adapalene",0.34175012,0.55720824,0.5566374063491821,1.6876814365386963
split_random,global_train_mean,"Myeloid cells, I-BET151",0.38420138,1.7186493,0.524360716342926,2.7887470722198486
split_random,global_train_mean,"NK cells, Foretinib",0.34436536,0.7290627,0.565854549407959,1.8456674814224243
split_random,global_train_mean,"T cells, Foretinib",0.57849115,0.7944216,0.7968540191650391,1.8805322647094727
split_random,global_train_mean,"B cells, GW843682X",0.23170367,0.6105736,0.48293718695640564,1.821235179901123
split_random,global_train_mean,"T cells, BMS-387032",0.3930401,1.2265244,0.5788443088531494,2.4001858234405518
split_random,global_train_mean,"B cells, IN1451",0.2935937,1.5671171,0.4135911762714386,2.6398801803588867
split_random,global_train_mean,"NK cells, Raloxifene",-0.044299986,0.80427885,-0.06946717202663422,2.0014920234680176
split_random,global_train_mean,"B cells, BAY 87-2243",0.5386176,0.9161987,0.7498318552970886,2.080991744995117
split_random,global_train_mean,"NK cells, BAY 87-2243",0.36190128,0.89080733,0.5634892582893372,2.1276421546936035
split_random,global_train_mean,"T cells, BAY 87-2243",0.44755793,1.2302488,0.6240376234054565,2.343122959136963
split_random,global_train_mean,"NK cells, Porcn Inhibitor III",-0.07280742,0.7813204,-0.15315119922161102,2.04045033454895
split_random,global_train_mean,"T cells, Proscillaridin A;Proscillaridin-A",-0.00413222,2.9850245,-0.004010913893580437,3.541281223297119
split_random,global_train_mean,"T cells, BMS-265246",0.15553012,1.3621956,0.27809154987335205,2.5460879802703857
split_random,global_train_mean,"B cells, Pomalidomide",-0.15768176,1.0306134,-0.25939273834228516,2.4596190452575684
split_random,global_train_mean,"Myeloid cells, Pomalidomide",-0.074504785,1.0977341,-0.05333789065480232,2.5747504234313965
split_random,global_train_mean,"T cells, AVL-292",0.5716951,0.7009321,0.8075370788574219,1.776641607284546
split_random,global_train_mean,"NK cells, Navitoclax",-0.04812804,0.7453151,-0.07296520471572876,1.9743297100067139
split_random,global_train_mean,"NK cells, Methotrexate",-0.16295913,0.7100019,-0.24532483518123627,1.960952639579773
split_random,global_train_mean,"T cells, AMD-070 (hydrochloride)",0.27857327,0.5813013,0.5519944429397583,1.704901099205017
split_random,global_train_mean,"T cells, FK 866",0.19600451,0.96682125,0.3881780207157135,2.1771059036254883
split_random,global_train_mean,"NK cells, Scriptaid",0.3154452,1.296587,0.477774977684021,2.491888999938965
split_random,global_train_mean,"T cells, Scriptaid",0.3388885,2.2269652,0.4187721908092499,3.093367576599121
split_random,global_train_mean,"NK cells, Vardenafil",0.1454066,0.65570885,0.2644122838973999,1.817434549331665
split_random,global_train_mean,"T cells, Dasatinib",0.64162827,1.010866,0.8238686919212341,2.0771288871765137
split_random,global_train_mean,"T cells, Ketoconazole",-0.25138652,1.2934264,-0.4174138605594635,2.718353033065796
split_random,global_train_mean,"NK cells, Flutamide",0.14248084,0.6810798,0.3763829171657562,1.7684959173202515
split_random,global_train_mean,"T cells, Flutamide",0.04559928,0.5580046,0.39073553681373596,1.6598212718963623
split_random,global_train_mean,"NK cells, Desloratadine",0.05194456,0.6668469,0.030540838837623596,1.8192073106765747
split_random,global_train_mean,"T cells, Amiodarone",0.17301776,0.5936488,0.4096231460571289,1.903351068496704
split_random,global_train_mean,"Myeloid cells, Isoniazid",0.19774927,0.58660454,0.4441816806793213,1.679179072380066
split_random,global_train_mean,"NK cells, Canertinib",0.09141166,0.70400476,0.15126067399978638,1.9449310302734375
split_random,global_train_mean,"T cells, Quizartinib",0.2031253,0.54272455,0.38831937313079834,1.776857852935791
split_random,global_train_mean,"T cells, RN-486",0.10081284,0.525561,0.29092350602149963,1.603742241859436
split_random,global_train_mean,"T cells, CHIR-99021",-0.20880175,1.5107843,-0.3080693781375885,2.8370895385742188
split_random,global_train_mean,"B cells, BI-D1870",0.22687365,0.6087836,0.42972949147224426,1.7146037817001343
split_random,global_train_mean,"T cells, BI-D1870",0.028907197,0.61142486,0.08788222074508667,1.6966209411621094
split_random,global_train_mean,"T cells, AZD3514",0.35021687,0.7369434,0.53789883852005,1.914004921913147
split_random,global_train_mean,"NK cells, Resminostat",0.2773999,1.305115,0.42477089166641235,2.4770681858062744
split_random,global_train_mean,"T cells, Resminostat",0.37728179,2.1531823,0.4666622579097748,3.0390443801879883
split_random,global_train_mean,"B cells, Crizotinib",0.5340758,0.8369209,0.7527105808258057,2.0095369815826416
split_random,global_train_mean,"B cells, GO-6976",0.1137885,0.7095972,0.2745211720466614,1.8955161571502686
split_random,global_train_mean,"NK cells, Lamivudine",0.17398295,0.65804434,0.2958943843841553,1.8656851053237915
split_random,global_train_mean,"Myeloid cells, TGX 221",0.4755227,0.9134541,0.7118279337882996,2.074348211288452
split_random,global_train_mean,"NK cells, Pitavastatin Calcium",-0.1459717,1.4343208,-0.19164282083511353,2.7183594703674316
split_random,global_train_mean,"Myeloid cells, PRT-062607",0.53957707,1.3888998,0.7040482759475708,2.4932949542999268
split_random,global_train_mean,"Myeloid cells, AZ628",0.32841486,0.94377196,0.5260816216468811,2.1006505489349365
split_random,global_train_mean,"NK cells, AZ628",0.29285973,0.6914349,0.5308331251144409,1.7640297412872314
split_random,global_train_mean,"T cells, Nefazodone",0.35394758,0.45920786,0.6456100940704346,1.4835739135742188
split_random,global_train_mean,"B cells, STK219801",0.2774309,0.606345,0.4303143322467804,1.818453073501587
split_random,global_train_mean,"NK cells, STK219801",0.12877494,0.67855495,0.19022147357463837,1.9185553789138794
split_random,global_train_mean,"NK cells, TPCA-1",0.43308914,0.8268856,0.6615366339683533,1.876590609550476
split_random,global_train_mean,"NK cells, MGCD-265",0.08127701,0.65801793,0.11728452891111374,1.8162761926651
split_random,global_train_mean,"NK cells, GSK-1070916",0.12944771,0.6531083,0.2844824194908142,1.7746986150741577
split_random,global_train_mean,"NK cells, Clemastine",0.18501584,0.6511622,0.2644486129283905,1.7658411264419556
split_random,global_train_mean,"B cells, R428",0.51302093,0.9384849,0.7354612946510315,2.103625774383545
split_random,global_train_mean,"T cells, R428",0.5599358,0.88084793,0.7534677386283875,2.024665355682373
split_random,global_train_mean,"T cells, Oxybenzone",0.22479834,0.4831758,0.4706779718399048,1.5193339586257935
split_random,global_train_mean,"NK cells, Vandetanib",0.15913719,0.6535824,0.3719295263290405,1.806748867034912
split_random,global_train_mean,"T cells, Tivantinib",0.29979298,0.72913903,0.5235329866409302,1.8299221992492676
split_random,global_train_mean,"NK cells, Colchicine",0.25519046,0.7087588,0.4487408697605133,1.8018100261688232
split_random,global_train_mean,"NK cells, ABT-199 (GDC-0199)",0.07303177,0.661336,0.17332617938518524,1.83830726146698
split_random,global_train_mean,"NK cells, Mometasone Furoate",0.37216446,0.91258216,0.5685374736785889,2.118180751800537
split_random,global_train_mean,"T cells, Tipifarnib",0.4617763,0.6186122,0.7481181025505066,1.6882346868515015
split_random,global_train_mean,"NK cells, PF-03814735",0.34331992,0.81512076,0.5495580434799194,1.9055263996124268
split_random,global_train_mean,"NK cells, Selumetinib",0.1983068,0.6981626,0.35833290219306946,1.8220068216323853
split_random,global_train_mean,"Myeloid cells, GLPG0634",0.43234473,0.8693835,0.7322308421134949,2.001070737838745
split_random,global_train_mean,"NK cells, SB525334",-0.15054399,0.81176555,-0.28028708696365356,2.031043529510498
split_random,global_train_mean,"Myeloid cells, TIE2 Kinase Inhibitor",0.01685238,0.67175657,0.17226366698741913,1.8750859498977661
split_random,global_train_mean,"B cells, Atorvastatin",0.19364685,0.5984191,0.4635976552963257,1.6619102954864502
split_random,global_train_mean,"Myeloid cells, Phenylbutazone",-0.0023283993,0.60097265,-0.006249669007956982,1.7226617336273193
split_random,global_train_mean,"Myeloid cells, Trametinib",0.1336394,1.4249799,0.2157278060913086,2.6004743576049805
split_random,global_train_mean,"B cells, Dasatinib",0.55571944,1.129186,0.760307252407074,2.2945661544799805
split_random,global_train_mean,"Myeloid cells, Dasatinib",0.5290659,1.477007,0.6913325190544128,2.5298564434051514
split_random,global_train_mean,"Myeloid cells, AT13387",0.4830474,1.2899286,0.6612611413002014,2.351825714111328
split_random,global_train_mean,"Myeloid cells, RVX-208",0.24270286,0.8816022,0.42221900820732117,2.075517177581787
split_random,global_train_mean,"Myeloid cells, Flutamide",0.24775836,0.58765805,0.4440135955810547,1.7068599462509155
split_random,global_train_mean,"B cells, BMS-536924",0.6129825,0.9928085,0.8025557994842529,2.1085903644561768
split_random,global_train_mean,"B cells, Amiodarone",0.10070224,0.5640277,0.18098217248916626,1.6401015520095825
split_random,global_train_mean,"B cells, IMD-0354",0.42018482,1.1882329,0.6131327152252197,2.4157392978668213
split_random,global_train_mean,"B cells, Canertinib",0.2542465,0.7176197,0.46708470582962036,1.9121533632278442
split_random,global_train_mean,"B cells, Decitabine",0.1224109,0.5732267,0.1144510880112648,1.765142560005188
split_random,global_train_mean,"Myeloid cells, Resminostat",0.3794403,1.9165139,0.5033732652664185,2.8612020015716553
split_random,global_train_mean,"Myeloid cells, Nilotinib",0.32784998,1.1545744,0.5212401151657104,2.3506672382354736
split_random,global_train_mean,"Myeloid cells, Ceritinib",0.37137055,0.9122991,0.6397345066070557,2.1561522483825684
split_random,global_train_mean,"Myeloid cells, CGM-097",-0.06897643,1.2708304,-0.04807652160525322,2.510018825531006
split_random,global_train_mean,"B cells, Nefazodone",0.21451744,0.5842655,0.38461610674858093,1.7639240026474
split_random,global_train_mean,"Myeloid cells, GSK-1070916",0.16654427,0.7867804,0.3907495439052582,1.9078491926193237
split_random,global_train_mean,"B cells, Clemastine",0.25774506,0.65216094,0.4202083349227905,1.8225791454315186
split_random,global_train_mean,"Myeloid cells, YK 4-279",0.07992958,0.6284722,0.1310122311115265,1.741647720336914
split_random,global_train_mean,"B cells, Buspirone",0.03126912,0.6013014,-0.01897246576845646,1.862076997756958
split_random,global_train_mean,"B cells, PF-03814735",0.53901654,1.163242,0.7233348488807678,2.3241353034973145
split_random,global_train_mean,"Myeloid cells, AZD4547",0.2459921,0.65285194,0.49421024322509766,1.8276758193969727
split_random,global_train_mean,"B cells, Tacalcitol",0.36393714,0.64806694,0.5941558480262756,1.688776969909668
split_random,global_train_mean,"B cells, Clotrimazole",0.12751609,0.613146,0.17579305171966553,1.7689303159713745
split_random,global_train_mean,"B cells, SB525334",-0.14335398,0.74831164,-0.32861432433128357,2.0296695232391357
split_random,global_train_mean,"Myeloid cells, HYDROXYUREA",0.12743956,0.6292382,0.19895362854003906,1.7802709341049194
split_random,cell_context_mean,"Myeloid cells, MK-5108",0.20012335,0.6231443,0.3760320544242859,1.6692354679107666
split_random,cell_context_mean,"T cells, Lapatinib",0.012274921,0.6743189,0.04834870249032974,1.8940680027008057
split_random,cell_context_mean,"T cells, Atorvastatin",0.26762822,0.5583348,0.45002859830856323,1.5753381252288818
split_random,cell_context_mean,"T cells, Clomipramine",0.2955212,0.5595848,0.5313785076141357,1.531840443611145
split_random,cell_context_mean,"Myeloid cells, Tivozanib",0.2114942,0.77098006,0.4420543611049652,1.8790174722671509
split_random,cell_context_mean,"T cells, Tivozanib",0.2714502,0.6462615,0.5317183136940002,1.7255452871322632
split_random,cell_context_mean,"T cells, Ixabepilone",0.22627862,0.548812,0.29096367955207825,1.5960264205932617
split_random,cell_context_mean,"NK cells, Linagliptin",0.25959346,0.6051652,0.50531005859375,1.6764435768127441
split_random,cell_context_mean,"T cells, Linagliptin",0.24828424,0.5255935,0.333576500415802,1.521162509918213
split_random,cell_context_mean,"T cells, O-Demethylated Adapalene",0.3997095,0.5528645,0.5703749656677246,1.631135106086731
split_random,cell_context_mean,"Myeloid cells, I-BET151",0.4063517,1.6799917,0.5474082827568054,2.710651159286499
split_random,cell_context_mean,"NK cells, Foretinib",0.4241717,0.7114546,0.6695882678031921,1.8180463314056396
split_random,cell_context_mean,"T cells, Foretinib",0.6518967,0.73220456,0.8305649757385254,1.7062206268310547
split_random,cell_context_mean,"B cells, GW843682X",0.2548134,0.6231093,0.465876042842865,1.77988862991333
split_random,cell_context_mean,"T cells, BMS-387032",0.3415456,1.2273304,0.5094965696334839,2.373960256576538
split_random,cell_context_mean,"B cells, IN1451",0.29752138,1.5556828,0.40968057513237,2.607893943786621
split_random,cell_context_mean,"NK cells, Raloxifene",0.11824948,0.762067,0.1986483633518219,1.938698172569275
split_random,cell_context_mean,"B cells, BAY 87-2243",0.6086786,0.8634846,0.7929436564445496,1.9289321899414062
split_random,cell_context_mean,"NK cells, BAY 87-2243",0.29706156,0.9087253,0.46355876326560974,2.1891837120056152
split_random,cell_context_mean,"T cells, BAY 87-2243",0.54794055,1.1669046,0.6917383670806885,2.209555149078369
split_random,cell_context_mean,"NK cells, Porcn Inhibitor III",0.12045982,0.7320506,0.23006565868854523,1.9501101970672607
split_random,cell_context_mean,"T cells, Proscillaridin A;Proscillaridin-A",0.0057234387,2.9923685,0.006725857965648174,3.5478363037109375
split_random,cell_context_mean,"T cells, BMS-265246",0.152508,1.3689117,0.25102126598358154,2.5371551513671875
split_random,cell_context_mean,"B cells, Pomalidomide",-0.08291476,1.0445387,-0.13327735662460327,2.4549639225006104
split_random,cell_context_mean,"Myeloid cells, Pomalidomide",-0.11929213,1.1590668,-0.17931373417377472,2.671780824661255
split_random,cell_context_mean,"T cells, AVL-292",0.65312904,0.6403238,0.8500052690505981,1.5671701431274414
split_random,cell_context_mean,"NK cells, Navitoclax",0.038388707,0.71898,0.06666308641433716,1.940918207168579
split_random,cell_context_mean,"NK cells, Methotrexate",-0.012717277,0.66874164,-0.017687423154711723,1.8937679529190063
split_random,cell_context_mean,"T cells, AMD-070 (hydrochloride)",0.38962644,0.56359524,0.6553369164466858,1.564953327178955
split_random,cell_context_mean,"T cells, FK 866",0.217235,0.96981025,0.4030727446079254,2.1366546154022217
split_random,cell_context_mean,"NK cells, Scriptaid",0.24479158,1.3161122,0.3844897449016571,2.5311217308044434
split_random,cell_context_mean,"T cells, Scriptaid",0.41579267,2.176731,0.49345362186431885,3.019310712814331
split_random,cell_context_mean,"NK cells, Vardenafil",0.25605515,0.6263843,0.424775630235672,1.777713418006897
split_random,cell_context_mean,"T cells, Dasatinib",0.6905059,0.94399375,0.8325915336608887,1.9204269647598267
split_random,cell_context_mean,"T cells, Ketoconazole",-0.21053892,1.3280152,-0.31971246004104614,2.783961057662964
split_random,cell_context_mean,"NK cells, Flutamide",0.2804967,0.64574,0.5131707787513733,1.7199723720550537
split_random,cell_context_mean,"T cells, Flutamide",0.10263648,0.589121,0.43644043803215027,1.6063621044158936
split_random,cell_context_mean,"NK cells, Desloratadine",0.1577719,0.6372853,0.3419429361820221,1.747517466545105
split_random,cell_context_mean,"T cells, Amiodarone",0.3195883,0.577746,0.6250565052032471,1.6329694986343384
split_random,cell_context_mean,"Myeloid cells, Isoniazid",0.32744277,0.581924,0.6205786466598511,1.4832384586334229
split_random,cell_context_mean,"NK cells, Canertinib",0.21719468,0.67093694,0.3290194571018219,1.8928452730178833
split_random,cell_context_mean,"T cells, Quizartinib",0.2830164,0.5501732,0.49027219414711,1.6937777996063232
split_random,cell_context_mean,"T cells, RN-486",0.19928865,0.54121727,0.41558048129081726,1.5379266738891602
split_random,cell_context_mean,"T cells, CHIR-99021",-0.03339933,1.4939133,-0.03077414073050022,2.7817649841308594
split_random,cell_context_mean,"B cells, BI-D1870",0.24904925,0.62279725,0.443761944770813,1.6757845878601074
split_random,cell_context_mean,"T cells, BI-D1870",0.12236304,0.6280673,0.2588787078857422,1.6515233516693115
split_random,cell_context_mean,"T cells, AZD3514",0.36559644,0.7336428,0.5482203960418701,1.8539825677871704
split_random,cell_context_mean,"NK cells, Resminostat",0.20366481,1.3242809,0.33201175928115845,2.5149893760681152
split_random,cell_context_mean,"T cells, Resminostat",0.43503386,2.1057918,0.5183367729187012,2.9663424491882324
split_random,cell_context_mean,"B cells, Crizotinib",0.6458892,0.769978,0.8223227262496948,1.815502643585205
split_random,cell_context_mean,"B cells, GO-6976",0.17085706,0.7166254,0.3680684566497803,1.841858148574829
split_random,cell_context_mean,"NK cells, Lamivudine",0.2826089,0.6296457,0.4857838749885559,1.8123530149459839
split_random,cell_context_mean,"Myeloid cells, TGX 221",0.580626,0.84287184,0.8064786791801453,1.8589744567871094
split_random,cell_context_mean,"NK cells, Pitavastatin Calcium",0.011588255,1.3935927,0.05465540289878845,2.653684139251709
split_random,cell_context_mean,"Myeloid cells, PRT-062607",0.69709927,1.2717272,0.8285388946533203,2.2711730003356934
split_random,cell_context_mean,"Myeloid cells, AZ628",0.48216355,0.8784769,0.7075804471969604,1.8986802101135254
split_random,cell_context_mean,"NK cells, AZ628",0.36217934,0.6747899,0.625331699848175,1.7299853563308716
split_random,cell_context_mean,"T cells, Nefazodone",0.35254475,0.4865449,0.6152770519256592,1.4362187385559082
split_random,cell_context_mean,"B cells, STK219801",0.30484077,0.6126914,0.49734175205230713,1.7323893308639526
split_random,cell_context_mean,"NK cells, STK219801",0.2252093,0.6524326,0.3862263858318329,1.8685225248336792
split_random,cell_context_mean,"NK cells, TPCA-1",0.4736951,0.82168895,0.7152870893478394,1.871826171875
split_random,cell_context_mean,"NK cells, MGCD-265",0.19442925,0.6272132,0.4375860393047333,1.7443324327468872
split_random,cell_context_mean,"NK cells, GSK-1070916",0.18821631,0.6350388,0.4184943437576294,1.740329623222351
split_random,cell_context_mean,"NK cells, Clemastine",0.23980917,0.6350398,0.383693128824234,1.7313694953918457
split_random,cell_context_mean,"B cells, R428",0.5646179,0.89516705,0.7592630982398987,1.9820666313171387
split_random,cell_context_mean,"T cells, R428",0.5898238,0.8372041,0.7814176082611084,1.8934829235076904
split_random,cell_context_mean,"T cells, Oxybenzone",0.30044204,0.4969941,0.4861154854297638,1.4449999332427979
split_random,cell_context_mean,"NK cells, Vandetanib",0.29174954,0.6194211,0.6063698530197144,1.734023094177246
split_random,cell_context_mean,"T cells, Tivantinib",0.3844864,0.7078386,0.5657942295074463,1.724544882774353
split_random,cell_context_mean,"NK cells, Colchicine",0.35204163,0.68505764,0.5756347179412842,1.7651954889297485
split_random,cell_context_mean,"NK cells, ABT-199 (GDC-0199)",0.19098407,0.62935007,0.41506150364875793,1.7738020420074463
split_random,cell_context_mean,"NK cells, Mometasone Furoate",0.39762545,0.90999806,0.6169890761375427,2.115459680557251
split_random,cell_context_mean,"T cells, Tipifarnib",0.45308992,0.6178288,0.7412101626396179,1.5949467420578003
split_random,cell_context_mean,"NK cells, PF-03814735",0.4247559,0.79793805,0.6629709005355835,1.8710103034973145
split_random,cell_context_mean,"NK cells, Selumetinib",0.30400524,0.6712625,0.5204527974128723,1.7718868255615234
split_random,cell_context_mean,"Myeloid cells, GLPG0634",0.5515862,0.8027648,0.8173292279243469,1.7777302265167236
split_random,cell_context_mean,"NK cells, SB525334",0.037078116,0.7630974,0.0673980563879013,1.9392956495285034
split_random,cell_context_mean,"Myeloid cells, TIE2 Kinase Inhibitor",0.08908265,0.7045555,0.38940295577049255,1.7722948789596558
split_random,cell_context_mean,"B cells, Atorvastatin",0.25230816,0.60437816,0.4972403645515442,1.5990049839019775
split_random,cell_context_mean,"Myeloid cells, Phenylbutazone",0.020371253,0.6590474,0.10038314014673233,1.7273616790771484
split_random,cell_context_mean,"Myeloid cells, Trametinib",0.36710173,1.3453132,0.5260421633720398,2.432525634765625
split_random,cell_context_mean,"B cells, Dasatinib",0.66163373,1.0562048,0.8302269577980042,2.130246639251709
split_random,cell_context_mean,"Myeloid cells, Dasatinib",0.5573582,1.4163518,0.7228426337242126,2.4103732109069824
split_random,cell_context_mean,"Myeloid cells, AT13387",0.5260641,1.2343609,0.7155953049659729,2.222309112548828
split_random,cell_context_mean,"Myeloid cells, RVX-208",0.22729318,0.90066344,0.39118140935897827,2.0456676483154297
split_random,cell_context_mean,"Myeloid cells, Flutamide",0.31352958,0.5990754,0.5927740931510925,1.5835644006729126
split_random,cell_context_mean,"B cells, BMS-536924",0.70780843,0.9189522,0.8642892241477966,1.9249694347381592
split_random,cell_context_mean,"B cells, Amiodarone",0.16492647,0.57981235,0.34096208214759827,1.5784835815429688
split_random,cell_context_mean,"B cells, IMD-0354",0.45537674,1.1565579,0.6242091655731201,2.3339600563049316
split_random,cell_context_mean,"B cells, Canertinib",0.29390427,0.71578395,0.5105322599411011,1.8403596878051758
split_random,cell_context_mean,"B cells, Decitabine",0.17072244,0.59127885,0.2694500684738159,1.7176109552383423
split_random,cell_context_mean,"Myeloid cells, Resminostat",0.464401,1.8511764,0.5842774510383606,2.7536303997039795
split_random,cell_context_mean,"Myeloid cells, Nilotinib",0.4258938,1.1047257,0.6510324478149414,2.204495906829834
split_random,cell_context_mean,"Myeloid cells, Ceritinib",0.52522326,0.84023696,0.7789921164512634,1.9167156219482422
split_random,cell_context_mean,"Myeloid cells, CGM-097",0.037621405,1.2733037,0.10864067822694778,2.479785442352295
split_random,cell_context_mean,"B cells, Nefazodone",0.28124145,0.5860127,0.5033134818077087,1.6644842624664307
split_random,cell_context_mean,"Myeloid cells, GSK-1070916",0.14780788,0.8229572,0.3413868844509125,1.8890074491500854
split_random,cell_context_mean,"B cells, Clemastine",0.34902877,0.63638484,0.5588608384132385,1.7188827991485596
split_random,cell_context_mean,"Myeloid cells, YK 4-279",0.25132424,0.6223023,0.42966461181640625,1.6032646894454956
split_random,cell_context_mean,"B cells, Buspirone",0.121065214,0.61274415,0.20049791038036346,1.7973886728286743
split_random,cell_context_mean,"B cells, PF-03814735",0.63122785,1.0974246,0.7927216291427612,2.1737725734710693
split_random,cell_context_mean,"Myeloid cells, AZD4547",0.30008963,0.6617805,0.572113037109375,1.7116014957427979
split_random,cell_context_mean,"B cells, Tacalcitol",0.4298287,0.6287391,0.6675523519515991,1.5759440660476685
split_random,cell_context_mean,"B cells, Clotrimazole",0.19350196,0.62178314,0.2875756025314331,1.7128592729568481
split_random,cell_context_mean,"B cells, SB525334",-0.102954835,0.78036654,-0.2611179053783417,2.05368709564209
split_random,cell_context_mean,"Myeloid cells, HYDROXYUREA",0.05023786,0.70185506,0.07949790358543396,1.8273977041244507
split_random,drug_mean,"Myeloid cells, MK-5108",0.25817844,0.60182816,0.45958760380744934,1.6286102533340454
split_random,drug_mean,"T cells, Lapatinib",0.33840114,0.58930916,0.661399781703949,1.4930510520935059
split_random,drug_mean,"T cells, Atorvastatin",0.23034365,0.64497733,0.5333693623542786,1.4857333898544312
split_random,drug_mean,"T cells, Clomipramine",0.32303515,0.5724273,0.6055377721786499,1.4446280002593994
split_random,drug_mean,"Myeloid cells, Tivozanib",0.12788759,0.8775903,0.2536953091621399,1.9785442352294922
split_random,drug_mean,"T cells, Tivozanib",0.3132473,0.7074013,0.6193559765815735,1.573155164718628
split_random,drug_mean,"T cells, Ixabepilone",0.22043109,0.5673883,0.5009956955909729,1.5155786275863647
split_random,drug_mean,"NK cells, Linagliptin",0.018911887,0.76109874,0.09490642696619034,1.8156254291534424
split_random,drug_mean,"T cells, Linagliptin",0.09163498,0.6317526,0.20455224812030792,1.5828578472137451
split_random,drug_mean,"T cells, O-Demethylated Adapalene",0.30445686,0.6246751,0.6295862793922424,1.4972847700119019
split_random,drug_mean,"Myeloid cells, I-BET151",0.52235585,1.5618753,0.6582214832305908,2.2386083602905273
split_random,drug_mean,"NK cells, Foretinib",0.28809184,1.186899,0.5032864212989807,1.815002679824829
split_random,drug_mean,"T cells, Foretinib",0.4748136,1.0760276,0.7213821411132812,1.5291478633880615
split_random,drug_mean,"B cells, GW843682X",0.2804091,0.6456193,0.4550112783908844,1.665276050567627
split_random,drug_mean,"T cells, BMS-387032",0.3487581,1.2771254,0.5307397842407227,2.1931064128875732
split_random,drug_mean,"B cells, IN1451",0.7455747,1.2725177,0.9004586935043335,1.1979643106460571
split_random,drug_mean,"NK cells, Raloxifene",0.22566356,0.8178463,0.45734721422195435,1.7721717357635498
split_random,drug_mean,"B cells, BAY 87-2243",0.19554628,1.6104188,0.3061416745185852,2.457733392715454
split_random,drug_mean,"NK cells, BAY 87-2243",0.26736858,1.5106014,0.488720178604126,2.0335516929626465
split_random,drug_mean,"T cells, BAY 87-2243",0.27729663,1.6718707,0.42518821358680725,2.3571929931640625
split_random,drug_mean,"NK cells, Porcn Inhibitor III",0.1844637,0.8262939,0.3818577826023102,1.8489137887954712
split_random,drug_mean,"T cells, Proscillaridin A;Proscillaridin-A",0.82369465,1.7270118,0.8538662791252136,1.9451712369918823
split_random,drug_mean,"T cells, BMS-265246",0.6478413,1.0531509,0.8031020164489746,1.7060327529907227
split_random,drug_mean,"B cells, Pomalidomide",0.45336512,0.9713954,0.6651486158370972,1.7371867895126343
split_random,drug_mean,"Myeloid cells, Pomalidomide",0.23484232,1.2081292,0.4031473994255066,2.317470073699951
split_random,drug_mean,"T cells, AVL-292",0.467675,0.74928385,0.7367020845413208,1.5505768060684204
split_random,drug_mean,"NK cells, Navitoclax",0.16032472,0.79435045,0.30337342619895935,1.8617486953735352
split_random,drug_mean,"NK cells, Methotrexate",0.10428629,0.7611067,0.12097235769033432,1.8991200923919678
split_random,drug_mean,"T cells, AMD-070 (hydrochloride)",0.24946839,0.63661623,0.5615435242652893,1.641374945640564
split_random,drug_mean,"T cells, FK 866",0.49482116,0.8651277,0.7113474607467651,1.731722354888916
split_random,drug_mean,"NK cells, Scriptaid",0.5684145,1.3778734,0.7531334757804871,1.7223541736602783
split_random,drug_mean,"T cells, Scriptaid",0.68065226,1.6822388,0.766614556312561,2.1126186847686768
split_random,drug_mean,"NK cells, Vardenafil",0.08949141,0.7250137,0.0993550643324852,1.8738396167755127
split_random,drug_mean,"T cells, Dasatinib",0.25322416,1.210662,0.48874980211257935,2.111837148666382
split_random,drug_mean,"T cells, Ketoconazole",0.6138635,0.9598143,0.7819998264312744,1.7093281745910645
split_random,drug_mean,"NK cells, Flutamide",0.053050295,0.85051185,0.1474905014038086,1.8485654592514038
split_random,drug_mean,"T cells, Flutamide",0.08862543,0.72446156,0.352674663066864,1.6666218042373657
split_random,drug_mean,"NK cells, Desloratadine",0.10976226,0.6995453,0.11624015122652054,1.805416464805603
split_random,drug_mean,"T cells, Amiodarone",0.1595555,0.6810156,0.431083083152771,1.8261826038360596
split_random,drug_mean,"Myeloid cells, Isoniazid",0.11273267,0.64368033,0.17386667430400848,1.75322687625885
split_random,drug_mean,"NK cells, Canertinib",0.2658754,0.8974568,0.504746675491333,1.70316481590271
split_random,drug_mean,"T cells, Quizartinib",0.16892602,0.61589164,0.4002593755722046,1.7128952741622925
split_random,drug_mean,"T cells, RN-486",0.122939005,0.58332986,0.24633653461933136,1.6061064004898071
split_random,drug_mean,"T cells, CHIR-99021",0.52107215,1.2357367,0.711712121963501,2.217501163482666
split_random,drug_mean,"B cells, BI-D1870",0.15642951,0.779707,0.3221583962440491,1.7397664785385132
split_random,drug_mean,"T cells, BI-D1870",0.15710302,0.74788094,0.4134213924407959,1.5473178625106812
split_random,drug_mean,"T cells, AZD3514",0.483838,0.7009751,0.7291878461837769,1.5580198764801025
split_random,drug_mean,"NK cells, Resminostat",0.5611714,1.478802,0.734617292881012,1.799798846244812
split_random,drug_mean,"T cells, Resminostat",0.69823915,1.6071889,0.7742359638214111,2.0114333629608154
split_random,drug_mean,"B cells, Crizotinib",0.45430714,0.8591463,0.7151503562927246,1.7720365524291992
split_random,drug_mean,"B cells, GO-6976",0.2817252,0.80892825,0.5025238990783691,1.6947765350341797
split_random,drug_mean,"NK cells, Lamivudine",0.059830744,0.7438517,0.08307402580976486,1.9159660339355469
split_random,drug_mean,"Myeloid cells, TGX 221",0.33508584,0.98148954,0.5248223543167114,2.0144269466400146
split_random,drug_mean,"NK cells, Pitavastatin Calcium",0.52662617,1.3020872,0.7109620571136475,1.8555885553359985
split_random,drug_mean,"Myeloid cells, PRT-062607",0.37537274,1.4111686,0.5228636264801025,2.359236001968384
split_random,drug_mean,"Myeloid cells, AZ628",0.2533591,1.0838537,0.43037891387939453,2.0374138355255127
split_random,drug_mean,"NK cells, AZ628",0.26056787,0.8927189,0.4557540714740753,1.6985052824020386
split_random,drug_mean,"T cells, Nefazodone",0.17555343,0.5954572,0.29420456290245056,1.5713709592819214
split_random,drug_mean,"B cells, STK219801",0.2606198,0.68054557,0.3996713161468506,1.711997628211975
split_random,drug_mean,"NK cells, STK219801",0.1961963,0.737728,0.3359854817390442,1.807902216911316
split_random,drug_mean,"NK cells, TPCA-1",0.39950833,1.0396936,0.6367499828338623,1.617482304573059
split_random,drug_mean,"NK cells, MGCD-265",0.06166024,0.73182064,0.08978480100631714,1.8318402767181396
split_random,drug_mean,"NK cells, GSK-1070916",0.16342123,0.73517126,0.2260926067829132,1.7799967527389526
split_random,drug_mean,"NK cells, Clemastine",0.17222475,0.7396766,0.2832753658294678,1.735002875328064
split_random,drug_mean,"B cells, R428",0.27158815,2.0495458,0.49358177185058594,2.3876945972442627
split_random,drug_mean,"T cells, R428",0.29480392,2.0188522,0.5693057179450989,2.1543772220611572
split_random,drug_mean,"T cells, Oxybenzone",0.16446297,0.5413363,0.3836008608341217,1.5068254470825195
split_random,drug_mean,"NK cells, Vandetanib",0.06002072,0.7543854,0.07195113599300385,1.8908964395523071
split_random,drug_mean,"T cells, Tivantinib",0.40325677,0.7230813,0.6655902862548828,1.5710186958312988
split_random,drug_mean,"NK cells, Colchicine",0.22244164,1.2337353,0.45177358388900757,1.7755420207977295
split_random,drug_mean,"NK cells, ABT-199 (GDC-0199)",0.048640482,0.76002073,0.1608850359916687,1.8609801530838013
split_random,drug_mean,"NK cells, Mometasone Furoate",0.42320874,1.2304237,0.6761868596076965,1.6855264902114868
split_random,drug_mean,"T cells, Tipifarnib",0.39086315,0.67583287,0.6655551791191101,1.5624252557754517
split_random,drug_mean,"NK cells, PF-03814735",0.38214585,1.300957,0.6270796656608582,1.652878999710083
split_random,drug_mean,"NK cells, Selumetinib",0.19585869,0.8408355,0.3613710403442383,1.7938345670700073
split_random,drug_mean,"Myeloid cells, GLPG0634",0.31590134,0.947945,0.5667030811309814,1.9163119792938232
split_random,drug_mean,"NK cells, SB525334",0.282382,1.009605,0.48924434185028076,1.7045741081237793
split_random,drug_mean,"Myeloid cells, TIE2 Kinase Inhibitor",0.18433604,0.6658966,0.3332248628139496,1.8098580837249756
split_random,drug_mean,"B cells, Atorvastatin",0.19080864,0.69998115,0.36666756868362427,1.6557903289794922
split_random,drug_mean,"Myeloid cells, Phenylbutazone",0.16267493,0.6035885,0.23364000022411346,1.657736897468567
split_random,drug_mean,"Myeloid cells, Trametinib",0.27363968,1.3869703,0.40956515073776245,2.4648146629333496
split_random,drug_mean,"B cells, Dasatinib",0.16498952,1.3552556,0.31820446252822876,2.444308042526245
split_random,drug_mean,"Myeloid cells, Dasatinib",0.19614048,1.626803,0.3194931447505951,2.599858522415161
split_random,drug_mean,"Myeloid cells, AT13387",0.33985108,1.5823287,0.49639132618904114,2.2351293563842773
split_random,drug_mean,"Myeloid cells, RVX-208",0.4019425,0.85569227,0.5987141728401184,1.7953479290008545
split_random,drug_mean,"Myeloid cells, Flutamide",0.074538566,0.7879882,0.06703802198171616,1.8669275045394897
split_random,drug_mean,"B cells, BMS-536924",0.50079715,0.9844696,0.7089159488677979,1.8479293584823608
split_random,drug_mean,"B cells, Amiodarone",0.09108021,0.668976,0.22582145035266876,1.621925950050354
split_random,drug_mean,"B cells, IMD-0354",0.5971339,1.0799783,0.7776883244514465,1.6572402715682983
split_random,drug_mean,"B cells, Canertinib",0.35413656,0.8705706,0.5903029441833496,1.5975191593170166
split_random,drug_mean,"B cells, Decitabine",0.10025583,0.61416787,0.17854298651218414,1.755240797996521
split_random,drug_mean,"Myeloid cells, Resminostat",0.4026181,2.0446615,0.5066941380500793,2.6126937866210938
split_random,drug_mean,"Myeloid cells, Nilotinib",0.3151627,1.1770054,0.4733905494213104,2.2303366661071777
split_random,drug_mean,"Myeloid cells, Ceritinib",0.20294097,0.9828333,0.4359866678714752,2.1947474479675293
split_random,drug_mean,"Myeloid cells, CGM-097",0.48141772,1.1112869,0.6258249282836914,1.9304704666137695
split_random,drug_mean,"B cells, Nefazodone",0.07340656,0.7072881,0.04952426254749298,1.8770567178726196
split_random,drug_mean,"Myeloid cells, GSK-1070916",0.28735745,0.79877853,0.5013588666915894,1.7494105100631714
split_random,drug_mean,"B cells, Clemastine",0.2725131,0.7110925,0.4743000566959381,1.7214627265930176
split_random,drug_mean,"Myeloid cells, YK 4-279",0.20532472,0.647276,0.40938320755958557,1.6110261678695679
split_random,drug_mean,"B cells, Buspirone",0.1501958,0.6054272,0.17837175726890564,1.8090639114379883
split_random,drug_mean,"B cells, PF-03814735",0.5441886,1.259831,0.7490710020065308,1.7424806356430054
split_random,drug_mean,"Myeloid cells, AZD4547",0.15893158,0.7051963,0.42917099595069885,1.8158960342407227
split_random,drug_mean,"B cells, Tacalcitol",0.19504832,1.0118915,0.43754130601882935,1.7434275150299072
split_random,drug_mean,"B cells, Clotrimazole",0.15690449,0.6621725,0.25744718313217163,1.7413160800933838
split_random,drug_mean,"B cells, SB525334",0.31305382,0.96129405,0.5222000479698181,1.6418297290802002
split_random,drug_mean,"Myeloid cells, HYDROXYUREA",0.102087036,0.67312616,0.14635714888572693,1.7984771728515625
split_cell_heldout,global_train_mean,"NK cells, TIE2 Kinase Inhibitor",0.061186764,0.6426536,0.061438702046871185,1.7972984313964844
split_cell_heldout,global_train_mean,"NK cells, MK-5108",0.015189168,0.7082144,0.05955035611987114,1.8818506002426147
split_cell_heldout,global_train_mean,"NK cells, Lapatinib",-0.14703201,0.773828,-0.3178473711013794,1.9709662199020386
split_cell_heldout,global_train_mean,"NK cells, Atorvastatin",0.07647248,0.68121356,0.1009325385093689,1.7639394998550415
split_cell_heldout,global_train_mean,"NK cells, Ganetespib (STA-9090)",0.36369962,1.0744603,0.5633083581924438,2.238921880722046
split_cell_heldout,global_train_mean,"NK cells, Clomipramine",0.09601026,0.65153104,0.1760650873184204,1.7695375680923462
split_cell_heldout,global_train_mean,"NK cells, Sunitinib",0.12578842,0.6759228,0.18649831414222717,1.7670326232910156
split_cell_heldout,global_train_mean,"NK cells, Tivozanib",0.06593814,0.68754315,0.14193442463874817,1.820363163948059
split_cell_heldout,global_train_mean,"NK cells, Tamatinib",0.28870076,0.8292327,0.45734894275665283,1.8753669261932373
split_cell_heldout,global_train_mean,"NK cells, Ixabepilone",0.08478957,0.66889644,0.10989297926425934,1.8599393367767334
split_cell_heldout,global_train_mean,"NK cells, Linagliptin",0.07087968,0.66479623,0.08415580540895462,1.7841812372207642
split_cell_heldout,global_train_mean,"NK cells, 5-(9-Isopropyl-8-methyl-2-morpholino-9H-purin-6-yl)pyrimidin-2-amine",0.38251203,0.8410061,0.6160469651222229,1.9481146335601807
split_cell_heldout,global_train_mean,"NK cells, O-Demethylated Adapalene",0.03617214,0.68187726,-0.03267180174589157,1.841216802597046
split_cell_heldout,global_train_mean,"NK cells, Protriptyline",-0.010664707,0.6674401,0.01523473858833313,1.8036811351776123
split_cell_heldout,global_train_mean,"NK cells, I-BET151",0.18384689,1.0145347,0.30314695835113525,2.2588798999786377
split_cell_heldout,global_train_mean,"NK cells, Foretinib",0.28537202,0.74598014,0.490897536277771,1.8624444007873535
split_cell_heldout,global_train_mean,"NK cells, GW843682X",0.12012143,0.6656747,0.32345396280288696,1.8110904693603516
split_cell_heldout,global_train_mean,"NK cells, BMS-387032",0.18390642,0.8277728,0.37205758690834045,1.995897650718689
split_cell_heldout,global_train_mean,"NK cells, IN1451",0.24624452,1.2042323,0.37155845761299133,2.3454415798187256
split_cell_heldout,global_train_mean,"NK cells, Raloxifene",-0.0830306,0.8271823,-0.14817145466804504,2.0268049240112305
split_cell_heldout,global_train_mean,"NK cells, Topotecan",0.10352155,0.8137003,0.21198618412017822,2.0181543827056885
split_cell_heldout,global_train_mean,"NK cells, BAY 87-2243",0.34111413,0.8936323,0.5425374507904053,2.1127512454986572
split_cell_heldout,global_train_mean,"NK cells, Phenylbutazone",0.110276006,0.68537396,0.14710991084575653,1.8360874652862549
split_cell_heldout,global_train_mean,"NK cells, K-02288",0.038843114,0.6604374,0.047071389853954315,1.8203694820404053
split_cell_heldout,global_train_mean,"NK cells, BMS-777607",0.07879562,0.6759118,0.15485262870788574,1.7843432426452637
split_cell_heldout,global_train_mean,"NK cells, Porcn Inhibitor III",-0.11625739,0.8065086,-0.24681934714317322,2.0749576091766357
split_cell_heldout,global_train_mean,"NK cells, TL_HRAS26",0.03690824,0.65823084,0.00020845560356974602,1.8829293251037598
split_cell_heldout,global_train_mean,"NK cells, Proscillaridin A;Proscillaridin-A",-0.025194991,2.2831616,-0.028042716905474663,3.1982996463775635
split_cell_heldout,global_train_mean,"NK cells, Vorinostat",0.29632264,1.2035608,0.4812433421611786,2.380552291870117
split_cell_heldout,global_train_mean,"NK cells, BMS-265246",0.047100607,0.91045535,0.12275595963001251,2.1813483238220215
split_cell_heldout,global_train_mean,"NK cells, Ruxolitinib",0.24982761,0.73131675,0.437374085187912,1.8015879392623901
split_cell_heldout,global_train_mean,"NK cells, Pomalidomide",-0.10667159,0.9110673,-0.17468270659446716,2.250107526779175
split_cell_heldout,global_train_mean,"NK cells, Dovitinib",0.21895975,0.7334729,0.38725149631500244,1.8730202913284302
split_cell_heldout,global_train_mean,"NK cells, AVL-292",0.23668239,0.6793088,0.4153892695903778,1.8148021697998047
split_cell_heldout,global_train_mean,"NK cells, Navitoclax",-0.064338855,0.7634519,-0.09822283685207367,1.9874881505966187
split_cell_heldout,global_train_mean,"NK cells, Methotrexate",-0.18625513,0.73372316,-0.2867671251296997,1.987194538116455
split_cell_heldout,global_train_mean,"NK cells, Palbociclib",0.06376376,0.67561466,0.05136016011238098,1.807557463645935
split_cell_heldout,global_train_mean,"NK cells, Trametinib",0.17134282,0.71334124,0.3854061961174011,1.804442048072815
split_cell_heldout,global_train_mean,"NK cells, AMD-070 (hydrochloride)",-0.036404237,0.6800854,-0.07665696740150452,1.8615210056304932
split_cell_heldout,global_train_mean,"NK cells, Sgc-cbp30",0.2055833,0.68610114,0.38966575264930725,1.7782604694366455
split_cell_heldout,global_train_mean,"NK cells, FK 866",0.075932935,0.770414,0.23259779810905457,1.914591908454895
split_cell_heldout,global_train_mean,"NK cells, Chlorpheniramine",0.045302566,0.695164,0.10775226354598999,1.8838207721710205
split_cell_heldout,global_train_mean,"NK cells, Scriptaid",0.3160947,1.2917849,0.48033204674720764,2.4751648902893066
split_cell_heldout,global_train_mean,"NK cells, BAY 61-3606",0.27374223,1.012496,0.46735385060310364,2.1605308055877686
split_cell_heldout,global_train_mean,"NK cells, LY2090314",0.05691125,1.2427351,0.11117763817310333,2.558814764022827
split_cell_heldout,global_train_mean,"NK cells, Vardenafil",0.0981914,0.6774038,0.1804891973733902,1.8381035327911377
split_cell_heldout,global_train_mean,"NK cells, Dasatinib",0.20955525,0.76057786,0.3607957661151886,1.8625776767730713
split_cell_heldout,global_train_mean,"NK cells, AT13387",0.35638517,1.0485358,0.5325750708580017,2.214829206466675
split_cell_heldout,global_train_mean,"NK cells, PF-04691502",0.26251912,0.7651844,0.5301260948181152,1.8030121326446533
split_cell_heldout,global_train_mean,"NK cells, Perhexiline",0.3226903,0.7640072,0.5232082605361938,1.8056663274765015
split_cell_heldout,global_train_mean,"NK cells, RVX-208",0.091884054,0.7193009,0.06686905026435852,1.9090238809585571
split_cell_heldout,global_train_mean,"NK cells, Ketoconazole",-0.13688196,0.9677419,-0.28039222955703735,2.3092474937438965
split_cell_heldout,global_train_mean,"NK cells, Disulfiram",0.06457364,0.6648417,0.005564204882830381,1.867786169052124
split_cell_heldout,global_train_mean,"NK cells, Flutamide",0.0890371,0.70401496,0.2713143229484558,1.7894110679626465
split_cell_heldout,global_train_mean,"NK cells, Desloratadine",0.019091064,0.6874752,-0.06941744685173035,1.8462443351745605
split_cell_heldout,global_train_mean,"NK cells, Dactolisib",0.4354508,0.9644901,0.6505618095397949,2.1463849544525146
split_cell_heldout,global_train_mean,"NK cells, BMS-536924",0.26674202,0.7291572,0.4669375717639923,1.7968981266021729
split_cell_heldout,global_train_mean,"NK cells, IKK Inhibitor VII",0.2696281,0.73109746,0.45372751355171204,1.8367013931274414
split_cell_heldout,global_train_mean,"NK cells, Amiodarone",0.13405392,0.6735859,0.2143601030111313,1.802679419517517
split_cell_heldout,global_train_mean,"NK cells, Isoniazid",0.059129648,0.6747114,0.10734028369188309,1.836621642112732
split_cell_heldout,global_train_mean,"NK cells, IMD-0354",0.33244282,0.9015338,0.5773334503173828,2.0609853267669678
split_cell_heldout,global_train_mean,"NK cells, Canertinib",0.049805094,0.72502023,0.0866611897945404,1.964007019996643
split_cell_heldout,global_train_mean,"NK cells, Idelalisib",0.12912716,0.72225,0.2950643301010132,1.852514386177063
split_cell_heldout,global_train_mean,"NK cells, Alogliptin",-0.061334353,0.6823243,-0.20356997847557068,1.9069039821624756
split_cell_heldout,global_train_mean,"NK cells, Penfluridol",0.05423158,0.71684074,0.128518208861351,1.821790099143982
split_cell_heldout,global_train_mean,"NK cells, Quizartinib",0.009108683,0.686296,0.03252631053328514,1.866061806678772
split_cell_heldout,global_train_mean,"NK cells, RN-486",-0.08148339,0.74008334,-0.20140694081783295,1.950370192527771
split_cell_heldout,global_train_mean,"NK cells, PD-0325901",0.22713697,0.7733748,0.41334962844848633,1.9174638986587524
split_cell_heldout,global_train_mean,"NK cells, Decitabine",0.033133127,0.6675653,0.02883366495370865,1.7767244577407837
split_cell_heldout,global_train_mean,"NK cells, LDN 193189",-0.06210193,0.73126566,-0.23387590050697327,1.9349336624145508
split_cell_heldout,global_train_mean,"NK cells, Cabozantinib",0.002860075,0.71103334,0.06104038655757904,1.830500841140747
split_cell_heldout,global_train_mean,"NK cells, Riociguat",0.06753074,0.6890508,0.1621423214673996,1.834964632987976
split_cell_heldout,global_train_mean,"NK cells, CHIR-99021",-0.053698525,0.7865053,-0.13712984323501587,1.9971071481704712
split_cell_heldout,global_train_mean,"NK cells, Defactinib",0.09837328,0.6884737,0.2706940472126007,1.8385668992996216
split_cell_heldout,global_train_mean,"NK cells, BI-D1870",-0.0051166415,0.7529527,0.08308476209640503,1.8340896368026733
split_cell_heldout,global_train_mean,"NK cells, AZD3514",0.11244472,0.69274604,0.23179206252098083,1.817420482635498
split_cell_heldout,global_train_mean,"NK cells, HMN-214",-0.013137998,0.73715496,-0.01687915250658989,1.853747844696045
split_cell_heldout,global_train_mean,"NK cells, CC-401",0.21648124,0.6986501,0.3963223695755005,1.8073076009750366
split_cell_heldout,global_train_mean,"NK cells, Resminostat",0.28400618,1.3000737,0.43178072571754456,2.460207939147949
split_cell_heldout,global_train_mean,"NK cells, Crizotinib",0.2697734,0.7002376,0.4737232029438019,1.745237946510315
split_cell_heldout,global_train_mean,"NK cells, Azacitidine",0.11262549,0.6647627,0.1371423453092575,1.8314635753631592
split_cell_heldout,global_train_mean,"NK cells, TR-14035",0.18478152,0.62733394,0.28304311633110046,1.8250285387039185
split_cell_heldout,global_train_mean,"NK cells, Nilotinib",0.26368096,0.7196474,0.48850536346435547,1.7946311235427856
split_cell_heldout,global_train_mean,"NK cells, AT 7867",0.2661034,0.72222686,0.47811272740364075,1.8321104049682617
split_cell_heldout,global_train_mean,"NK cells, OSI-930",-0.12577458,0.74337107,-0.32351288199424744,1.9489541053771973
split_cell_heldout,global_train_mean,"NK cells, GO-6976",-0.09816896,0.8443178,-0.1741347461938858,2.016310691833496
split_cell_heldout,global_train_mean,"NK cells, Saracatinib",0.231634,0.73535705,0.3627866804599762,1.886586308479309
split_cell_heldout,global_train_mean,"NK cells, RG7112",0.19699876,0.66591316,0.3774630129337311,1.8924463987350464
split_cell_heldout,global_train_mean,"NK cells, Lamivudine",0.12568541,0.67907536,0.1776684820652008,1.8879016637802124
split_cell_heldout,global_train_mean,"NK cells, TGX 221",0.2786668,0.7175416,0.4364470839500427,1.8064464330673218
split_cell_heldout,global_train_mean,"NK cells, Pitavastatin Calcium",-0.16833138,1.4517673,-0.22560997307300568,2.7414450645446777
split_cell_heldout,global_train_mean,"NK cells, ABT737",0.06729649,0.7567728,0.15306244790554047,1.9097585678100586
split_cell_heldout,global_train_mean,"NK cells, PRT-062607",0.30342567,0.7289696,0.5368274450302124,1.785839557647705
split_cell_heldout,global_train_mean,"NK cells, AZ628",0.24048996,0.7089648,0.4547466039657593,1.7818682193756104
split_cell_heldout,global_train_mean,"NK cells, AZD-8330",0.31022146,0.7282709,0.5023800134658813,1.7896604537963867
split_cell_heldout,global_train_mean,"NK cells, Masitinib",0.18184206,0.6783135,0.24113953113555908,1.8245484828948975
split_cell_heldout,global_train_mean,"NK cells, Ceritinib",0.24740745,0.6868482,0.4199404716491699,1.7884441614151
split_cell_heldout,global_train_mean,"NK cells, CGM-097",-0.0047182804,0.8699211,0.05719330906867981,2.0956554412841797
split_cell_heldout,global_train_mean,"NK cells, SLx-2119",0.11234589,0.7272127,0.07850543409585953,1.9928382635116577
split_cell_heldout,global_train_mean,"NK cells, Nefazodone",0.119318314,0.678058,0.23687458038330078,1.8317662477493286
split_cell_heldout,global_train_mean,"NK cells, STK219801",0.08923186,0.69831324,0.1086244285106659,1.9388374090194702
split_cell_heldout,global_train_mean,"NK cells, TPCA-1",0.37118876,0.83987564,0.5973820686340332,1.8871233463287354
split_cell_heldout,global_train_mean,"NK cells, MGCD-265",0.042779196,0.6793725,-0.015608702786266804,1.8441553115844727
split_cell_heldout,global_train_mean,"NK cells, GSK-1070916",0.09960926,0.6707678,0.20695574581623077,1.7908178567886353
split_cell_heldout,global_train_mean,"NK cells, Ricolinostat",0.068659514,0.78384864,0.09512022137641907,1.927676796913147
split_cell_heldout,global_train_mean,"NK cells, Bosutinib",0.2838957,0.7608841,0.47030073404312134,1.886974573135376
split_cell_heldout,global_train_mean,"NK cells, Clemastine",0.14736567,0.66909814,0.17125242948532104,1.7845841646194458
split_cell_heldout,global_train_mean,"NK cells, YK 4-279",-0.09474463,0.74814403,-0.16431351006031036,1.8955528736114502
split_cell_heldout,global_train_mean,"NK cells, Buspirone",0.024359575,0.6426435,-0.06953447312116623,1.8152910470962524
split_cell_heldout,global_train_mean,"NK cells, Midostaurin",0.27014774,0.72435695,0.45219534635543823,1.7728873491287231
split_cell_heldout,global_train_mean,"NK cells, CEP-37440",0.21504723,0.6834904,0.36129504442214966,1.8192192316055298
split_cell_heldout,global_train_mean,"NK cells, GSK256066",0.24884853,0.87227464,0.43399229645729065,2.0396032333374023
split_cell_heldout,global_train_mean,"NK cells, Oxybenzone",0.10315377,0.65541875,0.1301753968000412,1.7977114915847778
split_cell_heldout,global_train_mean,"NK cells, Vandetanib",0.10861244,0.67575943,0.239522784948349,1.8342235088348389
split_cell_heldout,global_train_mean,"NK cells, Imatinib",0.12092774,0.6876425,0.2634927034378052,1.8229331970214844
split_cell_heldout,global_train_mean,"NK cells, SCH-58261",-0.03788408,0.7121413,-0.05208316817879677,1.8849797248840332
split_cell_heldout,global_train_mean,"NK cells, Colforsin",0.058387298,0.68192166,-0.004884935915470123,1.8481032848358154
split_cell_heldout,global_train_mean,"NK cells, Tivantinib",0.1712186,0.69050276,0.3383852541446686,1.8332809209823608
split_cell_heldout,global_train_mean,"NK cells, Tosedostat",0.26484972,0.74514556,0.49252957105636597,1.8621325492858887
split_cell_heldout,global_train_mean,"NK cells, Colchicine",0.19894823,0.72834325,0.35980692505836487,1.821700930595398
split_cell_heldout,global_train_mean,"NK cells, ABT-199 (GDC-0199)",0.03424111,0.6829457,0.08737139403820038,1.8640748262405396
split_cell_heldout,global_train_mean,"NK cells, Mometasone Furoate",0.320429,0.9238254,0.5074062347412109,2.1275315284729004
split_cell_heldout,global_train_mean,"NK cells, Tipifarnib",0.22354656,0.6944301,0.41459640860557556,1.82277250289917
split_cell_heldout,global_train_mean,"NK cells, BX 912",0.25749183,0.71744305,0.43372857570648193,1.7780147790908813
split_cell_heldout,global_train_mean,"NK cells, Doxorubicin",0.23609434,0.84224266,0.43891528248786926,2.052116632461548
split_cell_heldout,global_train_mean,"NK cells, PF-03814735",0.2821287,0.83139664,0.47073376178741455,1.9240524768829346
split_cell_heldout,global_train_mean,"NK cells, AZD4547",0.092711784,0.68030995,0.2444019317626953,1.8077125549316406
split_cell_heldout,global_train_mean,"NK cells, Prednisolone",0.28483918,0.9109838,0.4548083543777466,2.145504951477051
split_cell_heldout,global_train_mean,"NK cells, Tacalcitol",0.17886436,0.6956396,0.3070329427719116,1.8145127296447754
split_cell_heldout,global_train_mean,"NK cells, Selumetinib",0.14655754,0.7185816,0.273297518491745,1.847434639930725
split_cell_heldout,global_train_mean,"NK cells, Clotrimazole",0.09094603,0.663328,0.1796366423368454,1.822244644165039
split_cell_heldout,global_train_mean,"NK cells, RG7090",0.007552634,0.7180264,0.0487557128071785,1.8785158395767212
split_cell_heldout,global_train_mean,"NK cells, GLPG0634",0.25861198,0.72645557,0.44510552287101746,1.8201606273651123
split_cell_heldout,global_train_mean,"NK cells, Mubritinib (TAK 165)",0.26268724,0.82307446,0.4886910021305084,1.9906706809997559
split_cell_heldout,global_train_mean,"NK cells, Vanoxerine",0.11548536,0.68250257,0.14556099474430084,1.7866594791412354
split_cell_heldout,global_train_mean,"NK cells, SB525334",-0.1788386,0.83505017,-0.3388613164424896,2.061558485031128
split_cell_heldout,global_train_mean,"NK cells, HYDROXYUREA",0.0011691981,0.68817306,-0.05854355916380882,1.8276160955429077
split_cell_heldout,cell_context_mean,"NK cells, TIE2 Kinase Inhibitor",0.061186764,0.6426536,0.061438702046871185,1.7972984313964844
split_cell_heldout,cell_context_mean,"NK cells, MK-5108",0.015189168,0.7082144,0.05955035611987114,1.8818506002426147
split_cell_heldout,cell_context_mean,"NK cells, Lapatinib",-0.14703201,0.773828,-0.3178473711013794,1.9709662199020386
split_cell_heldout,cell_context_mean,"NK cells, Atorvastatin",0.07647248,0.68121356,0.1009325385093689,1.7639394998550415
split_cell_heldout,cell_context_mean,"NK cells, Ganetespib (STA-9090)",0.36369962,1.0744603,0.5633083581924438,2.238921880722046
split_cell_heldout,cell_context_mean,"NK cells, Clomipramine",0.09601026,0.65153104,0.1760650873184204,1.7695375680923462
split_cell_heldout,cell_context_mean,"NK cells, Sunitinib",0.12578842,0.6759228,0.18649831414222717,1.7670326232910156
split_cell_heldout,cell_context_mean,"NK cells, Tivozanib",0.06593814,0.68754315,0.14193442463874817,1.820363163948059
split_cell_heldout,cell_context_mean,"NK cells, Tamatinib",0.28870076,0.8292327,0.45734894275665283,1.8753669261932373
split_cell_heldout,cell_context_mean,"NK cells, Ixabepilone",0.08478957,0.66889644,0.10989297926425934,1.8599393367767334
split_cell_heldout,cell_context_mean,"NK cells, Linagliptin",0.07087968,0.66479623,0.08415580540895462,1.7841812372207642
split_cell_heldout,cell_context_mean,"NK cells, 5-(9-Isopropyl-8-methyl-2-morpholino-9H-purin-6-yl)pyrimidin-2-amine",0.38251203,0.8410061,0.6160469651222229,1.9481146335601807
split_cell_heldout,cell_context_mean,"NK cells, O-Demethylated Adapalene",0.03617214,0.68187726,-0.03267180174589157,1.841216802597046
split_cell_heldout,cell_context_mean,"NK cells, Protriptyline",-0.010664707,0.6674401,0.01523473858833313,1.8036811351776123
split_cell_heldout,cell_context_mean,"NK cells, I-BET151",0.18384689,1.0145347,0.30314695835113525,2.2588798999786377
split_cell_heldout,cell_context_mean,"NK cells, Foretinib",0.28537202,0.74598014,0.490897536277771,1.8624444007873535
split_cell_heldout,cell_context_mean,"NK cells, GW843682X",0.12012143,0.6656747,0.32345396280288696,1.8110904693603516
split_cell_heldout,cell_context_mean,"NK cells, BMS-387032",0.18390642,0.8277728,0.37205758690834045,1.995897650718689
split_cell_heldout,cell_context_mean,"NK cells, IN1451",0.24624452,1.2042323,0.37155845761299133,2.3454415798187256
split_cell_heldout,cell_context_mean,"NK cells, Raloxifene",-0.0830306,0.8271823,-0.14817145466804504,2.0268049240112305
split_cell_heldout,cell_context_mean,"NK cells, Topotecan",0.10352155,0.8137003,0.21198618412017822,2.0181543827056885
split_cell_heldout,cell_context_mean,"NK cells, BAY 87-2243",0.34111413,0.8936323,0.5425374507904053,2.1127512454986572
split_cell_heldout,cell_context_mean,"NK cells, Phenylbutazone",0.110276006,0.68537396,0.14710991084575653,1.8360874652862549
split_cell_heldout,cell_context_mean,"NK cells, K-02288",0.038843114,0.6604374,0.047071389853954315,1.8203694820404053
split_cell_heldout,cell_context_mean,"NK cells, BMS-777607",0.07879562,0.6759118,0.15485262870788574,1.7843432426452637
split_cell_heldout,cell_context_mean,"NK cells, Porcn Inhibitor III",-0.11625739,0.8065086,-0.24681934714317322,2.0749576091766357
split_cell_heldout,cell_context_mean,"NK cells, TL_HRAS26",0.03690824,0.65823084,0.00020845560356974602,1.8829293251037598
split_cell_heldout,cell_context_mean,"NK cells, Proscillaridin A;Proscillaridin-A",-0.025194991,2.2831616,-0.028042716905474663,3.1982996463775635
split_cell_heldout,cell_context_mean,"NK cells, Vorinostat",0.29632264,1.2035608,0.4812433421611786,2.380552291870117
split_cell_heldout,cell_context_mean,"NK cells, BMS-265246",0.047100607,0.91045535,0.12275595963001251,2.1813483238220215
split_cell_heldout,cell_context_mean,"NK cells, Ruxolitinib",0.24982761,0.73131675,0.437374085187912,1.8015879392623901
split_cell_heldout,cell_context_mean,"NK cells, Pomalidomide",-0.10667159,0.9110673,-0.17468270659446716,2.250107526779175
split_cell_heldout,cell_context_mean,"NK cells, Dovitinib",0.21895975,0.7334729,0.38725149631500244,1.8730202913284302
split_cell_heldout,cell_context_mean,"NK cells, AVL-292",0.23668239,0.6793088,0.4153892695903778,1.8148021697998047
split_cell_heldout,cell_context_mean,"NK cells, Navitoclax",-0.064338855,0.7634519,-0.09822283685207367,1.9874881505966187
split_cell_heldout,cell_context_mean,"NK cells, Methotrexate",-0.18625513,0.73372316,-0.2867671251296997,1.987194538116455
split_cell_heldout,cell_context_mean,"NK cells, Palbociclib",0.06376376,0.67561466,0.05136016011238098,1.807557463645935
split_cell_heldout,cell_context_mean,"NK cells, Trametinib",0.17134282,0.71334124,0.3854061961174011,1.804442048072815
split_cell_heldout,cell_context_mean,"NK cells, AMD-070 (hydrochloride)",-0.036404237,0.6800854,-0.07665696740150452,1.8615210056304932
split_cell_heldout,cell_context_mean,"NK cells, Sgc-cbp30",0.2055833,0.68610114,0.38966575264930725,1.7782604694366455
split_cell_heldout,cell_context_mean,"NK cells, FK 866",0.075932935,0.770414,0.23259779810905457,1.914591908454895
split_cell_heldout,cell_context_mean,"NK cells, Chlorpheniramine",0.045302566,0.695164,0.10775226354598999,1.8838207721710205
split_cell_heldout,cell_context_mean,"NK cells, Scriptaid",0.3160947,1.2917849,0.48033204674720764,2.4751648902893066
split_cell_heldout,cell_context_mean,"NK cells, BAY 61-3606",0.27374223,1.012496,0.46735385060310364,2.1605308055877686
split_cell_heldout,cell_context_mean,"NK cells, LY2090314",0.05691125,1.2427351,0.11117763817310333,2.558814764022827
split_cell_heldout,cell_context_mean,"NK cells, Vardenafil",0.0981914,0.6774038,0.1804891973733902,1.8381035327911377
split_cell_heldout,cell_context_mean,"NK cells, Dasatinib",0.20955525,0.76057786,0.3607957661151886,1.8625776767730713
split_cell_heldout,cell_context_mean,"NK cells, AT13387",0.35638517,1.0485358,0.5325750708580017,2.214829206466675
split_cell_heldout,cell_context_mean,"NK cells, PF-04691502",0.26251912,0.7651844,0.5301260948181152,1.8030121326446533
split_cell_heldout,cell_context_mean,"NK cells, Perhexiline",0.3226903,0.7640072,0.5232082605361938,1.8056663274765015
split_cell_heldout,cell_context_mean,"NK cells, RVX-208",0.091884054,0.7193009,0.06686905026435852,1.9090238809585571
split_cell_heldout,cell_context_mean,"NK cells, Ketoconazole",-0.13688196,0.9677419,-0.28039222955703735,2.3092474937438965
split_cell_heldout,cell_context_mean,"NK cells, Disulfiram",0.06457364,0.6648417,0.005564204882830381,1.867786169052124
split_cell_heldout,cell_context_mean,"NK cells, Flutamide",0.0890371,0.70401496,0.2713143229484558,1.7894110679626465
split_cell_heldout,cell_context_mean,"NK cells, Desloratadine",0.019091064,0.6874752,-0.06941744685173035,1.8462443351745605
split_cell_heldout,cell_context_mean,"NK cells, Dactolisib",0.4354508,0.9644901,0.6505618095397949,2.1463849544525146
split_cell_heldout,cell_context_mean,"NK cells, BMS-536924",0.26674202,0.7291572,0.4669375717639923,1.7968981266021729
split_cell_heldout,cell_context_mean,"NK cells, IKK Inhibitor VII",0.2696281,0.73109746,0.45372751355171204,1.8367013931274414
split_cell_heldout,cell_context_mean,"NK cells, Amiodarone",0.13405392,0.6735859,0.2143601030111313,1.802679419517517
split_cell_heldout,cell_context_mean,"NK cells, Isoniazid",0.059129648,0.6747114,0.10734028369188309,1.836621642112732
split_cell_heldout,cell_context_mean,"NK cells, IMD-0354",0.33244282,0.9015338,0.5773334503173828,2.0609853267669678
split_cell_heldout,cell_context_mean,"NK cells, Canertinib",0.049805094,0.72502023,0.0866611897945404,1.964007019996643
split_cell_heldout,cell_context_mean,"NK cells, Idelalisib",0.12912716,0.72225,0.2950643301010132,1.852514386177063
split_cell_heldout,cell_context_mean,"NK cells, Alogliptin",-0.061334353,0.6823243,-0.20356997847557068,1.9069039821624756
split_cell_heldout,cell_context_mean,"NK cells, Penfluridol",0.05423158,0.71684074,0.128518208861351,1.821790099143982
split_cell_heldout,cell_context_mean,"NK cells, Quizartinib",0.009108683,0.686296,0.03252631053328514,1.866061806678772
split_cell_heldout,cell_context_mean,"NK cells, RN-486",-0.08148339,0.74008334,-0.20140694081783295,1.950370192527771
split_cell_heldout,cell_context_mean,"NK cells, PD-0325901",0.22713697,0.7733748,0.41334962844848633,1.9174638986587524
split_cell_heldout,cell_context_mean,"NK cells, Decitabine",0.033133127,0.6675653,0.02883366495370865,1.7767244577407837
split_cell_heldout,cell_context_mean,"NK cells, LDN 193189",-0.06210193,0.73126566,-0.23387590050697327,1.9349336624145508
split_cell_heldout,cell_context_mean,"NK cells, Cabozantinib",0.002860075,0.71103334,0.06104038655757904,1.830500841140747
split_cell_heldout,cell_context_mean,"NK cells, Riociguat",0.06753074,0.6890508,0.1621423214673996,1.834964632987976
split_cell_heldout,cell_context_mean,"NK cells, CHIR-99021",-0.053698525,0.7865053,-0.13712984323501587,1.9971071481704712
split_cell_heldout,cell_context_mean,"NK cells, Defactinib",0.09837328,0.6884737,0.2706940472126007,1.8385668992996216
split_cell_heldout,cell_context_mean,"NK cells, BI-D1870",-0.0051166415,0.7529527,0.08308476209640503,1.8340896368026733
split_cell_heldout,cell_context_mean,"NK cells, AZD3514",0.11244472,0.69274604,0.23179206252098083,1.817420482635498
split_cell_heldout,cell_context_mean,"NK cells, HMN-214",-0.013137998,0.73715496,-0.01687915250658989,1.853747844696045
split_cell_heldout,cell_context_mean,"NK cells, CC-401",0.21648124,0.6986501,0.3963223695755005,1.8073076009750366
split_cell_heldout,cell_context_mean,"NK cells, Resminostat",0.28400618,1.3000737,0.43178072571754456,2.460207939147949
split_cell_heldout,cell_context_mean,"NK cells, Crizotinib",0.2697734,0.7002376,0.4737232029438019,1.745237946510315
split_cell_heldout,cell_context_mean,"NK cells, Azacitidine",0.11262549,0.6647627,0.1371423453092575,1.8314635753631592
split_cell_heldout,cell_context_mean,"NK cells, TR-14035",0.18478152,0.62733394,0.28304311633110046,1.8250285387039185
split_cell_heldout,cell_context_mean,"NK cells, Nilotinib",0.26368096,0.7196474,0.48850536346435547,1.7946311235427856
split_cell_heldout,cell_context_mean,"NK cells, AT 7867",0.2661034,0.72222686,0.47811272740364075,1.8321104049682617
split_cell_heldout,cell_context_mean,"NK cells, OSI-930",-0.12577458,0.74337107,-0.32351288199424744,1.9489541053771973
split_cell_heldout,cell_context_mean,"NK cells, GO-6976",-0.09816896,0.8443178,-0.1741347461938858,2.016310691833496
split_cell_heldout,cell_context_mean,"NK cells, Saracatinib",0.231634,0.73535705,0.3627866804599762,1.886586308479309
split_cell_heldout,cell_context_mean,"NK cells, RG7112",0.19699876,0.66591316,0.3774630129337311,1.8924463987350464
split_cell_heldout,cell_context_mean,"NK cells, Lamivudine",0.12568541,0.67907536,0.1776684820652008,1.8879016637802124
split_cell_heldout,cell_context_mean,"NK cells, TGX 221",0.2786668,0.7175416,0.4364470839500427,1.8064464330673218
split_cell_heldout,cell_context_mean,"NK cells, Pitavastatin Calcium",-0.16833138,1.4517673,-0.22560997307300568,2.7414450645446777
split_cell_heldout,cell_context_mean,"NK cells, ABT737",0.06729649,0.7567728,0.15306244790554047,1.9097585678100586
split_cell_heldout,cell_context_mean,"NK cells, PRT-062607",0.30342567,0.7289696,0.5368274450302124,1.785839557647705
split_cell_heldout,cell_context_mean,"NK cells, AZ628",0.24048996,0.7089648,0.4547466039657593,1.7818682193756104
split_cell_heldout,cell_context_mean,"NK cells, AZD-8330",0.31022146,0.7282709,0.5023800134658813,1.7896604537963867
split_cell_heldout,cell_context_mean,"NK cells, Masitinib",0.18184206,0.6783135,0.24113953113555908,1.8245484828948975
split_cell_heldout,cell_context_mean,"NK cells, Ceritinib",0.24740745,0.6868482,0.4199404716491699,1.7884441614151
split_cell_heldout,cell_context_mean,"NK cells, CGM-097",-0.0047182804,0.8699211,0.05719330906867981,2.0956554412841797
split_cell_heldout,cell_context_mean,"NK cells, SLx-2119",0.11234589,0.7272127,0.07850543409585953,1.9928382635116577
split_cell_heldout,cell_context_mean,"NK cells, Nefazodone",0.119318314,0.678058,0.23687458038330078,1.8317662477493286
split_cell_heldout,cell_context_mean,"NK cells, STK219801",0.08923186,0.69831324,0.1086244285106659,1.9388374090194702
split_cell_heldout,cell_context_mean,"NK cells, TPCA-1",0.37118876,0.83987564,0.5973820686340332,1.8871233463287354
split_cell_heldout,cell_context_mean,"NK cells, MGCD-265",0.042779196,0.6793725,-0.015608702786266804,1.8441553115844727
split_cell_heldout,cell_context_mean,"NK cells, GSK-1070916",0.09960926,0.6707678,0.20695574581623077,1.7908178567886353
split_cell_heldout,cell_context_mean,"NK cells, Ricolinostat",0.068659514,0.78384864,0.09512022137641907,1.927676796913147
split_cell_heldout,cell_context_mean,"NK cells, Bosutinib",0.2838957,0.7608841,0.47030073404312134,1.886974573135376
split_cell_heldout,cell_context_mean,"NK cells, Clemastine",0.14736567,0.66909814,0.17125242948532104,1.7845841646194458
split_cell_heldout,cell_context_mean,"NK cells, YK 4-279",-0.09474463,0.74814403,-0.16431351006031036,1.8955528736114502
split_cell_heldout,cell_context_mean,"NK cells, Buspirone",0.024359575,0.6426435,-0.06953447312116623,1.8152910470962524
split_cell_heldout,cell_context_mean,"NK cells, Midostaurin",0.27014774,0.72435695,0.45219534635543823,1.7728873491287231
split_cell_heldout,cell_context_mean,"NK cells, CEP-37440",0.21504723,0.6834904,0.36129504442214966,1.8192192316055298
split_cell_heldout,cell_context_mean,"NK cells, GSK256066",0.24884853,0.87227464,0.43399229645729065,2.0396032333374023
split_cell_heldout,cell_context_mean,"NK cells, Oxybenzone",0.10315377,0.65541875,0.1301753968000412,1.7977114915847778
split_cell_heldout,cell_context_mean,"NK cells, Vandetanib",0.10861244,0.67575943,0.239522784948349,1.8342235088348389
split_cell_heldout,cell_context_mean,"NK cells, Imatinib",0.12092774,0.6876425,0.2634927034378052,1.8229331970214844
split_cell_heldout,cell_context_mean,"NK cells, SCH-58261",-0.03788408,0.7121413,-0.05208316817879677,1.8849797248840332
split_cell_heldout,cell_context_mean,"NK cells, Colforsin",0.058387298,0.68192166,-0.004884935915470123,1.8481032848358154
split_cell_heldout,cell_context_mean,"NK cells, Tivantinib",0.1712186,0.69050276,0.3383852541446686,1.8332809209823608
split_cell_heldout,cell_context_mean,"NK cells, Tosedostat",0.26484972,0.74514556,0.49252957105636597,1.8621325492858887
split_cell_heldout,cell_context_mean,"NK cells, Colchicine",0.19894823,0.72834325,0.35980692505836487,1.821700930595398
split_cell_heldout,cell_context_mean,"NK cells, ABT-199 (GDC-0199)",0.03424111,0.6829457,0.08737139403820038,1.8640748262405396
split_cell_heldout,cell_context_mean,"NK cells, Mometasone Furoate",0.320429,0.9238254,0.5074062347412109,2.1275315284729004
split_cell_heldout,cell_context_mean,"NK cells, Tipifarnib",0.22354656,0.6944301,0.41459640860557556,1.82277250289917
split_cell_heldout,cell_context_mean,"NK cells, BX 912",0.25749183,0.71744305,0.43372857570648193,1.7780147790908813
split_cell_heldout,cell_context_mean,"NK cells, Doxorubicin",0.23609434,0.84224266,0.43891528248786926,2.052116632461548
split_cell_heldout,cell_context_mean,"NK cells, PF-03814735",0.2821287,0.83139664,0.47073376178741455,1.9240524768829346
split_cell_heldout,cell_context_mean,"NK cells, AZD4547",0.092711784,0.68030995,0.2444019317626953,1.8077125549316406
split_cell_heldout,cell_context_mean,"NK cells, Prednisolone",0.28483918,0.9109838,0.4548083543777466,2.145504951477051
split_cell_heldout,cell_context_mean,"NK cells, Tacalcitol",0.17886436,0.6956396,0.3070329427719116,1.8145127296447754
split_cell_heldout,cell_context_mean,"NK cells, Selumetinib",0.14655754,0.7185816,0.273297518491745,1.847434639930725
split_cell_heldout,cell_context_mean,"NK cells, Clotrimazole",0.09094603,0.663328,0.1796366423368454,1.822244644165039
split_cell_heldout,cell_context_mean,"NK cells, RG7090",0.007552634,0.7180264,0.0487557128071785,1.8785158395767212
split_cell_heldout,cell_context_mean,"NK cells, GLPG0634",0.25861198,0.72645557,0.44510552287101746,1.8201606273651123
split_cell_heldout,cell_context_mean,"NK cells, Mubritinib (TAK 165)",0.26268724,0.82307446,0.4886910021305084,1.9906706809997559
split_cell_heldout,cell_context_mean,"NK cells, Vanoxerine",0.11548536,0.68250257,0.14556099474430084,1.7866594791412354
split_cell_heldout,cell_context_mean,"NK cells, SB525334",-0.1788386,0.83505017,-0.3388613164424896,2.061558485031128
split_cell_heldout,cell_context_mean,"NK cells, HYDROXYUREA",0.0011691981,0.68817306,-0.05854355916380882,1.8276160955429077
split_cell_heldout,drug_mean,"NK cells, TIE2 Kinase Inhibitor",0.11161667,0.67181885,0.12468786537647247,1.7960577011108398
split_cell_heldout,drug_mean,"NK cells, MK-5108",0.16313528,0.7017395,0.2827816903591156,1.8115673065185547
split_cell_heldout,drug_mean,"NK cells, Lapatinib",0.17307582,0.7359992,0.38234663009643555,1.7272979021072388
split_cell_heldout,drug_mean,"NK cells, Atorvastatin",0.1538468,0.7127811,0.2858460247516632,1.7137866020202637
split_cell_heldout,drug_mean,"NK cells, Ganetespib (STA-9090)",0.5621755,1.2506677,0.7898524403572083,1.4860559701919556
split_cell_heldout,drug_mean,"NK cells, Clomipramine",0.19019516,0.6738205,0.3200608491897583,1.7046557664871216
split_cell_heldout,drug_mean,"NK cells, Sunitinib",0.2063105,0.7429112,0.3754885196685791,1.6701706647872925
split_cell_heldout,drug_mean,"NK cells, Tivozanib",0.15387714,0.7601667,0.2547030448913574,1.7872925996780396
split_cell_heldout,drug_mean,"NK cells, Tamatinib",0.4049985,1.0143595,0.6128730773925781,1.6009553670883179
split_cell_heldout,drug_mean,"NK cells, Ixabepilone",0.12481861,0.6938468,0.2901086211204529,1.7929637432098389
split_cell_heldout,drug_mean,"NK cells, Linagliptin",0.07046094,0.6955858,0.17554360628128052,1.7695589065551758
split_cell_heldout,drug_mean,"NK cells, 5-(9-Isopropyl-8-methyl-2-morpholino-9H-purin-6-yl)pyrimidin-2-amine",0.4799846,1.1301831,0.6987916231155396,1.5847779512405396
split_cell_heldout,drug_mean,"NK cells, O-Demethylated Adapalene",0.11034028,0.7489381,0.15066036581993103,1.7894941568374634
split_cell_heldout,drug_mean,"NK cells, Protriptyline",0.0781676,0.66411495,0.1486644744873047,1.7813905477523804
split_cell_heldout,drug_mean,"NK cells, I-BET151",0.54086816,1.2231826,0.7642133831977844,1.5402618646621704
split_cell_heldout,drug_mean,"NK cells, Foretinib",0.34194252,0.9573988,0.5416256189346313,1.7111939191818237
split_cell_heldout,drug_mean,"NK cells, GW843682X",0.1529715,0.7209193,0.290841281414032,1.7955665588378906
split_cell_heldout,drug_mean,"NK cells, BMS-387032",0.3487581,1.2771254,0.5937512516975403,1.7746987342834473
split_cell_heldout,drug_mean,"NK cells, IN1451",0.6334805,1.574507,0.856529176235199,1.385409951210022
split_cell_heldout,drug_mean,"NK cells, Raloxifene",0.22566356,0.8178463,0.45734721422195435,1.7721717357635498
split_cell_heldout,drug_mean,"NK cells, Topotecan",0.4036741,0.91178465,0.656148374080658,1.5674028396606445
split_cell_heldout,drug_mean,"NK cells, BAY 87-2243",0.5089842,0.928767,0.7291316986083984,1.5232957601547241
split_cell_heldout,drug_mean,"NK cells, Phenylbutazone",0.13350362,0.69717956,0.19861909747123718,1.8202773332595825
split_cell_heldout,drug_mean,"NK cells, K-02288",0.047912464,0.742847,0.05638039857149124,1.8410238027572632
split_cell_heldout,drug_mean,"NK cells, BMS-777607",0.08097672,0.74859923,0.16953860223293304,1.7819139957427979
split_cell_heldout,drug_mean,"NK cells, Porcn Inhibitor III",0.1844637,0.8262939,0.3818577826023102,1.8489137887954712
split_cell_heldout,drug_mean,"NK cells, TL_HRAS26",0.11347321,0.678171,0.22575730085372925,1.822848916053772
split_cell_heldout,drug_mean,"NK cells, Proscillaridin A;Proscillaridin-A",0.7799366,1.5751841,0.8863514065742493,1.4765499830245972
split_cell_heldout,drug_mean,"NK cells, Vorinostat",0.6318492,1.2551368,0.8182791471481323,1.4579097032546997
split_cell_heldout,drug_mean,"NK cells, BMS-265246",0.49938154,1.025969,0.7787986993789673,1.3666179180145264
split_cell_heldout,drug_mean,"NK cells, Ruxolitinib",0.2618269,0.9927588,0.4785003662109375,1.7089214324951172
split_cell_heldout,drug_mean,"NK cells, Pomalidomide",0.38829905,0.90551955,0.6289709210395813,1.6549264192581177
split_cell_heldout,drug_mean,"NK cells, Dovitinib",0.25857127,0.8274858,0.4357120096683502,1.785685420036316
split_cell_heldout,drug_mean,"NK cells, AVL-292",0.26113427,0.82656807,0.47108447551727295,1.711806297302246
split_cell_heldout,drug_mean,"NK cells, Navitoclax",0.16032472,0.79435045,0.30337342619895935,1.8617486953735352
split_cell_heldout,drug_mean,"NK cells, Methotrexate",0.10428629,0.7611067,0.12097235769033432,1.8991200923919678
split_cell_heldout,drug_mean,"NK cells, Palbociclib",0.14046222,0.7168707,0.2847234904766083,1.73479163646698
split_cell_heldout,drug_mean,"NK cells, Trametinib",0.22109133,0.8788574,0.4331507682800293,1.7294894456863403
split_cell_heldout,drug_mean,"NK cells, AMD-070 (hydrochloride)",0.0629812,0.7321258,0.08971492201089859,1.8582521677017212
split_cell_heldout,drug_mean,"NK cells, Sgc-cbp30",0.24672408,0.7745227,0.4284985065460205,1.7043999433517456
split_cell_heldout,drug_mean,"NK cells, FK 866",0.26399365,0.8920679,0.47221753001213074,1.7320142984390259
split_cell_heldout,drug_mean,"NK cells, Chlorpheniramine",0.09009261,0.71439946,0.11058252304792404,1.8863861560821533
split_cell_heldout,drug_mean,"NK cells, Scriptaid",0.659138,1.2823478,0.8337781429290771,1.4502990245819092
split_cell_heldout,drug_mean,"NK cells, BAY 61-3606",0.48816037,1.2639074,0.7305433750152588,1.5801881551742554
split_cell_heldout,drug_mean,"NK cells, LY2090314",0.564625,1.2217149,0.779244601726532,1.597110390663147
split_cell_heldout,drug_mean,"NK cells, Vardenafil",0.08949141,0.7250137,0.0993550643324852,1.8738396167755127
split_cell_heldout,drug_mean,"NK cells, Dasatinib",0.25980395,1.1220634,0.4517551362514496,1.7782748937606812
split_cell_heldout,drug_mean,"NK cells, AT13387",0.5203472,1.222557,0.7640440464019775,1.5428102016448975
split_cell_heldout,drug_mean,"NK cells, PF-04691502",0.29831627,1.0834839,0.5573479533195496,1.6606124639511108
split_cell_heldout,drug_mean,"NK cells, Perhexiline",0.3518443,0.91195506,0.5620303750038147,1.641564130783081
split_cell_heldout,drug_mean,"NK cells, RVX-208",0.29143807,0.79227614,0.48844674229621887,1.6187185049057007
split_cell_heldout,drug_mean,"NK cells, Ketoconazole",0.52223164,0.88750774,0.7103703022003174,1.5078825950622559
split_cell_heldout,drug_mean,"NK cells, Disulfiram",0.16176596,0.67017275,0.24208614230155945,1.7979627847671509
split_cell_heldout,drug_mean,"NK cells, Flutamide",0.11098192,0.71887773,0.26538899540901184,1.7837331295013428
split_cell_heldout,drug_mean,"NK cells, Desloratadine",0.10976226,0.6995453,0.11624015122652054,1.805416464805603
split_cell_heldout,drug_mean,"NK cells, Dactolisib",0.5644556,1.2403332,0.768926739692688,1.5752474069595337
split_cell_heldout,drug_mean,"NK cells, BMS-536924",0.28893238,0.9594701,0.48419755697250366,1.714510202407837
split_cell_heldout,drug_mean,"NK cells, IKK Inhibitor VII",0.30725506,0.9721312,0.5165445804595947,1.6826270818710327
split_cell_heldout,drug_mean,"NK cells, Amiodarone",0.08510376,0.7238099,0.12202239036560059,1.8356090784072876
split_cell_heldout,drug_mean,"NK cells, Isoniazid",0.06593344,0.6981109,0.18045231699943542,1.8175263404846191
split_cell_heldout,drug_mean,"NK cells, IMD-0354",0.4622632,1.1632757,0.7090492248535156,1.5950663089752197
split_cell_heldout,drug_mean,"NK cells, Canertinib",0.27004775,0.794919,0.4973301291465759,1.6987149715423584
split_cell_heldout,drug_mean,"NK cells, Idelalisib",0.21481046,0.8831532,0.4105212986469269,1.7452428340911865
split_cell_heldout,drug_mean,"NK cells, Alogliptin",0.114717126,0.6658895,0.2640369236469269,1.764570713043213
split_cell_heldout,drug_mean,"NK cells, Penfluridol",0.1282712,0.73124766,0.24460940062999725,1.7952780723571777
split_cell_heldout,drug_mean,"NK cells, Quizartinib",0.090475716,0.71450067,0.23379091918468475,1.8080753087997437
split_cell_heldout,drug_mean,"NK cells, RN-486",0.055255517,0.738836,0.16366976499557495,1.8620812892913818
split_cell_heldout,drug_mean,"NK cells, PD-0325901",0.27625826,0.9138921,0.47666385769844055,1.7977032661437988
split_cell_heldout,drug_mean,"NK cells, Decitabine",0.065190904,0.6782098,0.06420040130615234,1.7864395380020142
split_cell_heldout,drug_mean,"NK cells, LDN 193189",0.21009259,0.7020224,0.4277302920818329,1.6995954513549805
split_cell_heldout,drug_mean,"NK cells, Cabozantinib",0.15448482,0.7385227,0.32947930693626404,1.734636902809143
split_cell_heldout,drug_mean,"NK cells, Riociguat",0.04880797,0.72213393,0.09926265478134155,1.8675380945205688
split_cell_heldout,drug_mean,"NK cells, CHIR-99021",0.32267407,0.93896294,0.5629769563674927,1.623238444328308
split_cell_heldout,drug_mean,"NK cells, Defactinib",0.2043858,0.80995536,0.36549797654151917,1.7637081146240234
split_cell_heldout,drug_mean,"NK cells, BI-D1870",0.12350713,0.78145117,0.18696703016757965,1.8065980672836304
split_cell_heldout,drug_mean,"NK cells, AZD3514",0.24763395,0.77491015,0.4348115026950836,1.6778970956802368
split_cell_heldout,drug_mean,"NK cells, HMN-214",0.30573568,0.71637255,0.44640982151031494,1.639206051826477
split_cell_heldout,drug_mean,"NK cells, CC-401",0.29323295,0.8153162,0.4774933457374573,1.6738619804382324
split_cell_heldout,drug_mean,"NK cells, Resminostat",0.64092314,1.2935343,0.8213843107223511,1.4655698537826538
split_cell_heldout,drug_mean,"NK cells, Crizotinib",0.26863313,0.86197174,0.4608699083328247,1.68595552444458
split_cell_heldout,drug_mean,"NK cells, Azacitidine",0.19014,0.69050825,0.2583821713924408,1.7772191762924194
split_cell_heldout,drug_mean,"NK cells, TR-14035",0.13294883,0.6979027,0.18817868828773499,1.852226972579956
split_cell_heldout,drug_mean,"NK cells, Nilotinib",0.25654268,0.9129464,0.4682285189628601,1.7365789413452148
split_cell_heldout,drug_mean,"NK cells, AT 7867",0.22261205,0.89097303,0.45419788360595703,1.7575676441192627
split_cell_heldout,drug_mean,"NK cells, OSI-930",0.17072509,0.69454145,0.35720643401145935,1.7441030740737915
split_cell_heldout,drug_mean,"NK cells, GO-6976",0.23809034,0.8770471,0.4319472312927246,1.7635703086853027
split_cell_heldout,drug_mean,"NK cells, Saracatinib",0.29408535,1.012812,0.4660043716430664,1.7547343969345093
split_cell_heldout,drug_mean,"NK cells, RG7112",0.30803207,0.6852421,0.5268231630325317,1.6362898349761963
split_cell_heldout,drug_mean,"NK cells, Lamivudine",0.059830744,0.7438517,0.08307402580976486,1.9159660339355469
split_cell_heldout,drug_mean,"NK cells, TGX 221",0.27294022,0.8549401,0.4431931674480438,1.7177684307098389
split_cell_heldout,drug_mean,"NK cells, Pitavastatin Calcium",0.52662617,1.3020872,0.7109620571136475,1.8555885553359985
split_cell_heldout,drug_mean,"NK cells, ABT737",0.058292028,0.87964857,0.1616048365831375,1.9407564401626587
split_cell_heldout,drug_mean,"NK cells, PRT-062607",0.3488436,0.9960553,0.6017386317253113,1.5838334560394287
split_cell_heldout,drug_mean,"NK cells, AZ628",0.2617161,0.8436619,0.43622803688049316,1.721524953842163
split_cell_heldout,drug_mean,"NK cells, AZD-8330",0.3009962,0.84099466,0.49281561374664307,1.7027270793914795
split_cell_heldout,drug_mean,"NK cells, Masitinib",0.12097564,0.7692604,0.10896459966897964,1.8708536624908447
split_cell_heldout,drug_mean,"NK cells, Ceritinib",0.14757864,0.803509,0.21662537753582,1.8372490406036377
split_cell_heldout,drug_mean,"NK cells, CGM-097",0.42885765,0.9662461,0.6660716533660889,1.5690944194793701
split_cell_heldout,drug_mean,"NK cells, SLx-2119",0.2192006,0.73337746,0.39367878437042236,1.827951192855835
split_cell_heldout,drug_mean,"NK cells, Nefazodone",0.11984998,0.69970953,0.13969694077968597,1.859288215637207
split_cell_heldout,drug_mean,"NK cells, STK219801",0.21687269,0.70642066,0.35622864961624146,1.7967698574066162
split_cell_heldout,drug_mean,"NK cells, TPCA-1",0.39950833,1.0396936,0.6367499828338623,1.617482304573059
split_cell_heldout,drug_mean,"NK cells, MGCD-265",0.06166024,0.73182064,0.08978480100631714,1.8318402767181396
split_cell_heldout,drug_mean,"NK cells, GSK-1070916",0.17791039,0.7230803,0.2451716661453247,1.766252875328064
split_cell_heldout,drug_mean,"NK cells, Ricolinostat",0.3269941,0.85940355,0.5206757187843323,1.6228160858154297
split_cell_heldout,drug_mean,"NK cells, Bosutinib",0.35715386,1.0809476,0.5678113698959351,1.6470940113067627
split_cell_heldout,drug_mean,"NK cells, Clemastine",0.16522898,0.72209316,0.258448988199234,1.7473375797271729
split_cell_heldout,drug_mean,"NK cells, YK 4-279",0.14757115,0.7235985,0.34408026933670044,1.7396125793457031
split_cell_heldout,drug_mean,"NK cells, Buspirone",0.09398956,0.64815,0.12112877517938614,1.7892649173736572
split_cell_heldout,drug_mean,"NK cells, Midostaurin",0.2843017,0.8717642,0.4702094793319702,1.6545599699020386
split_cell_heldout,drug_mean,"NK cells, CEP-37440",0.23315161,0.7569657,0.39111268520355225,1.7362297773361206
split_cell_heldout,drug_mean,"NK cells, GSK256066",0.3326573,0.9064719,0.5539290904998779,1.8151930570602417
split_cell_heldout,drug_mean,"NK cells, Oxybenzone",0.08756109,0.67990834,0.06506627053022385,1.8378034830093384
split_cell_heldout,drug_mean,"NK cells, Vandetanib",0.06002072,0.7543854,0.07195113599300385,1.8908964395523071
split_cell_heldout,drug_mean,"NK cells, Imatinib",0.068112046,0.71645117,0.17581680417060852,1.8439091444015503
split_cell_heldout,drug_mean,"NK cells, SCH-58261",0.105775036,0.70527434,0.1322183907032013,1.8498034477233887
split_cell_heldout,drug_mean,"NK cells, Colforsin",0.113152385,0.7068342,0.19183886051177979,1.7926396131515503
split_cell_heldout,drug_mean,"NK cells, Tivantinib",0.17713271,0.800897,0.28902289271354675,1.8176602125167847
split_cell_heldout,drug_mean,"NK cells, Tosedostat",0.30317608,0.81522256,0.5248834490776062,1.7314112186431885
split_cell_heldout,drug_mean,"NK cells, Colchicine",0.22244164,1.2337353,0.45177358388900757,1.7755420207977295
split_cell_heldout,drug_mean,"NK cells, ABT-199 (GDC-0199)",0.048640482,0.76002073,0.1608850359916687,1.8609801530838013
split_cell_heldout,drug_mean,"NK cells, Mometasone Furoate",0.42320874,1.2304237,0.6761868596076965,1.6855264902114868
split_cell_heldout,drug_mean,"NK cells, Tipifarnib",0.2362086,0.7706475,0.3912665843963623,1.7742539644241333
split_cell_heldout,drug_mean,"NK cells, BX 912",0.25818813,0.81172353,0.4490315616130829,1.7043222188949585
split_cell_heldout,drug_mean,"NK cells, Doxorubicin",0.38123208,1.3975502,0.6734088659286499,1.7059656381607056
split_cell_heldout,drug_mean,"NK cells, PF-03814735",0.39898372,1.1592313,0.6342019438743591,1.605510950088501
split_cell_heldout,drug_mean,"NK cells, AZD4547",0.09701616,0.71611756,0.1849478781223297,1.826379418373108
split_cell_heldout,drug_mean,"NK cells, Prednisolone",0.40829715,1.097674,0.6362525820732117,1.7605981826782227
split_cell_heldout,drug_mean,"NK cells, Tacalcitol",0.10451792,1.0778034,0.0923008993268013,1.9763284921646118
split_cell_heldout,drug_mean,"NK cells, Selumetinib",0.19585869,0.8408355,0.3613710403442383,1.7938345670700073
split_cell_heldout,drug_mean,"NK cells, Clotrimazole",0.075094186,0.72256094,0.07766060531139374,1.8675144910812378
split_cell_heldout,drug_mean,"NK cells, RG7090",0.17527936,0.7689252,0.2941438555717468,1.791492223739624
split_cell_heldout,drug_mean,"NK cells, GLPG0634",0.2537874,0.86297196,0.45054513216018677,1.7399728298187256
split_cell_heldout,drug_mean,"NK cells, Mubritinib (TAK 165)",0.38243815,0.89742905,0.6255066990852356,1.6751160621643066
split_cell_heldout,drug_mean,"NK cells, Vanoxerine",0.110063896,0.72754,0.20145639777183533,1.7705838680267334
split_cell_heldout,drug_mean,"NK cells, SB525334",0.29886833,0.86453927,0.504744291305542,1.674706220626831
split_cell_heldout,drug_mean,"NK cells, HYDROXYUREA",0.0699017,0.70016867,0.1282469481229782,1.7999107837677002
split_scaffold_heldout,global_train_mean,"B cells, MK-5108",0.2195865,0.5701016,0.4259895086288452,1.6652878522872925
split_scaffold_heldout,global_train_mean,"Myeloid cells, MK-5108",0.14759183,0.5908905,0.319227397441864,1.7296034097671509
split_scaffold_heldout,global_train_mean,"NK cells, MK-5108",0.058840577,0.6829465,0.14813393354415894,1.858464241027832
split_scaffold_heldout,global_train_mean,"T cells, MK-5108",0.115861826,0.54785216,0.19245831668376923,1.681694746017456
split_scaffold_heldout,global_train_mean,"NK cells, Lapatinib",-0.12319817,0.74810994,-0.2733128070831299,1.9420959949493408
split_scaffold_heldout,global_train_mean,"T cells, Lapatinib",-0.029076891,0.6350734,-0.005070234648883343,1.8810604810714722
split_scaffold_heldout,global_train_mean,"NK cells, Atorvastatin",0.12498741,0.6566552,0.19664035737514496,1.7436742782592773
split_scaffold_heldout,global_train_mean,"T cells, Atorvastatin",0.22012171,0.54041153,0.4233127534389496,1.626598834991455
split_scaffold_heldout,global_train_mean,"B cells, Linagliptin",0.0036812061,0.60867333,-0.07029152661561966,1.7943588495254517
split_scaffold_heldout,global_train_mean,"Myeloid cells, Linagliptin",-0.046292633,0.7210095,-0.11765708029270172,1.9707595109939575
split_scaffold_heldout,global_train_mean,"NK cells, Linagliptin",0.120824575,0.63926226,0.1965310424566269,1.7558929920196533
split_scaffold_heldout,global_train_mean,"T cells, Linagliptin",0.20619184,0.49889368,0.2883451581001282,1.5593940019607544
split_scaffold_heldout,global_train_mean,"B cells, 5-(9-Isopropyl-8-methyl-2-morpholino-9H-purin-6-yl)pyrimidin-2-amine",0.6309039,1.2682198,0.7881520390510559,2.3487772941589355
split_scaffold_heldout,global_train_mean,"Myeloid cells, 5-(9-Isopropyl-8-methyl-2-morpholino-9H-purin-6-yl)pyrimidin-2-amine",0.44082788,1.5439811,0.5956633687019348,2.6795074939727783
split_scaffold_heldout,global_train_mean,"NK cells, 5-(9-Isopropyl-8-methyl-2-morpholino-9H-purin-6-yl)pyrimidin-2-amine",0.4235093,0.8353555,0.6562432646751404,1.9572806358337402
split_scaffold_heldout,global_train_mean,"T cells, 5-(9-Isopropyl-8-methyl-2-morpholino-9H-purin-6-yl)pyrimidin-2-amine",0.6398021,1.3349447,0.7913280129432678,2.3944058418273926
split_scaffold_heldout,global_train_mean,"B cells, IN1451",0.26582807,1.5750873,0.3777179718017578,2.653305768966675
split_scaffold_heldout,global_train_mean,"Myeloid cells, IN1451",0.29001537,2.398907,0.3600550889968872,3.223322629928589
split_scaffold_heldout,global_train_mean,"NK cells, IN1451",0.2577314,1.2033814,0.3925512731075287,2.352633237838745
split_scaffold_heldout,global_train_mean,"T cells, IN1451",0.26890397,2.7873273,0.3200448751449585,3.3983871936798096
split_scaffold_heldout,global_train_mean,"B cells, Porcn Inhibitor III",-0.036964405,0.6232505,0.03847670927643776,1.7755365371704102
split_scaffold_heldout,global_train_mean,"Myeloid cells, Porcn Inhibitor III",-0.16424304,1.2298913,-0.22329431772232056,2.578742265701294
split_scaffold_heldout,global_train_mean,"NK cells, Porcn Inhibitor III",-0.083028935,0.78052443,-0.17030398547649384,2.0420403480529785
split_scaffold_heldout,global_train_mean,"T cells, Porcn Inhibitor III",-0.2587388,0.7199488,-0.42963144183158875,1.8769475221633911
split_scaffold_heldout,global_train_mean,"NK cells, Ruxolitinib",0.30594498,0.71352476,0.5103018283843994,1.7882362604141235
split_scaffold_heldout,global_train_mean,"T cells, Ruxolitinib",0.60391766,0.86929095,0.8102316856384277,1.9285465478897095
split_scaffold_heldout,global_train_mean,"NK cells, AVL-292",0.28372118,0.6619271,0.491120308637619,1.8004192113876343
split_scaffold_heldout,global_train_mean,"T cells, AVL-292",0.56281483,0.7059784,0.8003517389297485,1.7923212051391602
split_scaffold_heldout,global_train_mean,"NK cells, Chlorpheniramine",0.08181204,0.6724152,0.18572743237018585,1.8688418865203857
split_scaffold_heldout,global_train_mean,"T cells, Chlorpheniramine",0.37128887,0.5443336,0.6448730826377869,1.5628888607025146
split_scaffold_heldout,global_train_mean,"NK cells, BAY 61-3606",0.31812078,1.0031121,0.5240957140922546,2.1578381061553955
split_scaffold_heldout,global_train_mean,"T cells, BAY 61-3606",0.37784454,1.8125497,0.49145328998565674,2.8211703300476074
split_scaffold_heldout,global_train_mean,"B cells, PF-04691502",0.5544565,1.067776,0.7512998580932617,2.213970899581909
split_scaffold_heldout,global_train_mean,"NK cells, PF-04691502",0.3020381,0.75275344,0.5740092992782593,1.8043655157089233
split_scaffold_heldout,global_train_mean,"T cells, PF-04691502",0.5445597,1.0480387,0.7376723289489746,2.2287757396698
split_scaffold_heldout,global_train_mean,"B cells, Dactolisib",0.62594205,1.3701409,0.7845637798309326,2.4785890579223633
split_scaffold_heldout,global_train_mean,"Myeloid cells, Dactolisib",0.5177959,2.0571547,0.6311885714530945,3.0054776668548584
split_scaffold_heldout,global_train_mean,"NK cells, Dactolisib",0.4502325,0.96988434,0.6623644232749939,2.1754372119903564
split_scaffold_heldout,global_train_mean,"T cells, Dactolisib",0.58646625,1.473424,0.7492332458496094,2.5904059410095215
split_scaffold_heldout,global_train_mean,"NK cells, IMD-0354",0.3519671,0.89971244,0.5941604375839233,2.0786097049713135
split_scaffold_heldout,global_train_mean,"T cells, IMD-0354",0.45710132,1.6417997,0.5892518162727356,2.725809335708618
split_scaffold_heldout,global_train_mean,"B cells, Idelalisib",0.53326887,0.93799835,0.759037971496582,2.104651689529419
split_scaffold_heldout,global_train_mean,"Myeloid cells, Idelalisib",0.22461273,0.9547079,0.40564051270484924,2.094244956970215
split_scaffold_heldout,global_train_mean,"NK cells, Idelalisib",0.17528985,0.7013355,0.3634912371635437,1.8389028310775757
split_scaffold_heldout,global_train_mean,"T cells, Idelalisib",0.49774256,0.8291684,0.7471929788589478,1.9712512493133545
split_scaffold_heldout,global_train_mean,"NK cells, Decitabine",0.07850305,0.64168835,0.1509528011083603,1.7495753765106201
split_scaffold_heldout,global_train_mean,"T cells, Decitabine",0.24061926,0.49004588,0.40449032187461853,1.6154258251190186
split_scaffold_heldout,global_train_mean,"B cells, Crizotinib",0.5254988,0.8417237,0.7462716102600098,2.0242364406585693
split_scaffold_heldout,global_train_mean,"Myeloid cells, Crizotinib",0.4836233,0.9001376,0.6966696977615356,2.091144561767578
split_scaffold_heldout,global_train_mean,"NK cells, Crizotinib",0.32283226,0.6833946,0.542548418045044,1.7315516471862793
split_scaffold_heldout,global_train_mean,"T cells, Crizotinib",0.5607098,0.74701655,0.7600266337394714,1.8692504167556763
split_scaffold_heldout,global_train_mean,"B cells, Azacitidine",0.15372178,0.6685593,0.39629054069519043,1.8113096952438354
split_scaffold_heldout,global_train_mean,"Myeloid cells, Azacitidine",0.11721064,0.610812,0.3527297377586365,1.707283854484558
split_scaffold_heldout,global_train_mean,"NK cells, Azacitidine",0.14977182,0.64388937,0.23118461668491364,1.8138045072555542
split_scaffold_heldout,global_train_mean,"T cells, Azacitidine",0.20263574,0.6046166,0.4288909435272217,1.7099026441574097
split_scaffold_heldout,global_train_mean,"B cells, TR-14035",0.37951747,0.6121796,0.5935959219932556,1.7312970161437988
split_scaffold_heldout,global_train_mean,"Myeloid cells, TR-14035",0.27661723,0.5892505,0.5267225503921509,1.7074769735336304
split_scaffold_heldout,global_train_mean,"NK cells, TR-14035",0.23195198,0.6061112,0.40847525000572205,1.801943063735962
split_scaffold_heldout,global_train_mean,"T cells, TR-14035",0.39667204,0.53462183,0.6732187867164612,1.5227605104446411
split_scaffold_heldout,global_train_mean,"B cells, GO-6976",0.09310596,0.7124902,0.22926144301891327,1.9094713926315308
split_scaffold_heldout,global_train_mean,"Myeloid cells, GO-6976",0.11605835,1.150679,0.2538222372531891,2.3011598587036133
split_scaffold_heldout,global_train_mean,"NK cells, GO-6976",-0.06769821,0.82024527,-0.0971200168132782,1.986844539642334
split_scaffold_heldout,global_train_mean,"T cells, GO-6976",-0.1484356,0.93860215,-0.275892436504364,2.1643664836883545
split_scaffold_heldout,global_train_mean,"B cells, PRT-062607",0.6000653,1.0754025,0.7801914811134338,2.185960531234741
split_scaffold_heldout,global_train_mean,"Myeloid cells, PRT-062607",0.5309563,1.3944606,0.6965025067329407,2.504148483276367
split_scaffold_heldout,global_train_mean,"NK cells, PRT-062607",0.35986534,0.71350646,0.5981998443603516,1.7774699926376343
split_scaffold_heldout,global_train_mean,"T cells, PRT-062607",0.67621964,0.92592096,0.8563851118087769,1.971560001373291
split_scaffold_heldout,global_train_mean,"NK cells, CGM-097",0.009294802,0.85349464,0.08730293065309525,2.0851871967315674
split_scaffold_heldout,global_train_mean,"T cells, CGM-097",-0.07732422,1.3805768,-0.11636043339967728,2.6850051879882812
split_scaffold_heldout,global_train_mean,"NK cells, YK 4-279",-0.067885704,0.7232834,-0.0963318720459938,1.8722890615463257
split_scaffold_heldout,global_train_mean,"T cells, YK 4-279",-0.108429655,0.6508088,-0.28287947177886963,1.7976927757263184
split_scaffold_heldout,global_train_mean,"B cells, CEP-37440",0.35585618,0.68193233,0.6171766519546509,1.8099101781845093
split_scaffold_heldout,global_train_mean,"Myeloid cells, CEP-37440",0.15324807,0.9317662,0.3281724750995636,2.1822807788848877
split_scaffold_heldout,global_train_mean,"NK cells, CEP-37440",0.25749767,0.6662527,0.42827507853507996,1.8094154596328735
split_scaffold_heldout,global_train_mean,"T cells, CEP-37440",0.39831877,0.6265405,0.6988391876220703,1.8113933801651
split_scaffold_heldout,global_train_mean,"NK cells, AZD4547",0.14159009,0.6563142,0.3525232970714569,1.788370132446289
split_scaffold_heldout,global_train_mean,"T cells, AZD4547",0.3227604,0.49258527,0.5235759615898132,1.5627052783966064
split_scaffold_heldout,global_train_mean,"NK cells, Clotrimazole",0.14082856,0.63855857,0.3054390251636505,1.796663522720337
split_scaffold_heldout,global_train_mean,"T cells, Clotrimazole",0.15848789,0.5379263,0.29109030961990356,1.709303617477417
split_scaffold_heldout,global_train_mean,"NK cells, SB525334",-0.14882107,0.80787176,-0.2824629545211792,2.027153491973877
split_scaffold_heldout,global_train_mean,"T cells, SB525334",-0.33750263,1.0678642,-0.5289779901504517,2.407366991043091
split_scaffold_heldout,global_train_mean,"B cells, Lapatinib",-0.06663905,0.6767664,-0.11630386859178543,1.9021958112716675
split_scaffold_heldout,global_train_mean,"Myeloid cells, Lapatinib",-0.12819286,0.6913853,-0.19463007152080536,1.994493842124939
split_scaffold_heldout,global_train_mean,"B cells, Atorvastatin",0.180494,0.5998207,0.43971768021583557,1.6735341548919678
split_scaffold_heldout,global_train_mean,"Myeloid cells, Atorvastatin",-0.053270508,0.75729704,-0.14399439096450806,2.139375686645508
split_scaffold_heldout,global_train_mean,"B cells, Ruxolitinib",0.5331378,0.8919333,0.7642633318901062,2.0209031105041504
split_scaffold_heldout,global_train_mean,"Myeloid cells, Ruxolitinib",0.4848496,1.4211867,0.6753132343292236,2.586707830429077
split_scaffold_heldout,global_train_mean,"B cells, AVL-292",0.5889354,0.928125,0.7883750796318054,2.0453875064849854
split_scaffold_heldout,global_train_mean,"Myeloid cells, AVL-292",0.32510245,0.9044578,0.560188353061676,2.094248056411743
split_scaffold_heldout,global_train_mean,"B cells, Chlorpheniramine",0.21982272,0.5893008,0.40282219648361206,1.7156060934066772
split_scaffold_heldout,global_train_mean,"Myeloid cells, Chlorpheniramine",0.11957066,0.546799,0.20310603082180023,1.6889944076538086
split_scaffold_heldout,global_train_mean,"B cells, BAY 61-3606",0.43170062,1.1840757,0.6361088752746582,2.323380708694458
split_scaffold_heldout,global_train_mean,"Myeloid cells, BAY 61-3606",0.44494987,1.8618324,0.5764449834823608,2.8660495281219482
split_scaffold_heldout,global_train_mean,"B cells, IMD-0354",0.40813386,1.1931958,0.5991319417953491,2.427684783935547
split_scaffold_heldout,global_train_mean,"Myeloid cells, IMD-0354",0.43104216,1.5216866,0.5896413922309875,2.629244804382324
split_scaffold_heldout,global_train_mean,"B cells, Decitabine",0.1259242,0.5700026,0.11345779895782471,1.7657005786895752
split_scaffold_heldout,global_train_mean,"Myeloid cells, Decitabine",0.25980192,0.5109459,0.45242568850517273,1.645580530166626
split_scaffold_heldout,global_train_mean,"B cells, CGM-097",-0.15081151,1.1185986,-0.2450193166732788,2.4442331790924072
split_scaffold_heldout,global_train_mean,"Myeloid cells, CGM-097",-0.08482257,1.2723324,-0.07680176198482513,2.515930652618408
split_scaffold_heldout,global_train_mean,"B cells, YK 4-279",0.066714816,0.6196519,0.14153370261192322,1.8119454383850098
split_scaffold_heldout,global_train_mean,"Myeloid cells, YK 4-279",0.08189506,0.62556285,0.1293417513370514,1.7418558597564697
split_scaffold_heldout,global_train_mean,"B cells, AZD4547",0.18519464,0.57995373,0.42353078722953796,1.7214443683624268
split_scaffold_heldout,global_train_mean,"Myeloid cells, AZD4547",0.2520403,0.6505805,0.5050502419471741,1.827324390411377
split_scaffold_heldout,global_train_mean,"B cells, Clotrimazole",0.13799664,0.6085659,0.19714510440826416,1.7634687423706055
split_scaffold_heldout,global_train_mean,"Myeloid cells, Clotrimazole",0.09923407,0.7483177,0.20160606503486633,1.9349303245544434
split_scaffold_heldout,global_train_mean,"B cells, SB525334",-0.13856412,0.7436211,-0.3176484704017639,2.0223641395568848
split_scaffold_heldout,global_train_mean,"Myeloid cells, SB525334",-0.14343154,1.286803,-0.20873664319515228,2.604593515396118
split_scaffold_heldout,cell_context_mean,"B cells, MK-5108",0.2576665,0.5813949,0.51851487159729,1.6031427383422852
split_scaffold_heldout,cell_context_mean,"Myeloid cells, MK-5108",0.1904898,0.6272254,0.3536761403083801,1.6798667907714844
split_scaffold_heldout,cell_context_mean,"NK cells, MK-5108",0.1968414,0.6482874,0.3962859511375427,1.7986984252929688
split_scaffold_heldout,cell_context_mean,"T cells, MK-5108",0.14746402,0.5735202,0.24263891577720642,1.6567424535751343
split_scaffold_heldout,cell_context_mean,"NK cells, Lapatinib",0.0021600353,0.7146412,-0.038302063941955566,1.8814650774002075
split_scaffold_heldout,cell_context_mean,"T cells, Lapatinib",0.02825763,0.65998954,0.07148657739162445,1.879425048828125
split_scaffold_heldout,cell_context_mean,"NK cells, Atorvastatin",0.26828396,0.62131834,0.4290913939476013,1.6839625835418701
split_scaffold_heldout,cell_context_mean,"T cells, Atorvastatin",0.2536703,0.555942,0.4225531220436096,1.5942195653915405
split_scaffold_heldout,cell_context_mean,"B cells, Linagliptin",0.053699702,0.6332127,0.08875802159309387,1.764760971069336
split_scaffold_heldout,cell_context_mean,"Myeloid cells, Linagliptin",0.0005706943,0.76962614,-0.019692420959472656,1.9804109334945679
split_scaffold_heldout,cell_context_mean,"NK cells, Linagliptin",0.2518061,0.60642385,0.48342734575271606,1.6830899715423584
split_scaffold_heldout,cell_context_mean,"T cells, Linagliptin",0.24574147,0.51823395,0.3353535830974579,1.5216463804244995
split_scaffold_heldout,cell_context_mean,"B cells, 5-(9-Isopropyl-8-methyl-2-morpholino-9H-purin-6-yl)pyrimidin-2-amine",0.676194,1.2084411,0.8058049082756042,2.226365804672241
split_scaffold_heldout,cell_context_mean,"Myeloid cells, 5-(9-Isopropyl-8-methyl-2-morpholino-9H-purin-6-yl)pyrimidin-2-amine",0.42462897,1.5117298,0.5679752230644226,2.6044321060180664
split_scaffold_heldout,cell_context_mean,"NK cells, 5-(9-Isopropyl-8-methyl-2-morpholino-9H-purin-6-yl)pyrimidin-2-amine",0.46511853,0.8294362,0.7130054831504822,1.9533239603042603
split_scaffold_heldout,cell_context_mean,"T cells, 5-(9-Isopropyl-8-methyl-2-morpholino-9H-purin-6-yl)pyrimidin-2-amine",0.6676399,1.2783312,0.7948424220085144,2.279609441757202
split_scaffold_heldout,cell_context_mean,"B cells, IN1451",0.3016561,1.5551363,0.4162481129169464,2.608039379119873
split_scaffold_heldout,cell_context_mean,"Myeloid cells, IN1451",0.31930014,2.3631015,0.3966275155544281,3.166106700897217
split_scaffold_heldout,cell_context_mean,"NK cells, IN1451",0.2790901,1.2004203,0.44995707273483276,2.345179557800293
split_scaffold_heldout,cell_context_mean,"T cells, IN1451",0.2986508,2.761223,0.3510173261165619,3.363690137863159
split_scaffold_heldout,cell_context_mean,"B cells, Porcn Inhibitor III",0.019031277,0.6491644,0.11202048510313034,1.7634929418563843
split_scaffold_heldout,cell_context_mean,"Myeloid cells, Porcn Inhibitor III",-0.122098826,1.2719301,-0.1386396884918213,2.6293601989746094
split_scaffold_heldout,cell_context_mean,"NK cells, Porcn Inhibitor III",0.11758322,0.7319641,0.24716535210609436,1.9463908672332764
split_scaffold_heldout,cell_context_mean,"T cells, Porcn Inhibitor III",-0.11074184,0.7336901,-0.14004546403884888,1.8273669481277466
split_scaffold_heldout,cell_context_mean,"NK cells, Ruxolitinib",0.39883727,0.6925379,0.6456654071807861,1.7489761114120483
split_scaffold_heldout,cell_context_mean,"T cells, Ruxolitinib",0.64199764,0.8194042,0.8271908164024353,1.7837942838668823
split_scaffold_heldout,cell_context_mean,"NK cells, AVL-292",0.3602772,0.6438351,0.6478306651115417,1.7567551136016846
split_scaffold_heldout,cell_context_mean,"T cells, AVL-292",0.62346745,0.6583371,0.8342034816741943,1.6186115741729736
split_scaffold_heldout,cell_context_mean,"NK cells, Chlorpheniramine",0.18559588,0.6453458,0.3164469003677368,1.8396022319793701
split_scaffold_heldout,cell_context_mean,"T cells, Chlorpheniramine",0.40794724,0.54163975,0.6812427639961243,1.4696831703186035
split_scaffold_heldout,cell_context_mean,"NK cells, BAY 61-3606",0.40507963,0.98572284,0.6435355544090271,2.129260301589966
split_scaffold_heldout,cell_context_mean,"T cells, BAY 61-3606",0.44105294,1.7684882,0.5562562942504883,2.74589204788208
split_scaffold_heldout,cell_context_mean,"B cells, PF-04691502",0.6355395,1.0059426,0.79716956615448,2.0654008388519287
split_scaffold_heldout,cell_context_mean,"NK cells, PF-04691502",0.36935696,0.73791844,0.6359121799468994,1.7912862300872803
split_scaffold_heldout,cell_context_mean,"T cells, PF-04691502",0.5596182,1.0114541,0.7386897802352905,2.1326258182525635
split_scaffold_heldout,cell_context_mean,"B cells, Dactolisib",0.63311714,1.3239158,0.7726426720619202,2.3862223625183105
split_scaffold_heldout,cell_context_mean,"Myeloid cells, Dactolisib",0.5474848,1.9874768,0.657289981842041,2.896723985671997
split_scaffold_heldout,cell_context_mean,"NK cells, Dactolisib",0.38742206,0.9893203,0.6026071906089783,2.225494384765625
split_scaffold_heldout,cell_context_mean,"T cells, Dactolisib",0.64591753,1.4109703,0.7798140048980713,2.4706499576568604
split_scaffold_heldout,cell_context_mean,"NK cells, IMD-0354",0.32638603,0.9079849,0.5454245209693909,2.1063854694366455
split_scaffold_heldout,cell_context_mean,"T cells, IMD-0354",0.5225066,1.5898336,0.6420421600341797,2.637223720550537
split_scaffold_heldout,cell_context_mean,"B cells, Idelalisib",0.6143371,0.8812374,0.8035122156143188,1.9491244554519653
split_scaffold_heldout,cell_context_mean,"Myeloid cells, Idelalisib",0.37851962,0.9069041,0.5970408916473389,1.93461012840271
split_scaffold_heldout,cell_context_mean,"NK cells, Idelalisib",0.30040517,0.6709781,0.5182479619979858,1.790070652961731
split_scaffold_heldout,cell_context_mean,"T cells, Idelalisib",0.5487591,0.7900437,0.763236939907074,1.8310272693634033
split_scaffold_heldout,cell_context_mean,"NK cells, Decitabine",0.19399486,0.6118163,0.35865432024002075,1.695122241973877
split_scaffold_heldout,cell_context_mean,"T cells, Decitabine",0.3045538,0.49983487,0.44409263134002686,1.5530537366867065
split_scaffold_heldout,cell_context_mean,"B cells, Crizotinib",0.6395869,0.7755436,0.8218996524810791,1.8322747945785522
split_scaffold_heldout,cell_context_mean,"Myeloid cells, Crizotinib",0.5889009,0.8260043,0.8016473054885864,1.8587257862091064
split_scaffold_heldout,cell_context_mean,"NK cells, Crizotinib",0.39857396,0.6663587,0.6247259378433228,1.6973453760147095
split_scaffold_heldout,cell_context_mean,"T cells, Crizotinib",0.5556851,0.72351676,0.7791782021522522,1.7558603286743164
split_scaffold_heldout,cell_context_mean,"B cells, Azacitidine",0.21474627,0.6728524,0.46433669328689575,1.7458901405334473
split_scaffold_heldout,cell_context_mean,"Myeloid cells, Azacitidine",0.07800367,0.67678285,0.2946476936340332,1.6990312337875366
split_scaffold_heldout,cell_context_mean,"NK cells, Azacitidine",0.22240113,0.62427825,0.4052668809890747,1.7682111263275146
split_scaffold_heldout,cell_context_mean,"T cells, Azacitidine",0.2389413,0.6164785,0.49586737155914307,1.6684167385101318
split_scaffold_heldout,cell_context_mean,"B cells, TR-14035",0.43341768,0.5967535,0.6545524597167969,1.6167750358581543
split_scaffold_heldout,cell_context_mean,"Myeloid cells, TR-14035",0.37054488,0.58594376,0.6664714813232422,1.520919919013977
split_scaffold_heldout,cell_context_mean,"NK cells, TR-14035",0.3148148,0.58503914,0.6054837107658386,1.740228533744812
split_scaffold_heldout,cell_context_mean,"T cells, TR-14035",0.45489922,0.52222645,0.7126206159591675,1.3894109725952148
split_scaffold_heldout,cell_context_mean,"B cells, GO-6976",0.15838943,0.718058,0.3331570029258728,1.8577280044555664
split_scaffold_heldout,cell_context_mean,"Myeloid cells, GO-6976",0.3128357,1.0966754,0.5263930559158325,2.138904571533203
split_scaffold_heldout,cell_context_mean,"NK cells, GO-6976",0.109694935,0.77696073,0.2660233676433563,1.9017425775527954
split_scaffold_heldout,cell_context_mean,"T cells, GO-6976",-0.056620512,0.9506833,-0.05343087017536163,2.146296739578247
split_scaffold_heldout,cell_context_mean,"B cells, PRT-062607",0.69247866,1.003658,0.8402326703071594,2.0193674564361572
split_scaffold_heldout,cell_context_mean,"Myeloid cells, PRT-062607",0.7093564,1.2653428,0.8360351920127869,2.2620670795440674
split_scaffold_heldout,cell_context_mean,"NK cells, PRT-062607",0.42729825,0.6993612,0.6699144244194031,1.7577722072601318
split_scaffold_heldout,cell_context_mean,"T cells, PRT-062607",0.69344026,0.87359315,0.8442819714546204,1.8372981548309326
split_scaffold_heldout,cell_context_mean,"NK cells, CGM-097",0.113024,0.8266495,0.2632003724575043,2.0438671112060547
split_scaffold_heldout,cell_context_mean,"T cells, CGM-097",0.023162168,1.3741696,0.021020548418164253,2.6634325981140137
split_scaffold_heldout,cell_context_mean,"NK cells, YK 4-279",0.10007591,0.68144935,0.2196386605501175,1.8011224269866943
split_scaffold_heldout,cell_context_mean,"T cells, YK 4-279",-0.013516043,0.67102045,-0.1642419993877411,1.8373819589614868
split_scaffold_heldout,cell_context_mean,"B cells, CEP-37440",0.4968137,0.6339567,0.7531610131263733,1.626760721206665
split_scaffold_heldout,cell_context_mean,"Myeloid cells, CEP-37440",0.28455374,0.9063828,0.5427935123443604,2.0310583114624023
split_scaffold_heldout,cell_context_mean,"NK cells, CEP-37440",0.31053704,0.6529649,0.48696061968803406,1.789850115776062
split_scaffold_heldout,cell_context_mean,"T cells, CEP-37440",0.4369567,0.61340743,0.7078551650047302,1.7197299003601074
split_scaffold_heldout,cell_context_mean,"NK cells, AZD4547",0.25259742,0.6283157,0.4863649308681488,1.7458178997039795
split_scaffold_heldout,cell_context_mean,"T cells, AZD4547",0.3144551,0.5157105,0.5408058762550354,1.5167783498764038
split_scaffold_heldout,cell_context_mean,"NK cells, Clotrimazole",0.25165856,0.6103633,0.4452069401741028,1.7447375059127808
split_scaffold_heldout,cell_context_mean,"T cells, Clotrimazole",0.25198352,0.54218316,0.42376092076301575,1.6170111894607544
split_scaffold_heldout,cell_context_mean,"NK cells, SB525334",0.04383644,0.7605353,0.07068943232297897,1.9377350807189941
split_scaffold_heldout,cell_context_mean,"T cells, SB525334",-0.20592383,1.0814333,-0.34880486130714417,2.4136972427368164
split_scaffold_heldout,cell_context_mean,"B cells, Lapatinib",-0.037493553,0.7089634,-0.04393196478486061,1.9032448530197144
split_scaffold_heldout,cell_context_mean,"Myeloid cells, Lapatinib",-0.074378245,0.75031793,-0.0659499242901802,2.0130410194396973
split_scaffold_heldout,cell_context_mean,"B cells, Atorvastatin",0.2509761,0.60232717,0.5018647313117981,1.6012145280838013
split_scaffold_heldout,cell_context_mean,"Myeloid cells, Atorvastatin",-0.009005764,0.80496716,-0.04002970829606056,2.1627063751220703
split_scaffold_heldout,cell_context_mean,"B cells, Ruxolitinib",0.6411302,0.82613075,0.8260915279388428,1.8451175689697266
split_scaffold_heldout,cell_context_mean,"Myeloid cells, Ruxolitinib",0.65213084,1.3056685,0.8058450818061829,2.362565040588379
split_scaffold_heldout,cell_context_mean,"B cells, AVL-292",0.66706663,0.8657136,0.8417519330978394,1.8744920492172241
split_scaffold_heldout,cell_context_mean,"Myeloid cells, AVL-292",0.4723024,0.8434894,0.7366696000099182,1.872342824935913
split_scaffold_heldout,cell_context_mean,"B cells, Chlorpheniramine",0.2877853,0.58900076,0.5287472009658813,1.6077157258987427
split_scaffold_heldout,cell_context_mean,"Myeloid cells, Chlorpheniramine",0.23271191,0.56908715,0.4586615264415741,1.5583137273788452
split_scaffold_heldout,cell_context_mean,"B cells, BAY 61-3606",0.45849505,1.1542506,0.6417843699455261,2.252906322479248
split_scaffold_heldout,cell_context_mean,"Myeloid cells, BAY 61-3606",0.51753753,1.7884922,0.6578263640403748,2.7378501892089844
split_scaffold_heldout,cell_context_mean,"B cells, IMD-0354",0.4573578,1.15773,0.6281806826591492,2.338592052459717
split_scaffold_heldout,cell_context_mean,"Myeloid cells, IMD-0354",0.50092924,1.4561118,0.6436433792114258,2.5016183853149414
split_scaffold_heldout,cell_context_mean,"B cells, Decitabine",0.17617437,0.5862983,0.2902486026287079,1.7128851413726807
split_scaffold_heldout,cell_context_mean,"Myeloid cells, Decitabine",0.26642773,0.5543045,0.33546286821365356,1.6405574083328247
split_scaffold_heldout,cell_context_mean,"B cells, CGM-097",-0.1226056,1.143635,-0.2022329419851303,2.4682095050811768
split_scaffold_heldout,cell_context_mean,"Myeloid cells, CGM-097",0.008317487,1.2843733,0.05896351858973503,2.5009634494781494
split_scaffold_heldout,cell_context_mean,"B cells, YK 4-279",0.14680474,0.62879246,0.3035062551498413,1.7546671628952026
split_scaffold_heldout,cell_context_mean,"Myeloid cells, YK 4-279",0.2512781,0.6229427,0.4244719445705414,1.607485055923462
split_scaffold_heldout,cell_context_mean,"B cells, AZD4547",0.26450726,0.58055604,0.5196914076805115,1.6333014965057373
split_scaffold_heldout,cell_context_mean,"Myeloid cells, AZD4547",0.3117117,0.6578743,0.5845701098442078,1.7000137567520142
split_scaffold_heldout,cell_context_mean,"B cells, Clotrimazole",0.20671086,0.61482227,0.30661147832870483,1.7048369646072388
split_scaffold_heldout,cell_context_mean,"Myeloid cells, Clotrimazole",0.07718786,0.799144,0.1862792819738388,1.937410593032837
split_scaffold_heldout,cell_context_mean,"B cells, SB525334",-0.097729206,0.7746017,-0.24433763325214386,2.0440032482147217
split_scaffold_heldout,cell_context_mean,"Myeloid cells, SB525334",-0.13586628,1.3365517,-0.19258542358875275,2.662712335586548
split_scaffold_heldout,drug_mean,"B cells, MK-5108",0.2195865,0.5701016,0.4259895086288452,1.6652878522872925
split_scaffold_heldout,drug_mean,"Myeloid cells, MK-5108",0.14759183,0.5908905,0.319227397441864,1.7296034097671509
split_scaffold_heldout,drug_mean,"NK cells, MK-5108",0.058840577,0.6829465,0.14813393354415894,1.858464241027832
split_scaffold_heldout,drug_mean,"T cells, MK-5108",0.115861826,0.54785216,0.19245831668376923,1.681694746017456
split_scaffold_heldout,drug_mean,"NK cells, Lapatinib",-0.12319817,0.74810994,-0.2733128070831299,1.9420959949493408
split_scaffold_heldout,drug_mean,"T cells, Lapatinib",-0.029076891,0.6350734,-0.005070234648883343,1.8810604810714722
split_scaffold_heldout,drug_mean,"NK cells, Atorvastatin",0.12498741,0.6566552,0.19664035737514496,1.7436742782592773
split_scaffold_heldout,drug_mean,"T cells, Atorvastatin",0.22012171,0.54041153,0.4233127534389496,1.626598834991455
split_scaffold_heldout,drug_mean,"B cells, Linagliptin",0.0036812061,0.60867333,-0.07029152661561966,1.7943588495254517
split_scaffold_heldout,drug_mean,"Myeloid cells, Linagliptin",-0.046292633,0.7210095,-0.11765708029270172,1.9707595109939575
split_scaffold_heldout,drug_mean,"NK cells, Linagliptin",0.120824575,0.63926226,0.1965310424566269,1.7558929920196533
split_scaffold_heldout,drug_mean,"T cells, Linagliptin",0.20619184,0.49889368,0.2883451581001282,1.5593940019607544
split_scaffold_heldout,drug_mean,"B cells, 5-(9-Isopropyl-8-methyl-2-morpholino-9H-purin-6-yl)pyrimidin-2-amine",0.6309039,1.2682198,0.7881520390510559,2.3487772941589355
split_scaffold_heldout,drug_mean,"Myeloid cells, 5-(9-Isopropyl-8-methyl-2-morpholino-9H-purin-6-yl)pyrimidin-2-amine",0.44082788,1.5439811,0.5956633687019348,2.6795074939727783
split_scaffold_heldout,drug_mean,"NK cells, 5-(9-Isopropyl-8-methyl-2-morpholino-9H-purin-6-yl)pyrimidin-2-amine",0.4235093,0.8353555,0.6562432646751404,1.9572806358337402
split_scaffold_heldout,drug_mean,"T cells, 5-(9-Isopropyl-8-methyl-2-morpholino-9H-purin-6-yl)pyrimidin-2-amine",0.6398021,1.3349447,0.7913280129432678,2.3944058418273926
split_scaffold_heldout,drug_mean,"B cells, IN1451",0.26582807,1.5750873,0.3777179718017578,2.653305768966675
split_scaffold_heldout,drug_mean,"Myeloid cells, IN1451",0.29001537,2.398907,0.3600550889968872,3.223322629928589
split_scaffold_heldout,drug_mean,"NK cells, IN1451",0.2577314,1.2033814,0.3925512731075287,2.352633237838745
split_scaffold_heldout,drug_mean,"T cells, IN1451",0.26890397,2.7873273,0.3200448751449585,3.3983871936798096
split_scaffold_heldout,drug_mean,"B cells, Porcn Inhibitor III",-0.036964405,0.6232505,0.03847670927643776,1.7755365371704102
split_scaffold_heldout,drug_mean,"Myeloid cells, Porcn Inhibitor III",-0.16424304,1.2298913,-0.22329431772232056,2.578742265701294
split_scaffold_heldout,drug_mean,"NK cells, Porcn Inhibitor III",-0.083028935,0.78052443,-0.17030398547649384,2.0420403480529785
split_scaffold_heldout,drug_mean,"T cells, Porcn Inhibitor III",-0.2587388,0.7199488,-0.42963144183158875,1.8769475221633911
split_scaffold_heldout,drug_mean,"NK cells, Ruxolitinib",0.30594498,0.71352476,0.5103018283843994,1.7882362604141235
split_scaffold_heldout,drug_mean,"T cells, Ruxolitinib",0.60391766,0.86929095,0.8102316856384277,1.9285465478897095
split_scaffold_heldout,drug_mean,"NK cells, AVL-292",0.28372118,0.6619271,0.491120308637619,1.8004192113876343
split_scaffold_heldout,drug_mean,"T cells, AVL-292",0.56281483,0.7059784,0.8003517389297485,1.7923212051391602
split_scaffold_heldout,drug_mean,"NK cells, Chlorpheniramine",0.08181204,0.6724152,0.18572743237018585,1.8688418865203857
split_scaffold_heldout,drug_mean,"T cells, Chlorpheniramine",0.37128887,0.5443336,0.6448730826377869,1.5628888607025146
split_scaffold_heldout,drug_mean,"NK cells, BAY 61-3606",0.31812078,1.0031121,0.5240957140922546,2.1578381061553955
split_scaffold_heldout,drug_mean,"T cells, BAY 61-3606",0.37784454,1.8125497,0.49145328998565674,2.8211703300476074
split_scaffold_heldout,drug_mean,"B cells, PF-04691502",0.5544565,1.067776,0.7512998580932617,2.213970899581909
split_scaffold_heldout,drug_mean,"NK cells, PF-04691502",0.3020381,0.75275344,0.5740092992782593,1.8043655157089233
split_scaffold_heldout,drug_mean,"T cells, PF-04691502",0.5445597,1.0480387,0.7376723289489746,2.2287757396698
split_scaffold_heldout,drug_mean,"B cells, Dactolisib",0.62594205,1.3701409,0.7845637798309326,2.4785890579223633
split_scaffold_heldout,drug_mean,"Myeloid cells, Dactolisib",0.5177959,2.0571547,0.6311885714530945,3.0054776668548584
split_scaffold_heldout,drug_mean,"NK cells, Dactolisib",0.4502325,0.96988434,0.6623644232749939,2.1754372119903564
split_scaffold_heldout,drug_mean,"T cells, Dactolisib",0.58646625,1.473424,0.7492332458496094,2.5904059410095215
split_scaffold_heldout,drug_mean,"NK cells, IMD-0354",0.3519671,0.89971244,0.5941604375839233,2.0786097049713135
split_scaffold_heldout,drug_mean,"T cells, IMD-0354",0.45710132,1.6417997,0.5892518162727356,2.725809335708618
split_scaffold_heldout,drug_mean,"B cells, Idelalisib",0.53326887,0.93799835,0.759037971496582,2.104651689529419
split_scaffold_heldout,drug_mean,"Myeloid cells, Idelalisib",0.22461273,0.9547079,0.40564051270484924,2.094244956970215
split_scaffold_heldout,drug_mean,"NK cells, Idelalisib",0.17528985,0.7013355,0.3634912371635437,1.8389028310775757
split_scaffold_heldout,drug_mean,"T cells, Idelalisib",0.49774256,0.8291684,0.7471929788589478,1.9712512493133545
split_scaffold_heldout,drug_mean,"NK cells, Decitabine",0.07850305,0.64168835,0.1509528011083603,1.7495753765106201
split_scaffold_heldout,drug_mean,"T cells, Decitabine",0.24061926,0.49004588,0.40449032187461853,1.6154258251190186
split_scaffold_heldout,drug_mean,"B cells, Crizotinib",0.5254988,0.8417237,0.7462716102600098,2.0242364406585693
split_scaffold_heldout,drug_mean,"Myeloid cells, Crizotinib",0.4836233,0.9001376,0.6966696977615356,2.091144561767578
split_scaffold_heldout,drug_mean,"NK cells, Crizotinib",0.32283226,0.6833946,0.542548418045044,1.7315516471862793
split_scaffold_heldout,drug_mean,"T cells, Crizotinib",0.5607098,0.74701655,0.7600266337394714,1.8692504167556763
split_scaffold_heldout,drug_mean,"B cells, Azacitidine",0.15372178,0.6685593,0.39629054069519043,1.8113096952438354
split_scaffold_heldout,drug_mean,"Myeloid cells, Azacitidine",0.11721064,0.610812,0.3527297377586365,1.707283854484558
split_scaffold_heldout,drug_mean,"NK cells, Azacitidine",0.14977182,0.64388937,0.23118461668491364,1.8138045072555542
split_scaffold_heldout,drug_mean,"T cells, Azacitidine",0.20263574,0.6046166,0.4288909435272217,1.7099026441574097
split_scaffold_heldout,drug_mean,"B cells, TR-14035",0.37951747,0.6121796,0.5935959219932556,1.7312970161437988
split_scaffold_heldout,drug_mean,"Myeloid cells, TR-14035",0.27661723,0.5892505,0.5267225503921509,1.7074769735336304
split_scaffold_heldout,drug_mean,"NK cells, TR-14035",0.23195198,0.6061112,0.40847525000572205,1.801943063735962
split_scaffold_heldout,drug_mean,"T cells, TR-14035",0.39667204,0.53462183,0.6732187867164612,1.5227605104446411
split_scaffold_heldout,drug_mean,"B cells, GO-6976",0.09310596,0.7124902,0.22926144301891327,1.9094713926315308
split_scaffold_heldout,drug_mean,"Myeloid cells, GO-6976",0.11605835,1.150679,0.2538222372531891,2.3011598587036133
split_scaffold_heldout,drug_mean,"NK cells, GO-6976",-0.06769821,0.82024527,-0.0971200168132782,1.986844539642334
split_scaffold_heldout,drug_mean,"T cells, GO-6976",-0.1484356,0.93860215,-0.275892436504364,2.1643664836883545
split_scaffold_heldout,drug_mean,"B cells, PRT-062607",0.6000653,1.0754025,0.7801914811134338,2.185960531234741
split_scaffold_heldout,drug_mean,"Myeloid cells, PRT-062607",0.5309563,1.3944606,0.6965025067329407,2.504148483276367
split_scaffold_heldout,drug_mean,"NK cells, PRT-062607",0.35986534,0.71350646,0.5981998443603516,1.7774699926376343
split_scaffold_heldout,drug_mean,"T cells, PRT-062607",0.67621964,0.92592096,0.8563851118087769,1.971560001373291
split_scaffold_heldout,drug_mean,"NK cells, CGM-097",0.009294802,0.85349464,0.08730293065309525,2.0851871967315674
split_scaffold_heldout,drug_mean,"T cells, CGM-097",-0.07732422,1.3805768,-0.11636043339967728,2.6850051879882812
split_scaffold_heldout,drug_mean,"NK cells, YK 4-279",-0.067885704,0.7232834,-0.0963318720459938,1.8722890615463257
split_scaffold_heldout,drug_mean,"T cells, YK 4-279",-0.108429655,0.6508088,-0.28287947177886963,1.7976927757263184
split_scaffold_heldout,drug_mean,"B cells, CEP-37440",0.35585618,0.68193233,0.6171766519546509,1.8099101781845093
split_scaffold_heldout,drug_mean,"Myeloid cells, CEP-37440",0.15324807,0.9317662,0.3281724750995636,2.1822807788848877
split_scaffold_heldout,drug_mean,"NK cells, CEP-37440",0.25749767,0.6662527,0.42827507853507996,1.8094154596328735
split_scaffold_heldout,drug_mean,"T cells, CEP-37440",0.39831877,0.6265405,0.6988391876220703,1.8113933801651
split_scaffold_heldout,drug_mean,"NK cells, AZD4547",0.14159009,0.6563142,0.3525232970714569,1.788370132446289
split_scaffold_heldout,drug_mean,"T cells, AZD4547",0.3227604,0.49258527,0.5235759615898132,1.5627052783966064
split_scaffold_heldout,drug_mean,"NK cells, Clotrimazole",0.14082856,0.63855857,0.3054390251636505,1.796663522720337
split_scaffold_heldout,drug_mean,"T cells, Clotrimazole",0.15848789,0.5379263,0.29109030961990356,1.709303617477417
split_scaffold_heldout,drug_mean,"NK cells, SB525334",-0.14882107,0.80787176,-0.2824629545211792,2.027153491973877
split_scaffold_heldout,drug_mean,"T cells, SB525334",-0.33750263,1.0678642,-0.5289779901504517,2.407366991043091
split_scaffold_heldout,drug_mean,"B cells, Lapatinib",-0.06663905,0.6767664,-0.11630386859178543,1.9021958112716675
split_scaffold_heldout,drug_mean,"Myeloid cells, Lapatinib",-0.12819286,0.6913853,-0.19463007152080536,1.994493842124939
split_scaffold_heldout,drug_mean,"B cells, Atorvastatin",0.180494,0.5998207,0.43971768021583557,1.6735341548919678
split_scaffold_heldout,drug_mean,"Myeloid cells, Atorvastatin",-0.053270508,0.75729704,-0.14399439096450806,2.139375686645508
split_scaffold_heldout,drug_mean,"B cells, Ruxolitinib",0.5331378,0.8919333,0.7642633318901062,2.0209031105041504
split_scaffold_heldout,drug_mean,"Myeloid cells, Ruxolitinib",0.4848496,1.4211867,0.6753132343292236,2.586707830429077
split_scaffold_heldout,drug_mean,"B cells, AVL-292",0.5889354,0.928125,0.7883750796318054,2.0453875064849854
split_scaffold_heldout,drug_mean,"Myeloid cells, AVL-292",0.32510245,0.9044578,0.560188353061676,2.094248056411743
split_scaffold_heldout,drug_mean,"B cells, Chlorpheniramine",0.21982272,0.5893008,0.40282219648361206,1.7156060934066772
split_scaffold_heldout,drug_mean,"Myeloid cells, Chlorpheniramine",0.11957066,0.546799,0.20310603082180023,1.6889944076538086
split_scaffold_heldout,drug_mean,"B cells, BAY 61-3606",0.43170062,1.1840757,0.6361088752746582,2.323380708694458
split_scaffold_heldout,drug_mean,"Myeloid cells, BAY 61-3606",0.44494987,1.8618324,0.5764449834823608,2.8660495281219482
split_scaffold_heldout,drug_mean,"B cells, IMD-0354",0.40813386,1.1931958,0.5991319417953491,2.427684783935547
split_scaffold_heldout,drug_mean,"Myeloid cells, IMD-0354",0.43104216,1.5216866,0.5896413922309875,2.629244804382324
split_scaffold_heldout,drug_mean,"B cells, Decitabine",0.1259242,0.5700026,0.11345779895782471,1.7657005786895752
split_scaffold_heldout,drug_mean,"Myeloid cells, Decitabine",0.25980192,0.5109459,0.45242568850517273,1.645580530166626
split_scaffold_heldout,drug_mean,"B cells, CGM-097",-0.15081151,1.1185986,-0.2450193166732788,2.4442331790924072
split_scaffold_heldout,drug_mean,"Myeloid cells, CGM-097",-0.08482257,1.2723324,-0.07680176198482513,2.515930652618408
split_scaffold_heldout,drug_mean,"B cells, YK 4-279",0.066714816,0.6196519,0.14153370261192322,1.8119454383850098
split_scaffold_heldout,drug_mean,"Myeloid cells, YK 4-279",0.08189506,0.62556285,0.1293417513370514,1.7418558597564697
split_scaffold_heldout,drug_mean,"B cells, AZD4547",0.18519464,0.57995373,0.42353078722953796,1.7214443683624268
split_scaffold_heldout,drug_mean,"Myeloid cells, AZD4547",0.2520403,0.6505805,0.5050502419471741,1.827324390411377
split_scaffold_heldout,drug_mean,"B cells, Clotrimazole",0.13799664,0.6085659,0.19714510440826416,1.7634687423706055
split_scaffold_heldout,drug_mean,"Myeloid cells, Clotrimazole",0.09923407,0.7483177,0.20160606503486633,1.9349303245544434
split_scaffold_heldout,drug_mean,"B cells, SB525334",-0.13856412,0.7436211,-0.3176484704017639,2.0223641395568848
split_scaffold_heldout,drug_mean,"Myeloid cells, SB525334",-0.14343154,1.286803,-0.20873664319515228,2.604593515396118
split_cell_scaffold_heldout,global_train_mean,"NK cells, MK-5108",0.015651252,0.70581454,0.0561174713075161,1.8820114135742188
split_cell_scaffold_heldout,global_train_mean,"NK cells, Lapatinib",-0.14203003,0.7696567,-0.3136141300201416,1.9660263061523438
split_cell_scaffold_heldout,global_train_mean,"NK cells, Atorvastatin",0.07276232,0.68016595,0.08179636299610138,1.7682889699935913
split_cell_scaffold_heldout,global_train_mean,"NK cells, Linagliptin",0.07232799,0.6623138,0.08207955956459045,1.7844061851501465
split_cell_scaffold_heldout,global_train_mean,"NK cells, 5-(9-Isopropyl-8-methyl-2-morpholino-9H-purin-6-yl)pyrimidin-2-amine",0.3636257,0.8469997,0.5955144762992859,1.9636867046356201
split_cell_scaffold_heldout,global_train_mean,"NK cells, IN1451",0.2223337,1.2111146,0.33877840638160706,2.359017848968506
split_cell_scaffold_heldout,global_train_mean,"NK cells, Porcn Inhibitor III",-0.12634602,0.8063093,-0.26709482073783875,2.07796573638916
split_cell_scaffold_heldout,global_train_mean,"NK cells, Ruxolitinib",0.2461142,0.731641,0.43053948879241943,1.8068982362747192
split_cell_scaffold_heldout,global_train_mean,"NK cells, AVL-292",0.23076521,0.6799668,0.4077215790748596,1.8205304145812988
split_cell_scaffold_heldout,global_train_mean,"NK cells, Chlorpheniramine",0.044993583,0.6931016,0.1105058416724205,1.8825949430465698
split_cell_scaffold_heldout,global_train_mean,"NK cells, BAY 61-3606",0.2584486,1.0169154,0.44743093848228455,2.1711978912353516
split_cell_scaffold_heldout,global_train_mean,"NK cells, PF-04691502",0.24940282,0.76833504,0.5153517127037048,1.8133676052093506
split_cell_scaffold_heldout,global_train_mean,"NK cells, Dactolisib",0.41480052,0.9716943,0.6292430758476257,2.163468837738037
split_cell_scaffold_heldout,global_train_mean,"NK cells, IMD-0354",0.31806543,0.90595376,0.5565924048423767,2.073594331741333
split_cell_scaffold_heldout,global_train_mean,"NK cells, Idelalisib",0.12205025,0.7225839,0.2752071022987366,1.8589802980422974
split_cell_scaffold_heldout,global_train_mean,"NK cells, Decitabine",0.038979076,0.6637818,0.048601388931274414,1.771788477897644
split_cell_scaffold_heldout,global_train_mean,"NK cells, Crizotinib",0.2655742,0.70073134,0.47387194633483887,1.7479078769683838
split_cell_scaffold_heldout,global_train_mean,"NK cells, Azacitidine",0.11332097,0.6627359,0.12914857268333435,1.8329674005508423
split_cell_scaffold_heldout,global_train_mean,"NK cells, TR-14035",0.18331152,0.6261575,0.28154951333999634,1.8264102935791016
split_cell_scaffold_heldout,global_train_mean,"NK cells, GO-6976",-0.10666246,0.8439623,-0.19019077718257904,2.0193703174591064
split_cell_scaffold_heldout,global_train_mean,"NK cells, PRT-062607",0.30052158,0.72943723,0.5342279076576233,1.7895935773849487
split_cell_scaffold_heldout,global_train_mean,"NK cells, CGM-097",-0.01913437,0.8717018,0.02866475284099579,2.102879285812378
split_cell_scaffold_heldout,global_train_mean,"NK cells, YK 4-279",-0.104341,0.74775106,-0.18409545719623566,1.8996881246566772
split_cell_scaffold_heldout,global_train_mean,"NK cells, CEP-37440",0.2137721,0.68268305,0.3644882142543793,1.8202589750289917
split_cell_scaffold_heldout,global_train_mean,"NK cells, AZD4547",0.09596299,0.6775657,0.25048038363456726,1.8064998388290405
split_cell_scaffold_heldout,global_train_mean,"NK cells, Clotrimazole",0.09533616,0.6601903,0.19441062211990356,1.8185380697250366
split_cell_scaffold_heldout,global_train_mean,"NK cells, SB525334",-0.18244216,0.83297056,-0.3494676351547241,2.060706853866577
split_cell_scaffold_heldout,cell_context_mean,"NK cells, MK-5108",0.015651252,0.70581454,0.0561174713075161,1.8820114135742188
split_cell_scaffold_heldout,cell_context_mean,"NK cells, Lapatinib",-0.14203003,0.7696567,-0.3136141300201416,1.9660263061523438
split_cell_scaffold_heldout,cell_context_mean,"NK cells, Atorvastatin",0.07276232,0.68016595,0.08179636299610138,1.7682889699935913
split_cell_scaffold_heldout,cell_context_mean,"NK cells, Linagliptin",0.07232799,0.6623138,0.08207955956459045,1.7844061851501465
split_cell_scaffold_heldout,cell_context_mean,"NK cells, 5-(9-Isopropyl-8-methyl-2-morpholino-9H-purin-6-yl)pyrimidin-2-amine",0.3636257,0.8469997,0.5955144762992859,1.9636867046356201
split_cell_scaffold_heldout,cell_context_mean,"NK cells, IN1451",0.2223337,1.2111146,0.33877840638160706,2.359017848968506
split_cell_scaffold_heldout,cell_context_mean,"NK cells, Porcn Inhibitor III",-0.12634602,0.8063093,-0.26709482073783875,2.07796573638916
split_cell_scaffold_heldout,cell_context_mean,"NK cells, Ruxolitinib",0.2461142,0.731641,0.43053948879241943,1.8068982362747192
split_cell_scaffold_heldout,cell_context_mean,"NK cells, AVL-292",0.23076521,0.6799668,0.4077215790748596,1.8205304145812988
split_cell_scaffold_heldout,cell_context_mean,"NK cells, Chlorpheniramine",0.044993583,0.6931016,0.1105058416724205,1.8825949430465698
split_cell_scaffold_heldout,cell_context_mean,"NK cells, BAY 61-3606",0.2584486,1.0169154,0.44743093848228455,2.1711978912353516
split_cell_scaffold_heldout,cell_context_mean,"NK cells, PF-04691502",0.24940282,0.76833504,0.5153517127037048,1.8133676052093506
split_cell_scaffold_heldout,cell_context_mean,"NK cells, Dactolisib",0.41480052,0.9716943,0.6292430758476257,2.163468837738037
split_cell_scaffold_heldout,cell_context_mean,"NK cells, IMD-0354",0.31806543,0.90595376,0.5565924048423767,2.073594331741333
split_cell_scaffold_heldout,cell_context_mean,"NK cells, Idelalisib",0.12205025,0.7225839,0.2752071022987366,1.8589802980422974
split_cell_scaffold_heldout,cell_context_mean,"NK cells, Decitabine",0.038979076,0.6637818,0.048601388931274414,1.771788477897644
split_cell_scaffold_heldout,cell_context_mean,"NK cells, Crizotinib",0.2655742,0.70073134,0.47387194633483887,1.7479078769683838
split_cell_scaffold_heldout,cell_context_mean,"NK cells, Azacitidine",0.11332097,0.6627359,0.12914857268333435,1.8329674005508423
split_cell_scaffold_heldout,cell_context_mean,"NK cells, TR-14035",0.18331152,0.6261575,0.28154951333999634,1.8264102935791016
split_cell_scaffold_heldout,cell_context_mean,"NK cells, GO-6976",-0.10666246,0.8439623,-0.19019077718257904,2.0193703174591064
split_cell_scaffold_heldout,cell_context_mean,"NK cells, PRT-062607",0.30052158,0.72943723,0.5342279076576233,1.7895935773849487
split_cell_scaffold_heldout,cell_context_mean,"NK cells, CGM-097",-0.01913437,0.8717018,0.02866475284099579,2.102879285812378
split_cell_scaffold_heldout,cell_context_mean,"NK cells, YK 4-279",-0.104341,0.74775106,-0.18409545719623566,1.8996881246566772
split_cell_scaffold_heldout,cell_context_mean,"NK cells, CEP-37440",0.2137721,0.68268305,0.3644882142543793,1.8202589750289917
split_cell_scaffold_heldout,cell_context_mean,"NK cells, AZD4547",0.09596299,0.6775657,0.25048038363456726,1.8064998388290405
split_cell_scaffold_heldout,cell_context_mean,"NK cells, Clotrimazole",0.09533616,0.6601903,0.19441062211990356,1.8185380697250366
split_cell_scaffold_heldout,cell_context_mean,"NK cells, SB525334",-0.18244216,0.83297056,-0.3494676351547241,2.060706853866577
split_cell_scaffold_heldout,drug_mean,"NK cells, MK-5108",0.015651252,0.70581454,0.0561174713075161,1.8820114135742188
split_cell_scaffold_heldout,drug_mean,"NK cells, Lapatinib",-0.14203003,0.7696567,-0.3136141300201416,1.9660263061523438
split_cell_scaffold_heldout,drug_mean,"NK cells, Atorvastatin",0.07276232,0.68016595,0.08179636299610138,1.7682889699935913
split_cell_scaffold_heldout,drug_mean,"NK cells, Linagliptin",0.07232799,0.6623138,0.08207955956459045,1.7844061851501465
split_cell_scaffold_heldout,drug_mean,"NK cells, 5-(9-Isopropyl-8-methyl-2-morpholino-9H-purin-6-yl)pyrimidin-2-amine",0.3636257,0.8469997,0.5955144762992859,1.9636867046356201
split_cell_scaffold_heldout,drug_mean,"NK cells, IN1451",0.2223337,1.2111146,0.33877840638160706,2.359017848968506
split_cell_scaffold_heldout,drug_mean,"NK cells, Porcn Inhibitor III",-0.12634602,0.8063093,-0.26709482073783875,2.07796573638916
split_cell_scaffold_heldout,drug_mean,"NK cells, Ruxolitinib",0.2461142,0.731641,0.43053948879241943,1.8068982362747192
split_cell_scaffold_heldout,drug_mean,"NK cells, AVL-292",0.23076521,0.6799668,0.4077215790748596,1.8205304145812988
split_cell_scaffold_heldout,drug_mean,"NK cells, Chlorpheniramine",0.044993583,0.6931016,0.1105058416724205,1.8825949430465698
split_cell_scaffold_heldout,drug_mean,"NK cells, BAY 61-3606",0.2584486,1.0169154,0.44743093848228455,2.1711978912353516
split_cell_scaffold_heldout,drug_mean,"NK cells, PF-04691502",0.24940282,0.76833504,0.5153517127037048,1.8133676052093506
split_cell_scaffold_heldout,drug_mean,"NK cells, Dactolisib",0.41480052,0.9716943,0.6292430758476257,2.163468837738037
split_cell_scaffold_heldout,drug_mean,"NK cells, IMD-0354",0.31806543,0.90595376,0.5565924048423767,2.073594331741333
split_cell_scaffold_heldout,drug_mean,"NK cells, Idelalisib",0.12205025,0.7225839,0.2752071022987366,1.8589802980422974
split_cell_scaffold_heldout,drug_mean,"NK cells, Decitabine",0.038979076,0.6637818,0.048601388931274414,1.771788477897644
split_cell_scaffold_heldout,drug_mean,"NK cells, Crizotinib",0.2655742,0.70073134,0.47387194633483887,1.7479078769683838
split_cell_scaffold_heldout,drug_mean,"NK cells, Azacitidine",0.11332097,0.6627359,0.12914857268333435,1.8329674005508423
split_cell_scaffold_heldout,drug_mean,"NK cells, TR-14035",0.18331152,0.6261575,0.28154951333999634,1.8264102935791016
split_cell_scaffold_heldout,drug_mean,"NK cells, GO-6976",-0.10666246,0.8439623,-0.19019077718257904,2.0193703174591064
split_cell_scaffold_heldout,drug_mean,"NK cells, PRT-062607",0.30052158,0.72943723,0.5342279076576233,1.7895935773849487
split_cell_scaffold_heldout,drug_mean,"NK cells, CGM-097",-0.01913437,0.8717018,0.02866475284099579,2.102879285812378
split_cell_scaffold_heldout,drug_mean,"NK cells, YK 4-279",-0.104341,0.74775106,-0.18409545719623566,1.8996881246566772
split_cell_scaffold_heldout,drug_mean,"NK cells, CEP-37440",0.2137721,0.68268305,0.3644882142543793,1.8202589750289917
split_cell_scaffold_heldout,drug_mean,"NK cells, AZD4547",0.09596299,0.6775657,0.25048038363456726,1.8064998388290405
split_cell_scaffold_heldout,drug_mean,"NK cells, Clotrimazole",0.09533616,0.6601903,0.19441062211990356,1.8185380697250366
split_cell_scaffold_heldout,drug_mean,"NK cells, SB525334",-0.18244216,0.83297056,-0.3494676351547241,2.060706853866577
