dataset,model_name,comparison_model,split_type,n_seeds,mean_prnet,mean_comparison,mean_difference_prnet_minus_comparison,sd_difference,ci_low,ci_high
sciplex3_24h_top2000,prnet_adapted_sciplex3,transigen_adapted_sciplex3,cell_scaffold_heldout,10,0.0012771569776389596,0.012987307189234798,-0.011710150211595837,0.05306338437059601,-0.04079460557136977,0.021401627257454044
sciplex3_24h_top2000,prnet_adapted_sciplex3,transigen_adapted_sciplex3,random,10,0.016486090727864427,0.23465627328416977,-0.21817018255630533,0.013983967387320159,-0.2267280757444883,-0.21052633603746734
sciplex3_24h_top2000,prnet_adapted_sciplex3,transigen_adapted_sciplex3,scaffold_heldout,10,0.014446334105172057,0.21524399776055625,-0.20079766365538423,0.021472385861507393,-0.21316094848589703,-0.1878113202261195
