split,baseline,sample_id,rowwise_pearson,rmse,de_rowwise_pearson,de_rmse
split_random,global_train_mean,"T cells, TIE2 Kinase Inhibitor",0.17665185,0.55528957,0.426817923784256,1.596405029296875
split_random,global_train_mean,"B cells, MK-5108",0.22550833,0.568539,0.4374084770679474,1.660902500152588
split_random,global_train_mean,"Myeloid cells, Ganetespib (STA-9090)",0.5146315,1.4303861,0.6825650334358215,2.503939628601074
split_random,global_train_mean,"NK cells, Clomipramine",0.13866727,0.6282237,0.28122371435165405,1.7496789693832397
split_random,global_train_mean,"NK cells, Tivozanib",0.11234113,0.6630747,0.23705796897411346,1.796934723854065
split_random,global_train_mean,"T cells, Tivozanib",0.26339933,0.62856615,0.5059376955032349,1.7979246377944946
split_random,global_train_mean,"B cells, Tamatinib",0.5907001,1.1134284,0.7733827233314514,2.2424488067626953
split_random,global_train_mean,"NK cells, Ixabepilone",0.13399254,0.6441058,0.23463863134384155,1.8341736793518066
split_random,global_train_mean,"B cells, Linagliptin",-0.0027999296,0.6098149,-0.08322377502918243,1.798599123954773
split_random,global_train_mean,"NK cells, O-Demethylated Adapalene",0.0719088,0.6584937,0.06186428666114807,1.8131757974624634
split_random,global_train_mean,"T cells, O-Demethylated Adapalene",0.3387413,0.55736035,0.551647961139679,1.696301817893982
split_random,global_train_mean,"NK cells, I-BET151",0.2108369,1.005154,0.3381931483745575,2.256518602371216
split_random,global_train_mean,"T cells, I-BET151",0.39409205,1.9069246,0.49684008955955505,2.885026216506958
split_random,global_train_mean,"B cells, Foretinib",0.60626084,1.0246865,0.7929942607879639,2.1555206775665283
split_random,global_train_mean,"T cells, Foretinib",0.5745802,0.79857445,0.7945468425750732,1.8931795358657837
split_random,global_train_mean,"Myeloid cells, GW843682X",0.14982997,0.73272115,0.32340356707572937,2.0168280601501465
split_random,global_train_mean,"T cells, IN1451",0.2836154,2.78391,0.33643558621406555,3.3942389488220215
split_random,global_train_mean,"Myeloid cells, Raloxifene",0.13153045,0.9664384,0.3217962384223938,2.1857616901397705
split_random,global_train_mean,"NK cells, Topotecan",0.14206542,0.79517436,0.27364200353622437,2.005333662033081
split_random,global_train_mean,"B cells, BAY 87-2243",0.53322804,0.9205863,0.7472737431526184,2.0924031734466553
split_random,global_train_mean,"NK cells, TL_HRAS26",0.07095017,0.63464355,0.09331317991018295,1.8605562448501587
split_random,global_train_mean,"T cells, TL_HRAS26",0.25136492,0.5299282,0.4302653670310974,1.8725391626358032
split_random,global_train_mean,"T cells, Proscillaridin A;Proscillaridin-A",-0.0107457945,2.9858372,-0.011749482713639736,3.5425055027008057
split_random,global_train_mean,"T cells, Vorinostat",0.35478312,2.1465325,0.4436948895454407,3.041327714920044
split_random,global_train_mean,"NK cells, BMS-265246",0.10679598,0.88613164,0.23480089008808136,2.1479413509368896
split_random,global_train_mean,"B cells, Pomalidomide",-0.1638447,1.0286775,-0.2726619243621826,2.45888614654541
split_random,global_train_mean,"NK cells, Pomalidomide",-0.08451416,0.8891444,-0.14074935019016266,2.2267277240753174
split_random,global_train_mean,"T cells, Pomalidomide",-0.17049746,1.3069247,-0.23562034964561462,2.717181921005249
split_random,global_train_mean,"Myeloid cells, Dovitinib",0.029147932,0.9549974,0.148768350481987,2.259554862976074
split_random,global_train_mean,"T cells, Dovitinib",0.4602959,0.7197517,0.7252261638641357,1.963967204093933
split_random,global_train_mean,"Myeloid cells, Navitoclax",-0.27753913,0.9376893,-0.42911019921302795,2.2051312923431396
split_random,global_train_mean,"Myeloid cells, Palbociclib",0.3091701,0.7399091,0.6109250783920288,1.897810697555542
split_random,global_train_mean,"T cells, Palbociclib",0.32755885,0.50831753,0.6693909764289856,1.558098554611206
split_random,global_train_mean,"T cells, Scriptaid",0.34273034,2.228186,0.4236752688884735,3.0955193042755127
split_random,global_train_mean,"NK cells, LY2090314",0.03787824,1.240461,0.06861189752817154,2.571861743927002
split_random,global_train_mean,"T cells, PF-04691502",0.5804479,1.0389892,0.7685154676437378,2.2111711502075195
split_random,global_train_mean,"NK cells, Perhexiline",0.38626266,0.7484391,0.5892263650894165,1.7961252927780151
split_random,global_train_mean,"T cells, RVX-208",0.3452063,0.8093719,0.5297460556030273,1.9739320278167725
split_random,global_train_mean,"Myeloid cells, Dactolisib",0.55308515,2.048762,0.6645153760910034,2.99361252784729
split_random,global_train_mean,"NK cells, Dactolisib",0.47360983,0.96417105,0.6857619881629944,2.163851022720337
split_random,global_train_mean,"T cells, IKK Inhibitor VII",0.5608538,0.8710296,0.7950910329818726,1.9731775522232056
split_random,global_train_mean,"Myeloid cells, Isoniazid",0.19538312,0.58533144,0.4495832324028015,1.6812281608581543
split_random,global_train_mean,"B cells, Idelalisib",0.5572654,0.9320229,0.777515172958374,2.093308687210083
split_random,global_train_mean,"NK cells, Penfluridol",0.114445366,0.68940157,0.2585594356060028,1.7950488328933716
split_random,global_train_mean,"B cells, Quizartinib",0.06745981,0.5862352,0.291633278131485,1.6434669494628906
split_random,global_train_mean,"Myeloid cells, PD-0325901",0.3595376,1.3361881,0.5293188095092773,2.498284101486206
split_random,global_train_mean,"B cells, LDN 193189",0.12774618,0.5771218,0.3441970944404602,1.661745548248291
split_random,global_train_mean,"T cells, LDN 193189",0.21903138,0.5568304,0.4145469665527344,1.68427312374115
split_random,global_train_mean,"B cells, Riociguat",0.09820726,0.5844344,0.21164970099925995,1.7826790809631348
split_random,global_train_mean,"Myeloid cells, Riociguat",0.25889203,0.57212114,0.48566094040870667,1.6594828367233276
split_random,global_train_mean,"T cells, CHIR-99021",-0.21390045,1.5088257,-0.3148297965526581,2.8356809616088867
split_random,global_train_mean,"B cells, BI-D1870",0.22677001,0.60736465,0.42357727885246277,1.720128059387207
split_random,global_train_mean,"T cells, CC-401",0.47572657,0.7615924,0.7088009119033813,1.8906912803649902
split_random,global_train_mean,"B cells, Crizotinib",0.51911813,0.84359866,0.7400439381599426,2.027216672897339
split_random,global_train_mean,"Myeloid cells, Crizotinib",0.4815875,0.9007167,0.6948926448822021,2.092527151107788
split_random,global_train_mean,"B cells, Azacitidine",0.14563975,0.6702005,0.3909412622451782,1.8134199380874634
split_random,global_train_mean,"NK cells, AT 7867",0.3326812,0.7023553,0.5775044560432434,1.8129078149795532
split_random,global_train_mean,"T cells, GO-6976",-0.12035072,0.93222076,-0.21853233873844147,2.148641347885132
split_random,global_train_mean,"NK cells, RG7112",0.2425453,0.64668673,0.45670104026794434,1.8829580545425415
split_random,global_train_mean,"T cells, Lamivudine",0.2293132,0.5085372,0.3938573896884918,1.5722600221633911
split_random,global_train_mean,"NK cells, TGX 221",0.3368112,0.70025945,0.5073513984680176,1.7948538064956665
split_random,global_train_mean,"T cells, ABT737",0.09708053,0.6054694,0.44934043288230896,1.8379582166671753
split_random,global_train_mean,"T cells, Ceritinib",0.49090222,0.54451424,0.7385651469230652,1.5312098264694214
split_random,global_train_mean,"T cells, SLx-2119",0.32032564,0.5833313,0.5682538747787476,1.7446212768554688
split_random,global_train_mean,"Myeloid cells, STK219801",0.30558208,0.62395746,0.4814854860305786,1.863329291343689
split_random,global_train_mean,"T cells, STK219801",0.14753972,0.564386,0.31283941864967346,1.8389079570770264
split_random,global_train_mean,"T cells, GSK-1070916",0.357884,0.55835474,0.6575721502304077,1.632811427116394
split_random,global_train_mean,"T cells, Clemastine",0.3534836,0.51154387,0.7238658666610718,1.4709354639053345
split_random,global_train_mean,"B cells, CEP-37440",0.34555107,0.684577,0.6027488112449646,1.8150233030319214
split_random,global_train_mean,"T cells, GSK256066",0.3473638,0.7211238,0.6163524985313416,2.0890591144561768
split_random,global_train_mean,"B cells, R428",0.5079744,0.9425657,0.7308863401412964,2.1149706840515137
split_random,global_train_mean,"T cells, Tosedostat",0.34505528,0.7411837,0.584485650062561,1.8976370096206665
split_random,global_train_mean,"NK cells, PF-03814735",0.34986922,0.81414145,0.5606234073638916,1.9067645072937012
split_random,global_train_mean,"T cells, PF-03814735",0.6044325,1.0632305,0.7855057716369629,2.1648788452148438
split_random,global_train_mean,"NK cells, AZD4547",0.14481884,0.65542,0.36082154512405396,1.7864868640899658
split_random,global_train_mean,"B cells, Selumetinib",0.48065907,0.7717675,0.7368646264076233,2.0044662952423096
split_random,global_train_mean,"Myeloid cells, Selumetinib",0.39769846,1.0159025,0.6264892816543579,2.2220723628997803
split_random,global_train_mean,"NK cells, Selumetinib",0.20368096,0.6956542,0.3637848496437073,1.8220162391662598
split_random,global_train_mean,"T cells, RG7090",-0.116881505,0.8466738,-0.16792231798171997,2.1032087802886963
split_random,global_train_mean,"B cells, GLPG0634",0.50719297,0.8039637,0.7386298179626465,1.859688639640808
split_random,global_train_mean,"NK cells, GLPG0634",0.32721317,0.70585704,0.5394591093063354,1.797892451286316
split_random,global_train_mean,"T cells, Vanoxerine",0.19538088,0.5833666,0.4432494640350342,1.680686116218567
split_random,global_train_mean,"NK cells, HYDROXYUREA",0.03738049,0.6634394,0.06147189810872078,1.7974892854690552
split_random,global_train_mean,"Myeloid cells, Clomipramine",0.28291294,0.6465305,0.5768029689788818,1.7710580825805664
split_random,global_train_mean,"B cells, Vorinostat",0.34223694,1.5895524,0.4767339527606964,2.665041446685791
split_random,global_train_mean,"Myeloid cells, AVL-292",0.31956655,0.90571046,0.5606542229652405,2.0946879386901855
split_random,global_train_mean,"Myeloid cells, Sgc-cbp30",0.2693517,0.9592748,0.4893774390220642,2.1403608322143555
split_random,global_train_mean,"B cells, BAY 61-3606",0.43036824,1.1846439,0.6315065026283264,2.3247125148773193
split_random,global_train_mean,"Myeloid cells, BAY 61-3606",0.44895667,1.861112,0.5788701176643372,2.865283727645874
split_random,global_train_mean,"B cells, Vardenafil",0.2423918,0.5687123,0.4938177168369293,1.6205660104751587
split_random,global_train_mean,"Myeloid cells, Vardenafil",0.2026422,0.68263024,0.5028051137924194,1.7753547430038452
split_random,global_train_mean,"Myeloid cells, Disulfiram",-0.010042636,0.6547242,-0.014542274177074432,1.916183352470398
split_random,global_train_mean,"B cells, Desloratadine",0.13144764,0.58038265,0.1395738422870636,1.6786152124404907
split_random,global_train_mean,"B cells, IKK Inhibitor VII",0.5665218,0.9479466,0.7604076862335205,2.0404951572418213
split_random,global_train_mean,"B cells, Amiodarone",0.09971089,0.5614049,0.18961255252361298,1.6391847133636475
split_random,global_train_mean,"B cells, IMD-0354",0.4120599,1.1924748,0.6061322689056396,2.4254133701324463
split_random,global_train_mean,"B cells, Cabozantinib",0.077033296,0.7310291,0.23165984451770782,1.9116296768188477
split_random,global_train_mean,"B cells, Defactinib",0.357141,0.6990971,0.6181744933128357,1.753273606300354
split_random,global_train_mean,"B cells, AZD3514",0.30454916,0.6938887,0.4977543354034424,1.8372666835784912
split_random,global_train_mean,"Myeloid cells, Lamivudine",0.19953384,0.6856686,0.46054577827453613,1.805450439453125
split_random,global_train_mean,"Myeloid cells, TPCA-1",0.49371374,1.3792001,0.6726568341255188,2.5019636154174805
split_random,global_train_mean,"B cells, GSK-1070916",0.34220073,0.58400863,0.5945340991020203,1.619143009185791
split_random,global_train_mean,"B cells, Clemastine",0.2490811,0.65336543,0.40287747979164124,1.8301029205322266
split_random,global_train_mean,"B cells, YK 4-279",0.068228856,0.61914074,0.14152850210666656,1.812429428100586
split_random,global_train_mean,"B cells, GSK256066",0.30521727,0.8480508,0.5529891848564148,2.137911558151245
split_random,global_train_mean,"Myeloid cells, Colforsin",0.119706064,0.67485464,0.2422296106815338,1.9420599937438965
split_random,global_train_mean,"B cells, Tosedostat",0.13925827,0.6612185,0.30217739939689636,1.795543909072876
split_random,global_train_mean,"Myeloid cells, ABT-199 (GDC-0199)",-0.05992924,0.6002507,-0.0333346426486969,1.8040136098861694
split_random,global_train_mean,"B cells, Mometasone Furoate",0.56598026,1.182256,0.7391670346260071,2.3433001041412354
split_random,global_train_mean,"B cells, Tipifarnib",0.36358175,0.6212196,0.5888403058052063,1.7099664211273193
split_random,global_train_mean,"B cells, Doxorubicin",-0.011643386,1.7828184,0.003581985365599394,2.903496503829956
split_random,global_train_mean,"Myeloid cells, Mubritinib (TAK 165)",0.14628561,1.1485523,0.2340763658285141,2.4025955200195312
split_random,cell_context_mean,"T cells, TIE2 Kinase Inhibitor",0.23734602,0.567733,0.49078166484832764,1.5251657962799072
split_random,cell_context_mean,"B cells, MK-5108",0.26114255,0.58022296,0.5305414795875549,1.598164677619934
split_random,cell_context_mean,"Myeloid cells, Ganetespib (STA-9090)",0.52635866,1.3773564,0.6854526996612549,2.3920834064483643
split_random,cell_context_mean,"NK cells, Clomipramine",0.23936178,0.60236293,0.45133736729621887,1.7014787197113037
split_random,cell_context_mean,"NK cells, Tivozanib",0.22761622,0.6340171,0.44163382053375244,1.74006986618042
split_random,cell_context_mean,"T cells, Tivozanib",0.2784007,0.64024436,0.5445537567138672,1.719464898109436
split_random,cell_context_mean,"B cells, Tamatinib",0.6772435,1.0445961,0.8309205770492554,2.0845932960510254
split_random,cell_context_mean,"NK cells, Ixabepilone",0.23393096,0.6184979,0.41013041138648987,1.780783772468567
split_random,cell_context_mean,"B cells, Linagliptin",0.04802922,0.63470143,0.06064535677433014,1.7743768692016602
split_random,cell_context_mean,"NK cells, O-Demethylated Adapalene",0.16562438,0.63364106,0.3090561628341675,1.749080777168274
split_random,cell_context_mean,"T cells, O-Demethylated Adapalene",0.41773915,0.5437106,0.5780395865440369,1.626136064529419
split_random,cell_context_mean,"NK cells, I-BET151",0.26336524,0.9934182,0.40761762857437134,2.2371740341186523
split_random,cell_context_mean,"T cells, I-BET151",0.43942112,1.8649373,0.5333977341651917,2.8154208660125732
split_random,cell_context_mean,"B cells, Foretinib",0.6518854,0.97082,0.8266246318817139,2.015394449234009
split_random,cell_context_mean,"T cells, Foretinib",0.67145824,0.7290807,0.8455874919891357,1.7054167985916138
split_random,cell_context_mean,"Myeloid cells, GW843682X",0.2831896,0.7200679,0.49171459674835205,1.8706719875335693
split_random,cell_context_mean,"T cells, IN1451",0.26167586,2.7727747,0.3083966374397278,3.3774783611297607
split_random,cell_context_mean,"Myeloid cells, Raloxifene",0.3900199,0.89236516,0.6281272768974304,1.9705209732055664
split_random,cell_context_mean,"NK cells, Topotecan",0.21801686,0.7760606,0.38794615864753723,1.9762617349624634
split_random,cell_context_mean,"B cells, BAY 87-2243",0.61036325,0.86587393,0.7975402474403381,1.9362083673477173
split_random,cell_context_mean,"NK cells, TL_HRAS26",0.17213385,0.60800254,0.3023049235343933,1.8110029697418213
split_random,cell_context_mean,"T cells, TL_HRAS26",0.32320482,0.53295594,0.5161334872245789,1.7994219064712524
split_random,cell_context_mean,"T cells, Proscillaridin A;Proscillaridin-A",-0.01008732,2.9960458,-0.011553771793842316,3.5529208183288574
split_random,cell_context_mean,"T cells, Vorinostat",0.39338297,2.1102815,0.4750683307647705,2.9852139949798584
split_random,cell_context_mean,"NK cells, BMS-265246",0.27522546,0.8466608,0.5168641805648804,2.0670363903045654
split_random,cell_context_mean,"B cells, Pomalidomide",-0.08194561,1.040837,-0.13584381341934204,2.45097017288208
split_random,cell_context_mean,"NK cells, Pomalidomide",0.047255117,0.8556674,0.0676029846072197,2.169027090072632
split_random,cell_context_mean,"T cells, Pomalidomide",-0.103113316,1.3232783,-0.14574109017848969,2.732959270477295
split_random,cell_context_mean,"Myeloid cells, Dovitinib",0.07925975,0.97655106,0.2081247717142105,2.2343218326568604
split_random,cell_context_mean,"T cells, Dovitinib",0.5447936,0.6759956,0.7582151889801025,1.802051067352295
split_random,cell_context_mean,"Myeloid cells, Navitoclax",-0.2752772,1.0134166,-0.4487023651599884,2.31691312789917
split_random,cell_context_mean,"Myeloid cells, Palbociclib",0.46305048,0.6897596,0.7451300024986267,1.6651233434677124
split_random,cell_context_mean,"T cells, Palbociclib",0.3936126,0.5055995,0.6983104348182678,1.4370688199996948
split_random,cell_context_mean,"T cells, Scriptaid",0.38458538,2.1917026,0.46037861704826355,3.040421962738037
split_random,cell_context_mean,"NK cells, LY2090314",-0.009266848,1.2477546,-0.05490780249238014,2.605807304382324
split_random,cell_context_mean,"T cells, PF-04691502",0.6482474,0.9754949,0.8049907088279724,2.063492774963379
split_random,cell_context_mean,"NK cells, Perhexiline",0.41431525,0.74410397,0.6434621810913086,1.7901859283447266
split_random,cell_context_mean,"T cells, RVX-208",0.38735193,0.7924789,0.5539568066596985,1.905132532119751
split_random,cell_context_mean,"Myeloid cells, Dactolisib",0.5611474,1.983958,0.6702800989151001,2.8919501304626465
split_random,cell_context_mean,"NK cells, Dactolisib",0.38385227,0.9900928,0.5992291569709778,2.2278313636779785
split_random,cell_context_mean,"T cells, IKK Inhibitor VII",0.67315716,0.7955852,0.855137825012207,1.7627836465835571
split_random,cell_context_mean,"Myeloid cells, Isoniazid",0.3192817,0.58402073,0.6137886047363281,1.4922938346862793
split_random,cell_context_mean,"B cells, Idelalisib",0.6430679,0.8703911,0.8243368268013,1.927923560142517
split_random,cell_context_mean,"NK cells, Penfluridol",0.25640538,0.65468293,0.48260945081710815,1.7382664680480957
split_random,cell_context_mean,"B cells, Quizartinib",0.13647704,0.6017335,0.34482911229133606,1.6054506301879883
split_random,cell_context_mean,"Myeloid cells, PD-0325901",0.5674505,1.2298214,0.7450207471847534,2.279808759689331
split_random,cell_context_mean,"B cells, LDN 193189",0.18076546,0.5919117,0.3840509355068207,1.6202070713043213
split_random,cell_context_mean,"T cells, LDN 193189",0.26733336,0.56854695,0.46750912070274353,1.6320172548294067
split_random,cell_context_mean,"B cells, Riociguat",0.17798394,0.593569,0.322681725025177,1.7298080921173096
split_random,cell_context_mean,"Myeloid cells, Riociguat",0.2507931,0.610551,0.42500728368759155,1.6258635520935059
split_random,cell_context_mean,"T cells, CHIR-99021",-0.026235,1.4879063,-0.020847730338573456,2.775362491607666
split_random,cell_context_mean,"B cells, BI-D1870",0.2503321,0.61995727,0.44913315773010254,1.6758421659469604
split_random,cell_context_mean,"T cells, CC-401",0.45537686,0.75364405,0.6906092166900635,1.813476800918579
split_random,cell_context_mean,"B cells, Crizotinib",0.63929904,0.77576137,0.8186774253845215,1.8318331241607666
split_random,cell_context_mean,"Myeloid cells, Crizotinib",0.5746227,0.83340263,0.7912679314613342,1.875710368156433
split_random,cell_context_mean,"B cells, Azacitidine",0.20676558,0.67531073,0.45261311531066895,1.7516741752624512
split_random,cell_context_mean,"NK cells, AT 7867",0.42205966,0.6823489,0.6833404898643494,1.772210955619812
split_random,cell_context_mean,"T cells, GO-6976",-0.04733731,0.9500325,-0.02318267710506916,2.135049819946289
split_random,cell_context_mean,"NK cells, RG7112",0.29242864,0.63374597,0.5064021348953247,1.864637851715088
split_random,cell_context_mean,"T cells, Lamivudine",0.2705334,0.5265277,0.4703724980354309,1.5193606615066528
split_random,cell_context_mean,"NK cells, TGX 221",0.3668967,0.69405633,0.5706765055656433,1.7821797132492065
split_random,cell_context_mean,"T cells, ABT737",0.17249306,0.6181298,0.5669845342636108,1.7383906841278076
split_random,cell_context_mean,"T cells, Ceritinib",0.5349295,0.5234214,0.7233867049217224,1.4128588438034058
split_random,cell_context_mean,"T cells, SLx-2119",0.3727469,0.580002,0.6150150299072266,1.657470464706421
split_random,cell_context_mean,"Myeloid cells, STK219801",0.35898682,0.6259891,0.5488633513450623,1.7669705152511597
split_random,cell_context_mean,"T cells, STK219801",0.16043074,0.59430075,0.378680020570755,1.80044686794281
split_random,cell_context_mean,"T cells, GSK-1070916",0.44813773,0.53789264,0.6893326044082642,1.4750730991363525
split_random,cell_context_mean,"T cells, Clemastine",0.42020348,0.5046484,0.7875861525535583,1.3269678354263306
split_random,cell_context_mean,"B cells, CEP-37440",0.49361593,0.63514954,0.7485964298248291,1.630161166191101
split_random,cell_context_mean,"T cells, GSK256066",0.385896,0.7099476,0.6807869672775269,1.9976328611373901
split_random,cell_context_mean,"B cells, R428",0.55757844,0.9003358,0.753470778465271,1.9970829486846924
split_random,cell_context_mean,"T cells, Tosedostat",0.44630775,0.7056263,0.6963520646095276,1.7602341175079346
split_random,cell_context_mean,"NK cells, PF-03814735",0.41634992,0.800628,0.6577547192573547,1.8779513835906982
split_random,cell_context_mean,"T cells, PF-03814735",0.60558015,1.0212741,0.7703721523284912,2.0574052333831787
split_random,cell_context_mean,"NK cells, AZD4547",0.25546402,0.6276832,0.4950955808162689,1.7428762912750244
split_random,cell_context_mean,"B cells, Selumetinib",0.6030562,0.71032166,0.8219860196113586,1.8053805828094482
split_random,cell_context_mean,"Myeloid cells, Selumetinib",0.58604074,0.9186985,0.8009442687034607,1.9695203304290771
split_random,cell_context_mean,"NK cells, Selumetinib",0.29792938,0.6726224,0.5138972401618958,1.7754751443862915
split_random,cell_context_mean,"T cells, RG7090",-0.019840036,0.8599375,-0.005357313901185989,2.093578815460205
split_random,cell_context_mean,"B cells, GLPG0634",0.58587074,0.754542,0.7818222045898438,1.7146685123443604
split_random,cell_context_mean,"NK cells, GLPG0634",0.4098428,0.68735754,0.6508142352104187,1.757469892501831
split_random,cell_context_mean,"T cells, Vanoxerine",0.3070721,0.57485425,0.5499595999717712,1.5627756118774414
split_random,cell_context_mean,"NK cells, HYDROXYUREA",0.14670378,0.63492084,0.3566533029079437,1.731892466545105
split_random,cell_context_mean,"Myeloid cells, Clomipramine",0.31028318,0.66007495,0.5834552049636841,1.6576669216156006
split_random,cell_context_mean,"B cells, Vorinostat",0.41009587,1.5500715,0.545012891292572,2.5896401405334473
split_random,cell_context_mean,"Myeloid cells, AVL-292",0.4604859,0.8486387,0.7312176823616028,1.882768988609314
split_random,cell_context_mean,"Myeloid cells, Sgc-cbp30",0.25340438,0.9703601,0.46861642599105835,2.0863847732543945
split_random,cell_context_mean,"B cells, BAY 61-3606",0.45840922,1.1543345,0.6407516002655029,2.252958297729492
split_random,cell_context_mean,"Myeloid cells, BAY 61-3606",0.5077947,1.7942306,0.6490976214408875,2.746633291244507
split_random,cell_context_mean,"B cells, Vardenafil",0.30203217,0.5704495,0.551596462726593,1.5477262735366821
split_random,cell_context_mean,"Myeloid cells, Vardenafil",0.34215024,0.6630469,0.6689540147781372,1.5667691230773926
split_random,cell_context_mean,"Myeloid cells, Disulfiram",0.015269798,0.70913285,0.12956523895263672,1.8884538412094116
split_random,cell_context_mean,"B cells, Desloratadine",0.19047993,0.592121,0.29061922430992126,1.6195865869522095
split_random,cell_context_mean,"B cells, IKK Inhibitor VII",0.65569407,0.88354915,0.8277819156646729,1.8711721897125244
split_random,cell_context_mean,"B cells, Amiodarone",0.16985276,0.5747414,0.3554359972476959,1.5761502981185913
split_random,cell_context_mean,"B cells, IMD-0354",0.45442954,1.1588048,0.6262720227241516,2.3401148319244385
split_random,cell_context_mean,"B cells, Cabozantinib",0.13899948,0.739095,0.28344690799713135,1.881908893585205
split_random,cell_context_mean,"B cells, Defactinib",0.45265734,0.66745234,0.7003973722457886,1.6264125108718872
split_random,cell_context_mean,"B cells, AZD3514",0.30890086,0.6994238,0.4803658425807953,1.8051360845565796
split_random,cell_context_mean,"Myeloid cells, Lamivudine",0.24089533,0.7032311,0.5170644521713257,1.709206223487854
split_random,cell_context_mean,"Myeloid cells, TPCA-1",0.65664333,1.2665129,0.8060485124588013,2.283480644226074
split_random,cell_context_mean,"B cells, GSK-1070916",0.4257073,0.5647249,0.6596571207046509,1.506948709487915
split_random,cell_context_mean,"B cells, Clemastine",0.34634888,0.63603485,0.5536928176879883,1.7253543138504028
split_random,cell_context_mean,"B cells, YK 4-279",0.15370525,0.6266084,0.31505823135375977,1.7493692636489868
split_random,cell_context_mean,"B cells, GSK256066",0.42227426,0.80779535,0.6879737377166748,1.977820873260498
split_random,cell_context_mean,"Myeloid cells, Colforsin",0.2151692,0.68592995,0.46228379011154175,1.8126109838485718
split_random,cell_context_mean,"B cells, Tosedostat",0.19142276,0.66939956,0.3432717025279999,1.7613102197647095
split_random,cell_context_mean,"Myeloid cells, ABT-199 (GDC-0199)",-0.014575124,0.65957975,0.04921236261725426,1.8080111742019653
split_random,cell_context_mean,"B cells, Mometasone Furoate",0.6086929,1.131693,0.7599430680274963,2.229978322982788
split_random,cell_context_mean,"B cells, Tipifarnib",0.4434874,0.5979404,0.6583961248397827,1.5870946645736694
split_random,cell_context_mean,"B cells, Doxorubicin",0.03889726,1.7810199,0.07500867545604706,2.8877382278442383
split_random,cell_context_mean,"Myeloid cells, Mubritinib (TAK 165)",0.27189043,1.1170523,0.4268861711025238,2.291335344314575
split_random,drug_mean,"T cells, TIE2 Kinase Inhibitor",0.27977133,0.56486076,0.5771811008453369,1.4693845510482788
split_random,drug_mean,"B cells, MK-5108",0.18367472,0.63089925,0.3730846345424652,1.6475170850753784
split_random,drug_mean,"Myeloid cells, Ganetespib (STA-9090)",0.4187448,1.5997324,0.5844385027885437,2.2025904655456543
split_random,drug_mean,"NK cells, Clomipramine",0.16535397,0.69746935,0.2623554766178131,1.7413535118103027
split_random,drug_mean,"NK cells, Tivozanib",0.09763425,0.83704835,0.14118283987045288,1.8620376586914062
split_random,drug_mean,"T cells, Tivozanib",0.31619295,0.7292268,0.6499709486961365,1.5372995138168335
split_random,drug_mean,"B cells, Tamatinib",0.5396936,1.0598121,0.734460175037384,1.8313568830490112
split_random,drug_mean,"NK cells, Ixabepilone",0.12481861,0.6938468,0.2901086211204529,1.7929637432098389
split_random,drug_mean,"B cells, Linagliptin",0.07859373,0.6450351,0.12385097146034241,1.7627263069152832
split_random,drug_mean,"NK cells, O-Demethylated Adapalene",0.06381065,0.82665455,0.04469839856028557,1.8632441759109497
split_random,drug_mean,"T cells, O-Demethylated Adapalene",0.2780697,0.700951,0.5816304087638855,1.5088821649551392
split_random,drug_mean,"NK cells, I-BET151",0.46183586,1.2556515,0.6849122643470764,1.7270077466964722
split_random,drug_mean,"T cells, I-BET151",0.6647281,1.4846035,0.7646284103393555,2.016848087310791
split_random,drug_mean,"B cells, Foretinib",0.28809184,1.186899,0.5026485919952393,2.1217308044433594
split_random,drug_mean,"T cells, Foretinib",0.30224103,1.0017052,0.579052209854126,1.8107174634933472
split_random,drug_mean,"Myeloid cells, GW843682X",0.22453639,0.7536147,0.37131643295288086,1.9040610790252686
split_random,drug_mean,"T cells, IN1451",0.7687715,1.9407423,0.8148676156997681,2.2927980422973633
split_random,drug_mean,"Myeloid cells, Raloxifene",0.14757563,1.0240219,0.2285800725221634,2.2004294395446777
split_random,drug_mean,"NK cells, Topotecan",0.4036741,0.91178465,0.656148374080658,1.5674028396606445
split_random,drug_mean,"B cells, BAY 87-2243",0.42791098,1.0503206,0.6122996211051941,1.845948576927185
split_random,drug_mean,"NK cells, TL_HRAS26",0.076210834,0.72414255,0.18234984576702118,1.8454852104187012
split_random,drug_mean,"T cells, TL_HRAS26",0.22449788,0.61540014,0.5484793186187744,1.7385919094085693
split_random,drug_mean,"T cells, Proscillaridin A;Proscillaridin-A",0.82369465,1.7270118,0.8538662791252136,1.9451712369918823
split_random,drug_mean,"T cells, Vorinostat",0.6104146,1.7570245,0.7015051245689392,2.3195343017578125
split_random,drug_mean,"NK cells, BMS-265246",0.49938154,1.025969,0.7787986993789673,1.3666179180145264
split_random,drug_mean,"B cells, Pomalidomide",0.17914985,1.2939855,0.32163891196250916,2.3040449619293213
split_random,drug_mean,"NK cells, Pomalidomide",0.11611479,1.2672083,0.24963463842868805,2.202421188354492
split_random,drug_mean,"T cells, Pomalidomide",0.25702193,1.4097525,0.40368497371673584,2.417499542236328
split_random,drug_mean,"Myeloid cells, Dovitinib",0.08015583,1.0963017,0.22128745913505554,2.252448558807373
split_random,drug_mean,"T cells, Dovitinib",0.422448,0.78928363,0.7000254392623901,1.6280466318130493
split_random,drug_mean,"Myeloid cells, Navitoclax",0.26288655,0.8491247,0.44435685873031616,1.8864303827285767
split_random,drug_mean,"Myeloid cells, Palbociclib",0.14888945,0.84249103,0.3078053891658783,1.9567644596099854
split_random,drug_mean,"T cells, Palbociclib",0.23563668,0.61832035,0.5768272876739502,1.5323505401611328
split_random,drug_mean,"T cells, Scriptaid",0.74432355,1.5723614,0.8100326657295227,2.059560775756836
split_random,drug_mean,"NK cells, LY2090314",0.564625,1.2217149,0.779244601726532,1.597110390663147
split_random,drug_mean,"T cells, PF-04691502",0.5201611,1.0042214,0.7369622588157654,1.795057773590088
split_random,drug_mean,"NK cells, Perhexiline",0.3518443,0.91195506,0.5620303750038147,1.641564130783081
split_random,drug_mean,"T cells, RVX-208",0.5078669,0.7497081,0.7031587362289429,1.587255597114563
split_random,drug_mean,"Myeloid cells, Dactolisib",0.58510435,1.762307,0.6734477877616882,2.365410327911377
split_random,drug_mean,"NK cells, Dactolisib",0.57535726,1.1738775,0.7631852030754089,1.58059823513031
split_random,drug_mean,"T cells, IKK Inhibitor VII",0.34570053,1.0903491,0.5871879458427429,1.8426884412765503
split_random,drug_mean,"Myeloid cells, Isoniazid",0.11273267,0.64368033,0.17386667430400848,1.75322687625885
split_random,drug_mean,"B cells, Idelalisib",0.4526651,0.9352927,0.6708862781524658,1.9096603393554688
split_random,drug_mean,"NK cells, Penfluridol",0.1282712,0.73124766,0.24460940062999725,1.7952780723571777
split_random,drug_mean,"B cells, Quizartinib",0.13228016,0.64254665,0.30566897988319397,1.6221941709518433
split_random,drug_mean,"Myeloid cells, PD-0325901",0.19838618,1.4144636,0.31202569603919983,2.5133721828460693
split_random,drug_mean,"B cells, LDN 193189",0.123505674,0.7296693,0.27536696195602417,1.6943475008010864
split_random,drug_mean,"T cells, LDN 193189",0.1995597,0.696763,0.47284549474716187,1.570424199104309
split_random,drug_mean,"B cells, Riociguat",0.07757888,0.6684441,0.10345239192247391,1.8351432085037231
split_random,drug_mean,"Myeloid cells, Riociguat",0.14350459,0.6660794,0.3008059859275818,1.7008461952209473
split_random,drug_mean,"T cells, CHIR-99021",0.52107215,1.2357367,0.711712121963501,2.217501163482666
split_random,drug_mean,"B cells, BI-D1870",0.17727761,0.6997737,0.3261556029319763,1.7357898950576782
split_random,drug_mean,"T cells, CC-401",0.5044408,0.74712086,0.7215232253074646,1.584172010421753
split_random,drug_mean,"B cells, Crizotinib",0.43248335,0.878751,0.6856635808944702,1.7966710329055786
split_random,drug_mean,"Myeloid cells, Crizotinib",0.3082012,0.9958848,0.48394015431404114,2.0564210414886475
split_random,drug_mean,"B cells, Azacitidine",0.26108542,0.67713416,0.5104969143867493,1.6873878240585327
split_random,drug_mean,"NK cells, AT 7867",0.22261205,0.89097303,0.45419788360595703,1.7575676441192627
split_random,drug_mean,"T cells, GO-6976",0.38837475,0.84250116,0.624144434928894,1.7058420181274414
split_random,drug_mean,"NK cells, RG7112",0.30803207,0.6852421,0.5268231630325317,1.6362898349761963
split_random,drug_mean,"T cells, Lamivudine",0.11709979,0.6472281,0.3245972990989685,1.5643197298049927
split_random,drug_mean,"NK cells, TGX 221",0.27294022,0.8549401,0.4431931674480438,1.7177684307098389
split_random,drug_mean,"T cells, ABT737",0.19846857,0.71546817,0.5636333227157593,1.6886788606643677
split_random,drug_mean,"T cells, Ceritinib",0.30609772,0.6647432,0.6040332317352295,1.5051645040512085
split_random,drug_mean,"T cells, SLx-2119",0.29476327,0.63294595,0.590406060218811,1.5750473737716675
split_random,drug_mean,"Myeloid cells, STK219801",0.25623876,0.709579,0.4687999188899994,1.716753363609314
split_random,drug_mean,"T cells, STK219801",0.21304794,0.65415716,0.45846879482269287,1.6454986333847046
split_random,drug_mean,"T cells, GSK-1070916",0.29800415,0.6738794,0.561693549156189,1.4917024374008179
split_random,drug_mean,"T cells, Clemastine",0.2581482,0.6370237,0.5909426212310791,1.4127283096313477
split_random,drug_mean,"B cells, CEP-37440",0.19471532,0.80689675,0.35555019974708557,1.8638954162597656
split_random,drug_mean,"T cells, GSK256066",0.3379098,0.87130725,0.5730785131454468,1.8073338270187378
split_random,drug_mean,"B cells, R428",0.410673,1.2699643,0.6462955474853516,1.7898714542388916
split_random,drug_mean,"T cells, Tosedostat",0.40533605,0.81700855,0.6811379790306091,1.5461246967315674
split_random,drug_mean,"NK cells, PF-03814735",0.34938878,1.3472902,0.5746767520904541,1.7409478425979614
split_random,drug_mean,"T cells, PF-03814735",0.5730976,1.2002524,0.7840994596481323,1.5073647499084473
split_random,drug_mean,"NK cells, AZD4547",0.09701616,0.71611756,0.1849478781223297,1.826379418373108
split_random,drug_mean,"B cells, Selumetinib",0.3556068,0.8916393,0.618261992931366,1.8413691520690918
split_random,drug_mean,"Myeloid cells, Selumetinib",0.18175255,1.1792514,0.33359596133232117,2.2697806358337402
split_random,drug_mean,"NK cells, Selumetinib",0.18560597,0.8948083,0.32637304067611694,1.8453465700149536
split_random,drug_mean,"T cells, RG7090",0.35646528,0.7555882,0.6412327289581299,1.6830458641052246
split_random,drug_mean,"B cells, GLPG0634",0.45277694,0.85453415,0.6819280385971069,1.6235389709472656
split_random,drug_mean,"NK cells, GLPG0634",0.21740906,0.909313,0.41496044397354126,1.7733397483825684
split_random,drug_mean,"T cells, Vanoxerine",0.2245208,0.62318426,0.5149338841438293,1.5938856601715088
split_random,drug_mean,"NK cells, HYDROXYUREA",0.0699017,0.70016867,0.1282469481229782,1.7999107837677002
split_random,drug_mean,"Myeloid cells, Clomipramine",0.25464493,0.7060401,0.4707125127315521,1.7347493171691895
split_random,drug_mean,"B cells, Vorinostat",0.5584499,1.4262035,0.6992615461349487,1.9976677894592285
split_random,drug_mean,"Myeloid cells, AVL-292",0.21629581,1.0222468,0.3960321247577667,2.0759809017181396
split_random,drug_mean,"Myeloid cells, Sgc-cbp30",0.24687788,0.99608004,0.440828412771225,2.0659022331237793
split_random,drug_mean,"B cells, BAY 61-3606",0.5982622,1.1494508,0.7938160300254822,1.5160846710205078
split_random,drug_mean,"Myeloid cells, BAY 61-3606",0.43009722,1.8227347,0.5522985458374023,2.518582344055176
split_random,drug_mean,"B cells, Vardenafil",0.15396094,0.66634357,0.37905219197273254,1.6280403137207031
split_random,drug_mean,"Myeloid cells, Vardenafil",0.13136584,0.7650473,0.2470729500055313,1.831513524055481
split_random,drug_mean,"Myeloid cells, Disulfiram",0.12466658,0.67603827,0.291737824678421,1.8124781847000122
split_random,drug_mean,"B cells, Desloratadine",0.18588741,0.61542153,0.3001776933670044,1.6116383075714111
split_random,drug_mean,"B cells, IKK Inhibitor VII",0.30415052,1.1748501,0.5017246007919312,2.0027472972869873
split_random,drug_mean,"B cells, Amiodarone",0.15528373,0.6084979,0.2674405872821808,1.5969489812850952
split_random,drug_mean,"B cells, IMD-0354",0.5971339,1.0799783,0.7776883244514465,1.6572402715682983
split_random,drug_mean,"B cells, Cabozantinib",0.26222378,0.7244875,0.5464448928833008,1.7159762382507324
split_random,drug_mean,"B cells, Defactinib",0.37171188,0.7536854,0.6435394883155823,1.5454429388046265
split_random,drug_mean,"B cells, AZD3514",0.41895935,0.70443696,0.6382769346237183,1.552449107170105
split_random,drug_mean,"Myeloid cells, Lamivudine",0.07950308,0.80292577,0.21474529802799225,1.8624292612075806
split_random,drug_mean,"Myeloid cells, TPCA-1",0.36399582,1.4168371,0.5269835591316223,2.337841749191284
split_random,drug_mean,"B cells, GSK-1070916",0.19366261,0.7378303,0.3283860981464386,1.6492937803268433
split_random,drug_mean,"B cells, Clemastine",0.19538161,0.75343275,0.3823534846305847,1.7717760801315308
split_random,drug_mean,"B cells, YK 4-279",0.16192208,0.6597356,0.3409996032714844,1.733522653579712
split_random,drug_mean,"B cells, GSK256066",0.22517072,1.0240847,0.3930824100971222,2.077899932861328
split_random,drug_mean,"Myeloid cells, Colforsin",0.15219809,0.70723534,0.2841264009475708,1.9161256551742554
split_random,drug_mean,"B cells, Tosedostat",0.20248517,0.8580429,0.46380284428596497,1.627859115600586
split_random,drug_mean,"Myeloid cells, ABT-199 (GDC-0199)",0.11793802,0.66258013,0.23677171766757965,1.7250479459762573
split_random,drug_mean,"B cells, Mometasone Furoate",0.5349188,1.189434,0.7346962690353394,1.7848379611968994
split_random,drug_mean,"B cells, Tipifarnib",0.2979601,0.71287876,0.4647335708141327,1.6669319868087769
split_random,drug_mean,"B cells, Doxorubicin",0.52078664,1.5376575,0.6637049913406372,2.202977418899536
split_random,drug_mean,"Myeloid cells, Mubritinib (TAK 165)",0.238421,1.2140837,0.3755280077457428,2.29129695892334
split_cell_heldout,global_train_mean,"T cells, TIE2 Kinase Inhibitor",0.13322942,0.56621516,0.36613982915878296,1.6239948272705078
split_cell_heldout,global_train_mean,"T cells, MK-5108",0.085826755,0.55545217,0.1441657543182373,1.694636583328247
split_cell_heldout,global_train_mean,"T cells, Lapatinib",-0.04857703,0.64026487,-0.032261475920677185,1.8856027126312256
split_cell_heldout,global_train_mean,"T cells, Atorvastatin",0.18359146,0.54962265,0.39951783418655396,1.6366441249847412
split_cell_heldout,global_train_mean,"T cells, Ganetespib (STA-9090)",0.35497123,2.143626,0.4435880482196808,3.0420982837677
split_cell_heldout,global_train_mean,"T cells, Clomipramine",0.23542285,0.5494857,0.4683436453342438,1.6060882806777954
split_cell_heldout,global_train_mean,"T cells, Sunitinib",0.3590321,0.65823364,0.6346806883811951,1.7607684135437012
split_cell_heldout,global_train_mean,"T cells, Tivozanib",0.22696094,0.6379348,0.4583607017993927,1.8239367008209229
split_cell_heldout,global_train_mean,"T cells, Tamatinib",0.5485379,1.0272875,0.7521531581878662,2.1073434352874756
split_cell_heldout,global_train_mean,"T cells, Ixabepilone",0.021740256,0.5583837,-0.10481016337871552,1.836303949356079
split_cell_heldout,global_train_mean,"T cells, Linagliptin",0.15795143,0.51069844,0.20313821732997894,1.5813028812408447
split_cell_heldout,global_train_mean,"T cells, 5-(9-Isopropyl-8-methyl-2-morpholino-9H-purin-6-yl)pyrimidin-2-amine",0.5619866,1.3538934,0.7364051938056946,2.4268622398376465
split_cell_heldout,global_train_mean,"T cells, O-Demethylated Adapalene",0.27105942,0.57435775,0.5120665431022644,1.719565510749817
split_cell_heldout,global_train_mean,"T cells, Protriptyline",0.08718732,0.51137984,0.2639804184436798,1.6504324674606323
split_cell_heldout,global_train_mean,"T cells, I-BET151",0.32469285,1.9232069,0.42401668429374695,2.9083330631256104
split_cell_heldout,global_train_mean,"T cells, Foretinib",0.47639954,0.8237989,0.7252744436264038,1.944056510925293
split_cell_heldout,global_train_mean,"T cells, GW843682X",0.13196105,0.5978474,0.3049905300140381,1.9510934352874756
split_cell_heldout,global_train_mean,"T cells, BMS-387032",0.359982,1.2360486,0.5494005680084229,2.4177353382110596
split_cell_heldout,global_train_mean,"T cells, IN1451",0.247376,2.7921305,0.29601386189460754,3.404006242752075
split_cell_heldout,global_train_mean,"T cells, Raloxifene",-0.19467291,0.9314254,-0.314084529876709,2.13433575630188
split_cell_heldout,global_train_mean,"T cells, Topotecan",0.08988649,1.0575233,0.20107322931289673,2.2983522415161133
split_cell_heldout,global_train_mean,"T cells, BAY 87-2243",0.34902114,1.2564847,0.5277009010314941,2.3904311656951904
split_cell_heldout,global_train_mean,"T cells, Phenylbutazone",-0.0026015488,0.5582559,-0.17944134771823883,1.8303254842758179
split_cell_heldout,global_train_mean,"T cells, K-02288",0.16153061,0.5515872,0.32850247621536255,1.6891411542892456
split_cell_heldout,global_train_mean,"T cells, BMS-777607",0.30390722,0.5464078,0.6131545901298523,1.5364887714385986
split_cell_heldout,global_train_mean,"T cells, Porcn Inhibitor III",-0.28120527,0.72588867,-0.4573128819465637,1.8919192552566528
split_cell_heldout,global_train_mean,"T cells, TL_HRAS26",0.19687298,0.5434208,0.37640804052352905,1.8937932252883911
split_cell_heldout,global_train_mean,"T cells, Proscillaridin A;Proscillaridin-A",-0.024772711,2.9893453,-0.02784929983317852,3.546248197555542
split_cell_heldout,global_train_mean,"T cells, Vorinostat",0.28894845,2.1617236,0.3707827031612396,3.061948537826538
split_cell_heldout,global_train_mean,"T cells, BMS-265246",0.12485078,1.3695374,0.24082162976264954,2.5595014095306396
split_cell_heldout,global_train_mean,"T cells, Ruxolitinib",0.511488,0.8930864,0.738612949848175,1.9776405096054077
split_cell_heldout,global_train_mean,"T cells, Pomalidomide",-0.17461668,1.308563,-0.24109552800655365,2.715252161026001
split_cell_heldout,global_train_mean,"T cells, Dovitinib",0.37129968,0.7421824,0.6534827947616577,2.01507830619812
split_cell_heldout,global_train_mean,"T cells, AVL-292",0.46638864,0.7310984,0.7301310300827026,1.8515005111694336
split_cell_heldout,global_train_mean,"T cells, Navitoclax",-0.06625461,0.5934663,0.3020536005496979,1.834519386291504
split_cell_heldout,global_train_mean,"T cells, Methotrexate",-0.08209604,0.6573647,-0.37416717410087585,2.045820474624634
split_cell_heldout,global_train_mean,"T cells, Palbociclib",0.263806,0.52446747,0.6210733652114868,1.600044846534729
split_cell_heldout,global_train_mean,"T cells, Trametinib",0.30894744,0.6778332,0.6062509417533875,1.8590434789657593
split_cell_heldout,global_train_mean,"T cells, AMD-070 (hydrochloride)",0.19238676,0.60138065,0.4356045424938202,1.7609128952026367
split_cell_heldout,global_train_mean,"T cells, Sgc-cbp30",0.2301417,0.75624573,0.3935937285423279,1.9499009847640991
split_cell_heldout,global_train_mean,"T cells, FK 866",0.15189753,0.97722375,0.33170372247695923,2.200202465057373
split_cell_heldout,global_train_mean,"T cells, Chlorpheniramine",0.31368828,0.55896384,0.5752665996551514,1.5926238298416138
split_cell_heldout,global_train_mean,"T cells, Scriptaid",0.27761778,2.2431862,0.3514695465564728,3.1155123710632324
split_cell_heldout,global_train_mean,"T cells, BAY 61-3606",0.31531218,1.827318,0.4263804852962494,2.842625379562378
split_cell_heldout,global_train_mean,"T cells, LY2090314",-0.22847567,2.5058103,-0.2797563076019287,3.3820321559906006
split_cell_heldout,global_train_mean,"T cells, Vardenafil",0.16330332,0.5503159,0.44430944323539734,1.6591660976409912
split_cell_heldout,global_train_mean,"T cells, Dasatinib",0.5417932,1.0402093,0.7563470005989075,2.134154796600342
split_cell_heldout,global_train_mean,"T cells, AT13387",0.3670787,2.0436575,0.47005707025527954,2.9735913276672363
split_cell_heldout,global_train_mean,"T cells, PF-04691502",0.48480308,1.0626719,0.6936206221580505,2.254999876022339
split_cell_heldout,global_train_mean,"T cells, Perhexiline",0.5297754,0.92681795,0.7665877938270569,2.086127996444702
split_cell_heldout,global_train_mean,"T cells, RVX-208",0.2828875,0.8247514,0.459796279668808,1.999522089958191
split_cell_heldout,global_train_mean,"T cells, Ketoconazole",-0.24790645,1.2900563,-0.4287951588630676,2.7048184871673584
split_cell_heldout,global_train_mean,"T cells, Disulfiram",0.0037164052,0.6004334,0.03164827451109886,1.7719202041625977
split_cell_heldout,global_train_mean,"T cells, Flutamide",0.012755132,0.5628975,0.33719703555107117,1.690379023551941
split_cell_heldout,global_train_mean,"T cells, Desloratadine",0.07548263,0.5488369,0.24639613926410675,1.6042890548706055
split_cell_heldout,global_train_mean,"T cells, Dactolisib",0.50251436,1.4935436,0.6821736693382263,2.6240363121032715
split_cell_heldout,global_train_mean,"T cells, BMS-536924",0.50704247,1.06782,0.7226893305778503,2.2554304599761963
split_cell_heldout,global_train_mean,"T cells, IKK Inhibitor VII",0.45297334,0.89837873,0.7065337896347046,2.033726453781128
split_cell_heldout,global_train_mean,"T cells, Amiodarone",0.090595804,0.61102873,0.17087362706661224,1.987779140472412
split_cell_heldout,global_train_mean,"T cells, Isoniazid",-0.026758546,0.5499782,-0.0580274872481823,1.6147018671035767
split_cell_heldout,global_train_mean,"T cells, IMD-0354",0.3896842,1.6577828,0.5244655013084412,2.7487685680389404
split_cell_heldout,global_train_mean,"T cells, Canertinib",0.16459288,0.78709036,0.33416569232940674,2.052605390548706
split_cell_heldout,global_train_mean,"T cells, Idelalisib",0.42089072,0.84851635,0.6873776316642761,2.0171403884887695
split_cell_heldout,global_train_mean,"T cells, Alogliptin",-0.063676156,0.59547853,-0.1539081484079361,1.7483935356140137
split_cell_heldout,global_train_mean,"T cells, Penfluridol",0.031743806,0.5378077,0.1465921700000763,1.674742579460144
split_cell_heldout,global_train_mean,"T cells, Quizartinib",0.13937692,0.55620915,0.2605426013469696,1.8136872053146362
split_cell_heldout,global_train_mean,"T cells, RN-486",0.043032903,0.5362432,0.1813022643327713,1.6336992979049683
split_cell_heldout,global_train_mean,"T cells, PD-0325901",0.45061472,0.8225381,0.698009192943573,1.9748575687408447
split_cell_heldout,global_train_mean,"T cells, Decitabine",0.16935429,0.5070595,0.2908344268798828,1.6508593559265137
split_cell_heldout,global_train_mean,"T cells, LDN 193189",0.16960435,0.569145,0.34565117955207825,1.7072153091430664
split_cell_heldout,global_train_mean,"T cells, Cabozantinib",-0.09867047,0.6780416,-0.1365092396736145,1.916245460510254
split_cell_heldout,global_train_mean,"T cells, Riociguat",0.1263793,0.5231964,0.11730985343456268,1.7756197452545166
split_cell_heldout,global_train_mean,"T cells, CHIR-99021",-0.26496136,1.5211623,-0.4018872380256653,2.8573944568634033
split_cell_heldout,global_train_mean,"T cells, Defactinib",0.12855163,0.76891536,0.30961528420448303,2.0731606483459473
split_cell_heldout,global_train_mean,"T cells, BI-D1870",-0.018917643,0.619768,-0.02680433914065361,1.7229658365249634
split_cell_heldout,global_train_mean,"T cells, AZD3514",0.29778257,0.7504409,0.496379017829895,1.9398484230041504
split_cell_heldout,global_train_mean,"T cells, HMN-214",-0.16951905,0.76537097,-0.46477189660072327,2.2409911155700684
split_cell_heldout,global_train_mean,"T cells, CC-401",0.42539474,0.77414715,0.6652385592460632,1.9173738956451416
split_cell_heldout,global_train_mean,"T cells, Resminostat",0.32141528,2.1684196,0.4079783856868744,3.0604188442230225
split_cell_heldout,global_train_mean,"T cells, Crizotinib",0.4954643,0.76387316,0.7108840346336365,1.9061540365219116
split_cell_heldout,global_train_mean,"T cells, Azacitidine",0.15954496,0.61517286,0.3615371882915497,1.7254327535629272
split_cell_heldout,global_train_mean,"T cells, TR-14035",0.31428933,0.5554495,0.5873047709465027,1.5778484344482422
split_cell_heldout,global_train_mean,"T cells, Nilotinib",0.5286513,0.77862567,0.783413827419281,1.8383229970932007
split_cell_heldout,global_train_mean,"T cells, AT 7867",0.22642207,0.8599372,0.3945707678794861,2.031923532485962
split_cell_heldout,global_train_mean,"T cells, OSI-930",-0.06543229,0.570001,-0.13708488643169403,1.735432744026184
split_cell_heldout,global_train_mean,"T cells, GO-6976",-0.15112028,0.94007105,-0.30573713779449463,2.1658735275268555
split_cell_heldout,global_train_mean,"T cells, Saracatinib",0.5286097,0.80861855,0.754383385181427,1.8580387830734253
split_cell_heldout,global_train_mean,"T cells, RG7112",0.29645637,0.60203177,0.5336540341377258,2.1567234992980957
split_cell_heldout,global_train_mean,"T cells, Lamivudine",0.18889017,0.51870644,0.3017641007900238,1.5915110111236572
split_cell_heldout,global_train_mean,"T cells, TGX 221",0.5344375,0.6861593,0.8037359118461609,1.7317050695419312
split_cell_heldout,global_train_mean,"T cells, Pitavastatin Calcium",-0.25326222,1.6480643,-0.35154417157173157,2.893867254257202
split_cell_heldout,global_train_mean,"T cells, ABT737",0.0589592,0.6148291,0.37799349427223206,1.8671940565109253
split_cell_heldout,global_train_mean,"T cells, PRT-062607",0.5834967,0.9498473,0.7997916340827942,2.017326593399048
split_cell_heldout,global_train_mean,"T cells, AZ628",0.5324017,0.6935242,0.7898920774459839,1.7824249267578125
split_cell_heldout,global_train_mean,"T cells, AZD-8330",0.50728637,0.7241879,0.7738701701164246,1.791020393371582
split_cell_heldout,global_train_mean,"T cells, Masitinib",0.20784721,0.56482863,0.612971842288971,1.5236865282058716
split_cell_heldout,global_train_mean,"T cells, Ceritinib",0.41520473,0.56428987,0.6960668563842773,1.5730934143066406
split_cell_heldout,global_train_mean,"T cells, CGM-097",-0.092141606,1.3845332,-0.13400690257549286,2.687864065170288
split_cell_heldout,global_train_mean,"T cells, SLx-2119",0.26048243,0.59804547,0.4881897270679474,1.7740377187728882
split_cell_heldout,global_train_mean,"T cells, Nefazodone",0.31184462,0.46879992,0.5981908440589905,1.5052132606506348
split_cell_heldout,global_train_mean,"T cells, STK219801",0.12926453,0.56944406,0.2505795359611511,1.8519814014434814
split_cell_heldout,global_train_mean,"T cells, TPCA-1",0.5686357,1.0884047,0.7599903345108032,2.1587393283843994
split_cell_heldout,global_train_mean,"T cells, MGCD-265",0.37214836,0.4662535,0.6144229173660278,1.492770791053772
split_cell_heldout,global_train_mean,"T cells, GSK-1070916",0.2798357,0.5779481,0.5672287940979004,1.684355616569519
split_cell_heldout,global_train_mean,"T cells, Ricolinostat",0.19056238,0.8720195,0.41219499707221985,2.062915563583374
split_cell_heldout,global_train_mean,"T cells, Bosutinib",0.4817972,0.9868559,0.7030650973320007,2.1218435764312744
split_cell_heldout,global_train_mean,"T cells, Clemastine",0.29087394,0.52757245,0.6520490646362305,1.51026451587677
split_cell_heldout,global_train_mean,"T cells, YK 4-279",-0.13176052,0.65678656,-0.3063965439796448,1.7879486083984375
split_cell_heldout,global_train_mean,"T cells, Buspirone",0.025445113,0.5267913,-0.026901880279183388,1.7186065912246704
split_cell_heldout,global_train_mean,"T cells, Midostaurin",0.4433068,0.8535311,0.7206618785858154,2.0588886737823486
split_cell_heldout,global_train_mean,"T cells, CEP-37440",0.3288516,0.6441554,0.6494536995887756,1.8439069986343384
split_cell_heldout,global_train_mean,"T cells, GSK256066",0.28265166,0.73700505,0.5032418370246887,2.126208782196045
split_cell_heldout,global_train_mean,"T cells, R428",0.48520532,0.9026832,0.6951056718826294,2.070518970489502
split_cell_heldout,global_train_mean,"T cells, Oxybenzone",0.1697765,0.49437082,0.391393780708313,1.5485889911651611
split_cell_heldout,global_train_mean,"T cells, Vandetanib",0.15508808,0.5262575,0.36038291454315186,1.5884196758270264
split_cell_heldout,global_train_mean,"T cells, Imatinib",0.16641276,0.5135781,0.31582769751548767,1.5670400857925415
split_cell_heldout,global_train_mean,"T cells, SCH-58261",0.035686847,0.54970604,-0.022955534979701042,1.7339459657669067
split_cell_heldout,global_train_mean,"T cells, Colforsin",0.20224775,0.55098796,0.3428478240966797,1.5786182880401611
split_cell_heldout,global_train_mean,"T cells, Tivantinib",0.23863351,0.74392873,0.4429449737071991,1.8640999794006348
split_cell_heldout,global_train_mean,"T cells, Tosedostat",0.26682428,0.7606368,0.4786572754383087,1.9385242462158203
split_cell_heldout,global_train_mean,"T cells, Colchicine",0.20656574,0.9482095,0.3994435667991638,2.303431272506714
split_cell_heldout,global_train_mean,"T cells, ABT-199 (GDC-0199)",-0.0077205906,0.58727646,0.35220491886138916,1.730664610862732
split_cell_heldout,global_train_mean,"T cells, Mometasone Furoate",0.47969475,1.4104412,0.616527795791626,2.580724000930786
split_cell_heldout,global_train_mean,"T cells, Tipifarnib",0.40962052,0.6330176,0.701549768447876,1.7261375188827515
split_cell_heldout,global_train_mean,"T cells, BX 912",0.5382903,0.74814016,0.7945919036865234,1.8347878456115723
split_cell_heldout,global_train_mean,"T cells, Doxorubicin",0.3083746,1.3504595,0.4713611304759979,2.517037868499756
split_cell_heldout,global_train_mean,"T cells, PF-03814735",0.5289608,1.0819945,0.7337295413017273,2.198667526245117
split_cell_heldout,global_train_mean,"T cells, AZD4547",0.28044614,0.50335044,0.4662861227989197,1.5858403444290161
split_cell_heldout,global_train_mean,"T cells, Prednisolone",0.45104748,1.3625617,0.5886034369468689,2.567544460296631
split_cell_heldout,global_train_mean,"T cells, Tacalcitol",0.32706717,0.6431323,0.6489506959915161,1.7276793718338013
split_cell_heldout,global_train_mean,"T cells, Selumetinib",0.43800935,0.630945,0.7085183262825012,1.7480647563934326
split_cell_heldout,global_train_mean,"T cells, Clotrimazole",0.08465371,0.5551843,0.16402272880077362,1.7532267570495605
split_cell_heldout,global_train_mean,"T cells, RG7090",-0.15577303,0.8562819,-0.25866034626960754,2.1213173866271973
split_cell_heldout,global_train_mean,"T cells, GLPG0634",0.43204853,0.7378725,0.7251807451248169,1.818583369255066
split_cell_heldout,global_train_mean,"T cells, Mubritinib (TAK 165)",0.30459797,1.1209466,0.5148392915725708,2.3567543029785156
split_cell_heldout,global_train_mean,"T cells, Vanoxerine",0.13240993,0.59857553,0.34179821610450745,1.721913456916809
split_cell_heldout,global_train_mean,"T cells, SB525334",-0.3547582,1.0726162,-0.5552621483802795,2.411736011505127
split_cell_heldout,global_train_mean,"T cells, HYDROXYUREA",-0.025324712,0.56196165,-0.22116252779960632,1.7636351585388184
split_cell_heldout,cell_context_mean,"T cells, TIE2 Kinase Inhibitor",0.13322942,0.56621516,0.36613982915878296,1.6239948272705078
split_cell_heldout,cell_context_mean,"T cells, MK-5108",0.085826755,0.55545217,0.1441657543182373,1.694636583328247
split_cell_heldout,cell_context_mean,"T cells, Lapatinib",-0.04857703,0.64026487,-0.032261475920677185,1.8856027126312256
split_cell_heldout,cell_context_mean,"T cells, Atorvastatin",0.18359146,0.54962265,0.39951783418655396,1.6366441249847412
split_cell_heldout,cell_context_mean,"T cells, Ganetespib (STA-9090)",0.35497123,2.143626,0.4435880482196808,3.0420982837677
split_cell_heldout,cell_context_mean,"T cells, Clomipramine",0.23542285,0.5494857,0.4683436453342438,1.6060882806777954
split_cell_heldout,cell_context_mean,"T cells, Sunitinib",0.3590321,0.65823364,0.6346806883811951,1.7607684135437012
split_cell_heldout,cell_context_mean,"T cells, Tivozanib",0.22696094,0.6379348,0.4583607017993927,1.8239367008209229
split_cell_heldout,cell_context_mean,"T cells, Tamatinib",0.5485379,1.0272875,0.7521531581878662,2.1073434352874756
split_cell_heldout,cell_context_mean,"T cells, Ixabepilone",0.021740256,0.5583837,-0.10481016337871552,1.836303949356079
split_cell_heldout,cell_context_mean,"T cells, Linagliptin",0.15795143,0.51069844,0.20313821732997894,1.5813028812408447
split_cell_heldout,cell_context_mean,"T cells, 5-(9-Isopropyl-8-methyl-2-morpholino-9H-purin-6-yl)pyrimidin-2-amine",0.5619866,1.3538934,0.7364051938056946,2.4268622398376465
split_cell_heldout,cell_context_mean,"T cells, O-Demethylated Adapalene",0.27105942,0.57435775,0.5120665431022644,1.719565510749817
split_cell_heldout,cell_context_mean,"T cells, Protriptyline",0.08718732,0.51137984,0.2639804184436798,1.6504324674606323
split_cell_heldout,cell_context_mean,"T cells, I-BET151",0.32469285,1.9232069,0.42401668429374695,2.9083330631256104
split_cell_heldout,cell_context_mean,"T cells, Foretinib",0.47639954,0.8237989,0.7252744436264038,1.944056510925293
split_cell_heldout,cell_context_mean,"T cells, GW843682X",0.13196105,0.5978474,0.3049905300140381,1.9510934352874756
split_cell_heldout,cell_context_mean,"T cells, BMS-387032",0.359982,1.2360486,0.5494005680084229,2.4177353382110596
split_cell_heldout,cell_context_mean,"T cells, IN1451",0.247376,2.7921305,0.29601386189460754,3.404006242752075
split_cell_heldout,cell_context_mean,"T cells, Raloxifene",-0.19467291,0.9314254,-0.314084529876709,2.13433575630188
split_cell_heldout,cell_context_mean,"T cells, Topotecan",0.08988649,1.0575233,0.20107322931289673,2.2983522415161133
split_cell_heldout,cell_context_mean,"T cells, BAY 87-2243",0.34902114,1.2564847,0.5277009010314941,2.3904311656951904
split_cell_heldout,cell_context_mean,"T cells, Phenylbutazone",-0.0026015488,0.5582559,-0.17944134771823883,1.8303254842758179
split_cell_heldout,cell_context_mean,"T cells, K-02288",0.16153061,0.5515872,0.32850247621536255,1.6891411542892456
split_cell_heldout,cell_context_mean,"T cells, BMS-777607",0.30390722,0.5464078,0.6131545901298523,1.5364887714385986
split_cell_heldout,cell_context_mean,"T cells, Porcn Inhibitor III",-0.28120527,0.72588867,-0.4573128819465637,1.8919192552566528
split_cell_heldout,cell_context_mean,"T cells, TL_HRAS26",0.19687298,0.5434208,0.37640804052352905,1.8937932252883911
split_cell_heldout,cell_context_mean,"T cells, Proscillaridin A;Proscillaridin-A",-0.024772711,2.9893453,-0.02784929983317852,3.546248197555542
split_cell_heldout,cell_context_mean,"T cells, Vorinostat",0.28894845,2.1617236,0.3707827031612396,3.061948537826538
split_cell_heldout,cell_context_mean,"T cells, BMS-265246",0.12485078,1.3695374,0.24082162976264954,2.5595014095306396
split_cell_heldout,cell_context_mean,"T cells, Ruxolitinib",0.511488,0.8930864,0.738612949848175,1.9776405096054077
split_cell_heldout,cell_context_mean,"T cells, Pomalidomide",-0.17461668,1.308563,-0.24109552800655365,2.715252161026001
split_cell_heldout,cell_context_mean,"T cells, Dovitinib",0.37129968,0.7421824,0.6534827947616577,2.01507830619812
split_cell_heldout,cell_context_mean,"T cells, AVL-292",0.46638864,0.7310984,0.7301310300827026,1.8515005111694336
split_cell_heldout,cell_context_mean,"T cells, Navitoclax",-0.06625461,0.5934663,0.3020536005496979,1.834519386291504
split_cell_heldout,cell_context_mean,"T cells, Methotrexate",-0.08209604,0.6573647,-0.37416717410087585,2.045820474624634
split_cell_heldout,cell_context_mean,"T cells, Palbociclib",0.263806,0.52446747,0.6210733652114868,1.600044846534729
split_cell_heldout,cell_context_mean,"T cells, Trametinib",0.30894744,0.6778332,0.6062509417533875,1.8590434789657593
split_cell_heldout,cell_context_mean,"T cells, AMD-070 (hydrochloride)",0.19238676,0.60138065,0.4356045424938202,1.7609128952026367
split_cell_heldout,cell_context_mean,"T cells, Sgc-cbp30",0.2301417,0.75624573,0.3935937285423279,1.9499009847640991
split_cell_heldout,cell_context_mean,"T cells, FK 866",0.15189753,0.97722375,0.33170372247695923,2.200202465057373
split_cell_heldout,cell_context_mean,"T cells, Chlorpheniramine",0.31368828,0.55896384,0.5752665996551514,1.5926238298416138
split_cell_heldout,cell_context_mean,"T cells, Scriptaid",0.27761778,2.2431862,0.3514695465564728,3.1155123710632324
split_cell_heldout,cell_context_mean,"T cells, BAY 61-3606",0.31531218,1.827318,0.4263804852962494,2.842625379562378
split_cell_heldout,cell_context_mean,"T cells, LY2090314",-0.22847567,2.5058103,-0.2797563076019287,3.3820321559906006
split_cell_heldout,cell_context_mean,"T cells, Vardenafil",0.16330332,0.5503159,0.44430944323539734,1.6591660976409912
split_cell_heldout,cell_context_mean,"T cells, Dasatinib",0.5417932,1.0402093,0.7563470005989075,2.134154796600342
split_cell_heldout,cell_context_mean,"T cells, AT13387",0.3670787,2.0436575,0.47005707025527954,2.9735913276672363
split_cell_heldout,cell_context_mean,"T cells, PF-04691502",0.48480308,1.0626719,0.6936206221580505,2.254999876022339
split_cell_heldout,cell_context_mean,"T cells, Perhexiline",0.5297754,0.92681795,0.7665877938270569,2.086127996444702
split_cell_heldout,cell_context_mean,"T cells, RVX-208",0.2828875,0.8247514,0.459796279668808,1.999522089958191
split_cell_heldout,cell_context_mean,"T cells, Ketoconazole",-0.24790645,1.2900563,-0.4287951588630676,2.7048184871673584
split_cell_heldout,cell_context_mean,"T cells, Disulfiram",0.0037164052,0.6004334,0.03164827451109886,1.7719202041625977
split_cell_heldout,cell_context_mean,"T cells, Flutamide",0.012755132,0.5628975,0.33719703555107117,1.690379023551941
split_cell_heldout,cell_context_mean,"T cells, Desloratadine",0.07548263,0.5488369,0.24639613926410675,1.6042890548706055
split_cell_heldout,cell_context_mean,"T cells, Dactolisib",0.50251436,1.4935436,0.6821736693382263,2.6240363121032715
split_cell_heldout,cell_context_mean,"T cells, BMS-536924",0.50704247,1.06782,0.7226893305778503,2.2554304599761963
split_cell_heldout,cell_context_mean,"T cells, IKK Inhibitor VII",0.45297334,0.89837873,0.7065337896347046,2.033726453781128
split_cell_heldout,cell_context_mean,"T cells, Amiodarone",0.090595804,0.61102873,0.17087362706661224,1.987779140472412
split_cell_heldout,cell_context_mean,"T cells, Isoniazid",-0.026758546,0.5499782,-0.0580274872481823,1.6147018671035767
split_cell_heldout,cell_context_mean,"T cells, IMD-0354",0.3896842,1.6577828,0.5244655013084412,2.7487685680389404
split_cell_heldout,cell_context_mean,"T cells, Canertinib",0.16459288,0.78709036,0.33416569232940674,2.052605390548706
split_cell_heldout,cell_context_mean,"T cells, Idelalisib",0.42089072,0.84851635,0.6873776316642761,2.0171403884887695
split_cell_heldout,cell_context_mean,"T cells, Alogliptin",-0.063676156,0.59547853,-0.1539081484079361,1.7483935356140137
split_cell_heldout,cell_context_mean,"T cells, Penfluridol",0.031743806,0.5378077,0.1465921700000763,1.674742579460144
split_cell_heldout,cell_context_mean,"T cells, Quizartinib",0.13937692,0.55620915,0.2605426013469696,1.8136872053146362
split_cell_heldout,cell_context_mean,"T cells, RN-486",0.043032903,0.5362432,0.1813022643327713,1.6336992979049683
split_cell_heldout,cell_context_mean,"T cells, PD-0325901",0.45061472,0.8225381,0.698009192943573,1.9748575687408447
split_cell_heldout,cell_context_mean,"T cells, Decitabine",0.16935429,0.5070595,0.2908344268798828,1.6508593559265137
split_cell_heldout,cell_context_mean,"T cells, LDN 193189",0.16960435,0.569145,0.34565117955207825,1.7072153091430664
split_cell_heldout,cell_context_mean,"T cells, Cabozantinib",-0.09867047,0.6780416,-0.1365092396736145,1.916245460510254
split_cell_heldout,cell_context_mean,"T cells, Riociguat",0.1263793,0.5231964,0.11730985343456268,1.7756197452545166
split_cell_heldout,cell_context_mean,"T cells, CHIR-99021",-0.26496136,1.5211623,-0.4018872380256653,2.8573944568634033
split_cell_heldout,cell_context_mean,"T cells, Defactinib",0.12855163,0.76891536,0.30961528420448303,2.0731606483459473
split_cell_heldout,cell_context_mean,"T cells, BI-D1870",-0.018917643,0.619768,-0.02680433914065361,1.7229658365249634
split_cell_heldout,cell_context_mean,"T cells, AZD3514",0.29778257,0.7504409,0.496379017829895,1.9398484230041504
split_cell_heldout,cell_context_mean,"T cells, HMN-214",-0.16951905,0.76537097,-0.46477189660072327,2.2409911155700684
split_cell_heldout,cell_context_mean,"T cells, CC-401",0.42539474,0.77414715,0.6652385592460632,1.9173738956451416
split_cell_heldout,cell_context_mean,"T cells, Resminostat",0.32141528,2.1684196,0.4079783856868744,3.0604188442230225
split_cell_heldout,cell_context_mean,"T cells, Crizotinib",0.4954643,0.76387316,0.7108840346336365,1.9061540365219116
split_cell_heldout,cell_context_mean,"T cells, Azacitidine",0.15954496,0.61517286,0.3615371882915497,1.7254327535629272
split_cell_heldout,cell_context_mean,"T cells, TR-14035",0.31428933,0.5554495,0.5873047709465027,1.5778484344482422
split_cell_heldout,cell_context_mean,"T cells, Nilotinib",0.5286513,0.77862567,0.783413827419281,1.8383229970932007
split_cell_heldout,cell_context_mean,"T cells, AT 7867",0.22642207,0.8599372,0.3945707678794861,2.031923532485962
split_cell_heldout,cell_context_mean,"T cells, OSI-930",-0.06543229,0.570001,-0.13708488643169403,1.735432744026184
split_cell_heldout,cell_context_mean,"T cells, GO-6976",-0.15112028,0.94007105,-0.30573713779449463,2.1658735275268555
split_cell_heldout,cell_context_mean,"T cells, Saracatinib",0.5286097,0.80861855,0.754383385181427,1.8580387830734253
split_cell_heldout,cell_context_mean,"T cells, RG7112",0.29645637,0.60203177,0.5336540341377258,2.1567234992980957
split_cell_heldout,cell_context_mean,"T cells, Lamivudine",0.18889017,0.51870644,0.3017641007900238,1.5915110111236572
split_cell_heldout,cell_context_mean,"T cells, TGX 221",0.5344375,0.6861593,0.8037359118461609,1.7317050695419312
split_cell_heldout,cell_context_mean,"T cells, Pitavastatin Calcium",-0.25326222,1.6480643,-0.35154417157173157,2.893867254257202
split_cell_heldout,cell_context_mean,"T cells, ABT737",0.0589592,0.6148291,0.37799349427223206,1.8671940565109253
split_cell_heldout,cell_context_mean,"T cells, PRT-062607",0.5834967,0.9498473,0.7997916340827942,2.017326593399048
split_cell_heldout,cell_context_mean,"T cells, AZ628",0.5324017,0.6935242,0.7898920774459839,1.7824249267578125
split_cell_heldout,cell_context_mean,"T cells, AZD-8330",0.50728637,0.7241879,0.7738701701164246,1.791020393371582
split_cell_heldout,cell_context_mean,"T cells, Masitinib",0.20784721,0.56482863,0.612971842288971,1.5236865282058716
split_cell_heldout,cell_context_mean,"T cells, Ceritinib",0.41520473,0.56428987,0.6960668563842773,1.5730934143066406
split_cell_heldout,cell_context_mean,"T cells, CGM-097",-0.092141606,1.3845332,-0.13400690257549286,2.687864065170288
split_cell_heldout,cell_context_mean,"T cells, SLx-2119",0.26048243,0.59804547,0.4881897270679474,1.7740377187728882
split_cell_heldout,cell_context_mean,"T cells, Nefazodone",0.31184462,0.46879992,0.5981908440589905,1.5052132606506348
split_cell_heldout,cell_context_mean,"T cells, STK219801",0.12926453,0.56944406,0.2505795359611511,1.8519814014434814
split_cell_heldout,cell_context_mean,"T cells, TPCA-1",0.5686357,1.0884047,0.7599903345108032,2.1587393283843994
split_cell_heldout,cell_context_mean,"T cells, MGCD-265",0.37214836,0.4662535,0.6144229173660278,1.492770791053772
split_cell_heldout,cell_context_mean,"T cells, GSK-1070916",0.2798357,0.5779481,0.5672287940979004,1.684355616569519
split_cell_heldout,cell_context_mean,"T cells, Ricolinostat",0.19056238,0.8720195,0.41219499707221985,2.062915563583374
split_cell_heldout,cell_context_mean,"T cells, Bosutinib",0.4817972,0.9868559,0.7030650973320007,2.1218435764312744
split_cell_heldout,cell_context_mean,"T cells, Clemastine",0.29087394,0.52757245,0.6520490646362305,1.51026451587677
split_cell_heldout,cell_context_mean,"T cells, YK 4-279",-0.13176052,0.65678656,-0.3063965439796448,1.7879486083984375
split_cell_heldout,cell_context_mean,"T cells, Buspirone",0.025445113,0.5267913,-0.026901880279183388,1.7186065912246704
split_cell_heldout,cell_context_mean,"T cells, Midostaurin",0.4433068,0.8535311,0.7206618785858154,2.0588886737823486
split_cell_heldout,cell_context_mean,"T cells, CEP-37440",0.3288516,0.6441554,0.6494536995887756,1.8439069986343384
split_cell_heldout,cell_context_mean,"T cells, GSK256066",0.28265166,0.73700505,0.5032418370246887,2.126208782196045
split_cell_heldout,cell_context_mean,"T cells, R428",0.48520532,0.9026832,0.6951056718826294,2.070518970489502
split_cell_heldout,cell_context_mean,"T cells, Oxybenzone",0.1697765,0.49437082,0.391393780708313,1.5485889911651611
split_cell_heldout,cell_context_mean,"T cells, Vandetanib",0.15508808,0.5262575,0.36038291454315186,1.5884196758270264
split_cell_heldout,cell_context_mean,"T cells, Imatinib",0.16641276,0.5135781,0.31582769751548767,1.5670400857925415
split_cell_heldout,cell_context_mean,"T cells, SCH-58261",0.035686847,0.54970604,-0.022955534979701042,1.7339459657669067
split_cell_heldout,cell_context_mean,"T cells, Colforsin",0.20224775,0.55098796,0.3428478240966797,1.5786182880401611
split_cell_heldout,cell_context_mean,"T cells, Tivantinib",0.23863351,0.74392873,0.4429449737071991,1.8640999794006348
split_cell_heldout,cell_context_mean,"T cells, Tosedostat",0.26682428,0.7606368,0.4786572754383087,1.9385242462158203
split_cell_heldout,cell_context_mean,"T cells, Colchicine",0.20656574,0.9482095,0.3994435667991638,2.303431272506714
split_cell_heldout,cell_context_mean,"T cells, ABT-199 (GDC-0199)",-0.0077205906,0.58727646,0.35220491886138916,1.730664610862732
split_cell_heldout,cell_context_mean,"T cells, Mometasone Furoate",0.47969475,1.4104412,0.616527795791626,2.580724000930786
split_cell_heldout,cell_context_mean,"T cells, Tipifarnib",0.40962052,0.6330176,0.701549768447876,1.7261375188827515
split_cell_heldout,cell_context_mean,"T cells, BX 912",0.5382903,0.74814016,0.7945919036865234,1.8347878456115723
split_cell_heldout,cell_context_mean,"T cells, Doxorubicin",0.3083746,1.3504595,0.4713611304759979,2.517037868499756
split_cell_heldout,cell_context_mean,"T cells, PF-03814735",0.5289608,1.0819945,0.7337295413017273,2.198667526245117
split_cell_heldout,cell_context_mean,"T cells, AZD4547",0.28044614,0.50335044,0.4662861227989197,1.5858403444290161
split_cell_heldout,cell_context_mean,"T cells, Prednisolone",0.45104748,1.3625617,0.5886034369468689,2.567544460296631
split_cell_heldout,cell_context_mean,"T cells, Tacalcitol",0.32706717,0.6431323,0.6489506959915161,1.7276793718338013
split_cell_heldout,cell_context_mean,"T cells, Selumetinib",0.43800935,0.630945,0.7085183262825012,1.7480647563934326
split_cell_heldout,cell_context_mean,"T cells, Clotrimazole",0.08465371,0.5551843,0.16402272880077362,1.7532267570495605
split_cell_heldout,cell_context_mean,"T cells, RG7090",-0.15577303,0.8562819,-0.25866034626960754,2.1213173866271973
split_cell_heldout,cell_context_mean,"T cells, GLPG0634",0.43204853,0.7378725,0.7251807451248169,1.818583369255066
split_cell_heldout,cell_context_mean,"T cells, Mubritinib (TAK 165)",0.30459797,1.1209466,0.5148392915725708,2.3567543029785156
split_cell_heldout,cell_context_mean,"T cells, Vanoxerine",0.13240993,0.59857553,0.34179821610450745,1.721913456916809
split_cell_heldout,cell_context_mean,"T cells, SB525334",-0.3547582,1.0726162,-0.5552621483802795,2.411736011505127
split_cell_heldout,cell_context_mean,"T cells, HYDROXYUREA",-0.025324712,0.56196165,-0.22116252779960632,1.7636351585388184
split_cell_heldout,drug_mean,"T cells, TIE2 Kinase Inhibitor",0.27977133,0.56486076,0.5771811008453369,1.4693845510482788
split_cell_heldout,drug_mean,"T cells, MK-5108",0.27133536,0.55855364,0.5494440793991089,1.481903076171875
split_cell_heldout,drug_mean,"T cells, Lapatinib",0.33840114,0.58930916,0.661399781703949,1.4930510520935059
split_cell_heldout,drug_mean,"T cells, Atorvastatin",0.2894832,0.5796861,0.5953207612037659,1.440710425376892
split_cell_heldout,drug_mean,"T cells, Ganetespib (STA-9090)",0.65067536,1.7117163,0.7329311966896057,2.320824146270752
split_cell_heldout,drug_mean,"T cells, Clomipramine",0.32303515,0.5724273,0.6055377721786499,1.4446280002593994
split_cell_heldout,drug_mean,"T cells, Sunitinib",0.39751667,0.67185825,0.6743292212486267,1.5549684762954712
split_cell_heldout,drug_mean,"T cells, Tivozanib",0.35117295,0.654018,0.6841452717781067,1.5541415214538574
split_cell_heldout,drug_mean,"T cells, Tamatinib",0.57968485,0.9507969,0.780096709728241,1.5621954202651978
split_cell_heldout,drug_mean,"T cells, Ixabepilone",0.22043109,0.5673883,0.5009956955909729,1.5155786275863647
split_cell_heldout,drug_mean,"T cells, Linagliptin",0.14123632,0.5689442,0.3459582030773163,1.5165042877197266
split_cell_heldout,drug_mean,"T cells, 5-(9-Isopropyl-8-methyl-2-morpholino-9H-purin-6-yl)pyrimidin-2-amine",0.67978835,1.079781,0.8033649921417236,1.6789568662643433
split_cell_heldout,drug_mean,"T cells, O-Demethylated Adapalene",0.30445686,0.6246751,0.6295862793922424,1.4972847700119019
split_cell_heldout,drug_mean,"T cells, Protriptyline",0.16995956,0.5345723,0.4271106719970703,1.5668178796768188
split_cell_heldout,drug_mean,"T cells, I-BET151",0.7111071,1.4331268,0.799788236618042,2.037534475326538
split_cell_heldout,drug_mean,"T cells, Foretinib",0.49979663,0.8534882,0.7547361254692078,1.4978853464126587
split_cell_heldout,drug_mean,"T cells, GW843682X",0.32229838,0.6008078,0.6533847451210022,1.4965111017227173
split_cell_heldout,drug_mean,"T cells, BMS-387032",0.3487581,1.2771254,0.5307397842407227,2.1931064128875732
split_cell_heldout,drug_mean,"T cells, IN1451",0.7687715,1.9407423,0.8148676156997681,2.2927980422973633
split_cell_heldout,drug_mean,"T cells, Raloxifene",0.29626006,0.85009044,0.5317031741142273,1.786513328552246
split_cell_heldout,drug_mean,"T cells, Topotecan",0.54943055,0.90050673,0.7610130310058594,1.6067463159561157
split_cell_heldout,drug_mean,"T cells, BAY 87-2243",0.5378495,1.1169682,0.6891979575157166,1.895622730255127
split_cell_heldout,drug_mean,"T cells, Phenylbutazone",0.17227483,0.56881297,0.3829660415649414,1.5982306003570557
split_cell_heldout,drug_mean,"T cells, K-02288",0.14305523,0.6494706,0.3465723395347595,1.66713285446167
split_cell_heldout,drug_mean,"T cells, BMS-777607",0.2648137,0.61335766,0.5642745494842529,1.4854695796966553
split_cell_heldout,drug_mean,"T cells, Porcn Inhibitor III",0.35852236,0.66155887,0.6207091808319092,1.424889087677002
split_cell_heldout,drug_mean,"T cells, TL_HRAS26",0.24116643,0.5748354,0.5886790752410889,1.727949619293213
split_cell_heldout,drug_mean,"T cells, Proscillaridin A;Proscillaridin-A",0.82369465,1.7270118,0.8538662791252136,1.9451712369918823
split_cell_heldout,drug_mean,"T cells, Vorinostat",0.7270911,1.5605707,0.7978113889694214,2.0905978679656982
split_cell_heldout,drug_mean,"T cells, BMS-265246",0.6478413,1.0531509,0.8031020164489746,1.7060327529907227
split_cell_heldout,drug_mean,"T cells, Ruxolitinib",0.46820006,0.92867374,0.7242913246154785,1.6057868003845215
split_cell_heldout,drug_mean,"T cells, Pomalidomide",0.5566245,1.0365183,0.732839047908783,2.000437021255493
split_cell_heldout,drug_mean,"T cells, Dovitinib",0.4222049,0.7550087,0.7007114291191101,1.6775811910629272
split_cell_heldout,drug_mean,"T cells, AVL-292",0.467675,0.74928385,0.7367020845413208,1.5505768060684204
split_cell_heldout,drug_mean,"T cells, Navitoclax",0.23135187,0.6574686,0.5767216086387634,1.6032068729400635
split_cell_heldout,drug_mean,"T cells, Methotrexate",0.37232503,0.59711885,0.6576809287071228,1.4163999557495117
split_cell_heldout,drug_mean,"T cells, Palbociclib",0.28743666,0.58291477,0.6070923209190369,1.5247398614883423
split_cell_heldout,drug_mean,"T cells, Trametinib",0.3536532,0.78773445,0.6660809516906738,1.5753276348114014
split_cell_heldout,drug_mean,"T cells, AMD-070 (hydrochloride)",0.24946839,0.63661623,0.5615435242652893,1.641374945640564
split_cell_heldout,drug_mean,"T cells, Sgc-cbp30",0.359811,0.76212025,0.5932296514511108,1.71576988697052
split_cell_heldout,drug_mean,"T cells, FK 866",0.49482116,0.8651277,0.7113474607467651,1.731722354888916
split_cell_heldout,drug_mean,"T cells, Chlorpheniramine",0.19682956,0.622623,0.4285241365432739,1.6195937395095825
split_cell_heldout,drug_mean,"T cells, Scriptaid",0.74432355,1.5723614,0.8100326657295227,2.059560775756836
split_cell_heldout,drug_mean,"T cells, BAY 61-3606",0.64807105,1.4438483,0.7564660310745239,2.080138683319092
split_cell_heldout,drug_mean,"T cells, LY2090314",0.45019734,2.1783862,0.522240400314331,2.843292474746704
split_cell_heldout,drug_mean,"T cells, Vardenafil",0.20361093,0.5983252,0.484300434589386,1.5911527872085571
split_cell_heldout,drug_mean,"T cells, Dasatinib",0.5585856,0.9801937,0.753499448299408,1.6378426551818848
split_cell_heldout,drug_mean,"T cells, AT13387",0.62221116,1.6847552,0.710661768913269,2.351954460144043
split_cell_heldout,drug_mean,"T cells, PF-04691502",0.5201611,1.0042214,0.7369622588157654,1.795057773590088
split_cell_heldout,drug_mean,"T cells, Perhexiline",0.5554533,0.86431324,0.7767499685287476,1.6511448621749878
split_cell_heldout,drug_mean,"T cells, RVX-208",0.5078669,0.7497081,0.7031587362289429,1.587255597114563
split_cell_heldout,drug_mean,"T cells, Ketoconazole",0.6138635,0.9598143,0.7819998264312744,1.7093281745910645
split_cell_heldout,drug_mean,"T cells, Disulfiram",0.24374026,0.5852121,0.5169005393981934,1.4752553701400757
split_cell_heldout,drug_mean,"T cells, Flutamide",0.09012913,0.60948324,0.4308135211467743,1.6377944946289062
split_cell_heldout,drug_mean,"T cells, Desloratadine",0.24187566,0.558846,0.5226086974143982,1.4316014051437378
split_cell_heldout,drug_mean,"T cells, Dactolisib",0.707301,1.1376543,0.8308390378952026,1.617341160774231
split_cell_heldout,drug_mean,"T cells, BMS-536924",0.49053782,1.0262094,0.7052915692329407,1.9374333620071411
split_cell_heldout,drug_mean,"T cells, IKK Inhibitor VII",0.46725562,0.9315827,0.7230648994445801,1.6377134323120117
split_cell_heldout,drug_mean,"T cells, Amiodarone",0.2130986,0.6202557,0.5331143736839294,1.7551161050796509
split_cell_heldout,drug_mean,"T cells, Isoniazid",0.067777544,0.5933701,0.11845261603593826,1.5776396989822388
split_cell_heldout,drug_mean,"T cells, IMD-0354",0.631125,1.3513203,0.749080240726471,2.0678274631500244
split_cell_heldout,drug_mean,"T cells, Canertinib",0.40638477,0.7565271,0.6359592080116272,1.6449716091156006
split_cell_heldout,drug_mean,"T cells, Idelalisib",0.4130563,0.8698863,0.6859728097915649,1.7710182666778564
split_cell_heldout,drug_mean,"T cells, Alogliptin",0.19692485,0.5785707,0.4222699999809265,1.5644253492355347
split_cell_heldout,drug_mean,"T cells, Penfluridol",0.17166714,0.58085823,0.24998117983341217,1.6385772228240967
split_cell_heldout,drug_mean,"T cells, Quizartinib",0.16892602,0.61589164,0.4002593755722046,1.7128952741622925
split_cell_heldout,drug_mean,"T cells, RN-486",0.122939005,0.58332986,0.24633653461933136,1.6061064004898071
split_cell_heldout,drug_mean,"T cells, PD-0325901",0.35366213,0.9200985,0.6534180045127869,1.7324706315994263
split_cell_heldout,drug_mean,"T cells, Decitabine",0.13662522,0.55753344,0.21553565561771393,1.6631439924240112
split_cell_heldout,drug_mean,"T cells, LDN 193189",0.25894985,0.6087534,0.5864112973213196,1.4931232929229736
split_cell_heldout,drug_mean,"T cells, Cabozantinib",0.21864112,0.6765583,0.41981080174446106,1.700541377067566
split_cell_heldout,drug_mean,"T cells, Riociguat",0.15495656,0.56686354,0.30315229296684265,1.718044638633728
split_cell_heldout,drug_mean,"T cells, CHIR-99021",0.52107215,1.2357367,0.711712121963501,2.217501163482666
split_cell_heldout,drug_mean,"T cells, Defactinib",0.3897715,0.7504671,0.6805862188339233,1.659483551979065
split_cell_heldout,drug_mean,"T cells, BI-D1870",0.17818035,0.6681827,0.4665400981903076,1.5154963731765747
split_cell_heldout,drug_mean,"T cells, AZD3514",0.483838,0.7009751,0.7291878461837769,1.5580198764801025
split_cell_heldout,drug_mean,"T cells, HMN-214",0.45026505,0.63901347,0.7497210502624512,1.4988380670547485
split_cell_heldout,drug_mean,"T cells, CC-401",0.5044408,0.74712086,0.7215232253074646,1.584172010421753
split_cell_heldout,drug_mean,"T cells, Resminostat",0.7489363,1.5163516,0.8161596655845642,2.0125205516815186
split_cell_heldout,drug_mean,"T cells, Crizotinib",0.5352565,0.73709077,0.7902389168739319,1.4789948463439941
split_cell_heldout,drug_mean,"T cells, Azacitidine",0.30732644,0.6158813,0.5827412009239197,1.54073965549469
split_cell_heldout,drug_mean,"T cells, TR-14035",0.32682544,0.58622885,0.5586207509040833,1.5077180862426758
split_cell_heldout,drug_mean,"T cells, Nilotinib",0.48524976,0.8064081,0.7419230937957764,1.515494704246521
split_cell_heldout,drug_mean,"T cells, AT 7867",0.2777946,0.93494314,0.4947884678840637,1.8628181219100952
split_cell_heldout,drug_mean,"T cells, OSI-930",0.16947058,0.58733666,0.31835779547691345,1.603044867515564
split_cell_heldout,drug_mean,"T cells, GO-6976",0.38837475,0.84250116,0.624144434928894,1.7058420181274414
split_cell_heldout,drug_mean,"T cells, Saracatinib",0.5820844,0.80036,0.7958298921585083,1.3324298858642578
split_cell_heldout,drug_mean,"T cells, RG7112",0.43962136,0.594138,0.6892315745353699,1.590952754020691
split_cell_heldout,drug_mean,"T cells, Lamivudine",0.17079616,0.5913205,0.3264978528022766,1.5728715658187866
split_cell_heldout,drug_mean,"T cells, TGX 221",0.503776,0.710111,0.7825823426246643,1.408332109451294
split_cell_heldout,drug_mean,"T cells, Pitavastatin Calcium",0.5703146,1.3323466,0.7404386401176453,1.9103189706802368
split_cell_heldout,drug_mean,"T cells, ABT737",0.19846857,0.71546817,0.5636333227157593,1.6886788606643677
split_cell_heldout,drug_mean,"T cells, PRT-062607",0.5569918,0.91995317,0.7788372039794922,1.5397759675979614
split_cell_heldout,drug_mean,"T cells, AZ628",0.46257383,0.73991764,0.7347612977027893,1.5083001852035522
split_cell_heldout,drug_mean,"T cells, AZD-8330",0.37638748,0.8171699,0.6727192997932434,1.6322044134140015
split_cell_heldout,drug_mean,"T cells, Masitinib",0.31289992,0.60378486,0.7041609287261963,1.3231505155563354
split_cell_heldout,drug_mean,"T cells, Ceritinib",0.30609772,0.6647432,0.6040332317352295,1.5051645040512085
split_cell_heldout,drug_mean,"T cells, CGM-097",0.60539305,1.0692197,0.7577595114707947,1.8993427753448486
split_cell_heldout,drug_mean,"T cells, SLx-2119",0.29476327,0.63294595,0.590406060218811,1.5750473737716675
split_cell_heldout,drug_mean,"T cells, Nefazodone",0.19561914,0.5469581,0.3789385259151459,1.5384231805801392
split_cell_heldout,drug_mean,"T cells, STK219801",0.2738132,0.60155916,0.5190122723579407,1.567694902420044
split_cell_heldout,drug_mean,"T cells, TPCA-1",0.5793732,0.9962458,0.7809752225875854,1.630765676498413
split_cell_heldout,drug_mean,"T cells, MGCD-265",0.22860482,0.5662404,0.4344708025455475,1.5349434614181519
split_cell_heldout,drug_mean,"T cells, GSK-1070916",0.35756433,0.6050374,0.6099264621734619,1.4564909934997559
split_cell_heldout,drug_mean,"T cells, Ricolinostat",0.5457506,0.7603789,0.7568105459213257,1.4958961009979248
split_cell_heldout,drug_mean,"T cells, Bosutinib",0.5967534,0.91494703,0.8001110553741455,1.4462732076644897
split_cell_heldout,drug_mean,"T cells, Clemastine",0.3083082,0.583678,0.6707791686058044,1.3649137020111084
split_cell_heldout,drug_mean,"T cells, YK 4-279",0.2890811,0.5981377,0.5538785457611084,1.4472739696502686
split_cell_heldout,drug_mean,"T cells, Buspirone",0.12727574,0.5564903,0.16652879118919373,1.6852784156799316
split_cell_heldout,drug_mean,"T cells, Midostaurin",0.45192507,0.8557439,0.7254056334495544,1.7397358417510986
split_cell_heldout,drug_mean,"T cells, CEP-37440",0.3460321,0.6899225,0.6728843450546265,1.641252040863037
split_cell_heldout,drug_mean,"T cells, GSK256066",0.40601525,0.7720513,0.6462327837944031,1.7098444700241089
split_cell_heldout,drug_mean,"T cells, R428",0.4365684,1.23254,0.7175071835517883,1.5952117443084717
split_cell_heldout,drug_mean,"T cells, Oxybenzone",0.16446297,0.5413363,0.3836008608341217,1.5068254470825195
split_cell_heldout,drug_mean,"T cells, Vandetanib",0.17659566,0.60658437,0.4059129059314728,1.5377941131591797
split_cell_heldout,drug_mean,"T cells, Imatinib",0.107924975,0.5748878,0.19833911955356598,1.595005989074707
split_cell_heldout,drug_mean,"T cells, SCH-58261",0.19256575,0.56748533,0.3854350745677948,1.5857079029083252
split_cell_heldout,drug_mean,"T cells, Colforsin",0.21523826,0.59749305,0.4958236515522003,1.4836779832839966
split_cell_heldout,drug_mean,"T cells, Tivantinib",0.40325677,0.7230813,0.6655902862548828,1.5710186958312988
split_cell_heldout,drug_mean,"T cells, Tosedostat",0.43034574,0.7438226,0.6941869854927063,1.5842496156692505
split_cell_heldout,drug_mean,"T cells, Colchicine",0.42390767,1.1006144,0.7190626263618469,1.6866109371185303
split_cell_heldout,drug_mean,"T cells, ABT-199 (GDC-0199)",0.20492902,0.61960995,0.5132606029510498,1.6090316772460938
split_cell_heldout,drug_mean,"T cells, Mometasone Furoate",0.6020275,1.2160522,0.7580761909484863,1.894331693649292
split_cell_heldout,drug_mean,"T cells, Tipifarnib",0.39086315,0.67583287,0.6655551791191101,1.5624252557754517
split_cell_heldout,drug_mean,"T cells, BX 912",0.41092393,0.7928352,0.7039324045181274,1.7199400663375854
split_cell_heldout,drug_mean,"T cells, Doxorubicin",0.56679976,1.26022,0.7742556929588318,1.6978163719177246
split_cell_heldout,drug_mean,"T cells, PF-03814735",0.6056426,1.0054117,0.8073300123214722,1.4988045692443848
split_cell_heldout,drug_mean,"T cells, AZD4547",0.18881018,0.5817,0.3173370659351349,1.6099865436553955
split_cell_heldout,drug_mean,"T cells, Prednisolone",0.5709569,1.1939044,0.7195627689361572,2.020080804824829
split_cell_heldout,drug_mean,"T cells, Tacalcitol",0.34972346,0.8853868,0.6897985935211182,1.4259974956512451
split_cell_heldout,drug_mean,"T cells, Selumetinib",0.3611519,0.730269,0.6909328103065491,1.540345311164856
split_cell_heldout,drug_mean,"T cells, Clotrimazole",0.22691151,0.5820529,0.5082421898841858,1.579633355140686
split_cell_heldout,drug_mean,"T cells, RG7090",0.35646528,0.7555882,0.6412327289581299,1.6830458641052246
split_cell_heldout,drug_mean,"T cells, GLPG0634",0.4882978,0.7337937,0.7673437595367432,1.4707533121109009
split_cell_heldout,drug_mean,"T cells, Mubritinib (TAK 165)",0.46220616,1.0441065,0.6557794809341431,1.996933102607727
split_cell_heldout,drug_mean,"T cells, Vanoxerine",0.2245208,0.62318426,0.5149338841438293,1.5938856601715088
split_cell_heldout,drug_mean,"T cells, SB525334",0.506552,0.8433592,0.7353808283805847,1.6701881885528564
split_cell_heldout,drug_mean,"T cells, HYDROXYUREA",0.1460838,0.57691795,0.31674832105636597,1.6407276391983032
split_scaffold_heldout,global_train_mean,"NK cells, Lapatinib",-0.12245922,0.75216496,-0.26893022656440735,1.9435473680496216
split_scaffold_heldout,global_train_mean,"T cells, Lapatinib",-0.030573055,0.6392098,0.0015502319438382983,1.881270408630371
split_scaffold_heldout,global_train_mean,"NK cells, Atorvastatin",0.122085094,0.6596675,0.19660721719264984,1.742335557937622
split_scaffold_heldout,global_train_mean,"T cells, Atorvastatin",0.22217147,0.5419421,0.4258645176887512,1.621488332748413
split_scaffold_heldout,global_train_mean,"B cells, Ganetespib (STA-9090)",0.46804315,1.6153905,0.6036586761474609,2.702148675918579
split_scaffold_heldout,global_train_mean,"Myeloid cells, Ganetespib (STA-9090)",0.48831755,1.4333414,0.6565620303153992,2.5076706409454346
split_scaffold_heldout,global_train_mean,"NK cells, Ganetespib (STA-9090)",0.40687713,1.0682232,0.6097064018249512,2.2381961345672607
split_scaffold_heldout,global_train_mean,"T cells, Ganetespib (STA-9090)",0.44702664,2.1182978,0.5348166227340698,3.0071706771850586
split_scaffold_heldout,global_train_mean,"NK cells, Ixabepilone",0.12094269,0.64961934,0.19773472845554352,1.8398034572601318
split_scaffold_heldout,global_train_mean,"T cells, Ixabepilone",0.09917736,0.5440394,0.07915235310792923,1.7629550695419312
split_scaffold_heldout,global_train_mean,"B cells, O-Demethylated Adapalene",0.3922433,0.66655517,0.6379674077033997,1.7908544540405273
split_scaffold_heldout,global_train_mean,"Myeloid cells, O-Demethylated Adapalene",0.18770714,0.80420226,0.3599278926849365,2.180842876434326
split_scaffold_heldout,global_train_mean,"NK cells, O-Demethylated Adapalene",0.07336394,0.6611283,0.05744557082653046,1.8142366409301758
split_scaffold_heldout,global_train_mean,"T cells, O-Demethylated Adapalene",0.33456108,0.55915666,0.5400243997573853,1.6999319791793823
split_scaffold_heldout,global_train_mean,"NK cells, Phenylbutazone",0.14518863,0.66751003,0.23765064775943756,1.8159663677215576
split_scaffold_heldout,global_train_mean,"T cells, Phenylbutazone",0.045215935,0.5508998,-0.16969256103038788,1.865412712097168
split_scaffold_heldout,global_train_mean,"B cells, TL_HRAS26",0.33613148,0.5935408,0.5887002348899841,1.6866106986999512
split_scaffold_heldout,global_train_mean,"Myeloid cells, TL_HRAS26",0.041310392,0.6371694,0.12387727946043015,1.9361636638641357
split_scaffold_heldout,global_train_mean,"NK cells, TL_HRAS26",0.076273695,0.63654435,0.0878213569521904,1.8616312742233276
split_scaffold_heldout,global_train_mean,"T cells, TL_HRAS26",0.25995603,0.52980864,0.458176851272583,1.8611047267913818
split_scaffold_heldout,global_train_mean,"NK cells, Trametinib",0.21693069,0.69536215,0.454029381275177,1.7869919538497925
split_scaffold_heldout,global_train_mean,"T cells, Trametinib",0.3543741,0.66614527,0.6590568423271179,1.8154840469360352
split_scaffold_heldout,global_train_mean,"B cells, FK 866",0.32151684,0.72250825,0.5767285227775574,1.8734434843063354
split_scaffold_heldout,global_train_mean,"Myeloid cells, FK 866",0.2376973,1.1437141,0.3832586407661438,2.3266422748565674
split_scaffold_heldout,global_train_mean,"NK cells, FK 866",0.11020198,0.7530512,0.29545262455940247,1.8995633125305176
split_scaffold_heldout,global_train_mean,"T cells, FK 866",0.19313358,0.96758884,0.3840671479701996,2.178053140640259
split_scaffold_heldout,global_train_mean,"NK cells, Desloratadine",0.053769764,0.66690636,0.02223273552954197,1.8210070133209229
split_scaffold_heldout,global_train_mean,"T cells, Desloratadine",0.1527644,0.53363883,0.39541739225387573,1.5516366958618164
split_scaffold_heldout,global_train_mean,"NK cells, IKK Inhibitor VII",0.30970868,0.7182005,0.5075427889823914,1.8277759552001953
split_scaffold_heldout,global_train_mean,"T cells, IKK Inhibitor VII",0.56692046,0.86570805,0.8009679317474365,1.9575684070587158
split_scaffold_heldout,global_train_mean,"B cells, PD-0325901",0.47211087,0.7561564,0.7237541079521179,1.9341089725494385
split_scaffold_heldout,global_train_mean,"Myeloid cells, PD-0325901",0.32863024,1.3420496,0.49287930130958557,2.505455255508423
split_scaffold_heldout,global_train_mean,"NK cells, PD-0325901",0.2700834,0.7589338,0.4695046842098236,1.90616774559021
split_scaffold_heldout,global_train_mean,"T cells, PD-0325901",0.53556395,0.7978306,0.751122236251831,1.928836703300476
split_scaffold_heldout,global_train_mean,"B cells, BI-D1870",0.21520372,0.61188704,0.4071291983127594,1.7227818965911865
split_scaffold_heldout,global_train_mean,"Myeloid cells, BI-D1870",0.19115564,0.8598021,0.40873250365257263,2.0592172145843506
split_scaffold_heldout,global_train_mean,"NK cells, BI-D1870",0.03144034,0.73233217,0.16943204402923584,1.8140757083892822
split_scaffold_heldout,global_train_mean,"T cells, BI-D1870",0.037094504,0.6101085,0.09987053275108337,1.6940027475357056
split_scaffold_heldout,global_train_mean,"B cells, Crizotinib",0.53053606,0.8374375,0.7514941096305847,2.011396884918213
split_scaffold_heldout,global_train_mean,"Myeloid cells, Crizotinib",0.48712057,0.89655554,0.7012795805931091,2.0807957649230957
split_scaffold_heldout,global_train_mean,"NK cells, Crizotinib",0.32038608,0.68408537,0.5356009006500244,1.7299790382385254
split_scaffold_heldout,global_train_mean,"T cells, Crizotinib",0.56825,0.7417237,0.7652255892753601,1.8529144525527954
split_scaffold_heldout,global_train_mean,"B cells, TR-14035",0.38084263,0.61169624,0.589169442653656,1.7271990776062012
split_scaffold_heldout,global_train_mean,"Myeloid cells, TR-14035",0.26747683,0.59261554,0.5130735039710999,1.7090390920639038
split_scaffold_heldout,global_train_mean,"NK cells, TR-14035",0.23200493,0.607652,0.4015893340110779,1.8011091947555542
split_scaffold_heldout,global_train_mean,"T cells, TR-14035",0.3960019,0.5349219,0.6653411984443665,1.519721269607544
split_scaffold_heldout,global_train_mean,"NK cells, Nilotinib",0.30467007,0.7061058,0.5361313819885254,1.7856756448745728
split_scaffold_heldout,global_train_mean,"T cells, Nilotinib",0.6152125,0.7520927,0.8358017802238464,1.777626395225525
split_scaffold_heldout,global_train_mean,"B cells, AT 7867",0.43758234,0.7311068,0.6765890121459961,1.8297479152679443
split_scaffold_heldout,global_train_mean,"Myeloid cells, AT 7867",0.16008645,1.3151776,0.3078943192958832,2.5069165229797363
split_scaffold_heldout,global_train_mean,"NK cells, AT 7867",0.31872997,0.70583004,0.5566396713256836,1.8161675930023193
split_scaffold_heldout,global_train_mean,"T cells, AT 7867",0.28560635,0.8454054,0.49750369787216187,1.992702841758728
split_scaffold_heldout,global_train_mean,"B cells, Pitavastatin Calcium",-0.17835431,1.1525303,-0.2588250935077667,2.468416929244995
split_scaffold_heldout,global_train_mean,"Myeloid cells, Pitavastatin Calcium",-0.06697769,2.3553615,-0.06911210715770721,3.2369086742401123
split_scaffold_heldout,global_train_mean,"NK cells, Pitavastatin Calcium",-0.15599316,1.4371358,-0.20862777531147003,2.723435401916504
split_scaffold_heldout,global_train_mean,"T cells, Pitavastatin Calcium",-0.24541,1.6492964,-0.33963847160339355,2.898312568664551
split_scaffold_heldout,global_train_mean,"NK cells, Ceritinib",0.2970471,0.66991425,0.4954339563846588,1.773636817932129
split_scaffold_heldout,global_train_mean,"T cells, Ceritinib",0.4943831,0.5423298,0.7387069463729858,1.5233712196350098
split_scaffold_heldout,global_train_mean,"NK cells, CGM-097",0.009887815,0.85595304,0.08747866004705429,2.0857393741607666
split_scaffold_heldout,global_train_mean,"T cells, CGM-097",-0.07375205,1.382108,-0.11103478074073792,2.686044216156006
split_scaffold_heldout,global_train_mean,"NK cells, TPCA-1",0.42031655,0.82999945,0.6499612927436829,1.8821851015090942
split_scaffold_heldout,global_train_mean,"T cells, TPCA-1",0.6747359,1.0561004,0.8314694762229919,2.0972485542297363
split_scaffold_heldout,global_train_mean,"NK cells, Clemastine",0.18359256,0.6517929,0.25543808937072754,1.7675451040267944
split_scaffold_heldout,global_train_mean,"T cells, Clemastine",0.37064376,0.50806016,0.7388580441474915,1.4500391483306885
split_scaffold_heldout,global_train_mean,"NK cells, GSK256066",0.29448217,0.85925484,0.5003435611724854,2.028684377670288
split_scaffold_heldout,global_train_mean,"T cells, GSK256066",0.3342789,0.7241,0.6010688543319702,2.095641613006592
split_scaffold_heldout,global_train_mean,"NK cells, Imatinib",0.15951237,0.6692746,0.3484693765640259,1.8070149421691895
split_scaffold_heldout,global_train_mean,"T cells, Imatinib",0.23788615,0.49877813,0.4187397360801697,1.508141040802002
split_scaffold_heldout,global_train_mean,"B cells, Tivantinib",0.39185044,0.6721904,0.6162698864936829,1.773288607597351
split_scaffold_heldout,global_train_mean,"Myeloid cells, Tivantinib",0.2810197,0.7946001,0.5171056389808655,2.0003795623779297
split_scaffold_heldout,global_train_mean,"NK cells, Tivantinib",0.21255334,0.67315364,0.42678067088127136,1.8178807497024536
split_scaffold_heldout,global_train_mean,"T cells, Tivantinib",0.33328584,0.7205838,0.5666002631187439,1.810999870300293
split_scaffold_heldout,global_train_mean,"B cells, Colchicine",0.20686798,1.0584311,0.3804369866847992,2.3523430824279785
split_scaffold_heldout,global_train_mean,"Myeloid cells, Colchicine",0.2027183,2.45173,0.2641628086566925,3.26218843460083
split_scaffold_heldout,global_train_mean,"NK cells, Colchicine",0.23826359,0.71310973,0.423684298992157,1.8099942207336426
split_scaffold_heldout,global_train_mean,"T cells, Colchicine",0.22416864,0.9441423,0.4248771667480469,2.292269706726074
split_scaffold_heldout,global_train_mean,"B cells, Lapatinib",-0.068635896,0.6811597,-0.1137654185295105,1.9037503004074097
split_scaffold_heldout,global_train_mean,"Myeloid cells, Lapatinib",-0.13655639,0.69771147,-0.20318976044654846,2.002078056335449
split_scaffold_heldout,global_train_mean,"B cells, Atorvastatin",0.17589837,0.60301894,0.4298321604728699,1.6741905212402344
split_scaffold_heldout,global_train_mean,"Myeloid cells, Atorvastatin",-0.06667404,0.7638279,-0.16726557910442352,2.15124773979187
split_scaffold_heldout,global_train_mean,"B cells, Ixabepilone",0.12956358,0.57992953,0.2648860216140747,1.817326307296753
split_scaffold_heldout,global_train_mean,"Myeloid cells, Ixabepilone",0.14853294,0.659579,0.21205148100852966,1.8680329322814941
split_scaffold_heldout,global_train_mean,"B cells, Phenylbutazone",0.16850731,0.5501235,0.3590600788593292,1.6357802152633667
split_scaffold_heldout,global_train_mean,"Myeloid cells, Phenylbutazone",0.011685586,0.59849614,0.01975754089653492,1.7157096862792969
split_scaffold_heldout,global_train_mean,"B cells, Trametinib",0.24983175,0.7364272,0.5500187277793884,1.882135033607483
split_scaffold_heldout,global_train_mean,"Myeloid cells, Trametinib",0.0978073,1.4338061,0.16117623448371887,2.6155593395233154
split_scaffold_heldout,global_train_mean,"B cells, Desloratadine",0.13969328,0.58130944,0.16662365198135376,1.6730740070343018
split_scaffold_heldout,global_train_mean,"Myeloid cells, Desloratadine",0.09710482,0.63328636,0.17176635563373566,1.7441719770431519
split_scaffold_heldout,global_train_mean,"B cells, IKK Inhibitor VII",0.57021534,0.9430089,0.7640803456306458,2.02821683883667
split_scaffold_heldout,global_train_mean,"Myeloid cells, IKK Inhibitor VII",0.41593254,1.48286,0.5921759605407715,2.6635708808898926
split_scaffold_heldout,global_train_mean,"B cells, Nilotinib",0.58817124,0.829788,0.8156847953796387,1.9364309310913086
split_scaffold_heldout,global_train_mean,"Myeloid cells, Nilotinib",0.34872225,1.1490282,0.5439696907997131,2.339677572250366
split_scaffold_heldout,global_train_mean,"B cells, Ceritinib",0.37755856,0.5655968,0.6350563168525696,1.5985859632492065
split_scaffold_heldout,global_train_mean,"Myeloid cells, Ceritinib",0.38303515,0.9090929,0.6541163325309753,2.1492578983306885
split_scaffold_heldout,global_train_mean,"B cells, CGM-097",-0.15066023,1.122041,-0.23900993168354034,2.446967840194702
split_scaffold_heldout,global_train_mean,"Myeloid cells, CGM-097",-0.09352564,1.2769996,-0.09293550997972488,2.5217368602752686
split_scaffold_heldout,global_train_mean,"B cells, TPCA-1",0.6492932,1.0618134,0.8166100382804871,2.144369602203369
split_scaffold_heldout,global_train_mean,"Myeloid cells, TPCA-1",0.48844263,1.3769349,0.6695497632026672,2.495697259902954
split_scaffold_heldout,global_train_mean,"B cells, Clemastine",0.2637803,0.65080255,0.4224332869052887,1.8216500282287598
split_scaffold_heldout,global_train_mean,"Myeloid cells, Clemastine",0.31999442,0.6402322,0.6593583226203918,1.6989655494689941
split_scaffold_heldout,global_train_mean,"B cells, GSK256066",0.29341418,0.85063785,0.5390843152999878,2.1399080753326416
split_scaffold_heldout,global_train_mean,"Myeloid cells, GSK256066",0.06543589,1.1020011,0.1353432536125183,2.433600425720215
split_scaffold_heldout,global_train_mean,"B cells, Imatinib",0.14152487,0.55964655,0.27852049469947815,1.7281476259231567
split_scaffold_heldout,global_train_mean,"Myeloid cells, Imatinib",0.14987357,0.52829593,0.4480794668197632,1.5878854990005493
split_scaffold_heldout,cell_context_mean,"NK cells, Lapatinib",0.002612409,0.7147337,-0.04201127961277962,1.8823210000991821
split_scaffold_heldout,cell_context_mean,"T cells, Lapatinib",0.025942309,0.66847825,0.08228812366724014,1.87803316116333
split_scaffold_heldout,cell_context_mean,"NK cells, Atorvastatin",0.2723589,0.6204101,0.42981278896331787,1.682478904724121
split_scaffold_heldout,cell_context_mean,"T cells, Atorvastatin",0.26067784,0.55940455,0.4384533166885376,1.5814766883850098
split_scaffold_heldout,cell_context_mean,"B cells, Ganetespib (STA-9090)",0.5332329,1.5633492,0.6682226657867432,2.6021151542663574
split_scaffold_heldout,cell_context_mean,"Myeloid cells, Ganetespib (STA-9090)",0.5239047,1.375862,0.6800583004951477,2.389510154724121
split_scaffold_heldout,cell_context_mean,"NK cells, Ganetespib (STA-9090)",0.442841,1.0664401,0.6743094325065613,2.238976240158081
split_scaffold_heldout,cell_context_mean,"T cells, Ganetespib (STA-9090)",0.5356676,2.052863,0.6145211458206177,2.9110922813415527
split_scaffold_heldout,cell_context_mean,"NK cells, Ixabepilone",0.2301807,0.61923116,0.40829434990882874,1.780663013458252
split_scaffold_heldout,cell_context_mean,"T cells, Ixabepilone",0.22066133,0.5490603,0.29282453656196594,1.602935552597046
split_scaffold_heldout,cell_context_mean,"B cells, O-Demethylated Adapalene",0.45353565,0.6448468,0.708103358745575,1.6528019905090332
split_scaffold_heldout,cell_context_mean,"Myeloid cells, O-Demethylated Adapalene",0.27954465,0.79615563,0.48149463534355164,2.0588526725769043
split_scaffold_heldout,cell_context_mean,"NK cells, O-Demethylated Adapalene",0.1746228,0.63159996,0.32476720213890076,1.7459081411361694
split_scaffold_heldout,cell_context_mean,"T cells, O-Demethylated Adapalene",0.37630278,0.5606831,0.5349326133728027,1.6667331457138062
split_scaffold_heldout,cell_context_mean,"NK cells, Phenylbutazone",0.22200961,0.6450374,0.41497549414634705,1.7668192386627197
split_scaffold_heldout,cell_context_mean,"T cells, Phenylbutazone",0.11507822,0.57682925,-0.14194679260253906,1.9907548427581787
split_scaffold_heldout,cell_context_mean,"B cells, TL_HRAS26",0.3744285,0.5917332,0.6228487491607666,1.6011892557144165
split_scaffold_heldout,cell_context_mean,"Myeloid cells, TL_HRAS26",0.09328104,0.678391,0.25589993596076965,1.888421654701233
split_scaffold_heldout,cell_context_mean,"NK cells, TL_HRAS26",0.18306558,0.605559,0.32810178399086,1.8051550388336182
split_scaffold_heldout,cell_context_mean,"T cells, TL_HRAS26",0.32277387,0.5363836,0.5428222417831421,1.782080888748169
split_scaffold_heldout,cell_context_mean,"NK cells, Trametinib",0.3429398,0.6640522,0.6060715317726135,1.7362419366836548
split_scaffold_heldout,cell_context_mean,"T cells, Trametinib",0.38596022,0.66026115,0.6931654810905457,1.6988413333892822
split_scaffold_heldout,cell_context_mean,"B cells, FK 866",0.3771394,0.7093848,0.6211573481559753,1.7738394737243652
split_scaffold_heldout,cell_context_mean,"Myeloid cells, FK 866",0.3837968,1.0892864,0.5832285284996033,2.180370807647705
split_scaffold_heldout,cell_context_mean,"NK cells, FK 866",0.21921895,0.723872,0.43585875630378723,1.8560981750488281
split_scaffold_heldout,cell_context_mean,"T cells, FK 866",0.24191566,0.9607386,0.43546193838119507,2.120227336883545
split_scaffold_heldout,cell_context_mean,"NK cells, Desloratadine",0.16295506,0.6353425,0.34162667393684387,1.7487157583236694
split_scaffold_heldout,cell_context_mean,"T cells, Desloratadine",0.25108454,0.54066795,0.485845685005188,1.4543675184249878
split_scaffold_heldout,cell_context_mean,"NK cells, IKK Inhibitor VII",0.3405847,0.7114057,0.5883746147155762,1.8166165351867676
split_scaffold_heldout,cell_context_mean,"T cells, IKK Inhibitor VII",0.64360213,0.8036803,0.8423371911048889,1.771343469619751
split_scaffold_heldout,cell_context_mean,"B cells, PD-0325901",0.580148,0.7013278,0.8091009259223938,1.7483084201812744
split_scaffold_heldout,cell_context_mean,"Myeloid cells, PD-0325901",0.55379456,1.2330687,0.730043888092041,2.2825286388397217
split_scaffold_heldout,cell_context_mean,"NK cells, PD-0325901",0.33315742,0.7441273,0.5611051917076111,1.8845479488372803
split_scaffold_heldout,cell_context_mean,"T cells, PD-0325901",0.5731687,0.75860476,0.7620354890823364,1.8141177892684937
split_scaffold_heldout,cell_context_mean,"B cells, BI-D1870",0.23652227,0.6276664,0.4281376600265503,1.6846684217453003
split_scaffold_heldout,cell_context_mean,"Myeloid cells, BI-D1870",0.29752907,0.84145653,0.5437712669372559,1.9233134984970093
split_scaffold_heldout,cell_context_mean,"NK cells, BI-D1870",0.19262393,0.69005877,0.40997254848480225,1.7502250671386719
split_scaffold_heldout,cell_context_mean,"T cells, BI-D1870",0.1400154,0.6209871,0.29187485575675964,1.6371924877166748
split_scaffold_heldout,cell_context_mean,"B cells, Crizotinib",0.65177554,0.7667379,0.8304582238197327,1.80764639377594
split_scaffold_heldout,cell_context_mean,"Myeloid cells, Crizotinib",0.6122849,0.8142561,0.8175234794616699,1.8339347839355469
split_scaffold_heldout,cell_context_mean,"NK cells, Crizotinib",0.3973325,0.66656744,0.6242445707321167,1.6976842880249023
split_scaffold_heldout,cell_context_mean,"T cells, Crizotinib",0.56982523,0.71465933,0.7862074971199036,1.7266199588775635
split_scaffold_heldout,cell_context_mean,"B cells, TR-14035",0.43591425,0.59649795,0.6559141278266907,1.609741449356079
split_scaffold_heldout,cell_context_mean,"Myeloid cells, TR-14035",0.36914188,0.5869528,0.6612776517868042,1.522342562675476
split_scaffold_heldout,cell_context_mean,"NK cells, TR-14035",0.313322,0.5854199,0.5969240069389343,1.7445729970932007
split_scaffold_heldout,cell_context_mean,"T cells, TR-14035",0.44659513,0.52753633,0.7069242596626282,1.3871963024139404
split_scaffold_heldout,cell_context_mean,"NK cells, Nilotinib",0.34189728,0.69752485,0.577091634273529,1.7753556966781616
split_scaffold_heldout,cell_context_mean,"T cells, Nilotinib",0.6257384,0.7142834,0.8317468166351318,1.6370091438293457
split_scaffold_heldout,cell_context_mean,"B cells, AT 7867",0.55782294,0.6773787,0.7803104519844055,1.6470829248428345
split_scaffold_heldout,cell_context_mean,"Myeloid cells, AT 7867",0.20256424,1.309247,0.34532883763313293,2.4607176780700684
split_scaffold_heldout,cell_context_mean,"NK cells, AT 7867",0.41068622,0.68510425,0.675855278968811,1.7784342765808105
split_scaffold_heldout,cell_context_mean,"T cells, AT 7867",0.33052638,0.8342337,0.5942082405090332,1.8998692035675049
split_scaffold_heldout,cell_context_mean,"B cells, Pitavastatin Calcium",-0.12860176,1.1738628,-0.1764666736125946,2.4825072288513184
split_scaffold_heldout,cell_context_mean,"Myeloid cells, Pitavastatin Calcium",-0.016702272,2.3638754,-0.008275818079710007,3.240710735321045
split_scaffold_heldout,cell_context_mean,"NK cells, Pitavastatin Calcium",0.013608686,1.3925112,0.05912939831614494,2.6522722244262695
split_scaffold_heldout,cell_context_mean,"T cells, Pitavastatin Calcium",-0.13268103,1.6534796,-0.1879703402519226,2.896145820617676
split_scaffold_heldout,cell_context_mean,"NK cells, Ceritinib",0.38296592,0.64942473,0.6117194890975952,1.7370097637176514
split_scaffold_heldout,cell_context_mean,"T cells, Ceritinib",0.5210592,0.5291498,0.720730721950531,1.4153743982315063
split_scaffold_heldout,cell_context_mean,"NK cells, CGM-097",0.1104324,0.827209,0.2668796181678772,2.043156623840332
split_scaffold_heldout,cell_context_mean,"T cells, CGM-097",0.014204979,1.3807437,0.007771744392812252,2.670942783355713
split_scaffold_heldout,cell_context_mean,"NK cells, TPCA-1",0.45780018,0.82657534,0.7004829049110413,1.8828998804092407
split_scaffold_heldout,cell_context_mean,"T cells, TPCA-1",0.721549,0.98667836,0.8559831380844116,1.9397034645080566
split_scaffold_heldout,cell_context_mean,"NK cells, Clemastine",0.24320902,0.63386446,0.3924226760864258,1.7313172817230225
split_scaffold_heldout,cell_context_mean,"T cells, Clemastine",0.41708776,0.5082207,0.7918627262115479,1.3144010305404663
split_scaffold_heldout,cell_context_mean,"NK cells, GSK256066",0.37330198,0.84263253,0.6137341260910034,2.0015666484832764
split_scaffold_heldout,cell_context_mean,"T cells, GSK256066",0.37196994,0.71561533,0.6698122024536133,2.0075082778930664
split_scaffold_heldout,cell_context_mean,"NK cells, Imatinib",0.24537845,0.6452129,0.4614258110523224,1.7682507038116455
split_scaffold_heldout,cell_context_mean,"T cells, Imatinib",0.29922506,0.5122881,0.4501480162143707,1.4101189374923706
split_scaffold_heldout,cell_context_mean,"B cells, Tivantinib",0.43076104,0.6579102,0.6443992257118225,1.6835821866989136
split_scaffold_heldout,cell_context_mean,"Myeloid cells, Tivantinib",0.37919876,0.7688019,0.6251301169395447,1.860351800918579
split_scaffold_heldout,cell_context_mean,"NK cells, Tivantinib",0.2719322,0.6563869,0.5253066420555115,1.7891710996627808
split_scaffold_heldout,cell_context_mean,"T cells, Tivantinib",0.4037938,0.7003435,0.6016266345977783,1.7107468843460083
split_scaffold_heldout,cell_context_mean,"B cells, Colchicine",0.24634193,1.0500935,0.41873085498809814,2.2980659008026123
split_scaffold_heldout,cell_context_mean,"Myeloid cells, Colchicine",0.30030304,2.4036698,0.37089696526527405,3.1910388469696045
split_scaffold_heldout,cell_context_mean,"NK cells, Colchicine",0.3385389,0.6884174,0.5639008283615112,1.7725640535354614
split_scaffold_heldout,cell_context_mean,"T cells, Colchicine",0.25028768,0.94300485,0.4633485972881317,2.2438435554504395
split_scaffold_heldout,cell_context_mean,"B cells, Lapatinib",-0.050873302,0.7182225,-0.07685906440019608,1.91659677028656
split_scaffold_heldout,cell_context_mean,"Myeloid cells, Lapatinib",-0.09452822,0.75863785,-0.10088519006967545,2.0353708267211914
split_scaffold_heldout,cell_context_mean,"B cells, Atorvastatin",0.24390222,0.6078878,0.48494380712509155,1.6044244766235352
split_scaffold_heldout,cell_context_mean,"Myeloid cells, Atorvastatin",-0.0384278,0.81608194,-0.10098252445459366,2.199819564819336
split_scaffold_heldout,cell_context_mean,"B cells, Ixabepilone",0.19071636,0.5936118,0.3709181845188141,1.7725759744644165
split_scaffold_heldout,cell_context_mean,"Myeloid cells, Ixabepilone",0.19606946,0.68594456,0.3443273901939392,1.8030178546905518
split_scaffold_heldout,cell_context_mean,"B cells, Phenylbutazone",0.21728319,0.5660777,0.3888781666755676,1.59287691116333
split_scaffold_heldout,cell_context_mean,"Myeloid cells, Phenylbutazone",0.055300504,0.6510049,0.16959582269191742,1.6969325542449951
split_scaffold_heldout,cell_context_mean,"B cells, Trametinib",0.34012917,0.71751857,0.6119773983955383,1.7782455682754517
split_scaffold_heldout,cell_context_mean,"Myeloid cells, Trametinib",0.31063047,1.3674909,0.44994375109672546,2.4708518981933594
split_scaffold_heldout,cell_context_mean,"B cells, Desloratadine",0.19387043,0.5951048,0.30637481808662415,1.614614725112915
split_scaffold_heldout,cell_context_mean,"Myeloid cells, Desloratadine",0.0761217,0.69269323,0.14632855355739594,1.7679787874221802
split_scaffold_heldout,cell_context_mean,"B cells, IKK Inhibitor VII",0.6593953,0.87737054,0.8320040106773376,1.854196548461914
split_scaffold_heldout,cell_context_mean,"Myeloid cells, IKK Inhibitor VII",0.6107043,1.3692195,0.7562417387962341,2.450500249862671
split_scaffold_heldout,cell_context_mean,"B cells, Nilotinib",0.653564,0.774156,0.8459890484809875,1.773430585861206
split_scaffold_heldout,cell_context_mean,"Myeloid cells, Nilotinib",0.47744855,1.0824622,0.6974480152130127,2.163825750350952
split_scaffold_heldout,cell_context_mean,"B cells, Ceritinib",0.42195082,0.55909294,0.6740275621414185,1.4892860651016235
split_scaffold_heldout,cell_context_mean,"Myeloid cells, Ceritinib",0.54126906,0.8327346,0.7900646924972534,1.9022319316864014
split_scaffold_heldout,cell_context_mean,"B cells, CGM-097",-0.1364797,1.1521312,-0.2237403839826584,2.481382369995117
split_scaffold_heldout,cell_context_mean,"Myeloid cells, CGM-097",-0.0031614886,1.2894832,0.040748078376054764,2.5099923610687256
split_scaffold_heldout,cell_context_mean,"B cells, TPCA-1",0.73764247,0.9844559,0.8749634623527527,1.9663903713226318
split_scaffold_heldout,cell_context_mean,"Myeloid cells, TPCA-1",0.66997653,1.2569047,0.8138595819473267,2.2654218673706055
split_scaffold_heldout,cell_context_mean,"B cells, Clemastine",0.36559662,0.63098353,0.5744175910949707,1.7074275016784668
split_scaffold_heldout,cell_context_mean,"Myeloid cells, Clemastine",0.44625768,0.60959375,0.7450666427612305,1.4872264862060547
split_scaffold_heldout,cell_context_mean,"B cells, GSK256066",0.40220368,0.81433433,0.6657161116600037,1.986509919166565
split_scaffold_heldout,cell_context_mean,"Myeloid cells, GSK256066",0.16885316,1.092808,0.28762316703796387,2.3632113933563232
split_scaffold_heldout,cell_context_mean,"B cells, Imatinib",0.17903969,0.58055335,0.4342113733291626,1.6554019451141357
split_scaffold_heldout,cell_context_mean,"Myeloid cells, Imatinib",0.20099635,0.5690577,0.5533424615859985,1.497182011604309
split_scaffold_heldout,drug_mean,"NK cells, Lapatinib",-0.12245922,0.75216496,-0.26893022656440735,1.9435473680496216
split_scaffold_heldout,drug_mean,"T cells, Lapatinib",-0.030573055,0.6392098,0.0015502319438382983,1.881270408630371
split_scaffold_heldout,drug_mean,"NK cells, Atorvastatin",0.122085094,0.6596675,0.19660721719264984,1.742335557937622
split_scaffold_heldout,drug_mean,"T cells, Atorvastatin",0.22217147,0.5419421,0.4258645176887512,1.621488332748413
split_scaffold_heldout,drug_mean,"B cells, Ganetespib (STA-9090)",0.46804315,1.6153905,0.6036586761474609,2.702148675918579
split_scaffold_heldout,drug_mean,"Myeloid cells, Ganetespib (STA-9090)",0.48831755,1.4333414,0.6565620303153992,2.5076706409454346
split_scaffold_heldout,drug_mean,"NK cells, Ganetespib (STA-9090)",0.40687713,1.0682232,0.6097064018249512,2.2381961345672607
split_scaffold_heldout,drug_mean,"T cells, Ganetespib (STA-9090)",0.44702664,2.1182978,0.5348166227340698,3.0071706771850586
split_scaffold_heldout,drug_mean,"NK cells, Ixabepilone",0.12094269,0.64961934,0.19773472845554352,1.8398034572601318
split_scaffold_heldout,drug_mean,"T cells, Ixabepilone",0.09917736,0.5440394,0.07915235310792923,1.7629550695419312
split_scaffold_heldout,drug_mean,"B cells, O-Demethylated Adapalene",0.3922433,0.66655517,0.6379674077033997,1.7908544540405273
split_scaffold_heldout,drug_mean,"Myeloid cells, O-Demethylated Adapalene",0.18770714,0.80420226,0.3599278926849365,2.180842876434326
split_scaffold_heldout,drug_mean,"NK cells, O-Demethylated Adapalene",0.07336394,0.6611283,0.05744557082653046,1.8142366409301758
split_scaffold_heldout,drug_mean,"T cells, O-Demethylated Adapalene",0.33456108,0.55915666,0.5400243997573853,1.6999319791793823
split_scaffold_heldout,drug_mean,"NK cells, Phenylbutazone",0.14518863,0.66751003,0.23765064775943756,1.8159663677215576
split_scaffold_heldout,drug_mean,"T cells, Phenylbutazone",0.045215935,0.5508998,-0.16969256103038788,1.865412712097168
split_scaffold_heldout,drug_mean,"B cells, TL_HRAS26",0.33613148,0.5935408,0.5887002348899841,1.6866106986999512
split_scaffold_heldout,drug_mean,"Myeloid cells, TL_HRAS26",0.041310392,0.6371694,0.12387727946043015,1.9361636638641357
split_scaffold_heldout,drug_mean,"NK cells, TL_HRAS26",0.076273695,0.63654435,0.0878213569521904,1.8616312742233276
split_scaffold_heldout,drug_mean,"T cells, TL_HRAS26",0.25995603,0.52980864,0.458176851272583,1.8611047267913818
split_scaffold_heldout,drug_mean,"NK cells, Trametinib",0.21693069,0.69536215,0.454029381275177,1.7869919538497925
split_scaffold_heldout,drug_mean,"T cells, Trametinib",0.3543741,0.66614527,0.6590568423271179,1.8154840469360352
split_scaffold_heldout,drug_mean,"B cells, FK 866",0.32151684,0.72250825,0.5767285227775574,1.8734434843063354
split_scaffold_heldout,drug_mean,"Myeloid cells, FK 866",0.2376973,1.1437141,0.3832586407661438,2.3266422748565674
split_scaffold_heldout,drug_mean,"NK cells, FK 866",0.11020198,0.7530512,0.29545262455940247,1.8995633125305176
split_scaffold_heldout,drug_mean,"T cells, FK 866",0.19313358,0.96758884,0.3840671479701996,2.178053140640259
split_scaffold_heldout,drug_mean,"NK cells, Desloratadine",0.053769764,0.66690636,0.02223273552954197,1.8210070133209229
split_scaffold_heldout,drug_mean,"T cells, Desloratadine",0.1527644,0.53363883,0.39541739225387573,1.5516366958618164
split_scaffold_heldout,drug_mean,"NK cells, IKK Inhibitor VII",0.30970868,0.7182005,0.5075427889823914,1.8277759552001953
split_scaffold_heldout,drug_mean,"T cells, IKK Inhibitor VII",0.56692046,0.86570805,0.8009679317474365,1.9575684070587158
split_scaffold_heldout,drug_mean,"B cells, PD-0325901",0.47211087,0.7561564,0.7237541079521179,1.9341089725494385
split_scaffold_heldout,drug_mean,"Myeloid cells, PD-0325901",0.32863024,1.3420496,0.49287930130958557,2.505455255508423
split_scaffold_heldout,drug_mean,"NK cells, PD-0325901",0.2700834,0.7589338,0.4695046842098236,1.90616774559021
split_scaffold_heldout,drug_mean,"T cells, PD-0325901",0.53556395,0.7978306,0.751122236251831,1.928836703300476
split_scaffold_heldout,drug_mean,"B cells, BI-D1870",0.21520372,0.61188704,0.4071291983127594,1.7227818965911865
split_scaffold_heldout,drug_mean,"Myeloid cells, BI-D1870",0.19115564,0.8598021,0.40873250365257263,2.0592172145843506
split_scaffold_heldout,drug_mean,"NK cells, BI-D1870",0.03144034,0.73233217,0.16943204402923584,1.8140757083892822
split_scaffold_heldout,drug_mean,"T cells, BI-D1870",0.037094504,0.6101085,0.09987053275108337,1.6940027475357056
split_scaffold_heldout,drug_mean,"B cells, Crizotinib",0.53053606,0.8374375,0.7514941096305847,2.011396884918213
split_scaffold_heldout,drug_mean,"Myeloid cells, Crizotinib",0.48712057,0.89655554,0.7012795805931091,2.0807957649230957
split_scaffold_heldout,drug_mean,"NK cells, Crizotinib",0.32038608,0.68408537,0.5356009006500244,1.7299790382385254
split_scaffold_heldout,drug_mean,"T cells, Crizotinib",0.56825,0.7417237,0.7652255892753601,1.8529144525527954
split_scaffold_heldout,drug_mean,"B cells, TR-14035",0.38084263,0.61169624,0.589169442653656,1.7271990776062012
split_scaffold_heldout,drug_mean,"Myeloid cells, TR-14035",0.26747683,0.59261554,0.5130735039710999,1.7090390920639038
split_scaffold_heldout,drug_mean,"NK cells, TR-14035",0.23200493,0.607652,0.4015893340110779,1.8011091947555542
split_scaffold_heldout,drug_mean,"T cells, TR-14035",0.3960019,0.5349219,0.6653411984443665,1.519721269607544
split_scaffold_heldout,drug_mean,"NK cells, Nilotinib",0.30467007,0.7061058,0.5361313819885254,1.7856756448745728
split_scaffold_heldout,drug_mean,"T cells, Nilotinib",0.6152125,0.7520927,0.8358017802238464,1.777626395225525
split_scaffold_heldout,drug_mean,"B cells, AT 7867",0.43758234,0.7311068,0.6765890121459961,1.8297479152679443
split_scaffold_heldout,drug_mean,"Myeloid cells, AT 7867",0.16008645,1.3151776,0.3078943192958832,2.5069165229797363
split_scaffold_heldout,drug_mean,"NK cells, AT 7867",0.31872997,0.70583004,0.5566396713256836,1.8161675930023193
split_scaffold_heldout,drug_mean,"T cells, AT 7867",0.28560635,0.8454054,0.49750369787216187,1.992702841758728
split_scaffold_heldout,drug_mean,"B cells, Pitavastatin Calcium",-0.17835431,1.1525303,-0.2588250935077667,2.468416929244995
split_scaffold_heldout,drug_mean,"Myeloid cells, Pitavastatin Calcium",-0.06697769,2.3553615,-0.06911210715770721,3.2369086742401123
split_scaffold_heldout,drug_mean,"NK cells, Pitavastatin Calcium",-0.15599316,1.4371358,-0.20862777531147003,2.723435401916504
split_scaffold_heldout,drug_mean,"T cells, Pitavastatin Calcium",-0.24541,1.6492964,-0.33963847160339355,2.898312568664551
split_scaffold_heldout,drug_mean,"NK cells, Ceritinib",0.2970471,0.66991425,0.4954339563846588,1.773636817932129
split_scaffold_heldout,drug_mean,"T cells, Ceritinib",0.4943831,0.5423298,0.7387069463729858,1.5233712196350098
split_scaffold_heldout,drug_mean,"NK cells, CGM-097",0.009887815,0.85595304,0.08747866004705429,2.0857393741607666
split_scaffold_heldout,drug_mean,"T cells, CGM-097",-0.07375205,1.382108,-0.11103478074073792,2.686044216156006
split_scaffold_heldout,drug_mean,"NK cells, TPCA-1",0.42031655,0.82999945,0.6499612927436829,1.8821851015090942
split_scaffold_heldout,drug_mean,"T cells, TPCA-1",0.6747359,1.0561004,0.8314694762229919,2.0972485542297363
split_scaffold_heldout,drug_mean,"NK cells, Clemastine",0.18359256,0.6517929,0.25543808937072754,1.7675451040267944
split_scaffold_heldout,drug_mean,"T cells, Clemastine",0.37064376,0.50806016,0.7388580441474915,1.4500391483306885
split_scaffold_heldout,drug_mean,"NK cells, GSK256066",0.29448217,0.85925484,0.5003435611724854,2.028684377670288
split_scaffold_heldout,drug_mean,"T cells, GSK256066",0.3342789,0.7241,0.6010688543319702,2.095641613006592
split_scaffold_heldout,drug_mean,"NK cells, Imatinib",0.15951237,0.6692746,0.3484693765640259,1.8070149421691895
split_scaffold_heldout,drug_mean,"T cells, Imatinib",0.23788615,0.49877813,0.4187397360801697,1.508141040802002
split_scaffold_heldout,drug_mean,"B cells, Tivantinib",0.39185044,0.6721904,0.6162698864936829,1.773288607597351
split_scaffold_heldout,drug_mean,"Myeloid cells, Tivantinib",0.2810197,0.7946001,0.5171056389808655,2.0003795623779297
split_scaffold_heldout,drug_mean,"NK cells, Tivantinib",0.21255334,0.67315364,0.42678067088127136,1.8178807497024536
split_scaffold_heldout,drug_mean,"T cells, Tivantinib",0.33328584,0.7205838,0.5666002631187439,1.810999870300293
split_scaffold_heldout,drug_mean,"B cells, Colchicine",0.20686798,1.0584311,0.3804369866847992,2.3523430824279785
split_scaffold_heldout,drug_mean,"Myeloid cells, Colchicine",0.2027183,2.45173,0.2641628086566925,3.26218843460083
split_scaffold_heldout,drug_mean,"NK cells, Colchicine",0.23826359,0.71310973,0.423684298992157,1.8099942207336426
split_scaffold_heldout,drug_mean,"T cells, Colchicine",0.22416864,0.9441423,0.4248771667480469,2.292269706726074
split_scaffold_heldout,drug_mean,"B cells, Lapatinib",-0.068635896,0.6811597,-0.1137654185295105,1.9037503004074097
split_scaffold_heldout,drug_mean,"Myeloid cells, Lapatinib",-0.13655639,0.69771147,-0.20318976044654846,2.002078056335449
split_scaffold_heldout,drug_mean,"B cells, Atorvastatin",0.17589837,0.60301894,0.4298321604728699,1.6741905212402344
split_scaffold_heldout,drug_mean,"Myeloid cells, Atorvastatin",-0.06667404,0.7638279,-0.16726557910442352,2.15124773979187
split_scaffold_heldout,drug_mean,"B cells, Ixabepilone",0.12956358,0.57992953,0.2648860216140747,1.817326307296753
split_scaffold_heldout,drug_mean,"Myeloid cells, Ixabepilone",0.14853294,0.659579,0.21205148100852966,1.8680329322814941
split_scaffold_heldout,drug_mean,"B cells, Phenylbutazone",0.16850731,0.5501235,0.3590600788593292,1.6357802152633667
split_scaffold_heldout,drug_mean,"Myeloid cells, Phenylbutazone",0.011685586,0.59849614,0.01975754089653492,1.7157096862792969
split_scaffold_heldout,drug_mean,"B cells, Trametinib",0.24983175,0.7364272,0.5500187277793884,1.882135033607483
split_scaffold_heldout,drug_mean,"Myeloid cells, Trametinib",0.0978073,1.4338061,0.16117623448371887,2.6155593395233154
split_scaffold_heldout,drug_mean,"B cells, Desloratadine",0.13969328,0.58130944,0.16662365198135376,1.6730740070343018
split_scaffold_heldout,drug_mean,"Myeloid cells, Desloratadine",0.09710482,0.63328636,0.17176635563373566,1.7441719770431519
split_scaffold_heldout,drug_mean,"B cells, IKK Inhibitor VII",0.57021534,0.9430089,0.7640803456306458,2.02821683883667
split_scaffold_heldout,drug_mean,"Myeloid cells, IKK Inhibitor VII",0.41593254,1.48286,0.5921759605407715,2.6635708808898926
split_scaffold_heldout,drug_mean,"B cells, Nilotinib",0.58817124,0.829788,0.8156847953796387,1.9364309310913086
split_scaffold_heldout,drug_mean,"Myeloid cells, Nilotinib",0.34872225,1.1490282,0.5439696907997131,2.339677572250366
split_scaffold_heldout,drug_mean,"B cells, Ceritinib",0.37755856,0.5655968,0.6350563168525696,1.5985859632492065
split_scaffold_heldout,drug_mean,"Myeloid cells, Ceritinib",0.38303515,0.9090929,0.6541163325309753,2.1492578983306885
split_scaffold_heldout,drug_mean,"B cells, CGM-097",-0.15066023,1.122041,-0.23900993168354034,2.446967840194702
split_scaffold_heldout,drug_mean,"Myeloid cells, CGM-097",-0.09352564,1.2769996,-0.09293550997972488,2.5217368602752686
split_scaffold_heldout,drug_mean,"B cells, TPCA-1",0.6492932,1.0618134,0.8166100382804871,2.144369602203369
split_scaffold_heldout,drug_mean,"Myeloid cells, TPCA-1",0.48844263,1.3769349,0.6695497632026672,2.495697259902954
split_scaffold_heldout,drug_mean,"B cells, Clemastine",0.2637803,0.65080255,0.4224332869052887,1.8216500282287598
split_scaffold_heldout,drug_mean,"Myeloid cells, Clemastine",0.31999442,0.6402322,0.6593583226203918,1.6989655494689941
split_scaffold_heldout,drug_mean,"B cells, GSK256066",0.29341418,0.85063785,0.5390843152999878,2.1399080753326416
split_scaffold_heldout,drug_mean,"Myeloid cells, GSK256066",0.06543589,1.1020011,0.1353432536125183,2.433600425720215
split_scaffold_heldout,drug_mean,"B cells, Imatinib",0.14152487,0.55964655,0.27852049469947815,1.7281476259231567
split_scaffold_heldout,drug_mean,"Myeloid cells, Imatinib",0.14987357,0.52829593,0.4480794668197632,1.5878854990005493
split_cell_scaffold_heldout,global_train_mean,"T cells, Lapatinib",-0.054467585,0.642694,-0.04530835896730423,1.8897453546524048
split_cell_scaffold_heldout,global_train_mean,"T cells, Atorvastatin",0.17646173,0.551951,0.3797154426574707,1.642926573753357
split_cell_scaffold_heldout,global_train_mean,"T cells, Ganetespib (STA-9090)",0.34960383,2.1442008,0.4356551766395569,3.0429861545562744
split_cell_scaffold_heldout,global_train_mean,"T cells, Ixabepilone",0.0278441,0.55821717,-0.10066795349121094,1.8283885717391968
split_cell_scaffold_heldout,global_train_mean,"T cells, O-Demethylated Adapalene",0.27366024,0.57408196,0.5114054679870605,1.721016526222229
split_cell_scaffold_heldout,global_train_mean,"T cells, Phenylbutazone",0.0056253,0.5577023,-0.1782456934452057,1.8327685594558716
split_cell_scaffold_heldout,global_train_mean,"T cells, TL_HRAS26",0.19779867,0.54388094,0.3777253031730652,1.8953871726989746
split_cell_scaffold_heldout,global_train_mean,"T cells, Trametinib",0.29603285,0.6811036,0.5933723449707031,1.8634727001190186
split_cell_scaffold_heldout,global_train_mean,"T cells, FK 866",0.14592275,0.97888756,0.3210577964782715,2.2030413150787354
split_cell_scaffold_heldout,global_train_mean,"T cells, Desloratadine",0.08625251,0.5474446,0.2756246030330658,1.5969653129577637
split_cell_scaffold_heldout,global_train_mean,"T cells, IKK Inhibitor VII",0.46081746,0.8956544,0.716817319393158,2.026629686355591
split_cell_scaffold_heldout,global_train_mean,"T cells, PD-0325901",0.45234022,0.8214702,0.6969828605651855,1.9743791818618774
split_cell_scaffold_heldout,global_train_mean,"T cells, BI-D1870",-0.017655484,0.6206198,-0.02276737056672573,1.7228920459747314
split_cell_scaffold_heldout,global_train_mean,"T cells, Crizotinib",0.49866137,0.76227826,0.7140420079231262,1.901602864265442
split_cell_scaffold_heldout,global_train_mean,"T cells, TR-14035",0.3233378,0.5534514,0.5922129154205322,1.5740936994552612
split_cell_scaffold_heldout,global_train_mean,"T cells, Nilotinib",0.5355657,0.77589524,0.7890332341194153,1.8321505784988403
split_cell_scaffold_heldout,global_train_mean,"T cells, AT 7867",0.22908224,0.85941494,0.398896723985672,2.0301430225372314
split_cell_scaffold_heldout,global_train_mean,"T cells, Pitavastatin Calcium",-0.27073595,1.65317,-0.3747226297855377,2.902852773666382
split_cell_scaffold_heldout,global_train_mean,"T cells, Ceritinib",0.4214833,0.5625167,0.7000296115875244,1.569200873374939
split_cell_scaffold_heldout,global_train_mean,"T cells, CGM-097",-0.107770644,1.388885,-0.1593317687511444,2.6958932876586914
split_cell_scaffold_heldout,global_train_mean,"T cells, TPCA-1",0.57016087,1.0867939,0.7603566646575928,2.155634641647339
split_cell_scaffold_heldout,global_train_mean,"T cells, Clemastine",0.30307686,0.52494323,0.6632696390151978,1.5015827417373657
split_cell_scaffold_heldout,global_train_mean,"T cells, GSK256066",0.27539018,0.73890126,0.49240681529045105,2.1326589584350586
split_cell_scaffold_heldout,global_train_mean,"T cells, Imatinib",0.17912379,0.5114933,0.3399978578090668,1.5557942390441895
split_cell_scaffold_heldout,global_train_mean,"T cells, Tivantinib",0.2584925,0.739275,0.47585582733154297,1.8523013591766357
split_cell_scaffold_heldout,global_train_mean,"T cells, Colchicine",0.18426591,0.9537459,0.3670002818107605,2.314444065093994
split_cell_scaffold_heldout,cell_context_mean,"T cells, Lapatinib",-0.054467585,0.642694,-0.04530835896730423,1.8897453546524048
split_cell_scaffold_heldout,cell_context_mean,"T cells, Atorvastatin",0.17646173,0.551951,0.3797154426574707,1.642926573753357
split_cell_scaffold_heldout,cell_context_mean,"T cells, Ganetespib (STA-9090)",0.34960383,2.1442008,0.4356551766395569,3.0429861545562744
split_cell_scaffold_heldout,cell_context_mean,"T cells, Ixabepilone",0.0278441,0.55821717,-0.10066795349121094,1.8283885717391968
split_cell_scaffold_heldout,cell_context_mean,"T cells, O-Demethylated Adapalene",0.27366024,0.57408196,0.5114054679870605,1.721016526222229
split_cell_scaffold_heldout,cell_context_mean,"T cells, Phenylbutazone",0.0056253,0.5577023,-0.1782456934452057,1.8327685594558716
split_cell_scaffold_heldout,cell_context_mean,"T cells, TL_HRAS26",0.19779867,0.54388094,0.3777253031730652,1.8953871726989746
split_cell_scaffold_heldout,cell_context_mean,"T cells, Trametinib",0.29603285,0.6811036,0.5933723449707031,1.8634727001190186
split_cell_scaffold_heldout,cell_context_mean,"T cells, FK 866",0.14592275,0.97888756,0.3210577964782715,2.2030413150787354
split_cell_scaffold_heldout,cell_context_mean,"T cells, Desloratadine",0.08625251,0.5474446,0.2756246030330658,1.5969653129577637
split_cell_scaffold_heldout,cell_context_mean,"T cells, IKK Inhibitor VII",0.46081746,0.8956544,0.716817319393158,2.026629686355591
split_cell_scaffold_heldout,cell_context_mean,"T cells, PD-0325901",0.45234022,0.8214702,0.6969828605651855,1.9743791818618774
split_cell_scaffold_heldout,cell_context_mean,"T cells, BI-D1870",-0.017655484,0.6206198,-0.02276737056672573,1.7228920459747314
split_cell_scaffold_heldout,cell_context_mean,"T cells, Crizotinib",0.49866137,0.76227826,0.7140420079231262,1.901602864265442
split_cell_scaffold_heldout,cell_context_mean,"T cells, TR-14035",0.3233378,0.5534514,0.5922129154205322,1.5740936994552612
split_cell_scaffold_heldout,cell_context_mean,"T cells, Nilotinib",0.5355657,0.77589524,0.7890332341194153,1.8321505784988403
split_cell_scaffold_heldout,cell_context_mean,"T cells, AT 7867",0.22908224,0.85941494,0.398896723985672,2.0301430225372314
split_cell_scaffold_heldout,cell_context_mean,"T cells, Pitavastatin Calcium",-0.27073595,1.65317,-0.3747226297855377,2.902852773666382
split_cell_scaffold_heldout,cell_context_mean,"T cells, Ceritinib",0.4214833,0.5625167,0.7000296115875244,1.569200873374939
split_cell_scaffold_heldout,cell_context_mean,"T cells, CGM-097",-0.107770644,1.388885,-0.1593317687511444,2.6958932876586914
split_cell_scaffold_heldout,cell_context_mean,"T cells, TPCA-1",0.57016087,1.0867939,0.7603566646575928,2.155634641647339
split_cell_scaffold_heldout,cell_context_mean,"T cells, Clemastine",0.30307686,0.52494323,0.6632696390151978,1.5015827417373657
split_cell_scaffold_heldout,cell_context_mean,"T cells, GSK256066",0.27539018,0.73890126,0.49240681529045105,2.1326589584350586
split_cell_scaffold_heldout,cell_context_mean,"T cells, Imatinib",0.17912379,0.5114933,0.3399978578090668,1.5557942390441895
split_cell_scaffold_heldout,cell_context_mean,"T cells, Tivantinib",0.2584925,0.739275,0.47585582733154297,1.8523013591766357
split_cell_scaffold_heldout,cell_context_mean,"T cells, Colchicine",0.18426591,0.9537459,0.3670002818107605,2.314444065093994
split_cell_scaffold_heldout,drug_mean,"T cells, Lapatinib",-0.054467585,0.642694,-0.04530835896730423,1.8897453546524048
split_cell_scaffold_heldout,drug_mean,"T cells, Atorvastatin",0.17646173,0.551951,0.3797154426574707,1.642926573753357
split_cell_scaffold_heldout,drug_mean,"T cells, Ganetespib (STA-9090)",0.34960383,2.1442008,0.4356551766395569,3.0429861545562744
split_cell_scaffold_heldout,drug_mean,"T cells, Ixabepilone",0.0278441,0.55821717,-0.10066795349121094,1.8283885717391968
split_cell_scaffold_heldout,drug_mean,"T cells, O-Demethylated Adapalene",0.27366024,0.57408196,0.5114054679870605,1.721016526222229
split_cell_scaffold_heldout,drug_mean,"T cells, Phenylbutazone",0.0056253,0.5577023,-0.1782456934452057,1.8327685594558716
split_cell_scaffold_heldout,drug_mean,"T cells, TL_HRAS26",0.19779867,0.54388094,0.3777253031730652,1.8953871726989746
split_cell_scaffold_heldout,drug_mean,"T cells, Trametinib",0.29603285,0.6811036,0.5933723449707031,1.8634727001190186
split_cell_scaffold_heldout,drug_mean,"T cells, FK 866",0.14592275,0.97888756,0.3210577964782715,2.2030413150787354
split_cell_scaffold_heldout,drug_mean,"T cells, Desloratadine",0.08625251,0.5474446,0.2756246030330658,1.5969653129577637
split_cell_scaffold_heldout,drug_mean,"T cells, IKK Inhibitor VII",0.46081746,0.8956544,0.716817319393158,2.026629686355591
split_cell_scaffold_heldout,drug_mean,"T cells, PD-0325901",0.45234022,0.8214702,0.6969828605651855,1.9743791818618774
split_cell_scaffold_heldout,drug_mean,"T cells, BI-D1870",-0.017655484,0.6206198,-0.02276737056672573,1.7228920459747314
split_cell_scaffold_heldout,drug_mean,"T cells, Crizotinib",0.49866137,0.76227826,0.7140420079231262,1.901602864265442
split_cell_scaffold_heldout,drug_mean,"T cells, TR-14035",0.3233378,0.5534514,0.5922129154205322,1.5740936994552612
split_cell_scaffold_heldout,drug_mean,"T cells, Nilotinib",0.5355657,0.77589524,0.7890332341194153,1.8321505784988403
split_cell_scaffold_heldout,drug_mean,"T cells, AT 7867",0.22908224,0.85941494,0.398896723985672,2.0301430225372314
split_cell_scaffold_heldout,drug_mean,"T cells, Pitavastatin Calcium",-0.27073595,1.65317,-0.3747226297855377,2.902852773666382
split_cell_scaffold_heldout,drug_mean,"T cells, Ceritinib",0.4214833,0.5625167,0.7000296115875244,1.569200873374939
split_cell_scaffold_heldout,drug_mean,"T cells, CGM-097",-0.107770644,1.388885,-0.1593317687511444,2.6958932876586914
split_cell_scaffold_heldout,drug_mean,"T cells, TPCA-1",0.57016087,1.0867939,0.7603566646575928,2.155634641647339
split_cell_scaffold_heldout,drug_mean,"T cells, Clemastine",0.30307686,0.52494323,0.6632696390151978,1.5015827417373657
split_cell_scaffold_heldout,drug_mean,"T cells, GSK256066",0.27539018,0.73890126,0.49240681529045105,2.1326589584350586
split_cell_scaffold_heldout,drug_mean,"T cells, Imatinib",0.17912379,0.5114933,0.3399978578090668,1.5557942390441895
split_cell_scaffold_heldout,drug_mean,"T cells, Tivantinib",0.2584925,0.739275,0.47585582733154297,1.8523013591766357
split_cell_scaffold_heldout,drug_mean,"T cells, Colchicine",0.18426591,0.9537459,0.3670002818107605,2.314444065093994
