split,baseline,sample_id,rowwise_pearson,rmse,de_rowwise_pearson,de_rmse
split_random,global_train_mean,"B cells, MK-5108",0.22511563,0.57096726,0.4398667812347412,1.6569368839263916
split_random,global_train_mean,"T cells, Lapatinib",-0.029532183,0.63967717,0.006791912484914064,1.8802379369735718
split_random,global_train_mean,"NK cells, Ganetespib (STA-9090)",0.40987882,1.0670938,0.6138806939125061,2.2352380752563477
split_random,global_train_mean,"NK cells, Clomipramine",0.13232142,0.6325807,0.25570282340049744,1.752636194229126
split_random,global_train_mean,"Myeloid cells, Sunitinib",0.07592092,0.6809646,0.22398248314857483,1.8070517778396606
split_random,global_train_mean,"NK cells, Tivozanib",0.10316652,0.668169,0.2216077297925949,1.7987009286880493
split_random,global_train_mean,"NK cells, Ixabepilone",0.12176294,0.6497716,0.19820992648601532,1.840066909790039
split_random,global_train_mean,"T cells, Ixabepilone",0.091708414,0.54629797,0.0756770670413971,1.7672582864761353
split_random,global_train_mean,"Myeloid cells, Linagliptin",-0.039957628,0.7237604,-0.08541587740182877,1.9657753705978394
split_random,global_train_mean,"T cells, 5-(9-Isopropyl-8-methyl-2-morpholino-9H-purin-6-yl)pyrimidin-2-amine",0.65117484,1.3259474,0.8018438816070557,2.376948356628418
split_random,global_train_mean,"NK cells, I-BET151",0.22256713,1.0025171,0.36268380284309387,2.246619939804077
split_random,global_train_mean,"B cells, Foretinib",0.5968295,1.0219928,0.7855488657951355,2.147209644317627
split_random,global_train_mean,"T cells, K-02288",0.25778553,0.5306783,0.48972901701927185,1.6243377923965454
split_random,global_train_mean,"T cells, Porcn Inhibitor III",-0.24069783,0.7223531,-0.38874316215515137,1.8715983629226685
split_random,global_train_mean,"Myeloid cells, Dovitinib",0.024081795,0.95889693,0.14152732491493225,2.261392593383789
split_random,global_train_mean,"T cells, AVL-292",0.55998296,0.7033261,0.801670491695404,1.7797455787658691
split_random,global_train_mean,"B cells, Navitoclax",-0.3056542,0.9650475,-0.5472886562347412,2.324044942855835
split_random,global_train_mean,"T cells, Palbociclib",0.31803957,0.51236045,0.6624971628189087,1.557106375694275
split_random,global_train_mean,"NK cells, Trametinib",0.21402673,0.6963053,0.4503149092197418,1.788116216659546
split_random,global_train_mean,"Myeloid cells, AMD-070 (hydrochloride)",0.13828227,0.7457189,0.30043739080429077,2.0063905715942383
split_random,global_train_mean,"NK cells, Sgc-cbp30",0.24452442,0.6705898,0.45652127265930176,1.7634576559066772
split_random,global_train_mean,"NK cells, Vardenafil",0.13199517,0.659608,0.23657354712486267,1.8243838548660278
split_random,global_train_mean,"NK cells, Dasatinib",0.23991084,0.7486819,0.40855351090431213,1.8539036512374878
split_random,global_train_mean,"NK cells, AT13387",0.3984598,1.0418472,0.5784065127372742,2.2129693031311035
split_random,global_train_mean,"NK cells, Perhexiline",0.3623836,0.7536277,0.5686684846878052,1.800057291984558
split_random,global_train_mean,"T cells, Perhexiline",0.6062449,0.90263927,0.8149421811103821,2.0344254970550537
split_random,global_train_mean,"NK cells, Ketoconazole",-0.10720859,0.94784886,-0.23056496679782867,2.2808749675750732
split_random,global_train_mean,"NK cells, Disulfiram",0.08648877,0.6486289,0.07459809631109238,1.848848581314087
split_random,global_train_mean,"T cells, Flutamide",0.034031153,0.56182253,0.38025450706481934,1.664691686630249
split_random,global_train_mean,"Myeloid cells, Dactolisib",0.5398915,2.04662,0.6533844470977783,2.98936128616333
split_random,global_train_mean,"NK cells, BMS-536924",0.30892977,0.7156043,0.5225634574890137,1.7864689826965332
split_random,global_train_mean,"NK cells, IKK Inhibitor VII",0.29792413,0.72124153,0.4972050189971924,1.8318625688552856
split_random,global_train_mean,"B cells, Isoniazid",0.23880857,0.5794598,0.43216827511787415,1.677324652671814
split_random,global_train_mean,"T cells, Canertinib",0.22706181,0.77292365,0.407683789730072,2.0192103385925293
split_random,global_train_mean,"NK cells, Alogliptin",-0.0354395,0.66194266,-0.14208798110485077,1.8828691244125366
split_random,global_train_mean,"T cells, Alogliptin",-0.026101334,0.5913497,-0.10029834508895874,1.7387058734893799
split_random,global_train_mean,"NK cells, RN-486",-0.055086832,0.7199496,-0.12943530082702637,1.9263731241226196
split_random,global_train_mean,"B cells, PD-0325901",0.46699226,0.7572025,0.7205054759979248,1.934863567352295
split_random,global_train_mean,"NK cells, PD-0325901",0.26023313,0.7614825,0.4549407660961151,1.9103329181671143
split_random,global_train_mean,"T cells, Decitabine",0.2227955,0.4971486,0.3509068787097931,1.626991868019104
split_random,global_train_mean,"NK cells, LDN 193189",-0.030045992,0.71024597,-0.1489517092704773,1.9082173109054565
split_random,global_train_mean,"B cells, Riociguat",0.11613779,0.5839775,0.24569575488567352,1.771002173423767
split_random,global_train_mean,"NK cells, Riociguat",0.1142519,0.6675115,0.2780708074569702,1.810076355934143
split_random,global_train_mean,"T cells, CHIR-99021",-0.19271508,1.5081004,-0.2828501760959625,2.8313684463500977
split_random,global_train_mean,"NK cells, Defactinib",0.1350896,0.6702364,0.3683910369873047,1.8183609247207642
split_random,global_train_mean,"T cells, Defactinib",0.19645034,0.7537889,0.3986626863479614,2.0334413051605225
split_random,global_train_mean,"B cells, BI-D1870",0.2217637,0.610592,0.41589781641960144,1.719614863395691
split_random,global_train_mean,"NK cells, HMN-214",0.03246903,0.7144748,0.08331158757209778,1.824046015739441
split_random,global_train_mean,"NK cells, CC-401",0.26571706,0.6810915,0.4749649465084076,1.7880022525787354
split_random,global_train_mean,"NK cells, Resminostat",0.31134427,1.2961413,0.4723617732524872,2.4602038860321045
split_random,global_train_mean,"Myeloid cells, Crizotinib",0.4825061,0.8974541,0.6963339447975159,2.081317663192749
split_random,global_train_mean,"NK cells, Crizotinib",0.31849304,0.68462056,0.5372646450996399,1.7289183139801025
split_random,global_train_mean,"T cells, Nilotinib",0.6030855,0.7550011,0.8306968808174133,1.782349944114685
split_random,global_train_mean,"NK cells, AT 7867",0.32309315,0.70474905,0.5657958984375,1.8107678890228271
split_random,global_train_mean,"B cells, GO-6976",0.11034819,0.71111727,0.2694735825061798,1.8970197439193726
split_random,global_train_mean,"B cells, Pitavastatin Calcium",-0.15045834,1.146674,-0.21232806146144867,2.4553985595703125
split_random,global_train_mean,"NK cells, ABT737",0.10018995,0.73968494,0.21149998903274536,1.8967647552490234
split_random,global_train_mean,"NK cells, PRT-062607",0.34596634,0.7165912,0.584980309009552,1.7788296937942505
split_random,global_train_mean,"NK cells, AZD-8330",0.35745507,0.71483123,0.5655894875526428,1.7750674486160278
split_random,global_train_mean,"Myeloid cells, Masitinib",0.34901965,0.7015983,0.6649734973907471,1.8556709289550781
split_random,global_train_mean,"NK cells, Masitinib",0.22167903,0.6616245,0.304026335477829,1.8086715936660767
split_random,global_train_mean,"T cells, Ceritinib",0.48370498,0.5451746,0.7336763739585876,1.5259836912155151
split_random,global_train_mean,"T cells, STK219801",0.16360256,0.563912,0.33980220556259155,1.827531337738037
split_random,global_train_mean,"NK cells, TPCA-1",0.41652635,0.8307797,0.6483173966407776,1.8828606605529785
split_random,global_train_mean,"Myeloid cells, Ricolinostat",0.08900541,1.1724318,0.18518288433551788,2.4165523052215576
split_random,global_train_mean,"T cells, Clemastine",0.35947704,0.5112037,0.7360457181930542,1.4521167278289795
split_random,global_train_mean,"Myeloid cells, CEP-37440",0.1406735,0.93600714,0.31270289421081543,2.184814453125
split_random,global_train_mean,"NK cells, CEP-37440",0.25033987,0.6691152,0.4100395143032074,1.810807228088379
split_random,global_train_mean,"T cells, CEP-37440",0.40038696,0.6254154,0.7034329771995544,1.798444390296936
split_random,global_train_mean,"NK cells, GSK256066",0.2998736,0.85781187,0.5133813619613647,2.0234286785125732
split_random,global_train_mean,"B cells, Oxybenzone",0.19623706,0.55182564,0.2706131935119629,1.6880403757095337
split_random,global_train_mean,"T cells, Imatinib",0.2295469,0.5012131,0.41205647587776184,1.5130324363708496
split_random,global_train_mean,"T cells, Colforsin",0.27588972,0.53487796,0.46965429186820984,1.5168730020523071
split_random,global_train_mean,"B cells, Tivantinib",0.3880818,0.67305213,0.6147879362106323,1.7730907201766968
split_random,global_train_mean,"T cells, Tosedostat",0.36246097,0.73619634,0.6058031320571899,1.8812261819839478
split_random,global_train_mean,"T cells, BX 912",0.62442845,0.72109133,0.8492029309272766,1.7655541896820068
split_random,global_train_mean,"T cells, Prednisolone",0.52032506,1.3415021,0.651587188243866,2.531022310256958
split_random,global_train_mean,"B cells, Selumetinib",0.48385593,0.7682269,0.7371711134910583,1.9928966760635376
split_random,global_train_mean,"NK cells, Clotrimazole",0.13205793,0.64331,0.2819373309612274,1.8004119396209717
split_random,global_train_mean,"B cells, RG7090",0.11410655,0.62087625,0.29490092396736145,1.740280032157898
split_random,global_train_mean,"NK cells, RG7090",0.04018523,0.69863254,0.13464315235614777,1.8561062812805176
split_random,global_train_mean,"T cells, SB525334",-0.3371093,1.0736997,-0.5259016156196594,2.4168732166290283
split_random,global_train_mean,"Myeloid cells, K-02288",0.05184056,0.98933697,0.17910471558570862,2.2688522338867188
split_random,global_train_mean,"Myeloid cells, BMS-777607",0.2824083,0.7477046,0.5287269353866577,1.9450124502182007
split_random,global_train_mean,"Myeloid cells, Trametinib",0.12358404,1.4275768,0.20080144703388214,2.6041409969329834
split_random,global_train_mean,"B cells, BAY 61-3606",0.44733465,1.1770698,0.6496395468711853,2.308589220046997
split_random,global_train_mean,"Myeloid cells, Vardenafil",0.20875537,0.68276185,0.5083706974983215,1.768033742904663
split_random,global_train_mean,"B cells, Dasatinib",0.54807043,1.1299876,0.7566407322883606,2.2942655086517334
split_random,global_train_mean,"Myeloid cells, AT13387",0.4746233,1.2912258,0.65421462059021,2.353285312652588
split_random,global_train_mean,"Myeloid cells, Ketoconazole",-0.056801505,1.4084446,-0.11743947118520737,2.64801025390625
split_random,global_train_mean,"B cells, Desloratadine",0.1308107,0.58379906,0.13778351247310638,1.6773641109466553
split_random,global_train_mean,"B cells, BMS-536924",0.5981092,0.9955423,0.7926328182220459,2.113234043121338
split_random,global_train_mean,"Myeloid cells, Amiodarone",0.08480291,0.63960975,0.19799529016017914,1.8324123620986938
split_random,global_train_mean,"B cells, Canertinib",0.24924788,0.7190925,0.4614414870738983,1.9132264852523804
split_random,global_train_mean,"Myeloid cells, RN-486",0.21099472,0.73089623,0.3851993680000305,1.9367451667785645
split_random,global_train_mean,"B cells, Defactinib",0.3643404,0.69680315,0.6282376646995544,1.741506576538086
split_random,global_train_mean,"Myeloid cells, Defactinib",0.43692476,0.98817104,0.6875736117362976,2.1077933311462402
split_random,global_train_mean,"B cells, AZD3514",0.32072908,0.6900054,0.5231443047523499,1.8229204416275024
split_random,global_train_mean,"Myeloid cells, HMN-214",0.14802788,0.84788674,0.220505028963089,2.02740740776062
split_random,global_train_mean,"B cells, RG7112",0.10091132,0.59612024,0.2726062834262848,1.9854134321212769
split_random,global_train_mean,"Myeloid cells, SLx-2119",0.08960794,0.63865066,0.03638186678290367,2.0359270572662354
split_random,global_train_mean,"B cells, YK 4-279",0.06863947,0.622816,0.15318143367767334,1.808985710144043
split_random,global_train_mean,"Myeloid cells, ABT-199 (GDC-0199)",-0.0501084,0.6034944,-0.01908903196454048,1.8025282621383667
split_random,global_train_mean,"Myeloid cells, PF-03814735",0.5901477,1.8258429,0.7104732394218445,2.78105092048645
split_random,global_train_mean,"B cells, Prednisolone",0.50653887,1.0313641,0.7143699526786804,2.225656509399414
split_random,cell_context_mean,"B cells, MK-5108",0.26341742,0.58388835,0.5232574343681335,1.5953587293624878
split_random,cell_context_mean,"T cells, Lapatinib",0.02861876,0.67086035,0.09081165492534637,1.8758363723754883
split_random,cell_context_mean,"NK cells, Ganetespib (STA-9090)",0.41011843,1.0757184,0.6418305039405823,2.2593648433685303
split_random,cell_context_mean,"NK cells, Clomipramine",0.23404111,0.60262793,0.43854886293411255,1.7069212198257446
split_random,cell_context_mean,"Myeloid cells, Sunitinib",0.029407376,0.7473037,0.14509205520153046,1.8390576839447021
split_random,cell_context_mean,"NK cells, Tivozanib",0.23027435,0.632631,0.4400244653224945,1.7416967153549194
split_random,cell_context_mean,"NK cells, Ixabepilone",0.24466148,0.61535573,0.4091750681400299,1.782616376876831
split_random,cell_context_mean,"T cells, Ixabepilone",0.19831823,0.5589744,0.2597985565662384,1.6269344091415405
split_random,cell_context_mean,"Myeloid cells, Linagliptin",0.021314168,0.7647613,0.04067910835146904,1.9560108184814453
split_random,cell_context_mean,"T cells, 5-(9-Isopropyl-8-methyl-2-morpholino-9H-purin-6-yl)pyrimidin-2-amine",0.68356574,1.260331,0.8148394227027893,2.2445926666259766
split_random,cell_context_mean,"NK cells, I-BET151",0.2565275,0.99539715,0.40466928482055664,2.242136240005493
split_random,cell_context_mean,"B cells, Foretinib",0.65465814,0.96344703,0.8265354633331299,1.9966139793395996
split_random,cell_context_mean,"T cells, K-02288",0.37950873,0.5184001,0.5905928015708923,1.481297492980957
split_random,cell_context_mean,"T cells, Porcn Inhibitor III",-0.10734419,0.7452017,-0.11480172723531723,1.8273825645446777
split_random,cell_context_mean,"Myeloid cells, Dovitinib",0.080017686,0.97913647,0.2058536857366562,2.235273599624634
split_random,cell_context_mean,"T cells, AVL-292",0.6171934,0.6552507,0.8385948538780212,1.5918594598770142
split_random,cell_context_mean,"B cells, Navitoclax",-0.21554863,0.9890613,-0.40478113293647766,2.3476524353027344
split_random,cell_context_mean,"T cells, Palbociclib",0.3558376,0.5237172,0.6732988357543945,1.4556840658187866
split_random,cell_context_mean,"NK cells, Trametinib",0.3306549,0.6671149,0.5950779318809509,1.7477751970291138
split_random,cell_context_mean,"Myeloid cells, AMD-070 (hydrochloride)",0.16628857,0.7730856,0.34215015172958374,1.9612267017364502
split_random,cell_context_mean,"NK cells, Sgc-cbp30",0.30004442,0.65534145,0.5594204664230347,1.7392213344573975
split_random,cell_context_mean,"NK cells, Vardenafil",0.24956158,0.62682647,0.41859692335128784,1.7814242839813232
split_random,cell_context_mean,"NK cells, Dasatinib",0.29298738,0.7351671,0.5047332048416138,1.8380370140075684
split_random,cell_context_mean,"NK cells, AT13387",0.39587846,1.0504013,0.6100925207138062,2.2382688522338867
split_random,cell_context_mean,"NK cells, Perhexiline",0.3848421,0.7520285,0.6216525435447693,1.8097972869873047
split_random,cell_context_mean,"T cells, Perhexiline",0.6290517,0.85462576,0.8188983201980591,1.8951740264892578
split_random,cell_context_mean,"NK cells, Ketoconazole",0.088371426,0.8954888,0.108805350959301,2.1794121265411377
split_random,cell_context_mean,"NK cells, Disulfiram",0.1686461,0.6216042,0.35057106614112854,1.785798192024231
split_random,cell_context_mean,"T cells, Flutamide",0.08613207,0.595538,0.4244435131549835,1.614670753479004
split_random,cell_context_mean,"Myeloid cells, Dactolisib",0.57110065,1.9759578,0.6785979270935059,2.87953519821167
split_random,cell_context_mean,"NK cells, BMS-536924",0.38422042,0.69939524,0.6405595541000366,1.7656803131103516
split_random,cell_context_mean,"NK cells, IKK Inhibitor VII",0.31781787,0.7168686,0.565432071685791,1.8312050104141235
split_random,cell_context_mean,"B cells, Isoniazid",0.27170265,0.59176606,0.502145528793335,1.6128888130187988
split_random,cell_context_mean,"T cells, Canertinib",0.29946876,0.7631343,0.4536008834838867,1.9519165754318237
split_random,cell_context_mean,"NK cells, Alogliptin",0.1196443,0.61670357,0.18327157199382782,1.7995109558105469
split_random,cell_context_mean,"T cells, Alogliptin",0.054999363,0.6195311,0.029988449066877365,1.7245622873306274
split_random,cell_context_mean,"NK cells, RN-486",0.08651834,0.6777548,0.20257438719272614,1.8518993854522705
split_random,cell_context_mean,"B cells, PD-0325901",0.5778361,0.7015635,0.8052334785461426,1.7472110986709595
split_random,cell_context_mean,"NK cells, PD-0325901",0.30173957,0.7514812,0.5222261548042297,1.9025371074676514
split_random,cell_context_mean,"T cells, Decitabine",0.27036038,0.5197062,0.39752140641212463,1.5740045309066772
split_random,cell_context_mean,"NK cells, LDN 193189",0.107818335,0.6693486,0.19632169604301453,1.8294328451156616
split_random,cell_context_mean,"B cells, Riociguat",0.19112973,0.5949663,0.35635319352149963,1.7137866020202637
split_random,cell_context_mean,"NK cells, Riociguat",0.26227808,0.62783676,0.4898286759853363,1.747549057006836
split_random,cell_context_mean,"T cells, CHIR-99021",-0.03709556,1.4958793,-0.03947204723954201,2.784621238708496
split_random,cell_context_mean,"NK cells, Defactinib",0.24428923,0.6395392,0.5263143181800842,1.7683712244033813
split_random,cell_context_mean,"T cells, Defactinib",0.28571126,0.741826,0.5031417012214661,1.9330211877822876
split_random,cell_context_mean,"B cells, BI-D1870",0.240319,0.6272894,0.43285277485847473,1.6811968088150024
split_random,cell_context_mean,"NK cells, HMN-214",0.21706623,0.6656268,0.43816614151000977,1.739080786705017
split_random,cell_context_mean,"NK cells, CC-401",0.36273748,0.65776795,0.5882254242897034,1.750287413597107
split_random,cell_context_mean,"NK cells, Resminostat",0.23663686,1.3177928,0.39252617955207825,2.5041093826293945
split_random,cell_context_mean,"Myeloid cells, Crizotinib",0.5875738,0.8256049,0.7971866726875305,1.855181336402893
split_random,cell_context_mean,"NK cells, Crizotinib",0.38457996,0.6702786,0.6149193644523621,1.7088176012039185
split_random,cell_context_mean,"T cells, Nilotinib",0.6138294,0.71754456,0.8282577395439148,1.6386295557022095
split_random,cell_context_mean,"NK cells, AT 7867",0.40462488,0.68751717,0.6702645421028137,1.7872660160064697
split_random,cell_context_mean,"B cells, GO-6976",0.16053066,0.7216353,0.3503311574459076,1.8491460084915161
split_random,cell_context_mean,"B cells, Pitavastatin Calcium",-0.110501856,1.1695511,-0.14238910377025604,2.471057653427124
split_random,cell_context_mean,"NK cells, ABT737",0.20194137,0.7106336,0.3485819697380066,1.8660197257995605
split_random,cell_context_mean,"NK cells, PRT-062607",0.39825484,0.7070455,0.6458984613418579,1.7781503200531006
split_random,cell_context_mean,"NK cells, AZD-8330",0.41642347,0.704243,0.6708751916885376,1.7548950910568237
split_random,cell_context_mean,"Myeloid cells, Masitinib",0.4303637,0.67822456,0.7312368154525757,1.6611213684082031
split_random,cell_context_mean,"NK cells, Masitinib",0.31345344,0.63746697,0.47039252519607544,1.7650551795959473
split_random,cell_context_mean,"T cells, Ceritinib",0.501943,0.5371825,0.7101394534111023,1.4239743947982788
split_random,cell_context_mean,"T cells, STK219801",0.18353064,0.5941779,0.41259175539016724,1.7779380083084106
split_random,cell_context_mean,"NK cells, TPCA-1",0.43790123,0.8328847,0.6872910261154175,1.897391676902771
split_random,cell_context_mean,"Myeloid cells, Ricolinostat",0.12332034,1.1836526,0.23035407066345215,2.3870792388916016
split_random,cell_context_mean,"T cells, Clemastine",0.39737076,0.5170218,0.7795782089233398,1.323456883430481
split_random,cell_context_mean,"Myeloid cells, CEP-37440",0.2699672,0.91262615,0.5222026705741882,2.040266752243042
split_random,cell_context_mean,"NK cells, CEP-37440",0.29672995,0.6560469,0.46735766530036926,1.802343487739563
split_random,cell_context_mean,"T cells, CEP-37440",0.4421808,0.612893,0.7184044122695923,1.6897648572921753
split_random,cell_context_mean,"NK cells, GSK256066",0.36263368,0.84607625,0.6077349781990051,2.010255813598633
split_random,cell_context_mean,"B cells, Oxybenzone",0.24834685,0.5642795,0.45076534152030945,1.6104755401611328
split_random,cell_context_mean,"T cells, Imatinib",0.28005838,0.52118754,0.43453270196914673,1.42275071144104
split_random,cell_context_mean,"T cells, Colforsin",0.3316595,0.5430065,0.520113468170166,1.40687096118927
split_random,cell_context_mean,"B cells, Tivantinib",0.42993343,0.6583581,0.6420360207557678,1.682094931602478
split_random,cell_context_mean,"T cells, Tosedostat",0.45601955,0.70163107,0.7104342579841614,1.7380403280258179
split_random,cell_context_mean,"T cells, BX 912",0.64890355,0.6763577,0.8501718640327454,1.5951353311538696
split_random,cell_context_mean,"T cells, Prednisolone",0.5404002,1.2977128,0.673991322517395,2.437481164932251
split_random,cell_context_mean,"B cells, Selumetinib",0.6075067,0.70468295,0.8230744004249573,1.7836748361587524
split_random,cell_context_mean,"NK cells, Clotrimazole",0.24460241,0.6112751,0.4301963746547699,1.7525115013122559
split_random,cell_context_mean,"B cells, RG7090",0.16822717,0.63575315,0.3727121949195862,1.6905977725982666
split_random,cell_context_mean,"NK cells, RG7090",0.17387378,0.6603954,0.4095522165298462,1.7932381629943848
split_random,cell_context_mean,"T cells, SB525334",-0.22160774,1.0974767,-0.36732280254364014,2.439530611038208
split_random,cell_context_mean,"Myeloid cells, K-02288",0.19288415,0.9725321,0.4172632098197937,2.1429009437561035
split_random,cell_context_mean,"Myeloid cells, BMS-777607",0.4266015,0.7063044,0.7103449106216431,1.7302502393722534
split_random,cell_context_mean,"Myeloid cells, Trametinib",0.33900103,1.356063,0.4844176471233368,2.451084852218628
split_random,cell_context_mean,"B cells, BAY 61-3606",0.46551812,1.1485642,0.6477838754653931,2.2388784885406494
split_random,cell_context_mean,"Myeloid cells, Vardenafil",0.36158627,0.6570786,0.6826545596122742,1.5463850498199463
split_random,cell_context_mean,"B cells, Dasatinib",0.66627324,1.0517664,0.8349910974502563,2.1203415393829346
split_random,cell_context_mean,"Myeloid cells, AT13387",0.52828485,1.2318189,0.7153828144073486,2.217028856277466
split_random,cell_context_mean,"Myeloid cells, Ketoconazole",0.06594993,1.4006041,0.09785222262144089,2.59932541847229
split_random,cell_context_mean,"B cells, Desloratadine",0.18582563,0.598927,0.27769553661346436,1.6227941513061523
split_random,cell_context_mean,"B cells, BMS-536924",0.7065518,0.9166433,0.8658425211906433,1.9176719188690186
split_random,cell_context_mean,"Myeloid cells, Amiodarone",0.17736323,0.66103274,0.3825264871120453,1.718859314918518
split_random,cell_context_mean,"B cells, Canertinib",0.2949998,0.716303,0.5120121836662292,1.835616111755371
split_random,cell_context_mean,"Myeloid cells, RN-486",0.2607846,0.74079984,0.462709903717041,1.850780963897705
split_random,cell_context_mean,"B cells, Defactinib",0.452684,0.6672271,0.6999961137771606,1.6163331270217896
split_random,cell_context_mean,"Myeloid cells, Defactinib",0.5982679,0.8961295,0.7934722304344177,1.8767225742340088
split_random,cell_context_mean,"B cells, AZD3514",0.31777674,0.6984456,0.4940209984779358,1.7942538261413574
split_random,cell_context_mean,"Myeloid cells, HMN-214",0.24426943,0.841214,0.4381687343120575,1.9246402978897095
split_random,cell_context_mean,"B cells, RG7112",0.14086376,0.6181568,0.3467654287815094,1.9395307302474976
split_random,cell_context_mean,"Myeloid cells, SLx-2119",0.1677288,0.6645919,0.20981736481189728,1.9618289470672607
split_random,cell_context_mean,"B cells, YK 4-279",0.14337161,0.6352614,0.3017827868461609,1.7538812160491943
split_random,cell_context_mean,"Myeloid cells, ABT-199 (GDC-0199)",-0.008267184,0.66288716,0.06377546489238739,1.8037769794464111
split_random,cell_context_mean,"Myeloid cells, PF-03814735",0.7132223,1.7090259,0.8098415732383728,2.597996473312378
split_random,cell_context_mean,"B cells, Prednisolone",0.575799,0.97909325,0.7570590972900391,2.0973970890045166
split_random,drug_mean,"B cells, MK-5108",0.18367472,0.63089925,0.3730846345424652,1.6475170850753784
split_random,drug_mean,"T cells, Lapatinib",0.33840114,0.58930916,0.661399781703949,1.4930510520935059
split_random,drug_mean,"NK cells, Ganetespib (STA-9090)",0.5621755,1.2506677,0.7898524403572083,1.4860559701919556
split_random,drug_mean,"NK cells, Clomipramine",0.19019516,0.6738205,0.3200608491897583,1.7046557664871216
split_random,drug_mean,"Myeloid cells, Sunitinib",0.1775261,0.7592779,0.44744598865509033,1.6733473539352417
split_random,drug_mean,"NK cells, Tivozanib",0.15387714,0.7601667,0.2547030448913574,1.7872925996780396
split_random,drug_mean,"NK cells, Ixabepilone",0.09867199,0.7391849,0.26257145404815674,1.8160589933395386
split_random,drug_mean,"T cells, Ixabepilone",0.21069208,0.60577524,0.5218396782875061,1.478219747543335
split_random,drug_mean,"Myeloid cells, Linagliptin",0.04993,0.73912257,0.10981498658657074,1.9220584630966187
split_random,drug_mean,"T cells, 5-(9-Isopropyl-8-methyl-2-morpholino-9H-purin-6-yl)pyrimidin-2-amine",0.67978835,1.079781,0.8033649921417236,1.6789568662643433
split_random,drug_mean,"NK cells, I-BET151",0.54086816,1.2231826,0.7642133831977844,1.5402618646621704
split_random,drug_mean,"B cells, Foretinib",0.48105523,1.0160851,0.6752703785896301,1.9074245691299438
split_random,drug_mean,"T cells, K-02288",0.107961334,0.6626651,0.2734961211681366,1.6941592693328857
split_random,drug_mean,"T cells, Porcn Inhibitor III",0.35852236,0.66155887,0.6207091808319092,1.424889087677002
split_random,drug_mean,"Myeloid cells, Dovitinib",0.12996684,1.0414526,0.29718369245529175,2.1860060691833496
split_random,drug_mean,"T cells, AVL-292",0.467675,0.74928385,0.7367020845413208,1.5505768060684204
split_random,drug_mean,"B cells, Navitoclax",0.27378887,0.8568194,0.5190091133117676,1.9051083326339722
split_random,drug_mean,"T cells, Palbociclib",0.28743666,0.58291477,0.6070923209190369,1.5247398614883423
split_random,drug_mean,"NK cells, Trametinib",0.22479329,0.8183067,0.4002138674259186,1.759219765663147
split_random,drug_mean,"Myeloid cells, AMD-070 (hydrochloride)",0.20478107,0.7603496,0.43772780895233154,1.9307076930999756
split_random,drug_mean,"NK cells, Sgc-cbp30",0.24672408,0.7745227,0.4284985065460205,1.7043999433517456
split_random,drug_mean,"NK cells, Vardenafil",0.09001693,0.74017304,0.09306856989860535,1.8843244314193726
split_random,drug_mean,"NK cells, Dasatinib",0.25857767,1.2208081,0.4524085819721222,1.8078677654266357
split_random,drug_mean,"NK cells, AT13387",0.5012949,1.4937631,0.7522844076156616,1.6606348752975464
split_random,drug_mean,"NK cells, Perhexiline",0.30344468,0.9699998,0.5156688094139099,1.700406789779663
split_random,drug_mean,"T cells, Perhexiline",0.5307908,0.9196178,0.7449596524238586,1.627387285232544
split_random,drug_mean,"NK cells, Ketoconazole",0.4982526,0.91086626,0.6824836134910583,1.567844271659851
split_random,drug_mean,"NK cells, Disulfiram",0.16176596,0.67017275,0.24208614230155945,1.7979627847671509
split_random,drug_mean,"T cells, Flutamide",0.09012913,0.60948324,0.4308135211467743,1.6377944946289062
split_random,drug_mean,"Myeloid cells, Dactolisib",0.58949244,1.7533379,0.6706568598747253,2.4283347129821777
split_random,drug_mean,"NK cells, BMS-536924",0.26779932,1.0084765,0.47366148233413696,1.7363898754119873
split_random,drug_mean,"NK cells, IKK Inhibitor VII",0.30725506,0.9721312,0.5165445804595947,1.6826270818710327
split_random,drug_mean,"B cells, Isoniazid",0.113804,0.6450792,0.24279052019119263,1.7258551120758057
split_random,drug_mean,"T cells, Canertinib",0.2658754,0.8974568,0.5147087574005127,1.7878124713897705
split_random,drug_mean,"NK cells, Alogliptin",0.06155403,0.7157911,0.1363675892353058,1.8205339908599854
split_random,drug_mean,"T cells, Alogliptin",0.15474531,0.6245871,0.35046496987342834,1.5876716375350952
split_random,drug_mean,"NK cells, RN-486",0.116384156,0.7332172,0.19994290173053741,1.8410718441009521
split_random,drug_mean,"B cells, PD-0325901",0.3355713,0.99232435,0.6334691643714905,1.7012068033218384
split_random,drug_mean,"NK cells, PD-0325901",0.25546306,1.020137,0.4665367305278778,1.8285560607910156
split_random,drug_mean,"T cells, Decitabine",0.13662522,0.55753344,0.21553565561771393,1.6631439924240112
split_random,drug_mean,"NK cells, LDN 193189",0.21009259,0.7020224,0.4277302920818329,1.6995954513549805
split_random,drug_mean,"B cells, Riociguat",0.1247934,0.6496278,0.2846592962741852,1.7573976516723633
split_random,drug_mean,"NK cells, Riociguat",0.069512926,0.7429403,0.18570072948932648,1.8405866622924805
split_random,drug_mean,"T cells, CHIR-99021",0.52107215,1.2357367,0.711712121963501,2.217501163482666
split_random,drug_mean,"NK cells, Defactinib",0.1350896,0.6702364,0.3683910369873047,1.8183609247207642
split_random,drug_mean,"T cells, Defactinib",0.19645034,0.7537889,0.3986626863479614,2.0334413051605225
split_random,drug_mean,"B cells, BI-D1870",0.17727761,0.6997737,0.3261556029319763,1.7357898950576782
split_random,drug_mean,"NK cells, HMN-214",0.25464332,0.73712194,0.36954379081726074,1.701712727546692
split_random,drug_mean,"NK cells, CC-401",0.29323295,0.8153162,0.4774933457374573,1.6738619804382324
split_random,drug_mean,"NK cells, Resminostat",0.64092314,1.2935343,0.8213843107223511,1.4655698537826538
split_random,drug_mean,"Myeloid cells, Crizotinib",0.36498618,1.0072035,0.5367095470428467,1.9714802503585815
split_random,drug_mean,"NK cells, Crizotinib",0.2807076,0.8946208,0.46929097175598145,1.6815378665924072
split_random,drug_mean,"T cells, Nilotinib",0.48524976,0.8064081,0.7419230937957764,1.515494704246521
split_random,drug_mean,"NK cells, AT 7867",0.22261205,0.89097303,0.45419788360595703,1.7575676441192627
split_random,drug_mean,"B cells, GO-6976",0.2817252,0.80892825,0.5025238990783691,1.6947765350341797
split_random,drug_mean,"B cells, Pitavastatin Calcium",0.53292423,1.208104,0.7599871158599854,1.5308804512023926
split_random,drug_mean,"NK cells, ABT737",0.058292028,0.87964857,0.1616048365831375,1.9407564401626587
split_random,drug_mean,"NK cells, PRT-062607",0.3488436,0.9960553,0.6017386317253113,1.5838334560394287
split_random,drug_mean,"NK cells, AZD-8330",0.3009962,0.84099466,0.49281561374664307,1.7027270793914795
split_random,drug_mean,"Myeloid cells, Masitinib",0.23803362,0.7983396,0.41660159826278687,1.894697904586792
split_random,drug_mean,"NK cells, Masitinib",0.10978116,0.7960935,0.09344901144504547,1.8897606134414673
split_random,drug_mean,"T cells, Ceritinib",0.30609772,0.6647432,0.6040332317352295,1.5051645040512085
split_random,drug_mean,"T cells, STK219801",0.2738132,0.60155916,0.5190122723579407,1.567694902420044
split_random,drug_mean,"NK cells, TPCA-1",0.39950833,1.0396936,0.6367499828338623,1.617482304573059
split_random,drug_mean,"Myeloid cells, Ricolinostat",0.40178627,1.0787601,0.5735006332397461,2.0735831260681152
split_random,drug_mean,"T cells, Clemastine",0.3083082,0.583678,0.6707791686058044,1.3649137020111084
split_random,drug_mean,"Myeloid cells, CEP-37440",0.021759681,1.1763793,0.04345177859067917,2.351125478744507
split_random,drug_mean,"NK cells, CEP-37440",0.1239486,0.93733054,0.19415967166423798,1.8809994459152222
split_random,drug_mean,"T cells, CEP-37440",0.28642195,0.8449142,0.6011162996292114,1.6282535791397095
split_random,drug_mean,"NK cells, GSK256066",0.3326573,0.9064719,0.5539290904998779,1.8151930570602417
split_random,drug_mean,"B cells, Oxybenzone",0.13114303,0.602671,0.15827593207359314,1.7219338417053223
split_random,drug_mean,"T cells, Imatinib",0.107924975,0.5748878,0.19833911955356598,1.595005989074707
split_random,drug_mean,"T cells, Colforsin",0.21523826,0.59749305,0.4958236515522003,1.4836779832839966
split_random,drug_mean,"B cells, Tivantinib",0.35064,0.72936547,0.5690551996231079,1.6377123594284058
split_random,drug_mean,"T cells, Tosedostat",0.43034574,0.7438226,0.6941869854927063,1.5842496156692505
split_random,drug_mean,"T cells, BX 912",0.41092393,0.7928352,0.7039324045181274,1.7199400663375854
split_random,drug_mean,"T cells, Prednisolone",0.47563455,1.3207033,0.6472840905189514,2.1243960857391357
split_random,drug_mean,"B cells, Selumetinib",0.31752318,0.86111313,0.6038880944252014,1.919914722442627
split_random,drug_mean,"NK cells, Clotrimazole",0.075094186,0.72256094,0.07766060531139374,1.8675144910812378
split_random,drug_mean,"B cells, RG7090",0.24795668,0.7685421,0.47783905267715454,1.60457444190979
split_random,drug_mean,"NK cells, RG7090",0.15965798,0.8532129,0.2608815133571625,1.8226208686828613
split_random,drug_mean,"T cells, SB525334",0.506552,0.8433592,0.7353808283805847,1.6701881885528564
split_random,drug_mean,"Myeloid cells, K-02288",0.034889203,1.0558242,0.10367809236049652,2.2909793853759766
split_random,drug_mean,"Myeloid cells, BMS-777607",0.15330249,0.8189238,0.2686174809932709,2.0081405639648438
split_random,drug_mean,"Myeloid cells, Trametinib",0.26728946,1.4017255,0.3923296332359314,2.4558849334716797
split_random,drug_mean,"B cells, BAY 61-3606",0.6146274,1.119846,0.8088858723640442,1.472608208656311
split_random,drug_mean,"Myeloid cells, Vardenafil",0.16423026,0.7491751,0.28901803493499756,1.8115553855895996
split_random,drug_mean,"B cells, Dasatinib",0.46442556,1.2492301,0.6623663902282715,1.913912057876587
split_random,drug_mean,"Myeloid cells, AT13387",0.3116521,1.834826,0.463060587644577,2.3867921829223633
split_random,drug_mean,"Myeloid cells, Ketoconazole",0.47281775,1.2426887,0.6293303966522217,2.0582356452941895
split_random,drug_mean,"B cells, Desloratadine",0.18588741,0.61542153,0.3001776933670044,1.6116383075714111
split_random,drug_mean,"B cells, BMS-536924",0.4972023,1.0352279,0.6948469877243042,1.801029086112976
split_random,drug_mean,"Myeloid cells, Amiodarone",0.1335382,0.6729025,0.21797536313533783,1.81987464427948
split_random,drug_mean,"B cells, Canertinib",0.17564477,0.9150466,0.34554871916770935,1.8892822265625
split_random,drug_mean,"Myeloid cells, RN-486",-0.0026873713,0.8411292,-0.016693608835339546,2.072502851486206
split_random,drug_mean,"B cells, Defactinib",0.3643404,0.69680315,0.6282376646995544,1.741506576538086
split_random,drug_mean,"Myeloid cells, Defactinib",0.43692476,0.98817104,0.6875736117362976,2.1077933311462402
split_random,drug_mean,"B cells, AZD3514",0.41895935,0.70443696,0.6382769346237183,1.552449107170105
split_random,drug_mean,"Myeloid cells, HMN-214",0.37856993,0.80721056,0.615289568901062,1.6886295080184937
split_random,drug_mean,"B cells, RG7112",0.267627,0.65052676,0.5144667625427246,1.6586034297943115
split_random,drug_mean,"Myeloid cells, SLx-2119",0.16994293,0.6908318,0.3845204710960388,1.8126410245895386
split_random,drug_mean,"B cells, YK 4-279",0.16192208,0.6597356,0.3409996032714844,1.733522653579712
split_random,drug_mean,"Myeloid cells, ABT-199 (GDC-0199)",0.11793802,0.66258013,0.23677171766757965,1.7250479459762573
split_random,drug_mean,"Myeloid cells, PF-03814735",0.50894976,1.6913192,0.6151753664016724,2.4824440479278564
split_random,drug_mean,"B cells, Prednisolone",0.32896757,1.2547804,0.5532237887382507,2.0568044185638428
split_cell_heldout,global_train_mean,"T cells, TIE2 Kinase Inhibitor",0.13322942,0.56621516,0.36613982915878296,1.6239948272705078
split_cell_heldout,global_train_mean,"T cells, MK-5108",0.085826755,0.55545217,0.1441657543182373,1.694636583328247
split_cell_heldout,global_train_mean,"T cells, Lapatinib",-0.04857703,0.64026487,-0.032261475920677185,1.8856027126312256
split_cell_heldout,global_train_mean,"T cells, Atorvastatin",0.18359146,0.54962265,0.39951783418655396,1.6366441249847412
split_cell_heldout,global_train_mean,"T cells, Ganetespib (STA-9090)",0.35497123,2.143626,0.4435880482196808,3.0420982837677
split_cell_heldout,global_train_mean,"T cells, Clomipramine",0.23542285,0.5494857,0.4683436453342438,1.6060882806777954
split_cell_heldout,global_train_mean,"T cells, Sunitinib",0.3590321,0.65823364,0.6346806883811951,1.7607684135437012
split_cell_heldout,global_train_mean,"T cells, Tivozanib",0.22696094,0.6379348,0.4583607017993927,1.8239367008209229
split_cell_heldout,global_train_mean,"T cells, Tamatinib",0.5485379,1.0272875,0.7521531581878662,2.1073434352874756
split_cell_heldout,global_train_mean,"T cells, Ixabepilone",0.021740256,0.5583837,-0.10481016337871552,1.836303949356079
split_cell_heldout,global_train_mean,"T cells, Linagliptin",0.15795143,0.51069844,0.20313821732997894,1.5813028812408447
split_cell_heldout,global_train_mean,"T cells, 5-(9-Isopropyl-8-methyl-2-morpholino-9H-purin-6-yl)pyrimidin-2-amine",0.5619866,1.3538934,0.7364051938056946,2.4268622398376465
split_cell_heldout,global_train_mean,"T cells, O-Demethylated Adapalene",0.27105942,0.57435775,0.5120665431022644,1.719565510749817
split_cell_heldout,global_train_mean,"T cells, Protriptyline",0.08718732,0.51137984,0.2639804184436798,1.6504324674606323
split_cell_heldout,global_train_mean,"T cells, I-BET151",0.32469285,1.9232069,0.42401668429374695,2.9083330631256104
split_cell_heldout,global_train_mean,"T cells, Foretinib",0.47639954,0.8237989,0.7252744436264038,1.944056510925293
split_cell_heldout,global_train_mean,"T cells, GW843682X",0.13196105,0.5978474,0.3049905300140381,1.9510934352874756
split_cell_heldout,global_train_mean,"T cells, BMS-387032",0.359982,1.2360486,0.5494005680084229,2.4177353382110596
split_cell_heldout,global_train_mean,"T cells, IN1451",0.247376,2.7921305,0.29601386189460754,3.404006242752075
split_cell_heldout,global_train_mean,"T cells, Raloxifene",-0.19467291,0.9314254,-0.314084529876709,2.13433575630188
split_cell_heldout,global_train_mean,"T cells, Topotecan",0.08988649,1.0575233,0.20107322931289673,2.2983522415161133
split_cell_heldout,global_train_mean,"T cells, BAY 87-2243",0.34902114,1.2564847,0.5277009010314941,2.3904311656951904
split_cell_heldout,global_train_mean,"T cells, Phenylbutazone",-0.0026015488,0.5582559,-0.17944134771823883,1.8303254842758179
split_cell_heldout,global_train_mean,"T cells, K-02288",0.16153061,0.5515872,0.32850247621536255,1.6891411542892456
split_cell_heldout,global_train_mean,"T cells, BMS-777607",0.30390722,0.5464078,0.6131545901298523,1.5364887714385986
split_cell_heldout,global_train_mean,"T cells, Porcn Inhibitor III",-0.28120527,0.72588867,-0.4573128819465637,1.8919192552566528
split_cell_heldout,global_train_mean,"T cells, TL_HRAS26",0.19687298,0.5434208,0.37640804052352905,1.8937932252883911
split_cell_heldout,global_train_mean,"T cells, Proscillaridin A;Proscillaridin-A",-0.024772711,2.9893453,-0.02784929983317852,3.546248197555542
split_cell_heldout,global_train_mean,"T cells, Vorinostat",0.28894845,2.1617236,0.3707827031612396,3.061948537826538
split_cell_heldout,global_train_mean,"T cells, BMS-265246",0.12485078,1.3695374,0.24082162976264954,2.5595014095306396
split_cell_heldout,global_train_mean,"T cells, Ruxolitinib",0.511488,0.8930864,0.738612949848175,1.9776405096054077
split_cell_heldout,global_train_mean,"T cells, Pomalidomide",-0.17461668,1.308563,-0.24109552800655365,2.715252161026001
split_cell_heldout,global_train_mean,"T cells, Dovitinib",0.37129968,0.7421824,0.6534827947616577,2.01507830619812
split_cell_heldout,global_train_mean,"T cells, AVL-292",0.46638864,0.7310984,0.7301310300827026,1.8515005111694336
split_cell_heldout,global_train_mean,"T cells, Navitoclax",-0.06625461,0.5934663,0.3020536005496979,1.834519386291504
split_cell_heldout,global_train_mean,"T cells, Methotrexate",-0.08209604,0.6573647,-0.37416717410087585,2.045820474624634
split_cell_heldout,global_train_mean,"T cells, Palbociclib",0.263806,0.52446747,0.6210733652114868,1.600044846534729
split_cell_heldout,global_train_mean,"T cells, Trametinib",0.30894744,0.6778332,0.6062509417533875,1.8590434789657593
split_cell_heldout,global_train_mean,"T cells, AMD-070 (hydrochloride)",0.19238676,0.60138065,0.4356045424938202,1.7609128952026367
split_cell_heldout,global_train_mean,"T cells, Sgc-cbp30",0.2301417,0.75624573,0.3935937285423279,1.9499009847640991
split_cell_heldout,global_train_mean,"T cells, FK 866",0.15189753,0.97722375,0.33170372247695923,2.200202465057373
split_cell_heldout,global_train_mean,"T cells, Chlorpheniramine",0.31368828,0.55896384,0.5752665996551514,1.5926238298416138
split_cell_heldout,global_train_mean,"T cells, Scriptaid",0.27761778,2.2431862,0.3514695465564728,3.1155123710632324
split_cell_heldout,global_train_mean,"T cells, BAY 61-3606",0.31531218,1.827318,0.4263804852962494,2.842625379562378
split_cell_heldout,global_train_mean,"T cells, LY2090314",-0.22847567,2.5058103,-0.2797563076019287,3.3820321559906006
split_cell_heldout,global_train_mean,"T cells, Vardenafil",0.16330332,0.5503159,0.44430944323539734,1.6591660976409912
split_cell_heldout,global_train_mean,"T cells, Dasatinib",0.5417932,1.0402093,0.7563470005989075,2.134154796600342
split_cell_heldout,global_train_mean,"T cells, AT13387",0.3670787,2.0436575,0.47005707025527954,2.9735913276672363
split_cell_heldout,global_train_mean,"T cells, PF-04691502",0.48480308,1.0626719,0.6936206221580505,2.254999876022339
split_cell_heldout,global_train_mean,"T cells, Perhexiline",0.5297754,0.92681795,0.7665877938270569,2.086127996444702
split_cell_heldout,global_train_mean,"T cells, RVX-208",0.2828875,0.8247514,0.459796279668808,1.999522089958191
split_cell_heldout,global_train_mean,"T cells, Ketoconazole",-0.24790645,1.2900563,-0.4287951588630676,2.7048184871673584
split_cell_heldout,global_train_mean,"T cells, Disulfiram",0.0037164052,0.6004334,0.03164827451109886,1.7719202041625977
split_cell_heldout,global_train_mean,"T cells, Flutamide",0.012755132,0.5628975,0.33719703555107117,1.690379023551941
split_cell_heldout,global_train_mean,"T cells, Desloratadine",0.07548263,0.5488369,0.24639613926410675,1.6042890548706055
split_cell_heldout,global_train_mean,"T cells, Dactolisib",0.50251436,1.4935436,0.6821736693382263,2.6240363121032715
split_cell_heldout,global_train_mean,"T cells, BMS-536924",0.50704247,1.06782,0.7226893305778503,2.2554304599761963
split_cell_heldout,global_train_mean,"T cells, IKK Inhibitor VII",0.45297334,0.89837873,0.7065337896347046,2.033726453781128
split_cell_heldout,global_train_mean,"T cells, Amiodarone",0.090595804,0.61102873,0.17087362706661224,1.987779140472412
split_cell_heldout,global_train_mean,"T cells, Isoniazid",-0.026758546,0.5499782,-0.0580274872481823,1.6147018671035767
split_cell_heldout,global_train_mean,"T cells, IMD-0354",0.3896842,1.6577828,0.5244655013084412,2.7487685680389404
split_cell_heldout,global_train_mean,"T cells, Canertinib",0.16459288,0.78709036,0.33416569232940674,2.052605390548706
split_cell_heldout,global_train_mean,"T cells, Idelalisib",0.42089072,0.84851635,0.6873776316642761,2.0171403884887695
split_cell_heldout,global_train_mean,"T cells, Alogliptin",-0.063676156,0.59547853,-0.1539081484079361,1.7483935356140137
split_cell_heldout,global_train_mean,"T cells, Penfluridol",0.031743806,0.5378077,0.1465921700000763,1.674742579460144
split_cell_heldout,global_train_mean,"T cells, Quizartinib",0.13937692,0.55620915,0.2605426013469696,1.8136872053146362
split_cell_heldout,global_train_mean,"T cells, RN-486",0.043032903,0.5362432,0.1813022643327713,1.6336992979049683
split_cell_heldout,global_train_mean,"T cells, PD-0325901",0.45061472,0.8225381,0.698009192943573,1.9748575687408447
split_cell_heldout,global_train_mean,"T cells, Decitabine",0.16935429,0.5070595,0.2908344268798828,1.6508593559265137
split_cell_heldout,global_train_mean,"T cells, LDN 193189",0.16960435,0.569145,0.34565117955207825,1.7072153091430664
split_cell_heldout,global_train_mean,"T cells, Cabozantinib",-0.09867047,0.6780416,-0.1365092396736145,1.916245460510254
split_cell_heldout,global_train_mean,"T cells, Riociguat",0.1263793,0.5231964,0.11730985343456268,1.7756197452545166
split_cell_heldout,global_train_mean,"T cells, CHIR-99021",-0.26496136,1.5211623,-0.4018872380256653,2.8573944568634033
split_cell_heldout,global_train_mean,"T cells, Defactinib",0.12855163,0.76891536,0.30961528420448303,2.0731606483459473
split_cell_heldout,global_train_mean,"T cells, BI-D1870",-0.018917643,0.619768,-0.02680433914065361,1.7229658365249634
split_cell_heldout,global_train_mean,"T cells, AZD3514",0.29778257,0.7504409,0.496379017829895,1.9398484230041504
split_cell_heldout,global_train_mean,"T cells, HMN-214",-0.16951905,0.76537097,-0.46477189660072327,2.2409911155700684
split_cell_heldout,global_train_mean,"T cells, CC-401",0.42539474,0.77414715,0.6652385592460632,1.9173738956451416
split_cell_heldout,global_train_mean,"T cells, Resminostat",0.32141528,2.1684196,0.4079783856868744,3.0604188442230225
split_cell_heldout,global_train_mean,"T cells, Crizotinib",0.4954643,0.76387316,0.7108840346336365,1.9061540365219116
split_cell_heldout,global_train_mean,"T cells, Azacitidine",0.15954496,0.61517286,0.3615371882915497,1.7254327535629272
split_cell_heldout,global_train_mean,"T cells, TR-14035",0.31428933,0.5554495,0.5873047709465027,1.5778484344482422
split_cell_heldout,global_train_mean,"T cells, Nilotinib",0.5286513,0.77862567,0.783413827419281,1.8383229970932007
split_cell_heldout,global_train_mean,"T cells, AT 7867",0.22642207,0.8599372,0.3945707678794861,2.031923532485962
split_cell_heldout,global_train_mean,"T cells, OSI-930",-0.06543229,0.570001,-0.13708488643169403,1.735432744026184
split_cell_heldout,global_train_mean,"T cells, GO-6976",-0.15112028,0.94007105,-0.30573713779449463,2.1658735275268555
split_cell_heldout,global_train_mean,"T cells, Saracatinib",0.5286097,0.80861855,0.754383385181427,1.8580387830734253
split_cell_heldout,global_train_mean,"T cells, RG7112",0.29645637,0.60203177,0.5336540341377258,2.1567234992980957
split_cell_heldout,global_train_mean,"T cells, Lamivudine",0.18889017,0.51870644,0.3017641007900238,1.5915110111236572
split_cell_heldout,global_train_mean,"T cells, TGX 221",0.5344375,0.6861593,0.8037359118461609,1.7317050695419312
split_cell_heldout,global_train_mean,"T cells, Pitavastatin Calcium",-0.25326222,1.6480643,-0.35154417157173157,2.893867254257202
split_cell_heldout,global_train_mean,"T cells, ABT737",0.0589592,0.6148291,0.37799349427223206,1.8671940565109253
split_cell_heldout,global_train_mean,"T cells, PRT-062607",0.5834967,0.9498473,0.7997916340827942,2.017326593399048
split_cell_heldout,global_train_mean,"T cells, AZ628",0.5324017,0.6935242,0.7898920774459839,1.7824249267578125
split_cell_heldout,global_train_mean,"T cells, AZD-8330",0.50728637,0.7241879,0.7738701701164246,1.791020393371582
split_cell_heldout,global_train_mean,"T cells, Masitinib",0.20784721,0.56482863,0.612971842288971,1.5236865282058716
split_cell_heldout,global_train_mean,"T cells, Ceritinib",0.41520473,0.56428987,0.6960668563842773,1.5730934143066406
split_cell_heldout,global_train_mean,"T cells, CGM-097",-0.092141606,1.3845332,-0.13400690257549286,2.687864065170288
split_cell_heldout,global_train_mean,"T cells, SLx-2119",0.26048243,0.59804547,0.4881897270679474,1.7740377187728882
split_cell_heldout,global_train_mean,"T cells, Nefazodone",0.31184462,0.46879992,0.5981908440589905,1.5052132606506348
split_cell_heldout,global_train_mean,"T cells, STK219801",0.12926453,0.56944406,0.2505795359611511,1.8519814014434814
split_cell_heldout,global_train_mean,"T cells, TPCA-1",0.5686357,1.0884047,0.7599903345108032,2.1587393283843994
split_cell_heldout,global_train_mean,"T cells, MGCD-265",0.37214836,0.4662535,0.6144229173660278,1.492770791053772
split_cell_heldout,global_train_mean,"T cells, GSK-1070916",0.2798357,0.5779481,0.5672287940979004,1.684355616569519
split_cell_heldout,global_train_mean,"T cells, Ricolinostat",0.19056238,0.8720195,0.41219499707221985,2.062915563583374
split_cell_heldout,global_train_mean,"T cells, Bosutinib",0.4817972,0.9868559,0.7030650973320007,2.1218435764312744
split_cell_heldout,global_train_mean,"T cells, Clemastine",0.29087394,0.52757245,0.6520490646362305,1.51026451587677
split_cell_heldout,global_train_mean,"T cells, YK 4-279",-0.13176052,0.65678656,-0.3063965439796448,1.7879486083984375
split_cell_heldout,global_train_mean,"T cells, Buspirone",0.025445113,0.5267913,-0.026901880279183388,1.7186065912246704
split_cell_heldout,global_train_mean,"T cells, Midostaurin",0.4433068,0.8535311,0.7206618785858154,2.0588886737823486
split_cell_heldout,global_train_mean,"T cells, CEP-37440",0.3288516,0.6441554,0.6494536995887756,1.8439069986343384
split_cell_heldout,global_train_mean,"T cells, GSK256066",0.28265166,0.73700505,0.5032418370246887,2.126208782196045
split_cell_heldout,global_train_mean,"T cells, R428",0.48520532,0.9026832,0.6951056718826294,2.070518970489502
split_cell_heldout,global_train_mean,"T cells, Oxybenzone",0.1697765,0.49437082,0.391393780708313,1.5485889911651611
split_cell_heldout,global_train_mean,"T cells, Vandetanib",0.15508808,0.5262575,0.36038291454315186,1.5884196758270264
split_cell_heldout,global_train_mean,"T cells, Imatinib",0.16641276,0.5135781,0.31582769751548767,1.5670400857925415
split_cell_heldout,global_train_mean,"T cells, SCH-58261",0.035686847,0.54970604,-0.022955534979701042,1.7339459657669067
split_cell_heldout,global_train_mean,"T cells, Colforsin",0.20224775,0.55098796,0.3428478240966797,1.5786182880401611
split_cell_heldout,global_train_mean,"T cells, Tivantinib",0.23863351,0.74392873,0.4429449737071991,1.8640999794006348
split_cell_heldout,global_train_mean,"T cells, Tosedostat",0.26682428,0.7606368,0.4786572754383087,1.9385242462158203
split_cell_heldout,global_train_mean,"T cells, Colchicine",0.20656574,0.9482095,0.3994435667991638,2.303431272506714
split_cell_heldout,global_train_mean,"T cells, ABT-199 (GDC-0199)",-0.0077205906,0.58727646,0.35220491886138916,1.730664610862732
split_cell_heldout,global_train_mean,"T cells, Mometasone Furoate",0.47969475,1.4104412,0.616527795791626,2.580724000930786
split_cell_heldout,global_train_mean,"T cells, Tipifarnib",0.40962052,0.6330176,0.701549768447876,1.7261375188827515
split_cell_heldout,global_train_mean,"T cells, BX 912",0.5382903,0.74814016,0.7945919036865234,1.8347878456115723
split_cell_heldout,global_train_mean,"T cells, Doxorubicin",0.3083746,1.3504595,0.4713611304759979,2.517037868499756
split_cell_heldout,global_train_mean,"T cells, PF-03814735",0.5289608,1.0819945,0.7337295413017273,2.198667526245117
split_cell_heldout,global_train_mean,"T cells, AZD4547",0.28044614,0.50335044,0.4662861227989197,1.5858403444290161
split_cell_heldout,global_train_mean,"T cells, Prednisolone",0.45104748,1.3625617,0.5886034369468689,2.567544460296631
split_cell_heldout,global_train_mean,"T cells, Tacalcitol",0.32706717,0.6431323,0.6489506959915161,1.7276793718338013
split_cell_heldout,global_train_mean,"T cells, Selumetinib",0.43800935,0.630945,0.7085183262825012,1.7480647563934326
split_cell_heldout,global_train_mean,"T cells, Clotrimazole",0.08465371,0.5551843,0.16402272880077362,1.7532267570495605
split_cell_heldout,global_train_mean,"T cells, RG7090",-0.15577303,0.8562819,-0.25866034626960754,2.1213173866271973
split_cell_heldout,global_train_mean,"T cells, GLPG0634",0.43204853,0.7378725,0.7251807451248169,1.818583369255066
split_cell_heldout,global_train_mean,"T cells, Mubritinib (TAK 165)",0.30459797,1.1209466,0.5148392915725708,2.3567543029785156
split_cell_heldout,global_train_mean,"T cells, Vanoxerine",0.13240993,0.59857553,0.34179821610450745,1.721913456916809
split_cell_heldout,global_train_mean,"T cells, SB525334",-0.3547582,1.0726162,-0.5552621483802795,2.411736011505127
split_cell_heldout,global_train_mean,"T cells, HYDROXYUREA",-0.025324712,0.56196165,-0.22116252779960632,1.7636351585388184
split_cell_heldout,cell_context_mean,"T cells, TIE2 Kinase Inhibitor",0.13322942,0.56621516,0.36613982915878296,1.6239948272705078
split_cell_heldout,cell_context_mean,"T cells, MK-5108",0.085826755,0.55545217,0.1441657543182373,1.694636583328247
split_cell_heldout,cell_context_mean,"T cells, Lapatinib",-0.04857703,0.64026487,-0.032261475920677185,1.8856027126312256
split_cell_heldout,cell_context_mean,"T cells, Atorvastatin",0.18359146,0.54962265,0.39951783418655396,1.6366441249847412
split_cell_heldout,cell_context_mean,"T cells, Ganetespib (STA-9090)",0.35497123,2.143626,0.4435880482196808,3.0420982837677
split_cell_heldout,cell_context_mean,"T cells, Clomipramine",0.23542285,0.5494857,0.4683436453342438,1.6060882806777954
split_cell_heldout,cell_context_mean,"T cells, Sunitinib",0.3590321,0.65823364,0.6346806883811951,1.7607684135437012
split_cell_heldout,cell_context_mean,"T cells, Tivozanib",0.22696094,0.6379348,0.4583607017993927,1.8239367008209229
split_cell_heldout,cell_context_mean,"T cells, Tamatinib",0.5485379,1.0272875,0.7521531581878662,2.1073434352874756
split_cell_heldout,cell_context_mean,"T cells, Ixabepilone",0.021740256,0.5583837,-0.10481016337871552,1.836303949356079
split_cell_heldout,cell_context_mean,"T cells, Linagliptin",0.15795143,0.51069844,0.20313821732997894,1.5813028812408447
split_cell_heldout,cell_context_mean,"T cells, 5-(9-Isopropyl-8-methyl-2-morpholino-9H-purin-6-yl)pyrimidin-2-amine",0.5619866,1.3538934,0.7364051938056946,2.4268622398376465
split_cell_heldout,cell_context_mean,"T cells, O-Demethylated Adapalene",0.27105942,0.57435775,0.5120665431022644,1.719565510749817
split_cell_heldout,cell_context_mean,"T cells, Protriptyline",0.08718732,0.51137984,0.2639804184436798,1.6504324674606323
split_cell_heldout,cell_context_mean,"T cells, I-BET151",0.32469285,1.9232069,0.42401668429374695,2.9083330631256104
split_cell_heldout,cell_context_mean,"T cells, Foretinib",0.47639954,0.8237989,0.7252744436264038,1.944056510925293
split_cell_heldout,cell_context_mean,"T cells, GW843682X",0.13196105,0.5978474,0.3049905300140381,1.9510934352874756
split_cell_heldout,cell_context_mean,"T cells, BMS-387032",0.359982,1.2360486,0.5494005680084229,2.4177353382110596
split_cell_heldout,cell_context_mean,"T cells, IN1451",0.247376,2.7921305,0.29601386189460754,3.404006242752075
split_cell_heldout,cell_context_mean,"T cells, Raloxifene",-0.19467291,0.9314254,-0.314084529876709,2.13433575630188
split_cell_heldout,cell_context_mean,"T cells, Topotecan",0.08988649,1.0575233,0.20107322931289673,2.2983522415161133
split_cell_heldout,cell_context_mean,"T cells, BAY 87-2243",0.34902114,1.2564847,0.5277009010314941,2.3904311656951904
split_cell_heldout,cell_context_mean,"T cells, Phenylbutazone",-0.0026015488,0.5582559,-0.17944134771823883,1.8303254842758179
split_cell_heldout,cell_context_mean,"T cells, K-02288",0.16153061,0.5515872,0.32850247621536255,1.6891411542892456
split_cell_heldout,cell_context_mean,"T cells, BMS-777607",0.30390722,0.5464078,0.6131545901298523,1.5364887714385986
split_cell_heldout,cell_context_mean,"T cells, Porcn Inhibitor III",-0.28120527,0.72588867,-0.4573128819465637,1.8919192552566528
split_cell_heldout,cell_context_mean,"T cells, TL_HRAS26",0.19687298,0.5434208,0.37640804052352905,1.8937932252883911
split_cell_heldout,cell_context_mean,"T cells, Proscillaridin A;Proscillaridin-A",-0.024772711,2.9893453,-0.02784929983317852,3.546248197555542
split_cell_heldout,cell_context_mean,"T cells, Vorinostat",0.28894845,2.1617236,0.3707827031612396,3.061948537826538
split_cell_heldout,cell_context_mean,"T cells, BMS-265246",0.12485078,1.3695374,0.24082162976264954,2.5595014095306396
split_cell_heldout,cell_context_mean,"T cells, Ruxolitinib",0.511488,0.8930864,0.738612949848175,1.9776405096054077
split_cell_heldout,cell_context_mean,"T cells, Pomalidomide",-0.17461668,1.308563,-0.24109552800655365,2.715252161026001
split_cell_heldout,cell_context_mean,"T cells, Dovitinib",0.37129968,0.7421824,0.6534827947616577,2.01507830619812
split_cell_heldout,cell_context_mean,"T cells, AVL-292",0.46638864,0.7310984,0.7301310300827026,1.8515005111694336
split_cell_heldout,cell_context_mean,"T cells, Navitoclax",-0.06625461,0.5934663,0.3020536005496979,1.834519386291504
split_cell_heldout,cell_context_mean,"T cells, Methotrexate",-0.08209604,0.6573647,-0.37416717410087585,2.045820474624634
split_cell_heldout,cell_context_mean,"T cells, Palbociclib",0.263806,0.52446747,0.6210733652114868,1.600044846534729
split_cell_heldout,cell_context_mean,"T cells, Trametinib",0.30894744,0.6778332,0.6062509417533875,1.8590434789657593
split_cell_heldout,cell_context_mean,"T cells, AMD-070 (hydrochloride)",0.19238676,0.60138065,0.4356045424938202,1.7609128952026367
split_cell_heldout,cell_context_mean,"T cells, Sgc-cbp30",0.2301417,0.75624573,0.3935937285423279,1.9499009847640991
split_cell_heldout,cell_context_mean,"T cells, FK 866",0.15189753,0.97722375,0.33170372247695923,2.200202465057373
split_cell_heldout,cell_context_mean,"T cells, Chlorpheniramine",0.31368828,0.55896384,0.5752665996551514,1.5926238298416138
split_cell_heldout,cell_context_mean,"T cells, Scriptaid",0.27761778,2.2431862,0.3514695465564728,3.1155123710632324
split_cell_heldout,cell_context_mean,"T cells, BAY 61-3606",0.31531218,1.827318,0.4263804852962494,2.842625379562378
split_cell_heldout,cell_context_mean,"T cells, LY2090314",-0.22847567,2.5058103,-0.2797563076019287,3.3820321559906006
split_cell_heldout,cell_context_mean,"T cells, Vardenafil",0.16330332,0.5503159,0.44430944323539734,1.6591660976409912
split_cell_heldout,cell_context_mean,"T cells, Dasatinib",0.5417932,1.0402093,0.7563470005989075,2.134154796600342
split_cell_heldout,cell_context_mean,"T cells, AT13387",0.3670787,2.0436575,0.47005707025527954,2.9735913276672363
split_cell_heldout,cell_context_mean,"T cells, PF-04691502",0.48480308,1.0626719,0.6936206221580505,2.254999876022339
split_cell_heldout,cell_context_mean,"T cells, Perhexiline",0.5297754,0.92681795,0.7665877938270569,2.086127996444702
split_cell_heldout,cell_context_mean,"T cells, RVX-208",0.2828875,0.8247514,0.459796279668808,1.999522089958191
split_cell_heldout,cell_context_mean,"T cells, Ketoconazole",-0.24790645,1.2900563,-0.4287951588630676,2.7048184871673584
split_cell_heldout,cell_context_mean,"T cells, Disulfiram",0.0037164052,0.6004334,0.03164827451109886,1.7719202041625977
split_cell_heldout,cell_context_mean,"T cells, Flutamide",0.012755132,0.5628975,0.33719703555107117,1.690379023551941
split_cell_heldout,cell_context_mean,"T cells, Desloratadine",0.07548263,0.5488369,0.24639613926410675,1.6042890548706055
split_cell_heldout,cell_context_mean,"T cells, Dactolisib",0.50251436,1.4935436,0.6821736693382263,2.6240363121032715
split_cell_heldout,cell_context_mean,"T cells, BMS-536924",0.50704247,1.06782,0.7226893305778503,2.2554304599761963
split_cell_heldout,cell_context_mean,"T cells, IKK Inhibitor VII",0.45297334,0.89837873,0.7065337896347046,2.033726453781128
split_cell_heldout,cell_context_mean,"T cells, Amiodarone",0.090595804,0.61102873,0.17087362706661224,1.987779140472412
split_cell_heldout,cell_context_mean,"T cells, Isoniazid",-0.026758546,0.5499782,-0.0580274872481823,1.6147018671035767
split_cell_heldout,cell_context_mean,"T cells, IMD-0354",0.3896842,1.6577828,0.5244655013084412,2.7487685680389404
split_cell_heldout,cell_context_mean,"T cells, Canertinib",0.16459288,0.78709036,0.33416569232940674,2.052605390548706
split_cell_heldout,cell_context_mean,"T cells, Idelalisib",0.42089072,0.84851635,0.6873776316642761,2.0171403884887695
split_cell_heldout,cell_context_mean,"T cells, Alogliptin",-0.063676156,0.59547853,-0.1539081484079361,1.7483935356140137
split_cell_heldout,cell_context_mean,"T cells, Penfluridol",0.031743806,0.5378077,0.1465921700000763,1.674742579460144
split_cell_heldout,cell_context_mean,"T cells, Quizartinib",0.13937692,0.55620915,0.2605426013469696,1.8136872053146362
split_cell_heldout,cell_context_mean,"T cells, RN-486",0.043032903,0.5362432,0.1813022643327713,1.6336992979049683
split_cell_heldout,cell_context_mean,"T cells, PD-0325901",0.45061472,0.8225381,0.698009192943573,1.9748575687408447
split_cell_heldout,cell_context_mean,"T cells, Decitabine",0.16935429,0.5070595,0.2908344268798828,1.6508593559265137
split_cell_heldout,cell_context_mean,"T cells, LDN 193189",0.16960435,0.569145,0.34565117955207825,1.7072153091430664
split_cell_heldout,cell_context_mean,"T cells, Cabozantinib",-0.09867047,0.6780416,-0.1365092396736145,1.916245460510254
split_cell_heldout,cell_context_mean,"T cells, Riociguat",0.1263793,0.5231964,0.11730985343456268,1.7756197452545166
split_cell_heldout,cell_context_mean,"T cells, CHIR-99021",-0.26496136,1.5211623,-0.4018872380256653,2.8573944568634033
split_cell_heldout,cell_context_mean,"T cells, Defactinib",0.12855163,0.76891536,0.30961528420448303,2.0731606483459473
split_cell_heldout,cell_context_mean,"T cells, BI-D1870",-0.018917643,0.619768,-0.02680433914065361,1.7229658365249634
split_cell_heldout,cell_context_mean,"T cells, AZD3514",0.29778257,0.7504409,0.496379017829895,1.9398484230041504
split_cell_heldout,cell_context_mean,"T cells, HMN-214",-0.16951905,0.76537097,-0.46477189660072327,2.2409911155700684
split_cell_heldout,cell_context_mean,"T cells, CC-401",0.42539474,0.77414715,0.6652385592460632,1.9173738956451416
split_cell_heldout,cell_context_mean,"T cells, Resminostat",0.32141528,2.1684196,0.4079783856868744,3.0604188442230225
split_cell_heldout,cell_context_mean,"T cells, Crizotinib",0.4954643,0.76387316,0.7108840346336365,1.9061540365219116
split_cell_heldout,cell_context_mean,"T cells, Azacitidine",0.15954496,0.61517286,0.3615371882915497,1.7254327535629272
split_cell_heldout,cell_context_mean,"T cells, TR-14035",0.31428933,0.5554495,0.5873047709465027,1.5778484344482422
split_cell_heldout,cell_context_mean,"T cells, Nilotinib",0.5286513,0.77862567,0.783413827419281,1.8383229970932007
split_cell_heldout,cell_context_mean,"T cells, AT 7867",0.22642207,0.8599372,0.3945707678794861,2.031923532485962
split_cell_heldout,cell_context_mean,"T cells, OSI-930",-0.06543229,0.570001,-0.13708488643169403,1.735432744026184
split_cell_heldout,cell_context_mean,"T cells, GO-6976",-0.15112028,0.94007105,-0.30573713779449463,2.1658735275268555
split_cell_heldout,cell_context_mean,"T cells, Saracatinib",0.5286097,0.80861855,0.754383385181427,1.8580387830734253
split_cell_heldout,cell_context_mean,"T cells, RG7112",0.29645637,0.60203177,0.5336540341377258,2.1567234992980957
split_cell_heldout,cell_context_mean,"T cells, Lamivudine",0.18889017,0.51870644,0.3017641007900238,1.5915110111236572
split_cell_heldout,cell_context_mean,"T cells, TGX 221",0.5344375,0.6861593,0.8037359118461609,1.7317050695419312
split_cell_heldout,cell_context_mean,"T cells, Pitavastatin Calcium",-0.25326222,1.6480643,-0.35154417157173157,2.893867254257202
split_cell_heldout,cell_context_mean,"T cells, ABT737",0.0589592,0.6148291,0.37799349427223206,1.8671940565109253
split_cell_heldout,cell_context_mean,"T cells, PRT-062607",0.5834967,0.9498473,0.7997916340827942,2.017326593399048
split_cell_heldout,cell_context_mean,"T cells, AZ628",0.5324017,0.6935242,0.7898920774459839,1.7824249267578125
split_cell_heldout,cell_context_mean,"T cells, AZD-8330",0.50728637,0.7241879,0.7738701701164246,1.791020393371582
split_cell_heldout,cell_context_mean,"T cells, Masitinib",0.20784721,0.56482863,0.612971842288971,1.5236865282058716
split_cell_heldout,cell_context_mean,"T cells, Ceritinib",0.41520473,0.56428987,0.6960668563842773,1.5730934143066406
split_cell_heldout,cell_context_mean,"T cells, CGM-097",-0.092141606,1.3845332,-0.13400690257549286,2.687864065170288
split_cell_heldout,cell_context_mean,"T cells, SLx-2119",0.26048243,0.59804547,0.4881897270679474,1.7740377187728882
split_cell_heldout,cell_context_mean,"T cells, Nefazodone",0.31184462,0.46879992,0.5981908440589905,1.5052132606506348
split_cell_heldout,cell_context_mean,"T cells, STK219801",0.12926453,0.56944406,0.2505795359611511,1.8519814014434814
split_cell_heldout,cell_context_mean,"T cells, TPCA-1",0.5686357,1.0884047,0.7599903345108032,2.1587393283843994
split_cell_heldout,cell_context_mean,"T cells, MGCD-265",0.37214836,0.4662535,0.6144229173660278,1.492770791053772
split_cell_heldout,cell_context_mean,"T cells, GSK-1070916",0.2798357,0.5779481,0.5672287940979004,1.684355616569519
split_cell_heldout,cell_context_mean,"T cells, Ricolinostat",0.19056238,0.8720195,0.41219499707221985,2.062915563583374
split_cell_heldout,cell_context_mean,"T cells, Bosutinib",0.4817972,0.9868559,0.7030650973320007,2.1218435764312744
split_cell_heldout,cell_context_mean,"T cells, Clemastine",0.29087394,0.52757245,0.6520490646362305,1.51026451587677
split_cell_heldout,cell_context_mean,"T cells, YK 4-279",-0.13176052,0.65678656,-0.3063965439796448,1.7879486083984375
split_cell_heldout,cell_context_mean,"T cells, Buspirone",0.025445113,0.5267913,-0.026901880279183388,1.7186065912246704
split_cell_heldout,cell_context_mean,"T cells, Midostaurin",0.4433068,0.8535311,0.7206618785858154,2.0588886737823486
split_cell_heldout,cell_context_mean,"T cells, CEP-37440",0.3288516,0.6441554,0.6494536995887756,1.8439069986343384
split_cell_heldout,cell_context_mean,"T cells, GSK256066",0.28265166,0.73700505,0.5032418370246887,2.126208782196045
split_cell_heldout,cell_context_mean,"T cells, R428",0.48520532,0.9026832,0.6951056718826294,2.070518970489502
split_cell_heldout,cell_context_mean,"T cells, Oxybenzone",0.1697765,0.49437082,0.391393780708313,1.5485889911651611
split_cell_heldout,cell_context_mean,"T cells, Vandetanib",0.15508808,0.5262575,0.36038291454315186,1.5884196758270264
split_cell_heldout,cell_context_mean,"T cells, Imatinib",0.16641276,0.5135781,0.31582769751548767,1.5670400857925415
split_cell_heldout,cell_context_mean,"T cells, SCH-58261",0.035686847,0.54970604,-0.022955534979701042,1.7339459657669067
split_cell_heldout,cell_context_mean,"T cells, Colforsin",0.20224775,0.55098796,0.3428478240966797,1.5786182880401611
split_cell_heldout,cell_context_mean,"T cells, Tivantinib",0.23863351,0.74392873,0.4429449737071991,1.8640999794006348
split_cell_heldout,cell_context_mean,"T cells, Tosedostat",0.26682428,0.7606368,0.4786572754383087,1.9385242462158203
split_cell_heldout,cell_context_mean,"T cells, Colchicine",0.20656574,0.9482095,0.3994435667991638,2.303431272506714
split_cell_heldout,cell_context_mean,"T cells, ABT-199 (GDC-0199)",-0.0077205906,0.58727646,0.35220491886138916,1.730664610862732
split_cell_heldout,cell_context_mean,"T cells, Mometasone Furoate",0.47969475,1.4104412,0.616527795791626,2.580724000930786
split_cell_heldout,cell_context_mean,"T cells, Tipifarnib",0.40962052,0.6330176,0.701549768447876,1.7261375188827515
split_cell_heldout,cell_context_mean,"T cells, BX 912",0.5382903,0.74814016,0.7945919036865234,1.8347878456115723
split_cell_heldout,cell_context_mean,"T cells, Doxorubicin",0.3083746,1.3504595,0.4713611304759979,2.517037868499756
split_cell_heldout,cell_context_mean,"T cells, PF-03814735",0.5289608,1.0819945,0.7337295413017273,2.198667526245117
split_cell_heldout,cell_context_mean,"T cells, AZD4547",0.28044614,0.50335044,0.4662861227989197,1.5858403444290161
split_cell_heldout,cell_context_mean,"T cells, Prednisolone",0.45104748,1.3625617,0.5886034369468689,2.567544460296631
split_cell_heldout,cell_context_mean,"T cells, Tacalcitol",0.32706717,0.6431323,0.6489506959915161,1.7276793718338013
split_cell_heldout,cell_context_mean,"T cells, Selumetinib",0.43800935,0.630945,0.7085183262825012,1.7480647563934326
split_cell_heldout,cell_context_mean,"T cells, Clotrimazole",0.08465371,0.5551843,0.16402272880077362,1.7532267570495605
split_cell_heldout,cell_context_mean,"T cells, RG7090",-0.15577303,0.8562819,-0.25866034626960754,2.1213173866271973
split_cell_heldout,cell_context_mean,"T cells, GLPG0634",0.43204853,0.7378725,0.7251807451248169,1.818583369255066
split_cell_heldout,cell_context_mean,"T cells, Mubritinib (TAK 165)",0.30459797,1.1209466,0.5148392915725708,2.3567543029785156
split_cell_heldout,cell_context_mean,"T cells, Vanoxerine",0.13240993,0.59857553,0.34179821610450745,1.721913456916809
split_cell_heldout,cell_context_mean,"T cells, SB525334",-0.3547582,1.0726162,-0.5552621483802795,2.411736011505127
split_cell_heldout,cell_context_mean,"T cells, HYDROXYUREA",-0.025324712,0.56196165,-0.22116252779960632,1.7636351585388184
split_cell_heldout,drug_mean,"T cells, TIE2 Kinase Inhibitor",0.27977133,0.56486076,0.5771811008453369,1.4693845510482788
split_cell_heldout,drug_mean,"T cells, MK-5108",0.27133536,0.55855364,0.5494440793991089,1.481903076171875
split_cell_heldout,drug_mean,"T cells, Lapatinib",0.33840114,0.58930916,0.661399781703949,1.4930510520935059
split_cell_heldout,drug_mean,"T cells, Atorvastatin",0.2894832,0.5796861,0.5953207612037659,1.440710425376892
split_cell_heldout,drug_mean,"T cells, Ganetespib (STA-9090)",0.65067536,1.7117163,0.7329311966896057,2.320824146270752
split_cell_heldout,drug_mean,"T cells, Clomipramine",0.32303515,0.5724273,0.6055377721786499,1.4446280002593994
split_cell_heldout,drug_mean,"T cells, Sunitinib",0.39751667,0.67185825,0.6743292212486267,1.5549684762954712
split_cell_heldout,drug_mean,"T cells, Tivozanib",0.35117295,0.654018,0.6841452717781067,1.5541415214538574
split_cell_heldout,drug_mean,"T cells, Tamatinib",0.57968485,0.9507969,0.780096709728241,1.5621954202651978
split_cell_heldout,drug_mean,"T cells, Ixabepilone",0.22043109,0.5673883,0.5009956955909729,1.5155786275863647
split_cell_heldout,drug_mean,"T cells, Linagliptin",0.14123632,0.5689442,0.3459582030773163,1.5165042877197266
split_cell_heldout,drug_mean,"T cells, 5-(9-Isopropyl-8-methyl-2-morpholino-9H-purin-6-yl)pyrimidin-2-amine",0.67978835,1.079781,0.8033649921417236,1.6789568662643433
split_cell_heldout,drug_mean,"T cells, O-Demethylated Adapalene",0.30445686,0.6246751,0.6295862793922424,1.4972847700119019
split_cell_heldout,drug_mean,"T cells, Protriptyline",0.16995956,0.5345723,0.4271106719970703,1.5668178796768188
split_cell_heldout,drug_mean,"T cells, I-BET151",0.7111071,1.4331268,0.799788236618042,2.037534475326538
split_cell_heldout,drug_mean,"T cells, Foretinib",0.49979663,0.8534882,0.7547361254692078,1.4978853464126587
split_cell_heldout,drug_mean,"T cells, GW843682X",0.32229838,0.6008078,0.6533847451210022,1.4965111017227173
split_cell_heldout,drug_mean,"T cells, BMS-387032",0.3487581,1.2771254,0.5307397842407227,2.1931064128875732
split_cell_heldout,drug_mean,"T cells, IN1451",0.7687715,1.9407423,0.8148676156997681,2.2927980422973633
split_cell_heldout,drug_mean,"T cells, Raloxifene",0.29626006,0.85009044,0.5317031741142273,1.786513328552246
split_cell_heldout,drug_mean,"T cells, Topotecan",0.54943055,0.90050673,0.7610130310058594,1.6067463159561157
split_cell_heldout,drug_mean,"T cells, BAY 87-2243",0.5378495,1.1169682,0.6891979575157166,1.895622730255127
split_cell_heldout,drug_mean,"T cells, Phenylbutazone",0.17227483,0.56881297,0.3829660415649414,1.5982306003570557
split_cell_heldout,drug_mean,"T cells, K-02288",0.14305523,0.6494706,0.3465723395347595,1.66713285446167
split_cell_heldout,drug_mean,"T cells, BMS-777607",0.2648137,0.61335766,0.5642745494842529,1.4854695796966553
split_cell_heldout,drug_mean,"T cells, Porcn Inhibitor III",0.35852236,0.66155887,0.6207091808319092,1.424889087677002
split_cell_heldout,drug_mean,"T cells, TL_HRAS26",0.24116643,0.5748354,0.5886790752410889,1.727949619293213
split_cell_heldout,drug_mean,"T cells, Proscillaridin A;Proscillaridin-A",0.82369465,1.7270118,0.8538662791252136,1.9451712369918823
split_cell_heldout,drug_mean,"T cells, Vorinostat",0.7270911,1.5605707,0.7978113889694214,2.0905978679656982
split_cell_heldout,drug_mean,"T cells, BMS-265246",0.6478413,1.0531509,0.8031020164489746,1.7060327529907227
split_cell_heldout,drug_mean,"T cells, Ruxolitinib",0.46820006,0.92867374,0.7242913246154785,1.6057868003845215
split_cell_heldout,drug_mean,"T cells, Pomalidomide",0.5566245,1.0365183,0.732839047908783,2.000437021255493
split_cell_heldout,drug_mean,"T cells, Dovitinib",0.4222049,0.7550087,0.7007114291191101,1.6775811910629272
split_cell_heldout,drug_mean,"T cells, AVL-292",0.467675,0.74928385,0.7367020845413208,1.5505768060684204
split_cell_heldout,drug_mean,"T cells, Navitoclax",0.23135187,0.6574686,0.5767216086387634,1.6032068729400635
split_cell_heldout,drug_mean,"T cells, Methotrexate",0.37232503,0.59711885,0.6576809287071228,1.4163999557495117
split_cell_heldout,drug_mean,"T cells, Palbociclib",0.28743666,0.58291477,0.6070923209190369,1.5247398614883423
split_cell_heldout,drug_mean,"T cells, Trametinib",0.3536532,0.78773445,0.6660809516906738,1.5753276348114014
split_cell_heldout,drug_mean,"T cells, AMD-070 (hydrochloride)",0.24946839,0.63661623,0.5615435242652893,1.641374945640564
split_cell_heldout,drug_mean,"T cells, Sgc-cbp30",0.359811,0.76212025,0.5932296514511108,1.71576988697052
split_cell_heldout,drug_mean,"T cells, FK 866",0.49482116,0.8651277,0.7113474607467651,1.731722354888916
split_cell_heldout,drug_mean,"T cells, Chlorpheniramine",0.19682956,0.622623,0.4285241365432739,1.6195937395095825
split_cell_heldout,drug_mean,"T cells, Scriptaid",0.74432355,1.5723614,0.8100326657295227,2.059560775756836
split_cell_heldout,drug_mean,"T cells, BAY 61-3606",0.64807105,1.4438483,0.7564660310745239,2.080138683319092
split_cell_heldout,drug_mean,"T cells, LY2090314",0.45019734,2.1783862,0.522240400314331,2.843292474746704
split_cell_heldout,drug_mean,"T cells, Vardenafil",0.20361093,0.5983252,0.484300434589386,1.5911527872085571
split_cell_heldout,drug_mean,"T cells, Dasatinib",0.5585856,0.9801937,0.753499448299408,1.6378426551818848
split_cell_heldout,drug_mean,"T cells, AT13387",0.62221116,1.6847552,0.710661768913269,2.351954460144043
split_cell_heldout,drug_mean,"T cells, PF-04691502",0.5201611,1.0042214,0.7369622588157654,1.795057773590088
split_cell_heldout,drug_mean,"T cells, Perhexiline",0.5554533,0.86431324,0.7767499685287476,1.6511448621749878
split_cell_heldout,drug_mean,"T cells, RVX-208",0.5078669,0.7497081,0.7031587362289429,1.587255597114563
split_cell_heldout,drug_mean,"T cells, Ketoconazole",0.6138635,0.9598143,0.7819998264312744,1.7093281745910645
split_cell_heldout,drug_mean,"T cells, Disulfiram",0.24374026,0.5852121,0.5169005393981934,1.4752553701400757
split_cell_heldout,drug_mean,"T cells, Flutamide",0.09012913,0.60948324,0.4308135211467743,1.6377944946289062
split_cell_heldout,drug_mean,"T cells, Desloratadine",0.24187566,0.558846,0.5226086974143982,1.4316014051437378
split_cell_heldout,drug_mean,"T cells, Dactolisib",0.707301,1.1376543,0.8308390378952026,1.617341160774231
split_cell_heldout,drug_mean,"T cells, BMS-536924",0.49053782,1.0262094,0.7052915692329407,1.9374333620071411
split_cell_heldout,drug_mean,"T cells, IKK Inhibitor VII",0.46725562,0.9315827,0.7230648994445801,1.6377134323120117
split_cell_heldout,drug_mean,"T cells, Amiodarone",0.2130986,0.6202557,0.5331143736839294,1.7551161050796509
split_cell_heldout,drug_mean,"T cells, Isoniazid",0.067777544,0.5933701,0.11845261603593826,1.5776396989822388
split_cell_heldout,drug_mean,"T cells, IMD-0354",0.631125,1.3513203,0.749080240726471,2.0678274631500244
split_cell_heldout,drug_mean,"T cells, Canertinib",0.40638477,0.7565271,0.6359592080116272,1.6449716091156006
split_cell_heldout,drug_mean,"T cells, Idelalisib",0.4130563,0.8698863,0.6859728097915649,1.7710182666778564
split_cell_heldout,drug_mean,"T cells, Alogliptin",0.19692485,0.5785707,0.4222699999809265,1.5644253492355347
split_cell_heldout,drug_mean,"T cells, Penfluridol",0.17166714,0.58085823,0.24998117983341217,1.6385772228240967
split_cell_heldout,drug_mean,"T cells, Quizartinib",0.16892602,0.61589164,0.4002593755722046,1.7128952741622925
split_cell_heldout,drug_mean,"T cells, RN-486",0.122939005,0.58332986,0.24633653461933136,1.6061064004898071
split_cell_heldout,drug_mean,"T cells, PD-0325901",0.35366213,0.9200985,0.6534180045127869,1.7324706315994263
split_cell_heldout,drug_mean,"T cells, Decitabine",0.13662522,0.55753344,0.21553565561771393,1.6631439924240112
split_cell_heldout,drug_mean,"T cells, LDN 193189",0.25894985,0.6087534,0.5864112973213196,1.4931232929229736
split_cell_heldout,drug_mean,"T cells, Cabozantinib",0.21864112,0.6765583,0.41981080174446106,1.700541377067566
split_cell_heldout,drug_mean,"T cells, Riociguat",0.15495656,0.56686354,0.30315229296684265,1.718044638633728
split_cell_heldout,drug_mean,"T cells, CHIR-99021",0.52107215,1.2357367,0.711712121963501,2.217501163482666
split_cell_heldout,drug_mean,"T cells, Defactinib",0.3897715,0.7504671,0.6805862188339233,1.659483551979065
split_cell_heldout,drug_mean,"T cells, BI-D1870",0.17818035,0.6681827,0.4665400981903076,1.5154963731765747
split_cell_heldout,drug_mean,"T cells, AZD3514",0.483838,0.7009751,0.7291878461837769,1.5580198764801025
split_cell_heldout,drug_mean,"T cells, HMN-214",0.45026505,0.63901347,0.7497210502624512,1.4988380670547485
split_cell_heldout,drug_mean,"T cells, CC-401",0.5044408,0.74712086,0.7215232253074646,1.584172010421753
split_cell_heldout,drug_mean,"T cells, Resminostat",0.7489363,1.5163516,0.8161596655845642,2.0125205516815186
split_cell_heldout,drug_mean,"T cells, Crizotinib",0.5352565,0.73709077,0.7902389168739319,1.4789948463439941
split_cell_heldout,drug_mean,"T cells, Azacitidine",0.30732644,0.6158813,0.5827412009239197,1.54073965549469
split_cell_heldout,drug_mean,"T cells, TR-14035",0.32682544,0.58622885,0.5586207509040833,1.5077180862426758
split_cell_heldout,drug_mean,"T cells, Nilotinib",0.48524976,0.8064081,0.7419230937957764,1.515494704246521
split_cell_heldout,drug_mean,"T cells, AT 7867",0.2777946,0.93494314,0.4947884678840637,1.8628181219100952
split_cell_heldout,drug_mean,"T cells, OSI-930",0.16947058,0.58733666,0.31835779547691345,1.603044867515564
split_cell_heldout,drug_mean,"T cells, GO-6976",0.38837475,0.84250116,0.624144434928894,1.7058420181274414
split_cell_heldout,drug_mean,"T cells, Saracatinib",0.5820844,0.80036,0.7958298921585083,1.3324298858642578
split_cell_heldout,drug_mean,"T cells, RG7112",0.43962136,0.594138,0.6892315745353699,1.590952754020691
split_cell_heldout,drug_mean,"T cells, Lamivudine",0.17079616,0.5913205,0.3264978528022766,1.5728715658187866
split_cell_heldout,drug_mean,"T cells, TGX 221",0.503776,0.710111,0.7825823426246643,1.408332109451294
split_cell_heldout,drug_mean,"T cells, Pitavastatin Calcium",0.5703146,1.3323466,0.7404386401176453,1.9103189706802368
split_cell_heldout,drug_mean,"T cells, ABT737",0.19846857,0.71546817,0.5636333227157593,1.6886788606643677
split_cell_heldout,drug_mean,"T cells, PRT-062607",0.5569918,0.91995317,0.7788372039794922,1.5397759675979614
split_cell_heldout,drug_mean,"T cells, AZ628",0.46257383,0.73991764,0.7347612977027893,1.5083001852035522
split_cell_heldout,drug_mean,"T cells, AZD-8330",0.37638748,0.8171699,0.6727192997932434,1.6322044134140015
split_cell_heldout,drug_mean,"T cells, Masitinib",0.31289992,0.60378486,0.7041609287261963,1.3231505155563354
split_cell_heldout,drug_mean,"T cells, Ceritinib",0.30609772,0.6647432,0.6040332317352295,1.5051645040512085
split_cell_heldout,drug_mean,"T cells, CGM-097",0.60539305,1.0692197,0.7577595114707947,1.8993427753448486
split_cell_heldout,drug_mean,"T cells, SLx-2119",0.29476327,0.63294595,0.590406060218811,1.5750473737716675
split_cell_heldout,drug_mean,"T cells, Nefazodone",0.19561914,0.5469581,0.3789385259151459,1.5384231805801392
split_cell_heldout,drug_mean,"T cells, STK219801",0.2738132,0.60155916,0.5190122723579407,1.567694902420044
split_cell_heldout,drug_mean,"T cells, TPCA-1",0.5793732,0.9962458,0.7809752225875854,1.630765676498413
split_cell_heldout,drug_mean,"T cells, MGCD-265",0.22860482,0.5662404,0.4344708025455475,1.5349434614181519
split_cell_heldout,drug_mean,"T cells, GSK-1070916",0.35756433,0.6050374,0.6099264621734619,1.4564909934997559
split_cell_heldout,drug_mean,"T cells, Ricolinostat",0.5457506,0.7603789,0.7568105459213257,1.4958961009979248
split_cell_heldout,drug_mean,"T cells, Bosutinib",0.5967534,0.91494703,0.8001110553741455,1.4462732076644897
split_cell_heldout,drug_mean,"T cells, Clemastine",0.3083082,0.583678,0.6707791686058044,1.3649137020111084
split_cell_heldout,drug_mean,"T cells, YK 4-279",0.2890811,0.5981377,0.5538785457611084,1.4472739696502686
split_cell_heldout,drug_mean,"T cells, Buspirone",0.12727574,0.5564903,0.16652879118919373,1.6852784156799316
split_cell_heldout,drug_mean,"T cells, Midostaurin",0.45192507,0.8557439,0.7254056334495544,1.7397358417510986
split_cell_heldout,drug_mean,"T cells, CEP-37440",0.3460321,0.6899225,0.6728843450546265,1.641252040863037
split_cell_heldout,drug_mean,"T cells, GSK256066",0.40601525,0.7720513,0.6462327837944031,1.7098444700241089
split_cell_heldout,drug_mean,"T cells, R428",0.4365684,1.23254,0.7175071835517883,1.5952117443084717
split_cell_heldout,drug_mean,"T cells, Oxybenzone",0.16446297,0.5413363,0.3836008608341217,1.5068254470825195
split_cell_heldout,drug_mean,"T cells, Vandetanib",0.17659566,0.60658437,0.4059129059314728,1.5377941131591797
split_cell_heldout,drug_mean,"T cells, Imatinib",0.107924975,0.5748878,0.19833911955356598,1.595005989074707
split_cell_heldout,drug_mean,"T cells, SCH-58261",0.19256575,0.56748533,0.3854350745677948,1.5857079029083252
split_cell_heldout,drug_mean,"T cells, Colforsin",0.21523826,0.59749305,0.4958236515522003,1.4836779832839966
split_cell_heldout,drug_mean,"T cells, Tivantinib",0.40325677,0.7230813,0.6655902862548828,1.5710186958312988
split_cell_heldout,drug_mean,"T cells, Tosedostat",0.43034574,0.7438226,0.6941869854927063,1.5842496156692505
split_cell_heldout,drug_mean,"T cells, Colchicine",0.42390767,1.1006144,0.7190626263618469,1.6866109371185303
split_cell_heldout,drug_mean,"T cells, ABT-199 (GDC-0199)",0.20492902,0.61960995,0.5132606029510498,1.6090316772460938
split_cell_heldout,drug_mean,"T cells, Mometasone Furoate",0.6020275,1.2160522,0.7580761909484863,1.894331693649292
split_cell_heldout,drug_mean,"T cells, Tipifarnib",0.39086315,0.67583287,0.6655551791191101,1.5624252557754517
split_cell_heldout,drug_mean,"T cells, BX 912",0.41092393,0.7928352,0.7039324045181274,1.7199400663375854
split_cell_heldout,drug_mean,"T cells, Doxorubicin",0.56679976,1.26022,0.7742556929588318,1.6978163719177246
split_cell_heldout,drug_mean,"T cells, PF-03814735",0.6056426,1.0054117,0.8073300123214722,1.4988045692443848
split_cell_heldout,drug_mean,"T cells, AZD4547",0.18881018,0.5817,0.3173370659351349,1.6099865436553955
split_cell_heldout,drug_mean,"T cells, Prednisolone",0.5709569,1.1939044,0.7195627689361572,2.020080804824829
split_cell_heldout,drug_mean,"T cells, Tacalcitol",0.34972346,0.8853868,0.6897985935211182,1.4259974956512451
split_cell_heldout,drug_mean,"T cells, Selumetinib",0.3611519,0.730269,0.6909328103065491,1.540345311164856
split_cell_heldout,drug_mean,"T cells, Clotrimazole",0.22691151,0.5820529,0.5082421898841858,1.579633355140686
split_cell_heldout,drug_mean,"T cells, RG7090",0.35646528,0.7555882,0.6412327289581299,1.6830458641052246
split_cell_heldout,drug_mean,"T cells, GLPG0634",0.4882978,0.7337937,0.7673437595367432,1.4707533121109009
split_cell_heldout,drug_mean,"T cells, Mubritinib (TAK 165)",0.46220616,1.0441065,0.6557794809341431,1.996933102607727
split_cell_heldout,drug_mean,"T cells, Vanoxerine",0.2245208,0.62318426,0.5149338841438293,1.5938856601715088
split_cell_heldout,drug_mean,"T cells, SB525334",0.506552,0.8433592,0.7353808283805847,1.6701881885528564
split_cell_heldout,drug_mean,"T cells, HYDROXYUREA",0.1460838,0.57691795,0.31674832105636597,1.6407276391983032
split_scaffold_heldout,global_train_mean,"B cells, Ganetespib (STA-9090)",0.4629743,1.6251007,0.599942147731781,2.7202491760253906
split_scaffold_heldout,global_train_mean,"Myeloid cells, Ganetespib (STA-9090)",0.4744242,1.4452446,0.6423842906951904,2.5315327644348145
split_scaffold_heldout,global_train_mean,"NK cells, Ganetespib (STA-9090)",0.4013183,1.0748342,0.6066256761550903,2.257321834564209
split_scaffold_heldout,global_train_mean,"T cells, Ganetespib (STA-9090)",0.43108013,2.1305525,0.5218051075935364,3.0252952575683594
split_scaffold_heldout,global_train_mean,"B cells, Sunitinib",0.43448126,0.7931879,0.6756056547164917,1.9681466817855835
split_scaffold_heldout,global_train_mean,"Myeloid cells, Sunitinib",0.09296453,0.67034703,0.26019027829170227,1.7985600233078003
split_scaffold_heldout,global_train_mean,"NK cells, Sunitinib",0.17896438,0.6497197,0.2879069149494171,1.745568871498108
split_scaffold_heldout,global_train_mean,"T cells, Sunitinib",0.41947693,0.64411443,0.6766569018363953,1.7390469312667847
split_scaffold_heldout,global_train_mean,"B cells, 5-(9-Isopropyl-8-methyl-2-morpholino-9H-purin-6-yl)pyrimidin-2-amine",0.62559116,1.2771822,0.7858378291130066,2.366849899291992
split_scaffold_heldout,global_train_mean,"Myeloid cells, 5-(9-Isopropyl-8-methyl-2-morpholino-9H-purin-6-yl)pyrimidin-2-amine",0.4284147,1.5514642,0.5841445922851562,2.694382905960083
split_scaffold_heldout,global_train_mean,"NK cells, 5-(9-Isopropyl-8-methyl-2-morpholino-9H-purin-6-yl)pyrimidin-2-amine",0.42032132,0.83896846,0.6568768620491028,1.9719276428222656
split_scaffold_heldout,global_train_mean,"T cells, 5-(9-Isopropyl-8-methyl-2-morpholino-9H-purin-6-yl)pyrimidin-2-amine",0.6338376,1.3441815,0.7888426780700684,2.4128568172454834
split_scaffold_heldout,global_train_mean,"B cells, BAY 87-2243",0.52307564,0.9278841,0.7366347312927246,2.1137585639953613
split_scaffold_heldout,global_train_mean,"Myeloid cells, BAY 87-2243",0.3050672,1.4090255,0.4055532217025757,2.5539605617523193
split_scaffold_heldout,global_train_mean,"NK cells, BAY 87-2243",0.34222108,0.8983622,0.5340254306793213,2.1550705432891846
split_scaffold_heldout,global_train_mean,"T cells, BAY 87-2243",0.42442295,1.2423376,0.5964695811271667,2.3703322410583496
split_scaffold_heldout,global_train_mean,"B cells, Porcn Inhibitor III",-0.023440247,0.61447555,0.07525382936000824,1.7686271667480469
split_scaffold_heldout,global_train_mean,"Myeloid cells, Porcn Inhibitor III",-0.1666213,1.2255671,-0.23204147815704346,2.575624942779541
split_scaffold_heldout,global_train_mean,"NK cells, Porcn Inhibitor III",-0.07370605,0.7731569,-0.148769810795784,2.032914161682129
split_scaffold_heldout,global_train_mean,"T cells, Porcn Inhibitor III",-0.24609816,0.70940614,-0.4080212712287903,1.8599048852920532
split_scaffold_heldout,global_train_mean,"NK cells, Vorinostat",0.32751808,1.2024274,0.5275806188583374,2.393704891204834
split_scaffold_heldout,global_train_mean,"T cells, Vorinostat",0.38135532,2.1441815,0.47504207491874695,3.039034128189087
split_scaffold_heldout,global_train_mean,"NK cells, Trametinib",0.2202098,0.69187313,0.4588014781475067,1.7949429750442505
split_scaffold_heldout,global_train_mean,"T cells, Trametinib",0.35153303,0.6674749,0.6631510257720947,1.8350647687911987
split_scaffold_heldout,global_train_mean,"NK cells, Dasatinib",0.25360358,0.74374586,0.4269263744354248,1.8568845987319946
split_scaffold_heldout,global_train_mean,"T cells, Dasatinib",0.6101387,1.0299051,0.800430178642273,2.1196792125701904
split_scaffold_heldout,global_train_mean,"B cells, PF-04691502",0.5499381,1.0748585,0.7503119111061096,2.231097936630249
split_scaffold_heldout,global_train_mean,"NK cells, PF-04691502",0.29965398,0.75347966,0.5661895871162415,1.8157187700271606
split_scaffold_heldout,global_train_mean,"T cells, PF-04691502",0.5366178,1.0555587,0.7355567216873169,2.2469382286071777
split_scaffold_heldout,global_train_mean,"NK cells, Flutamide",0.1384492,0.6773713,0.3645528554916382,1.7758681774139404
split_scaffold_heldout,global_train_mean,"T cells, Flutamide",0.05438202,0.5476324,0.41261276602745056,1.6557241678237915
split_scaffold_heldout,global_train_mean,"NK cells, Amiodarone",0.16325723,0.6530431,0.28051286935806274,1.7945479154586792
split_scaffold_heldout,global_train_mean,"T cells, Amiodarone",0.17266627,0.5888492,0.41849440336227417,1.920994758605957
split_scaffold_heldout,global_train_mean,"NK cells, IMD-0354",0.3406754,0.9040766,0.5837269425392151,2.0952160358428955
split_scaffold_heldout,global_train_mean,"T cells, IMD-0354",0.44077545,1.650611,0.5704566836357117,2.741795778274536
split_scaffold_heldout,global_train_mean,"NK cells, Canertinib",0.09122019,0.69860476,0.1499207764863968,1.9456270933151245
split_scaffold_heldout,global_train_mean,"T cells, Canertinib",0.21135163,0.77476865,0.3858514726161957,2.0389561653137207
split_scaffold_heldout,global_train_mean,"B cells, PD-0325901",0.4635601,0.7635297,0.7123168110847473,1.9630188941955566
split_scaffold_heldout,global_train_mean,"Myeloid cells, PD-0325901",0.350118,1.3412375,0.5197750329971313,2.5088324546813965
split_scaffold_heldout,global_train_mean,"NK cells, PD-0325901",0.26363042,0.7598298,0.45963573455810547,1.9198393821716309
split_scaffold_heldout,global_train_mean,"T cells, PD-0325901",0.5148094,0.8104184,0.7349645495414734,1.963963508605957
split_scaffold_heldout,global_train_mean,"NK cells, Defactinib",0.14572953,0.66234213,0.37965095043182373,1.8229399919509888
split_scaffold_heldout,global_train_mean,"T cells, Defactinib",0.21708311,0.74611264,0.4235914945602417,2.032639980316162
split_scaffold_heldout,global_train_mean,"NK cells, Nilotinib",0.30679262,0.7054848,0.53404301404953,1.7978094816207886
split_scaffold_heldout,global_train_mean,"T cells, Nilotinib",0.6097267,0.76323044,0.832342267036438,1.810667872428894
split_scaffold_heldout,global_train_mean,"B cells, Pitavastatin Calcium",-0.17227018,1.1423142,-0.2507403492927551,2.4554882049560547
split_scaffold_heldout,global_train_mean,"Myeloid cells, Pitavastatin Calcium",-0.06718892,2.3515327,-0.06968646496534348,3.2334208488464355
split_scaffold_heldout,global_train_mean,"NK cells, Pitavastatin Calcium",-0.15552802,1.4295363,-0.2091856747865677,2.7154531478881836
split_scaffold_heldout,global_train_mean,"T cells, Pitavastatin Calcium",-0.24859296,1.6409531,-0.34238922595977783,2.887160301208496
split_scaffold_heldout,global_train_mean,"NK cells, Nefazodone",0.16889952,0.6523714,0.32915741205215454,1.8188412189483643
split_scaffold_heldout,global_train_mean,"T cells, Nefazodone",0.34753853,0.4577265,0.6445013880729675,1.5018812417984009
split_scaffold_heldout,global_train_mean,"NK cells, TPCA-1",0.41982,0.8343807,0.6478458642959595,1.901705026626587
split_scaffold_heldout,global_train_mean,"T cells, TPCA-1",0.65873075,1.0732242,0.8257834911346436,2.1326146125793457
split_scaffold_heldout,global_train_mean,"B cells, CEP-37440",0.34634712,0.68494993,0.608549177646637,1.8273932933807373
split_scaffold_heldout,global_train_mean,"Myeloid cells, CEP-37440",0.15398182,0.9302207,0.33298397064208984,2.1843323707580566
split_scaffold_heldout,global_train_mean,"NK cells, CEP-37440",0.2464574,0.66778105,0.4031815826892853,1.8254306316375732
split_scaffold_heldout,global_train_mean,"T cells, CEP-37440",0.3760553,0.6326365,0.6793922781944275,1.8417683839797974
split_scaffold_heldout,global_train_mean,"B cells, Oxybenzone",0.20262736,0.54461485,0.30783745646476746,1.6874852180480957
split_scaffold_heldout,global_train_mean,"Myeloid cells, Oxybenzone",0.1893348,0.52563447,0.4217657744884491,1.6243607997894287
split_scaffold_heldout,global_train_mean,"NK cells, Oxybenzone",0.143583,0.63010746,0.2292095422744751,1.7800498008728027
split_scaffold_heldout,global_train_mean,"T cells, Oxybenzone",0.24294941,0.4731992,0.5058441162109375,1.5215972661972046
split_scaffold_heldout,global_train_mean,"NK cells, Colforsin",0.09789432,0.6551483,0.09110730141401291,1.824994683265686
split_scaffold_heldout,global_train_mean,"T cells, Colforsin",0.2772061,0.530575,0.45822805166244507,1.5374603271484375
split_scaffold_heldout,global_train_mean,"B cells, Colchicine",0.19605492,1.0607191,0.36157482862472534,2.3658125400543213
split_scaffold_heldout,global_train_mean,"Myeloid cells, Colchicine",0.19475132,2.4563258,0.253772497177124,3.269526243209839
split_scaffold_heldout,global_train_mean,"NK cells, Colchicine",0.23947208,0.7108684,0.4208487868309021,1.8200528621673584
split_scaffold_heldout,global_train_mean,"T cells, Colchicine",0.20860663,0.94727653,0.39826494455337524,2.3104352951049805
split_scaffold_heldout,global_train_mean,"NK cells, Doxorubicin",0.2644291,0.8327416,0.477043092250824,2.06143856048584
split_scaffold_heldout,global_train_mean,"T cells, Doxorubicin",0.3511095,1.3431989,0.5180957317352295,2.5090274810791016
split_scaffold_heldout,global_train_mean,"NK cells, AZD4547",0.14482531,0.6525683,0.35245323181152344,1.791691541671753
split_scaffold_heldout,global_train_mean,"T cells, AZD4547",0.3116224,0.49317905,0.5088468790054321,1.5764045715332031
split_scaffold_heldout,global_train_mean,"NK cells, Prednisolone",0.32012275,0.9043473,0.4974037706851959,2.1540935039520264
split_scaffold_heldout,global_train_mean,"T cells, Prednisolone",0.50926435,1.3540815,0.63936448097229,2.556739091873169
split_scaffold_heldout,global_train_mean,"NK cells, Tacalcitol",0.21987602,0.6758885,0.3845877945423126,1.808367133140564
split_scaffold_heldout,global_train_mean,"T cells, Tacalcitol",0.40238687,0.6250886,0.7271864414215088,1.6929811239242554
split_scaffold_heldout,global_train_mean,"NK cells, Vanoxerine",0.16411346,0.65693766,0.23683978617191315,1.7689074277877808
split_scaffold_heldout,global_train_mean,"T cells, Vanoxerine",0.23337804,0.5722399,0.48716115951538086,1.6698758602142334
split_scaffold_heldout,global_train_mean,"B cells, Vorinostat",0.36759284,1.5867903,0.5073418021202087,2.6627938747406006
split_scaffold_heldout,global_train_mean,"Myeloid cells, Vorinostat",0.34447902,1.8284339,0.47990041971206665,2.8696603775024414
split_scaffold_heldout,global_train_mean,"B cells, Trametinib",0.25285017,0.7343312,0.5502066016197205,1.8951669931411743
split_scaffold_heldout,global_train_mean,"Myeloid cells, Trametinib",0.12175316,1.4269822,0.19872263073921204,2.6074116230010986
split_scaffold_heldout,global_train_mean,"B cells, Dasatinib",0.53562695,1.1433458,0.7448495030403137,2.3273186683654785
split_scaffold_heldout,global_train_mean,"Myeloid cells, Dasatinib",0.50817555,1.4912916,0.6749622225761414,2.5562334060668945
split_scaffold_heldout,global_train_mean,"B cells, Flutamide",0.09108729,0.5804752,0.14979057013988495,1.7824407815933228
split_scaffold_heldout,global_train_mean,"Myeloid cells, Flutamide",0.23854175,0.58623374,0.43306899070739746,1.7215393781661987
split_scaffold_heldout,global_train_mean,"B cells, Amiodarone",0.09920026,0.5572061,0.17985016107559204,1.6424163579940796
split_scaffold_heldout,global_train_mean,"Myeloid cells, Amiodarone",0.10118981,0.6289431,0.23958158493041992,1.825352430343628
split_scaffold_heldout,global_train_mean,"B cells, IMD-0354",0.39125794,1.200833,0.5818662643432617,2.4454305171966553
split_scaffold_heldout,global_train_mean,"Myeloid cells, IMD-0354",0.4262698,1.5273181,0.5853101015090942,2.6401002407073975
split_scaffold_heldout,global_train_mean,"B cells, Canertinib",0.23835516,0.71993613,0.44986799359321594,1.93087637424469
split_scaffold_heldout,global_train_mean,"B cells, Defactinib",0.37886196,0.69475365,0.636732816696167,1.7541264295578003
split_scaffold_heldout,global_train_mean,"Myeloid cells, Defactinib",0.45447707,0.98996955,0.702080249786377,2.119126796722412
split_scaffold_heldout,global_train_mean,"B cells, Nilotinib",0.581451,0.8409447,0.8143510818481445,1.9696930646896362
split_scaffold_heldout,global_train_mean,"Myeloid cells, Nilotinib",0.36161712,1.1500596,0.5604973435401917,2.347846508026123
split_scaffold_heldout,global_train_mean,"B cells, Nefazodone",0.21364994,0.5804288,0.3868337571620941,1.7722469568252563
split_scaffold_heldout,global_train_mean,"Myeloid cells, Nefazodone",0.2934258,0.51627433,0.586207926273346,1.5958770513534546
split_scaffold_heldout,global_train_mean,"B cells, TPCA-1",0.6398885,1.0765991,0.8122202157974243,2.176907777786255
split_scaffold_heldout,global_train_mean,"Myeloid cells, TPCA-1",0.5100802,1.3804343,0.6884060502052307,2.505345344543457
split_scaffold_heldout,global_train_mean,"B cells, Colforsin",0.2371241,0.56330484,0.35359787940979004,1.6774015426635742
split_scaffold_heldout,global_train_mean,"Myeloid cells, Colforsin",0.1481412,0.66564995,0.2980165183544159,1.931077480316162
split_scaffold_heldout,global_train_mean,"B cells, Doxorubicin",-0.0003233138,1.778463,0.01905209757387638,2.8980634212493896
split_scaffold_heldout,global_train_mean,"Myeloid cells, Doxorubicin",0.17600872,2.3339455,0.22915184497833252,3.1783008575439453
split_scaffold_heldout,global_train_mean,"B cells, AZD4547",0.18463105,0.5770544,0.44033586978912354,1.7240912914276123
split_scaffold_heldout,global_train_mean,"Myeloid cells, AZD4547",0.24912599,0.6495214,0.5019034147262573,1.8353899717330933
split_scaffold_heldout,global_train_mean,"B cells, Prednisolone",0.4971201,1.0422845,0.7029504776000977,2.254964590072632
split_scaffold_heldout,global_train_mean,"Myeloid cells, Prednisolone",0.43203562,1.5410569,0.5779379606246948,2.6505143642425537
split_scaffold_heldout,global_train_mean,"B cells, Tacalcitol",0.36878505,0.6477569,0.5979530215263367,1.7011816501617432
split_scaffold_heldout,global_train_mean,"Myeloid cells, Tacalcitol",0.1612287,2.2145839,0.21330693364143372,3.1566319465637207
split_scaffold_heldout,global_train_mean,"B cells, Vanoxerine",0.21263339,0.5782055,0.3772757947444916,1.7424856424331665
split_scaffold_heldout,global_train_mean,"Myeloid cells, Vanoxerine",0.4070337,0.56939036,0.6655067801475525,1.6092231273651123
split_scaffold_heldout,cell_context_mean,"B cells, Ganetespib (STA-9090)",0.515612,1.5781276,0.6537261605262756,2.629263162612915
split_scaffold_heldout,cell_context_mean,"Myeloid cells, Ganetespib (STA-9090)",0.48602197,1.3991832,0.640295147895813,2.43396258354187
split_scaffold_heldout,cell_context_mean,"NK cells, Ganetespib (STA-9090)",0.42362124,1.0729989,0.6586647033691406,2.254770040512085
split_scaffold_heldout,cell_context_mean,"T cells, Ganetespib (STA-9090)",0.5259536,2.071384,0.6069214940071106,2.9391283988952637
split_scaffold_heldout,cell_context_mean,"B cells, Sunitinib",0.5172994,0.7523802,0.748058557510376,1.8112469911575317
split_scaffold_heldout,cell_context_mean,"Myeloid cells, Sunitinib",0.06111618,0.72408813,0.21406076848506927,1.806349754333496
split_scaffold_heldout,cell_context_mean,"NK cells, Sunitinib",0.28173336,0.6260337,0.45289286971092224,1.6931772232055664
split_scaffold_heldout,cell_context_mean,"T cells, Sunitinib",0.43780032,0.6329409,0.6833946108818054,1.6460576057434082
split_scaffold_heldout,cell_context_mean,"B cells, 5-(9-Isopropyl-8-methyl-2-morpholino-9H-purin-6-yl)pyrimidin-2-amine",0.6917839,1.2095706,0.8214728832244873,2.2304084300994873
split_scaffold_heldout,cell_context_mean,"Myeloid cells, 5-(9-Isopropyl-8-methyl-2-morpholino-9H-purin-6-yl)pyrimidin-2-amine",0.3976388,1.527132,0.5386504530906677,2.6345481872558594
split_scaffold_heldout,cell_context_mean,"NK cells, 5-(9-Isopropyl-8-methyl-2-morpholino-9H-purin-6-yl)pyrimidin-2-amine",0.4438343,0.8363708,0.7007178068161011,1.9715166091918945
split_scaffold_heldout,cell_context_mean,"T cells, 5-(9-Isopropyl-8-methyl-2-morpholino-9H-purin-6-yl)pyrimidin-2-amine",0.6654141,1.2898045,0.7955177426338196,2.3039300441741943
split_scaffold_heldout,cell_context_mean,"B cells, BAY 87-2243",0.59687585,0.87512904,0.7882475852966309,1.9624394178390503
split_scaffold_heldout,cell_context_mean,"Myeloid cells, BAY 87-2243",0.45451093,1.3380275,0.5893989205360413,2.4099881649017334
split_scaffold_heldout,cell_context_mean,"NK cells, BAY 87-2243",0.26778206,0.9159556,0.4146169424057007,2.210873603820801
split_scaffold_heldout,cell_context_mean,"T cells, BAY 87-2243",0.50897,1.1938319,0.656721830368042,2.26826810836792
split_scaffold_heldout,cell_context_mean,"B cells, Porcn Inhibitor III",0.02503341,0.6414239,0.13135209679603577,1.7578059434890747
split_scaffold_heldout,cell_context_mean,"Myeloid cells, Porcn Inhibitor III",-0.11719781,1.2609646,-0.13720938563346863,2.6168015003204346
split_scaffold_heldout,cell_context_mean,"NK cells, Porcn Inhibitor III",0.1352884,0.7268278,0.27007099986076355,1.9420294761657715
split_scaffold_heldout,cell_context_mean,"T cells, Porcn Inhibitor III",-0.09119451,0.7175595,-0.0817815363407135,1.8027451038360596
split_scaffold_heldout,cell_context_mean,"NK cells, Vorinostat",0.29215387,1.2122254,0.48460182547569275,2.4136767387390137
split_scaffold_heldout,cell_context_mean,"T cells, Vorinostat",0.48041067,2.0890281,0.5713353157043457,2.957787036895752
split_scaffold_heldout,cell_context_mean,"NK cells, Trametinib",0.34015775,0.66503984,0.6025403141975403,1.7446203231811523
split_scaffold_heldout,cell_context_mean,"T cells, Trametinib",0.38727614,0.6569853,0.6968417167663574,1.7265161275863647
split_scaffold_heldout,cell_context_mean,"NK cells, Dasatinib",0.3055798,0.7323677,0.5185053944587708,1.8329558372497559
split_scaffold_heldout,cell_context_mean,"T cells, Dasatinib",0.62296027,0.988109,0.7858569025993347,2.016091823577881
split_scaffold_heldout,cell_context_mean,"B cells, PF-04691502",0.65307206,1.0051726,0.8133473992347717,2.068054676055908
split_scaffold_heldout,cell_context_mean,"NK cells, PF-04691502",0.35512915,0.7418606,0.6154242753982544,1.806972861289978
split_scaffold_heldout,cell_context_mean,"T cells, PF-04691502",0.5533975,1.0203578,0.7365594506263733,2.1558494567871094
split_scaffold_heldout,cell_context_mean,"NK cells, Flutamide",0.2713661,0.6472202,0.48930177092552185,1.730689525604248
split_scaffold_heldout,cell_context_mean,"T cells, Flutamide",0.11180427,0.56753904,0.46198248863220215,1.5939691066741943
split_scaffold_heldout,cell_context_mean,"NK cells, Amiodarone",0.23325863,0.63622576,0.45206040143966675,1.755379319190979
split_scaffold_heldout,cell_context_mean,"T cells, Amiodarone",0.31378585,0.5698601,0.637935996055603,1.681885004043579
split_scaffold_heldout,cell_context_mean,"NK cells, IMD-0354",0.30429694,0.9136242,0.5144367218017578,2.1218533515930176
split_scaffold_heldout,cell_context_mean,"T cells, IMD-0354",0.4956276,1.6063745,0.6166238784790039,2.6662020683288574
split_scaffold_heldout,cell_context_mean,"NK cells, Canertinib",0.22166833,0.6687784,0.338053822517395,1.8935046195983887
split_scaffold_heldout,cell_context_mean,"T cells, Canertinib",0.29849747,0.7584009,0.44111284613609314,1.9697469472885132
split_scaffold_heldout,cell_context_mean,"B cells, PD-0325901",0.57648593,0.7082859,0.80593341588974,1.779876947402954
split_scaffold_heldout,cell_context_mean,"Myeloid cells, PD-0325901",0.5643636,1.2377454,0.7382256984710693,2.297757148742676
split_scaffold_heldout,cell_context_mean,"NK cells, PD-0325901",0.31304702,0.7490923,0.5370433330535889,1.9003924131393433
split_scaffold_heldout,cell_context_mean,"T cells, PD-0325901",0.5416734,0.7790247,0.7357504367828369,1.8752965927124023
split_scaffold_heldout,cell_context_mean,"NK cells, Defactinib",0.24989943,0.63824844,0.5325854420661926,1.7663887739181519
split_scaffold_heldout,cell_context_mean,"T cells, Defactinib",0.32384202,0.7230382,0.5458735227584839,1.9291205406188965
split_scaffold_heldout,cell_context_mean,"NK cells, Nilotinib",0.33313105,0.69999206,0.5704790353775024,1.784141182899475
split_scaffold_heldout,cell_context_mean,"T cells, Nilotinib",0.6176383,0.7286445,0.8238193988800049,1.6881908178329468
split_scaffold_heldout,cell_context_mean,"B cells, Pitavastatin Calcium",-0.12986983,1.1649715,-0.18272146582603455,2.4737985134124756
split_scaffold_heldout,cell_context_mean,"Myeloid cells, Pitavastatin Calcium",-0.02766187,2.3629997,-0.023584352806210518,3.2425317764282227
split_scaffold_heldout,cell_context_mean,"NK cells, Pitavastatin Calcium",0.03945662,1.3860929,0.10453793406486511,2.6423180103302
split_scaffold_heldout,cell_context_mean,"T cells, Pitavastatin Calcium",-0.112363406,1.6357374,-0.15778541564941406,2.872011423110962
split_scaffold_heldout,cell_context_mean,"NK cells, Nefazodone",0.2746744,0.6279756,0.46611157059669495,1.775559663772583
split_scaffold_heldout,cell_context_mean,"T cells, Nefazodone",0.3372355,0.4782913,0.6085391640663147,1.4646852016448975
split_scaffold_heldout,cell_context_mean,"NK cells, TPCA-1",0.44455573,0.83156335,0.6919336915016174,1.8964134454727173
split_scaffold_heldout,cell_context_mean,"T cells, TPCA-1",0.699604,1.0147183,0.8431283831596375,1.999077320098877
split_scaffold_heldout,cell_context_mean,"B cells, CEP-37440",0.4847451,0.63918597,0.7399625182151794,1.6530336141586304
split_scaffold_heldout,cell_context_mean,"Myeloid cells, CEP-37440",0.2968231,0.89915276,0.5470263957977295,2.0336573123931885
split_scaffold_heldout,cell_context_mean,"NK cells, CEP-37440",0.29117367,0.6572996,0.46627357602119446,1.8061872720718384
split_scaffold_heldout,cell_context_mean,"T cells, CEP-37440",0.40720403,0.6226948,0.6764304637908936,1.768639087677002
split_scaffold_heldout,cell_context_mean,"B cells, Oxybenzone",0.2591183,0.55212986,0.4642437994480133,1.6141752004623413
split_scaffold_heldout,cell_context_mean,"Myeloid cells, Oxybenzone",0.25569618,0.5495341,0.5881139039993286,1.5037070512771606
split_scaffold_heldout,cell_context_mean,"NK cells, Oxybenzone",0.24169843,0.6070185,0.4160674512386322,1.7242770195007324
split_scaffold_heldout,cell_context_mean,"T cells, Oxybenzone",0.3151204,0.4773754,0.5265767574310303,1.4452853202819824
split_scaffold_heldout,cell_context_mean,"NK cells, Colforsin",0.16905749,0.6374871,0.27753201127052307,1.7847368717193604
split_scaffold_heldout,cell_context_mean,"T cells, Colforsin",0.35984737,0.5222985,0.5412001013755798,1.4064158201217651
split_scaffold_heldout,cell_context_mean,"B cells, Colchicine",0.23662716,1.0520446,0.4015952944755554,2.3147733211517334
split_scaffold_heldout,cell_context_mean,"Myeloid cells, Colchicine",0.27550536,2.4167624,0.3396415412425995,3.2100305557250977
split_scaffold_heldout,cell_context_mean,"NK cells, Colchicine",0.3380702,0.68895257,0.5609194040298462,1.7803170680999756
split_scaffold_heldout,cell_context_mean,"T cells, Colchicine",0.24349576,0.9419912,0.4507414400577545,2.264754056930542
split_scaffold_heldout,cell_context_mean,"NK cells, Doxorubicin",0.32270518,0.8204174,0.5545480847358704,2.0446128845214844
split_scaffold_heldout,cell_context_mean,"T cells, Doxorubicin",0.40631232,1.3103977,0.5751132965087891,2.4384281635284424
split_scaffold_heldout,cell_context_mean,"NK cells, AZD4547",0.2636678,0.625291,0.49778491258621216,1.745059609413147
split_scaffold_heldout,cell_context_mean,"T cells, AZD4547",0.3095237,0.51100534,0.534316897392273,1.5280307531356812
split_scaffold_heldout,cell_context_mean,"NK cells, Prednisolone",0.36248964,0.8964628,0.5837265849113464,2.1318323612213135
split_scaffold_heldout,cell_context_mean,"T cells, Prednisolone",0.528022,1.3170393,0.6641149520874023,2.479497194290161
split_scaffold_heldout,cell_context_mean,"NK cells, Tacalcitol",0.29554006,0.6585345,0.501293957233429,1.7718462944030762
split_scaffold_heldout,cell_context_mean,"T cells, Tacalcitol",0.46175262,0.6032519,0.7654241919517517,1.5643870830535889
split_scaffold_heldout,cell_context_mean,"NK cells, Vanoxerine",0.26788074,0.63297194,0.388066828250885,1.7229607105255127
split_scaffold_heldout,cell_context_mean,"T cells, Vanoxerine",0.3449959,0.5564808,0.599946916103363,1.5435234308242798
split_scaffold_heldout,cell_context_mean,"B cells, Vorinostat",0.40803352,1.5536996,0.5464655160903931,2.5969345569610596
split_scaffold_heldout,cell_context_mean,"Myeloid cells, Vorinostat",0.3893038,1.7849225,0.5154234170913696,2.789740800857544
split_scaffold_heldout,cell_context_mean,"B cells, Trametinib",0.34795883,0.7127617,0.6177457571029663,1.7897313833236694
split_scaffold_heldout,cell_context_mean,"Myeloid cells, Trametinib",0.33257508,1.3609015,0.4744534194469452,2.4659948348999023
split_scaffold_heldout,cell_context_mean,"B cells, Dasatinib",0.64776087,1.0713251,0.8222488164901733,2.1662042140960693
split_scaffold_heldout,cell_context_mean,"Myeloid cells, Dasatinib",0.5474406,1.4285021,0.7131785154342651,2.4338905811309814
split_scaffold_heldout,cell_context_mean,"B cells, Flutamide",0.16111888,0.59215134,0.37321892380714417,1.7084081172943115
split_scaffold_heldout,cell_context_mean,"Myeloid cells, Flutamide",0.2928652,0.59928983,0.5625368356704712,1.611729621887207
split_scaffold_heldout,cell_context_mean,"B cells, Amiodarone",0.17060603,0.5696983,0.3490097224712372,1.5801180601119995
split_scaffold_heldout,cell_context_mean,"Myeloid cells, Amiodarone",0.20832357,0.63984334,0.42280563712120056,1.7009954452514648
split_scaffold_heldout,cell_context_mean,"B cells, IMD-0354",0.43565452,1.167998,0.6049663424491882,2.362546682357788
split_scaffold_heldout,cell_context_mean,"Myeloid cells, IMD-0354",0.49910694,1.4641732,0.639167308807373,2.5189049243927
split_scaffold_heldout,cell_context_mean,"B cells, Canertinib",0.29598832,0.7121653,0.5153710246086121,1.8485311269760132
split_scaffold_heldout,cell_context_mean,"B cells, Defactinib",0.46336794,0.6640585,0.7104675769805908,1.6294118165969849
split_scaffold_heldout,cell_context_mean,"Myeloid cells, Defactinib",0.6110043,0.8990105,0.7965707182884216,1.8941519260406494
split_scaffold_heldout,cell_context_mean,"B cells, Nilotinib",0.6543483,0.78288406,0.8490510582923889,1.8035517930984497
split_scaffold_heldout,cell_context_mean,"Myeloid cells, Nilotinib",0.49455822,1.0809397,0.7092052102088928,2.172670841217041
split_scaffold_heldout,cell_context_mean,"B cells, Nefazodone",0.28876242,0.57811826,0.5211492776870728,1.666327714920044
split_scaffold_heldout,cell_context_mean,"Myeloid cells, Nefazodone",0.3634636,0.52389663,0.5863364338874817,1.4950339794158936
split_scaffold_heldout,cell_context_mean,"B cells, TPCA-1",0.73553497,0.9986704,0.8745097517967224,2.000241756439209
split_scaffold_heldout,cell_context_mean,"Myeloid cells, TPCA-1",0.69357985,1.2604294,0.8274567723274231,2.277416229248047
split_scaffold_heldout,cell_context_mean,"B cells, Colforsin",0.28945374,0.56701833,0.4371136426925659,1.5982595682144165
split_scaffold_heldout,cell_context_mean,"Myeloid cells, Colforsin",0.25771108,0.66503125,0.5050698518753052,1.790346384048462
split_scaffold_heldout,cell_context_mean,"B cells, Doxorubicin",0.026352309,1.7832144,0.05638968572020531,2.8932390213012695
split_scaffold_heldout,cell_context_mean,"Myeloid cells, Doxorubicin",0.17324664,2.327423,0.22180373966693878,3.1610381603240967
split_scaffold_heldout,cell_context_mean,"B cells, AZD4547",0.25802806,0.5789704,0.5152125954627991,1.639466643333435
split_scaffold_heldout,cell_context_mean,"Myeloid cells, AZD4547",0.3027874,0.6547481,0.5670073628425598,1.7223631143569946
split_scaffold_heldout,cell_context_mean,"B cells, Prednisolone",0.5724967,0.98935616,0.754820704460144,2.1265997886657715
split_scaffold_heldout,cell_context_mean,"Myeloid cells, Prednisolone",0.51746,1.4716958,0.6611020565032959,2.5164904594421387
split_scaffold_heldout,cell_context_mean,"B cells, Tacalcitol",0.44642368,0.62238777,0.6865664124488831,1.5772582292556763
split_scaffold_heldout,cell_context_mean,"Myeloid cells, Tacalcitol",0.08054329,2.23875,0.11207837611436844,3.180760383605957
split_scaffold_heldout,cell_context_mean,"B cells, Vanoxerine",0.27220875,0.5808662,0.48987436294555664,1.6481457948684692
split_scaffold_heldout,cell_context_mean,"Myeloid cells, Vanoxerine",0.45582289,0.558167,0.7512292861938477,1.435747504234314
split_scaffold_heldout,drug_mean,"B cells, Ganetespib (STA-9090)",0.4629743,1.6251007,0.599942147731781,2.7202491760253906
split_scaffold_heldout,drug_mean,"Myeloid cells, Ganetespib (STA-9090)",0.4744242,1.4452446,0.6423842906951904,2.5315327644348145
split_scaffold_heldout,drug_mean,"NK cells, Ganetespib (STA-9090)",0.4013183,1.0748342,0.6066256761550903,2.257321834564209
split_scaffold_heldout,drug_mean,"T cells, Ganetespib (STA-9090)",0.43108013,2.1305525,0.5218051075935364,3.0252952575683594
split_scaffold_heldout,drug_mean,"B cells, Sunitinib",0.43448126,0.7931879,0.6756056547164917,1.9681466817855835
split_scaffold_heldout,drug_mean,"Myeloid cells, Sunitinib",0.09296453,0.67034703,0.26019027829170227,1.7985600233078003
split_scaffold_heldout,drug_mean,"NK cells, Sunitinib",0.17896438,0.6497197,0.2879069149494171,1.745568871498108
split_scaffold_heldout,drug_mean,"T cells, Sunitinib",0.41947693,0.64411443,0.6766569018363953,1.7390469312667847
split_scaffold_heldout,drug_mean,"B cells, 5-(9-Isopropyl-8-methyl-2-morpholino-9H-purin-6-yl)pyrimidin-2-amine",0.62559116,1.2771822,0.7858378291130066,2.366849899291992
split_scaffold_heldout,drug_mean,"Myeloid cells, 5-(9-Isopropyl-8-methyl-2-morpholino-9H-purin-6-yl)pyrimidin-2-amine",0.4284147,1.5514642,0.5841445922851562,2.694382905960083
split_scaffold_heldout,drug_mean,"NK cells, 5-(9-Isopropyl-8-methyl-2-morpholino-9H-purin-6-yl)pyrimidin-2-amine",0.42032132,0.83896846,0.6568768620491028,1.9719276428222656
split_scaffold_heldout,drug_mean,"T cells, 5-(9-Isopropyl-8-methyl-2-morpholino-9H-purin-6-yl)pyrimidin-2-amine",0.6338376,1.3441815,0.7888426780700684,2.4128568172454834
split_scaffold_heldout,drug_mean,"B cells, BAY 87-2243",0.52307564,0.9278841,0.7366347312927246,2.1137585639953613
split_scaffold_heldout,drug_mean,"Myeloid cells, BAY 87-2243",0.3050672,1.4090255,0.4055532217025757,2.5539605617523193
split_scaffold_heldout,drug_mean,"NK cells, BAY 87-2243",0.34222108,0.8983622,0.5340254306793213,2.1550705432891846
split_scaffold_heldout,drug_mean,"T cells, BAY 87-2243",0.42442295,1.2423376,0.5964695811271667,2.3703322410583496
split_scaffold_heldout,drug_mean,"B cells, Porcn Inhibitor III",-0.023440247,0.61447555,0.07525382936000824,1.7686271667480469
split_scaffold_heldout,drug_mean,"Myeloid cells, Porcn Inhibitor III",-0.1666213,1.2255671,-0.23204147815704346,2.575624942779541
split_scaffold_heldout,drug_mean,"NK cells, Porcn Inhibitor III",-0.07370605,0.7731569,-0.148769810795784,2.032914161682129
split_scaffold_heldout,drug_mean,"T cells, Porcn Inhibitor III",-0.24609816,0.70940614,-0.4080212712287903,1.8599048852920532
split_scaffold_heldout,drug_mean,"NK cells, Vorinostat",0.32751808,1.2024274,0.5275806188583374,2.393704891204834
split_scaffold_heldout,drug_mean,"T cells, Vorinostat",0.38135532,2.1441815,0.47504207491874695,3.039034128189087
split_scaffold_heldout,drug_mean,"NK cells, Trametinib",0.2202098,0.69187313,0.4588014781475067,1.7949429750442505
split_scaffold_heldout,drug_mean,"T cells, Trametinib",0.35153303,0.6674749,0.6631510257720947,1.8350647687911987
split_scaffold_heldout,drug_mean,"NK cells, Dasatinib",0.25360358,0.74374586,0.4269263744354248,1.8568845987319946
split_scaffold_heldout,drug_mean,"T cells, Dasatinib",0.6101387,1.0299051,0.800430178642273,2.1196792125701904
split_scaffold_heldout,drug_mean,"B cells, PF-04691502",0.5499381,1.0748585,0.7503119111061096,2.231097936630249
split_scaffold_heldout,drug_mean,"NK cells, PF-04691502",0.29965398,0.75347966,0.5661895871162415,1.8157187700271606
split_scaffold_heldout,drug_mean,"T cells, PF-04691502",0.5366178,1.0555587,0.7355567216873169,2.2469382286071777
split_scaffold_heldout,drug_mean,"NK cells, Flutamide",0.1384492,0.6773713,0.3645528554916382,1.7758681774139404
split_scaffold_heldout,drug_mean,"T cells, Flutamide",0.05438202,0.5476324,0.41261276602745056,1.6557241678237915
split_scaffold_heldout,drug_mean,"NK cells, Amiodarone",0.16325723,0.6530431,0.28051286935806274,1.7945479154586792
split_scaffold_heldout,drug_mean,"T cells, Amiodarone",0.17266627,0.5888492,0.41849440336227417,1.920994758605957
split_scaffold_heldout,drug_mean,"NK cells, IMD-0354",0.3406754,0.9040766,0.5837269425392151,2.0952160358428955
split_scaffold_heldout,drug_mean,"T cells, IMD-0354",0.44077545,1.650611,0.5704566836357117,2.741795778274536
split_scaffold_heldout,drug_mean,"NK cells, Canertinib",0.09122019,0.69860476,0.1499207764863968,1.9456270933151245
split_scaffold_heldout,drug_mean,"T cells, Canertinib",0.21135163,0.77476865,0.3858514726161957,2.0389561653137207
split_scaffold_heldout,drug_mean,"B cells, PD-0325901",0.4635601,0.7635297,0.7123168110847473,1.9630188941955566
split_scaffold_heldout,drug_mean,"Myeloid cells, PD-0325901",0.350118,1.3412375,0.5197750329971313,2.5088324546813965
split_scaffold_heldout,drug_mean,"NK cells, PD-0325901",0.26363042,0.7598298,0.45963573455810547,1.9198393821716309
split_scaffold_heldout,drug_mean,"T cells, PD-0325901",0.5148094,0.8104184,0.7349645495414734,1.963963508605957
split_scaffold_heldout,drug_mean,"NK cells, Defactinib",0.14572953,0.66234213,0.37965095043182373,1.8229399919509888
split_scaffold_heldout,drug_mean,"T cells, Defactinib",0.21708311,0.74611264,0.4235914945602417,2.032639980316162
split_scaffold_heldout,drug_mean,"NK cells, Nilotinib",0.30679262,0.7054848,0.53404301404953,1.7978094816207886
split_scaffold_heldout,drug_mean,"T cells, Nilotinib",0.6097267,0.76323044,0.832342267036438,1.810667872428894
split_scaffold_heldout,drug_mean,"B cells, Pitavastatin Calcium",-0.17227018,1.1423142,-0.2507403492927551,2.4554882049560547
split_scaffold_heldout,drug_mean,"Myeloid cells, Pitavastatin Calcium",-0.06718892,2.3515327,-0.06968646496534348,3.2334208488464355
split_scaffold_heldout,drug_mean,"NK cells, Pitavastatin Calcium",-0.15552802,1.4295363,-0.2091856747865677,2.7154531478881836
split_scaffold_heldout,drug_mean,"T cells, Pitavastatin Calcium",-0.24859296,1.6409531,-0.34238922595977783,2.887160301208496
split_scaffold_heldout,drug_mean,"NK cells, Nefazodone",0.16889952,0.6523714,0.32915741205215454,1.8188412189483643
split_scaffold_heldout,drug_mean,"T cells, Nefazodone",0.34753853,0.4577265,0.6445013880729675,1.5018812417984009
split_scaffold_heldout,drug_mean,"NK cells, TPCA-1",0.41982,0.8343807,0.6478458642959595,1.901705026626587
split_scaffold_heldout,drug_mean,"T cells, TPCA-1",0.65873075,1.0732242,0.8257834911346436,2.1326146125793457
split_scaffold_heldout,drug_mean,"B cells, CEP-37440",0.34634712,0.68494993,0.608549177646637,1.8273932933807373
split_scaffold_heldout,drug_mean,"Myeloid cells, CEP-37440",0.15398182,0.9302207,0.33298397064208984,2.1843323707580566
split_scaffold_heldout,drug_mean,"NK cells, CEP-37440",0.2464574,0.66778105,0.4031815826892853,1.8254306316375732
split_scaffold_heldout,drug_mean,"T cells, CEP-37440",0.3760553,0.6326365,0.6793922781944275,1.8417683839797974
split_scaffold_heldout,drug_mean,"B cells, Oxybenzone",0.20262736,0.54461485,0.30783745646476746,1.6874852180480957
split_scaffold_heldout,drug_mean,"Myeloid cells, Oxybenzone",0.1893348,0.52563447,0.4217657744884491,1.6243607997894287
split_scaffold_heldout,drug_mean,"NK cells, Oxybenzone",0.143583,0.63010746,0.2292095422744751,1.7800498008728027
split_scaffold_heldout,drug_mean,"T cells, Oxybenzone",0.24294941,0.4731992,0.5058441162109375,1.5215972661972046
split_scaffold_heldout,drug_mean,"NK cells, Colforsin",0.09789432,0.6551483,0.09110730141401291,1.824994683265686
split_scaffold_heldout,drug_mean,"T cells, Colforsin",0.2772061,0.530575,0.45822805166244507,1.5374603271484375
split_scaffold_heldout,drug_mean,"B cells, Colchicine",0.19605492,1.0607191,0.36157482862472534,2.3658125400543213
split_scaffold_heldout,drug_mean,"Myeloid cells, Colchicine",0.19475132,2.4563258,0.253772497177124,3.269526243209839
split_scaffold_heldout,drug_mean,"NK cells, Colchicine",0.23947208,0.7108684,0.4208487868309021,1.8200528621673584
split_scaffold_heldout,drug_mean,"T cells, Colchicine",0.20860663,0.94727653,0.39826494455337524,2.3104352951049805
split_scaffold_heldout,drug_mean,"NK cells, Doxorubicin",0.2644291,0.8327416,0.477043092250824,2.06143856048584
split_scaffold_heldout,drug_mean,"T cells, Doxorubicin",0.3511095,1.3431989,0.5180957317352295,2.5090274810791016
split_scaffold_heldout,drug_mean,"NK cells, AZD4547",0.14482531,0.6525683,0.35245323181152344,1.791691541671753
split_scaffold_heldout,drug_mean,"T cells, AZD4547",0.3116224,0.49317905,0.5088468790054321,1.5764045715332031
split_scaffold_heldout,drug_mean,"NK cells, Prednisolone",0.32012275,0.9043473,0.4974037706851959,2.1540935039520264
split_scaffold_heldout,drug_mean,"T cells, Prednisolone",0.50926435,1.3540815,0.63936448097229,2.556739091873169
split_scaffold_heldout,drug_mean,"NK cells, Tacalcitol",0.21987602,0.6758885,0.3845877945423126,1.808367133140564
split_scaffold_heldout,drug_mean,"T cells, Tacalcitol",0.40238687,0.6250886,0.7271864414215088,1.6929811239242554
split_scaffold_heldout,drug_mean,"NK cells, Vanoxerine",0.16411346,0.65693766,0.23683978617191315,1.7689074277877808
split_scaffold_heldout,drug_mean,"T cells, Vanoxerine",0.23337804,0.5722399,0.48716115951538086,1.6698758602142334
split_scaffold_heldout,drug_mean,"B cells, Vorinostat",0.36759284,1.5867903,0.5073418021202087,2.6627938747406006
split_scaffold_heldout,drug_mean,"Myeloid cells, Vorinostat",0.34447902,1.8284339,0.47990041971206665,2.8696603775024414
split_scaffold_heldout,drug_mean,"B cells, Trametinib",0.25285017,0.7343312,0.5502066016197205,1.8951669931411743
split_scaffold_heldout,drug_mean,"Myeloid cells, Trametinib",0.12175316,1.4269822,0.19872263073921204,2.6074116230010986
split_scaffold_heldout,drug_mean,"B cells, Dasatinib",0.53562695,1.1433458,0.7448495030403137,2.3273186683654785
split_scaffold_heldout,drug_mean,"Myeloid cells, Dasatinib",0.50817555,1.4912916,0.6749622225761414,2.5562334060668945
split_scaffold_heldout,drug_mean,"B cells, Flutamide",0.09108729,0.5804752,0.14979057013988495,1.7824407815933228
split_scaffold_heldout,drug_mean,"Myeloid cells, Flutamide",0.23854175,0.58623374,0.43306899070739746,1.7215393781661987
split_scaffold_heldout,drug_mean,"B cells, Amiodarone",0.09920026,0.5572061,0.17985016107559204,1.6424163579940796
split_scaffold_heldout,drug_mean,"Myeloid cells, Amiodarone",0.10118981,0.6289431,0.23958158493041992,1.825352430343628
split_scaffold_heldout,drug_mean,"B cells, IMD-0354",0.39125794,1.200833,0.5818662643432617,2.4454305171966553
split_scaffold_heldout,drug_mean,"Myeloid cells, IMD-0354",0.4262698,1.5273181,0.5853101015090942,2.6401002407073975
split_scaffold_heldout,drug_mean,"B cells, Canertinib",0.23835516,0.71993613,0.44986799359321594,1.93087637424469
split_scaffold_heldout,drug_mean,"B cells, Defactinib",0.37886196,0.69475365,0.636732816696167,1.7541264295578003
split_scaffold_heldout,drug_mean,"Myeloid cells, Defactinib",0.45447707,0.98996955,0.702080249786377,2.119126796722412
split_scaffold_heldout,drug_mean,"B cells, Nilotinib",0.581451,0.8409447,0.8143510818481445,1.9696930646896362
split_scaffold_heldout,drug_mean,"Myeloid cells, Nilotinib",0.36161712,1.1500596,0.5604973435401917,2.347846508026123
split_scaffold_heldout,drug_mean,"B cells, Nefazodone",0.21364994,0.5804288,0.3868337571620941,1.7722469568252563
split_scaffold_heldout,drug_mean,"Myeloid cells, Nefazodone",0.2934258,0.51627433,0.586207926273346,1.5958770513534546
split_scaffold_heldout,drug_mean,"B cells, TPCA-1",0.6398885,1.0765991,0.8122202157974243,2.176907777786255
split_scaffold_heldout,drug_mean,"Myeloid cells, TPCA-1",0.5100802,1.3804343,0.6884060502052307,2.505345344543457
split_scaffold_heldout,drug_mean,"B cells, Colforsin",0.2371241,0.56330484,0.35359787940979004,1.6774015426635742
split_scaffold_heldout,drug_mean,"Myeloid cells, Colforsin",0.1481412,0.66564995,0.2980165183544159,1.931077480316162
split_scaffold_heldout,drug_mean,"B cells, Doxorubicin",-0.0003233138,1.778463,0.01905209757387638,2.8980634212493896
split_scaffold_heldout,drug_mean,"Myeloid cells, Doxorubicin",0.17600872,2.3339455,0.22915184497833252,3.1783008575439453
split_scaffold_heldout,drug_mean,"B cells, AZD4547",0.18463105,0.5770544,0.44033586978912354,1.7240912914276123
split_scaffold_heldout,drug_mean,"Myeloid cells, AZD4547",0.24912599,0.6495214,0.5019034147262573,1.8353899717330933
split_scaffold_heldout,drug_mean,"B cells, Prednisolone",0.4971201,1.0422845,0.7029504776000977,2.254964590072632
split_scaffold_heldout,drug_mean,"Myeloid cells, Prednisolone",0.43203562,1.5410569,0.5779379606246948,2.6505143642425537
split_scaffold_heldout,drug_mean,"B cells, Tacalcitol",0.36878505,0.6477569,0.5979530215263367,1.7011816501617432
split_scaffold_heldout,drug_mean,"Myeloid cells, Tacalcitol",0.1612287,2.2145839,0.21330693364143372,3.1566319465637207
split_scaffold_heldout,drug_mean,"B cells, Vanoxerine",0.21263339,0.5782055,0.3772757947444916,1.7424856424331665
split_scaffold_heldout,drug_mean,"Myeloid cells, Vanoxerine",0.4070337,0.56939036,0.6655067801475525,1.6092231273651123
split_cell_scaffold_heldout,global_train_mean,"T cells, Ganetespib (STA-9090)",0.32808158,2.1538465,0.41512438654899597,3.057204246520996
split_cell_scaffold_heldout,global_train_mean,"T cells, Sunitinib",0.35407808,0.65982234,0.627045750617981,1.7771672010421753
split_cell_scaffold_heldout,global_train_mean,"T cells, 5-(9-Isopropyl-8-methyl-2-morpholino-9H-purin-6-yl)pyrimidin-2-amine",0.5331881,1.3678281,0.7129307389259338,2.4537384510040283
split_cell_scaffold_heldout,global_train_mean,"T cells, BAY 87-2243",0.3271856,1.2645355,0.4987387955188751,2.409311294555664
split_cell_scaffold_heldout,global_train_mean,"T cells, Porcn Inhibitor III",-0.28569692,0.71761537,-0.4702710807323456,1.8846913576126099
split_cell_scaffold_heldout,global_train_mean,"T cells, Vorinostat",0.2831186,2.1661463,0.3641939163208008,3.06927227973938
split_cell_scaffold_heldout,global_train_mean,"T cells, Trametinib",0.2871313,0.6825523,0.5934416651725769,1.8787291049957275
split_cell_scaffold_heldout,global_train_mean,"T cells, Dasatinib",0.52152395,1.0511444,0.7395097017288208,2.1599783897399902
split_cell_scaffold_heldout,global_train_mean,"T cells, PF-04691502",0.45609102,1.0745181,0.671201229095459,2.2825825214385986
split_cell_scaffold_heldout,global_train_mean,"T cells, Flutamide",0.019995123,0.55501366,0.3572501838207245,1.6866743564605713
split_cell_scaffold_heldout,global_train_mean,"T cells, Amiodarone",0.08287682,0.60814714,0.1316695511341095,2.0075578689575195
split_cell_scaffold_heldout,global_train_mean,"T cells, IMD-0354",0.3553012,1.6700102,0.4835875332355499,2.770707130432129
split_cell_scaffold_heldout,global_train_mean,"T cells, Canertinib",0.14172968,0.79019773,0.30052924156188965,2.069932222366333
split_cell_scaffold_heldout,global_train_mean,"T cells, PD-0325901",0.43248785,0.8302526,0.6813676953315735,1.9995709657669067
split_cell_scaffold_heldout,global_train_mean,"T cells, Defactinib",0.1374543,0.7640748,0.32399502396583557,2.0721898078918457
split_cell_scaffold_heldout,global_train_mean,"T cells, Nilotinib",0.5234787,0.7846254,0.7813363671302795,1.8579267263412476
split_cell_scaffold_heldout,global_train_mean,"T cells, Pitavastatin Calcium",-0.27906486,1.6474719,-0.3855508863925934,2.8956055641174316
split_cell_scaffold_heldout,global_train_mean,"T cells, Nefazodone",0.3053496,0.4676013,0.5819389224052429,1.5205371379852295
split_cell_scaffold_heldout,global_train_mean,"T cells, TPCA-1",0.5503364,1.0994581,0.7504046559333801,2.1821298599243164
split_cell_scaffold_heldout,global_train_mean,"T cells, CEP-37440",0.31049696,0.64815533,0.6300563812255859,1.872117280960083
split_cell_scaffold_heldout,global_train_mean,"T cells, Oxybenzone",0.17609888,0.48808435,0.39583390951156616,1.5542482137680054
split_cell_scaffold_heldout,global_train_mean,"T cells, Colforsin",0.20079108,0.54782444,0.31587353348731995,1.5932958126068115
split_cell_scaffold_heldout,global_train_mean,"T cells, Colchicine",0.16395146,0.95726955,0.3324440121650696,2.3307487964630127
split_cell_scaffold_heldout,global_train_mean,"T cells, Doxorubicin",0.2776062,1.3598881,0.434307724237442,2.5365288257598877
split_cell_scaffold_heldout,global_train_mean,"T cells, AZD4547",0.27043316,0.5028114,0.45266827940940857,1.5977983474731445
split_cell_scaffold_heldout,global_train_mean,"T cells, Prednisolone",0.4315087,1.3721071,0.5676432251930237,2.586834192276001
split_cell_scaffold_heldout,global_train_mean,"T cells, Tacalcitol",0.31998396,0.64456713,0.6467923521995544,1.7422598600387573
split_cell_scaffold_heldout,global_train_mean,"T cells, Vanoxerine",0.1492568,0.5908734,0.3652039170265198,1.7203185558319092
split_cell_scaffold_heldout,cell_context_mean,"T cells, Ganetespib (STA-9090)",0.32808158,2.1538465,0.41512438654899597,3.057204246520996
split_cell_scaffold_heldout,cell_context_mean,"T cells, Sunitinib",0.35407808,0.65982234,0.627045750617981,1.7771672010421753
split_cell_scaffold_heldout,cell_context_mean,"T cells, 5-(9-Isopropyl-8-methyl-2-morpholino-9H-purin-6-yl)pyrimidin-2-amine",0.5331881,1.3678281,0.7129307389259338,2.4537384510040283
split_cell_scaffold_heldout,cell_context_mean,"T cells, BAY 87-2243",0.3271856,1.2645355,0.4987387955188751,2.409311294555664
split_cell_scaffold_heldout,cell_context_mean,"T cells, Porcn Inhibitor III",-0.28569692,0.71761537,-0.4702710807323456,1.8846913576126099
split_cell_scaffold_heldout,cell_context_mean,"T cells, Vorinostat",0.2831186,2.1661463,0.3641939163208008,3.06927227973938
split_cell_scaffold_heldout,cell_context_mean,"T cells, Trametinib",0.2871313,0.6825523,0.5934416651725769,1.8787291049957275
split_cell_scaffold_heldout,cell_context_mean,"T cells, Dasatinib",0.52152395,1.0511444,0.7395097017288208,2.1599783897399902
split_cell_scaffold_heldout,cell_context_mean,"T cells, PF-04691502",0.45609102,1.0745181,0.671201229095459,2.2825825214385986
split_cell_scaffold_heldout,cell_context_mean,"T cells, Flutamide",0.019995123,0.55501366,0.3572501838207245,1.6866743564605713
split_cell_scaffold_heldout,cell_context_mean,"T cells, Amiodarone",0.08287682,0.60814714,0.1316695511341095,2.0075578689575195
split_cell_scaffold_heldout,cell_context_mean,"T cells, IMD-0354",0.3553012,1.6700102,0.4835875332355499,2.770707130432129
split_cell_scaffold_heldout,cell_context_mean,"T cells, Canertinib",0.14172968,0.79019773,0.30052924156188965,2.069932222366333
split_cell_scaffold_heldout,cell_context_mean,"T cells, PD-0325901",0.43248785,0.8302526,0.6813676953315735,1.9995709657669067
split_cell_scaffold_heldout,cell_context_mean,"T cells, Defactinib",0.1374543,0.7640748,0.32399502396583557,2.0721898078918457
split_cell_scaffold_heldout,cell_context_mean,"T cells, Nilotinib",0.5234787,0.7846254,0.7813363671302795,1.8579267263412476
split_cell_scaffold_heldout,cell_context_mean,"T cells, Pitavastatin Calcium",-0.27906486,1.6474719,-0.3855508863925934,2.8956055641174316
split_cell_scaffold_heldout,cell_context_mean,"T cells, Nefazodone",0.3053496,0.4676013,0.5819389224052429,1.5205371379852295
split_cell_scaffold_heldout,cell_context_mean,"T cells, TPCA-1",0.5503364,1.0994581,0.7504046559333801,2.1821298599243164
split_cell_scaffold_heldout,cell_context_mean,"T cells, CEP-37440",0.31049696,0.64815533,0.6300563812255859,1.872117280960083
split_cell_scaffold_heldout,cell_context_mean,"T cells, Oxybenzone",0.17609888,0.48808435,0.39583390951156616,1.5542482137680054
split_cell_scaffold_heldout,cell_context_mean,"T cells, Colforsin",0.20079108,0.54782444,0.31587353348731995,1.5932958126068115
split_cell_scaffold_heldout,cell_context_mean,"T cells, Colchicine",0.16395146,0.95726955,0.3324440121650696,2.3307487964630127
split_cell_scaffold_heldout,cell_context_mean,"T cells, Doxorubicin",0.2776062,1.3598881,0.434307724237442,2.5365288257598877
split_cell_scaffold_heldout,cell_context_mean,"T cells, AZD4547",0.27043316,0.5028114,0.45266827940940857,1.5977983474731445
split_cell_scaffold_heldout,cell_context_mean,"T cells, Prednisolone",0.4315087,1.3721071,0.5676432251930237,2.586834192276001
split_cell_scaffold_heldout,cell_context_mean,"T cells, Tacalcitol",0.31998396,0.64456713,0.6467923521995544,1.7422598600387573
split_cell_scaffold_heldout,cell_context_mean,"T cells, Vanoxerine",0.1492568,0.5908734,0.3652039170265198,1.7203185558319092
split_cell_scaffold_heldout,drug_mean,"T cells, Ganetespib (STA-9090)",0.32808158,2.1538465,0.41512438654899597,3.057204246520996
split_cell_scaffold_heldout,drug_mean,"T cells, Sunitinib",0.35407808,0.65982234,0.627045750617981,1.7771672010421753
split_cell_scaffold_heldout,drug_mean,"T cells, 5-(9-Isopropyl-8-methyl-2-morpholino-9H-purin-6-yl)pyrimidin-2-amine",0.5331881,1.3678281,0.7129307389259338,2.4537384510040283
split_cell_scaffold_heldout,drug_mean,"T cells, BAY 87-2243",0.3271856,1.2645355,0.4987387955188751,2.409311294555664
split_cell_scaffold_heldout,drug_mean,"T cells, Porcn Inhibitor III",-0.28569692,0.71761537,-0.4702710807323456,1.8846913576126099
split_cell_scaffold_heldout,drug_mean,"T cells, Vorinostat",0.2831186,2.1661463,0.3641939163208008,3.06927227973938
split_cell_scaffold_heldout,drug_mean,"T cells, Trametinib",0.2871313,0.6825523,0.5934416651725769,1.8787291049957275
split_cell_scaffold_heldout,drug_mean,"T cells, Dasatinib",0.52152395,1.0511444,0.7395097017288208,2.1599783897399902
split_cell_scaffold_heldout,drug_mean,"T cells, PF-04691502",0.45609102,1.0745181,0.671201229095459,2.2825825214385986
split_cell_scaffold_heldout,drug_mean,"T cells, Flutamide",0.019995123,0.55501366,0.3572501838207245,1.6866743564605713
split_cell_scaffold_heldout,drug_mean,"T cells, Amiodarone",0.08287682,0.60814714,0.1316695511341095,2.0075578689575195
split_cell_scaffold_heldout,drug_mean,"T cells, IMD-0354",0.3553012,1.6700102,0.4835875332355499,2.770707130432129
split_cell_scaffold_heldout,drug_mean,"T cells, Canertinib",0.14172968,0.79019773,0.30052924156188965,2.069932222366333
split_cell_scaffold_heldout,drug_mean,"T cells, PD-0325901",0.43248785,0.8302526,0.6813676953315735,1.9995709657669067
split_cell_scaffold_heldout,drug_mean,"T cells, Defactinib",0.1374543,0.7640748,0.32399502396583557,2.0721898078918457
split_cell_scaffold_heldout,drug_mean,"T cells, Nilotinib",0.5234787,0.7846254,0.7813363671302795,1.8579267263412476
split_cell_scaffold_heldout,drug_mean,"T cells, Pitavastatin Calcium",-0.27906486,1.6474719,-0.3855508863925934,2.8956055641174316
split_cell_scaffold_heldout,drug_mean,"T cells, Nefazodone",0.3053496,0.4676013,0.5819389224052429,1.5205371379852295
split_cell_scaffold_heldout,drug_mean,"T cells, TPCA-1",0.5503364,1.0994581,0.7504046559333801,2.1821298599243164
split_cell_scaffold_heldout,drug_mean,"T cells, CEP-37440",0.31049696,0.64815533,0.6300563812255859,1.872117280960083
split_cell_scaffold_heldout,drug_mean,"T cells, Oxybenzone",0.17609888,0.48808435,0.39583390951156616,1.5542482137680054
split_cell_scaffold_heldout,drug_mean,"T cells, Colforsin",0.20079108,0.54782444,0.31587353348731995,1.5932958126068115
split_cell_scaffold_heldout,drug_mean,"T cells, Colchicine",0.16395146,0.95726955,0.3324440121650696,2.3307487964630127
split_cell_scaffold_heldout,drug_mean,"T cells, Doxorubicin",0.2776062,1.3598881,0.434307724237442,2.5365288257598877
split_cell_scaffold_heldout,drug_mean,"T cells, AZD4547",0.27043316,0.5028114,0.45266827940940857,1.5977983474731445
split_cell_scaffold_heldout,drug_mean,"T cells, Prednisolone",0.4315087,1.3721071,0.5676432251930237,2.586834192276001
split_cell_scaffold_heldout,drug_mean,"T cells, Tacalcitol",0.31998396,0.64456713,0.6467923521995544,1.7422598600387573
split_cell_scaffold_heldout,drug_mean,"T cells, Vanoxerine",0.1492568,0.5908734,0.3652039170265198,1.7203185558319092
