split,baseline,sample_id,rowwise_pearson,rmse,de_rowwise_pearson,de_rmse
split_random,ridge_cell,"NK cells, Lapatinib",-0.007004321499893938,0.714951470878028,-0.0633934615474423,1.8866141128214002
split_random,ridge_cell,"T cells, Ganetespib (STA-9090)",0.5216699850846667,2.0614712561066315,0.6013356099163779,2.923258439119935
split_random,ridge_cell,"Myeloid cells, Sunitinib",0.03572522399997523,0.7383600950936728,0.16892683650796797,1.8274804661962767
split_random,ridge_cell,"T cells, Sunitinib",0.4243773365061345,0.6386392521211488,0.6715950966154142,1.6359666415693224
split_random,ridge_cell,"B cells, Tivozanib",0.5004582332421775,0.7217600001642096,0.7576192843191026,1.7649541921390686
split_random,ridge_cell,"Myeloid cells, Tivozanib",0.2242627552529279,0.7639468472818237,0.4669015188327179,1.871238112842032
split_random,ridge_cell,"T cells, 5-(9-Isopropyl-8-methyl-2-morpholino-9H-purin-6-yl)pyrimidin-2-amine",0.7020167339795896,1.2610580142642878,0.8209033529461619,2.2494079996769223
split_random,ridge_cell,"Myeloid cells, O-Demethylated Adapalene",0.256744830936263,0.8020585770004247,0.45298898675672444,2.07968625519517
split_random,ridge_cell,"NK cells, I-BET151",0.26375207971760645,0.993732327449964,0.40660872041360885,2.240331219452309
split_random,ridge_cell,"NK cells, GW843682X",0.2601420487582063,0.6185708024495378,0.5129702393508991,1.759928215834449
split_random,ridge_cell,"Myeloid cells, Raloxifene",0.37324085242476973,0.8990790659283101,0.6149637053001703,1.9865537607519217
split_random,ridge_cell,"B cells, BAY 87-2243",0.6141852622246564,0.8672492429761064,0.803342888472,1.9446915007794912
split_random,ridge_cell,"NK cells, BAY 87-2243",0.2814869193883363,0.9127900689685213,0.42941678475886,2.203219051228565
split_random,ridge_cell,"NK cells, BMS-777607",0.22604134098496065,0.6251462913609132,0.4196444871941322,1.7173902612788055
split_random,ridge_cell,"NK cells, Porcn Inhibitor III",0.10768475536621648,0.7329784635248235,0.2063516205268489,1.9566308266970731
split_random,ridge_cell,"T cells, Proscillaridin A;Proscillaridin-A",0.003061957746260484,2.9919069693194316,0.0032714110296824376,3.5477730204104736
split_random,ridge_cell,"NK cells, Vorinostat",0.29750675441435487,1.2107334607437823,0.48513697947926165,2.4102069700811883
split_random,ridge_cell,"Myeloid cells, BMS-265246",0.09536610111631702,1.7448458431503755,0.17110004002988555,2.858030219549875
split_random,ridge_cell,"Myeloid cells, Pomalidomide",-0.14360113715755138,1.1635333201170368,-0.21107646800014584,2.6790500896271894
split_random,ridge_cell,"B cells, Navitoclax",-0.21777735476647003,0.9782107787458698,-0.40965779002787345,2.3321318847196224
split_random,ridge_cell,"T cells, Navitoclax",-0.015026759078338845,0.6294295211207706,0.4638818558716578,1.7304403218747637
split_random,ridge_cell,"T cells, Methotrexate",-0.200499847431382,0.7360272476906639,-0.5347394006597963,2.3554178446896255
split_random,ridge_cell,"NK cells, Trametinib",0.3498412417956989,0.66279032017505,0.6085734314042793,1.737758160394611
split_random,ridge_cell,"T cells, Trametinib",0.3886429314678148,0.658496568128253,0.7015703391965824,1.7062035677904788
split_random,ridge_cell,"NK cells, AMD-070 (hydrochloride)",0.15693333730525202,0.6134720282991134,0.3483788733834628,1.7648145282186647
split_random,ridge_cell,"T cells, FK 866",0.23377848735047566,0.9626552432601553,0.43092162438837067,2.126896738731092
split_random,ridge_cell,"Myeloid cells, Scriptaid",0.4091080841558733,1.8350628363489956,0.5236653936901947,2.8264849027882457
split_random,ridge_cell,"NK cells, LY2090314",-0.008890648545319997,1.2464907791431477,-0.05561052229998311,2.603937347849415
split_random,ridge_cell,"T cells, Perhexiline",0.6401289793405732,0.8555740901920683,0.8211288041826375,1.90571227853438
split_random,ridge_cell,"T cells, Ketoconazole",-0.2083570008826012,1.3217946820004172,-0.3183964759836357,2.7715465513682362
split_random,ridge_cell,"T cells, Disulfiram",0.2011114879670872,0.5855308212210653,0.40440415102346283,1.5497411020818532
split_random,ridge_cell,"NK cells, IMD-0354",0.3218992027124273,0.9095514272437973,0.5381445889650053,2.112003793105257
split_random,ridge_cell,"T cells, Quizartinib",0.2752220768010644,0.548623837443896,0.49037519663963985,1.7017485463707391
split_random,ridge_cell,"T cells, Decitabine",0.29636314130141966,0.5052062200155986,0.4295285200602995,1.5573515631027428
split_random,ridge_cell,"B cells, LDN 193189",0.18964104360931763,0.5863424103195676,0.40709597179763674,1.612046833720818
split_random,ridge_cell,"NK cells, Cabozantinib",0.21351318508191122,0.6437940681496033,0.4133786600765562,1.7446874066200537
split_random,ridge_cell,"B cells, Crizotinib",0.6383197341207327,0.7790342846902854,0.8237937532815169,1.8446183416158095
split_random,ridge_cell,"NK cells, Crizotinib",0.4076565859775641,0.6648881294831108,0.6251825888734589,1.701104948441768
split_random,ridge_cell,"T cells, Crizotinib",0.5628918939435585,0.7192326816295975,0.7809483299551767,1.746104863821769
split_random,ridge_cell,"B cells, Azacitidine",0.2132694985464889,0.6710496032448355,0.4654927687093125,1.7483490813935356
split_random,ridge_cell,"NK cells, TR-14035",0.3126954540974125,0.585373914821108,0.597433286844509,1.7496340446846823
split_random,ridge_cell,"B cells, GO-6976",0.15761105894912406,0.7159305791237592,0.33948211679244605,1.8579201136530004
split_random,ridge_cell,"Myeloid cells, GO-6976",0.3385165888471599,1.0863680756049747,0.5610560791540987,2.125817589606494
split_random,ridge_cell,"NK cells, GO-6976",0.1158618377718146,0.7746358188576031,0.2929804340507434,1.8966033353796572
split_random,ridge_cell,"Myeloid cells, TGX 221",0.6037701595790489,0.8348307293168181,0.8281806431126876,1.8508713490732225
split_random,ridge_cell,"NK cells, TGX 221",0.37768558673239455,0.6921852475401205,0.5738042803939783,1.7827468744090045
split_random,ridge_cell,"Myeloid cells, ABT737",-0.009512033390223943,1.001809634040186,0.07675541241933458,2.2737079432272798
split_random,ridge_cell,"T cells, ABT737",0.19025416917385987,0.6132580750422107,0.5860525681422618,1.7305865529076638
split_random,ridge_cell,"B cells, PRT-062607",0.6923090308666502,1.0079643630160244,0.8439501146163303,2.029832377565222
split_random,ridge_cell,"Myeloid cells, AZ628",0.4892472631516474,0.8763569784352655,0.7173931256496722,1.9005879664380463
split_random,ridge_cell,"T cells, AZ628",0.6377473541481484,0.6311427994301488,0.8454086818281284,1.5818762814230827
split_random,ridge_cell,"T cells, Masitinib",0.4315446918176704,0.5171112740735937,0.7884416212921902,1.233128401467806
split_random,ridge_cell,"NK cells, Ceritinib",0.39450916156812943,0.6473277804870976,0.6107574465317771,1.7398863965628404
split_random,ridge_cell,"NK cells, TPCA-1",0.4691593787561592,0.8253975240569674,0.7075505461197147,1.8832280509342216
split_random,ridge_cell,"Myeloid cells, Ricolinostat",0.06661966745403368,1.2014013774277554,0.13720517131546267,2.427473132756833
split_random,ridge_cell,"T cells, Clemastine",0.41366530335699847,0.5076115607764748,0.7885211159747231,1.3258399346091119
split_random,ridge_cell,"T cells, Midostaurin",0.6166921059063839,0.7724260123752398,0.8226303653269816,1.8270618334370263
split_random,ridge_cell,"NK cells, CEP-37440",0.2998450888451843,0.6553922787563409,0.46287302285361814,1.8014821392578588
split_random,ridge_cell,"B cells, R428",0.5647241344928442,0.9001227981095182,0.7662302270257666,1.997958437216197
split_random,ridge_cell,"Myeloid cells, R428",0.34542209704775717,1.9779347693742189,0.45176825521666636,2.932673000314713
split_random,ridge_cell,"NK cells, Vandetanib",0.2907429171359175,0.619234910647212,0.6099050674412433,1.7417668121043939
split_random,ridge_cell,"T cells, Vandetanib",0.29058535133767727,0.5206777733707062,0.542774157470999,1.4573411223873742
split_random,ridge_cell,"NK cells, SCH-58261",0.12632414924534754,0.6524784179530875,0.2589249675573246,1.8140930430663507
split_random,ridge_cell,"T cells, SCH-58261",0.0214056717095022,0.5987286324416133,-0.058797992460270475,1.7930886290339318
split_random,ridge_cell,"T cells, Tosedostat",0.44641383703118276,0.705641039155712,0.702552796389237,1.7610719744513221
split_random,ridge_cell,"B cells, Colchicine",0.2683917055410933,1.0420083977429853,0.4537983444717177,2.289380450130214
split_random,ridge_cell,"NK cells, Colchicine",0.3533521645807746,0.6854353505306271,0.571191907988243,1.7716896670212905
split_random,ridge_cell,"NK cells, ABT-199 (GDC-0199)",0.19467754395627226,0.6270649694093727,0.4219061457175377,1.7750578488972077
split_random,ridge_cell,"NK cells, Mometasone Furoate",0.4017176632320652,0.9110565151571426,0.6235561978502777,2.1206879882182395
split_random,ridge_cell,"T cells, Tipifarnib",0.4297891799093421,0.6259188292843711,0.7172084018091639,1.6322943083119434
split_random,ridge_cell,"Myeloid cells, BX 912",0.5117846689607549,0.7376932869735363,0.7630908616264561,1.7229052918540004
split_random,ridge_cell,"NK cells, Doxorubicin",0.33706938917347606,0.817001599182451,0.5646991071150479,2.0364840587583637
split_random,ridge_cell,"NK cells, AZD4547",0.2557754086319146,0.6271682601704165,0.4933660782663081,1.74655693972157
split_random,ridge_cell,"T cells, AZD4547",0.3151126672772313,0.5180204511740758,0.5383310137644794,1.5193390694035913
split_random,ridge_cell,"NK cells, Tacalcitol",0.3014801356247819,0.6572389836550052,0.5142749112304682,1.7676065402639956
split_random,ridge_cell,"NK cells, Selumetinib",0.3015841797314132,0.6718215497102525,0.5164530086774543,1.7767384219041116
split_random,ridge_cell,"T cells, Clotrimazole",0.24424084861389792,0.5474194243542791,0.42970489154745506,1.6139099767193543
split_random,ridge_cell,"B cells, RG7090",0.16673265280659144,0.6282505283496645,0.37320836821031106,1.6949216102476266
split_random,ridge_cell,"B cells, GLPG0634",0.5832947281075173,0.7577286386917814,0.7855073110983481,1.7263929404763774
split_random,ridge_cell,"NK cells, Mubritinib (TAK 165)",0.30632770456934844,0.8119322849471514,0.5343842809203474,2.0057244733780486
split_random,ridge_cell,"T cells, Vanoxerine",0.32992269451968537,0.5675954219537307,0.5839251333698775,1.5362383323130306
split_random,ridge_cell,"B cells, Protriptyline",0.08791246464228542,0.6039851331329907,0.2647298124287962,1.6675505977924248
split_random,ridge_cell,"Myeloid cells, Phenylbutazone",0.019916443767010364,0.6546668377958699,0.10272744368537198,1.7196583144057804
split_random,ridge_cell,"Myeloid cells, BMS-777607",0.4241285910484682,0.7063247185756101,0.717542882419071,1.7416034387683246
split_random,ridge_cell,"B cells, Ruxolitinib",0.6354304434926735,0.8314190162803966,0.8249642066831487,1.8618459926117201
split_random,ridge_cell,"Myeloid cells, Trametinib",0.3533408015008818,1.3516663223668193,0.5068891749494725,2.4475398923270903
split_random,ridge_cell,"B cells, Sgc-cbp30",0.34246432780717867,0.6325335162171953,0.6637784610846555,1.6207385382156374
split_random,ridge_cell,"Myeloid cells, Chlorpheniramine",0.21331973475022464,0.571171427430162,0.42030555202013964,1.5828975855767617
split_random,ridge_cell,"B cells, BAY 61-3606",0.46579512573279985,1.1536820897242583,0.650137170698606,2.2538876541984574
split_random,ridge_cell,"B cells, Dasatinib",0.6553717647841691,1.066507038440811,0.8315026203241461,2.154766648085988
split_random,ridge_cell,"B cells, Perhexiline",0.6819860375645679,0.9105154863195751,0.8478031748068916,1.8950696484330294
split_random,ridge_cell,"Myeloid cells, Perhexiline",0.5331578962227231,0.833953718073305,0.7528369551763119,1.8681651950047675
split_random,ridge_cell,"B cells, Disulfiram",0.19747189352676178,0.5984145191988337,0.39452931673139124,1.6964219089953563
split_random,ridge_cell,"B cells, BMS-536924",0.6957085247097852,0.932103941933466,0.8612981180786506,1.9579310681314401
split_random,ridge_cell,"Myeloid cells, BMS-536924",0.6107509310159365,0.9379761373234913,0.8113940042459801,1.922739806478986
split_random,ridge_cell,"B cells, Canertinib",0.2994156662287314,0.7116139079572564,0.515103699937972,1.8439954602834043
split_random,ridge_cell,"B cells, Alogliptin",0.09478747383515335,0.6327006283908968,0.14582178849920263,1.8049936849278527
split_random,ridge_cell,"B cells, Defactinib",0.45308536151480483,0.6674470990811182,0.7041102551065931,1.6341708879410128
split_random,ridge_cell,"B cells, RG7112",0.1413754238943141,0.6091416229865957,0.3488405255723809,1.9455990442415843
split_random,ridge_cell,"B cells, AZD-8330",0.636506620437412,0.664384104364499,0.8496787317297699,1.6517995047375553
split_random,ridge_cell,"Myeloid cells, Ceritinib",0.4985237567887404,0.853039824793635,0.7681537021109875,1.9467895629408516
split_random,ridge_cell,"B cells, CGM-097",-0.12524084388259846,1.1412330888337165,-0.20642941248722196,2.4660989959934465
split_random,ridge_cell,"B cells, Nefazodone",0.28207948314030423,0.5813041612576192,0.5095264983398022,1.6711486441268184
split_random,ridge_cell,"Myeloid cells, TPCA-1",0.662694351001331,1.266558657453471,0.8132464658730594,2.2850127140998664
split_random,ridge_cell,"B cells, MGCD-265",0.49778066671648474,0.6160391122250742,0.7135377283269159,1.5871519842594957
split_random,ridge_cell,"Myeloid cells, MGCD-265",0.32606474437549426,0.6051367609635929,0.5940269199280512,1.5374215861621865
split_random,ridge_cell,"B cells, YK 4-279",0.13539320202776786,0.6291134721593484,0.2833443363091965,1.7640982415103317
split_random,ridge_cell,"Myeloid cells, GSK256066",0.20491281100685213,1.077194125767655,0.3434590810170055,2.336525795654924
split_random,ridge_cell,"Myeloid cells, Vandetanib",0.2287380394355723,0.7837056470666697,0.4521043237694367,1.8624896950249232
split_random,ridge_cell,"Myeloid cells, AZD4547",0.3003416529274968,0.6591681802900516,0.5696095711456153,1.7192228490476351
split_random,ridge_cell,"B cells, Prednisolone",0.57345291953459,0.9874953809725586,0.7592543564253451,2.121076247088792
split_random,ridge_cell,"Myeloid cells, Tacalcitol",0.07145557924058837,2.2431656563664735,0.1020534042587132,3.1855164232356943
split_random,ridge_cell,"B cells, SB525334",-0.1096312775280751,0.7737983306564047,-0.2718253090659068,2.049541282577683
split_random,ridge_drug_fp,"NK cells, Lapatinib",0.15835049543438806,0.7290660355742014,0.35648286980941507,1.744907173215069
split_random,ridge_drug_fp,"T cells, Ganetespib (STA-9090)",0.6599590389480301,1.7180985985840749,0.740216231276507,2.3514373773007433
split_random,ridge_drug_fp,"Myeloid cells, Sunitinib",0.1333786398337246,0.7742125196376409,0.3528078554584618,1.736631826323128
split_random,ridge_drug_fp,"T cells, Sunitinib",0.38998347938245437,0.6901598600869293,0.6580278053632019,1.5435648286355201
split_random,ridge_drug_fp,"B cells, Tivozanib",0.26227502681370707,0.8215036699506204,0.4829317822744026,1.929624909255214
split_random,ridge_drug_fp,"Myeloid cells, Tivozanib",0.1640471531595416,0.8018780024521204,0.32832147231853503,1.942489724945988
split_random,ridge_drug_fp,"T cells, 5-(9-Isopropyl-8-methyl-2-morpholino-9H-purin-6-yl)pyrimidin-2-amine",0.691117802553153,1.0660328350436437,0.8118372464725951,1.7033004509485015
split_random,ridge_drug_fp,"Myeloid cells, O-Demethylated Adapalene",0.16629507260176624,0.8403095144797331,0.3020695736924906,2.168809526480405
split_random,ridge_drug_fp,"NK cells, I-BET151",0.5376668167307443,1.1456478425140606,0.7619666152557962,1.5168867695332364
split_random,ridge_drug_fp,"NK cells, GW843682X",0.1604601857859162,0.7014379967948638,0.30385288446511927,1.7830228601003215
split_random,ridge_drug_fp,"Myeloid cells, Raloxifene",0.1528199045906906,0.9995772409254506,0.2417508956945558,2.1894157944509036
split_random,ridge_drug_fp,"B cells, BAY 87-2243",0.3944361133286884,1.1060775987248752,0.5887736111530835,1.8870217276066306
split_random,ridge_drug_fp,"NK cells, BAY 87-2243",0.4750497416133461,0.9895755154671634,0.7124011832107876,1.5510808516295849
split_random,ridge_drug_fp,"NK cells, BMS-777607",0.10578129264266348,0.7339078893949434,0.18651670916084043,1.7759841282398372
split_random,ridge_drug_fp,"NK cells, Porcn Inhibitor III",0.17896027445128967,0.8005878009783753,0.37530564645479664,1.8585469405416002
split_random,ridge_drug_fp,"T cells, Proscillaridin A;Proscillaridin-A",0.8222565774682128,1.79266068819586,0.8528271376255981,2.047148102916715
split_random,ridge_drug_fp,"NK cells, Vorinostat",0.6395264880568526,1.0923959296062065,0.8221773989116019,1.4407256122061585
split_random,ridge_drug_fp,"Myeloid cells, BMS-265246",0.43580100366768076,1.5735548530872197,0.5648860333529533,2.4831301664386363
split_random,ridge_drug_fp,"Myeloid cells, Pomalidomide",0.24460116401860932,1.1049522191558288,0.41004411579462624,2.311997085020801
split_random,ridge_drug_fp,"B cells, Navitoclax",0.2540706613387929,0.8794175282874878,0.5039434361886712,1.9030408524336995
split_random,ridge_drug_fp,"T cells, Navitoclax",0.21375332651163076,0.6438862305301006,0.5641447040320432,1.6213224162685211
split_random,ridge_drug_fp,"T cells, Methotrexate",0.3541223928787174,0.5872007607111497,0.646270065886905,1.483458635107495
split_random,ridge_drug_fp,"NK cells, Trametinib",0.2024934889356715,0.8467592164139338,0.39140243754420373,1.7628816514372285
split_random,ridge_drug_fp,"T cells, Trametinib",0.42269525016043924,0.7253852474093879,0.6968994597272719,1.5002324149413953
split_random,ridge_drug_fp,"NK cells, AMD-070 (hydrochloride)",0.060609027885701536,0.7147835673978449,0.0877558083719529,1.85307533225514
split_random,ridge_drug_fp,"T cells, FK 866",0.48686647662634985,0.8631402813021151,0.7040575783922821,1.7771005389392158
split_random,ridge_drug_fp,"Myeloid cells, Scriptaid",0.49441723861965076,1.7545306128640252,0.6109808790354359,2.3932292052336632
split_random,ridge_drug_fp,"NK cells, LY2090314",0.5623908122973234,1.1646887823276904,0.7773844167386399,1.616056989836782
split_random,ridge_drug_fp,"T cells, Perhexiline",0.3895229712126399,0.9614721550132274,0.6705342240519131,1.9415000242455633
split_random,ridge_drug_fp,"T cells, Ketoconazole",0.6133946761327217,0.9574674177095932,0.7820900657418379,1.7612406725458978
split_random,ridge_drug_fp,"T cells, Disulfiram",0.1961606873325628,0.5909607616785817,0.4554509082003842,1.5816973069283466
split_random,ridge_drug_fp,"NK cells, IMD-0354",0.4678326839519494,1.0499407016947986,0.7156504159480331,1.5564057932168767
split_random,ridge_drug_fp,"T cells, Quizartinib",0.1911892072053246,0.5956675533789161,0.4358791765687709,1.696376242914592
split_random,ridge_drug_fp,"T cells, Decitabine",0.17663094843880428,0.5209004158300122,0.28561421139417326,1.6469392507982323
split_random,ridge_drug_fp,"B cells, LDN 193189",0.19039789483577152,0.6190561267271368,0.41017765095433056,1.6146274542149441
split_random,ridge_drug_fp,"NK cells, Cabozantinib",0.16667770157744682,0.7032561644092676,0.34771105324901885,1.7308056872649018
split_random,ridge_drug_fp,"B cells, Crizotinib",0.2912726983705205,1.0285749356557554,0.5483655070445536,1.9555171060554495
split_random,ridge_drug_fp,"NK cells, Crizotinib",0.14388808992458305,0.9766030903710762,0.30008040612818987,1.8231856281034553
split_random,ridge_drug_fp,"T cells, Crizotinib",0.3429221687707013,0.9313951369571191,0.6251814752205603,1.7048888998502167
split_random,ridge_drug_fp,"B cells, Azacitidine",0.2774892338535448,0.6563203047505888,0.5160170936259113,1.7058747989133558
split_random,ridge_drug_fp,"NK cells, TR-14035",0.13927054932507657,0.6741421402522191,0.20520692900143636,1.843446224955431
split_random,ridge_drug_fp,"B cells, GO-6976",0.27176154699514593,0.7943959937939402,0.4738894079935922,1.7084587182697757
split_random,ridge_drug_fp,"Myeloid cells, GO-6976",0.2581004463789557,1.1584877387254089,0.4109531810311937,2.1609980765865973
split_random,ridge_drug_fp,"NK cells, GO-6976",0.261355869441337,0.8510541717690268,0.43022126471690914,1.764740954693022
split_random,ridge_drug_fp,"Myeloid cells, TGX 221",0.3549321377168307,0.9900448039653025,0.5584383653623507,1.961475615499955
split_random,ridge_drug_fp,"NK cells, TGX 221",0.28088432111744965,0.8498062695661293,0.4408673634269688,1.720727406111965
split_random,ridge_drug_fp,"Myeloid cells, ABT737",0.17863242286492767,0.9885769101125154,0.35347424013312456,2.1492803843983244
split_random,ridge_drug_fp,"T cells, ABT737",0.11259867956514677,0.7499364500130259,0.4360670211522564,1.8317537777960506
split_random,ridge_drug_fp,"B cells, PRT-062607",0.48335879643494734,1.0694734523659402,0.7016535829018575,1.8932304867478162
split_random,ridge_drug_fp,"Myeloid cells, AZ628",0.22475716588201644,1.0452813515728447,0.40123385660460864,2.073314979023542
split_random,ridge_drug_fp,"T cells, AZ628",0.49829593429283203,0.7187394911377668,0.7521701935245378,1.4747013165395377
split_random,ridge_drug_fp,"T cells, Masitinib",0.32574428696333785,0.5711614271671456,0.7194775337567079,1.3511098052884358
split_random,ridge_drug_fp,"NK cells, Ceritinib",0.20265486927960036,0.7462585401959678,0.29737107228942933,1.8026821031735607
split_random,ridge_drug_fp,"NK cells, TPCA-1",0.4068567491338358,0.953963151825282,0.6418761933733933,1.619052221117789
split_random,ridge_drug_fp,"Myeloid cells, Ricolinostat",0.42671185837967934,1.0610962571150873,0.6029240434615257,2.0477183060544575
split_random,ridge_drug_fp,"T cells, Clemastine",0.3181914410436413,0.5595687896063367,0.6868279036235014,1.3815467495233436
split_random,ridge_drug_fp,"T cells, Midostaurin",0.44554677142629256,0.8473609237348291,0.7181761578756524,1.786000577648937
split_random,ridge_drug_fp,"NK cells, CEP-37440",0.2503114541398773,0.7378231629754842,0.4102836043945451,1.7241532911205066
split_random,ridge_drug_fp,"B cells, R428",0.5085684264778014,0.9367891321166935,0.6885828038240457,1.7326614624887773
split_random,ridge_drug_fp,"Myeloid cells, R428",0.3122286405434566,1.976724448163249,0.4024467171659595,2.8534471952958915
split_random,ridge_drug_fp,"NK cells, Vandetanib",0.07170488760460897,0.831624797813755,0.14709074511626422,1.8733198710855818
split_random,ridge_drug_fp,"T cells, Vandetanib",0.16474412160121882,0.6993199710025666,0.5055764743307155,1.456275007224919
split_random,ridge_drug_fp,"NK cells, SCH-58261",0.07868547798556465,0.7279612285779695,0.084416153096656,1.8721527685488286
split_random,ridge_drug_fp,"T cells, SCH-58261",0.1954196952828363,0.5750891233194356,0.40147111451001033,1.5734230052948848
split_random,ridge_drug_fp,"T cells, Tosedostat",0.43479960802934575,0.7281062392510381,0.6957876186438197,1.612012210353966
split_random,ridge_drug_fp,"B cells, Colchicine",0.40118398620714313,1.2833027911348216,0.6419052773579285,1.8540978650437892
split_random,ridge_drug_fp,"NK cells, Colchicine",0.20992797971450344,1.3102887548172872,0.43160224895787436,1.795511200769021
split_random,ridge_drug_fp,"NK cells, ABT-199 (GDC-0199)",0.05389589164675364,0.7412544498280288,0.17069790383478245,1.854750417410533
split_random,ridge_drug_fp,"NK cells, Mometasone Furoate",0.42567418737937823,1.1730785699410309,0.6794273677150166,1.6695338565747948
split_random,ridge_drug_fp,"T cells, Tipifarnib",0.40150747916976487,0.6593972047050691,0.6771245547134073,1.5685025266000443
split_random,ridge_drug_fp,"Myeloid cells, BX 912",0.22330687155682008,0.9027944097808668,0.4321653638324486,1.935767322646456
split_random,ridge_drug_fp,"NK cells, Doxorubicin",0.3828909890277692,1.3092510970644116,0.674740621657858,1.6589722477866136
split_random,ridge_drug_fp,"NK cells, AZD4547",0.052428455072140695,0.7737462559792863,0.09612064510758933,1.873910582459762
split_random,ridge_drug_fp,"T cells, AZD4547",0.17380220082122005,0.6278298767228286,0.3463004774061355,1.5812148721570845
split_random,ridge_drug_fp,"NK cells, Tacalcitol",0.1649641138389218,0.7818850360565339,0.20653647881074036,1.8400456009619588
split_random,ridge_drug_fp,"NK cells, Selumetinib",0.2032483525715107,0.8222423507636012,0.3692129085137499,1.785934503518481
split_random,ridge_drug_fp,"T cells, Clotrimazole",0.24184313164509708,0.5544748319344494,0.5252649172920925,1.5817361142377195
split_random,ridge_drug_fp,"B cells, RG7090",0.25984858311934883,0.6525795988957582,0.5178724753527758,1.5976924304269093
split_random,ridge_drug_fp,"B cells, GLPG0634",0.48229590761536895,0.7929936516048247,0.7116472536308369,1.6463419461153765
split_random,ridge_drug_fp,"NK cells, Mubritinib (TAK 165)",0.3855494474307712,0.8762182383249625,0.6296815294309012,1.67636962683623
split_random,ridge_drug_fp,"T cells, Vanoxerine",0.2312839925014437,0.6041368897333581,0.5226566061050413,1.605922066402869
split_random,ridge_drug_fp,"B cells, Protriptyline",0.11484709871441914,0.5861528163212683,0.279204155846047,1.6711672850032042
split_random,ridge_drug_fp,"Myeloid cells, Phenylbutazone",0.1709413695289086,0.5778895618972925,0.26933412544753016,1.6490660501482302
split_random,ridge_drug_fp,"Myeloid cells, BMS-777607",0.18888986730030438,0.8170110374774039,0.35055916996323405,1.9637692394164676
split_random,ridge_drug_fp,"B cells, Ruxolitinib",0.4622623393579143,0.9183203955796043,0.7159974183637068,1.7185923290816432
split_random,ridge_drug_fp,"Myeloid cells, Trametinib",0.2957967547059682,1.3881219738900212,0.4311618786777895,2.417618141283013
split_random,ridge_drug_fp,"B cells, Sgc-cbp30",0.28917251181522347,0.7238053957960465,0.576779504533684,1.5986959029148213
split_random,ridge_drug_fp,"Myeloid cells, Chlorpheniramine",0.07414810384341868,0.5949423835260029,0.07773036399926157,1.7287364440412754
split_random,ridge_drug_fp,"B cells, BAY 61-3606",0.6194259521622368,1.0655004038732117,0.8122036329474656,1.4942943348245765
split_random,ridge_drug_fp,"B cells, Dasatinib",0.4695684666034644,1.1236194889897868,0.6711017839309514,1.9842167222778084
split_random,ridge_drug_fp,"B cells, Perhexiline",0.35596021852569854,1.0376284702681455,0.5912836838154316,2.002514948966904
split_random,ridge_drug_fp,"Myeloid cells, Perhexiline",0.2540368733458346,0.9881028293293727,0.4772980099576701,2.0339196905989003
split_random,ridge_drug_fp,"B cells, Disulfiram",0.08792154054289324,0.6439696024903062,0.23148733932999788,1.758789281449768
split_random,ridge_drug_fp,"B cells, BMS-536924",0.49788095321044895,0.9822811078701364,0.6996174297479054,1.8445930752496535
split_random,ridge_drug_fp,"Myeloid cells, BMS-536924",0.27363463391890785,1.1414910655391328,0.45761384915134595,2.0937277495960323
split_random,ridge_drug_fp,"B cells, Canertinib",0.3667992064121888,0.7315957562208085,0.5853922288246372,1.649091812512901
split_random,ridge_drug_fp,"B cells, Alogliptin",0.12077753675904225,0.6301715599752621,0.12800423641988534,1.8221646373973936
split_random,ridge_drug_fp,"B cells, Defactinib",0.3782241138926372,0.7330347257585719,0.651988334787112,1.5535772173154403
split_random,ridge_drug_fp,"B cells, RG7112",0.265350446725496,0.6347959052565051,0.5166228839645255,1.650845058732067
split_random,ridge_drug_fp,"B cells, AZD-8330",0.4295469268262273,0.7718799596208364,0.6960294588636953,1.6339968100639595
split_random,ridge_drug_fp,"Myeloid cells, Ceritinib",0.2577996258750773,0.9597762604104986,0.5172117735674284,2.1480615358137936
split_random,ridge_drug_fp,"B cells, CGM-097",0.5765493346064657,0.8889815178467821,0.7726521800034345,1.5510015413410971
split_random,ridge_drug_fp,"B cells, Nefazodone",0.1066577967823745,0.6383280054883184,0.11576558253706207,1.8375022665536525
split_random,ridge_drug_fp,"Myeloid cells, TPCA-1",0.36120234950402763,1.414532624133469,0.52322523231887,2.3447481811537267
split_random,ridge_drug_fp,"B cells, MGCD-265",0.18550289608445,0.7406155172565322,0.3542345730585908,1.8182703263024311
split_random,ridge_drug_fp,"Myeloid cells, MGCD-265",0.19169392875004343,0.659418992906048,0.3929064883639415,1.658074806498752
split_random,ridge_drug_fp,"B cells, YK 4-279",0.16185728474528796,0.6386947254942279,0.34036404478735827,1.7407340753629135
split_random,ridge_drug_fp,"Myeloid cells, GSK256066",0.184774434327482,1.139134915353405,0.3018479616615844,2.336936354447467
split_random,ridge_drug_fp,"Myeloid cells, Vandetanib",0.06406363444819946,0.9378956086454471,0.18479733221652753,1.9923438337529027
split_random,ridge_drug_fp,"Myeloid cells, AZD4547",0.13690317381575304,0.7571171841818408,0.3553049865587417,1.8319996915822325
split_random,ridge_drug_fp,"B cells, Prednisolone",0.45609486861978843,1.093257823932851,0.6849358120103953,1.835176331670475
split_random,ridge_drug_fp,"Myeloid cells, Tacalcitol",0.20993573694161707,2.189644935708834,0.26892260156270986,3.0980851862432264
split_random,ridge_drug_fp,"B cells, SB525334",0.31986662717384157,0.7599363399706734,0.5311518706826641,1.6261949925943395
split_random,ridge_cell_drug_fp,"NK cells, Lapatinib",0.2145165625329543,0.7371981747231773,0.4673953850998646,1.6784439973954732
split_random,ridge_cell_drug_fp,"T cells, Ganetespib (STA-9090)",0.7136437377911424,1.6320437063604387,0.7828876955001303,2.2355785690183785
split_random,ridge_cell_drug_fp,"Myeloid cells, Sunitinib",0.11453892788667544,0.818054723172572,0.33482254990191157,1.7465021189112124
split_random,ridge_cell_drug_fp,"T cells, Sunitinib",0.45241651467813754,0.6684219664932979,0.7225540931668846,1.4379004173512968
split_random,ridge_cell_drug_fp,"B cells, Tivozanib",0.3794286292044235,0.7780043737566066,0.6597890891574142,1.766268293633532
split_random,ridge_cell_drug_fp,"Myeloid cells, Tivozanib",0.23963397582056375,0.8050574215549452,0.49733431530216266,1.8183485676710551
split_random,ridge_cell_drug_fp,"T cells, 5-(9-Isopropyl-8-methyl-2-morpholino-9H-purin-6-yl)pyrimidin-2-amine",0.7509411866510728,0.9787354532472692,0.8484612205737843,1.5576434768197158
split_random,ridge_cell_drug_fp,"Myeloid cells, O-Demethylated Adapalene",0.26818033983739914,0.8274075567922531,0.48143692997194226,2.0260680979151204
split_random,ridge_cell_drug_fp,"NK cells, I-BET151",0.5659128149535664,1.0772889446365799,0.7845325854363551,1.4461667967370446
split_random,ridge_cell_drug_fp,"NK cells, GW843682X",0.20136904406677084,0.6910160783843531,0.3886134598074709,1.7260219028731507
split_random,ridge_cell_drug_fp,"Myeloid cells, Raloxifene",0.412799336779862,0.8892498949768256,0.6141581533681887,1.910682649147111
split_random,ridge_cell_drug_fp,"B cells, BAY 87-2243",0.4645994221523022,1.0311237026565585,0.6767566463994223,1.7244361379375606
split_random,ridge_cell_drug_fp,"NK cells, BAY 87-2243",0.47416758132511133,0.9547169195474989,0.7153200906888867,1.5625203933211647
split_random,ridge_cell_drug_fp,"NK cells, BMS-777607",0.16674311790545465,0.70149699203666,0.31470884631318263,1.715295337525539
split_random,ridge_cell_drug_fp,"NK cells, Porcn Inhibitor III",0.25294811150813057,0.7947507661756477,0.49996852625874216,1.7676414322122462
split_random,ridge_cell_drug_fp,"T cells, Proscillaridin A;Proscillaridin-A",0.825475887999954,1.783485380788891,0.8552093016694252,2.038518587442859
split_random,ridge_cell_drug_fp,"NK cells, Vorinostat",0.654519609306099,1.045932534927059,0.8356637956889621,1.4069408632236078
split_random,ridge_cell_drug_fp,"Myeloid cells, BMS-265246",0.44427667331706194,1.5674961266910243,0.5802711464281282,2.457081535736457
split_random,ridge_cell_drug_fp,"Myeloid cells, Pomalidomide",0.17161905598028201,1.1679755151584357,0.2897566635874576,2.4294861381817556
split_random,ridge_cell_drug_fp,"B cells, Navitoclax",0.2482431309987494,0.9024120026647111,0.45853767306060395,1.916312307047546
split_random,ridge_cell_drug_fp,"T cells, Navitoclax",0.22035916065824354,0.6792003975048486,0.6613466773006883,1.4898701762982745
split_random,ridge_cell_drug_fp,"T cells, Methotrexate",0.23235587847526581,0.6410578761169057,0.48774923381349417,1.7018779227124923
split_random,ridge_cell_drug_fp,"NK cells, Trametinib",0.2544673288409611,0.801945272611339,0.4832990262698252,1.685554950242702
split_random,ridge_cell_drug_fp,"T cells, Trametinib",0.4816566016204406,0.6922914750071352,0.7499060234618202,1.4015854161592003
split_random,ridge_cell_drug_fp,"NK cells, AMD-070 (hydrochloride)",0.1548729154561352,0.6820413388431181,0.2742429340934942,1.7707387825531455
split_random,ridge_cell_drug_fp,"T cells, FK 866",0.5354014627305637,0.8324851283125114,0.7522862964769313,1.697263547474022
split_random,ridge_cell_drug_fp,"Myeloid cells, Scriptaid",0.5581788059652762,1.651014672559566,0.6754713749571271,2.2474734560298053
split_random,ridge_cell_drug_fp,"NK cells, LY2090314",0.5605090793551254,1.1596670367509654,0.7775165620010402,1.6269815555633185
split_random,ridge_cell_drug_fp,"T cells, Perhexiline",0.518230520178857,0.8845997998727705,0.7812238027436798,1.740928459419342
split_random,ridge_cell_drug_fp,"T cells, Ketoconazole",0.6085887410576688,0.9626550697139925,0.7817459517458367,1.7836470120562615
split_random,ridge_cell_drug_fp,"T cells, Disulfiram",0.31202365731442094,0.583879471979426,0.6731536064974188,1.3282765559339011
split_random,ridge_cell_drug_fp,"NK cells, IMD-0354",0.4791191969812902,1.0009242701128431,0.7260573157740068,1.537077922984275
split_random,ridge_cell_drug_fp,"T cells, Quizartinib",0.28773631830488444,0.5860381470203351,0.5673757985932937,1.5920490068524462
split_random,ridge_cell_drug_fp,"T cells, Decitabine",0.28478926882974376,0.5200537586244394,0.4099902975272734,1.5649044603513584
split_random,ridge_cell_drug_fp,"B cells, LDN 193189",0.24498374851923668,0.6225557509533274,0.4763761638986131,1.5559550299980016
split_random,ridge_cell_drug_fp,"NK cells, Cabozantinib",0.24149798377266826,0.6917142279827915,0.4500182137483581,1.6698484380740883
split_random,ridge_cell_drug_fp,"B cells, Crizotinib",0.4147097830052703,0.9247629170772773,0.6959174114112585,1.7406873161500762
split_random,ridge_cell_drug_fp,"NK cells, Crizotinib",0.17109184276642325,0.901042778230253,0.3417785767453137,1.7762021894262179
split_random,ridge_cell_drug_fp,"T cells, Crizotinib",0.42027848020674696,0.8613547161397573,0.7159581305805424,1.5687996356862484
split_random,ridge_cell_drug_fp,"B cells, Azacitidine",0.3213004276792556,0.658598438042474,0.5748375574237031,1.6334065794660966
split_random,ridge_cell_drug_fp,"NK cells, TR-14035",0.1845384748102749,0.6489875302779465,0.3592515602479484,1.777423994642123
split_random,ridge_cell_drug_fp,"B cells, GO-6976",0.31504291368654336,0.778740703460947,0.5301284041811521,1.646434747323927
split_random,ridge_cell_drug_fp,"Myeloid cells, GO-6976",0.4096670388843893,1.070722258069515,0.6136354350142295,1.9475355803956569
split_random,ridge_cell_drug_fp,"NK cells, GO-6976",0.3108751952955051,0.8425327787789795,0.5211752069539498,1.680037921130103
split_random,ridge_cell_drug_fp,"Myeloid cells, TGX 221",0.5171131504225562,0.8785602395336064,0.7580440327944608,1.678161426443552
split_random,ridge_cell_drug_fp,"NK cells, TGX 221",0.328579047788399,0.7776822179252598,0.5033879677868635,1.6690666309040092
split_random,ridge_cell_drug_fp,"Myeloid cells, ABT737",0.1863890467751003,1.0025220297951944,0.39373158010295317,2.1247300746351905
split_random,ridge_cell_drug_fp,"T cells, ABT737",0.1878885296563636,0.7310882703853872,0.593812232901619,1.7143285501626342
split_random,ridge_cell_drug_fp,"B cells, PRT-062607",0.588965827574812,0.9740070817000664,0.7951666142837769,1.6944219873322834
split_random,ridge_cell_drug_fp,"Myeloid cells, AZ628",0.3905659012255627,0.9652570900164255,0.6334058299870472,1.8146156149162782
split_random,ridge_cell_drug_fp,"T cells, AZ628",0.5866185787512481,0.6694840236181542,0.8180751978129829,1.3025179667683633
split_random,ridge_cell_drug_fp,"T cells, Masitinib",0.46421792863553074,0.5368409431300187,0.8059961394295995,1.1127656117077178
split_random,ridge_cell_drug_fp,"NK cells, Ceritinib",0.26210033251182674,0.7110162065632187,0.4013892372136849,1.7530370345817459
split_random,ridge_cell_drug_fp,"NK cells, TPCA-1",0.45779656007977276,0.8696968905546577,0.6949761841876121,1.5547859217799767
split_random,ridge_cell_drug_fp,"Myeloid cells, Ricolinostat",0.4225282027927475,1.0688129697605027,0.6023286304361842,2.0309583387481083
split_random,ridge_cell_drug_fp,"T cells, Clemastine",0.42172777794491073,0.5384641067334013,0.7864822567736343,1.2187455609360536
split_random,ridge_cell_drug_fp,"T cells, Midostaurin",0.5722790282445398,0.7668489348269001,0.8176970612512512,1.5786768516344847
split_random,ridge_cell_drug_fp,"NK cells, CEP-37440",0.2769594326278675,0.7146422994943149,0.46583318958224545,1.689914904804847
split_random,ridge_cell_drug_fp,"B cells, R428",0.5752273155164268,0.8745784344618448,0.7521241910169191,1.5995812125510998
split_random,ridge_cell_drug_fp,"Myeloid cells, R428",0.3703100279066214,1.9275527454921937,0.47326358208281416,2.7732866606362334
split_random,ridge_cell_drug_fp,"NK cells, Vandetanib",0.1261899651399119,0.7873545655656036,0.29214624228023073,1.7920646341193895
split_random,ridge_cell_drug_fp,"T cells, Vandetanib",0.2343420780901834,0.6718239120686903,0.583948964649026,1.3782085816154408
split_random,ridge_cell_drug_fp,"NK cells, SCH-58261",0.13886359280547736,0.722304108272466,0.19939714182062926,1.8258544023568801
split_random,ridge_cell_drug_fp,"T cells, SCH-58261",0.17325327496404752,0.6068483509649223,0.3689615804541607,1.593389536832565
split_random,ridge_cell_drug_fp,"T cells, Tosedostat",0.5266450423227869,0.6872511529463153,0.7860100381664665,1.4470741070369308
split_random,ridge_cell_drug_fp,"B cells, Colchicine",0.43009080710615283,1.2480155250089517,0.6770116289184696,1.77822698437732
split_random,ridge_cell_drug_fp,"NK cells, Colchicine",0.22559228243502505,1.283319717017712,0.467798986374965,1.743562590367973
split_random,ridge_cell_drug_fp,"NK cells, ABT-199 (GDC-0199)",0.10567254288576003,0.7545752720387565,0.2923827930396512,1.7937401271844378
split_random,ridge_cell_drug_fp,"NK cells, Mometasone Furoate",0.45399904700305715,1.0925919308791485,0.7097281553853254,1.601430979266954
split_random,ridge_cell_drug_fp,"T cells, Tipifarnib",0.43977840009068303,0.653095721626349,0.719124480011458,1.4936132282114303
split_random,ridge_cell_drug_fp,"Myeloid cells, BX 912",0.40910796170469493,0.8246804720566294,0.7115670582795598,1.6379840992628296
split_random,ridge_cell_drug_fp,"NK cells, Doxorubicin",0.3868145594364537,1.3067977885432143,0.6856048205561346,1.6250140163831734
split_random,ridge_cell_drug_fp,"NK cells, AZD4547",0.11292084968438501,0.7535210337745355,0.21048544654901244,1.816147197644766
split_random,ridge_cell_drug_fp,"T cells, AZD4547",0.23497062335889124,0.6232825330781757,0.46807941078374127,1.5114222500584642
split_random,ridge_cell_drug_fp,"NK cells, Tacalcitol",0.2073683360805744,0.7483567389714507,0.31899402051442405,1.780058936217487
split_random,ridge_cell_drug_fp,"NK cells, Selumetinib",0.2695704005627684,0.7562658663962503,0.4687486860568841,1.7083307139558224
split_random,ridge_cell_drug_fp,"T cells, Clotrimazole",0.33532410045888,0.5523681658442365,0.6380802198289754,1.4415340439732933
split_random,ridge_cell_drug_fp,"B cells, RG7090",0.3142404107815322,0.6412451253874888,0.5852999898466986,1.5287385873110282
split_random,ridge_cell_drug_fp,"B cells, GLPG0634",0.5801897668665694,0.7326433937405242,0.7895995257272576,1.4850817056566654
split_random,ridge_cell_drug_fp,"NK cells, Mubritinib (TAK 165)",0.3902916684425611,0.8637166306477962,0.6357709855455043,1.6728690057108286
split_random,ridge_cell_drug_fp,"T cells, Vanoxerine",0.36481602241462735,0.5811490123943664,0.6672893017968395,1.433829508889358
split_random,ridge_cell_drug_fp,"B cells, Protriptyline",0.18470860886697643,0.5957475698149061,0.46060078603672494,1.5812606710942698
split_random,ridge_cell_drug_fp,"Myeloid cells, Phenylbutazone",0.1504877861265106,0.6343304706393572,0.3080011797981611,1.6332282350731142
split_random,ridge_cell_drug_fp,"Myeloid cells, BMS-777607",0.3665717589387271,0.7588700110889812,0.6686463186281356,1.7047438003127033
split_random,ridge_cell_drug_fp,"B cells, Ruxolitinib",0.5727472281524217,0.8327301155264455,0.8060635742742166,1.515349387584732
split_random,ridge_cell_drug_fp,"Myeloid cells, Trametinib",0.44889918945480434,1.2844980573756688,0.6279880435890915,2.213315970743666
split_random,ridge_cell_drug_fp,"B cells, Sgc-cbp30",0.38249696427721364,0.6876495397743403,0.6820292650362854,1.4680281157476847
split_random,ridge_cell_drug_fp,"Myeloid cells, Chlorpheniramine",0.2022350205931737,0.6113809348753796,0.40928740865732355,1.5835476011873764
split_random,ridge_cell_drug_fp,"B cells, BAY 61-3606",0.668131551406024,0.9932972460355901,0.8435043516490717,1.392470106089479
split_random,ridge_cell_drug_fp,"B cells, Dasatinib",0.5690972179230833,1.032148689589657,0.7664925772965272,1.792145455389751
split_random,ridge_cell_drug_fp,"B cells, Perhexiline",0.5155711054628344,0.939814513240514,0.7559063464619404,1.7691514947313547
split_random,ridge_cell_drug_fp,"Myeloid cells, Perhexiline",0.4155412678730531,0.9175891508190749,0.6839021128834121,1.78233995927204
split_random,ridge_cell_drug_fp,"B cells, Disulfiram",0.1702309527896144,0.6521727376915294,0.3911956458556641,1.661385456468299
split_random,ridge_cell_drug_fp,"B cells, BMS-536924",0.6164130907525533,0.8841078034507602,0.8106187415532077,1.6148521983026352
split_random,ridge_cell_drug_fp,"Myeloid cells, BMS-536924",0.44463617957471346,1.0326012345901328,0.6830695944027375,1.8201935474214368
split_random,ridge_cell_drug_fp,"B cells, Canertinib",0.4087515986403525,0.7251402104987156,0.640461664754932,1.564561890575162
split_random,ridge_cell_drug_fp,"B cells, Alogliptin",0.13750616086118275,0.6528643481271844,0.1552971580266088,1.8112319095364822
split_random,ridge_cell_drug_fp,"B cells, Defactinib",0.4869013107135769,0.6793659085918008,0.7509208659061978,1.4021027851507972
split_random,ridge_cell_drug_fp,"B cells, RG7112",0.2937045207950716,0.6450611287712492,0.5540102301720342,1.5951927298492756
split_random,ridge_cell_drug_fp,"B cells, AZD-8330",0.5422839736429133,0.7064117798065903,0.7981528632413514,1.4285976383260264
split_random,ridge_cell_drug_fp,"Myeloid cells, Ceritinib",0.41930169720127214,0.8930995923277986,0.7349849845781729,1.8980390640417522
split_random,ridge_cell_drug_fp,"B cells, CGM-097",0.5704317043226709,0.8939501899019101,0.7615792941082552,1.573153549268402
split_random,ridge_cell_drug_fp,"B cells, Nefazodone",0.21394014116237778,0.6269027937046153,0.37493296069972776,1.7138602330746804
split_random,ridge_cell_drug_fp,"Myeloid cells, TPCA-1",0.5231761165852453,1.2639045018471997,0.7085103370191006,2.074073841546183
split_random,ridge_cell_drug_fp,"B cells, MGCD-265",0.359418012313024,0.6888835372581941,0.6125841680142943,1.6138040924686905
split_random,ridge_cell_drug_fp,"Myeloid cells, MGCD-265",0.2744271264828266,0.6744189116495849,0.581656207688137,1.5076661375761948
split_random,ridge_cell_drug_fp,"B cells, YK 4-279",0.23152800720430572,0.6322351444223177,0.4653548138754832,1.669993702871807
split_random,ridge_cell_drug_fp,"Myeloid cells, GSK256066",0.2756302957779548,1.1062257592699198,0.43144493130822137,2.2164556886952838
split_random,ridge_cell_drug_fp,"Myeloid cells, Vandetanib",0.11257533567576979,0.9520681988294457,0.295829831987346,1.933668095822522
split_random,ridge_cell_drug_fp,"Myeloid cells, AZD4547",0.23373708358882245,0.7470787490161975,0.5216354229942531,1.6997452010505136
split_random,ridge_cell_drug_fp,"B cells, Prednisolone",0.5277888648368059,1.0248697086822027,0.754077001025671,1.6865298390057593
split_random,ridge_cell_drug_fp,"Myeloid cells, Tacalcitol",0.14015868086745664,2.230774765185887,0.1840172366019424,3.1469796811138724
split_random,ridge_cell_drug_fp,"B cells, SB525334",0.3060519732815037,0.7821810026929659,0.5294207117768241,1.628092430923455
split_cell_heldout,ridge_cell,"NK cells, TIE2 Kinase Inhibitor",0.06100988497632357,0.6427473933285581,0.06097125593691818,1.7974057118900357
split_cell_heldout,ridge_cell,"NK cells, MK-5108",0.015588188482391133,0.7081600549012304,0.060974083226325616,1.8815045546127096
split_cell_heldout,ridge_cell,"NK cells, Lapatinib",-0.1476874847638345,0.7740511823958693,-0.3186435018949961,1.9712791179560543
split_cell_heldout,ridge_cell,"NK cells, Atorvastatin",0.0766018393354579,0.6812226399903284,0.10115611725275064,1.7639439540273767
split_cell_heldout,ridge_cell,"NK cells, Ganetespib (STA-9090)",0.36259912914204745,1.074769540517235,0.5622435220006992,2.239461297318701
split_cell_heldout,ridge_cell,"NK cells, Clomipramine",0.09593136912354627,0.6515948111421522,0.17577759907720486,1.769579651623046
split_cell_heldout,ridge_cell,"NK cells, Sunitinib",0.12504440776065168,0.6761595429158813,0.18466610299262476,1.7675443692324062
split_cell_heldout,ridge_cell,"NK cells, Tivozanib",0.06587183166596389,0.6876043060983739,0.14215834058072058,1.8203307362199204
split_cell_heldout,ridge_cell,"NK cells, Tamatinib",0.28876380945121327,0.8292188673213197,0.4579574980116731,1.8752711159780062
split_cell_heldout,ridge_cell,"NK cells, Ixabepilone",0.08474977699442733,0.6689496979647249,0.11062614447734652,1.8598185469746336
split_cell_heldout,ridge_cell,"NK cells, Linagliptin",0.07116652926901618,0.6647663708381336,0.08507840792444953,1.7839838807341621
split_cell_heldout,ridge_cell,"NK cells, 5-(9-Isopropyl-8-methyl-2-morpholino-9H-purin-6-yl)pyrimidin-2-amine",0.38184508173986603,0.8411953351896133,0.6156330606327115,1.9484891223156333
split_cell_heldout,ridge_cell,"NK cells, O-Demethylated Adapalene",0.035598683675380084,0.68207308966825,-0.03406727210578521,1.8416058878531527
split_cell_heldout,ridge_cell,"NK cells, Protriptyline",-0.010540898661268049,0.6674635425493898,0.015355935315913205,1.8036992352845456
split_cell_heldout,ridge_cell,"NK cells, I-BET151",0.18286058644240072,1.0148241141792274,0.3015595099709165,2.2594278583686314
split_cell_heldout,ridge_cell,"NK cells, Foretinib",0.28517504196986104,0.7460467993519171,0.49095264656982707,1.862504486441156
split_cell_heldout,ridge_cell,"NK cells, GW843682X",0.12007625440373376,0.665725448188178,0.3229296405530964,1.8112358356843774
split_cell_heldout,ridge_cell,"NK cells, BMS-387032",0.1828052559160819,0.8281002404888687,0.3699757630536985,1.9966021724103917
split_cell_heldout,ridge_cell,"NK cells, IN1451",0.24594352357548305,1.2043160012224514,0.37176475184186847,2.3454296927193834
split_cell_heldout,ridge_cell,"NK cells, Raloxifene",-0.08324561230715392,0.827289921492106,-0.14892842443784055,2.0270702255139814
split_cell_heldout,ridge_cell,"NK cells, Topotecan",0.10314396746688535,0.813833715822354,0.21132399581138447,2.0183538246598944
split_cell_heldout,ridge_cell,"NK cells, BAY 87-2243",0.34014302216065323,0.8939119727637362,0.5420635030300094,2.113265422061079
split_cell_heldout,ridge_cell,"NK cells, Phenylbutazone",0.11003162550467684,0.6854774868707098,0.1465833960842583,1.836242922737979
split_cell_heldout,ridge_cell,"NK cells, K-02288",0.038838360815552794,0.6604880546031486,0.04779367845033479,1.8202321112904207
split_cell_heldout,ridge_cell,"NK cells, BMS-777607",0.0787133962493813,0.675976549925047,0.15429958964269752,1.7844313622431636
split_cell_heldout,ridge_cell,"NK cells, Porcn Inhibitor III",-0.11612422024412593,0.8065330805911172,-0.24676702383442808,2.075051720782193
split_cell_heldout,ridge_cell,"NK cells, TL_HRAS26",0.03629890029022352,0.65843689783304,-0.000654333025386397,1.883165391390423
split_cell_heldout,ridge_cell,"NK cells, Proscillaridin A;Proscillaridin-A",-0.025951594155067273,2.2833886887332393,-0.028987261538515195,3.19856892368192
split_cell_heldout,ridge_cell,"NK cells, Vorinostat",0.29522783311036416,1.203868734664272,0.4799246442321684,2.38105733141947
split_cell_heldout,ridge_cell,"NK cells, BMS-265246",0.047267945813066044,0.9104439981153505,0.12361350706671606,2.1810168619693604
split_cell_heldout,ridge_cell,"NK cells, Ruxolitinib",0.24972957792222386,0.7313607141811983,0.4378349578606051,1.8015099672075006
split_cell_heldout,ridge_cell,"NK cells, Pomalidomide",-0.10666112878687624,0.9111161248692318,-0.17518615103891136,2.250042740913459
split_cell_heldout,ridge_cell,"NK cells, Dovitinib",0.21848621011700853,0.7336263891088508,0.38691425734683815,1.8732517582012076
split_cell_heldout,ridge_cell,"NK cells, AVL-292",0.23656014655280005,0.6793651350908376,0.41534178237339053,1.8148684269769102
split_cell_heldout,ridge_cell,"NK cells, Navitoclax",-0.06422492787354198,0.763477277474343,-0.09852116322988122,1.9875384891070242
split_cell_heldout,ridge_cell,"NK cells, Methotrexate",-0.18653610768250412,0.7338591728373434,-0.2874592817802612,1.987470907746957
split_cell_heldout,ridge_cell,"NK cells, Palbociclib",0.06374171594584137,0.6756654114148114,0.05074588802034552,1.8077375901791763
split_cell_heldout,ridge_cell,"NK cells, Trametinib",0.17155073053380002,0.7133123461339684,0.38590476140768515,1.8043065002627545
split_cell_heldout,ridge_cell,"NK cells, AMD-070 (hydrochloride)",-0.036246121094057025,0.6801024970222797,-0.07604162767966306,1.8614552951154615
split_cell_heldout,ridge_cell,"NK cells, Sgc-cbp30",0.20468866836881436,0.6863758986915511,0.3881968372791351,1.7788079722991763
split_cell_heldout,ridge_cell,"NK cells, FK 866",0.07604288390677512,0.7704219289132129,0.23268577337344087,1.9145709734828087
split_cell_heldout,ridge_cell,"NK cells, Chlorpheniramine",0.045259792622276085,0.6952210275579086,0.10670636878069718,1.884120881879897
split_cell_heldout,ridge_cell,"NK cells, Scriptaid",0.3148705895959159,1.2921264116132012,0.478812205824905,2.4757256239100602
split_cell_heldout,ridge_cell,"NK cells, BAY 61-3606",0.2735502212464958,1.0125504773971707,0.4676274726044999,2.160579508696465
split_cell_heldout,ridge_cell,"NK cells, LY2090314",0.055802928402491604,1.2430601658572145,0.10926669401788658,2.5594380478637375
split_cell_heldout,ridge_cell,"NK cells, Vardenafil",0.09837311560269067,0.6773961375148027,0.1808324537381627,1.8379733753574325
split_cell_heldout,ridge_cell,"NK cells, Dasatinib",0.20953817755262694,0.7606026951496,0.36101410904053344,1.86253202738542
split_cell_heldout,ridge_cell,"NK cells, AT13387",0.35531843359204335,1.0488368622692081,0.5314772444908564,2.2154098565069154
split_cell_heldout,ridge_cell,"NK cells, PF-04691502",0.26239299699343405,0.7652325519572969,0.5301963119580652,1.8030821690867467
split_cell_heldout,ridge_cell,"NK cells, Perhexiline",0.322701325051883,0.7640070668204609,0.5234675232431942,1.805638203555375
split_cell_heldout,ridge_cell,"NK cells, RVX-208",0.09133806159074886,0.7194845869430461,0.06605752617799757,1.9093064555701786
split_cell_heldout,ridge_cell,"NK cells, Ketoconazole",-0.1363817847725705,0.9676672743505339,-0.27963760517038705,2.3088475707406717
split_cell_heldout,ridge_cell,"NK cells, Disulfiram",0.06431204568081599,0.6649556041091834,0.005338560633144978,1.8678706321462648
split_cell_heldout,ridge_cell,"NK cells, Flutamide",0.08947077807491359,0.7039398000845639,0.2728811011655698,1.7890319180975134
split_cell_heldout,ridge_cell,"NK cells, Desloratadine",0.019210294986856488,0.6874941052091417,-0.06902952562130397,1.8462208240330056
split_cell_heldout,ridge_cell,"NK cells, Dactolisib",0.43458152348695717,0.964729543167152,0.6501286035293906,2.1468301136261942
split_cell_heldout,ridge_cell,"NK cells, BMS-536924",0.2666845083340597,0.7291872901470191,0.46747921861450487,1.7967733729315472
split_cell_heldout,ridge_cell,"NK cells, IKK Inhibitor VII",0.26930031758812134,0.7312046774136758,0.45372536680759185,1.8367331830238363
split_cell_heldout,ridge_cell,"NK cells, Amiodarone",0.1344130443636252,0.6735254284983182,0.21480228089223136,1.8025281102196054
split_cell_heldout,ridge_cell,"NK cells, Isoniazid",0.059223377671463635,0.6747328677379045,0.10768111033175722,1.836547755157846
split_cell_heldout,ridge_cell,"NK cells, IMD-0354",0.331812440840032,0.9017139428348475,0.5771126075541618,2.0612577393421896
split_cell_heldout,ridge_cell,"NK cells, Canertinib",0.04955552378184437,0.7251288452327153,0.08630152249311739,1.9641401711858277
split_cell_heldout,ridge_cell,"NK cells, Idelalisib",0.1290223028385176,0.7223116341869533,0.29499927961308176,1.8526092711709312
split_cell_heldout,ridge_cell,"NK cells, Alogliptin",-0.061339638383515624,0.6823847675861769,-0.2035548952589164,1.9068906349734926
split_cell_heldout,ridge_cell,"NK cells, Penfluridol",0.054772263343418406,0.7167421279608748,0.12951956277539073,1.8215961262623226
split_cell_heldout,ridge_cell,"NK cells, Quizartinib",0.00865270569179623,0.6864632269512114,0.032289960950357355,1.866149289618622
split_cell_heldout,ridge_cell,"NK cells, RN-486",-0.08202990220564255,0.7402771580023578,-0.20177943904927897,1.9507147969711767
split_cell_heldout,ridge_cell,"NK cells, PD-0325901",0.22706869350416856,0.7734104719914758,0.41350526360023104,1.9175020664942535
split_cell_heldout,ridge_cell,"NK cells, Decitabine",0.0332325896458915,0.6675892386536612,0.03009160801061619,1.7765172820663115
split_cell_heldout,ridge_cell,"NK cells, LDN 193189",-0.06250016216035278,0.7314214394912346,-0.2345670580431237,1.9352224781647989
split_cell_heldout,ridge_cell,"NK cells, Cabozantinib",0.0034772225990228026,0.7109250798021977,0.0616801284274217,1.8303452139967455
split_cell_heldout,ridge_cell,"NK cells, Riociguat",0.06786159946650479,0.6890075837447983,0.1629689708865956,1.8348115040579474
split_cell_heldout,ridge_cell,"NK cells, CHIR-99021",-0.05405926769102608,0.7866489158708486,-0.1379370324170381,1.9973257854907094
split_cell_heldout,ridge_cell,"NK cells, Defactinib",0.09837177463651998,0.6885139293654953,0.27051860503610525,1.838596369934764
split_cell_heldout,ridge_cell,"NK cells, BI-D1870",-0.004818909864204049,0.7529244940187372,0.08414413602185765,1.8338414595262336
split_cell_heldout,ridge_cell,"NK cells, AZD3514",0.11219571074021473,0.6928504164200866,0.2313980283027674,1.8175350334799234
split_cell_heldout,ridge_cell,"NK cells, HMN-214",-0.01257377804941085,0.7370606230263774,-0.015791760749728954,1.8534246988480623
split_cell_heldout,ridge_cell,"NK cells, CC-401",0.2163435345295246,0.6987116647747645,0.3965196959605771,1.8072902993480549
split_cell_heldout,ridge_cell,"NK cells, Resminostat",0.28263253806814126,1.3004597816219867,0.4300677260848327,2.4608395158791563
split_cell_heldout,ridge_cell,"NK cells, Crizotinib",0.2695452432194843,0.7003183668917725,0.4739273942300825,1.7452600768646114
split_cell_heldout,ridge_cell,"NK cells, Azacitidine",0.11233246869675916,0.6648805182357747,0.13716738778413556,1.8315247339033736
split_cell_heldout,ridge_cell,"NK cells, TR-14035",0.18445012772961394,0.6274579465572299,0.2825648902835917,1.8251524388475273
split_cell_heldout,ridge_cell,"NK cells, Nilotinib",0.26360057027078443,0.7196849840667714,0.4887629130649931,1.7945794817124332
split_cell_heldout,ridge_cell,"NK cells, AT 7867",0.26576433828716306,0.7223384052623898,0.47815554083097356,1.8322107418735045
split_cell_heldout,ridge_cell,"NK cells, OSI-930",-0.12655987986451958,0.7436256809065839,-0.32478952475299105,1.949404548832678
split_cell_heldout,ridge_cell,"NK cells, GO-6976",-0.0980700066156924,0.8443467557905628,-0.17398848755667606,2.0162365041021517
split_cell_heldout,ridge_cell,"NK cells, Saracatinib",0.23161883299306488,0.73537939571122,0.3633953132169764,1.8864469226245333
split_cell_heldout,ridge_cell,"NK cells, RG7112",0.1967963620011758,0.6659972838418575,0.37739037065467185,1.8925029286921746
split_cell_heldout,ridge_cell,"NK cells, Lamivudine",0.12573706913536517,0.6790983619970666,0.17788624836255235,1.8878405760286252
split_cell_heldout,ridge_cell,"NK cells, TGX 221",0.27848780388624683,0.7176057777690505,0.43654601869907994,1.8064721412612212
split_cell_heldout,ridge_cell,"NK cells, Pitavastatin Calcium",-0.16901553587709,1.4519930436026889,-0.22688170660560833,2.7418409888257083
split_cell_heldout,ridge_cell,"NK cells, ABT737",0.06761731697481808,0.7567269294985732,0.15409748617424648,1.9095103298295841
split_cell_heldout,ridge_cell,"NK cells, PRT-062607",0.303272123714834,0.7290224591357481,0.5373135211008678,1.7857628398062384
split_cell_heldout,ridge_cell,"NK cells, AZ628",0.2404983576305024,0.7089811660719286,0.45511825477623047,1.7818178369338105
split_cell_heldout,ridge_cell,"NK cells, AZD-8330",0.3098576299123748,0.7283840687249113,0.5021960398221705,1.7898165617311157
split_cell_heldout,ridge_cell,"NK cells, Masitinib",0.18182260770346567,0.6783481228859114,0.2416692107081484,1.8243954636645197
split_cell_heldout,ridge_cell,"NK cells, Ceritinib",0.24771910093182123,0.6867792371802728,0.4205351174270705,1.7882299269856425
split_cell_heldout,ridge_cell,"NK cells, CGM-097",-0.0047841070810268425,0.8699800200697396,0.05730254295735958,2.0956166409227333
split_cell_heldout,ridge_cell,"NK cells, SLx-2119",0.1118532122121794,0.7273803169125905,0.077630152394023,1.9931154948498118
split_cell_heldout,ridge_cell,"NK cells, Nefazodone",0.11916278606426854,0.678137386307468,0.23708406642667498,1.8317906216036797
split_cell_heldout,ridge_cell,"NK cells, STK219801",0.08929918627640211,0.6983353246398973,0.10874652377583158,1.938907291669886
split_cell_heldout,ridge_cell,"NK cells, TPCA-1",0.37096735353188537,0.8399332293765872,0.5973864542659931,1.8872193120041127
split_cell_heldout,ridge_cell,"NK cells, MGCD-265",0.04252375880622778,0.6794857581483545,-0.015347161576819004,1.8441497218897815
split_cell_heldout,ridge_cell,"NK cells, GSK-1070916",0.09931014917007848,0.670887806029277,0.2061743902605955,1.791054540112428
split_cell_heldout,ridge_cell,"NK cells, Ricolinostat",0.06775777673012638,0.7841262546411859,0.0933133894369226,1.928220728283287
split_cell_heldout,ridge_cell,"NK cells, Bosutinib",0.28336415477525084,0.7610466075379851,0.46998685452307365,1.8872439953850462
split_cell_heldout,ridge_cell,"NK cells, Clemastine",0.14735137750505423,0.6691368844750496,0.17161980820470119,1.784520356542103
split_cell_heldout,ridge_cell,"NK cells, YK 4-279",-0.09456167495923821,0.7481571060259982,-0.16438314924800387,1.8955958700776296
split_cell_heldout,ridge_cell,"NK cells, Buspirone",0.024069513763031947,0.6427696301076151,-0.06999061904783623,1.815411639942165
split_cell_heldout,ridge_cell,"NK cells, Midostaurin",0.26966892112282337,0.7245079249744715,0.4519030183185504,1.7731222971894536
split_cell_heldout,ridge_cell,"NK cells, CEP-37440",0.21486403106814023,0.6835658997061581,0.36103829464185416,1.8194156016012895
split_cell_heldout,ridge_cell,"NK cells, GSK256066",0.24859021732043998,0.872356534298922,0.4337124213506705,2.03974176029412
split_cell_heldout,ridge_cell,"NK cells, Oxybenzone",0.10312450524034043,0.6554680257082064,0.1303886802887773,1.7976524623298658
split_cell_heldout,ridge_cell,"NK cells, Vandetanib",0.10856378743020152,0.6758117871718979,0.23974488537663288,1.8341729525439274
split_cell_heldout,ridge_cell,"NK cells, Imatinib",0.12116993514098692,0.6876143923658411,0.26364309947878084,1.822886961105596
split_cell_heldout,ridge_cell,"NK cells, SCH-58261",-0.037335088223078954,0.7120573728089596,-0.05068510813740439,1.8847130026361791
split_cell_heldout,ridge_cell,"NK cells, Colforsin",0.058364267336697175,0.6819727245629897,-0.00430961025252593,1.847977043615393
split_cell_heldout,ridge_cell,"NK cells, Tivantinib",0.17098675374912603,0.690596247056095,0.3375379337773977,1.8334661414778857
split_cell_heldout,ridge_cell,"NK cells, Tosedostat",0.26439820358289173,0.7452879505094727,0.4926640796341304,1.8621913380826876
split_cell_heldout,ridge_cell,"NK cells, Colchicine",0.19908734766325328,0.7283278663536662,0.3602460188800356,1.8216116793622485
split_cell_heldout,ridge_cell,"NK cells, ABT-199 (GDC-0199)",0.034218721272246934,0.6829996204658054,0.08709350990847844,1.8641251133468273
split_cell_heldout,ridge_cell,"NK cells, Mometasone Furoate",0.31993573972342904,0.9239654825373488,0.5068270043982732,2.1277519442587
split_cell_heldout,ridge_cell,"NK cells, Tipifarnib",0.2237394137105875,0.6943981266021212,0.41516184537625395,1.822524753800175
split_cell_heldout,ridge_cell,"NK cells, BX 912",0.2573891719312976,0.7174882097318909,0.43405572019146277,1.7779810806191008
split_cell_heldout,ridge_cell,"NK cells, Doxorubicin",0.23549470804545328,0.8424247251761766,0.4382711984567247,2.0524417316121126
split_cell_heldout,ridge_cell,"NK cells, PF-03814735",0.282188496760369,0.8313844927126598,0.4710776277963536,1.924052266081581
split_cell_heldout,ridge_cell,"NK cells, AZD4547",0.09311904581552705,0.6802433592222771,0.24558374270240033,1.8074267282944765
split_cell_heldout,ridge_cell,"NK cells, Prednisolone",0.28427902545685474,0.9111471245371484,0.45445951579373167,2.1457105251804447
split_cell_heldout,ridge_cell,"NK cells, Tacalcitol",0.17887270213069548,0.6956657575339957,0.3079843696925952,1.8142757580730073
split_cell_heldout,ridge_cell,"NK cells, Selumetinib",0.1466875835443122,0.7185773908988686,0.27412007888328166,1.8471811673417184
split_cell_heldout,ridge_cell,"NK cells, Clotrimazole",0.09101903209121902,0.66335138112501,0.1799834943742699,1.8221978604900595
split_cell_heldout,ridge_cell,"NK cells, RG7090",0.007628538472470707,0.7180557671159833,0.04844096533019815,1.8785844147451465
split_cell_heldout,ridge_cell,"NK cells, GLPG0634",0.25836867519729056,0.7265401029762593,0.44497106583280055,1.8203186261005395
split_cell_heldout,ridge_cell,"NK cells, Mubritinib (TAK 165)",0.2621360134530206,0.8232416229252014,0.48843429774121544,1.9908346972815376
split_cell_heldout,ridge_cell,"NK cells, Vanoxerine",0.11543538394780883,0.6825538795907142,0.145146344311781,1.786804047013611
split_cell_heldout,ridge_cell,"NK cells, SB525334",-0.17869230340168352,0.8350771342370013,-0.3391691428801154,2.0616568128104964
split_cell_heldout,ridge_cell,"NK cells, HYDROXYUREA",0.0010414506435213497,0.6882571914143755,-0.05877604327220798,1.8276772028464747
split_cell_heldout,ridge_drug_fp,"NK cells, TIE2 Kinase Inhibitor",0.11132837951710356,0.6573597198378713,0.12861474930118252,1.7918552833389898
split_cell_heldout,ridge_drug_fp,"NK cells, MK-5108",0.16338438255561769,0.6906016340192671,0.28524168999083527,1.8138167194781294
split_cell_heldout,ridge_drug_fp,"NK cells, Lapatinib",0.15760970608463534,0.7296941705246862,0.357704909242543,1.7439684324266027
split_cell_heldout,ridge_drug_fp,"NK cells, Atorvastatin",0.15500322462077554,0.6969442421523578,0.2872879753851665,1.7145329003834262
split_cell_heldout,ridge_drug_fp,"NK cells, Ganetespib (STA-9090)",0.5635892955194486,1.1735058048866296,0.7902125488237308,1.4774633060099727
split_cell_heldout,ridge_drug_fp,"NK cells, Clomipramine",0.18071880390243836,0.6561652723099772,0.29667024288707583,1.7194801357901288
split_cell_heldout,ridge_drug_fp,"NK cells, Sunitinib",0.20787537268942527,0.7226158137145126,0.37772625175554136,1.6712864997097703
split_cell_heldout,ridge_drug_fp,"NK cells, Tivozanib",0.15234901801266004,0.7310724394331749,0.25279509128478217,1.7865076147010204
split_cell_heldout,ridge_drug_fp,"NK cells, Tamatinib",0.4032783769625214,0.9710967429851519,0.609566901107313,1.6009892878987746
split_cell_heldout,ridge_drug_fp,"NK cells, Ixabepilone",0.1266224643034271,0.6819410034412505,0.2937120740311003,1.7890409723203233
split_cell_heldout,ridge_drug_fp,"NK cells, Linagliptin",0.07783850898874752,0.6821852860781673,0.18870769397032572,1.7633590049672097
split_cell_heldout,ridge_drug_fp,"NK cells, 5-(9-Isopropyl-8-methyl-2-morpholino-9H-purin-6-yl)pyrimidin-2-amine",0.48311304859514465,1.0620458139469136,0.7008531008531313,1.5525758315130855
split_cell_heldout,ridge_drug_fp,"NK cells, O-Demethylated Adapalene",0.10429281291559898,0.7276737727321779,0.13127923095450833,1.7925926085848194
split_cell_heldout,ridge_drug_fp,"NK cells, Protriptyline",0.07389675818712292,0.6495015001117056,0.13904123246092634,1.7830078302140215
split_cell_heldout,ridge_drug_fp,"NK cells, I-BET151",0.5361999343603141,1.1497888273050076,0.7606747198806414,1.5210347219149474
split_cell_heldout,ridge_drug_fp,"NK cells, Foretinib",0.34447502223249804,0.8390126872304372,0.5481141200596429,1.6922500978496224
split_cell_heldout,ridge_drug_fp,"NK cells, GW843682X",0.15824041740138722,0.7028901282387028,0.30181267235870285,1.7845611728992279
split_cell_heldout,ridge_drug_fp,"NK cells, BMS-387032",0.34486440044913474,1.0747203535505876,0.5872741255846143,1.6951675580202863
split_cell_heldout,ridge_drug_fp,"NK cells, IN1451",0.6332646492746655,1.3674951580959271,0.8563986093689435,1.274143414747734
split_cell_heldout,ridge_drug_fp,"NK cells, Raloxifene",0.2047892950757876,0.8006441023440095,0.43241151988281384,1.8013759941101883
split_cell_heldout,ridge_drug_fp,"NK cells, Topotecan",0.40248622436070114,0.8737916561629085,0.6559451712460077,1.5724420084429482
split_cell_heldout,ridge_drug_fp,"NK cells, BAY 87-2243",0.5093458493812449,0.8972654809127155,0.7313983853078672,1.539181814440705
split_cell_heldout,ridge_drug_fp,"NK cells, Phenylbutazone",0.13626477514380458,0.6796151065806102,0.19812963099826,1.8233830914058538
split_cell_heldout,ridge_drug_fp,"NK cells, K-02288",0.05513302253488048,0.7158932291911205,0.08321784790623336,1.8235990367517856
split_cell_heldout,ridge_drug_fp,"NK cells, BMS-777607",0.08919673005285322,0.733351041998132,0.1791404014637922,1.7786146764707118
split_cell_heldout,ridge_drug_fp,"NK cells, Porcn Inhibitor III",0.17680030027877683,0.8008922855471639,0.3726826300061842,1.860214031115203
split_cell_heldout,ridge_drug_fp,"NK cells, TL_HRAS26",0.11507702775727319,0.6651370086811611,0.2248597794234496,1.8231936123060857
split_cell_heldout,ridge_drug_fp,"NK cells, Proscillaridin A;Proscillaridin-A",0.7787602318624118,1.4820763032686888,0.8856468921821181,1.4858083840514482
split_cell_heldout,ridge_drug_fp,"NK cells, Vorinostat",0.6327147411100762,1.1094703837065516,0.81684408465315,1.457058728596597
split_cell_heldout,ridge_drug_fp,"NK cells, BMS-265246",0.4957273662115284,0.9421634403011591,0.774986062052038,1.3868759535725053
split_cell_heldout,ridge_drug_fp,"NK cells, Ruxolitinib",0.26328968595789926,0.9536517226538497,0.47993216322241994,1.7022607732258408
split_cell_heldout,ridge_drug_fp,"NK cells, Pomalidomide",0.38185882431903023,0.8565789903942607,0.62326149172718,1.6887493493168169
split_cell_heldout,ridge_drug_fp,"NK cells, Dovitinib",0.26255019490610987,0.8037866577251085,0.44046250285586463,1.7797017891720974
split_cell_heldout,ridge_drug_fp,"NK cells, AVL-292",0.26390211327833574,0.7862646921809678,0.47280324713864313,1.7114495136808408
split_cell_heldout,ridge_drug_fp,"NK cells, Navitoclax",0.1657667052504537,0.7718743500053995,0.30839824263847765,1.8606074690140333
split_cell_heldout,ridge_drug_fp,"NK cells, Methotrexate",0.09224728168027754,0.7348097039146367,0.10615585163146557,1.8965247254334159
split_cell_heldout,ridge_drug_fp,"NK cells, Palbociclib",0.1444778975495824,0.7072479898363877,0.2865645757033604,1.7351861947497245
split_cell_heldout,ridge_drug_fp,"NK cells, Trametinib",0.23505963709924227,0.8516632919611673,0.44888342939606435,1.714447224276074
split_cell_heldout,ridge_drug_fp,"NK cells, AMD-070 (hydrochloride)",0.056666018483030656,0.7175568744399978,0.08008979638385527,1.8557702279625516
split_cell_heldout,ridge_drug_fp,"NK cells, Sgc-cbp30",0.2609501331132762,0.75405961245172,0.44688827541203724,1.6916218080355305
split_cell_heldout,ridge_drug_fp,"NK cells, FK 866",0.2556475794206027,0.8546694242423593,0.4640235270548975,1.7391245826766106
split_cell_heldout,ridge_drug_fp,"NK cells, Chlorpheniramine",0.08573274036015104,0.6928864116987397,0.11386980286121429,1.883755559604665
split_cell_heldout,ridge_drug_fp,"NK cells, Scriptaid",0.661021163919496,1.1712577025796609,0.8347616598440993,1.4334025029865074
split_cell_heldout,ridge_drug_fp,"NK cells, BAY 61-3606",0.4858267786181987,1.1852806206448279,0.7292923291024636,1.5695041765820386
split_cell_heldout,ridge_drug_fp,"NK cells, LY2090314",0.5617935233273206,1.165523180282125,0.7766564939681454,1.6175815861882106
split_cell_heldout,ridge_drug_fp,"NK cells, Vardenafil",0.09012700169959041,0.7161046816682776,0.0997155598067385,1.869996138300566
split_cell_heldout,ridge_drug_fp,"NK cells, Dasatinib",0.261411334707777,1.065324920166195,0.45433120354947465,1.7615747756533544
split_cell_heldout,ridge_drug_fp,"NK cells, AT13387",0.5215710564964499,1.1540826828037842,0.7635241429841977,1.5440754672776373
split_cell_heldout,ridge_drug_fp,"NK cells, PF-04691502",0.3041986160470871,1.0070109407971026,0.5626609721926522,1.6354635416485495
split_cell_heldout,ridge_drug_fp,"NK cells, Perhexiline",0.3519571953477054,0.8651480416567109,0.5610843339999577,1.6450893563235043
split_cell_heldout,ridge_drug_fp,"NK cells, RVX-208",0.29170667685370183,0.7611535382225656,0.4856006266541719,1.6254624541663296
split_cell_heldout,ridge_drug_fp,"NK cells, Ketoconazole",0.5198540301683512,0.8498473716227286,0.7092303912782808,1.5080185427894643
split_cell_heldout,ridge_drug_fp,"NK cells, Disulfiram",0.16569976059184602,0.6476240344893908,0.24760569224841394,1.7918718518739907
split_cell_heldout,ridge_drug_fp,"NK cells, Flutamide",0.12825667770829943,0.7056468087442394,0.32082241874257605,1.767239744652914
split_cell_heldout,ridge_drug_fp,"NK cells, Desloratadine",0.10233227569344824,0.6822717445658897,0.09077820743214046,1.8109542855889598
split_cell_heldout,ridge_drug_fp,"NK cells, Dactolisib",0.5636475380872578,1.1300227202460902,0.7677614141351518,1.5163899661822926
split_cell_heldout,ridge_drug_fp,"NK cells, BMS-536924",0.2887573618336544,0.9209012622517678,0.4847046681088523,1.708005988379193
split_cell_heldout,ridge_drug_fp,"NK cells, IKK Inhibitor VII",0.3094407440699949,0.9277854219602879,0.5198398970310177,1.6742806020669005
split_cell_heldout,ridge_drug_fp,"NK cells, Amiodarone",0.07845989411743295,0.7093651511225018,0.10112166662755312,1.8399388982781733
split_cell_heldout,ridge_drug_fp,"NK cells, Isoniazid",0.06823188053715583,0.6750020795918131,0.17344726183255194,1.8200815040327738
split_cell_heldout,ridge_drug_fp,"NK cells, IMD-0354",0.46711817823184215,1.0549156672109172,0.7149831045378526,1.5580141542089758
split_cell_heldout,ridge_drug_fp,"NK cells, Canertinib",0.2616141699488832,0.7658000581515049,0.49763592941047247,1.6994798674358438
split_cell_heldout,ridge_drug_fp,"NK cells, Idelalisib",0.21403167538092216,0.8519883335284147,0.4087608529747274,1.7466756678586566
split_cell_heldout,ridge_drug_fp,"NK cells, Alogliptin",0.11310436380763277,0.6545267295119811,0.2507218610327163,1.7717612535372738
split_cell_heldout,ridge_drug_fp,"NK cells, Penfluridol",0.13418610409295417,0.7141885020218405,0.25794347519834737,1.7912059499748363
split_cell_heldout,ridge_drug_fp,"NK cells, Quizartinib",0.08257859241713764,0.7091272256470521,0.22091587790711403,1.8130266556856691
split_cell_heldout,ridge_drug_fp,"NK cells, RN-486",0.05171171230931216,0.7305698340823026,0.1549380074720293,1.8632479878018386
split_cell_heldout,ridge_drug_fp,"NK cells, PD-0325901",0.2745154834508376,0.885338783720381,0.4751997171068,1.800378057822777
split_cell_heldout,ridge_drug_fp,"NK cells, Decitabine",0.062074378229319424,0.6606207719959064,0.06510773028479401,1.7790564859004936
split_cell_heldout,ridge_drug_fp,"NK cells, LDN 193189",0.20593785382382118,0.688086514256165,0.4231655433214903,1.712804300016314
split_cell_heldout,ridge_drug_fp,"NK cells, Cabozantinib",0.15482502997354328,0.709977166208526,0.32969176207685946,1.7386026545642583
split_cell_heldout,ridge_drug_fp,"NK cells, Riociguat",0.05433543959821708,0.7087044343486423,0.10946003697520312,1.8621682710498688
split_cell_heldout,ridge_drug_fp,"NK cells, CHIR-99021",0.3206641411553961,0.8829216358039981,0.5605823868367285,1.6213364008779474
split_cell_heldout,ridge_drug_fp,"NK cells, Defactinib",0.20342777985589602,0.7815306202417336,0.367139794415246,1.7603254985542822
split_cell_heldout,ridge_drug_fp,"NK cells, BI-D1870",0.11530273592861237,0.7688689972332791,0.18744622197665545,1.8050098340621332
split_cell_heldout,ridge_drug_fp,"NK cells, AZD3514",0.2504020152983504,0.7502481020308038,0.43637714233804614,1.6786679653594518
split_cell_heldout,ridge_drug_fp,"NK cells, HMN-214",0.29817630772374837,0.6967155187103826,0.43389476697556184,1.652710901232348
split_cell_heldout,ridge_drug_fp,"NK cells, CC-401",0.2970235916477067,0.7814672522666538,0.4846405660221693,1.6709636442547064
split_cell_heldout,ridge_drug_fp,"NK cells, Resminostat",0.6400558500832901,1.2055045855777193,0.8206564785978783,1.4619715839892442
split_cell_heldout,ridge_drug_fp,"NK cells, Crizotinib",0.2707907542868167,0.8262657290139198,0.4624713100781674,1.6825127232139654
split_cell_heldout,ridge_drug_fp,"NK cells, Azacitidine",0.1859344357460269,0.6745037361489842,0.24014845920211927,1.7853279127048858
split_cell_heldout,ridge_drug_fp,"NK cells, TR-14035",0.13559754198216317,0.6766858992090474,0.19998366454507996,1.8457235722030598
split_cell_heldout,ridge_drug_fp,"NK cells, Nilotinib",0.2571182150667313,0.8624684002335129,0.4689534168235968,1.7351370561673374
split_cell_heldout,ridge_drug_fp,"NK cells, AT 7867",0.22362425497159086,0.8436944885111749,0.45843016522973273,1.7626678323417049
split_cell_heldout,ridge_drug_fp,"NK cells, OSI-930",0.16238693375841842,0.6830473479606919,0.3472793283851953,1.758114844873511
split_cell_heldout,ridge_drug_fp,"NK cells, GO-6976",0.2293843501305321,0.8439956440300891,0.41670484517363005,1.784247657449395
split_cell_heldout,ridge_drug_fp,"NK cells, Saracatinib",0.2932935527185264,0.9684021560408612,0.46474199208823874,1.7497657598420138
split_cell_heldout,ridge_drug_fp,"NK cells, RG7112",0.3097783826396524,0.6730679303650392,0.530448107091807,1.6366153378494444
split_cell_heldout,ridge_drug_fp,"NK cells, Lamivudine",0.07439565833723433,0.7274922212425206,0.10667236514602525,1.9055348052562087
split_cell_heldout,ridge_drug_fp,"NK cells, TGX 221",0.2808065647033132,0.8393734112096735,0.4553756224577731,1.7075772508813276
split_cell_heldout,ridge_drug_fp,"NK cells, Pitavastatin Calcium",0.523879308525591,1.250629032434031,0.7080182755038071,1.8884651985688685
split_cell_heldout,ridge_drug_fp,"NK cells, ABT737",0.05232742862615028,0.8620701649785522,0.15337636456763043,1.939379564053361
split_cell_heldout,ridge_drug_fp,"NK cells, PRT-062607",0.3499882475566455,0.9560416677422171,0.60207226618543,1.5778696684503841
split_cell_heldout,ridge_drug_fp,"NK cells, AZ628",0.2627840322704829,0.824285682403571,0.43799551822534855,1.7185438745423651
split_cell_heldout,ridge_drug_fp,"NK cells, AZD-8330",0.3125510534371225,0.8176507167415079,0.5041427397907396,1.694473178521467
split_cell_heldout,ridge_drug_fp,"NK cells, Masitinib",0.1326713979329931,0.7362389746735812,0.12353657143942416,1.8580270656536382
split_cell_heldout,ridge_drug_fp,"NK cells, Ceritinib",0.15663165329435996,0.78280561073744,0.2349231337683452,1.8278346560558423
split_cell_heldout,ridge_drug_fp,"NK cells, CGM-097",0.429383631024566,0.922494743112854,0.6645169796522153,1.5659387422356774
split_cell_heldout,ridge_drug_fp,"NK cells, SLx-2119",0.21401932704216084,0.7285123958193889,0.3812308927481094,1.8405518933044143
split_cell_heldout,ridge_drug_fp,"NK cells, Nefazodone",0.11327555878837896,0.6890190587235004,0.13398639664421505,1.862100365842074
split_cell_heldout,ridge_drug_fp,"NK cells, STK219801",0.21717746867573873,0.6951355459249128,0.3573286480474763,1.7981612261039301
split_cell_heldout,ridge_drug_fp,"NK cells, TPCA-1",0.40120168194809225,0.9625548780900799,0.6363973614454591,1.6254615373283392
split_cell_heldout,ridge_drug_fp,"NK cells, MGCD-265",0.06667725699003914,0.7245283505031885,0.08632170083035244,1.8297915708503694
split_cell_heldout,ridge_drug_fp,"NK cells, GSK-1070916",0.18369470666517396,0.7123558838867114,0.2616230805748612,1.7591640593995324
split_cell_heldout,ridge_drug_fp,"NK cells, Ricolinostat",0.32777998613710363,0.8447868216921682,0.5228942479543678,1.6216932739878755
split_cell_heldout,ridge_drug_fp,"NK cells, Bosutinib",0.36042309831666697,1.0099115915469135,0.5698205057578425,1.6303680825732736
split_cell_heldout,ridge_drug_fp,"NK cells, Clemastine",0.16368477002239745,0.7019427707337225,0.25560086644939667,1.7506562705932043
split_cell_heldout,ridge_drug_fp,"NK cells, YK 4-279",0.14183916176239156,0.7080760366670048,0.3409586115534577,1.7485347452313942
split_cell_heldout,ridge_drug_fp,"NK cells, Buspirone",0.09636899272665793,0.6355997090191267,0.11888702284900027,1.7866796043874582
split_cell_heldout,ridge_drug_fp,"NK cells, Midostaurin",0.28436855944326556,0.8364927220589412,0.4722176741625666,1.656881260948948
split_cell_heldout,ridge_drug_fp,"NK cells, CEP-37440",0.24950991961991575,0.7416896628557681,0.4081558706338445,1.7234455804574165
split_cell_heldout,ridge_drug_fp,"NK cells, GSK256066",0.3496829314477799,0.8840028202334513,0.5705593884105855,1.8077376982894682
split_cell_heldout,ridge_drug_fp,"NK cells, Oxybenzone",0.08309446063910701,0.6565930139749742,0.049977281678151055,1.8376563774935912
split_cell_heldout,ridge_drug_fp,"NK cells, Vandetanib",0.07109604313776112,0.7350625069841831,0.09943977102796045,1.8767337926783545
split_cell_heldout,ridge_drug_fp,"NK cells, Imatinib",0.0846448347454869,0.7103609054821767,0.18933479160047925,1.837554573077741
split_cell_heldout,ridge_drug_fp,"NK cells, SCH-58261",0.099936605591334,0.698441550421045,0.1281236780208172,1.8492343360556363
split_cell_heldout,ridge_drug_fp,"NK cells, Colforsin",0.10675390103064297,0.6970788027838416,0.17116672998333513,1.799564673316641
split_cell_heldout,ridge_drug_fp,"NK cells, Tivantinib",0.18323497548322948,0.781636414535424,0.29747724314262625,1.811273744319282
split_cell_heldout,ridge_drug_fp,"NK cells, Tosedostat",0.30571766843536446,0.79208545723942,0.5267305385646249,1.739943017007874
split_cell_heldout,ridge_drug_fp,"NK cells, Colchicine",0.2248777284556162,1.1380334414743882,0.4540368092191339,1.7406204405087042
split_cell_heldout,ridge_drug_fp,"NK cells, ABT-199 (GDC-0199)",0.04957083893244248,0.7448405072435169,0.15852250395731757,1.8603916412152572
split_cell_heldout,ridge_drug_fp,"NK cells, Mometasone Furoate",0.42425623276168406,1.1742918313499444,0.6775217741085815,1.6735536372783466
split_cell_heldout,ridge_drug_fp,"NK cells, Tipifarnib",0.24102937732588897,0.7511444957719476,0.39704154911956435,1.773288399205354
split_cell_heldout,ridge_drug_fp,"NK cells, BX 912",0.26441490394595824,0.7970177953133547,0.4517071552758612,1.7040662868047587
split_cell_heldout,ridge_drug_fp,"NK cells, Doxorubicin",0.3820521225422447,1.310995275721317,0.6737652477268247,1.6615813747635277
split_cell_heldout,ridge_drug_fp,"NK cells, PF-03814735",0.39973368616847893,1.1075681871435683,0.6357076389038737,1.592932586675076
split_cell_heldout,ridge_drug_fp,"NK cells, AZD4547",0.10270884833542937,0.7059247161227916,0.1996516304769955,1.8194518674520523
split_cell_heldout,ridge_drug_fp,"NK cells, Prednisolone",0.4113383458064629,1.0502129610018054,0.6387346303264874,1.7518764711649275
split_cell_heldout,ridge_drug_fp,"NK cells, Tacalcitol",0.10831527267441855,1.025457307532392,0.09675337608269474,1.9537596630162395
split_cell_heldout,ridge_drug_fp,"NK cells, Selumetinib",0.19836839000816384,0.8284524780720043,0.3600447511864876,1.7929088848641692
split_cell_heldout,ridge_drug_fp,"NK cells, Clotrimazole",0.08014581399616272,0.6981197769882593,0.09509811669220261,1.855242184178785
split_cell_heldout,ridge_drug_fp,"NK cells, RG7090",0.1731822864252072,0.7399255604101612,0.29078968334353306,1.7936755833463727
split_cell_heldout,ridge_drug_fp,"NK cells, GLPG0634",0.25560420316922255,0.8415202032393438,0.456916906350529,1.737874794280811
split_cell_heldout,ridge_drug_fp,"NK cells, Mubritinib (TAK 165)",0.3843801731792218,0.8774452352108699,0.6285291238120794,1.6779641070015465
split_cell_heldout,ridge_drug_fp,"NK cells, Vanoxerine",0.11727739078031997,0.7069584810965586,0.207241811015617,1.7667147138341786
split_cell_heldout,ridge_drug_fp,"NK cells, SB525334",0.2884170282937093,0.8157035627313455,0.4932852916728335,1.696123687960759
split_cell_heldout,ridge_drug_fp,"NK cells, HYDROXYUREA",0.0642459196636377,0.6880059526707049,0.12383197109086676,1.7936592531861917
split_cell_heldout,ridge_cell_drug_fp,"NK cells, TIE2 Kinase Inhibitor",0.11136667678929354,0.657360918449417,0.12870183976166766,1.7918398174545362
split_cell_heldout,ridge_cell_drug_fp,"NK cells, MK-5108",0.16335041631535738,0.6906069082928257,0.2851330128039233,1.8138610996640299
split_cell_heldout,ridge_cell_drug_fp,"NK cells, Lapatinib",0.15719311924807197,0.7298476000300028,0.3571630044393167,1.7442547394025893
split_cell_heldout,ridge_cell_drug_fp,"NK cells, Atorvastatin",0.15495958886596986,0.6969691718151513,0.28725358155182446,1.7145355100195168
split_cell_heldout,ridge_cell_drug_fp,"NK cells, Ganetespib (STA-9090)",0.5635837865089266,1.1735036986678833,0.790206797161924,1.4774784180399498
split_cell_heldout,ridge_cell_drug_fp,"NK cells, Clomipramine",0.18075612509408903,0.6561299404213609,0.2966790559091415,1.7194905441979584
split_cell_heldout,ridge_cell_drug_fp,"NK cells, Sunitinib",0.20788346552683562,0.7226414921483427,0.37778862529267015,1.6712403948085215
split_cell_heldout,ridge_cell_drug_fp,"NK cells, Tivozanib",0.1523799134074029,0.7310429916082971,0.2528656486864314,1.7864624803188416
split_cell_heldout,ridge_cell_drug_fp,"NK cells, Tamatinib",0.4032449376671836,0.9712073445663926,0.6095574953212092,1.6010121696339128
split_cell_heldout,ridge_cell_drug_fp,"NK cells, Ixabepilone",0.12663814391856926,0.6819263974633629,0.29381235208068646,1.7889943805102382
split_cell_heldout,ridge_cell_drug_fp,"NK cells, Linagliptin",0.07790309181651718,0.6821669440427982,0.18885384862294008,1.7633193024846536
split_cell_heldout,ridge_cell_drug_fp,"NK cells, 5-(9-Isopropyl-8-methyl-2-morpholino-9H-purin-6-yl)pyrimidin-2-amine",0.48307111435094524,1.0620191649208781,0.7008510837246323,1.552507827789779
split_cell_heldout,ridge_cell_drug_fp,"NK cells, O-Demethylated Adapalene",0.10426821439162567,0.727691232627155,0.13123236935153978,1.7926097371334722
split_cell_heldout,ridge_cell_drug_fp,"NK cells, Protriptyline",0.07397656291680295,0.6494918245516589,0.13918079299884567,1.7829645719898786
split_cell_heldout,ridge_cell_drug_fp,"NK cells, I-BET151",0.5361315180467966,1.1498338457399495,0.7606184345224892,1.521175926817375
split_cell_heldout,ridge_cell_drug_fp,"NK cells, Foretinib",0.34836378063672896,0.8330796070721637,0.5550639271246521,1.6839963322889304
split_cell_heldout,ridge_cell_drug_fp,"NK cells, GW843682X",0.15822466103500374,0.7028966842318605,0.3018249016783232,1.7845531744491503
split_cell_heldout,ridge_cell_drug_fp,"NK cells, BMS-387032",0.33313435994129714,1.083012504801414,0.5719208924438266,1.716092746760402
split_cell_heldout,ridge_cell_drug_fp,"NK cells, IN1451",0.6332509514564009,1.367531288540211,0.8563915932099223,1.2741803065115855
split_cell_heldout,ridge_cell_drug_fp,"NK cells, Raloxifene",0.20462223880854427,0.8008201509395585,0.43214415545291457,1.8015185400515163
split_cell_heldout,ridge_cell_drug_fp,"NK cells, Topotecan",0.4024518634192408,0.8738058700845,0.6559053454582947,1.5725005468151443
split_cell_heldout,ridge_cell_drug_fp,"NK cells, BAY 87-2243",0.5094268233319604,0.8971683699573435,0.7314125260920439,1.5391188555807127
split_cell_heldout,ridge_cell_drug_fp,"NK cells, Phenylbutazone",0.13629972890745143,0.6796114440916676,0.19817130427878413,1.8233607359161024
split_cell_heldout,ridge_cell_drug_fp,"NK cells, K-02288",0.05515926386547582,0.7158767533781595,0.08323863500950875,1.8235853355993294
split_cell_heldout,ridge_cell_drug_fp,"NK cells, BMS-777607",0.08914081271484871,0.7334639350821331,0.17892384007307094,1.7786622433215182
split_cell_heldout,ridge_cell_drug_fp,"NK cells, Porcn Inhibitor III",0.17682207528730887,0.8008411750290931,0.37267380393482763,1.8602330597699963
split_cell_heldout,ridge_cell_drug_fp,"NK cells, TL_HRAS26",0.11513682361648678,0.6651224716110362,0.22492388551455728,1.8231664459494565
split_cell_heldout,ridge_cell_drug_fp,"NK cells, Proscillaridin A;Proscillaridin-A",0.778130028452385,1.4829031706890818,0.8855700730252697,1.4871033356524814
split_cell_heldout,ridge_cell_drug_fp,"NK cells, Vorinostat",0.6326115257522559,1.10955546928708,0.8167655219398788,1.457351950338702
split_cell_heldout,ridge_cell_drug_fp,"NK cells, BMS-265246",0.4957867551906113,0.9420968256038035,0.7750461749207858,1.3867144184236349
split_cell_heldout,ridge_cell_drug_fp,"NK cells, Ruxolitinib",0.26330235186079914,0.9536029953507756,0.47991512166083805,1.7022837045918255
split_cell_heldout,ridge_cell_drug_fp,"NK cells, Pomalidomide",0.3818343042089163,0.8566100493801407,0.6232432557371642,1.6888058187753836
split_cell_heldout,ridge_cell_drug_fp,"NK cells, Dovitinib",0.2626184996657848,0.803809145155901,0.4404475022222125,1.7797074699100364
split_cell_heldout,ridge_cell_drug_fp,"NK cells, AVL-292",0.26386538266252685,0.78634198791456,0.4728282143329824,1.7114170354854923
split_cell_heldout,ridge_cell_drug_fp,"NK cells, Navitoclax",0.1658402879374878,0.7717638641492279,0.30841324216356997,1.8605963171678206
split_cell_heldout,ridge_cell_drug_fp,"NK cells, Methotrexate",0.09230853022427371,0.7347484345047783,0.10625145437825206,1.8964498395997345
split_cell_heldout,ridge_cell_drug_fp,"NK cells, Palbociclib",0.14442250593774075,0.7073716038165779,0.2862103663931848,1.7353462262918522
split_cell_heldout,ridge_cell_drug_fp,"NK cells, Trametinib",0.23501078114033686,0.851938510795206,0.44892732357462306,1.7144010614369989
split_cell_heldout,ridge_cell_drug_fp,"NK cells, AMD-070 (hydrochloride)",0.056718173172293225,0.7174924597534309,0.08022719120399835,1.8557205658124296
split_cell_heldout,ridge_cell_drug_fp,"NK cells, Sgc-cbp30",0.26090411615501,0.754079488533757,0.44690581077815356,1.6916455226107905
split_cell_heldout,ridge_cell_drug_fp,"NK cells, FK 866",0.2556157885807469,0.8547806867123284,0.4640192676017558,1.7391358530009202
split_cell_heldout,ridge_cell_drug_fp,"NK cells, Chlorpheniramine",0.08572671009569298,0.6928816545296399,0.11434744890964084,1.8835679345341902
split_cell_heldout,ridge_cell_drug_fp,"NK cells, Scriptaid",0.6610516844981836,1.1712227027758972,0.8347920409380913,1.4332848246538084
split_cell_heldout,ridge_cell_drug_fp,"NK cells, BAY 61-3606",0.4858281862423894,1.1852602700016517,0.7292850693392134,1.5695222156197441
split_cell_heldout,ridge_cell_drug_fp,"NK cells, LY2090314",0.5617434679362282,1.1655879481263012,0.7766118301606701,1.6177177091103683
split_cell_heldout,ridge_cell_drug_fp,"NK cells, Vardenafil",0.09015990365149437,0.7161142896586967,0.09978975995271652,1.8699592933961122
split_cell_heldout,ridge_cell_drug_fp,"NK cells, Dasatinib",0.2614326725604295,1.0653553099082012,0.45428408352313565,1.7616577682862742
split_cell_heldout,ridge_cell_drug_fp,"NK cells, AT13387",0.5216037385677764,1.1541272280833017,0.7635504728136356,1.5439935142948404
split_cell_heldout,ridge_cell_drug_fp,"NK cells, PF-04691502",0.3078934648617352,0.9985032940688238,0.5681156805467404,1.6256770295225798
split_cell_heldout,ridge_cell_drug_fp,"NK cells, Perhexiline",0.3519018909899177,0.865217179805794,0.5609839986673473,1.6451823899301035
split_cell_heldout,ridge_cell_drug_fp,"NK cells, RVX-208",0.2916142867710382,0.7611717011246508,0.48557199910774246,1.6255236577458996
split_cell_heldout,ridge_cell_drug_fp,"NK cells, Ketoconazole",0.5198520742720405,0.8498571199043212,0.7092376007025188,1.5080002417085794
split_cell_heldout,ridge_cell_drug_fp,"NK cells, Disulfiram",0.16576407603313534,0.6476532169256118,0.24789770239011855,1.7917232054713683
split_cell_heldout,ridge_cell_drug_fp,"NK cells, Flutamide",0.12827700069483208,0.705642691687433,0.3209005875228661,1.7672145833747344
split_cell_heldout,ridge_cell_drug_fp,"NK cells, Desloratadine",0.10242439227712029,0.6821938861422057,0.09102458111512822,1.810860634488198
split_cell_heldout,ridge_cell_drug_fp,"NK cells, Dactolisib",0.5636598840375444,1.129991467477568,0.7677577569240003,1.516402084072054
split_cell_heldout,ridge_cell_drug_fp,"NK cells, BMS-536924",0.28879504249409704,0.9208594608070041,0.48483646130644154,1.70782405671215
split_cell_heldout,ridge_cell_drug_fp,"NK cells, IKK Inhibitor VII",0.30941112949194094,0.927827600047618,0.5198097427027317,1.6743110359343343
split_cell_heldout,ridge_cell_drug_fp,"NK cells, Amiodarone",0.07883963284563184,0.7091734990323919,0.10201794620814894,1.8396519612640818
split_cell_heldout,ridge_cell_drug_fp,"NK cells, Isoniazid",0.06825438136743114,0.6750349079158343,0.17352124088124085,1.8200562287952193
split_cell_heldout,ridge_cell_drug_fp,"NK cells, IMD-0354",0.4670977303261925,1.0549451844924136,0.7149863118267279,1.5580108167486513
split_cell_heldout,ridge_cell_drug_fp,"NK cells, Canertinib",0.2581009078618126,0.7666883083869368,0.4981935275855692,1.6999698662481386
split_cell_heldout,ridge_cell_drug_fp,"NK cells, Idelalisib",0.2140222463850361,0.8519837577529118,0.4087504247371023,1.7466862215070524
split_cell_heldout,ridge_cell_drug_fp,"NK cells, Alogliptin",0.11312585668637994,0.6545294933963404,0.2508335155172065,1.771717865502357
split_cell_heldout,ridge_cell_drug_fp,"NK cells, Penfluridol",0.13445302754914548,0.7142097727376617,0.25825171117398255,1.7911225680122798
split_cell_heldout,ridge_cell_drug_fp,"NK cells, Quizartinib",0.08205858940950302,0.7094806606066983,0.2206111791780648,1.8131772842642917
split_cell_heldout,ridge_cell_drug_fp,"NK cells, RN-486",0.05172763806998741,0.7305634638410451,0.15496729437959397,1.8632367126622773
split_cell_heldout,ridge_cell_drug_fp,"NK cells, PD-0325901",0.27461253575807026,0.8851439363698642,0.4752258220370149,1.8003382828481784
split_cell_heldout,ridge_cell_drug_fp,"NK cells, Decitabine",0.06210739926999842,0.6606118078725602,0.06525468454322969,1.779021098084745
split_cell_heldout,ridge_cell_drug_fp,"NK cells, LDN 193189",0.2057745069851577,0.6881597444073487,0.4229505417995808,1.712927712578612
split_cell_heldout,ridge_cell_drug_fp,"NK cells, Cabozantinib",0.15636096205191255,0.7096029337864356,0.3307541347459621,1.7380905521257584
split_cell_heldout,ridge_cell_drug_fp,"NK cells, Riociguat",0.05434533085918774,0.7086951952772501,0.10954892267766626,1.8621496216597437
split_cell_heldout,ridge_cell_drug_fp,"NK cells, CHIR-99021",0.32067530027118446,0.8829476258300947,0.5605902506963709,1.621333230005418
split_cell_heldout,ridge_cell_drug_fp,"NK cells, Defactinib",0.2034449208097106,0.7814981454106178,0.3671289661183178,1.7603290368561189
split_cell_heldout,ridge_cell_drug_fp,"NK cells, BI-D1870",0.1153243072367848,0.7688808107982674,0.18753269750051135,1.8049748669170635
split_cell_heldout,ridge_cell_drug_fp,"NK cells, AZD3514",0.25037420621557716,0.7502777943370991,0.4363534334225437,1.6786988086620205
split_cell_heldout,ridge_cell_drug_fp,"NK cells, HMN-214",0.29814470814268945,0.6966662492980927,0.43384292356955306,1.6527675038709861
split_cell_heldout,ridge_cell_drug_fp,"NK cells, CC-401",0.2970274266716916,0.7814590907847535,0.48459653166327177,1.6710019633629392
split_cell_heldout,ridge_cell_drug_fp,"NK cells, Resminostat",0.6401252643455454,1.205407393209132,0.8207090221805216,1.461782298829654
split_cell_heldout,ridge_cell_drug_fp,"NK cells, Crizotinib",0.27074381264892333,0.8263533506287496,0.4625027143805434,1.682491700189307
split_cell_heldout,ridge_cell_drug_fp,"NK cells, Azacitidine",0.18593732198081606,0.6744946269398584,0.24015418696156055,1.7853359052877626
split_cell_heldout,ridge_cell_drug_fp,"NK cells, TR-14035",0.13573512398130969,0.6766150505284522,0.20007714715884484,1.845647655514049
split_cell_heldout,ridge_cell_drug_fp,"NK cells, Nilotinib",0.25712381162126235,0.8624307731133891,0.46890820322483173,1.7351980326910394
split_cell_heldout,ridge_cell_drug_fp,"NK cells, AT 7867",0.22359785184816627,0.8437250209144613,0.45837968832007026,1.7627050604717276
split_cell_heldout,ridge_cell_drug_fp,"NK cells, OSI-930",0.1625312188779573,0.6830288750428032,0.34760638471950994,1.757984296431186
split_cell_heldout,ridge_cell_drug_fp,"NK cells, GO-6976",0.22948111063930426,0.8437825000137718,0.4168090837186874,1.7842345889796252
split_cell_heldout,ridge_cell_drug_fp,"NK cells, Saracatinib",0.2932805899460849,0.9684756231111078,0.46480942550255394,1.7496732097611332
split_cell_heldout,ridge_cell_drug_fp,"NK cells, RG7112",0.30972576082982184,0.6731076286926173,0.5304535124117161,1.6366145427273548
split_cell_heldout,ridge_cell_drug_fp,"NK cells, Lamivudine",0.07443894456534833,0.7275244907455791,0.10692885054028743,1.9054616805432325
split_cell_heldout,ridge_cell_drug_fp,"NK cells, TGX 221",0.2808145840100971,0.8393753043574691,0.45547281405796264,1.7075054153485476
split_cell_heldout,ridge_cell_drug_fp,"NK cells, Pitavastatin Calcium",0.5238691036081906,1.2506473262342044,0.708001600892611,1.8884981097075573
split_cell_heldout,ridge_cell_drug_fp,"NK cells, ABT737",0.05229840064864257,0.8620838721892404,0.1533150987264999,1.93941021852761
split_cell_heldout,ridge_cell_drug_fp,"NK cells, PRT-062607",0.35003499707494223,0.955917051595825,0.6020605645139047,1.5778950038302775
split_cell_heldout,ridge_cell_drug_fp,"NK cells, AZ628",0.2627803422954206,0.8243321007963694,0.4380686379083313,1.7184792956084132
split_cell_heldout,ridge_cell_drug_fp,"NK cells, AZD-8330",0.3125461236925397,0.8176635953295017,0.504172107774779,1.6944568878121757
split_cell_heldout,ridge_cell_drug_fp,"NK cells, Masitinib",0.1326247005560858,0.7362704341318329,0.1233115335142801,1.8581133260941745
split_cell_heldout,ridge_cell_drug_fp,"NK cells, Ceritinib",0.15669714580260669,0.7827694165451227,0.23501609275581375,1.8277821735618274
split_cell_heldout,ridge_cell_drug_fp,"NK cells, CGM-097",0.42936303094702505,0.92253324628415,0.6645501099408831,1.5658839204666009
split_cell_heldout,ridge_cell_drug_fp,"NK cells, SLx-2119",0.21414873664068415,0.7284602028451065,0.38144854809724105,1.8404398406109013
split_cell_heldout,ridge_cell_drug_fp,"NK cells, Nefazodone",0.1134312911813957,0.6889214706451751,0.13394599903625443,1.8620595030291933
split_cell_heldout,ridge_cell_drug_fp,"NK cells, STK219801",0.2171329125764022,0.6951530008547203,0.357284474299959,1.7981917343216132
split_cell_heldout,ridge_cell_drug_fp,"NK cells, TPCA-1",0.40110165986556684,0.9626962727177953,0.636315860123931,1.6255635469999783
split_cell_heldout,ridge_cell_drug_fp,"NK cells, MGCD-265",0.0664919451880799,0.7245691103681362,0.08645221784089585,1.8297707898001967
split_cell_heldout,ridge_cell_drug_fp,"NK cells, GSK-1070916",0.18369098075761597,0.7123419847327358,0.26158862731999527,1.7591829205812497
split_cell_heldout,ridge_cell_drug_fp,"NK cells, Ricolinostat",0.3278368240470685,0.8447811747694387,0.522989835526706,1.6215765962401087
split_cell_heldout,ridge_cell_drug_fp,"NK cells, Bosutinib",0.359967796443914,1.0106246775216758,0.5695425974900008,1.6306605038012754
split_cell_heldout,ridge_cell_drug_fp,"NK cells, Clemastine",0.16366203259908346,0.7019915798274254,0.25570907125996384,1.7506247519790006
split_cell_heldout,ridge_cell_drug_fp,"NK cells, YK 4-279",0.14183149592831895,0.7080758539502503,0.3409659752145791,1.7485344254285584
split_cell_heldout,ridge_cell_drug_fp,"NK cells, Buspirone",0.09636441860489274,0.6355797440656155,0.11882577038667583,1.7866953345009169
split_cell_heldout,ridge_cell_drug_fp,"NK cells, Midostaurin",0.2842821583872952,0.8365685242936017,0.47218894188017435,1.656933371456046
split_cell_heldout,ridge_cell_drug_fp,"NK cells, CEP-37440",0.24960682331365047,0.7416411723404163,0.4083362355270884,1.7233451579194483
split_cell_heldout,ridge_cell_drug_fp,"NK cells, GSK256066",0.3496943895766701,0.883992041514723,0.5705622133208889,1.8077304670781493
split_cell_heldout,ridge_cell_drug_fp,"NK cells, Oxybenzone",0.08310036210418634,0.6565567345438057,0.04969576322602673,1.8377699832824663
split_cell_heldout,ridge_cell_drug_fp,"NK cells, Vandetanib",0.07110783438695978,0.7350671724677886,0.09957708281674038,1.8766981308453576
split_cell_heldout,ridge_cell_drug_fp,"NK cells, Imatinib",0.08463549996646796,0.7103563782602013,0.18913547844920703,1.837636881850048
split_cell_heldout,ridge_cell_drug_fp,"NK cells, SCH-58261",0.09989279073015049,0.6984450613566622,0.1280460163706158,1.8492590610828705
split_cell_heldout,ridge_cell_drug_fp,"NK cells, Colforsin",0.10677277490909437,0.6970825929228686,0.1712200402393106,1.79954628557386
split_cell_heldout,ridge_cell_drug_fp,"NK cells, Tivantinib",0.18329540023437735,0.781594217689712,0.2976663886658317,1.8111630690927782
split_cell_heldout,ridge_cell_drug_fp,"NK cells, Tosedostat",0.3056229662154005,0.7921031934814375,0.5267317115350131,1.7399724624161765
split_cell_heldout,ridge_cell_drug_fp,"NK cells, Colchicine",0.2248734050785212,1.1381083515880772,0.4540354560345244,1.7406360420437093
split_cell_heldout,ridge_cell_drug_fp,"NK cells, ABT-199 (GDC-0199)",0.04957977587191101,0.7448384003021851,0.1585415511581469,1.8603784101356544
split_cell_heldout,ridge_cell_drug_fp,"NK cells, Mometasone Furoate",0.4242078573142917,1.1744076924229634,0.6774891001084076,1.6736324956863184
split_cell_heldout,ridge_cell_drug_fp,"NK cells, Tipifarnib",0.24109429293513232,0.7511471055100784,0.3972822522992666,1.7731412521058187
split_cell_heldout,ridge_cell_drug_fp,"NK cells, BX 912",0.26440225967326336,0.7970380256690811,0.45174055006408703,1.7040381938618716
split_cell_heldout,ridge_cell_drug_fp,"NK cells, Doxorubicin",0.3820159693239279,1.3110101988510499,0.6737197377617288,1.6616226932404858
split_cell_heldout,ridge_cell_drug_fp,"NK cells, PF-03814735",0.39972055445773574,1.1076222536754488,0.6357051440536039,1.5929373577420758
split_cell_heldout,ridge_cell_drug_fp,"NK cells, AZD4547",0.10263266918356738,0.7059303400182667,0.19947199572917243,1.8195117431557069
split_cell_heldout,ridge_cell_drug_fp,"NK cells, Prednisolone",0.4111539645607002,1.0504614412589772,0.6386003141120091,1.752070757325467
split_cell_heldout,ridge_cell_drug_fp,"NK cells, Tacalcitol",0.10834327877076354,1.025364372326111,0.09688442621209715,1.9536320862867087
split_cell_heldout,ridge_cell_drug_fp,"NK cells, Selumetinib",0.19835805863407857,0.8285105368890887,0.360113598024874,1.7928562310806377
split_cell_heldout,ridge_cell_drug_fp,"NK cells, Clotrimazole",0.08006257291591537,0.6981778259194003,0.0949388340052889,1.855301943423872
split_cell_heldout,ridge_cell_drug_fp,"NK cells, RG7090",0.17316054498030622,0.7398971355685823,0.290859376458957,1.7936386980165533
split_cell_heldout,ridge_cell_drug_fp,"NK cells, GLPG0634",0.25551873728630475,0.8416295363941285,0.45688370015623303,1.737929830967537
split_cell_heldout,ridge_cell_drug_fp,"NK cells, Mubritinib (TAK 165)",0.3843340568996017,0.8774979159716122,0.6285186008679116,1.6779778120075168
split_cell_heldout,ridge_cell_drug_fp,"NK cells, Vanoxerine",0.11731961533048471,0.706936870437014,0.20722088919255466,1.7667341642277583
split_cell_heldout,ridge_cell_drug_fp,"NK cells, SB525334",0.28842708321942195,0.8156505201022336,0.49321885015878475,1.6962009117169454
split_cell_heldout,ridge_cell_drug_fp,"NK cells, HYDROXYUREA",0.06425461816243129,0.6880097059294781,0.12387882663057843,1.7936443991980124
split_scaffold_heldout,ridge_cell,"NK cells, Clomipramine",0.2341320929214219,0.6031351233761152,0.4496314175859498,1.7042691687224956
split_scaffold_heldout,ridge_cell,"T cells, Clomipramine",0.27849963144840545,0.5572101487074061,0.5190858848593075,1.5464233326034653
split_scaffold_heldout,ridge_cell,"B cells, Sunitinib",0.5229898125193678,0.7496523771164725,0.7499263146659952,1.8032598580634365
split_scaffold_heldout,ridge_cell,"Myeloid cells, Sunitinib",0.061469228120642073,0.7200618269453264,0.21557145875995382,1.806050541150023
split_scaffold_heldout,ridge_cell,"NK cells, Sunitinib",0.2758351200883549,0.6275501572543323,0.43739862184446726,1.696783235922711
split_scaffold_heldout,ridge_cell,"T cells, Sunitinib",0.4403570818244665,0.6322122105535198,0.6795075519667994,1.6355185016855285
split_scaffold_heldout,ridge_cell,"B cells, IN1451",0.3054747073088594,1.5547747291752678,0.4221238946671579,2.608677746922267
split_scaffold_heldout,ridge_cell,"Myeloid cells, IN1451",0.30957485642074284,2.372570485242898,0.3827483075650036,3.181452784257121
split_scaffold_heldout,ridge_cell,"NK cells, IN1451",0.2993978593212298,1.1959391684624432,0.47795536184193227,2.3374935716886065
split_scaffold_heldout,ridge_cell,"T cells, IN1451",0.3001774903538456,2.761754694712606,0.3518018679875461,3.364670137280058
split_scaffold_heldout,ridge_cell,"NK cells, BMS-777607",0.2212360784543554,0.6265031634844196,0.41974162276472193,1.7166493061331485
split_scaffold_heldout,ridge_cell,"T cells, BMS-777607",0.44396190020104825,0.514361231093592,0.7316578785965763,1.3655846670028113
split_scaffold_heldout,ridge_cell,"B cells, TL_HRAS26",0.37691411750827275,0.5879265423757205,0.6233636130869633,1.6093589149087209
split_scaffold_heldout,ridge_cell,"Myeloid cells, TL_HRAS26",0.08364745293438129,0.6649016125354043,0.24381518291644264,1.8946109371314392
split_scaffold_heldout,ridge_cell,"NK cells, TL_HRAS26",0.1713571454448298,0.6075783483337683,0.3098694886941366,1.8113734598618658
split_scaffold_heldout,ridge_cell,"T cells, TL_HRAS26",0.32067021810791063,0.5306152393700808,0.5422883238810337,1.7881347361736872
split_scaffold_heldout,ridge_cell,"B cells, Palbociclib",0.3445540440429974,0.6165095195653725,0.5990764480236713,1.6265463999143588
split_scaffold_heldout,ridge_cell,"Myeloid cells, Palbociclib",0.46990719043915635,0.687332862805265,0.7468776809936685,1.6867888734659626
split_scaffold_heldout,ridge_cell,"NK cells, Palbociclib",0.2646924749243975,0.6126924506268361,0.44944008109687617,1.7034601036073596
split_scaffold_heldout,ridge_cell,"T cells, Palbociclib",0.366531747403373,0.5122024108881662,0.6867863861688748,1.4614542557124333
split_scaffold_heldout,ridge_cell,"B cells, AMD-070 (hydrochloride)",0.3847911895891725,0.6049832921251895,0.6192946024910295,1.641039454560228
split_scaffold_heldout,ridge_cell,"Myeloid cells, AMD-070 (hydrochloride)",0.16724090043679163,0.7608789207284907,0.34885933890395004,1.9620343913777207
split_scaffold_heldout,ridge_cell,"NK cells, AMD-070 (hydrochloride)",0.14140849074702222,0.6172946589610827,0.34096287331860214,1.7685154086728465
split_scaffold_heldout,ridge_cell,"T cells, AMD-070 (hydrochloride)",0.3712940897217018,0.5653092371524638,0.6384398733469716,1.5940821262587705
split_scaffold_heldout,ridge_cell,"NK cells, Sgc-cbp30",0.30938179584778197,0.6532849959565267,0.567068115711426,1.730149493800872
split_scaffold_heldout,ridge_cell,"T cells, Sgc-cbp30",0.3829735449111912,0.7156798736711711,0.5996773200789304,1.7931113657976383
split_scaffold_heldout,ridge_cell,"NK cells, LY2090314",-0.0020423515489596785,1.2456551964159819,-0.03604457056926786,2.600201422925495
split_scaffold_heldout,ridge_cell,"T cells, LY2090314",-0.005850231644621233,2.4648958654106865,-0.012358163719971347,3.3238310618315503
split_scaffold_heldout,ridge_cell,"NK cells, Vardenafil",0.2513895174313866,0.626817855270114,0.43011020339960404,1.7785069153167796
split_scaffold_heldout,ridge_cell,"T cells, Vardenafil",0.3006021209741226,0.5360295243835058,0.5387544468582437,1.5395454681973528
split_scaffold_heldout,ridge_cell,"NK cells, Dasatinib",0.32564795262377333,0.7277402270002539,0.5463513722305559,1.820352856248206
split_scaffold_heldout,ridge_cell,"T cells, Dasatinib",0.6586381910412362,0.9684931177326288,0.8132627891333092,1.9756667290182606
split_scaffold_heldout,ridge_cell,"NK cells, Desloratadine",0.1510318039763423,0.6373960044920559,0.3158721605776772,1.7553325809669045
split_scaffold_heldout,ridge_cell,"T cells, Desloratadine",0.23324704761025244,0.5378856345482005,0.46386895603500716,1.4745180246668461
split_scaffold_heldout,ridge_cell,"B cells, Dactolisib",0.650959224006738,1.3218600997773768,0.7872110359031597,2.384379958861088
split_scaffold_heldout,ridge_cell,"Myeloid cells, Dactolisib",0.5625052689637727,1.9957882830110867,0.668935967278482,2.910776515980483
split_scaffold_heldout,ridge_cell,"NK cells, Dactolisib",0.40892168091432873,0.9850763436603514,0.623924450813403,2.218474662634403
split_scaffold_heldout,ridge_cell,"T cells, Dactolisib",0.6751433007826024,1.403217223665516,0.8048942913251679,2.4595054342598046
split_scaffold_heldout,ridge_cell,"B cells, Idelalisib",0.6303387825889317,0.8785435867996312,0.8157313835974332,1.947298377082715
split_scaffold_heldout,ridge_cell,"Myeloid cells, Idelalisib",0.38765561406934573,0.903439991198349,0.6085923465904048,1.942382646352414
split_scaffold_heldout,ridge_cell,"NK cells, Idelalisib",0.30371380740676135,0.6702195500564231,0.5293444025575532,1.7884972868629916
split_scaffold_heldout,ridge_cell,"T cells, Idelalisib",0.5813721739342194,0.7790581253963188,0.7937088508005551,1.813718273590432
split_scaffold_heldout,ridge_cell,"B cells, Quizartinib",0.1393933146926033,0.5974078472852901,0.35574806761775174,1.6022468866014088
split_scaffold_heldout,ridge_cell,"Myeloid cells, Quizartinib",0.355399329954526,0.7335407821263672,0.628274251022961,1.9620057441010468
split_scaffold_heldout,ridge_cell,"NK cells, Quizartinib",0.14453979645770612,0.6349017119153632,0.2700244158020556,1.806681629314844
split_scaffold_heldout,ridge_cell,"T cells, Quizartinib",0.27981691377137236,0.5427018577481184,0.4872122967350564,1.7040209871692515
split_scaffold_heldout,ridge_cell,"B cells, LDN 193189",0.18789254217522422,0.5866963858469165,0.3962691331490111,1.6159083224758122
split_scaffold_heldout,ridge_cell,"Myeloid cells, LDN 193189",0.08981733298149476,0.8073298503284239,0.2675681648787623,1.9607979400298134
split_scaffold_heldout,ridge_cell,"NK cells, LDN 193189",0.07862971204318012,0.6763712873856433,0.1377477074605527,1.844417638488699
split_scaffold_heldout,ridge_cell,"T cells, LDN 193189",0.283666051037446,0.5599117176168033,0.4851150039664927,1.6246702375468103
split_scaffold_heldout,ridge_cell,"B cells, Riociguat",0.19306738358642733,0.585953570707102,0.36489420695008845,1.7176104508374188
split_scaffold_heldout,ridge_cell,"Myeloid cells, Riociguat",0.22384155545026563,0.6094151449383995,0.3764866157992102,1.6563281456617613
split_scaffold_heldout,ridge_cell,"NK cells, Riociguat",0.25213004293240726,0.6303377629705329,0.46579782483994603,1.7516683822167451
split_scaffold_heldout,ridge_cell,"T cells, Riociguat",0.28613806003579517,0.5088623336786192,0.3936492490387024,1.6720614752882963
split_scaffold_heldout,ridge_cell,"B cells, AT 7867",0.5551522660533997,0.6819854149996987,0.7781174574270731,1.6681713050755327
split_scaffold_heldout,ridge_cell,"Myeloid cells, AT 7867",0.20864077010629165,1.3045937519135242,0.34811372210803326,2.465350640782683
split_scaffold_heldout,ridge_cell,"NK cells, AT 7867",0.4223403445839068,0.6827729249584249,0.6825394439071124,1.7757027169511923
split_scaffold_heldout,ridge_cell,"T cells, AT 7867",0.3227137397682991,0.8358718525190386,0.5826083142218775,1.9195253617980024
split_scaffold_heldout,ridge_cell,"B cells, Pitavastatin Calcium",-0.10744295010552173,1.1599692640635624,-0.13803656301478887,2.45999726069632
split_scaffold_heldout,ridge_cell,"Myeloid cells, Pitavastatin Calcium",-0.011514051203442236,2.3560364812243795,-0.002965105930841194,3.233286711598933
split_scaffold_heldout,ridge_cell,"NK cells, Pitavastatin Calcium",0.004821420614037369,1.3939764745556,0.047059419152535295,2.6547483203965165
split_scaffold_heldout,ridge_cell,"T cells, Pitavastatin Calcium",-0.12214350957996654,1.6431850927387666,-0.17174482976158292,2.8808311712406938
split_scaffold_heldout,ridge_cell,"B cells, PRT-062607",0.7026821489399435,1.0043489392451317,0.8488392430469599,2.0220186489435727
split_scaffold_heldout,ridge_cell,"Myeloid cells, PRT-062607",0.6989935481313817,1.2877461288253544,0.8279743530497238,2.3036061972774844
split_scaffold_heldout,ridge_cell,"NK cells, PRT-062607",0.4387040323692034,0.6970948716953778,0.6834667891665106,1.7524232978694863
split_scaffold_heldout,ridge_cell,"T cells, PRT-062607",0.7174092067477602,0.8667453814553967,0.8630244698313669,1.8264928095356283
split_scaffold_heldout,ridge_cell,"B cells, Masitinib",0.48703428482240363,0.6297953415022015,0.6900420996696868,1.5837435632962353
split_scaffold_heldout,ridge_cell,"Myeloid cells, Masitinib",0.43084780929823624,0.6760546297991559,0.7266857188932945,1.6925223786874808
split_scaffold_heldout,ridge_cell,"NK cells, Masitinib",0.31300044966111784,0.637607786232258,0.46786225352772665,1.7640892715909169
split_scaffold_heldout,ridge_cell,"T cells, Masitinib",0.39990033859871504,0.5260070379627974,0.7693738319151318,1.274336658413367
split_scaffold_heldout,ridge_cell,"NK cells, Ceritinib",0.39156925130702475,0.647701394687936,0.6121163918299609,1.7367736410772368
split_scaffold_heldout,ridge_cell,"T cells, Ceritinib",0.5183974675972589,0.5297698721057265,0.7203275337763742,1.4353621292702154
split_scaffold_heldout,ridge_cell,"B cells, Tivantinib",0.43293872296578945,0.657004013766834,0.64810091577465,1.6941850240521303
split_scaffold_heldout,ridge_cell,"Myeloid cells, Tivantinib",0.37798305403345483,0.7669872684445939,0.6245197570640005,1.8807509716893287
split_scaffold_heldout,ridge_cell,"NK cells, Tivantinib",0.27000275506861215,0.6567123605005135,0.5268455413722365,1.791357937935799
split_scaffold_heldout,ridge_cell,"T cells, Tivantinib",0.3952534523117286,0.7026823861589833,0.5888731104320035,1.731075314241131
split_scaffold_heldout,ridge_cell,"B cells, Colchicine",0.2580228739011814,1.0453507222631186,0.43176259125175276,2.299410871601327
split_scaffold_heldout,ridge_cell,"Myeloid cells, Colchicine",0.2996247688692733,2.4096729315867194,0.3689184797615151,3.2013887231402727
split_scaffold_heldout,ridge_cell,"NK cells, Colchicine",0.35020253399154744,0.6859205228078598,0.5713260085661696,1.7704578094660222
split_scaffold_heldout,ridge_cell,"T cells, Colchicine",0.2699368777365543,0.934455837908528,0.485414999739987,2.2387502820876604
split_scaffold_heldout,ridge_cell,"NK cells, Tipifarnib",0.3346053946315063,0.6614980883789788,0.5890109790251561,1.786507727933778
split_scaffold_heldout,ridge_cell,"T cells, Tipifarnib",0.44136259476783946,0.6212190075328746,0.7314882536703241,1.6323846999584195
split_scaffold_heldout,ridge_cell,"NK cells, Prednisolone",0.3865775550974014,0.890183496760461,0.6037359090680857,2.1173424595225847
split_scaffold_heldout,ridge_cell,"T cells, Prednisolone",0.5392406749798511,1.307879213349364,0.6718789628041252,2.4603433268224397
split_scaffold_heldout,ridge_cell,"B cells, Selumetinib",0.6041376813130804,0.7122775430046849,0.8219092038239767,1.8139395308446564
split_scaffold_heldout,ridge_cell,"Myeloid cells, Selumetinib",0.6006303382779237,0.9211649252129993,0.8113586648538885,1.9836686814212188
split_scaffold_heldout,ridge_cell,"NK cells, Selumetinib",0.303060066296778,0.6714695547945962,0.5202005787426105,1.774370618667756
split_scaffold_heldout,ridge_cell,"T cells, Selumetinib",0.559497461841172,0.5824818145512798,0.8095360889650814,1.5503546280747413
split_scaffold_heldout,ridge_cell,"B cells, Clomipramine",0.21379602945272672,0.599151586080145,0.3593765209920291,1.6723482702902037
split_scaffold_heldout,ridge_cell,"Myeloid cells, Clomipramine",0.34458647550618954,0.641633748435281,0.6213796984194231,1.646532687340703
split_scaffold_heldout,ridge_cell,"B cells, BMS-777607",0.4226405517674668,0.5904940737562505,0.6561413920014495,1.5793066143445347
split_scaffold_heldout,ridge_cell,"Myeloid cells, BMS-777607",0.43151111212766613,0.7025567253497381,0.7143298206069464,1.7555684033685932
split_scaffold_heldout,ridge_cell,"B cells, Sgc-cbp30",0.3421111762701263,0.6325824998707815,0.6603183760881542,1.6227638545560041
split_scaffold_heldout,ridge_cell,"Myeloid cells, Sgc-cbp30",0.270033764522563,0.9611413228241524,0.48121511476601997,2.0880829781426
split_scaffold_heldout,ridge_cell,"B cells, LY2090314",0.016537839048109976,1.1840650327258988,0.03499280747868096,2.467928679792289
split_scaffold_heldout,ridge_cell,"Myeloid cells, LY2090314",0.37007902649506136,2.052066942352491,0.4714161861339486,2.9665720126722652
split_scaffold_heldout,ridge_cell,"B cells, Vardenafil",0.2975641600601245,0.5697508981211606,0.5543296234566631,1.552486789722276
split_scaffold_heldout,ridge_cell,"Myeloid cells, Vardenafil",0.3694051789633817,0.6481131442373663,0.6880840168126906,1.5695901419995093
split_scaffold_heldout,ridge_cell,"B cells, Dasatinib",0.6582932508885899,1.065657720851969,0.8308038001541537,2.1534892200465285
split_scaffold_heldout,ridge_cell,"Myeloid cells, Dasatinib",0.573678208846767,1.421827491367807,0.7348150205514349,2.425021511836267
split_scaffold_heldout,ridge_cell,"B cells, Desloratadine",0.18176590913209098,0.5917962023369959,0.29088350323026346,1.6254972462823305
split_scaffold_heldout,ridge_cell,"Myeloid cells, Desloratadine",0.058700855029871546,0.6814886377506302,0.11154636662047261,1.7754926832596416
split_scaffold_heldout,ridge_cell,"B cells, Ceritinib",0.4198137875781807,0.5573964281704952,0.6746773615731326,1.5025458896771926
split_scaffold_heldout,ridge_cell,"Myeloid cells, Ceritinib",0.5551686997699268,0.834283343539053,0.7985032057100153,1.9285793517900507
split_scaffold_heldout,ridge_cell,"B cells, Tipifarnib",0.44281049689259294,0.5979015426316499,0.6578239958221858,1.5943369553931748
split_scaffold_heldout,ridge_cell,"Myeloid cells, Tipifarnib",0.47279144579896265,0.7439946683157268,0.7530381478198184,1.741059935894029
split_scaffold_heldout,ridge_cell,"B cells, Prednisolone",0.5749435689361118,0.9871134078644712,0.7575140610859582,2.1199561666055584
split_scaffold_heldout,ridge_cell,"Myeloid cells, Prednisolone",0.5243392767695167,1.4720686537127647,0.6681614713046818,2.5192567816402405
split_scaffold_heldout,ridge_drug_fp,"NK cells, Clomipramine",-0.007786893563817144,0.7665508906931336,-0.05348465833685238,1.8732803210231355
split_scaffold_heldout,ridge_drug_fp,"T cells, Clomipramine",-0.08250637482538181,0.7440328598583595,-0.2677726208065292,1.8894920361142094
split_scaffold_heldout,ridge_drug_fp,"B cells, Sunitinib",0.2711051301683956,0.8345538655177077,0.5354045526231972,1.9945810903122039
split_scaffold_heldout,ridge_drug_fp,"Myeloid cells, Sunitinib",0.08425937759176091,0.6998268782824253,0.21577570170774368,1.8065752424901882
split_scaffold_heldout,ridge_drug_fp,"NK cells, Sunitinib",0.13125436676962587,0.6843134656336072,0.2681219334324368,1.737893142991294
split_scaffold_heldout,ridge_drug_fp,"T cells, Sunitinib",0.26154732588911794,0.6914001528586584,0.5543298857569843,1.7670394957961828
split_scaffold_heldout,ridge_drug_fp,"B cells, IN1451",0.11057784916543946,1.6159200381097998,0.1659727628018383,2.7066473513277876
split_scaffold_heldout,ridge_drug_fp,"Myeloid cells, IN1451",0.08983310105612245,2.4479851442763185,0.11279039437954348,3.2841057955574633
split_scaffold_heldout,ridge_drug_fp,"NK cells, IN1451",0.09371060596861802,1.2506220667607209,0.14256996850364795,2.4207432249103067
split_scaffold_heldout,ridge_drug_fp,"T cells, IN1451",0.11189751414214397,2.8232528138420827,0.13349875335623868,3.4400184154027564
split_scaffold_heldout,ridge_drug_fp,"NK cells, BMS-777607",0.11051215634050661,0.723627898058126,0.21098622091015065,1.776176240897783
split_scaffold_heldout,ridge_drug_fp,"T cells, BMS-777607",0.26293022396767146,0.6108539213892941,0.5602008166886719,1.4840649405047923
split_scaffold_heldout,ridge_drug_fp,"B cells, TL_HRAS26",0.26907473052398256,0.6394341806607127,0.5240165001819517,1.6594687424085606
split_scaffold_heldout,ridge_drug_fp,"Myeloid cells, TL_HRAS26",0.028615541437573045,0.6963459333060403,0.12547746590252912,1.940741613717279
split_scaffold_heldout,ridge_drug_fp,"NK cells, TL_HRAS26",0.071687473226804,0.6893632849267177,0.1201424856977722,1.855271227573876
split_scaffold_heldout,ridge_drug_fp,"T cells, TL_HRAS26",0.22975861762911112,0.5800405652434003,0.4795317181396833,1.805806070937607
split_scaffold_heldout,ridge_drug_fp,"B cells, Palbociclib",0.21198890963936282,0.6889663643915696,0.44908029044119974,1.723033453551704
split_scaffold_heldout,ridge_drug_fp,"Myeloid cells, Palbociclib",0.3276098671445476,0.7505251333075584,0.6157246762108466,1.7959284850365944
split_scaffold_heldout,ridge_drug_fp,"NK cells, Palbociclib",0.1766392017904155,0.6887636130070391,0.2971638755198865,1.732152979530793
split_scaffold_heldout,ridge_drug_fp,"T cells, Palbociclib",0.3167842440372258,0.5574921297042024,0.6503652571649908,1.4488180265085782
split_scaffold_heldout,ridge_drug_fp,"B cells, AMD-070 (hydrochloride)",0.18996220209507408,0.6672425688000647,0.325312794290365,1.8066243454527884
split_scaffold_heldout,ridge_drug_fp,"Myeloid cells, AMD-070 (hydrochloride)",0.08360881224775328,0.7777220504909814,0.21582984438736194,2.028227851863662
split_scaffold_heldout,ridge_drug_fp,"NK cells, AMD-070 (hydrochloride)",-0.02367742693062119,0.6922590908263276,-0.018681094665693183,1.8627579631608824
split_scaffold_heldout,ridge_drug_fp,"T cells, AMD-070 (hydrochloride)",0.2074673819388356,0.6163724591706771,0.43053360324425227,1.7402371080182688
split_scaffold_heldout,ridge_drug_fp,"NK cells, Sgc-cbp30",0.2349456215588728,0.8343492379848225,0.42582279051005506,1.6882049543055653
split_scaffold_heldout,ridge_drug_fp,"T cells, Sgc-cbp30",0.2596742426119345,0.8792952037631905,0.44826634170798135,1.8323677197891612
split_scaffold_heldout,ridge_drug_fp,"NK cells, LY2090314",-0.079797714542888,1.3499527671829912,-0.16329814222090094,2.7206023471334597
split_scaffold_heldout,ridge_drug_fp,"T cells, LY2090314",-0.21035062087791398,2.5826545264152907,-0.26126452429957386,3.470012510607209
split_scaffold_heldout,ridge_drug_fp,"NK cells, Vardenafil",0.04828306344742439,0.7559262383304387,0.04763008116302769,1.889641116058878
split_scaffold_heldout,ridge_drug_fp,"T cells, Vardenafil",0.15507594290874321,0.6318446220608998,0.43413816759284934,1.5996441637966308
split_scaffold_heldout,ridge_drug_fp,"NK cells, Dasatinib",0.2481578510040291,0.764994098015172,0.4618171574285048,1.80091304818535
split_scaffold_heldout,ridge_drug_fp,"T cells, Dasatinib",0.540979271882732,0.999481685557382,0.753441757185469,2.0085278142046428
split_scaffold_heldout,ridge_drug_fp,"NK cells, Desloratadine",-0.03398357929652104,0.7260152526523064,-0.10697780409172465,1.8799268728148353
split_scaffold_heldout,ridge_drug_fp,"T cells, Desloratadine",-0.03356454337762787,0.620971549747208,-0.14884244521088796,1.713285983913743
split_scaffold_heldout,ridge_drug_fp,"B cells, Dactolisib",-0.013572995062162387,1.5440949430210176,-0.010357093350625924,2.7573937241670383
split_scaffold_heldout,ridge_drug_fp,"Myeloid cells, Dactolisib",-0.03287525006727481,2.203978487195619,-0.040569366814489874,3.206911506332316
split_scaffold_heldout,ridge_drug_fp,"NK cells, Dactolisib",-0.02324680782507987,1.1097455487526051,-0.05026729001454778,2.4397052822535974
split_scaffold_heldout,ridge_drug_fp,"T cells, Dactolisib",-0.007755879971634122,1.6343185626967276,0.015251192440285818,2.840897835839696
split_scaffold_heldout,ridge_drug_fp,"B cells, Idelalisib",0.15506100320341104,1.0340883463751538,0.35740212450637265,2.276039766495818
split_scaffold_heldout,ridge_drug_fp,"Myeloid cells, Idelalisib",0.23644699663883031,0.9507837646199208,0.45009869099856936,2.082717207046156
split_scaffold_heldout,ridge_drug_fp,"NK cells, Idelalisib",0.10449322347835253,0.7218238502361092,0.20453504897716124,1.8886492542352649
split_scaffold_heldout,ridge_drug_fp,"T cells, Idelalisib",0.10556488890609637,0.9283606802544199,0.2900658634880232,2.1837150684372104
split_scaffold_heldout,ridge_drug_fp,"B cells, Quizartinib",0.02796283697801619,0.820172377697222,0.1822929937775309,1.7554309258754128
split_scaffold_heldout,ridge_drug_fp,"Myeloid cells, Quizartinib",0.1313224876040793,0.9306808811706839,0.21372629600936624,2.209538249297228
split_scaffold_heldout,ridge_drug_fp,"NK cells, Quizartinib",-0.013865530798916456,0.890209428300356,-0.04702221981372427,1.9679607579689387
split_scaffold_heldout,ridge_drug_fp,"T cells, Quizartinib",0.17101539019570125,0.7485052284567468,0.3904989473093357,1.7138540361813375
split_scaffold_heldout,ridge_drug_fp,"B cells, LDN 193189",0.09127139582339884,0.594476155193053,0.2393984120957319,1.6951649003974278
split_scaffold_heldout,ridge_drug_fp,"Myeloid cells, LDN 193189",0.08962269040963723,0.7818559287763115,0.23023897011062297,1.9863763717760112
split_scaffold_heldout,ridge_drug_fp,"NK cells, LDN 193189",0.08105502515166493,0.689277901883879,0.15884404576148406,1.8360686571134779
split_scaffold_heldout,ridge_drug_fp,"T cells, LDN 193189",0.1107345580567749,0.5898266214083339,0.3237181646883204,1.7190976071846868
split_scaffold_heldout,ridge_drug_fp,"B cells, Riociguat",0.07939186075039914,0.599278013509211,0.13020446589905774,1.806510851868304
split_scaffold_heldout,ridge_drug_fp,"Myeloid cells, Riociguat",0.011988225865108912,0.6394516754517997,0.006547049847995298,1.786798313734197
split_scaffold_heldout,ridge_drug_fp,"NK cells, Riociguat",0.06566503364500285,0.6852864024144301,0.10424737114944471,1.8596524406229828
split_scaffold_heldout,ridge_drug_fp,"T cells, Riociguat",0.08176498803680221,0.5439726400695808,0.1682301272215824,1.7766100931707758
split_scaffold_heldout,ridge_drug_fp,"B cells, AT 7867",0.06728348851979397,0.8222566239140524,0.15674276731517284,2.0286402761873417
split_scaffold_heldout,ridge_drug_fp,"Myeloid cells, AT 7867",0.08715874588060878,1.3320712241967245,0.10462571726303983,2.5499210179181655
split_scaffold_heldout,ridge_drug_fp,"NK cells, AT 7867",0.09560104782748907,0.7591475280425326,0.34225982063308913,1.9046012042141542
split_scaffold_heldout,ridge_drug_fp,"T cells, AT 7867",0.051182589415376595,0.9010702139331487,0.10528545393224256,2.112328928236238
split_scaffold_heldout,ridge_drug_fp,"B cells, Pitavastatin Calcium",-0.05973709735625666,1.1355662772678763,-0.10519916060146468,2.4185065907626226
split_scaffold_heldout,ridge_drug_fp,"Myeloid cells, Pitavastatin Calcium",0.06965262035643022,2.3248230165651607,0.09339997627712014,3.1943153356997858
split_scaffold_heldout,ridge_drug_fp,"NK cells, Pitavastatin Calcium",-0.05770809398442055,1.4230765516688795,-0.08644603688735722,2.693081273380998
split_scaffold_heldout,ridge_drug_fp,"T cells, Pitavastatin Calcium",-0.13413275036846034,1.634405513116447,-0.21135007215963225,2.863764611517554
split_scaffold_heldout,ridge_drug_fp,"B cells, PRT-062607",0.5438242713260122,1.0160894238359564,0.7537952891722548,1.965564927141399
split_scaffold_heldout,ridge_drug_fp,"Myeloid cells, PRT-062607",0.5305787564384912,1.3061148056755467,0.7061804222441908,2.285132891598173
split_scaffold_heldout,ridge_drug_fp,"NK cells, PRT-062607",0.3546033555360642,0.7548448465702055,0.5903931741831961,1.6512605270300702
split_scaffold_heldout,ridge_drug_fp,"T cells, PRT-062607",0.6294686448855694,0.8443986835955294,0.8275998442460689,1.6757658966946154
split_scaffold_heldout,ridge_drug_fp,"B cells, Masitinib",0.22196940235301335,0.7165488641808565,0.3584935718503207,1.7898040522561274
split_scaffold_heldout,ridge_drug_fp,"Myeloid cells, Masitinib",0.23989495184725187,0.736803229219519,0.5442862992417747,1.8917202774371253
split_scaffold_heldout,ridge_drug_fp,"NK cells, Masitinib",0.128659846948462,0.6995689382103409,0.17299937361553966,1.84171652879383
split_scaffold_heldout,ridge_drug_fp,"T cells, Masitinib",0.20333662458519244,0.5831425489638664,0.544042908211078,1.5351264917003686
split_scaffold_heldout,ridge_drug_fp,"NK cells, Ceritinib",0.17455913050362865,0.7267790185099183,0.3099367707637234,1.810468873178409
split_scaffold_heldout,ridge_drug_fp,"T cells, Ceritinib",0.2574069814788724,0.6283122869409212,0.5306870046421466,1.6202359660533414
split_scaffold_heldout,ridge_drug_fp,"B cells, Tivantinib",0.37617195894032,0.6887928907969479,0.6311518910979175,1.6741740726958887
split_scaffold_heldout,ridge_drug_fp,"Myeloid cells, Tivantinib",0.31353656360662757,0.8008184951117123,0.5457894629664387,1.9025511846456056
split_scaffold_heldout,ridge_drug_fp,"NK cells, Tivantinib",0.19074544930016002,0.7249774317653384,0.3200561945691987,1.8051378545000085
split_scaffold_heldout,ridge_drug_fp,"T cells, Tivantinib",0.42863728857732736,0.6951032935501246,0.6601617025440463,1.6254270052814175
split_scaffold_heldout,ridge_drug_fp,"B cells, Colchicine",0.2061041045975762,1.0680090458452132,0.3716557336450003,2.327897031912607
split_scaffold_heldout,ridge_drug_fp,"Myeloid cells, Colchicine",0.24512490573419138,2.4258428197937913,0.31267725132442775,3.2212895693141443
split_scaffold_heldout,ridge_drug_fp,"NK cells, Colchicine",0.23879431129116294,0.7350401175206654,0.4231515252662703,1.7765540340280412
split_scaffold_heldout,ridge_drug_fp,"T cells, Colchicine",0.19517781404013068,0.9661409312041754,0.38149925505837357,2.2786339448975257
split_scaffold_heldout,ridge_drug_fp,"NK cells, Tipifarnib",0.12162754949672963,0.7225379508228942,0.23084958689688248,1.8837660313236155
split_scaffold_heldout,ridge_drug_fp,"T cells, Tipifarnib",0.1831976523948527,0.6966392183775973,0.46602922975805483,1.8168310103776506
split_scaffold_heldout,ridge_drug_fp,"NK cells, Prednisolone",0.32545868555636304,0.910732063624359,0.5676702565840892,1.9981969194960665
split_scaffold_heldout,ridge_drug_fp,"T cells, Prednisolone",0.4838924652418838,1.2944722501381463,0.6877591099484295,2.364788502166336
split_scaffold_heldout,ridge_drug_fp,"B cells, Selumetinib",0.4717166623279411,0.7623110942606791,0.7344659052056118,1.7602094315245294
split_scaffold_heldout,ridge_drug_fp,"Myeloid cells, Selumetinib",0.4192344263629586,0.9878242559015061,0.6643547562878077,2.008804755838401
split_scaffold_heldout,ridge_drug_fp,"NK cells, Selumetinib",0.18335877673368609,0.7907278491122941,0.32231942234966277,1.8067522367764206
split_scaffold_heldout,ridge_drug_fp,"T cells, Selumetinib",0.4936597454795936,0.6289423869516214,0.7609369456640458,1.4491766908367043
split_scaffold_heldout,ridge_drug_fp,"B cells, Clomipramine",-0.0632884387178072,0.758815408313481,-0.12039630892317152,1.8683550537580338
split_scaffold_heldout,ridge_drug_fp,"Myeloid cells, Clomipramine",0.03801313871569788,0.7947276138683307,0.1111024709104172,1.8871682648342347
split_scaffold_heldout,ridge_drug_fp,"B cells, BMS-777607",0.23673162333788733,0.6847856832291336,0.47759356355491905,1.7133672791239722
split_scaffold_heldout,ridge_drug_fp,"Myeloid cells, BMS-777607",0.1541654448462121,0.8247889038844932,0.36209874999760894,1.9636943325031113
split_scaffold_heldout,ridge_drug_fp,"B cells, Sgc-cbp30",0.18024043910668597,0.8503764392600046,0.4433114953686593,1.6821934606881808
split_scaffold_heldout,ridge_drug_fp,"Myeloid cells, Sgc-cbp30",0.3026231225755794,1.0164629918131718,0.5027217853166774,1.9923913018699364
split_scaffold_heldout,ridge_drug_fp,"B cells, LY2090314",-0.12593263031908017,1.2953757848067615,-0.20771636168545238,2.6252189560073242
split_scaffold_heldout,ridge_drug_fp,"Myeloid cells, LY2090314",0.1912003180056554,2.11566397163088,0.26945664945889636,3.039370778534094
split_scaffold_heldout,ridge_drug_fp,"B cells, Vardenafil",0.12137611002372409,0.6752943982525036,0.21807098220910923,1.702701403189905
split_scaffold_heldout,ridge_drug_fp,"Myeloid cells, Vardenafil",0.11524336800667957,0.7681426605121876,0.2914247380021199,1.8059526928375083
split_scaffold_heldout,ridge_drug_fp,"B cells, Dasatinib",0.4719562575816191,1.1206221185473546,0.6872239856234285,2.232079337602633
split_scaffold_heldout,ridge_drug_fp,"Myeloid cells, Dasatinib",0.55381664893214,1.421007270106013,0.7169841299310082,2.418089774409984
split_scaffold_heldout,ridge_drug_fp,"B cells, Desloratadine",-0.06429234026547423,0.6720923018016133,-0.04914516204622608,1.760448717178298
split_scaffold_heldout,ridge_drug_fp,"Myeloid cells, Desloratadine",-0.14738217080389682,0.7354677224702433,-0.32646151096154996,1.904735598274009
split_scaffold_heldout,ridge_drug_fp,"B cells, Ceritinib",0.18054904253884674,0.6466682265580345,0.3935050112278654,1.7055169015229132
split_scaffold_heldout,ridge_drug_fp,"Myeloid cells, Ceritinib",0.14199815372118535,0.9878081509848669,0.33375314768898295,2.254707046550606
split_scaffold_heldout,ridge_drug_fp,"B cells, Tipifarnib",0.09182411006812233,0.69829287881379,0.2643345139171662,1.8250172372629763
split_scaffold_heldout,ridge_drug_fp,"Myeloid cells, Tipifarnib",0.035807836388066165,0.8769549199641967,0.11422103404384658,2.056364972883812
split_scaffold_heldout,ridge_drug_fp,"B cells, Prednisolone",0.3408766797858883,1.0677495466925464,0.5925642645312528,2.1747929149478633
split_scaffold_heldout,ridge_drug_fp,"Myeloid cells, Prednisolone",0.40008573386502727,1.5001076881833557,0.5647096150927465,2.5289059144834227
split_scaffold_heldout,ridge_cell_drug_fp,"NK cells, Clomipramine",0.03481614438931462,0.7418883268619053,0.05065297665653463,1.8185077106277752
split_scaffold_heldout,ridge_cell_drug_fp,"T cells, Clomipramine",-0.019188752388467574,0.7613819612585809,-0.10810175477967064,1.8435203821699566
split_scaffold_heldout,ridge_cell_drug_fp,"B cells, Sunitinib",0.38182895122740007,0.7998233369239799,0.6707071607643913,1.8494329079730112
split_scaffold_heldout,ridge_cell_drug_fp,"Myeloid cells, Sunitinib",0.06842953122455515,0.741007740277597,0.20681364473954314,1.8116852010228806
split_scaffold_heldout,ridge_cell_drug_fp,"NK cells, Sunitinib",0.20251902855977058,0.6575917778493422,0.4035402456852982,1.6874584991643888
split_scaffold_heldout,ridge_cell_drug_fp,"T cells, Sunitinib",0.32736338911718005,0.6815224845854313,0.5990360088888836,1.681088921363545
split_scaffold_heldout,ridge_cell_drug_fp,"B cells, IN1451",0.18138047333730387,1.5961532775520286,0.26950665801372503,2.662428439977298
split_scaffold_heldout,ridge_cell_drug_fp,"Myeloid cells, IN1451",0.18482906573501906,2.4151584465354494,0.23326091851756364,3.2347937168408123
split_scaffold_heldout,ridge_cell_drug_fp,"NK cells, IN1451",0.09263089078571733,1.252675371793084,0.155071944813315,2.4153818583015445
split_scaffold_heldout,ridge_cell_drug_fp,"T cells, IN1451",0.17843863260639162,2.7987962929331713,0.2131926367354849,3.4075509578570538
split_scaffold_heldout,ridge_cell_drug_fp,"NK cells, BMS-777607",0.15315088332734517,0.7109241511165733,0.29747339279616564,1.7334543122565644
split_scaffold_heldout,ridge_cell_drug_fp,"T cells, BMS-777607",0.3626119317320171,0.5811746906949377,0.6692644788282007,1.3641008436334567
split_scaffold_heldout,ridge_cell_drug_fp,"B cells, TL_HRAS26",0.32824622823412897,0.6343366837179408,0.5830574761414579,1.5846724918327857
split_scaffold_heldout,ridge_cell_drug_fp,"Myeloid cells, TL_HRAS26",0.06800640299731608,0.7290188454839429,0.23752615992007053,1.9005732630906282
split_scaffold_heldout,ridge_cell_drug_fp,"NK cells, TL_HRAS26",0.13794310905657836,0.650906801401596,0.28520334834506283,1.7988518963553866
split_scaffold_heldout,ridge_cell_drug_fp,"T cells, TL_HRAS26",0.2899564749565649,0.5893364823470841,0.5419065259097582,1.746070075169898
split_scaffold_heldout,ridge_cell_drug_fp,"B cells, Palbociclib",0.30108142362035556,0.6728429037662275,0.5494964409513609,1.6217418287258496
split_scaffold_heldout,ridge_cell_drug_fp,"Myeloid cells, Palbociclib",0.45678843618072573,0.7078304035247581,0.7523438003038155,1.5761472090679303
split_scaffold_heldout,ridge_cell_drug_fp,"NK cells, Palbociclib",0.2596138463548711,0.650197580020907,0.42886456851724464,1.664052929972512
split_scaffold_heldout,ridge_cell_drug_fp,"T cells, Palbociclib",0.3849686177914105,0.546256124723701,0.6892611406454937,1.3748439924858245
split_scaffold_heldout,ridge_cell_drug_fp,"B cells, AMD-070 (hydrochloride)",0.2944778445879362,0.6484270043880314,0.5043817943976335,1.6895239903085646
split_scaffold_heldout,ridge_cell_drug_fp,"Myeloid cells, AMD-070 (hydrochloride)",0.13601567421809724,0.788064686606357,0.3120549876795283,1.9770403388461284
split_scaffold_heldout,ridge_cell_drug_fp,"NK cells, AMD-070 (hydrochloride)",0.0781205268051389,0.6577768172010785,0.2192621622807317,1.7916124158697997
split_scaffold_heldout,ridge_cell_drug_fp,"T cells, AMD-070 (hydrochloride)",0.31064206822484913,0.6024774450028489,0.5752040550343556,1.6223046711898406
split_scaffold_heldout,ridge_cell_drug_fp,"NK cells, Sgc-cbp30",0.26787202819863365,0.7837730112848884,0.4783028071353575,1.646341991280463
split_scaffold_heldout,ridge_cell_drug_fp,"T cells, Sgc-cbp30",0.3043208046351769,0.88495506845239,0.5204347731972686,1.746969453791299
split_scaffold_heldout,ridge_cell_drug_fp,"NK cells, LY2090314",-0.10589589547561357,1.3458043969516817,-0.219150351149505,2.7453440427558156
split_scaffold_heldout,ridge_cell_drug_fp,"T cells, LY2090314",-0.11819949114809225,2.5554311563172343,-0.14932117061163364,3.428944914299386
split_scaffold_heldout,ridge_cell_drug_fp,"NK cells, Vardenafil",0.10390979618843538,0.7215758653664943,0.1565822681013125,1.841290342818658
split_scaffold_heldout,ridge_cell_drug_fp,"T cells, Vardenafil",0.22132535413537613,0.646864281239823,0.4827260735586392,1.5469769516349765
split_scaffold_heldout,ridge_cell_drug_fp,"NK cells, Dasatinib",0.29129819823293057,0.7448809993574047,0.5424546401763637,1.7692436250662331
split_scaffold_heldout,ridge_cell_drug_fp,"T cells, Dasatinib",0.6281778421952631,0.9440609407111492,0.7953201996481594,1.8892018046034258
split_scaffold_heldout,ridge_cell_drug_fp,"NK cells, Desloratadine",0.025868525790084796,0.7217255411189331,0.09313343497386702,1.816538423534241
split_scaffold_heldout,ridge_cell_drug_fp,"T cells, Desloratadine",0.08072996087689843,0.6207127715221298,0.22727915423456227,1.5986204163544053
split_scaffold_heldout,ridge_cell_drug_fp,"B cells, Dactolisib",0.1371027279634378,1.4983381897453365,0.2272166963638761,2.666258859919482
split_scaffold_heldout,ridge_cell_drug_fp,"Myeloid cells, Dactolisib",0.14714153467086044,2.1472248951124455,0.19861365768680037,3.1171336700297134
split_scaffold_heldout,ridge_cell_drug_fp,"NK cells, Dactolisib",-0.08121226969552113,1.1350863549328254,-0.1682509047817489,2.49169706161709
split_scaffold_heldout,ridge_cell_drug_fp,"T cells, Dactolisib",0.18804577955593704,1.5735603040433042,0.3018691844108278,2.7211191089027515
split_scaffold_heldout,ridge_cell_drug_fp,"B cells, Idelalisib",0.3381755621249697,0.9816131285720818,0.5838240063309201,2.1312588879321686
split_scaffold_heldout,ridge_cell_drug_fp,"Myeloid cells, Idelalisib",0.4014661507247847,0.89732136439589,0.6499966150672387,1.9318119606649025
split_scaffold_heldout,ridge_cell_drug_fp,"NK cells, Idelalisib",0.16000634263978109,0.7190885826443553,0.3120851846230006,1.849924246545141
split_scaffold_heldout,ridge_cell_drug_fp,"T cells, Idelalisib",0.31392138284604376,0.8747359671453243,0.6009707991913321,2.024015095133749
split_scaffold_heldout,ridge_cell_drug_fp,"B cells, Quizartinib",0.06487799470081915,0.8385391048791433,0.2329989763810569,1.7346281972046333
split_scaffold_heldout,ridge_cell_drug_fp,"Myeloid cells, Quizartinib",0.23834443124728977,0.9124561666866127,0.43648308698541394,2.006067402379982
split_scaffold_heldout,ridge_cell_drug_fp,"NK cells, Quizartinib",0.015860695873639963,0.8435052448995782,0.012900319353259259,1.9273604082121882
split_scaffold_heldout,ridge_cell_drug_fp,"T cells, Quizartinib",0.2142803821346629,0.7705046327320444,0.45303835478204457,1.66285812263295
split_scaffold_heldout,ridge_cell_drug_fp,"B cells, LDN 193189",0.15242296852422788,0.6064172020634373,0.3234011483775709,1.650935912031008
split_scaffold_heldout,ridge_cell_drug_fp,"Myeloid cells, LDN 193189",0.18342743342418014,0.7731357595949142,0.40496373573644145,1.896576956153891
split_scaffold_heldout,ridge_cell_drug_fp,"NK cells, LDN 193189",0.1549409405724297,0.6770779677771661,0.35809284521317275,1.7767984888452997
split_scaffold_heldout,ridge_cell_drug_fp,"T cells, LDN 193189",0.20127528067461609,0.5876662132791329,0.44456794894754875,1.658011382125026
split_scaffold_heldout,ridge_cell_drug_fp,"B cells, Riociguat",0.16487938393790788,0.5998272820581616,0.2796968611307127,1.7503418558468335
split_scaffold_heldout,ridge_cell_drug_fp,"Myeloid cells, Riociguat",0.06401174429586848,0.6711919461140773,0.11647654553669583,1.7690210042070835
split_scaffold_heldout,ridge_cell_drug_fp,"NK cells, Riociguat",0.1553891196085617,0.6664446928779245,0.2903489723525872,1.800795491865137
split_scaffold_heldout,ridge_cell_drug_fp,"T cells, Riociguat",0.21563232425208792,0.5288464424018013,0.3565555830924603,1.701300844723379
split_scaffold_heldout,ridge_cell_drug_fp,"B cells, AT 7867",0.2960361609884528,0.770394699551889,0.5840342508276659,1.8504941163221889
split_scaffold_heldout,ridge_cell_drug_fp,"Myeloid cells, AT 7867",0.18013808817298138,1.3121580702185704,0.24865654358073927,2.498057606891644
split_scaffold_heldout,ridge_cell_drug_fp,"NK cells, AT 7867",0.11795735674128023,0.7665897019803369,0.3896799806306672,1.8771952228909083
split_scaffold_heldout,ridge_cell_drug_fp,"T cells, AT 7867",0.16299054383733164,0.8847162931845832,0.3894355716678838,2.0238112262635983
split_scaffold_heldout,ridge_cell_drug_fp,"B cells, Pitavastatin Calcium",-0.03950051572314778,1.149597532238302,-0.0583959225999225,2.423664846557261
split_scaffold_heldout,ridge_cell_drug_fp,"Myeloid cells, Pitavastatin Calcium",0.0829507968734154,2.3263664994616366,0.1061579311429783,3.191656330965342
split_scaffold_heldout,ridge_cell_drug_fp,"NK cells, Pitavastatin Calcium",0.058366226245992144,1.3958240826111779,0.10157508327773206,2.6400395277404147
split_scaffold_heldout,ridge_cell_drug_fp,"T cells, Pitavastatin Calcium",-0.07162855788689315,1.6296612760285016,-0.11524131268928227,2.8537735027516593
split_scaffold_heldout,ridge_cell_drug_fp,"B cells, PRT-062607",0.642522249594192,0.9433368688687052,0.8199780912040497,1.8099796817482536
split_scaffold_heldout,ridge_cell_drug_fp,"Myeloid cells, PRT-062607",0.6474429076371815,1.207432936640624,0.8055830254584694,2.0948583292031584
split_scaffold_heldout,ridge_cell_drug_fp,"NK cells, PRT-062607",0.4072124774738831,0.7147134430436076,0.6553979166010566,1.610619213140714
split_scaffold_heldout,ridge_cell_drug_fp,"T cells, PRT-062607",0.7039813020218273,0.7823721619433073,0.868590448259177,1.5374059737199761
split_scaffold_heldout,ridge_cell_drug_fp,"B cells, Masitinib",0.35962423087547507,0.679065619201774,0.5907303508361388,1.6389522476414455
split_scaffold_heldout,ridge_cell_drug_fp,"Myeloid cells, Masitinib",0.35725107929526173,0.7091867771311177,0.672604294623037,1.7249643571039925
split_scaffold_heldout,ridge_cell_drug_fp,"NK cells, Masitinib",0.1663814491232849,0.6916253365662224,0.28874220747930307,1.800118910691058
split_scaffold_heldout,ridge_cell_drug_fp,"T cells, Masitinib",0.33629335394466137,0.5574953306835703,0.7080853291772771,1.3494300498242813
split_scaffold_heldout,ridge_cell_drug_fp,"NK cells, Ceritinib",0.2090156388083831,0.7146278673454373,0.39134038332124704,1.7760314206039616
split_scaffold_heldout,ridge_cell_drug_fp,"T cells, Ceritinib",0.3505458502461409,0.6114036052935168,0.5979884532475155,1.5209927247253525
split_scaffold_heldout,ridge_cell_drug_fp,"B cells, Tivantinib",0.41993293374087853,0.6805567771763428,0.665549906213587,1.5984489230768488
split_scaffold_heldout,ridge_cell_drug_fp,"Myeloid cells, Tivantinib",0.39234213947005764,0.7773127616139495,0.6504053987599215,1.7877790252870853
split_scaffold_heldout,ridge_cell_drug_fp,"NK cells, Tivantinib",0.2361422173092021,0.6927577167149519,0.40632463754324805,1.7718324059421802
split_scaffold_heldout,ridge_cell_drug_fp,"T cells, Tivantinib",0.4796516820939007,0.6788572902575287,0.6756475821827275,1.546887527159206
split_scaffold_heldout,ridge_cell_drug_fp,"B cells, Colchicine",0.24988413931921705,1.057313517096524,0.4292125971403901,2.2770256435850187
split_scaffold_heldout,ridge_cell_drug_fp,"Myeloid cells, Colchicine",0.3143729446121711,2.385833867080343,0.39019130782560124,3.161183983286922
split_scaffold_heldout,ridge_cell_drug_fp,"NK cells, Colchicine",0.30496604377235353,0.7051995148574272,0.5298331983823455,1.7355679883656097
split_scaffold_heldout,ridge_cell_drug_fp,"T cells, Colchicine",0.2393577768012821,0.9593588444922452,0.4434080411758945,2.232846383651405
split_scaffold_heldout,ridge_cell_drug_fp,"NK cells, Tipifarnib",0.135217068321025,0.7271435003356144,0.2889012351901222,1.8629507959943101
split_scaffold_heldout,ridge_cell_drug_fp,"T cells, Tipifarnib",0.2609436384185097,0.6840576684796122,0.5638088592963387,1.7445417820781413
split_scaffold_heldout,ridge_cell_drug_fp,"NK cells, Prednisolone",0.33567294509017065,0.9050918471567091,0.5938766020775164,1.9793677758640473
split_scaffold_heldout,ridge_cell_drug_fp,"T cells, Prednisolone",0.535810248696499,1.2556331789710151,0.7299391682731672,2.284210496669622
split_scaffold_heldout,ridge_cell_drug_fp,"B cells, Selumetinib",0.5605025517213296,0.7138970287019288,0.8007224464870627,1.5875398876900646
split_scaffold_heldout,ridge_cell_drug_fp,"Myeloid cells, Selumetinib",0.560330788991396,0.9000049212920204,0.7889023758637373,1.7775650706475092
split_scaffold_heldout,ridge_cell_drug_fp,"NK cells, Selumetinib",0.24105697086900177,0.7427838649873328,0.4179515030133916,1.7430518555296983
split_scaffold_heldout,ridge_cell_drug_fp,"T cells, Selumetinib",0.5531182763334788,0.6058002567814239,0.8038285166381399,1.3262177570471316
split_scaffold_heldout,ridge_cell_drug_fp,"B cells, Clomipramine",0.005942523623129357,0.7589813141479951,0.007841969751349435,1.820430686843437
split_scaffold_heldout,ridge_cell_drug_fp,"Myeloid cells, Clomipramine",0.12609304957023465,0.7911309091319073,0.3038639526777412,1.7836770730995521
split_scaffold_heldout,ridge_cell_drug_fp,"B cells, BMS-777607",0.3324576773024398,0.6614534602004996,0.5931408391925996,1.5835075897063382
split_scaffold_heldout,ridge_cell_drug_fp,"Myeloid cells, BMS-777607",0.3004161832879965,0.7891119238406429,0.6028016111762238,1.7680969168184506
split_scaffold_heldout,ridge_cell_drug_fp,"B cells, Sgc-cbp30",0.23303348648469255,0.847959941754081,0.5398981591632454,1.5915339739669647
split_scaffold_heldout,ridge_cell_drug_fp,"Myeloid cells, Sgc-cbp30",0.324008569426039,1.0212356189830625,0.5431129606785872,1.9364676906994611
split_scaffold_heldout,ridge_cell_drug_fp,"B cells, LY2090314",-0.10500700230960441,1.3076824453240146,-0.16415375080410344,2.625386733128311
split_scaffold_heldout,ridge_cell_drug_fp,"Myeloid cells, LY2090314",0.3008819923288415,2.057442476671259,0.3989681609272235,2.946899259503384
split_scaffold_heldout,ridge_cell_drug_fp,"B cells, Vardenafil",0.1884573624631362,0.6751103517691901,0.362142916084406,1.6289769113296182
split_scaffold_heldout,ridge_cell_drug_fp,"Myeloid cells, Vardenafil",0.2620121749094522,0.733733442172578,0.5570231663913381,1.604867567408313
split_scaffold_heldout,ridge_cell_drug_fp,"B cells, Dasatinib",0.6028981413261316,1.0452778734441435,0.8024445376234327,2.0650743303323305
split_scaffold_heldout,ridge_cell_drug_fp,"Myeloid cells, Dasatinib",0.6053106368281242,1.3619194048565868,0.7614169934035289,2.303196978932548
split_scaffold_heldout,ridge_cell_drug_fp,"B cells, Desloratadine",0.011966224786721531,0.6680735353952393,0.12137286444515004,1.7029875439364748
split_scaffold_heldout,ridge_cell_drug_fp,"Myeloid cells, Desloratadine",-0.11955089271185852,0.769775236348226,-0.2224086147830198,1.9267821886191694
split_scaffold_heldout,ridge_cell_drug_fp,"B cells, Ceritinib",0.2679295423217825,0.6355974218709015,0.5210849562307424,1.5990009524739983
split_scaffold_heldout,ridge_cell_drug_fp,"Myeloid cells, Ceritinib",0.35405037846214943,0.9158827471353498,0.6252016822701757,2.0322250895620475
split_scaffold_heldout,ridge_cell_drug_fp,"B cells, Tipifarnib",0.2345727363282938,0.6717107974885694,0.5060234018615715,1.70574635616439
split_scaffold_heldout,ridge_cell_drug_fp,"Myeloid cells, Tipifarnib",0.20898481564967777,0.8464441218816179,0.4401678628401018,1.9194995476474264
split_scaffold_heldout,ridge_cell_drug_fp,"B cells, Prednisolone",0.4346322293593122,1.0199103878645028,0.6933626444345804,2.0535718440471924
split_scaffold_heldout,ridge_cell_drug_fp,"Myeloid cells, Prednisolone",0.5236076029856401,1.4231126727654277,0.6934970696704789,2.3893203269202483
split_cell_scaffold_heldout,ridge_cell,"NK cells, Clomipramine",0.09048019915310036,0.6508100052649433,0.1554692296074733,1.7748668734329103
split_cell_scaffold_heldout,ridge_cell,"NK cells, Sunitinib",0.1263608604909872,0.6739221110699369,0.19134672953202408,1.7666695898503804
split_cell_scaffold_heldout,ridge_cell,"NK cells, IN1451",0.22122935097809956,1.2110861104248485,0.3378553383500447,2.359276437067711
split_cell_scaffold_heldout,ridge_cell,"NK cells, BMS-777607",0.0762672902285854,0.6743809867995292,0.15553131107666618,1.7847163684169491
split_cell_scaffold_heldout,ridge_cell,"NK cells, TL_HRAS26",0.03913376750542881,0.6551448359014821,0.003738356604759381,1.8818455158782739
split_cell_scaffold_heldout,ridge_cell,"NK cells, Palbociclib",0.057618112218251485,0.6749387348573647,0.04095788486660458,1.8104253483470498
split_cell_scaffold_heldout,ridge_cell,"NK cells, AMD-070 (hydrochloride)",-0.03796566761356088,0.6775926436838762,-0.0830561334460877,1.8637339931559906
split_cell_scaffold_heldout,ridge_cell,"NK cells, Sgc-cbp30",0.20814747756615695,0.6841186076938461,0.39229601653913543,1.7790036512935157
split_cell_scaffold_heldout,ridge_cell,"NK cells, LY2090314",0.04955018762878568,1.2437797689690333,0.09731042019559073,2.5640733508286497
split_cell_scaffold_heldout,ridge_cell,"NK cells, Vardenafil",0.09246612457982431,0.6768855226844148,0.16266529325081214,1.844447637125757
split_cell_scaffold_heldout,ridge_cell,"NK cells, Dasatinib",0.20934844696430144,0.7594977298848616,0.3597199868762591,1.8645192896667657
split_cell_scaffold_heldout,ridge_cell,"NK cells, Desloratadine",0.018632089853844933,0.6851149757158725,-0.07124671208414728,1.8462877091660819
split_cell_scaffold_heldout,ridge_cell,"NK cells, Dactolisib",0.42552513588754926,0.9687940721327334,0.642570488759201,2.156970462382608
split_cell_scaffold_heldout,ridge_cell,"NK cells, Idelalisib",0.12656373655862302,0.7212458707661231,0.28457810280724133,1.8564024656995528
split_cell_scaffold_heldout,ridge_cell,"NK cells, Quizartinib",0.01054082498461912,0.6833770348326025,0.0392787437380204,1.8650604863346458
split_cell_scaffold_heldout,ridge_cell,"NK cells, LDN 193189",-0.058720538860881515,0.7275878893458717,-0.22812821280226486,1.9313394899062089
split_cell_scaffold_heldout,ridge_cell,"NK cells, Riociguat",0.06195088550067983,0.6882634474095091,0.1402686862264727,1.840571143208007
split_cell_scaffold_heldout,ridge_cell,"NK cells, AT 7867",0.2649354268862605,0.7217959948731668,0.4756025793104438,1.8360921549718814
split_cell_scaffold_heldout,ridge_cell,"NK cells, Pitavastatin Calcium",-0.17887235230224524,1.4522117579939156,-0.2426106722861061,2.7445062376346088
split_cell_scaffold_heldout,ridge_cell,"NK cells, PRT-062607",0.3045782728119696,0.7282550877526248,0.5379283023192355,1.7879890429373992
split_cell_scaffold_heldout,ridge_cell,"NK cells, Masitinib",0.17860212716713403,0.6777998472818988,0.23579043546658976,1.8277933500425323
split_cell_scaffold_heldout,ridge_cell,"NK cells, Ceritinib",0.24192846170033705,0.6874351353347892,0.4105957206966123,1.7943727973385475
split_cell_scaffold_heldout,ridge_cell,"NK cells, Tivantinib",0.17455880119751915,0.6881651173941157,0.347362168434351,1.8325081766511215
split_cell_scaffold_heldout,ridge_cell,"NK cells, Colchicine",0.19390045700440497,0.7285202084394015,0.3526751616474223,1.8260841709864297
split_cell_scaffold_heldout,ridge_cell,"NK cells, Tipifarnib",0.2193207693816547,0.6945917930242727,0.41173316034572294,1.8261976163665088
split_cell_scaffold_heldout,ridge_cell,"NK cells, Prednisolone",0.2793439269755434,0.9125915646100019,0.4458098494626578,2.1527125345713274
split_cell_scaffold_heldout,ridge_cell,"NK cells, Selumetinib",0.15013142575900898,0.7160207702201573,0.2725067598214548,1.8485587197317705
split_cell_scaffold_heldout,ridge_drug_fp,"NK cells, Clomipramine",-0.03181699994439083,0.7994365971622559,-0.1123703753242094,1.914731061619875
split_cell_scaffold_heldout,ridge_drug_fp,"NK cells, Sunitinib",0.09433705707389381,0.7081199978669894,0.19385979405542808,1.7642205791240557
split_cell_scaffold_heldout,ridge_drug_fp,"NK cells, IN1451",0.09436898355747561,1.2554039186168395,0.14692362119222868,2.4194295461415227
split_cell_scaffold_heldout,ridge_drug_fp,"NK cells, BMS-777607",0.08681789252058651,0.7550053771315413,0.152706493992712,1.8077664769310178
split_cell_scaffold_heldout,ridge_drug_fp,"NK cells, TL_HRAS26",0.05040484159145199,0.7221063669199943,0.06709485435098184,1.8783598538173627
split_cell_scaffold_heldout,ridge_drug_fp,"NK cells, Palbociclib",0.13362414142376192,0.7327384928431787,0.22174094869560723,1.766883763907811
split_cell_scaffold_heldout,ridge_drug_fp,"NK cells, AMD-070 (hydrochloride)",-0.04464276095043568,0.7184917053737583,-0.1117167542392276,1.8926034782852705
split_cell_scaffold_heldout,ridge_drug_fp,"NK cells, Sgc-cbp30",0.22143005281236475,0.9034948614358309,0.4024795095395492,1.7079548145148415
split_cell_scaffold_heldout,ridge_drug_fp,"NK cells, LY2090314",-0.04069976729696963,1.358058789425422,-0.08211831964749755,2.688363749882491
split_cell_scaffold_heldout,ridge_drug_fp,"NK cells, Vardenafil",0.020248072554071312,0.7947063389585272,0.0004664126244841821,1.9218793128606846
split_cell_scaffold_heldout,ridge_drug_fp,"NK cells, Dasatinib",0.21431108338160484,0.7968714862502579,0.405212559644611,1.8168840717622894
split_cell_scaffold_heldout,ridge_drug_fp,"NK cells, Desloratadine",-0.05247538618229556,0.7535656969408379,-0.16783097155970927,1.9149597652081014
split_cell_scaffold_heldout,ridge_drug_fp,"NK cells, Dactolisib",0.02053956990993982,1.1067144272797649,0.05387535360296372,2.4044208872990613
split_cell_scaffold_heldout,ridge_drug_fp,"NK cells, Idelalisib",0.04615103099458261,0.7443039401082633,0.029357852144318148,1.936623171385865
split_cell_scaffold_heldout,ridge_drug_fp,"NK cells, Quizartinib",-0.023854365993271624,0.9826498741945194,-0.04674764426113866,2.007562161558123
split_cell_scaffold_heldout,ridge_drug_fp,"NK cells, LDN 193189",0.03562954545026501,0.7160703239104672,0.03976712206953221,1.8679775017813507
split_cell_scaffold_heldout,ridge_drug_fp,"NK cells, Riociguat",0.013239962954152872,0.7143419582621416,-0.006024853458198999,1.8950417999335272
split_cell_scaffold_heldout,ridge_drug_fp,"NK cells, AT 7867",0.0491104599266426,0.7782667453114137,0.21861576351838324,1.9341182244464064
split_cell_scaffold_heldout,ridge_drug_fp,"NK cells, Pitavastatin Calcium",-0.1082458852532237,1.4485837807674666,-0.16594031058723033,2.730477313254825
split_cell_scaffold_heldout,ridge_drug_fp,"NK cells, PRT-062607",0.301561030570343,0.8054751144891031,0.5233624116493872,1.7014030364995665
split_cell_scaffold_heldout,ridge_drug_fp,"NK cells, Masitinib",0.11351701784309615,0.7123611585215988,0.09975811424299204,1.8667940704818071
split_cell_scaffold_heldout,ridge_drug_fp,"NK cells, Ceritinib",0.14747010874293423,0.7576678543411279,0.25309815661447715,1.8283900885199251
split_cell_scaffold_heldout,ridge_drug_fp,"NK cells, Tivantinib",0.16506487726815136,0.7596646692535789,0.27022511909702196,1.8239739097767986
split_cell_scaffold_heldout,ridge_drug_fp,"NK cells, Colchicine",0.2053318719523057,0.7639984549541643,0.3682924014657156,1.792777372740071
split_cell_scaffold_heldout,ridge_drug_fp,"NK cells, Tipifarnib",0.09114092914521826,0.7412702986569896,0.14336075507352533,1.9126562098844913
split_cell_scaffold_heldout,ridge_drug_fp,"NK cells, Prednisolone",0.2946076951244328,0.9378764686005556,0.517816177195802,2.018789215638686
split_cell_scaffold_heldout,ridge_drug_fp,"NK cells, Selumetinib",0.14858477207525658,0.8409670292785004,0.25814841542460365,1.8546623834618463
split_cell_scaffold_heldout,ridge_cell_drug_fp,"NK cells, Clomipramine",-0.0317412938985301,0.7995510578227853,-0.11254955335817267,1.914758502039506
split_cell_scaffold_heldout,ridge_cell_drug_fp,"NK cells, Sunitinib",0.0945134902054188,0.7080361036921358,0.19476215140575606,1.7638552956865363
split_cell_scaffold_heldout,ridge_cell_drug_fp,"NK cells, IN1451",0.09376888512868548,1.2555557509768849,0.14661673839729975,2.419524117975085
split_cell_scaffold_heldout,ridge_cell_drug_fp,"NK cells, BMS-777607",0.08640166846911154,0.7558199135596817,0.15171232250343436,1.8078219311128039
split_cell_scaffold_heldout,ridge_cell_drug_fp,"NK cells, TL_HRAS26",0.05071804897601327,0.7220402448020461,0.06759253377629017,1.8781206872478569
split_cell_scaffold_heldout,ridge_cell_drug_fp,"NK cells, Palbociclib",0.133140945342188,0.7340315273426843,0.21963923423703044,1.76811016709497
split_cell_scaffold_heldout,ridge_cell_drug_fp,"NK cells, AMD-070 (hydrochloride)",-0.04444936905783541,0.7183042213593174,-0.11131586819517358,1.89247398602288
split_cell_scaffold_heldout,ridge_cell_drug_fp,"NK cells, Sgc-cbp30",0.22051596540928073,0.9038215315510362,0.40096019653443893,1.7093435286932133
split_cell_scaffold_heldout,ridge_cell_drug_fp,"NK cells, LY2090314",-0.04092016454892501,1.3581608814326867,-0.0825048696306568,2.688595715010002
split_cell_scaffold_heldout,ridge_cell_drug_fp,"NK cells, Vardenafil",0.020606821855468714,0.7942026159863791,0.0006879580386683653,1.921600501146873
split_cell_scaffold_heldout,ridge_cell_drug_fp,"NK cells, Dasatinib",0.21458492060314477,0.796929338588553,0.40392482718500194,1.8171823602513928
split_cell_scaffold_heldout,ridge_cell_drug_fp,"NK cells, Desloratadine",-0.052241563994449285,0.7528746935352248,-0.16641275925715193,1.9140229080860525
split_cell_scaffold_heldout,ridge_cell_drug_fp,"NK cells, Dactolisib",0.020099882526179454,1.1068682647490333,0.052947403886173,2.4047794764453525
split_cell_scaffold_heldout,ridge_cell_drug_fp,"NK cells, Idelalisib",0.04574200890274287,0.7443379225878785,0.02811085038397305,1.936963494433147
split_cell_scaffold_heldout,ridge_cell_drug_fp,"NK cells, Quizartinib",-0.02598151109631491,0.9842976212089047,-0.04672303792517572,2.0082752128638255
split_cell_scaffold_heldout,ridge_cell_drug_fp,"NK cells, LDN 193189",0.03455608610983704,0.7160336532709014,0.0371920572580778,1.868790497361428
split_cell_scaffold_heldout,ridge_cell_drug_fp,"NK cells, Riociguat",0.013015131788416684,0.7143445091655047,-0.00561591617370129,1.8950142833476324
split_cell_scaffold_heldout,ridge_cell_drug_fp,"NK cells, AT 7867",0.048693607362250965,0.7781667448897488,0.21800199258775216,1.9343751251733936
split_cell_scaffold_heldout,ridge_cell_drug_fp,"NK cells, Pitavastatin Calcium",-0.1088185664587564,1.4487374551045051,-0.1669604165306623,2.7308742654833664
split_cell_scaffold_heldout,ridge_cell_drug_fp,"NK cells, PRT-062607",0.30210594578948413,0.8048021544574849,0.5230377462422137,1.7015794014111045
split_cell_scaffold_heldout,ridge_cell_drug_fp,"NK cells, Masitinib",0.11343718457807984,0.7123249652714536,0.09897707941755052,1.866931467233368
split_cell_scaffold_heldout,ridge_cell_drug_fp,"NK cells, Ceritinib",0.14856235933308232,0.7570906430988134,0.2555801825764914,1.827221840257995
split_cell_scaffold_heldout,ridge_cell_drug_fp,"NK cells, Tivantinib",0.16543028808431268,0.7595766465314576,0.27195496352941256,1.8232236720298745
split_cell_scaffold_heldout,ridge_cell_drug_fp,"NK cells, Colchicine",0.20537926869437867,0.7641278491095281,0.368856623384614,1.79256569660783
split_cell_scaffold_heldout,ridge_cell_drug_fp,"NK cells, Tipifarnib",0.09160930147309747,0.7413463286182099,0.14574439521912505,1.9118483704205926
split_cell_scaffold_heldout,ridge_cell_drug_fp,"NK cells, Prednisolone",0.2926064477007539,0.938780046547342,0.5163046833461999,2.020282917556242
split_cell_scaffold_heldout,ridge_cell_drug_fp,"NK cells, Selumetinib",0.14865040700066015,0.8411092980520761,0.25874383350833235,1.854207645086437
