split,baseline,sample_id,rowwise_pearson,rmse,de_rowwise_pearson,de_rmse
split_random,ridge_cell,"Myeloid cells, MK-5108",0.20921742750676833,0.6110270582963045,0.38702966317053983,1.6670906233190186
split_random,ridge_cell,"T cells, Lapatinib",0.030939472276175488,0.6532126783364316,0.0856007635169492,1.8698869917112824
split_random,ridge_cell,"B cells, Ganetespib (STA-9090)",0.5365225453986852,1.5647090486460131,0.6675584516439136,2.6062968121961085
split_random,ridge_cell,"T cells, Clomipramine",0.27325163657101914,0.5566540037633999,0.49885350918147486,1.5598803471218385
split_random,ridge_cell,"B cells, 5-(9-Isopropyl-8-methyl-2-morpholino-9H-purin-6-yl)pyrimidin-2-amine",0.7212856611842879,1.1892492001995287,0.8390072074567663,2.192464709042866
split_random,ridge_cell,"T cells, 5-(9-Isopropyl-8-methyl-2-morpholino-9H-purin-6-yl)pyrimidin-2-amine",0.6776306528468827,1.281470382202521,0.8066398062799849,2.2874547411532697
split_random,ridge_cell,"T cells, Protriptyline",0.19891211031126396,0.5134537933376634,0.44200613244079817,1.5442597752596097
split_random,ridge_cell,"Myeloid cells, IN1451",0.3269174788824696,2.364595407353185,0.40316145791391933,3.170290131800156
split_random,ridge_cell,"NK cells, Raloxifene",0.10830932480340194,0.7633362015672064,0.18660961742992951,1.9416841711175423
split_random,ridge_cell,"T cells, Topotecan",0.1997446397584267,1.0355577844876618,0.38543363787648593,2.2195502704442616
split_random,ridge_cell,"T cells, BAY 87-2243",0.5273868559238001,1.1851046827963594,0.6773292648549539,2.2504689592445195
split_random,ridge_cell,"Myeloid cells, Porcn Inhibitor III",-0.11212737412207237,1.2593845351986352,-0.12451329862543507,2.61391293975066
split_random,ridge_cell,"T cells, Porcn Inhibitor III",-0.1057274226341858,0.7253543250228366,-0.11169908176396003,1.8151835536999803
split_random,ridge_cell,"NK cells, TL_HRAS26",0.17454451815203936,0.6072029085107052,0.3148322788912979,1.8091484072473685
split_random,ridge_cell,"B cells, BMS-265246",-0.07012548645011595,1.1816158529205563,-0.09442317816713475,2.4507861958708173
split_random,ridge_cell,"Myeloid cells, BMS-265246",0.11665519977484183,1.7360924044630126,0.1974334429367215,2.847437962080409
split_random,ridge_cell,"NK cells, Pomalidomide",0.03412190700958451,0.8580284732755432,0.053995486765966716,2.1725968729875533
split_random,ridge_cell,"B cells, Navitoclax",-0.23430112977820547,0.9891404284129266,-0.43522317168341484,2.3533384122650975
split_random,ridge_cell,"T cells, Trametinib",0.39317489951633805,0.6553953974688692,0.6973943172458759,1.717691354069773
split_random,ridge_cell,"B cells, FK 866",0.36414772950717533,0.7132637990713628,0.602668757148204,1.7911312038588627
split_random,ridge_cell,"NK cells, FK 866",0.21605199825211419,0.7245303120537385,0.4219237238152756,1.8605189195349625
split_random,ridge_cell,"T cells, AT13387",0.5902189803962092,1.9506116317644926,0.6759745757300712,2.8366368251414946
split_random,ridge_cell,"T cells, Dactolisib",0.6486490914846853,1.4166146024399349,0.7860842380293428,2.4821452232097223
split_random,ridge_cell,"T cells, BMS-536924",0.6998935905260686,0.9749745420260886,0.8676030273262044,2.0377149679928643
split_random,ridge_cell,"B cells, Isoniazid",0.28208531148500104,0.5854682413553958,0.5137522367284812,1.611136285066833
split_random,ridge_cell,"NK cells, Isoniazid",0.16789300414168906,0.6316489049421402,0.3429409887744829,1.7833641634581425
split_random,ridge_cell,"NK cells, Canertinib",0.21177098994601673,0.6715734780315864,0.3282257174935233,1.8949261717291097
split_random,ridge_cell,"T cells, Canertinib",0.3009575087336276,0.7582938664918031,0.448010586000364,1.9647512701468413
split_random,ridge_cell,"NK cells, Idelalisib",0.30075704245849044,0.6708851577071941,0.5262249542098858,1.7877505437952543
split_random,ridge_cell,"B cells, Penfluridol",-0.045694587828259435,0.6681573160382175,-0.16901315777610157,1.878742896824756
split_random,ridge_cell,"T cells, Decitabine",0.2869075767118392,0.5009127837636767,0.42662412849447157,1.5713674465544807
split_random,ridge_cell,"T cells, Cabozantinib",0.053217776298475045,0.6726373164003029,0.21964287943309338,1.812659742357097
split_random,ridge_cell,"T cells, CC-401",0.4507740136099138,0.756765856607493,0.6941895926109034,1.8292319586204795
split_random,ridge_cell,"B cells, Azacitidine",0.20114914713920207,0.6782554954931215,0.442928407740385,1.755099347366278
split_random,ridge_cell,"Myeloid cells, Azacitidine",0.06373849400266582,0.6698119242339066,0.2680618374097662,1.7118370199926773
split_random,ridge_cell,"T cells, Azacitidine",0.23401089565223263,0.614333796227882,0.49257631210561525,1.6723557607687058
split_random,ridge_cell,"Myeloid cells, AT 7867",0.22602920773783444,1.2987807658892152,0.37514477059846646,2.4508246410967436
split_random,ridge_cell,"B cells, GO-6976",0.14758898238085488,0.7226377566541147,0.3220838830760268,1.8627055236502674
split_random,ridge_cell,"Myeloid cells, GO-6976",0.3155903221672642,1.0949622509289476,0.5315709948601403,2.1474615409840307
split_random,ridge_cell,"T cells, Lamivudine",0.28166695500016253,0.5165728657901547,0.4744727067586875,1.5218701720413454
split_random,ridge_cell,"NK cells, PRT-062607",0.43633388611459467,0.6973551019417834,0.6739728125253562,1.753570581406599
split_random,ridge_cell,"B cells, AZ628",0.6996327999104918,0.7791264477875193,0.8502244683518474,1.7508612549138973
split_random,ridge_cell,"NK cells, SLx-2119",0.17601916469773504,0.6986329665939116,0.20522479452912523,1.9581005895786383
split_random,ridge_cell,"NK cells, TPCA-1",0.47381828851687185,0.8231006495864387,0.7118024906881529,1.8768684122844894
split_random,ridge_cell,"B cells, Ricolinostat",0.35972122187467676,0.7451087649834668,0.6068956617305742,1.8084841056390566
split_random,ridge_cell,"NK cells, Ricolinostat",0.09132386033221802,0.762866622739182,0.1684575051594096,1.9175195834905097
split_random,ridge_cell,"Myeloid cells, Midostaurin",0.3931115931385127,1.0782124599377587,0.5908220537957788,2.2110450866293196
split_random,ridge_cell,"Myeloid cells, CEP-37440",0.26664322685895064,0.9101929973382387,0.5121221601595365,2.056940198536106
split_random,ridge_cell,"NK cells, GSK256066",0.38724499371024845,0.8395936466833351,0.6307634992188386,1.9946065402800848
split_random,ridge_cell,"B cells, R428",0.5685968252675312,0.8949719402173129,0.7638853203012705,1.9828526827248756
split_random,ridge_cell,"Myeloid cells, Oxybenzone",0.22549699124917175,0.5595504232770873,0.5409309735980709,1.527009492152063
split_random,ridge_cell,"NK cells, Imatinib",0.24202816999626955,0.6458691510419505,0.46164640513407484,1.770624247787422
split_random,ridge_cell,"NK cells, SCH-58261",0.12405062721830848,0.6538972683633919,0.25820876882898436,1.8141077403411026
split_random,ridge_cell,"NK cells, Colforsin",0.1537579294935819,0.6418526747088888,0.2318862809485701,1.7941178538502711
split_random,ridge_cell,"B cells, Tivantinib",0.4238659214301885,0.6602943222566312,0.6356928649982073,1.695222221444985
split_random,ridge_cell,"NK cells, Mometasone Furoate",0.4035186486841227,0.9097176472890355,0.6218020213400871,2.117330298155427
split_random,ridge_cell,"B cells, BX 912",0.5912771102349538,0.644615652283602,0.79820521079343,1.5707276824945449
split_random,ridge_cell,"NK cells, AZD4547",0.2551870898135147,0.627652709921038,0.50047949844451,1.7421154722292285
split_random,ridge_cell,"T cells, Prednisolone",0.5386253339474112,1.3107398254004274,0.6715924220145716,2.4666954111124646
split_random,ridge_cell,"Myeloid cells, Selumetinib",0.5909078542513815,0.922196301077765,0.8036307564807941,1.9830667393518375
split_random,ridge_cell,"T cells, Clotrimazole",0.2373374984563335,0.5421616615195103,0.41843686185326984,1.6271322258602912
split_random,ridge_cell,"Myeloid cells, RG7090",0.1633499457395991,0.8562482390380246,0.31006714066302,2.007307322844078
split_random,ridge_cell,"NK cells, RG7090",0.1693556820160488,0.6622872388408821,0.39627072861790996,1.7951776513156206
split_random,ridge_cell,"Myeloid cells, GLPG0634",0.5772590373456309,0.7963542624184144,0.8306113991641911,1.7808588176117897
split_random,ridge_cell,"NK cells, GLPG0634",0.4209318656704222,0.6849898763240061,0.6518268376017063,1.7565752872266764
split_random,ridge_cell,"Myeloid cells, Lapatinib",-0.06823439869324584,0.7356845864140644,-0.03148074641527048,1.9975830064272129
split_random,ridge_cell,"Myeloid cells, Ixabepilone",0.19849429417147688,0.6757209963620583,0.3447119748188602,1.8038147806444027
split_random,ridge_cell,"Myeloid cells, Protriptyline",0.18312291199278785,0.5725643406517008,0.41744289056394424,1.5609852224772527
split_random,ridge_cell,"B cells, K-02288",0.4392522884739366,0.5910344793280282,0.7116021761614164,1.55160035186802
split_random,ridge_cell,"Myeloid cells, Vorinostat",0.4107187532268005,1.7768913734319836,0.5387952842914596,2.7780481808412456
split_random,ridge_cell,"Myeloid cells, LY2090314",0.350613798436198,2.0571935855329104,0.45175183502386773,2.9725725617450633
split_random,ridge_cell,"Myeloid cells, Dasatinib",0.5610887855533137,1.4231095551317459,0.7229451703081622,2.425468706454265
split_random,ridge_cell,"B cells, IKK Inhibitor VII",0.6766347890319755,0.8735164989874616,0.8386767173713383,1.8517484308204346
split_random,ridge_cell,"B cells, IMD-0354",0.4596823977484162,1.156013366048724,0.6274304101711513,2.3347146506328484
split_random,ridge_cell,"Myeloid cells, Alogliptin",0.0659311906327615,0.6391842717877034,0.18395556605376953,1.7021618012012825
split_random,ridge_cell,"B cells, AZD3514",0.3152896242740464,0.6978613587466009,0.48973308733669063,1.800133761486124
split_random,ridge_cell,"B cells, HMN-214",-0.044984103447703,0.6663142787026964,-0.002636870731375281,1.8040464160517578
split_random,ridge_cell,"Myeloid cells, Nilotinib",0.44623892946810545,1.099877972811423,0.6649713736524401,2.2063882745820136
split_random,ridge_cell,"Myeloid cells, AZD-8330",0.5424094042968423,1.0170689474994699,0.7592538968996918,2.1119437437251447
split_random,ridge_cell,"B cells, CGM-097",-0.15299229791891614,1.154329391877287,-0.2552159621930086,2.489933642500891
split_random,ridge_cell,"Myeloid cells, SLx-2119",0.15986379899353217,0.6563197019756634,0.18240674622538874,1.9825326918877684
split_random,ridge_cell,"Myeloid cells, MGCD-265",0.3110861678158279,0.6067761687947384,0.5769857536672652,1.553357959457618
split_random,ridge_cell,"B cells, GSK-1070916",0.4273604002473882,0.5645839293653128,0.6556136998831417,1.5060292485999116
split_random,ridge_cell,"Myeloid cells, Bosutinib",0.5340927327399243,1.5644199639009972,0.683177357795798,2.605583117847359
split_random,ridge_cell,"B cells, Clemastine",0.3551516319902825,0.6336163491902946,0.5600262322313294,1.7212524269337006
split_random,ridge_cell,"B cells, YK 4-279",0.13697922898321646,0.6332866934596968,0.29621676338494957,1.7575891123091065
split_random,ridge_cell,"Myeloid cells, YK 4-279",0.250081253200096,0.6150979682094909,0.4233322867171818,1.61273835869012
split_random,ridge_cell,"Myeloid cells, Buspirone",0.17643115800185538,0.5917679538972932,0.36241583968742086,1.576259102724257
split_random,ridge_cell,"B cells, Vandetanib",0.4778900379550874,0.6350071685161448,0.7302326989294973,1.6326411076890093
split_random,ridge_cell,"B cells, Imatinib",0.17608032991809863,0.5787349651472565,0.4191816106844393,1.6643427340065948
split_random,ridge_cell,"Myeloid cells, SCH-58261",0.2573561780910868,0.6566620914729412,0.5119030909310596,1.6821421739710063
split_random,ridge_cell,"Myeloid cells, Mometasone Furoate",0.6467194896645563,1.7870130930791601,0.7560926904993083,2.684459770319202
split_random,ridge_cell,"Myeloid cells, Tipifarnib",0.44927389301814735,0.7527275821371794,0.7325632155937917,1.7525528448933159
split_random,ridge_cell,"B cells, Doxorubicin",0.0123907647974879,1.7901585397419109,0.03588572105782223,2.9019773325285874
split_random,ridge_cell,"Myeloid cells, Prednisolone",0.5221834894470175,1.469784201775878,0.6592763903584773,2.5157782185772817
split_random,ridge_cell,"Myeloid cells, Mubritinib (TAK 165)",0.2413321541236303,1.1274427439755375,0.38098378592001947,2.3207178458909405
split_random,ridge_drug_fp,"Myeloid cells, MK-5108",0.2531094640844632,0.5930165134244823,0.44853777636657943,1.6419951575141443
split_random,ridge_drug_fp,"T cells, Lapatinib",0.31297521416405605,0.6054937598614558,0.6212710738604459,1.5287773175072144
split_random,ridge_drug_fp,"B cells, Ganetespib (STA-9090)",0.6364012029862502,1.3255800018026285,0.7613759389846821,1.9612483103050589
split_random,ridge_drug_fp,"T cells, Clomipramine",0.3022343748121847,0.5624312013357956,0.5738894424836252,1.4954281533261362
split_random,ridge_drug_fp,"B cells, 5-(9-Isopropyl-8-methyl-2-morpholino-9H-purin-6-yl)pyrimidin-2-amine",0.5461075613439889,1.186186943275028,0.7025345930191438,1.922582338081655
split_random,ridge_drug_fp,"T cells, 5-(9-Isopropyl-8-methyl-2-morpholino-9H-purin-6-yl)pyrimidin-2-amine",0.6121794416910822,1.1643548703614917,0.7573917387115421,1.857676562574636
split_random,ridge_drug_fp,"T cells, Protriptyline",0.13526935787030792,0.539944136489074,0.38204190698010393,1.5953268947667008
split_random,ridge_drug_fp,"Myeloid cells, IN1451",0.6817600967651011,1.812297130741286,0.7792585994108101,2.2650319974621844
split_random,ridge_drug_fp,"NK cells, Raloxifene",0.21171537628181764,0.7969382640217357,0.44185251852336566,1.7956598977907112
split_random,ridge_drug_fp,"T cells, Topotecan",0.551954185571178,0.8873593679729943,0.7624981306195238,1.6381094780320318
split_random,ridge_drug_fp,"T cells, BAY 87-2243",0.5410771271824603,1.109456184497471,0.6940533281309211,1.917759988398394
split_random,ridge_drug_fp,"Myeloid cells, Porcn Inhibitor III",0.11923530928415965,1.1952628993481476,0.19974918163034272,2.461081264688691
split_random,ridge_drug_fp,"T cells, Porcn Inhibitor III",0.23034766547331081,0.6623568983565753,0.48651640134947466,1.5587507827750384
split_random,ridge_drug_fp,"NK cells, TL_HRAS26",0.1169518164318825,0.6636735538674026,0.2307383868672152,1.8208258762478615
split_random,ridge_drug_fp,"B cells, BMS-265246",0.5855564367521958,0.9179153709517558,0.7615699728512615,1.6184856100411604
split_random,ridge_drug_fp,"Myeloid cells, BMS-265246",0.39888462819150866,1.6068144261075021,0.5341993883771269,2.5235748750037295
split_random,ridge_drug_fp,"NK cells, Pomalidomide",0.3847882011035631,0.8541908887009104,0.6251909280323238,1.6858856992308555
split_random,ridge_drug_fp,"B cells, Navitoclax",0.265599110219809,0.8516557111788333,0.5046589824147742,1.9291691894704255
split_random,ridge_drug_fp,"T cells, Trametinib",0.3879039410342638,0.7458501124472416,0.693936732397961,1.5427906738940034
split_random,ridge_drug_fp,"B cells, FK 866",0.36435281301907524,0.8641994651816259,0.6408524020195613,1.583202900579661
split_random,ridge_drug_fp,"NK cells, FK 866",0.24024679038057276,0.9306385195205731,0.4616847320041917,1.7417405111617144
split_random,ridge_drug_fp,"T cells, AT13387",0.6368711403139868,1.6834324396607554,0.7242738227034182,2.3707693210112892
split_random,ridge_drug_fp,"T cells, Dactolisib",0.7075826545590739,1.1269896779966877,0.8318310956111897,1.688726309256807
split_random,ridge_drug_fp,"T cells, BMS-536924",0.5016967718856202,1.0126036874510946,0.7151398727885607,1.9481433771690169
split_random,ridge_drug_fp,"B cells, Isoniazid",0.15468236443935998,0.613870384607974,0.255057725744771,1.714935302692571
split_random,ridge_drug_fp,"NK cells, Isoniazid",0.05730737555715418,0.6804297685225998,0.13281626612454586,1.830868028547828
split_random,ridge_drug_fp,"NK cells, Canertinib",0.17733837239511738,0.8159155352530516,0.4015884525076257,1.7948664175664228
split_random,ridge_drug_fp,"T cells, Canertinib",0.3756474290741936,0.786330499940297,0.6130402625125353,1.680380503175378
split_random,ridge_drug_fp,"NK cells, Idelalisib",0.21655762809798113,0.8489573518526469,0.4135545991813506,1.7427867943767754
split_random,ridge_drug_fp,"B cells, Penfluridol",0.10740941674732103,0.6402896319089932,0.26892063805009003,1.7235647580819233
split_random,ridge_drug_fp,"T cells, Decitabine",0.15337661551643356,0.5313307131358872,0.2401390911537412,1.661333790777158
split_random,ridge_drug_fp,"T cells, Cabozantinib",0.21238253980511643,0.6480210268985234,0.4219617832565401,1.7118807342790676
split_random,ridge_drug_fp,"T cells, CC-401",0.5129766116016913,0.731850744478404,0.7274427259360018,1.6103900360430612
split_random,ridge_drug_fp,"B cells, Azacitidine",0.17902167319589116,0.7270580131616571,0.36093684345653665,1.7834246302171504
split_random,ridge_drug_fp,"Myeloid cells, Azacitidine",0.03756039927280235,0.724801319451593,0.17793859183688113,1.7530874751373589
split_random,ridge_drug_fp,"T cells, Azacitidine",0.23801668649559377,0.660049277706922,0.5103503076885363,1.6002951373037004
split_random,ridge_drug_fp,"Myeloid cells, AT 7867",0.16409600210746292,1.343867768475745,0.28415944389201175,2.47766306710627
split_random,ridge_drug_fp,"B cells, GO-6976",0.2367086620714161,0.7742826587098172,0.472305214335287,1.739335954622104
split_random,ridge_drug_fp,"Myeloid cells, GO-6976",0.24919126098784308,1.143609481207991,0.4092605186647789,2.1771011348009575
split_random,ridge_drug_fp,"T cells, Lamivudine",0.19049616125660707,0.5680517465161571,0.35582437608264283,1.5653442695021587
split_random,ridge_drug_fp,"NK cells, PRT-062607",0.35263505280916735,0.9539470403136819,0.6053738265431595,1.5728116377333516
split_random,ridge_drug_fp,"B cells, AZ628",0.42991436932674454,0.8871105363612057,0.6797641722375255,1.8290161378445826
split_random,ridge_drug_fp,"NK cells, SLx-2119",0.21605542478265616,0.748045851583685,0.3975590854230417,1.8283904142151488
split_random,ridge_drug_fp,"NK cells, TPCA-1",0.4034941190305405,0.9602226851724145,0.6386771256071052,1.622194473936601
split_random,ridge_drug_fp,"B cells, Ricolinostat",0.4835851198992221,0.7984906656142388,0.7004730240729223,1.4058117736648024
split_random,ridge_drug_fp,"NK cells, Ricolinostat",0.3239274215140173,0.8875303519423575,0.5186623400860071,1.6223242821377637
split_random,ridge_drug_fp,"Myeloid cells, Midostaurin",0.25068559621480463,1.163169922540571,0.4405160197304493,2.251959480554831
split_random,ridge_drug_fp,"Myeloid cells, CEP-37440",0.14768500481572733,0.9845683946560471,0.2871238311371136,2.166255128008616
split_random,ridge_drug_fp,"NK cells, GSK256066",0.3499928846937423,0.8827988927830384,0.5713990725329479,1.8077227987687707
split_random,ridge_drug_fp,"B cells, R428",0.41583039200005,1.1708101506803381,0.6505024466244032,1.7654904892414904
split_random,ridge_drug_fp,"Myeloid cells, Oxybenzone",0.1313974407735432,0.555919141330586,0.3073164757619422,1.642921917088431
split_random,ridge_drug_fp,"NK cells, Imatinib",0.09262337314671361,0.7152979828444792,0.24343683336542726,1.8231292692622565
split_random,ridge_drug_fp,"NK cells, SCH-58261",0.07964210665520136,0.7061772891622059,0.1172502387702599,1.8541772859801235
split_random,ridge_drug_fp,"NK cells, Colforsin",0.1073201327144961,0.6954290924860456,0.17195165545764898,1.7995343871451814
split_random,ridge_drug_fp,"B cells, Tivantinib",0.36740024512286773,0.710389949787811,0.5904500139206132,1.6353380656259255
split_random,ridge_drug_fp,"NK cells, Mometasone Furoate",0.4562596548465838,1.0875989307156133,0.6846458267602626,1.6539368756397606
split_random,ridge_drug_fp,"B cells, BX 912",0.3660736168592379,0.7642429838103876,0.6317700184362244,1.6573072359816636
split_random,ridge_drug_fp,"NK cells, AZD4547",0.10571620154744041,0.7035470891482403,0.20412071529741282,1.8176870006931045
split_random,ridge_drug_fp,"T cells, Prednisolone",0.5986848961642679,1.1711020497382814,0.7341655390522497,2.0501311930933057
split_random,ridge_drug_fp,"Myeloid cells, Selumetinib",0.24339168379138007,1.0802633122484415,0.40677391023868104,2.2252140977671897
split_random,ridge_drug_fp,"T cells, Clotrimazole",0.2407702514624253,0.5549450850729656,0.5256455733336761,1.5819832288035593
split_random,ridge_drug_fp,"Myeloid cells, RG7090",0.2988123380487891,0.8274185964887848,0.5228729142984657,1.8439024467463332
split_random,ridge_drug_fp,"NK cells, RG7090",0.17844105712551223,0.7354456535374277,0.2981683502959661,1.7894609189638917
split_random,ridge_drug_fp,"Myeloid cells, GLPG0634",0.37330835999271994,0.925923283752261,0.6237794789574529,1.836461220890056
split_random,ridge_drug_fp,"NK cells, GLPG0634",0.29287129191804895,0.8329018199437026,0.50060260204618,1.6899151189732282
split_random,ridge_drug_fp,"Myeloid cells, Lapatinib",0.15781987606693126,0.6955025596142851,0.37389885692499697,1.8036288359062573
split_random,ridge_drug_fp,"Myeloid cells, Ixabepilone",0.1791550303840375,0.6754220274208773,0.32924570827531663,1.7888148164348487
split_random,ridge_drug_fp,"Myeloid cells, Protriptyline",0.11680839957650167,0.5820942046385061,0.16647368461865694,1.6869537494960622
split_random,ridge_drug_fp,"B cells, K-02288",0.10688804751366837,0.7270355123401265,0.2055847022474149,1.8527456521326806
split_random,ridge_drug_fp,"Myeloid cells, Vorinostat",0.4880367327343225,1.6834651660779076,0.6175839858043036,2.359989692006488
split_random,ridge_drug_fp,"Myeloid cells, LY2090314",0.2111885801059681,2.236905593232912,0.26230291897548963,3.0501533839042314
split_random,ridge_drug_fp,"Myeloid cells, Dasatinib",0.4681718345870204,1.4053960538955819,0.6193052971717461,2.2798929678044746
split_random,ridge_drug_fp,"B cells, IKK Inhibitor VII",0.42916173893575205,0.9975934463250758,0.6391203241103646,1.8373757827803425
split_random,ridge_drug_fp,"B cells, IMD-0354",0.601117798191724,1.0354875958089793,0.7817704933038288,1.7052291311086292
split_random,ridge_drug_fp,"Myeloid cells, Alogliptin",0.1706034588706141,0.5938824856948308,0.3688452734817034,1.6307007603955508
split_random,ridge_drug_fp,"B cells, AZD3514",0.42263403210566103,0.6896422395004995,0.6472177439477096,1.5620269825343993
split_random,ridge_drug_fp,"B cells, HMN-214",0.316540373671107,0.6135703554468681,0.5631537115178441,1.4781887756467338
split_random,ridge_drug_fp,"Myeloid cells, Nilotinib",0.31512751966300867,1.1644078425241697,0.4775691277710655,2.242867069495878
split_random,ridge_drug_fp,"Myeloid cells, AZD-8330",0.2257323523806147,1.1701573330153987,0.4006986373601729,2.3101138728861046
split_random,ridge_drug_fp,"B cells, CGM-097",0.5769517617644828,0.8888340406154636,0.773329617834118,1.5490600718991703
split_random,ridge_drug_fp,"Myeloid cells, SLx-2119",0.17040988373054683,0.6937616762525524,0.36549926156138507,1.8397368974426862
split_random,ridge_drug_fp,"Myeloid cells, MGCD-265",0.2211499763022366,0.6451976193763636,0.43719878926950706,1.6353423589435583
split_random,ridge_drug_fp,"B cells, GSK-1070916",0.27824978453573324,0.6531004775158789,0.44726680518135176,1.5795304166813442
split_random,ridge_drug_fp,"Myeloid cells, Bosutinib",0.47084528367623446,1.5223466479020735,0.6059636433467488,2.4364125142966366
split_random,ridge_drug_fp,"B cells, Clemastine",0.25816698003583516,0.6768818602919697,0.453042617232321,1.766192999826871
split_random,ridge_drug_fp,"B cells, YK 4-279",0.12338634479088194,0.6700532293024289,0.22576431736604746,1.7804332766211595
split_random,ridge_drug_fp,"Myeloid cells, YK 4-279",0.17270214176063947,0.6603912451538446,0.370893879642226,1.6253642209832213
split_random,ridge_drug_fp,"Myeloid cells, Buspirone",0.216478609548516,0.5580608206890171,0.32390108210045504,1.5864372384348528
split_random,ridge_drug_fp,"B cells, Vandetanib",0.18313365050742955,0.7461337343324076,0.3525689816856131,1.9066203102526706
split_random,ridge_drug_fp,"B cells, Imatinib",0.11832105890964437,0.6008021564779574,0.11784645564185535,1.7692367935901938
split_random,ridge_drug_fp,"Myeloid cells, SCH-58261",0.17992234255572942,0.6796761106889184,0.34622033458808965,1.7526219941460344
split_random,ridge_drug_fp,"Myeloid cells, Mometasone Furoate",0.4585875544804161,1.7807140419814536,0.5836729042920973,2.486920235605775
split_random,ridge_drug_fp,"Myeloid cells, Tipifarnib",0.3499156665752912,0.8013440997062583,0.6144141218314462,1.7866189981529437
split_random,ridge_drug_fp,"B cells, Doxorubicin",0.5243737067587424,1.5180367254365297,0.6668332060684287,2.217485282997481
split_random,ridge_drug_fp,"Myeloid cells, Prednisolone",0.31333633752076745,1.562098909778195,0.4381538745728938,2.5382446072594664
split_random,ridge_drug_fp,"Myeloid cells, Mubritinib (TAK 165)",0.24486462765116906,1.1950163610150173,0.3849116163061203,2.2795837344570034
split_random,ridge_cell_drug_fp,"Myeloid cells, MK-5108",0.3017788809414654,0.6170980854595517,0.5194429161180701,1.5633049086149604
split_random,ridge_cell_drug_fp,"T cells, Lapatinib",0.3277482237719639,0.6159450935560981,0.6414445051920568,1.4924527514557395
split_random,ridge_cell_drug_fp,"B cells, Ganetespib (STA-9090)",0.6864696930839566,1.247248833830637,0.80294558285109,1.830795427264474
split_random,ridge_cell_drug_fp,"T cells, Clomipramine",0.33730584553094106,0.5676581551385637,0.6188911446605739,1.4460582863818428
split_random,ridge_cell_drug_fp,"B cells, 5-(9-Isopropyl-8-methyl-2-morpholino-9H-purin-6-yl)pyrimidin-2-amine",0.6340217426415198,1.0875906259783927,0.7806309188134708,1.7256958822111466
split_random,ridge_cell_drug_fp,"T cells, 5-(9-Isopropyl-8-methyl-2-morpholino-9H-purin-6-yl)pyrimidin-2-amine",0.6802690124709161,1.0796692559635261,0.804173685462117,1.708324197492243
split_random,ridge_cell_drug_fp,"T cells, Protriptyline",0.2201684726525732,0.5362214631871334,0.5420471075242048,1.4870576236949244
split_random,ridge_cell_drug_fp,"Myeloid cells, IN1451",0.7145652345634652,1.7426549468184316,0.8066216218328773,2.1751671092424663
split_random,ridge_cell_drug_fp,"NK cells, Raloxifene",0.2863096765755992,0.7716722818351364,0.5369731154450137,1.7272217999977495
split_random,ridge_cell_drug_fp,"T cells, Topotecan",0.584723012044352,0.8623088147376955,0.7941089172779319,1.558460032556559
split_random,ridge_cell_drug_fp,"T cells, BAY 87-2243",0.6205798824909611,1.0340202161380931,0.753509326244244,1.7834113734225914
split_random,ridge_cell_drug_fp,"Myeloid cells, Porcn Inhibitor III",0.10505054759806962,1.2230212991847138,0.17128589198613092,2.4951003576355184
split_random,ridge_cell_drug_fp,"T cells, Porcn Inhibitor III",0.2669298798905055,0.6656328308084003,0.5474264202198987,1.4993663030730502
split_random,ridge_cell_drug_fp,"NK cells, TL_HRAS26",0.18805703530538662,0.6440695836586543,0.3736794732207229,1.7535893036387364
split_random,ridge_cell_drug_fp,"B cells, BMS-265246",0.5580520619187697,0.9485387008985798,0.7343488102734986,1.6658322798612095
split_random,ridge_cell_drug_fp,"Myeloid cells, BMS-265246",0.41219863011577124,1.5978198521711706,0.5512269425854314,2.4934058778859263
split_random,ridge_cell_drug_fp,"NK cells, Pomalidomide",0.4083128143734091,0.857676033033953,0.6504228449482835,1.6405718255014088
split_random,ridge_cell_drug_fp,"B cells, Navitoclax",0.22471208501005308,0.8835312618419918,0.4093468887262649,1.9683489530194782
split_random,ridge_cell_drug_fp,"T cells, Trametinib",0.4716790682533851,0.6904234290371607,0.7576747783545583,1.4192697336974383
split_random,ridge_cell_drug_fp,"B cells, FK 866",0.4311174750745195,0.8170624347530715,0.7156097389959682,1.4501542846964495
split_random,ridge_cell_drug_fp,"NK cells, FK 866",0.26959725246588484,0.9052172608711394,0.502352942421118,1.6955378711641234
split_random,ridge_cell_drug_fp,"T cells, AT13387",0.7054152471669813,1.5858492101812975,0.7808808586617366,2.2336773857308385
split_random,ridge_cell_drug_fp,"T cells, Dactolisib",0.7564333447971524,1.0443105498139957,0.8617291015875882,1.5547108669716039
split_random,ridge_cell_drug_fp,"T cells, BMS-536924",0.6283541900216874,0.9113427757431156,0.8255744763645372,1.7258184363498037
split_random,ridge_cell_drug_fp,"B cells, Isoniazid",0.22966224728547832,0.6110742070409455,0.4262822367889792,1.6338221084619868
split_random,ridge_cell_drug_fp,"NK cells, Isoniazid",0.11518809785373045,0.6690271399083478,0.29185400890497365,1.7796811274786892
split_random,ridge_cell_drug_fp,"NK cells, Canertinib",0.22702627912599538,0.7760534998788087,0.4614673813484829,1.7428945478833398
split_random,ridge_cell_drug_fp,"T cells, Canertinib",0.4289354256713433,0.7610787352283978,0.6648780543180328,1.6121114461298363
split_random,ridge_cell_drug_fp,"NK cells, Idelalisib",0.28078468284581143,0.7858255172396696,0.4977546522376584,1.669300029332784
split_random,ridge_cell_drug_fp,"B cells, Penfluridol",0.11341136810083416,0.6663955884629728,0.24825167578843696,1.7323541048234632
split_random,ridge_cell_drug_fp,"T cells, Decitabine",0.2627658832732728,0.5284957604146141,0.3738583283192041,1.585259294219697
split_random,ridge_cell_drug_fp,"T cells, Cabozantinib",0.2752886748460961,0.6370459802461462,0.5429268685176387,1.622325159340194
split_random,ridge_cell_drug_fp,"T cells, CC-401",0.5419999962510268,0.7197136912388522,0.7666699454098993,1.526060345990642
split_random,ridge_cell_drug_fp,"B cells, Azacitidine",0.22899377509715213,0.7345138885441446,0.4433809104716692,1.7170937812718938
split_random,ridge_cell_drug_fp,"Myeloid cells, Azacitidine",0.04415207304379203,0.7668381835218182,0.23058496588664937,1.7344083563884178
split_random,ridge_cell_drug_fp,"T cells, Azacitidine",0.28022130459401673,0.6739856665320089,0.579037109272426,1.5373926962727793
split_random,ridge_cell_drug_fp,"Myeloid cells, AT 7867",0.24283850096034756,1.3121378942274666,0.403545180011927,2.3940475101817786
split_random,ridge_cell_drug_fp,"B cells, GO-6976",0.2938280245384318,0.7490966621042249,0.5484963044927291,1.6700328313377513
split_random,ridge_cell_drug_fp,"Myeloid cells, GO-6976",0.39520399235736736,1.067243665434438,0.6125979376479165,1.9845351938148386
split_random,ridge_cell_drug_fp,"T cells, Lamivudine",0.27028261407100623,0.5636575731508436,0.45681427392449186,1.5060505932977508
split_random,ridge_cell_drug_fp,"NK cells, PRT-062607",0.4037279643703632,0.8606367005311347,0.6630593767636699,1.4787681428620398
split_random,ridge_cell_drug_fp,"B cells, AZ628",0.5827245697667368,0.7909996780087462,0.8026521386370145,1.587653960603138
split_random,ridge_cell_drug_fp,"NK cells, SLx-2119",0.2275700143432678,0.7371380662178475,0.4269485869286749,1.8131981329389208
split_random,ridge_cell_drug_fp,"NK cells, TPCA-1",0.45402418069994604,0.8759356164221519,0.6932831618404448,1.556681649180799
split_random,ridge_cell_drug_fp,"B cells, Ricolinostat",0.5203199681236909,0.7861740193708822,0.7415607072997631,1.3189136163351023
split_random,ridge_cell_drug_fp,"NK cells, Ricolinostat",0.33645035970533355,0.867049284930063,0.5557157907442024,1.584599058635264
split_random,ridge_cell_drug_fp,"Myeloid cells, Midostaurin",0.38354982976790525,1.090521996360589,0.6112211128849502,2.0825832297024065
split_random,ridge_cell_drug_fp,"Myeloid cells, CEP-37440",0.2671687154759661,0.9467477870120996,0.512909996779249,2.002693903500406
split_random,ridge_cell_drug_fp,"NK cells, GSK256066",0.3742314859527736,0.8672472733791261,0.6220098719311455,1.7605597322418698
split_random,ridge_cell_drug_fp,"B cells, R428",0.47903041290509507,1.1014298645258378,0.712835190599872,1.6292234161580574
split_random,ridge_cell_drug_fp,"Myeloid cells, Oxybenzone",0.2094717904586688,0.5838631451556706,0.5051114206087118,1.5308885412964262
split_random,ridge_cell_drug_fp,"NK cells, Imatinib",0.13845459285348896,0.7021797742906024,0.3545479771522935,1.7780724042870444
split_random,ridge_cell_drug_fp,"NK cells, SCH-58261",0.1647907447890742,0.703230144298871,0.2855609889794996,1.7909790470534395
split_random,ridge_cell_drug_fp,"NK cells, Colforsin",0.15199503121506702,0.6822589251032032,0.30187858137641654,1.7529246917642205
split_random,ridge_cell_drug_fp,"B cells, Tivantinib",0.43798689686888703,0.6908128620601319,0.6721146297220745,1.522087165740424
split_random,ridge_cell_drug_fp,"NK cells, Mometasone Furoate",0.48305560892543004,1.0215144949630932,0.7073189756408628,1.6029407847123933
split_random,ridge_cell_drug_fp,"B cells, BX 912",0.4996356139978303,0.7005542061748271,0.7531599299101692,1.4421328939221016
split_random,ridge_cell_drug_fp,"NK cells, AZD4547",0.173772080737328,0.6880699507261788,0.3324823744057103,1.7623228125221875
split_random,ridge_cell_drug_fp,"T cells, Prednisolone",0.6487372474919059,1.1168188159759505,0.7766426086485387,1.9446984305827546
split_random,ridge_cell_drug_fp,"Myeloid cells, Selumetinib",0.4770914293818859,0.9558908955266967,0.7156873297866538,1.9111526865607598
split_random,ridge_cell_drug_fp,"T cells, Clotrimazole",0.3259980335736455,0.5509702969250553,0.6281612634408289,1.4579572396948512
split_random,ridge_cell_drug_fp,"Myeloid cells, RG7090",0.3884635094810998,0.7987103826950299,0.619672728789229,1.7351568061912213
split_random,ridge_cell_drug_fp,"NK cells, RG7090",0.22767427122006734,0.7323622801253262,0.40342046134461584,1.7284111883301705
split_random,ridge_cell_drug_fp,"Myeloid cells, GLPG0634",0.5310039001640092,0.8182656420686428,0.8011924451006888,1.556833773807164
split_random,ridge_cell_drug_fp,"NK cells, GLPG0634",0.35724904950496317,0.7621739756207282,0.5969065676175976,1.6080877402533298
split_random,ridge_cell_drug_fp,"Myeloid cells, Lapatinib",0.13562917287276677,0.7424494079619837,0.3293583245889211,1.831434397991667
split_random,ridge_cell_drug_fp,"Myeloid cells, Ixabepilone",0.24614600266839082,0.6835021985117162,0.44690347373540773,1.7015262590573932
split_random,ridge_cell_drug_fp,"Myeloid cells, Protriptyline",0.22843657141993953,0.5889556747066728,0.4673290357472081,1.515004462217748
split_random,ridge_cell_drug_fp,"B cells, K-02288",0.25285729646694366,0.6909150282138726,0.500988591731962,1.6716429248946605
split_random,ridge_cell_drug_fp,"Myeloid cells, Vorinostat",0.543787722962664,1.6033040629964388,0.6754378307515774,2.241456592821071
split_random,ridge_cell_drug_fp,"Myeloid cells, LY2090314",0.2887146765136398,2.1466252151998964,0.3599540980849494,2.9178905604029293
split_random,ridge_cell_drug_fp,"Myeloid cells, Dasatinib",0.5726402849867421,1.3126715124070583,0.7278671931408806,2.1201218652587768
split_random,ridge_cell_drug_fp,"B cells, IKK Inhibitor VII",0.5538264804028743,0.898350346156474,0.7627741949891312,1.6096307309885545
split_random,ridge_cell_drug_fp,"B cells, IMD-0354",0.642393120421605,0.9905697699802894,0.815383811025485,1.5915431307740515
split_random,ridge_cell_drug_fp,"Myeloid cells, Alogliptin",0.1906194397880828,0.6310581367003927,0.3864915430082088,1.6119576463778527
split_random,ridge_cell_drug_fp,"B cells, AZD3514",0.4554986691618307,0.6837566869942262,0.6722677641662166,1.5162916784068623
split_random,ridge_cell_drug_fp,"B cells, HMN-214",0.32711406299836376,0.6279718837354524,0.605325350945304,1.4299235040711629
split_random,ridge_cell_drug_fp,"Myeloid cells, Nilotinib",0.43524107924964384,1.094942441608146,0.6541086363309224,2.0569706298447086
split_random,ridge_cell_drug_fp,"Myeloid cells, AZD-8330",0.4299729353689776,1.0567920516000637,0.6686030142123659,2.036286824563746
split_random,ridge_cell_drug_fp,"B cells, CGM-097",0.5631450123972014,0.9007708851803438,0.7553683238375613,1.5863702262641821
split_random,ridge_cell_drug_fp,"Myeloid cells, SLx-2119",0.22924233394317584,0.7042110823952453,0.46038982169107373,1.7543744200422944
split_random,ridge_cell_drug_fp,"Myeloid cells, MGCD-265",0.278263569735957,0.6595988180822319,0.5737171373448875,1.5164367216954828
split_random,ridge_cell_drug_fp,"B cells, GSK-1070916",0.3802528738503412,0.6327029683481108,0.5941740500359565,1.4433646682115426
split_random,ridge_cell_drug_fp,"Myeloid cells, Bosutinib",0.567642649655782,1.4325671665135917,0.7144277617705375,2.2763092310705053
split_random,ridge_cell_drug_fp,"B cells, Clemastine",0.370686327762995,0.6524736165682218,0.6174011201236125,1.6280604666669116
split_random,ridge_cell_drug_fp,"B cells, YK 4-279",0.19962491598782298,0.6606057450934395,0.4089850888518179,1.6893393508164036
split_random,ridge_cell_drug_fp,"Myeloid cells, YK 4-279",0.33060234729119514,0.6321348835553152,0.5926994144677642,1.4464852972420208
split_random,ridge_cell_drug_fp,"Myeloid cells, Buspirone",0.21426058925380403,0.5977764177823179,0.3960075831355529,1.5438283538221038
split_random,ridge_cell_drug_fp,"B cells, Vandetanib",0.3185801432103303,0.7133749524668845,0.603193496000377,1.7167732300554757
split_random,ridge_cell_drug_fp,"B cells, Imatinib",0.15665837449246542,0.6262286528456414,0.30776955246739823,1.6964906099916885
split_random,ridge_cell_drug_fp,"Myeloid cells, SCH-58261",0.20615547615534666,0.712718158073729,0.3704242132263463,1.7292011074854667
split_random,ridge_cell_drug_fp,"Myeloid cells, Mometasone Furoate",0.564066028454927,1.6460175179247687,0.6859125425310548,2.2999954281662323
split_random,ridge_cell_drug_fp,"Myeloid cells, Tipifarnib",0.4406620540208191,0.7712347143801306,0.7301908313812384,1.6271931221481104
split_random,ridge_cell_drug_fp,"B cells, Doxorubicin",0.5293639387102085,1.511681028293941,0.670922542821989,2.2053804137050923
split_random,ridge_cell_drug_fp,"Myeloid cells, Prednisolone",0.43360145893963853,1.4672792519968836,0.5821048958274009,2.3644864082541135
split_random,ridge_cell_drug_fp,"Myeloid cells, Mubritinib (TAK 165)",0.3232385186117937,1.1559533681379992,0.4912903151981593,2.1592640694504146
split_cell_heldout,ridge_cell,"T cells, TIE2 Kinase Inhibitor",0.13279755833757892,0.5664949850502669,0.36593440891438367,1.6240811772952817
split_cell_heldout,ridge_cell,"T cells, MK-5108",0.08564258185595797,0.5557089752027652,0.14296950425119945,1.694886547320885
split_cell_heldout,ridge_cell,"T cells, Lapatinib",-0.048609326301723245,0.6405334882752064,-0.03210619964022938,1.8856236572973433
split_cell_heldout,ridge_cell,"T cells, Atorvastatin",0.18299502223015196,0.5499161463261314,0.3992444601597136,1.6366725172916137
split_cell_heldout,ridge_cell,"T cells, Ganetespib (STA-9090)",0.35371249829480755,2.1437681772740476,0.4422850432239022,3.042260363722481
split_cell_heldout,ridge_cell,"T cells, Clomipramine",0.23527072333607907,0.5496408312620469,0.46864237553485116,1.6058892346161222
split_cell_heldout,ridge_cell,"T cells, Sunitinib",0.3578195218242859,0.6585200025417133,0.6336907938755938,1.7612523418673913
split_cell_heldout,ridge_cell,"T cells, Tivozanib",0.22665630614726234,0.6380938332015172,0.45858356888310786,1.8238000510939532
split_cell_heldout,ridge_cell,"T cells, Tamatinib",0.5475420054984084,1.0273032909073605,0.7515806764965662,2.107259993812381
split_cell_heldout,ridge_cell,"T cells, Ixabepilone",0.02125615139770962,0.5587470983928704,-0.10512134220306253,1.8365795816830597
split_cell_heldout,ridge_cell,"T cells, Linagliptin",0.15780046201579576,0.5109279474921543,0.20240177033696993,1.581485082764997
split_cell_heldout,ridge_cell,"T cells, 5-(9-Isopropyl-8-methyl-2-morpholino-9H-purin-6-yl)pyrimidin-2-amine",0.5609802684867634,1.3538732251508416,0.7358169106252669,2.4267473498075023
split_cell_heldout,ridge_cell,"T cells, O-Demethylated Adapalene",0.270437689249738,0.5745920392972685,0.5115365453224674,1.7197264108575092
split_cell_heldout,ridge_cell,"T cells, Protriptyline",0.08701248458692468,0.5116592131318,0.263447973837463,1.650631740774159
split_cell_heldout,ridge_cell,"T cells, I-BET151",0.3239080030981742,1.9232618408073507,0.42312370473727806,2.9083920403887618
split_cell_heldout,ridge_cell,"T cells, Foretinib",0.4753804142687256,0.8239092236066595,0.7247255366605235,1.9441029946497002
split_cell_heldout,ridge_cell,"T cells, GW843682X",0.13198225830322272,0.5980124373907919,0.30575421787351537,1.950690972890633
split_cell_heldout,ridge_cell,"T cells, BMS-387032",0.3592036015536004,1.2361228885763693,0.5487614966409936,2.4177633801866105
split_cell_heldout,ridge_cell,"T cells, IN1451",0.24671274218365,2.792182305239375,0.29529850338559704,3.404051573801033
split_cell_heldout,ridge_cell,"T cells, Raloxifene",-0.19463195891809387,0.9316898113496236,-0.3138901158978783,2.1345444785740875
split_cell_heldout,ridge_cell,"T cells, Topotecan",0.08891168429298019,1.0578356002602558,0.19968809657813896,2.298673624444345
split_cell_heldout,ridge_cell,"T cells, BAY 87-2243",0.34821206770330426,1.2565733331523705,0.5269821782125022,2.390453784362167
split_cell_heldout,ridge_cell,"T cells, Phenylbutazone",-0.002826259509576427,0.5585762660832285,-0.17907939281965757,1.830097978635772
split_cell_heldout,ridge_cell,"T cells, K-02288",0.16102308110432037,0.5518771042907828,0.3283258549416437,1.6890986946429123
split_cell_heldout,ridge_cell,"T cells, BMS-777607",0.3030704763960507,0.5466848729772664,0.6126126201847382,1.5368257026591594
split_cell_heldout,ridge_cell,"T cells, Porcn Inhibitor III",-0.2809240520800032,0.7261891644963774,-0.4567655407045627,1.8922575876736685
split_cell_heldout,ridge_cell,"T cells, TL_HRAS26",0.19647380653798735,0.5436665800571586,0.3760810199560405,1.8938730687345322
split_cell_heldout,ridge_cell,"T cells, Proscillaridin A;Proscillaridin-A",-0.02549270351600295,2.989581474841814,-0.028698960934111173,3.546508780172948
split_cell_heldout,ridge_cell,"T cells, Vorinostat",0.2881305979424796,2.161803546821612,0.3699242589939245,3.0620072580966773
split_cell_heldout,ridge_cell,"T cells, BMS-265246",0.12423648165555508,1.3697111840524974,0.24006119551593885,2.5596499118947404
split_cell_heldout,ridge_cell,"T cells, Ruxolitinib",0.5103361830460045,0.8931906104540994,0.737935172644924,1.9776619164785378
split_cell_heldout,ridge_cell,"T cells, Pomalidomide",-0.174667158834761,1.3087991717195335,-0.24139408127077747,2.715543312374242
split_cell_heldout,ridge_cell,"T cells, Dovitinib",0.3703818265772004,0.7423636995214089,0.652706280485788,2.015258616252393
split_cell_heldout,ridge_cell,"T cells, AVL-292",0.46543277764048896,0.7312224481446886,0.7297440891283147,1.8515176445999981
split_cell_heldout,ridge_cell,"T cells, Navitoclax",-0.06669199315950836,0.5938491277882677,0.3011548774173649,1.8348285087408427
split_cell_heldout,ridge_cell,"T cells, Methotrexate",-0.08167059788496962,0.6575452973191496,-0.3729862802524418,2.045599234666055
split_cell_heldout,ridge_cell,"T cells, Palbociclib",0.2633427250171971,0.5246919553024514,0.6208812731929405,1.6002145175924603
split_cell_heldout,ridge_cell,"T cells, Trametinib",0.30856896285866664,0.677939903037255,0.605900890885274,1.8590402513057935
split_cell_heldout,ridge_cell,"T cells, AMD-070 (hydrochloride)",0.19153521259068712,0.6017067517524423,0.4343824794391169,1.7612822878767773
split_cell_heldout,ridge_cell,"T cells, Sgc-cbp30",0.22935955400176222,0.7564819296365116,0.39260858017411887,1.9501302047531537
split_cell_heldout,ridge_cell,"T cells, FK 866",0.1517242910694121,0.9773195158248095,0.3315645543199531,2.200194775068663
split_cell_heldout,ridge_cell,"T cells, Chlorpheniramine",0.31308402432304966,0.5591708747725053,0.5753593853244183,1.5925286952122515
split_cell_heldout,ridge_cell,"T cells, Scriptaid",0.2768124049825818,2.243267909979173,0.3506196998904784,3.115585286585443
split_cell_heldout,ridge_cell,"T cells, BAY 61-3606",0.31443771615511834,1.8274052816179538,0.42560041777484087,2.842697488468512
split_cell_heldout,ridge_cell,"T cells, LY2090314",-0.2286038358487284,2.5060457512990384,-0.28000617337602035,3.38232311126635
split_cell_heldout,ridge_cell,"T cells, Vardenafil",0.16295538773087978,0.5505668390517663,0.4438547269988851,1.659313123478377
split_cell_heldout,ridge_cell,"T cells, Dasatinib",0.5407833659829713,1.0402348889081516,0.7559299575306833,2.1340644184425317
split_cell_heldout,ridge_cell,"T cells, AT13387",0.36574154932833464,2.0438169790755403,0.4686491554765264,2.973777547854527
split_cell_heldout,ridge_cell,"T cells, PF-04691502",0.48391513736577285,1.0627053312878652,0.6931650150178099,2.2549382473303914
split_cell_heldout,ridge_cell,"T cells, Perhexiline",0.5286288346896623,0.9269043696388013,0.7660435495609851,2.0861026045554256
split_cell_heldout,ridge_cell,"T cells, RVX-208",0.28218782047093277,0.8249170637226255,0.4592916928385884,1.9995277701089147
split_cell_heldout,ridge_cell,"T cells, Ketoconazole",-0.2475161176979064,1.290237122294896,-0.428433701991542,2.7050471619358385
split_cell_heldout,ridge_cell,"T cells, Disulfiram",0.003356281319167597,0.6007611017605857,0.031046870880380936,1.7720490460671134
split_cell_heldout,ridge_cell,"T cells, Flutamide",0.012581575429832063,0.563194495431898,0.33668877287883936,1.6905651407946976
split_cell_heldout,ridge_cell,"T cells, Desloratadine",0.0751876532691963,0.5491303762069539,0.24606228959413237,1.6043225216541863
split_cell_heldout,ridge_cell,"T cells, Dactolisib",0.5016310766152533,1.4935276422368133,0.6814863401878477,2.6239445347316033
split_cell_heldout,ridge_cell,"T cells, BMS-536924",0.5059327261202935,1.0678936196648772,0.7222008512665856,2.2554163085386394
split_cell_heldout,ridge_cell,"T cells, IKK Inhibitor VII",0.4521959441057015,0.8984299567888919,0.7060345482912668,2.0336663507685926
split_cell_heldout,ridge_cell,"T cells, Amiodarone",0.0903012005479802,0.6112896681102192,0.17019634501457936,1.9879660061124342
split_cell_heldout,ridge_cell,"T cells, Isoniazid",-0.02673438493396377,0.5502628088167948,-0.057738322168011884,1.6146861074865466
split_cell_heldout,ridge_cell,"T cells, IMD-0354",0.3886768793903989,1.6578627792459202,0.523618112086748,2.748807745405894
split_cell_heldout,ridge_cell,"T cells, Canertinib",0.16404279729974575,0.7873087448760957,0.33335600665668824,2.05278997969847
split_cell_heldout,ridge_cell,"T cells, Idelalisib",0.419980573818918,0.8486354388846656,0.6868524959712365,2.0171841248113243
split_cell_heldout,ridge_cell,"T cells, Alogliptin",-0.06384205613684343,0.5958024715476071,-0.15356876496762406,1.7485316035585632
split_cell_heldout,ridge_cell,"T cells, Penfluridol",0.031712917440670264,0.5380734218970501,0.1458232490920973,1.674915700948465
split_cell_heldout,ridge_cell,"T cells, Quizartinib",0.13890901889901072,0.5564979152925109,0.2598040075283284,1.813804598517784
split_cell_heldout,ridge_cell,"T cells, RN-486",0.042580232077232036,0.5365936984104742,0.180158537206983,1.6339740847867272
split_cell_heldout,ridge_cell,"T cells, PD-0325901",0.4495704441031055,0.822674257185766,0.6972674783783391,1.9749716199669314
split_cell_heldout,ridge_cell,"T cells, Decitabine",0.16890804647225263,0.5073558531953528,0.2899056311683497,1.6510318091930702
split_cell_heldout,ridge_cell,"T cells, LDN 193189",0.1693851525703575,0.5693526931516049,0.345239905916139,1.7072973649332979
split_cell_heldout,ridge_cell,"T cells, Cabozantinib",-0.09864990719503967,0.6783151633884105,-0.1367890762497805,1.9165200421583648
split_cell_heldout,ridge_cell,"T cells, Riociguat",0.12581562721035222,0.5235338661971238,0.11698097980260072,1.7756990010229778
split_cell_heldout,ridge_cell,"T cells, CHIR-99021",-0.26473575275750666,1.52137343674596,-0.40159501742482173,2.8576311210814276
split_cell_heldout,ridge_cell,"T cells, Defactinib",0.12817341777042887,0.7691148457526057,0.308842662581108,2.0733778304278907
split_cell_heldout,ridge_cell,"T cells, BI-D1870",-0.0188830473627293,0.6200140692191692,-0.02697902905733135,1.7231598486618236
split_cell_heldout,ridge_cell,"T cells, AZD3514",0.29734395498564087,0.7505493703193553,0.49657179751672026,1.9396216504486734
split_cell_heldout,ridge_cell,"T cells, HMN-214",-0.16891816529274073,0.7655357941626507,-0.46380188529992106,2.2410876897008194
split_cell_heldout,ridge_cell,"T cells, CC-401",0.42435695242447047,0.7743121160436519,0.66460683137601,1.9175472261106434
split_cell_heldout,ridge_cell,"T cells, Resminostat",0.32070668160954235,2.168450845082405,0.4072877902017403,3.0604220515206415
split_cell_heldout,ridge_cell,"T cells, Crizotinib",0.4945362535864764,0.7639581704070738,0.7105763251830887,1.906109645990199
split_cell_heldout,ridge_cell,"T cells, Azacitidine",0.15900435056362686,0.6154432306826101,0.36083857678326814,1.7254819531997279
split_cell_heldout,ridge_cell,"T cells, TR-14035",0.313914939993915,0.5556028804367023,0.5874633750245585,1.5777828972333268
split_cell_heldout,ridge_cell,"T cells, Nilotinib",0.5278512810079563,0.7786492006650773,0.7832459538808582,1.8381035807473887
split_cell_heldout,ridge_cell,"T cells, AT 7867",0.22527902664610938,0.8602420426935877,0.3924506812282052,2.0324191078575615
split_cell_heldout,ridge_cell,"T cells, OSI-930",-0.06538827079463981,0.570294925413651,-0.13660342258488917,1.7353968391390266
split_cell_heldout,ridge_cell,"T cells, GO-6976",-0.15087937858425002,0.9402680809772971,-0.3052555367413917,2.1660251537962765
split_cell_heldout,ridge_cell,"T cells, Saracatinib",0.5279531487816385,0.8085965422714447,0.7542165575936557,1.8577734325095685
split_cell_heldout,ridge_cell,"T cells, RG7112",0.29661013529396385,0.6020464592314607,0.5343569069072969,2.1563924226108986
split_cell_heldout,ridge_cell,"T cells, Lamivudine",0.18866631780130985,0.5189301602398018,0.3006859249712869,1.5916137363054563
split_cell_heldout,ridge_cell,"T cells, TGX 221",0.5334346099927584,0.6862603050003786,0.8035273569183194,1.7317176686371492
split_cell_heldout,ridge_cell,"T cells, Pitavastatin Calcium",-0.2531660675033972,1.6482911665707372,-0.3513606065844744,2.89418458606904
split_cell_heldout,ridge_cell,"T cells, ABT737",0.05834913115180873,0.6151760901798412,0.3760902733420092,1.8677535779506442
split_cell_heldout,ridge_cell,"T cells, PRT-062607",0.58236167855987,0.9498855458874265,0.799220628852808,2.01732318492874
split_cell_heldout,ridge_cell,"T cells, AZ628",0.5314564774710612,0.6936056850657708,0.7898921957628563,1.7822857928849802
split_cell_heldout,ridge_cell,"T cells, AZD-8330",0.5063601290238842,0.7242777667685975,0.773553556522427,1.791033905488254
split_cell_heldout,ridge_cell,"T cells, Masitinib",0.2072108483862613,0.5651132269764835,0.6123737322460617,1.5238754813332456
split_cell_heldout,ridge_cell,"T cells, Ceritinib",0.4148470649047999,0.5643570369796584,0.6963923976048129,1.5726910508461511
split_cell_heldout,ridge_cell,"T cells, CGM-097",-0.09176754997000662,1.3846131523659209,-0.13354310144372789,2.687878038887278
split_cell_heldout,ridge_cell,"T cells, SLx-2119",0.2598038710802172,0.5982936631485792,0.4874811660671983,1.7740854156870767
split_cell_heldout,ridge_cell,"T cells, Nefazodone",0.3111741147255854,0.469078745332439,0.5978137641820566,1.5051489506324365
split_cell_heldout,ridge_cell,"T cells, STK219801",0.12879426429212906,0.569735347409702,0.24839403384961237,1.8524701208512597
split_cell_heldout,ridge_cell,"T cells, TPCA-1",0.5676405874938779,1.0883990147795974,0.7596216954968816,2.158644776501362
split_cell_heldout,ridge_cell,"T cells, MGCD-265",0.3717413924037061,0.46642301791297325,0.6145761439944568,1.4928110421331697
split_cell_heldout,ridge_cell,"T cells, GSK-1070916",0.2793370593131619,0.5781450128347011,0.567239944966863,1.6843180840440688
split_cell_heldout,ridge_cell,"T cells, Ricolinostat",0.190001736636276,0.8722041712977653,0.4109581999140493,2.0630883836200034
split_cell_heldout,ridge_cell,"T cells, Bosutinib",0.4810804027916699,0.9868587531546089,0.7027057408483226,2.1217277897798685
split_cell_heldout,ridge_cell,"T cells, Clemastine",0.29030803893999896,0.527800973518886,0.6515917025513445,1.5102093040986435
split_cell_heldout,ridge_cell,"T cells, YK 4-279",-0.1312687928808707,0.6569865842124448,-0.3049985974975186,1.787886616409873
split_cell_heldout,ridge_cell,"T cells, Buspirone",0.02537168895211957,0.5270784575199057,-0.027060790256449304,1.7188434476546315
split_cell_heldout,ridge_cell,"T cells, Midostaurin",0.4422936756583384,0.8536616642497542,0.7200374355652895,2.059003681859401
split_cell_heldout,ridge_cell,"T cells, CEP-37440",0.3278647509358874,0.6444106496050639,0.6490008057853395,1.8441345479618898
split_cell_heldout,ridge_cell,"T cells, GSK256066",0.2817818172283014,0.7372371062542888,0.5015461829790981,2.1265433462222076
split_cell_heldout,ridge_cell,"T cells, R428",0.484426890793091,0.902710704159009,0.6947869441762886,2.0704405045017027
split_cell_heldout,ridge_cell,"T cells, Oxybenzone",0.16973493277778756,0.49457858452028747,0.39248309615408133,1.5482270755861167
split_cell_heldout,ridge_cell,"T cells, Vandetanib",0.1545454885612937,0.5265720321414478,0.35884850339644025,1.5889242991879797
split_cell_heldout,ridge_cell,"T cells, Imatinib",0.16624925815613745,0.5138063796835997,0.31687475856142067,1.5668378672282837
split_cell_heldout,ridge_cell,"T cells, SCH-58261",0.035749129554374516,0.5499438939062375,-0.022257623201280066,1.7338417685354273
split_cell_heldout,ridge_cell,"T cells, Colforsin",0.20227560704925782,0.5511257570371803,0.3427860274624853,1.578579159067102
split_cell_heldout,ridge_cell,"T cells, Tivantinib",0.2380731340911719,0.7441128037881535,0.44185315499229055,1.8642054557693333
split_cell_heldout,ridge_cell,"T cells, Tosedostat",0.26579600925340024,0.7609080269619777,0.47715587847502816,1.9388767112790097
split_cell_heldout,ridge_cell,"T cells, Colchicine",0.2060575291635549,0.9483567278950166,0.3986657604050549,2.3035086348058234
split_cell_heldout,ridge_cell,"T cells, ABT-199 (GDC-0199)",-0.00764117915760086,0.5875183891892788,0.3521281372916504,1.7306739058165708
split_cell_heldout,ridge_cell,"T cells, Mometasone Furoate",0.47888876361808036,1.4104236442553992,0.6157569568190784,2.580627816711967
split_cell_heldout,ridge_cell,"T cells, Tipifarnib",0.4090149175570263,0.6331260747534286,0.7010188068610546,1.7260476264748101
split_cell_heldout,ridge_cell,"T cells, BX 912",0.5372568045745577,0.7482284525515255,0.7941581834963426,1.8347713030246133
split_cell_heldout,ridge_cell,"T cells, Doxorubicin",0.30768782148888146,1.3505347514269619,0.4708186716965738,2.5170273563053907
split_cell_heldout,ridge_cell,"T cells, PF-03814735",0.5281403444944971,1.0819722499839068,0.7332433719364928,2.1985628101262873
split_cell_heldout,ridge_cell,"T cells, AZD4547",0.2805924603227727,0.5034289408003966,0.4670170416964442,1.5855262432546153
split_cell_heldout,ridge_cell,"T cells, Prednisolone",0.4501804639432144,1.362582624933035,0.587800356351085,2.5675184987453994
split_cell_heldout,ridge_cell,"T cells, Tacalcitol",0.326339172414679,0.6433263839510164,0.6483606057789394,1.7277253311392435
split_cell_heldout,ridge_cell,"T cells, Selumetinib",0.4371665016927549,0.6310947160690179,0.7084469659934008,1.7480818226452008
split_cell_heldout,ridge_cell,"T cells, Clotrimazole",0.08435794549966875,0.5554718823702569,0.16386554963141112,1.7532955592776056
split_cell_heldout,ridge_cell,"T cells, RG7090",-0.1557778741740498,0.8565502169194421,-0.25930178950061844,2.1216719459668703
split_cell_heldout,ridge_cell,"T cells, GLPG0634",0.43100348040685166,0.7380435187075094,0.7246308654468626,1.8187321226787296
split_cell_heldout,ridge_cell,"T cells, Mubritinib (TAK 165)",0.303851202478886,1.1210632224072707,0.5144512229518949,2.35668809140687
split_cell_heldout,ridge_cell,"T cells, Vanoxerine",0.13163888911641097,0.5989229864296473,0.3400916075444826,1.7223711126724002
split_cell_heldout,ridge_cell,"T cells, SB525334",-0.35450636612931014,1.0729093067692705,-0.5552110958860678,2.4120557305202994
split_cell_heldout,ridge_cell,"T cells, HYDROXYUREA",-0.025403791752176018,0.5622622203416032,-0.22145837003777963,1.7639513646736544
split_cell_heldout,ridge_drug_fp,"T cells, TIE2 Kinase Inhibitor",0.28581768959458287,0.5514782666337481,0.5869659136381891,1.4809785366008212
split_cell_heldout,ridge_drug_fp,"T cells, MK-5108",0.2716969773202152,0.5456016274319376,0.5462878683096986,1.495709339714497
split_cell_heldout,ridge_drug_fp,"T cells, Lapatinib",0.3411560576998137,0.5772173292344939,0.662678396098107,1.5133412909436503
split_cell_heldout,ridge_drug_fp,"T cells, Atorvastatin",0.28334804227397276,0.5673426765937639,0.5906878391250009,1.4598348331980502
split_cell_heldout,ridge_drug_fp,"T cells, Ganetespib (STA-9090)",0.6521355024446153,1.7296160738541333,0.7334379877633498,2.367276700215197
split_cell_heldout,ridge_drug_fp,"T cells, Clomipramine",0.30900905937172657,0.5598297153141517,0.585706840222845,1.485946534067288
split_cell_heldout,ridge_drug_fp,"T cells, Sunitinib",0.40160947232736643,0.6611059038728139,0.6790555237475947,1.5706215469005775
split_cell_heldout,ridge_drug_fp,"T cells, Tivozanib",0.3486114438357258,0.6365182692123244,0.6736703497893155,1.5969193584265016
split_cell_heldout,ridge_drug_fp,"T cells, Tamatinib",0.5870568862924783,0.9309288146339634,0.7845842724115436,1.588338964682204
split_cell_heldout,ridge_drug_fp,"T cells, Ixabepilone",0.21180941011271415,0.5580165552390118,0.4871646754663722,1.5469846788092039
split_cell_heldout,ridge_drug_fp,"T cells, Linagliptin",0.15273657718853131,0.5518146123859244,0.35959294073775544,1.513598717134451
split_cell_heldout,ridge_drug_fp,"T cells, 5-(9-Isopropyl-8-methyl-2-morpholino-9H-purin-6-yl)pyrimidin-2-amine",0.6848263363886895,1.0742938833495206,0.8070149588861882,1.716564626102307
split_cell_heldout,ridge_drug_fp,"T cells, O-Demethylated Adapalene",0.32358911189843215,0.5983579022370958,0.6487889218164683,1.5057278304353743
split_cell_heldout,ridge_drug_fp,"T cells, Protriptyline",0.17649804470065703,0.51296100996768,0.4424038349500877,1.5717727116540416
split_cell_heldout,ridge_drug_fp,"T cells, I-BET151",0.7115070315820337,1.4550565714743746,0.8003938961138314,2.0948387553878733
split_cell_heldout,ridge_drug_fp,"T cells, Foretinib",0.4704977513562951,0.8232430728577522,0.7325147101547409,1.634353554199893
split_cell_heldout,ridge_drug_fp,"T cells, GW843682X",0.32731106363360885,0.5864545459312427,0.6557590640240799,1.519924633187514
split_cell_heldout,ridge_drug_fp,"T cells, BMS-387032",0.37967276581137166,1.2138963754223457,0.5676460312128819,2.1969544992968024
split_cell_heldout,ridge_drug_fp,"T cells, IN1451",0.7685180409489443,2.0213806773382297,0.8144693754768679,2.413872530844994
split_cell_heldout,ridge_drug_fp,"T cells, Raloxifene",0.2672499768025571,0.8487829304250625,0.4934053823890408,1.8327545497561195
split_cell_heldout,ridge_drug_fp,"T cells, Topotecan",0.5500074615436649,0.8891118282642033,0.7613425269238735,1.6404811908884211
split_cell_heldout,ridge_drug_fp,"T cells, BAY 87-2243",0.539340283593373,1.110944822422974,0.6918993451533372,1.9219397698235603
split_cell_heldout,ridge_drug_fp,"T cells, Phenylbutazone",0.1645246548838217,0.5446263625661643,0.35374660790558515,1.6313138504471536
split_cell_heldout,ridge_drug_fp,"T cells, K-02288",0.16003498012935086,0.6163548122221713,0.3682661049478306,1.6551546532258576
split_cell_heldout,ridge_drug_fp,"T cells, BMS-777607",0.2775599143505544,0.5972458058424304,0.5796805431531303,1.479842008826187
split_cell_heldout,ridge_drug_fp,"T cells, Porcn Inhibitor III",0.3440511572714802,0.6437470117150988,0.6047707476496458,1.4588011434103254
split_cell_heldout,ridge_drug_fp,"T cells, TL_HRAS26",0.25111117866426697,0.5591561615731863,0.5967424749037271,1.7366943258554532
split_cell_heldout,ridge_drug_fp,"T cells, Proscillaridin A;Proscillaridin-A",0.8222528041470449,1.7925799757677752,0.852752504939003,2.047249729783213
split_cell_heldout,ridge_drug_fp,"T cells, Vorinostat",0.7332195663974739,1.611133536290166,0.8019225146253081,2.208289369539305
split_cell_heldout,ridge_drug_fp,"T cells, BMS-265246",0.6471397491707023,1.0541305267716072,0.8023194727638587,1.7863485372451777
split_cell_heldout,ridge_drug_fp,"T cells, Ruxolitinib",0.47509072125045076,0.9071526694112717,0.7292937908212043,1.6201461466575742
split_cell_heldout,ridge_drug_fp,"T cells, Pomalidomide",0.5463408576914643,1.051605926915419,0.7255102156813484,2.0808824707125453
split_cell_heldout,ridge_drug_fp,"T cells, Dovitinib",0.4304549969416546,0.7386450168815588,0.7063227436164963,1.6970878416989397
split_cell_heldout,ridge_drug_fp,"T cells, AVL-292",0.4697895597986646,0.7319690387401727,0.7377230919870142,1.5882963794107747
split_cell_heldout,ridge_drug_fp,"T cells, Navitoclax",0.23727479997197068,0.6292869767617487,0.5934753149989904,1.5992262646336088
split_cell_heldout,ridge_drug_fp,"T cells, Methotrexate",0.35689463839364244,0.5865904115511408,0.6465032198111781,1.479669142799785
split_cell_heldout,ridge_drug_fp,"T cells, Palbociclib",0.29921552707006094,0.5676135290345599,0.624156808742655,1.5170539171156612
split_cell_heldout,ridge_drug_fp,"T cells, Trametinib",0.37408825530886536,0.7588059886907002,0.6818728612723206,1.5601202070259719
split_cell_heldout,ridge_drug_fp,"T cells, AMD-070 (hydrochloride)",0.25790278000034783,0.6210611104585863,0.5688809144485336,1.6478713158540252
split_cell_heldout,ridge_drug_fp,"T cells, Sgc-cbp30",0.36352619437212913,0.7520019141758748,0.5951167464881584,1.7268203507104458
split_cell_heldout,ridge_drug_fp,"T cells, FK 866",0.4866839420098952,0.8631425197505014,0.7040083530056217,1.7781251882056417
split_cell_heldout,ridge_drug_fp,"T cells, Chlorpheniramine",0.17635477783590525,0.6085778613203123,0.3791320800176339,1.6575042506195765
split_cell_heldout,ridge_drug_fp,"T cells, Scriptaid",0.7452131007826004,1.613907521109434,0.8106446611400249,2.1509895943155146
split_cell_heldout,ridge_drug_fp,"T cells, BAY 61-3606",0.6429670788032842,1.4618867862380884,0.7526536521295103,2.1392416108680385
split_cell_heldout,ridge_drug_fp,"T cells, LY2090314",0.43999378098998204,2.1914361041035617,0.5123637747115338,2.875219108062659
split_cell_heldout,ridge_drug_fp,"T cells, Vardenafil",0.21366528493907017,0.584298801792744,0.5005558189442789,1.585517919107079
split_cell_heldout,ridge_drug_fp,"T cells, Dasatinib",0.5620108336702502,0.9638271972187002,0.7566125550310855,1.6626394386346324
split_cell_heldout,ridge_drug_fp,"T cells, AT13387",0.6252482014550879,1.6972369202422481,0.7135944890241793,2.389379432757565
split_cell_heldout,ridge_drug_fp,"T cells, PF-04691502",0.5298308565824564,0.9849990503304693,0.7435881947740066,1.8298596006820183
split_cell_heldout,ridge_drug_fp,"T cells, Perhexiline",0.5643986797632434,0.8506511373673509,0.7817382277556656,1.700380279728885
split_cell_heldout,ridge_drug_fp,"T cells, RVX-208",0.5126898456040906,0.7406040810507432,0.7094923226193592,1.615755210774554
split_cell_heldout,ridge_drug_fp,"T cells, Ketoconazole",0.6109483547297107,0.9597685211549156,0.7806205470318331,1.7646275124094903
split_cell_heldout,ridge_drug_fp,"T cells, Disulfiram",0.24393457066931867,0.5638470202223306,0.5128659331314168,1.5172410822801978
split_cell_heldout,ridge_drug_fp,"T cells, Flutamide",0.08475858295376984,0.5958310660855755,0.4459351140948959,1.631447770927798
split_cell_heldout,ridge_drug_fp,"T cells, Desloratadine",0.23862872108141586,0.5393427299270038,0.5211968636629377,1.457524317646332
split_cell_heldout,ridge_drug_fp,"T cells, Dactolisib",0.7068088532478374,1.1282258320687872,0.831062545173148,1.6898751111607524
split_cell_heldout,ridge_drug_fp,"T cells, BMS-536924",0.49816419181402855,1.0151799347804804,0.7122409006763804,1.9531547876850162
split_cell_heldout,ridge_drug_fp,"T cells, IKK Inhibitor VII",0.46900290317237686,0.911155192164336,0.7249532799019461,1.6588732024826707
split_cell_heldout,ridge_drug_fp,"T cells, Amiodarone",0.19187245063362715,0.6141925224402593,0.48233512434401404,1.8223903588531754
split_cell_heldout,ridge_drug_fp,"T cells, Isoniazid",0.04346634596890484,0.5651260751677778,0.10158092174729147,1.5812132182093181
split_cell_heldout,ridge_drug_fp,"T cells, IMD-0354",0.630625124189912,1.3692662083127976,0.748884507331661,2.145860477760985
split_cell_heldout,ridge_drug_fp,"T cells, Canertinib",0.411131486885771,0.7377113438657312,0.654108778935676,1.6714153791910173
split_cell_heldout,ridge_drug_fp,"T cells, Idelalisib",0.41389759514237034,0.8582677823734209,0.686346156509913,1.7945088966278795
split_cell_heldout,ridge_drug_fp,"T cells, Alogliptin",0.19765477925576425,0.5647590833196132,0.42486256541664574,1.5710728328884476
split_cell_heldout,ridge_drug_fp,"T cells, Penfluridol",0.17207475968990957,0.5590801417661926,0.2595805948949672,1.6337404682870786
split_cell_heldout,ridge_drug_fp,"T cells, Quizartinib",0.1843425879269176,0.5981746789339045,0.4280796824289851,1.7011037586787772
split_cell_heldout,ridge_drug_fp,"T cells, RN-486",0.1210626857914108,0.5706309873121851,0.25003579296819056,1.60567386223459
split_cell_heldout,ridge_drug_fp,"T cells, PD-0325901",0.3561673602214811,0.8993093052596158,0.6547267598891163,1.7506329226033766
split_cell_heldout,ridge_drug_fp,"T cells, Decitabine",0.16049837809409076,0.525341596637695,0.2384751664169284,1.658810191910423
split_cell_heldout,ridge_drug_fp,"T cells, LDN 193189",0.2671632570598858,0.5860887952917978,0.5988996352045252,1.5055897929278859
split_cell_heldout,ridge_drug_fp,"T cells, Cabozantinib",0.19108551839902768,0.659993123054166,0.37632533766731585,1.734986333980812
split_cell_heldout,ridge_drug_fp,"T cells, Riociguat",0.15370166567324803,0.5532959511665586,0.30821276268223696,1.72074406120124
split_cell_heldout,ridge_drug_fp,"T cells, CHIR-99021",0.5065965847484177,1.2522870416798009,0.6993926518541024,2.2735208338501733
split_cell_heldout,ridge_drug_fp,"T cells, Defactinib",0.38880611333373516,0.7365624948501742,0.6799923482920712,1.6859552276266718
split_cell_heldout,ridge_drug_fp,"T cells, BI-D1870",0.16565721506225187,0.6530235916151463,0.4482015978186569,1.5346248420231867
split_cell_heldout,ridge_drug_fp,"T cells, AZD3514",0.48399090239890863,0.6944042594291671,0.7307210192888877,1.5859225965300114
split_cell_heldout,ridge_drug_fp,"T cells, HMN-214",0.4392783170810998,0.632138179842532,0.7453054204899598,1.552982903249172
split_cell_heldout,ridge_drug_fp,"T cells, CC-401",0.5103098596626843,0.733994009709394,0.7254692339346074,1.6116763446274414
split_cell_heldout,ridge_drug_fp,"T cells, Resminostat",0.7485103874000412,1.5513000613565355,0.8157071030015101,2.091458093061514
split_cell_heldout,ridge_drug_fp,"T cells, Crizotinib",0.5323417729478575,0.7294787090277658,0.7878347933057088,1.5244796566561052
split_cell_heldout,ridge_drug_fp,"T cells, Azacitidine",0.33441599029560864,0.5879796334167472,0.6268609245087913,1.5464256708049948
split_cell_heldout,ridge_drug_fp,"T cells, TR-14035",0.3289764017463896,0.5721024701742699,0.5743531953408532,1.5208457945180385
split_cell_heldout,ridge_drug_fp,"T cells, Nilotinib",0.48598748114507173,0.7860273338240321,0.7428997889070015,1.5584761974364376
split_cell_heldout,ridge_drug_fp,"T cells, AT 7867",0.28057296680780563,0.9015928581797199,0.49920871626112523,1.87238841153449
split_cell_heldout,ridge_drug_fp,"T cells, OSI-930",0.16253366105202335,0.5669775365327423,0.3004095116127645,1.6152744441428526
split_cell_heldout,ridge_drug_fp,"T cells, GO-6976",0.3752767852593106,0.8325578168657741,0.6124928836566631,1.7475531855050643
split_cell_heldout,ridge_drug_fp,"T cells, Saracatinib",0.5828887190216283,0.778723358368714,0.7960033382087534,1.3630333407681516
split_cell_heldout,ridge_drug_fp,"T cells, RG7112",0.44583868189078185,0.5827918638737757,0.692541499242105,1.6108467992636997
split_cell_heldout,ridge_drug_fp,"T cells, Lamivudine",0.18618920328439625,0.5696630564074819,0.3523511263298138,1.5670652058038186
split_cell_heldout,ridge_drug_fp,"T cells, TGX 221",0.5247576054695068,0.6886665049053018,0.7979430622652701,1.3958950561799786
split_cell_heldout,ridge_drug_fp,"T cells, Pitavastatin Calcium",0.5662806249299089,1.3115610996999651,0.7370289094719858,1.9648184628284548
split_cell_heldout,ridge_drug_fp,"T cells, ABT737",0.19817628439972948,0.69309515662986,0.5620345988659472,1.701510175776027
split_cell_heldout,ridge_drug_fp,"T cells, PRT-062607",0.5641394522256398,0.9011300915609834,0.7849998659141139,1.5558086340047732
split_cell_heldout,ridge_drug_fp,"T cells, AZ628",0.48348453980011774,0.7159111873639581,0.7445271860657809,1.5132928734481224
split_cell_heldout,ridge_drug_fp,"T cells, AZD-8330",0.390990787266443,0.7934823413649025,0.6800655974985054,1.6374012503308975
split_cell_heldout,ridge_drug_fp,"T cells, Masitinib",0.3190810272544904,0.575426151567121,0.709779870342673,1.3586748981755568
split_cell_heldout,ridge_drug_fp,"T cells, Ceritinib",0.3126798787977135,0.6458411606118146,0.6107244356971249,1.5159684635241026
split_cell_heldout,ridge_drug_fp,"T cells, CGM-097",0.6043735211504233,1.0730623054653219,0.7569376814025757,1.9364586612516463
split_cell_heldout,ridge_drug_fp,"T cells, SLx-2119",0.3036655916382864,0.6200744837087824,0.59867589225807,1.5835357781270547
split_cell_heldout,ridge_drug_fp,"T cells, Nefazodone",0.19274894652368937,0.5301931702256252,0.37521218157017333,1.5468703623728406
split_cell_heldout,ridge_drug_fp,"T cells, STK219801",0.2770462988221906,0.5854815424402176,0.5267890615425677,1.5655018265996858
split_cell_heldout,ridge_drug_fp,"T cells, TPCA-1",0.5814020912227847,0.9817028477047371,0.7820744979505134,1.6986967226548129
split_cell_heldout,ridge_drug_fp,"T cells, MGCD-265",0.25622811374491455,0.5463565619244213,0.4781107265512418,1.5146817477982795
split_cell_heldout,ridge_drug_fp,"T cells, GSK-1070916",0.36779620768347104,0.5923973814041226,0.6246902876041963,1.4577992331391267
split_cell_heldout,ridge_drug_fp,"T cells, Ricolinostat",0.576656752595734,0.7305336628867459,0.7792485717591525,1.480229916528665
split_cell_heldout,ridge_drug_fp,"T cells, Bosutinib",0.6040461443114087,0.8826361499926896,0.8052790284053695,1.4792403896765511
split_cell_heldout,ridge_drug_fp,"T cells, Clemastine",0.313266487328258,0.5607577663480697,0.681589079676269,1.3875891738153607
split_cell_heldout,ridge_drug_fp,"T cells, YK 4-279",0.2779049420606763,0.5870408343643293,0.5440520694086014,1.4749632545082452
split_cell_heldout,ridge_drug_fp,"T cells, Buspirone",0.1332831048535071,0.5362484707334987,0.18149266814938345,1.6777374263780467
split_cell_heldout,ridge_drug_fp,"T cells, Midostaurin",0.4455142274583573,0.8484299643817593,0.7181917969997483,1.7853787982285216
split_cell_heldout,ridge_drug_fp,"T cells, CEP-37440",0.3627761475369727,0.6748405003323766,0.687091446048276,1.6350798660814587
split_cell_heldout,ridge_drug_fp,"T cells, GSK256066",0.410885541705078,0.7530701663599962,0.6461691520040018,1.7280537118470802
split_cell_heldout,ridge_drug_fp,"T cells, R428",0.44337059021659014,1.1290770837715625,0.7215692573517437,1.5837804027440128
split_cell_heldout,ridge_drug_fp,"T cells, Oxybenzone",0.1427460193019065,0.5170450235638258,0.3621897436863344,1.5330341165662424
split_cell_heldout,ridge_drug_fp,"T cells, Vandetanib",0.1811751765652882,0.5859630856803922,0.43472316356143775,1.525191710218903
split_cell_heldout,ridge_drug_fp,"T cells, Imatinib",0.16723832125769408,0.5429755756070835,0.3134967821770468,1.543167077679934
split_cell_heldout,ridge_drug_fp,"T cells, SCH-58261",0.20080509012152434,0.5523731542751178,0.3939722059751814,1.5857336677941292
split_cell_heldout,ridge_drug_fp,"T cells, Colforsin",0.22303876298068787,0.5816047752098273,0.49325859772218816,1.4927417755432657
split_cell_heldout,ridge_drug_fp,"T cells, Tivantinib",0.42039900153251575,0.7072477977686226,0.6846445041762561,1.5696964691694397
split_cell_heldout,ridge_drug_fp,"T cells, Tosedostat",0.4307578321120514,0.7295525174022152,0.691371906309399,1.6193929432292613
split_cell_heldout,ridge_drug_fp,"T cells, Colchicine",0.4251274711587624,1.0384156434189211,0.7212353271222119,1.713185189961769
split_cell_heldout,ridge_drug_fp,"T cells, ABT-199 (GDC-0199)",0.20834438086761967,0.6046846724072746,0.5245770150969331,1.604229242208372
split_cell_heldout,ridge_drug_fp,"T cells, Mometasone Furoate",0.6040210024666683,1.2058815861768228,0.7596469313957289,1.9235144305414114
split_cell_heldout,ridge_drug_fp,"T cells, Tipifarnib",0.39993089488633315,0.6598703820568353,0.6759084020481987,1.5707201821270835
split_cell_heldout,ridge_drug_fp,"T cells, BX 912",0.43244327612277556,0.7758695069584092,0.7240389838267299,1.7102648422960165
split_cell_heldout,ridge_drug_fp,"T cells, Doxorubicin",0.5688927013794044,1.2229801629529322,0.7758712419762523,1.7201046268795745
split_cell_heldout,ridge_drug_fp,"T cells, PF-03814735",0.608930126682207,0.9810476159679867,0.8092414970605579,1.5241937230043319
split_cell_heldout,ridge_drug_fp,"T cells, AZD4547",0.2062519366516773,0.562994367345662,0.34692809072816316,1.5999662165913213
split_cell_heldout,ridge_drug_fp,"T cells, Prednisolone",0.5754353871871409,1.1883380908693169,0.7238530861722478,2.0465657334263763
split_cell_heldout,ridge_drug_fp,"T cells, Tacalcitol",0.35246432383761295,0.8402913048567341,0.6923560631387649,1.4316985497224783
split_cell_heldout,ridge_drug_fp,"T cells, Selumetinib",0.38279311620436013,0.7064292525805219,0.7049862954960051,1.5298427376787729
split_cell_heldout,ridge_drug_fp,"T cells, Clotrimazole",0.2323071533285143,0.5576347784115842,0.5107421683340669,1.592342494380476
split_cell_heldout,ridge_drug_fp,"T cells, RG7090",0.3382215365975774,0.753677096804942,0.6232361790341598,1.7266516924412738
split_cell_heldout,ridge_drug_fp,"T cells, GLPG0634",0.49428197964332726,0.720468093670169,0.7716989392469025,1.4878857229287414
split_cell_heldout,ridge_drug_fp,"T cells, Mubritinib (TAK 165)",0.4699865706449618,1.0353305151529308,0.6632003979881896,2.0053982158556494
split_cell_heldout,ridge_drug_fp,"T cells, Vanoxerine",0.22088228999633525,0.6074621119839405,0.5053444510250249,1.6163651818785403
split_cell_heldout,ridge_drug_fp,"T cells, SB525334",0.4818040607095912,0.8499223714299206,0.7148230768767333,1.7545883126326691
split_cell_heldout,ridge_drug_fp,"T cells, HYDROXYUREA",0.15146053879289656,0.5509449082977221,0.27485631240965047,1.6500133411142892
split_cell_heldout,ridge_cell_drug_fp,"T cells, TIE2 Kinase Inhibitor",0.28577820631187073,0.5514700977381498,0.5869230072225642,1.4810521877525362
split_cell_heldout,ridge_cell_drug_fp,"T cells, MK-5108",0.2716889226782447,0.5455877181187276,0.5463531855294181,1.4956893126938013
split_cell_heldout,ridge_cell_drug_fp,"T cells, Lapatinib",0.3412113684298355,0.5771530607205874,0.6627103952553299,1.513299724571007
split_cell_heldout,ridge_cell_drug_fp,"T cells, Atorvastatin",0.2834052420277565,0.5673263658444431,0.5908075011487929,1.4597462787366622
split_cell_heldout,ridge_cell_drug_fp,"T cells, Ganetespib (STA-9090)",0.6521160311380979,1.7296216076270536,0.733424639592093,2.367261124503581
split_cell_heldout,ridge_cell_drug_fp,"T cells, Clomipramine",0.3087945861382814,0.5598133165409926,0.5853734421218968,1.4862666914151357
split_cell_heldout,ridge_cell_drug_fp,"T cells, Sunitinib",0.4016095492973983,0.6611172456657333,0.6790814566657134,1.5705316632569484
split_cell_heldout,ridge_cell_drug_fp,"T cells, Tivozanib",0.3486028650917759,0.6365085821294783,0.6736352213188516,1.5969747073947966
split_cell_heldout,ridge_cell_drug_fp,"T cells, Tamatinib",0.58703815255857,0.9310081721046569,0.7845417285588492,1.5881644581045902
split_cell_heldout,ridge_cell_drug_fp,"T cells, Ixabepilone",0.21178126325674243,0.5580681705522741,0.48726202400914237,1.5467637170527924
split_cell_heldout,ridge_cell_drug_fp,"T cells, Linagliptin",0.15280875485617657,0.5517964257414097,0.3596369978282054,1.5136166312457262
split_cell_heldout,ridge_cell_drug_fp,"T cells, 5-(9-Isopropyl-8-methyl-2-morpholino-9H-purin-6-yl)pyrimidin-2-amine",0.6847644216722496,1.074370659225039,0.8070077751517881,1.7166237679421528
split_cell_heldout,ridge_cell_drug_fp,"T cells, O-Demethylated Adapalene",0.3236574938483757,0.5983626371944695,0.6487967803660118,1.5056241744309948
split_cell_heldout,ridge_cell_drug_fp,"T cells, Protriptyline",0.17660580029981388,0.5129414934456116,0.4424356522729103,1.5716985755282338
split_cell_heldout,ridge_cell_drug_fp,"T cells, I-BET151",0.7113997470979359,1.4551253917375317,0.8003268841459164,2.094838651306539
split_cell_heldout,ridge_cell_drug_fp,"T cells, Foretinib",0.47116497403293917,0.8238427666717766,0.7361657835623858,1.6313527136827028
split_cell_heldout,ridge_cell_drug_fp,"T cells, GW843682X",0.32734695747219805,0.5864547293122073,0.6557257295338214,1.519907404660741
split_cell_heldout,ridge_cell_drug_fp,"T cells, BMS-387032",0.38539444423076463,1.2118867355993224,0.5749045405031145,2.1842146005596317
split_cell_heldout,ridge_cell_drug_fp,"T cells, IN1451",0.7684392405690944,2.021445733510554,0.8144073331395114,2.413914975452851
split_cell_heldout,ridge_cell_drug_fp,"T cells, Raloxifene",0.2666791359675823,0.8491219102450299,0.492741380454134,1.8330960621070285
split_cell_heldout,ridge_cell_drug_fp,"T cells, Topotecan",0.5499209819330291,0.8891907433980031,0.7612918831270333,1.6405529706892248
split_cell_heldout,ridge_cell_drug_fp,"T cells, BAY 87-2243",0.5395020907689916,1.1107875912286425,0.691985103661059,1.921887716926595
split_cell_heldout,ridge_cell_drug_fp,"T cells, Phenylbutazone",0.16462989200344047,0.5445674872633904,0.35398254882956387,1.6312320866103718
split_cell_heldout,ridge_cell_drug_fp,"T cells, K-02288",0.15990848367659752,0.6162931359504281,0.36798616077217944,1.6553851648512712
split_cell_heldout,ridge_cell_drug_fp,"T cells, BMS-777607",0.27714230607730195,0.5975093611736637,0.5790150712732519,1.4804246007127746
split_cell_heldout,ridge_cell_drug_fp,"T cells, Porcn Inhibitor III",0.34375691366594635,0.6438254959268928,0.6044765873264135,1.4591521275820178
split_cell_heldout,ridge_cell_drug_fp,"T cells, TL_HRAS26",0.25110462588200405,0.5591567780603703,0.5967354371056933,1.7367004768796046
split_cell_heldout,ridge_cell_drug_fp,"T cells, Proscillaridin A;Proscillaridin-A",0.821680261452361,1.7960808605624994,0.8524047380447803,2.051399379134596
split_cell_heldout,ridge_cell_drug_fp,"T cells, Vorinostat",0.7330888492809835,1.6112353108492783,0.8018362444994791,2.208336594706961
split_cell_heldout,ridge_cell_drug_fp,"T cells, BMS-265246",0.647080587668514,1.0541929544833895,0.8022860649870636,1.7864149230791375
split_cell_heldout,ridge_cell_drug_fp,"T cells, Ruxolitinib",0.47513512942505515,0.9070495978280998,0.7293371403644702,1.6201887910414607
split_cell_heldout,ridge_cell_drug_fp,"T cells, Pomalidomide",0.5464523972714564,1.051518331112606,0.7256233376768252,2.08067430252407
split_cell_heldout,ridge_cell_drug_fp,"T cells, Dovitinib",0.4303063044278096,0.7386886553250441,0.7062826120352229,1.6972751625772229
split_cell_heldout,ridge_cell_drug_fp,"T cells, AVL-292",0.46946867620214444,0.7322726099976684,0.7376143284215774,1.5883587391111724
split_cell_heldout,ridge_cell_drug_fp,"T cells, Navitoclax",0.23718465499547864,0.6291929508903887,0.5934684791417651,1.5993006112411676
split_cell_heldout,ridge_cell_drug_fp,"T cells, Methotrexate",0.3568843921081108,0.5865992650806449,0.6464882995701996,1.4796814935272904
split_cell_heldout,ridge_cell_drug_fp,"T cells, Palbociclib",0.299086361266485,0.5677918055145557,0.6239174147539673,1.5172106169275978
split_cell_heldout,ridge_cell_drug_fp,"T cells, Trametinib",0.37401747395768936,0.7590409960705825,0.6818353464898381,1.5601111144968187
split_cell_heldout,ridge_cell_drug_fp,"T cells, AMD-070 (hydrochloride)",0.2576543368260831,0.6211075304729061,0.5686314047671575,1.6481315796679026
split_cell_heldout,ridge_cell_drug_fp,"T cells, Sgc-cbp30",0.36350897286144135,0.7519700815803515,0.5951616793488477,1.7268683108190777
split_cell_heldout,ridge_cell_drug_fp,"T cells, FK 866",0.4864224402486725,0.8633396783310583,0.703809269889626,1.778225410980742
split_cell_heldout,ridge_cell_drug_fp,"T cells, Chlorpheniramine",0.17649992768477643,0.6085302565282228,0.3794557512711538,1.657349257341856
split_cell_heldout,ridge_cell_drug_fp,"T cells, Scriptaid",0.7452011057802114,1.6139362057923519,0.810636197247518,2.1510304157892115
split_cell_heldout,ridge_cell_drug_fp,"T cells, BAY 61-3606",0.6430017918933578,1.4618471746457655,0.7526732135018327,2.139207456722079
split_cell_heldout,ridge_cell_drug_fp,"T cells, LY2090314",0.4399200694263786,2.191517438959717,0.5122863943957842,2.8753094658182268
split_cell_heldout,ridge_cell_drug_fp,"T cells, Vardenafil",0.21367998267385896,0.5843548458751316,0.5005276008456471,1.585500064406303
split_cell_heldout,ridge_cell_drug_fp,"T cells, Dasatinib",0.5621006284775322,0.9638628234504675,0.7566160747788803,1.6621678756991083
split_cell_heldout,ridge_cell_drug_fp,"T cells, AT13387",0.6253778724966225,1.6971556992755596,0.7136927443521063,2.3893611462039233
split_cell_heldout,ridge_cell_drug_fp,"T cells, PF-04691502",0.5329750222504968,0.9828259374302537,0.748359119296208,1.8229746466891859
split_cell_heldout,ridge_cell_drug_fp,"T cells, Perhexiline",0.5645628621221896,0.8505458369096492,0.7817678153982724,1.699806554920494
split_cell_heldout,ridge_cell_drug_fp,"T cells, RVX-208",0.5126625763135877,0.7406276372775645,0.7095667044575877,1.6156508404105243
split_cell_heldout,ridge_cell_drug_fp,"T cells, Ketoconazole",0.6109710936346336,0.9597479409267723,0.7806347380138055,1.7645652825022322
split_cell_heldout,ridge_cell_drug_fp,"T cells, Disulfiram",0.2442187368452119,0.5637984726816327,0.5133787335631549,1.5168118282589615
split_cell_heldout,ridge_cell_drug_fp,"T cells, Flutamide",0.08479448462350207,0.5958029450355186,0.44605303356155507,1.6313842636172742
split_cell_heldout,ridge_cell_drug_fp,"T cells, Desloratadine",0.238694135255765,0.5393352427969704,0.5212740860463047,1.457438554480037
split_cell_heldout,ridge_cell_drug_fp,"T cells, Dactolisib",0.706836150169405,1.1281826355776046,0.8310752351633454,1.6897250805362578
split_cell_heldout,ridge_cell_drug_fp,"T cells, BMS-536924",0.49806778651927297,1.0152865890345795,0.7122318914801667,1.9529495248543312
split_cell_heldout,ridge_cell_drug_fp,"T cells, IKK Inhibitor VII",0.4689758347352885,0.9108813005245651,0.7248922139597815,1.6594408262596996
split_cell_heldout,ridge_cell_drug_fp,"T cells, Amiodarone",0.19193647239369338,0.614244722446566,0.482434594857607,1.8221724621771922
split_cell_heldout,ridge_cell_drug_fp,"T cells, Isoniazid",0.043481235233420436,0.5652932684141868,0.10197081579202168,1.5810529801428543
split_cell_heldout,ridge_cell_drug_fp,"T cells, IMD-0354",0.6305300472400538,1.3693578110468232,0.7488297004036996,2.145954009800956
split_cell_heldout,ridge_cell_drug_fp,"T cells, Canertinib",0.4034266657355259,0.7432737755526954,0.6551872440961775,1.674083565236639
split_cell_heldout,ridge_cell_drug_fp,"T cells, Idelalisib",0.4138410060621638,0.8582724438103003,0.6863023102122928,1.7946625205550542
split_cell_heldout,ridge_cell_drug_fp,"T cells, Alogliptin",0.19787059056948864,0.5646809011383235,0.42500598725914607,1.5710116464893653
split_cell_heldout,ridge_cell_drug_fp,"T cells, Penfluridol",0.1720316566073042,0.559222262079382,0.2594227811690702,1.6338116043565747
split_cell_heldout,ridge_cell_drug_fp,"T cells, Quizartinib",0.18400406354408502,0.5986198662866573,0.4268669881904583,1.701610923122936
split_cell_heldout,ridge_cell_drug_fp,"T cells, RN-486",0.12104518753618505,0.5706317626663866,0.2499857635044638,1.6056896610968447
split_cell_heldout,ridge_cell_drug_fp,"T cells, PD-0325901",0.35628269341355967,0.8991048480257314,0.6548218207430312,1.7505908748910413
split_cell_heldout,ridge_cell_drug_fp,"T cells, Decitabine",0.16071726061591318,0.5253052868918956,0.23882074658742256,1.6586490460638703
split_cell_heldout,ridge_cell_drug_fp,"T cells, LDN 193189",0.2673303713570159,0.5860487352010452,0.5989336906164415,1.505522184470622
split_cell_heldout,ridge_cell_drug_fp,"T cells, Cabozantinib",0.190110161710177,0.6606420029614306,0.37416561435223744,1.7360197212225172
split_cell_heldout,ridge_cell_drug_fp,"T cells, Riociguat",0.1534986901030508,0.5533468094464654,0.307851330527304,1.7208800084361882
split_cell_heldout,ridge_cell_drug_fp,"T cells, CHIR-99021",0.506673810231066,1.252235758241448,0.6994766198088493,2.273434945252923
split_cell_heldout,ridge_cell_drug_fp,"T cells, Defactinib",0.38883964840396046,0.7365256761876423,0.680021108511656,1.68594679961905
split_cell_heldout,ridge_cell_drug_fp,"T cells, BI-D1870",0.165636653669187,0.6530603856831741,0.44811142227473816,1.5346632791121906
split_cell_heldout,ridge_cell_drug_fp,"T cells, AZD3514",0.4839892254932811,0.6944280895029494,0.7307606720105961,1.5857778157606144
split_cell_heldout,ridge_cell_drug_fp,"T cells, HMN-214",0.4394393653289741,0.632060843385773,0.7454162904878987,1.5528063954096267
split_cell_heldout,ridge_cell_drug_fp,"T cells, CC-401",0.5103571977615946,0.7339323379129372,0.725512412477045,1.6117380105615378
split_cell_heldout,ridge_cell_drug_fp,"T cells, Resminostat",0.7485459995124053,1.5512791065855291,0.815728515699348,2.0914751238554747
split_cell_heldout,ridge_cell_drug_fp,"T cells, Crizotinib",0.5323715109654192,0.7295515646563291,0.7878726099716485,1.5239675247372892
split_cell_heldout,ridge_cell_drug_fp,"T cells, Azacitidine",0.3342783971257469,0.5879975077948296,0.6266397619206453,1.5466788298290108
split_cell_heldout,ridge_cell_drug_fp,"T cells, TR-14035",0.32905572422674356,0.5720321525759806,0.5745007659272249,1.5207297756104021
split_cell_heldout,ridge_cell_drug_fp,"T cells, Nilotinib",0.4860982543842823,0.7859466868989821,0.742913183466713,1.5583895791956976
split_cell_heldout,ridge_cell_drug_fp,"T cells, AT 7867",0.2805518253814193,0.901664427416575,0.49915175957191077,1.872398528061296
split_cell_heldout,ridge_cell_drug_fp,"T cells, OSI-930",0.1625161447369626,0.5670460175715296,0.30028893648912786,1.6153393803254423
split_cell_heldout,ridge_cell_drug_fp,"T cells, GO-6976",0.3755094552989854,0.8323570205507681,0.6127862982483335,1.7474275386325244
split_cell_heldout,ridge_cell_drug_fp,"T cells, Saracatinib",0.5827986879935795,0.7788757596395454,0.7959718448972963,1.363029169716872
split_cell_heldout,ridge_cell_drug_fp,"T cells, RG7112",0.44587843383761083,0.5827851773862982,0.6925824129042705,1.6107816234648864
split_cell_heldout,ridge_cell_drug_fp,"T cells, Lamivudine",0.18646508565519318,0.5697233592791818,0.3529608345669484,1.566814383386088
split_cell_heldout,ridge_cell_drug_fp,"T cells, TGX 221",0.5245057833931402,0.6888074823825656,0.7978133559617322,1.3964274689701046
split_cell_heldout,ridge_cell_drug_fp,"T cells, Pitavastatin Calcium",0.5662858885801931,1.3115617026379007,0.7370335592893607,1.964786634149178
split_cell_heldout,ridge_cell_drug_fp,"T cells, ABT737",0.19815822629713908,0.6931074377451482,0.5619854863063436,1.701552411521129
split_cell_heldout,ridge_cell_drug_fp,"T cells, PRT-062607",0.5642764231513749,0.9008838599210162,0.7851037051276967,1.5558973814708394
split_cell_heldout,ridge_cell_drug_fp,"T cells, AZ628",0.4833956939382644,0.7160114041266455,0.7445302738135238,1.5132757204105414
split_cell_heldout,ridge_cell_drug_fp,"T cells, AZD-8330",0.39086759705306356,0.7935706974526792,0.6799596005219463,1.6375717276885229
split_cell_heldout,ridge_cell_drug_fp,"T cells, Masitinib",0.31923029350615123,0.5752099256080718,0.7097628917290836,1.358843842769635
split_cell_heldout,ridge_cell_drug_fp,"T cells, Ceritinib",0.3131319165137495,0.645792601509654,0.6111439879692266,1.515414509061734
split_cell_heldout,ridge_cell_drug_fp,"T cells, CGM-097",0.6043679730170637,1.0730647788073704,0.7569523558384138,1.9364376681251074
split_cell_heldout,ridge_cell_drug_fp,"T cells, SLx-2119",0.3036318044084827,0.6200355778407454,0.5986987803372041,1.5836166429385867
split_cell_heldout,ridge_cell_drug_fp,"T cells, Nefazodone",0.19241982881513817,0.5301760314689457,0.37431338676483483,1.5472879973887745
split_cell_heldout,ridge_cell_drug_fp,"T cells, STK219801",0.277114426087489,0.5854658328874653,0.5268471963361989,1.5654227599059967
split_cell_heldout,ridge_cell_drug_fp,"T cells, TPCA-1",0.5813217003713878,0.9818093783663124,0.7820414976551456,1.6983430369971961
split_cell_heldout,ridge_cell_drug_fp,"T cells, MGCD-265",0.2568005184619951,0.5462481881257771,0.4785162024995034,1.514526114848226
split_cell_heldout,ridge_cell_drug_fp,"T cells, GSK-1070916",0.36772699662894615,0.5924086613302949,0.6246547596078688,1.4579130388226822
split_cell_heldout,ridge_cell_drug_fp,"T cells, Ricolinostat",0.5767100522724825,0.7305080662135714,0.7792879961215352,1.4800655075802913
split_cell_heldout,ridge_cell_drug_fp,"T cells, Bosutinib",0.6036170115311935,0.8833964153393957,0.805143168202591,1.4791418544877573
split_cell_heldout,ridge_cell_drug_fp,"T cells, Clemastine",0.31320221716697483,0.5608689727618755,0.6816636818741372,1.387485653947958
split_cell_heldout,ridge_cell_drug_fp,"T cells, YK 4-279",0.2778739720047076,0.5870549656114663,0.5439955877062395,1.474991354186165
split_cell_heldout,ridge_cell_drug_fp,"T cells, Buspirone",0.13325911162069254,0.5362476073167728,0.18138458485442427,1.6777750225699992
split_cell_heldout,ridge_cell_drug_fp,"T cells, Midostaurin",0.44542307986412416,0.8485451634639978,0.7180833420698767,1.785385370790227
split_cell_heldout,ridge_cell_drug_fp,"T cells, CEP-37440",0.3625828750245056,0.6748306416434361,0.6868649628238386,1.635578246409319
split_cell_heldout,ridge_cell_drug_fp,"T cells, GSK256066",0.41088195662651544,0.7530507921147057,0.6462027160648479,1.728047784443571
split_cell_heldout,ridge_cell_drug_fp,"T cells, R428",0.4393060063184053,1.1161863679696074,0.7216854310657816,1.5863825133596334
split_cell_heldout,ridge_cell_drug_fp,"T cells, Oxybenzone",0.142495237042956,0.517024694491692,0.3613390775725324,1.533406154924833
split_cell_heldout,ridge_cell_drug_fp,"T cells, Vandetanib",0.1810393640876551,0.5860834835740064,0.43413102655400665,1.525516871815084
split_cell_heldout,ridge_cell_drug_fp,"T cells, Imatinib",0.16705795235879176,0.542995961441274,0.31320212365729017,1.5434312308179499
split_cell_heldout,ridge_cell_drug_fp,"T cells, SCH-58261",0.2008547163482392,0.5523358766248448,0.39415394541039267,1.5856488845165249
split_cell_heldout,ridge_cell_drug_fp,"T cells, Colforsin",0.2230082392442007,0.5816179608769021,0.4931905142973716,1.4928133779628179
split_cell_heldout,ridge_cell_drug_fp,"T cells, Tivantinib",0.420481931427911,0.7071084787727151,0.6847161013024698,1.569910400579287
split_cell_heldout,ridge_cell_drug_fp,"T cells, Tosedostat",0.4307507805797214,0.7295890030620562,0.6913206424760762,1.619365319261735
split_cell_heldout,ridge_cell_drug_fp,"T cells, Colchicine",0.42509189214229004,1.0384719801894078,0.7212028458844393,1.7132455529515793
split_cell_heldout,ridge_cell_drug_fp,"T cells, ABT-199 (GDC-0199)",0.20835168182464595,0.6046806351306341,0.5245882096000918,1.6042122486227548
split_cell_heldout,ridge_cell_drug_fp,"T cells, Mometasone Furoate",0.6038970545862155,1.2060653204453573,0.7595460817742217,1.9235784474451374
split_cell_heldout,ridge_cell_drug_fp,"T cells, Tipifarnib",0.3999076410843117,0.6599300458695607,0.6758547823023455,1.570693573576478
split_cell_heldout,ridge_cell_drug_fp,"T cells, BX 912",0.432474997004496,0.7758610043886156,0.7240641167226914,1.7101929248683854
split_cell_heldout,ridge_cell_drug_fp,"T cells, Doxorubicin",0.5688876452357677,1.223001946107108,0.7758634543892555,1.7201104089649657
split_cell_heldout,ridge_cell_drug_fp,"T cells, PF-03814735",0.6088875982798693,0.9810984715342274,0.8092229051127686,1.5242651830975262
split_cell_heldout,ridge_cell_drug_fp,"T cells, AZD4547",0.20626212797963073,0.5630131684901483,0.34695015560773573,1.599944332603731
split_cell_heldout,ridge_cell_drug_fp,"T cells, Prednisolone",0.5752560490348817,1.188505853161864,0.7237127474815712,2.046500945752868
split_cell_heldout,ridge_cell_drug_fp,"T cells, Tacalcitol",0.3525044324152693,0.8403037757831557,0.6923123158304604,1.4317454682406079
split_cell_heldout,ridge_cell_drug_fp,"T cells, Selumetinib",0.38274977462636306,0.706518043120745,0.7049701985285453,1.5298283105338955
split_cell_heldout,ridge_cell_drug_fp,"T cells, Clotrimazole",0.2322254658237733,0.5576147550427686,0.5105964190861202,1.592475905221215
split_cell_heldout,ridge_cell_drug_fp,"T cells, RG7090",0.3385862811936485,0.753490228329256,0.6236308915270481,1.7263634036849866
split_cell_heldout,ridge_cell_drug_fp,"T cells, GLPG0634",0.49422272932525113,0.7207226636281008,0.7716984905730114,1.4872797682184487
split_cell_heldout,ridge_cell_drug_fp,"T cells, Mubritinib (TAK 165)",0.4698811336268297,1.0354150233328572,0.6631484239730498,2.0054112046099286
split_cell_heldout,ridge_cell_drug_fp,"T cells, Vanoxerine",0.22055628061910915,0.6075677412284269,0.5047603800617263,1.6167456320795914
split_cell_heldout,ridge_cell_drug_fp,"T cells, SB525334",0.4816966019004221,0.8499747475611206,0.7147400258261601,1.7548328291402697
split_cell_heldout,ridge_cell_drug_fp,"T cells, HYDROXYUREA",0.1514980588062264,0.5508687374371142,0.2752492494611691,1.649910389039257
split_scaffold_heldout,ridge_cell,"B cells, MK-5108",0.2573717457640759,0.5869593815770376,0.5175988133605264,1.5993031162745088
split_scaffold_heldout,ridge_cell,"Myeloid cells, MK-5108",0.19177607754618153,0.6337902985100452,0.35703703483838795,1.6763375167429815
split_scaffold_heldout,ridge_cell,"NK cells, MK-5108",0.19766428207670894,0.648949741958642,0.402048425081787,1.7959654806200842
split_scaffold_heldout,ridge_cell,"T cells, MK-5108",0.15294187039660614,0.5780541092334494,0.2675942927676587,1.6465631725637313
split_scaffold_heldout,ridge_cell,"B cells, O-Demethylated Adapalene",0.4585832469163662,0.6429443853963118,0.7048999289627511,1.6443038672695294
split_scaffold_heldout,ridge_cell,"Myeloid cells, O-Demethylated Adapalene",0.25726992780089797,0.8074334596518304,0.4480413094870959,2.0685431809929344
split_scaffold_heldout,ridge_cell,"NK cells, O-Demethylated Adapalene",0.1616156401633378,0.6353952866314346,0.3060888682005143,1.7496273593531182
split_scaffold_heldout,ridge_cell,"T cells, O-Demethylated Adapalene",0.3701454518015209,0.5624151581536639,0.5325836728555124,1.6675855311876047
split_scaffold_heldout,ridge_cell,"B cells, GW843682X",0.25182689771269634,0.6266553223835056,0.4563644461916522,1.782108281572305
split_scaffold_heldout,ridge_cell,"Myeloid cells, GW843682X",0.28762871277889546,0.7233529656481514,0.49108008469796943,1.854776919359722
split_scaffold_heldout,ridge_cell,"NK cells, GW843682X",0.26182620833924997,0.6190669435453161,0.5213476453839421,1.7523139021403986
split_scaffold_heldout,ridge_cell,"T cells, GW843682X",0.239517312754111,0.5989528607994656,0.36519023978410514,1.8838718401087664
split_scaffold_heldout,ridge_cell,"B cells, Porcn Inhibitor III",0.014470213757253906,0.6590577689124902,0.10774850770698446,1.7658922704595312
split_scaffold_heldout,ridge_cell,"Myeloid cells, Porcn Inhibitor III",-0.13795482975428985,1.2844004321929106,-0.1624858218958405,2.649535570285984
split_scaffold_heldout,ridge_cell,"NK cells, Porcn Inhibitor III",0.10575174094502969,0.7354580025734878,0.20829173190901193,1.9550023817970097
split_scaffold_heldout,ridge_cell,"T cells, Porcn Inhibitor III",-0.11466638832133008,0.7424086053670114,-0.1355406388440675,1.8284423036994284
split_scaffold_heldout,ridge_cell,"B cells, TL_HRAS26",0.37874991090253113,0.5912289195404601,0.6238039906641684,1.5921355585881751
split_scaffold_heldout,ridge_cell,"Myeloid cells, TL_HRAS26",0.10749574549584119,0.6802187298476952,0.30278883325886896,1.865410485683091
split_scaffold_heldout,ridge_cell,"NK cells, TL_HRAS26",0.1653138995044924,0.610414569056129,0.30190647023454115,1.811383419611061
split_scaffold_heldout,ridge_cell,"T cells, TL_HRAS26",0.3169040011136993,0.5377006271015812,0.5181388436067855,1.7952214287211057
split_scaffold_heldout,ridge_cell,"B cells, Pomalidomide",-0.09813741811958562,1.0528429764353462,-0.16143726304047715,2.4690390053835283
split_scaffold_heldout,ridge_cell,"Myeloid cells, Pomalidomide",-0.1607592725364044,1.1815838704404866,-0.24587884155902745,2.709220299600802
split_scaffold_heldout,ridge_cell,"NK cells, Pomalidomide",0.025677224826888497,0.8613170524351148,0.03611709526461781,2.1785978725536848
split_scaffold_heldout,ridge_cell,"T cells, Pomalidomide",-0.0887368086677954,1.321608781823877,-0.11937254820389509,2.725949280288402
split_scaffold_heldout,ridge_cell,"B cells, Navitoclax",-0.23840454465254815,0.9975782789134278,-0.4367321242489815,2.3692528215019495
split_scaffold_heldout,ridge_cell,"Myeloid cells, Navitoclax",-0.2759060632254428,1.0262906097284135,-0.443366362379576,2.3351526518173635
split_scaffold_heldout,ridge_cell,"NK cells, Navitoclax",0.025026632417655632,0.7220890037261477,0.049567585875070826,1.9466560474849024
split_scaffold_heldout,ridge_cell,"T cells, Navitoclax",-0.0075099508262428324,0.6307722913956758,0.46734521227412235,1.7239686229263234
split_scaffold_heldout,ridge_cell,"B cells, Methotrexate",-0.265857055454831,0.8034636140414384,-0.5180604979898079,2.0750338841375457
split_scaffold_heldout,ridge_cell,"Myeloid cells, Methotrexate",0.17014765965776055,0.9301620698707375,0.31615719271857895,2.0518898567798876
split_scaffold_heldout,ridge_cell,"NK cells, Methotrexate",-0.03824496354439132,0.6743500997624537,-0.05740743249181259,1.9063841364004757
split_scaffold_heldout,ridge_cell,"T cells, Methotrexate",-0.18788701357662782,0.7363770539343165,-0.5255541988610043,2.334300776021884
split_scaffold_heldout,ridge_cell,"NK cells, AT13387",0.44000683406334384,1.0371733114553519,0.6390325120455805,2.2105343151462566
split_scaffold_heldout,ridge_cell,"T cells, AT13387",0.586767906414111,1.9390573281078214,0.6711900740955704,2.8185279521805673
split_scaffold_heldout,ridge_cell,"B cells, PF-04691502",0.672149518568679,0.9839370932364365,0.8223472288959303,2.0171747443343513
split_scaffold_heldout,ridge_cell,"NK cells, PF-04691502",0.39051256381325494,0.7322727732108277,0.6491029752155033,1.7764517414443746
split_scaffold_heldout,ridge_cell,"T cells, PF-04691502",0.5931935690280449,0.993887338021997,0.7682010241469933,2.0924357935658464
split_scaffold_heldout,ridge_cell,"NK cells, RVX-208",0.19303592056717195,0.6819940547579068,0.28471614703041426,1.8544989851917433
split_scaffold_heldout,ridge_cell,"T cells, RVX-208",0.4203489904934918,0.7802424506095884,0.6021670134898155,1.875757845456342
split_scaffold_heldout,ridge_cell,"B cells, Dactolisib",0.6635031358959096,1.303921200473928,0.7952585569866908,2.348851641935153
split_scaffold_heldout,ridge_cell,"Myeloid cells, Dactolisib",0.5549456542001473,1.9777566202998609,0.660635134114971,2.881342323264514
split_scaffold_heldout,ridge_cell,"NK cells, Dactolisib",0.4040959985991996,0.9844116680816093,0.6128911391116723,2.2164245586871574
split_scaffold_heldout,ridge_cell,"T cells, Dactolisib",0.6626980385139967,1.3975755640586096,0.7944551288699602,2.447001160595696
split_scaffold_heldout,ridge_cell,"NK cells, IKK Inhibitor VII",0.3479790935127014,0.7093717041093632,0.5935785236516131,1.80841073367042
split_scaffold_heldout,ridge_cell,"T cells, IKK Inhibitor VII",0.6372063988730148,0.8071102949943537,0.8347562661429483,1.777670977129277
split_scaffold_heldout,ridge_cell,"NK cells, Canertinib",0.20627029128236596,0.673493176910524,0.31120530327864654,1.8981181526150852
split_scaffold_heldout,ridge_cell,"T cells, Canertinib",0.3002850586516138,0.7616652412721584,0.43903771821606785,1.9581458531653069
split_scaffold_heldout,ridge_cell,"B cells, Penfluridol",-0.05141109097243906,0.6769726723485359,-0.1882375891396845,1.8909450060971917
split_scaffold_heldout,ridge_cell,"Myeloid cells, Penfluridol",0.24158220912393924,0.7269694902249649,0.44141502953918893,1.7275945064098597
split_scaffold_heldout,ridge_cell,"NK cells, Penfluridol",0.25146689304540615,0.6561381278355146,0.4737210699764684,1.7394273144966295
split_scaffold_heldout,ridge_cell,"T cells, Penfluridol",0.08536353056739127,0.5720284993516301,0.34326968613471254,1.6051195959046674
split_scaffold_heldout,ridge_cell,"NK cells, Decitabine",0.1934607386708711,0.6128484729439627,0.3629149304378387,1.69464617891947
split_scaffold_heldout,ridge_cell,"T cells, Decitabine",0.2903570474903502,0.5096945096109872,0.42096139113269876,1.5643910329721635
split_scaffold_heldout,ridge_cell,"B cells, Azacitidine",0.2021424294278911,0.6818841413908888,0.4517707648364137,1.7468560859759692
split_scaffold_heldout,ridge_cell,"Myeloid cells, Azacitidine",0.037114235250708165,0.6985830074296324,0.20159550138753687,1.7374508741830397
split_scaffold_heldout,ridge_cell,"NK cells, Azacitidine",0.21647555015211792,0.6262700798266172,0.4070351261274433,1.768473803226734
split_scaffold_heldout,ridge_cell,"T cells, Azacitidine",0.22955370208948214,0.623883939326752,0.48413510461756704,1.66629444219025
split_scaffold_heldout,ridge_cell,"B cells, AT 7867",0.5586598140756399,0.6759143199719146,0.7736882310106097,1.639515908434541
split_scaffold_heldout,ridge_cell,"Myeloid cells, AT 7867",0.1914219382964824,1.314705614978411,0.3270929907048334,2.464457798129421
split_scaffold_heldout,ridge_cell,"NK cells, AT 7867",0.42573208697598447,0.6807674573363043,0.688914701775609,1.7658068344593214
split_scaffold_heldout,ridge_cell,"T cells, AT 7867",0.32330932043268024,0.8367203082465967,0.5822360572985672,1.9090502437926014
split_scaffold_heldout,ridge_cell,"NK cells, OSI-930",-0.0016243610568327743,0.6915350378700194,-0.007555859836916798,1.8655394685739894
split_scaffold_heldout,ridge_cell,"T cells, OSI-930",0.018622674608696505,0.6027029484411888,-0.003390772455717063,1.7395715234444837
split_scaffold_heldout,ridge_cell,"NK cells, SLx-2119",0.16311081264509936,0.7023792134050066,0.17728528002733182,1.9657285618590534
split_scaffold_heldout,ridge_cell,"T cells, SLx-2119",0.35371291603696126,0.5883175831088433,0.5973202575405109,1.671342815597588
split_scaffold_heldout,ridge_cell,"B cells, STK219801",0.3034805461608289,0.6152721112560193,0.48392081014536986,1.7367812924097996
split_scaffold_heldout,ridge_cell,"Myeloid cells, STK219801",0.3501531631857802,0.634510954935947,0.5379791948315943,1.7680123407748451
split_scaffold_heldout,ridge_cell,"NK cells, STK219801",0.21629887911353396,0.654513622896869,0.36837434176578365,1.872759318446524
split_scaffold_heldout,ridge_cell,"T cells, STK219801",0.15857552155061266,0.5984473855766529,0.3567700494735085,1.8080026005022982
split_scaffold_heldout,ridge_cell,"NK cells, GSK-1070916",0.191381341077832,0.6344860443739406,0.4272807366298978,1.7398095080394582
split_scaffold_heldout,ridge_cell,"T cells, GSK-1070916",0.4474022116107604,0.5392616862502713,0.6882423334323193,1.475514692421102
split_scaffold_heldout,ridge_cell,"NK cells, Buspirone",0.14647173378958864,0.5951289524434009,0.2828740327585411,1.7431051972935767
split_scaffold_heldout,ridge_cell,"T cells, Buspirone",0.10374281274961403,0.5562674795757651,0.2314056454715121,1.6640085539035512
split_scaffold_heldout,ridge_cell,"NK cells, Imatinib",0.24124652917968903,0.6466059459762489,0.4568187224843817,1.7694723003664776
split_scaffold_heldout,ridge_cell,"T cells, Imatinib",0.28501450411192747,0.5161554534933482,0.42830259088057515,1.422259211412783
split_scaffold_heldout,ridge_cell,"NK cells, Tosedostat",0.3400874135406861,0.7242441769357363,0.5844201894645522,1.8464850232821577
split_scaffold_heldout,ridge_cell,"T cells, Tosedostat",0.4343401839042268,0.7100113413585484,0.6853008710003168,1.765725599812067
split_scaffold_heldout,ridge_cell,"NK cells, Doxorubicin",0.3394299133574138,0.8154140154173212,0.5552414146582868,2.030688562173321
split_scaffold_heldout,ridge_cell,"T cells, Doxorubicin",0.42060821478330346,1.2985954937517152,0.5848644282866701,2.409953353978614
split_scaffold_heldout,ridge_cell,"NK cells, Tacalcitol",0.3045933155131083,0.6566366027667615,0.5211027990091881,1.7607004999928029
split_scaffold_heldout,ridge_cell,"T cells, Tacalcitol",0.46653230004141927,0.6019584484270377,0.7679785434892942,1.526125993547091
split_scaffold_heldout,ridge_cell,"B cells, RG7090",0.17974663805792185,0.6333334028565046,0.3925381070590547,1.6791920502086572
split_scaffold_heldout,ridge_cell,"Myeloid cells, RG7090",0.15487424565902322,0.8704554810386851,0.2826880873269078,2.015709125691448
split_scaffold_heldout,ridge_cell,"NK cells, RG7090",0.1726965469963794,0.6625361273234484,0.3943162606102136,1.7941513235358792
split_scaffold_heldout,ridge_cell,"T cells, RG7090",0.001473524527907417,0.8568017534867568,0.030576814193853115,2.081948892409245
split_scaffold_heldout,ridge_cell,"B cells, AT13387",0.5425784762950606,1.5046313256052517,0.6779120488646303,2.5710809695128662
split_scaffold_heldout,ridge_cell,"Myeloid cells, AT13387",0.5261219316516965,1.2292019040988649,0.7106708766874097,2.208151128391149
split_scaffold_heldout,ridge_cell,"B cells, RVX-208",0.38456060906614875,0.7066914293834174,0.5967666241484133,1.7455942169436751
split_scaffold_heldout,ridge_cell,"Myeloid cells, RVX-208",0.22332596500684967,0.9057429301234396,0.38970094653058773,2.0420470018649697
split_scaffold_heldout,ridge_cell,"B cells, IKK Inhibitor VII",0.6670138333494143,0.8715130942704701,0.833779463854598,1.840326636862013
split_scaffold_heldout,ridge_cell,"Myeloid cells, IKK Inhibitor VII",0.6205107247635924,1.3591145707078667,0.764265959862539,2.4307681598421866
split_scaffold_heldout,ridge_cell,"B cells, Canertinib",0.29361351842584976,0.7173596647586788,0.5031890066532001,1.8395655741265797
split_scaffold_heldout,ridge_cell,"B cells, Decitabine",0.1630469667105492,0.5973246212030942,0.2527094928237642,1.723035992923672
split_scaffold_heldout,ridge_cell,"Myeloid cells, Decitabine",0.2560017862388159,0.5652278449723604,0.3223868919879649,1.6462456948942048
split_scaffold_heldout,ridge_cell,"B cells, OSI-930",0.12085265690892333,0.6073277280656578,0.34774817947325254,1.6350740736194034
split_scaffold_heldout,ridge_cell,"Myeloid cells, OSI-930",-0.04182713592597682,0.7874206721299156,-0.05891496317824106,1.9075003602209333
split_scaffold_heldout,ridge_cell,"B cells, SLx-2119",0.43957996533596744,0.6003635160856936,0.699237239293926,1.5364723778636393
split_scaffold_heldout,ridge_cell,"Myeloid cells, SLx-2119",0.15667818972072284,0.6738036139870349,0.17888547176547193,1.9854894042467754
split_scaffold_heldout,ridge_cell,"B cells, GSK-1070916",0.42284429198947215,0.5678402164521152,0.6538998259082247,1.4964455199423217
split_scaffold_heldout,ridge_cell,"Myeloid cells, GSK-1070916",0.16144413105357616,0.8236500803980485,0.37237126974111756,1.8697846589139482
split_scaffold_heldout,ridge_cell,"B cells, Buspirone",0.11148670822835771,0.619584648129634,0.18570363372225848,1.8005846407807093
split_scaffold_heldout,ridge_cell,"Myeloid cells, Buspirone",0.14557712526700195,0.6207083048286997,0.308547577782621,1.5944819870856848
split_scaffold_heldout,ridge_cell,"B cells, Imatinib",0.17002085967654537,0.5861163436321872,0.41833934410223583,1.6621307256117825
split_scaffold_heldout,ridge_cell,"Myeloid cells, Imatinib",0.1721858239135006,0.5854417349190836,0.49899721367318184,1.5163300878113215
split_scaffold_heldout,ridge_cell,"B cells, Tosedostat",0.1882047617732207,0.6758780439490965,0.34863267492890654,1.757480347248373
split_scaffold_heldout,ridge_cell,"Myeloid cells, Tosedostat",0.402016596088063,0.9430031613677061,0.5819294283816053,2.0234379591247516
split_scaffold_heldout,ridge_cell,"B cells, Doxorubicin",0.027270711549646456,1.7875220425669385,0.05866713943964297,2.895528739890929
split_scaffold_heldout,ridge_cell,"Myeloid cells, Doxorubicin",0.18745305541323873,2.3212688097633523,0.2387735571430198,3.149448780533213
split_scaffold_heldout,ridge_cell,"B cells, Tacalcitol",0.4340425801180504,0.6276642063218997,0.6640607241883876,1.568956933021657
split_scaffold_heldout,ridge_cell,"Myeloid cells, Tacalcitol",0.03726064332314813,2.2591336578651884,0.05775213017295782,3.206415978234102
split_scaffold_heldout,ridge_drug_fp,"B cells, MK-5108",0.05027289050086284,0.6280034872942676,0.23585478648021405,1.7104752233577913
split_scaffold_heldout,ridge_drug_fp,"Myeloid cells, MK-5108",-0.004358676417461024,0.6460974890183309,-0.01572914682858214,1.812587998484469
split_scaffold_heldout,ridge_drug_fp,"NK cells, MK-5108",0.03375825457575953,0.7060891883678654,0.1101334416387253,1.8769516818476042
split_scaffold_heldout,ridge_drug_fp,"T cells, MK-5108",0.03269971301501804,0.5880052570388382,0.00803135006234302,1.7387886967184412
split_scaffold_heldout,ridge_drug_fp,"B cells, O-Demethylated Adapalene",0.10702387037475396,0.7706688128689576,0.24812550292704535,1.9481215777842311
split_scaffold_heldout,ridge_drug_fp,"Myeloid cells, O-Demethylated Adapalene",0.053235266619756264,0.8698499349009283,0.1188288918977877,2.2527319500154483
split_scaffold_heldout,ridge_drug_fp,"NK cells, O-Demethylated Adapalene",0.0011225595545163814,0.7248848452332037,-0.0485366589978056,1.8611831603896347
split_scaffold_heldout,ridge_drug_fp,"T cells, O-Demethylated Adapalene",0.10930478757141539,0.6553633765590338,0.27445017844277053,1.8057337251376888
split_scaffold_heldout,ridge_drug_fp,"B cells, GW843682X",0.13635306854779541,0.6594656663052059,0.28335868886778326,1.8709282777597174
split_scaffold_heldout,ridge_drug_fp,"Myeloid cells, GW843682X",0.050401481526811474,0.7855232832830888,0.11221102817114875,2.080853915822271
split_scaffold_heldout,ridge_drug_fp,"NK cells, GW843682X",0.1158373324680819,0.6829951220766959,0.28763121473166997,1.808521553727399
split_scaffold_heldout,ridge_drug_fp,"T cells, GW843682X",0.09469884685519504,0.6384087034116244,0.16259370988267022,2.0122066031787575
split_scaffold_heldout,ridge_drug_fp,"B cells, Porcn Inhibitor III",-0.04112949653785373,0.715023229707941,0.009109533496501935,1.8061267454583965
split_scaffold_heldout,ridge_drug_fp,"Myeloid cells, Porcn Inhibitor III",-0.1463016383185848,1.2938304768733955,-0.2068063023597047,2.637083617687156
split_scaffold_heldout,ridge_drug_fp,"NK cells, Porcn Inhibitor III",-0.06874260880953778,0.8572135341767481,-0.11570193218047764,2.0781651019001033
split_scaffold_heldout,ridge_drug_fp,"T cells, Porcn Inhibitor III",-0.25073058919083163,0.8271584714604486,-0.44961166135583835,1.983000262145511
split_scaffold_heldout,ridge_drug_fp,"B cells, TL_HRAS26",0.22300089442792903,0.6394851115606585,0.44858753197944135,1.7246147144877848
split_scaffold_heldout,ridge_drug_fp,"Myeloid cells, TL_HRAS26",0.03962349812777636,0.6682220080596095,0.19109406390140427,1.9154339868764438
split_scaffold_heldout,ridge_drug_fp,"NK cells, TL_HRAS26",0.07143825202793544,0.666018920363254,0.10001689387426599,1.8602917248687147
split_scaffold_heldout,ridge_drug_fp,"T cells, TL_HRAS26",0.208553253534916,0.5661223608348621,0.5252707287129735,1.8141113972191585
split_scaffold_heldout,ridge_drug_fp,"B cells, Pomalidomide",-0.15226828681076238,1.103673643399611,-0.25375199712108404,2.5269103563586404
split_scaffold_heldout,ridge_drug_fp,"Myeloid cells, Pomalidomide",-0.08738298840803742,1.1625888657820918,-0.08597245194365902,2.620282180117641
split_scaffold_heldout,ridge_drug_fp,"NK cells, Pomalidomide",-0.11226357249612742,0.973456152899171,-0.198752774600647,2.3037003490549908
split_scaffold_heldout,ridge_drug_fp,"T cells, Pomalidomide",-0.15558274977613498,1.3713199994803986,-0.22514056092540996,2.7807193080330315
split_scaffold_heldout,ridge_drug_fp,"B cells, Navitoclax",-0.026338483064049192,0.9710597459903028,-0.06947240794545782,2.220800603640804
split_scaffold_heldout,ridge_drug_fp,"Myeloid cells, Navitoclax",-0.03700066047461056,0.9594177706463058,-0.03330619547750713,2.1481437692383265
split_scaffold_heldout,ridge_drug_fp,"NK cells, Navitoclax",0.09143839189124188,0.778837559249535,0.18787161474228523,1.9199335653928447
split_scaffold_heldout,ridge_drug_fp,"T cells, Navitoclax",0.09974517062328156,0.6428395486270588,0.48835439947096604,1.6995322986630135
split_scaffold_heldout,ridge_drug_fp,"B cells, Methotrexate",-0.28791713175611605,0.8691283810176657,-0.6033571962629976,2.2196482709758136
split_scaffold_heldout,ridge_drug_fp,"Myeloid cells, Methotrexate",-0.08748603186710367,1.0411409885674439,-0.15115953971661292,2.292542105589697
split_scaffold_heldout,ridge_drug_fp,"NK cells, Methotrexate",-0.11053863216074379,0.7984506477666053,-0.10034338146000496,1.953324949639131
split_scaffold_heldout,ridge_drug_fp,"T cells, Methotrexate",-0.2686302606894372,0.819646530602705,-0.5993838076544598,2.5131985199204605
split_scaffold_heldout,ridge_drug_fp,"NK cells, AT13387",0.470012929969087,0.9848582879460756,0.6822664293492717,1.9658386448322756
split_scaffold_heldout,ridge_drug_fp,"T cells, AT13387",0.6473733426153402,1.8240649835312137,0.7468818989748197,2.6363455480063114
split_scaffold_heldout,ridge_drug_fp,"B cells, PF-04691502",0.3384553975936809,1.1162156640256304,0.5524907530657495,2.17722770186077
split_scaffold_heldout,ridge_drug_fp,"NK cells, PF-04691502",0.22485310009669726,0.8423000442283946,0.45927569378582156,1.767324662841855
split_scaffold_heldout,ridge_drug_fp,"T cells, PF-04691502",0.3627871633220615,1.082633760472883,0.582080646173257,2.1640465091359475
split_scaffold_heldout,ridge_drug_fp,"NK cells, RVX-208",0.09328849157598802,0.7246079687679289,0.13608354629093858,1.9006864519554667
split_scaffold_heldout,ridge_drug_fp,"T cells, RVX-208",0.2917072505825739,0.823374904606835,0.47986158420690744,1.964085660605526
split_scaffold_heldout,ridge_drug_fp,"B cells, Dactolisib",0.06484368411290224,1.5204720511014196,0.1131422924590552,2.7193688448365707
split_scaffold_heldout,ridge_drug_fp,"Myeloid cells, Dactolisib",0.03002402811907596,2.184565622522161,0.04919421219390269,3.1783117459927968
split_scaffold_heldout,ridge_drug_fp,"NK cells, Dactolisib",0.038325397981357194,1.0920388828423067,0.058019430043909394,2.407275367612726
split_scaffold_heldout,ridge_drug_fp,"T cells, Dactolisib",0.06854447455332882,1.61107447474931,0.12963548541506764,2.8063321206085523
split_scaffold_heldout,ridge_drug_fp,"NK cells, IKK Inhibitor VII",0.2571987956943553,0.7935039995395198,0.4755820087737438,1.753723027599852
split_scaffold_heldout,ridge_drug_fp,"T cells, IKK Inhibitor VII",0.4585406560519942,0.8730982638299948,0.7187569927004644,1.804295627314752
split_scaffold_heldout,ridge_drug_fp,"NK cells, Canertinib",0.07565146829163694,0.9149284037788543,0.1440625620494519,1.996391661393225
split_scaffold_heldout,ridge_drug_fp,"T cells, Canertinib",0.2145767442294687,0.9157269119549898,0.35394963381922245,1.9915012190423962
split_scaffold_heldout,ridge_drug_fp,"B cells, Penfluridol",-0.0515277234576976,0.6948709932841743,-0.0954500670049723,1.8563829350077519
split_scaffold_heldout,ridge_drug_fp,"Myeloid cells, Penfluridol",0.11580038802102077,0.7655285353813789,0.2640616938347398,1.829646609741412
split_scaffold_heldout,ridge_drug_fp,"NK cells, Penfluridol",0.12519745758906567,0.7294487677533152,0.2941621576456797,1.7685009105757317
split_scaffold_heldout,ridge_drug_fp,"T cells, Penfluridol",0.04437999414035793,0.601704429535356,0.19691943181058402,1.6602146194506493
split_scaffold_heldout,ridge_drug_fp,"NK cells, Decitabine",0.10442092409866856,0.7450452733910006,0.1877898934111276,1.7409217041706615
split_scaffold_heldout,ridge_drug_fp,"T cells, Decitabine",0.0889694178518802,0.6606740720423353,0.05028171532285911,1.7561446023652714
split_scaffold_heldout,ridge_drug_fp,"B cells, Azacitidine",0.12989346522309822,0.9504938537713047,0.24769029390212777,1.8767937735297524
split_scaffold_heldout,ridge_drug_fp,"Myeloid cells, Azacitidine",-0.02569176911734051,0.9858049032524665,0.08765252155558746,1.8514659011087744
split_scaffold_heldout,ridge_drug_fp,"NK cells, Azacitidine",0.07987122827773611,0.9614622755525796,0.0861150763918383,1.9175655537562033
split_scaffold_heldout,ridge_drug_fp,"T cells, Azacitidine",0.17881232033716185,0.8937672623730737,0.4022348232373494,1.644801100377307
split_scaffold_heldout,ridge_drug_fp,"B cells, AT 7867",0.32286106590218117,0.7616412243980112,0.5587014025607835,1.909618359086775
split_scaffold_heldout,ridge_drug_fp,"Myeloid cells, AT 7867",0.235100264503248,1.297318530306685,0.39169181654449525,2.4816201468810055
split_scaffold_heldout,ridge_drug_fp,"NK cells, AT 7867",0.24736006877730507,0.7230589724828332,0.5123377767720587,1.8518916843754958
split_scaffold_heldout,ridge_drug_fp,"T cells, AT 7867",0.2627694273851259,0.8511813097816581,0.5004078694021702,2.0047001172410335
split_scaffold_heldout,ridge_drug_fp,"NK cells, OSI-930",-0.044827687869319434,0.7357379042824066,-0.09340129038255657,1.9257306318342977
split_scaffold_heldout,ridge_drug_fp,"T cells, OSI-930",-0.0801387591989483,0.6100984543888366,-0.16577713236194502,1.7839577281364007
split_scaffold_heldout,ridge_drug_fp,"NK cells, SLx-2119",0.06481723673074186,0.8017743329237033,0.08596878768226777,2.0060491524833175
split_scaffold_heldout,ridge_drug_fp,"T cells, SLx-2119",0.19607361201102366,0.6784094589299255,0.3856049064266285,1.7580889758823952
split_scaffold_heldout,ridge_drug_fp,"B cells, STK219801",0.13310210069988226,0.7222525437231105,0.2402556388068562,1.8491992314566352
split_scaffold_heldout,ridge_drug_fp,"Myeloid cells, STK219801",0.154965344953249,0.7349934760172507,0.37216322253531814,1.8618113811384316
split_scaffold_heldout,ridge_drug_fp,"NK cells, STK219801",0.09257749734660005,0.7690436951257682,0.17983209370237632,1.9147188571699132
split_scaffold_heldout,ridge_drug_fp,"T cells, STK219801",0.1745867249031978,0.6471617784522635,0.44070003227063004,1.7248454696555007
split_scaffold_heldout,ridge_drug_fp,"NK cells, GSK-1070916",0.15644599534432188,0.7627505879181371,0.30450450249977473,1.741568357533474
split_scaffold_heldout,ridge_drug_fp,"T cells, GSK-1070916",0.36467290142938863,0.6373676481924236,0.6574269345235618,1.4294652638796586
split_scaffold_heldout,ridge_drug_fp,"NK cells, Buspirone",0.05930193094025809,0.7169936600635668,0.054860121079538644,1.7978259078627963
split_scaffold_heldout,ridge_drug_fp,"T cells, Buspirone",0.11080497743324906,0.6185308058510273,0.2010311199496818,1.6611533775180647
split_scaffold_heldout,ridge_drug_fp,"NK cells, Imatinib",0.09573792115021496,0.7779050527849164,0.17728120157543403,1.8312852527505834
split_scaffold_heldout,ridge_drug_fp,"T cells, Imatinib",0.22356720977056738,0.6057417665872531,0.4040908823436324,1.436294564630213
split_scaffold_heldout,ridge_drug_fp,"NK cells, Tosedostat",0.11461901584042515,0.852067104864483,0.2504859575164047,1.9321033072291545
split_scaffold_heldout,ridge_drug_fp,"T cells, Tosedostat",0.1520877384688575,0.8534333294567004,0.2800949042955787,1.9793132579709227
split_scaffold_heldout,ridge_drug_fp,"NK cells, Doxorubicin",0.19494098985716612,0.8868179462382282,0.37006262757071506,2.0497558315202196
split_scaffold_heldout,ridge_drug_fp,"T cells, Doxorubicin",0.2997280585930376,1.3399171886766714,0.46377765503013674,2.448688236412754
split_scaffold_heldout,ridge_drug_fp,"NK cells, Tacalcitol",0.12814121186034405,0.7290781316218206,0.18306377463979576,1.851342085260733
split_scaffold_heldout,ridge_drug_fp,"T cells, Tacalcitol",0.19554551049528493,0.6984850715738793,0.4717293713771349,1.7709001253706038
split_scaffold_heldout,ridge_drug_fp,"B cells, RG7090",0.06748607063530174,0.6583220195984906,0.28623740178119256,1.738023207599887
split_scaffold_heldout,ridge_drug_fp,"Myeloid cells, RG7090",0.016193483126873374,0.8927241767052635,0.05038642765827012,2.1064580205787484
split_scaffold_heldout,ridge_drug_fp,"NK cells, RG7090",0.02242511505315184,0.7290518245274713,0.06898714552006852,1.8769034615497555
split_scaffold_heldout,ridge_drug_fp,"T cells, RG7090",-0.03576493511929649,0.8585769850779634,-0.048515835345230726,2.0790804061228307
split_scaffold_heldout,ridge_drug_fp,"B cells, AT13387",0.5949501716886416,1.4141253674412235,0.7374484300296851,2.392894719096485
split_scaffold_heldout,ridge_drug_fp,"Myeloid cells, AT13387",0.49705680102528577,1.2201473176453395,0.6666747742713148,2.154318087515227
split_scaffold_heldout,ridge_drug_fp,"B cells, RVX-208",0.24460884092892551,0.7494311023171667,0.4422459024106691,1.8598795165647555
split_scaffold_heldout,ridge_drug_fp,"Myeloid cells, RVX-208",0.1963949275623687,0.8980972529202542,0.3568987185770447,2.0847742255981587
split_scaffold_heldout,ridge_drug_fp,"B cells, IKK Inhibitor VII",0.4203407171015346,0.9637202716593163,0.6582516464960928,1.9193993267238436
split_scaffold_heldout,ridge_drug_fp,"Myeloid cells, IKK Inhibitor VII",0.5363508320934849,1.3645334294764064,0.7294596421262005,2.385256846047157
split_scaffold_heldout,ridge_drug_fp,"B cells, Canertinib",0.20721177072794467,0.8844258893746024,0.3602884192160734,1.8938810522593204
split_scaffold_heldout,ridge_drug_fp,"B cells, Decitabine",0.08402403846190461,0.7039576235589335,0.10934209461319574,1.7929855016599947
split_scaffold_heldout,ridge_drug_fp,"Myeloid cells, Decitabine",0.18824020411480483,0.6417149380955414,0.3707064295160248,1.6324645697290796
split_scaffold_heldout,ridge_drug_fp,"B cells, OSI-930",-0.001301304386041873,0.6265432309173228,0.024639095690924137,1.7563743304934254
split_scaffold_heldout,ridge_drug_fp,"Myeloid cells, OSI-930",-0.07003301148433846,0.7524270580294927,-0.09406755952573512,1.8835969215124517
split_scaffold_heldout,ridge_drug_fp,"B cells, SLx-2119",0.2884806078023807,0.6818975816079988,0.5687219675048215,1.6103368164223721
split_scaffold_heldout,ridge_drug_fp,"Myeloid cells, SLx-2119",0.10283311198691071,0.7120378319638647,0.09904096087827162,2.060314792541926
split_scaffold_heldout,ridge_drug_fp,"B cells, GSK-1070916",0.2647779080330014,0.7009714503340079,0.5094508458659761,1.5492144544278108
split_scaffold_heldout,ridge_drug_fp,"Myeloid cells, GSK-1070916",0.29801470178667394,0.8091054462842341,0.5438299309206102,1.72833615747725
split_scaffold_heldout,ridge_drug_fp,"B cells, Buspirone",0.043885260405168505,0.7007941853898062,0.024915357700640853,1.8821250232023683
split_scaffold_heldout,ridge_drug_fp,"Myeloid cells, Buspirone",0.2281279377854284,0.6188082439381161,0.3830132402382999,1.512651054045392
split_scaffold_heldout,ridge_drug_fp,"B cells, Imatinib",0.09925852257999976,0.6822016650987021,0.0672406916770235,1.7922093507766426
split_scaffold_heldout,ridge_drug_fp,"Myeloid cells, Imatinib",0.22449261118072683,0.6115465884771524,0.5078659758191026,1.4872571751151094
split_scaffold_heldout,ridge_drug_fp,"B cells, Tosedostat",0.08486768762826397,0.7685988715661346,0.24431772216913664,1.791219380697574
split_scaffold_heldout,ridge_drug_fp,"Myeloid cells, Tosedostat",0.19792909355956154,1.0435016818250111,0.32766819719523005,2.1687904673133387
split_scaffold_heldout,ridge_drug_fp,"B cells, Doxorubicin",0.13026788616547308,1.7613420512648932,0.2011244455644884,2.837433422895775
split_scaffold_heldout,ridge_drug_fp,"Myeloid cells, Doxorubicin",0.17173745551111128,2.3276515514745757,0.22465881586064188,3.152973710214909
split_scaffold_heldout,ridge_drug_fp,"B cells, Tacalcitol",0.1936197862130223,0.7134782927758251,0.39721571819130974,1.7563037677484714
split_scaffold_heldout,ridge_drug_fp,"Myeloid cells, Tacalcitol",0.0887596545020115,2.23504214797176,0.1193054565303712,3.177663010955296
split_scaffold_heldout,ridge_cell_drug_fp,"B cells, MK-5108",0.12998620424477916,0.6263217140864048,0.3779389209820369,1.6543935995413754
split_scaffold_heldout,ridge_cell_drug_fp,"Myeloid cells, MK-5108",0.07994500918631091,0.6950161112187778,0.1732168644582923,1.767976870599043
split_scaffold_heldout,ridge_cell_drug_fp,"NK cells, MK-5108",0.11733381756386875,0.6916518149316706,0.2646133933903112,1.8270891135563014
split_scaffold_heldout,ridge_cell_drug_fp,"T cells, MK-5108",0.10063696190803903,0.5819520019558685,0.1450655035001565,1.6928136961818334
split_scaffold_heldout,ridge_cell_drug_fp,"B cells, O-Demethylated Adapalene",0.22634391137191,0.7464013169873176,0.4753524171476391,1.8112788594340228
split_scaffold_heldout,ridge_cell_drug_fp,"Myeloid cells, O-Demethylated Adapalene",0.16155760283929782,0.8662305987971762,0.33155245675476674,2.135628710439844
split_scaffold_heldout,ridge_cell_drug_fp,"NK cells, O-Demethylated Adapalene",0.05512555756846594,0.7085113509657391,0.13296890427252242,1.7982231501810326
split_scaffold_heldout,ridge_cell_drug_fp,"T cells, O-Demethylated Adapalene",0.20149917889981875,0.6495358712661692,0.3777083730084297,1.762661980272503
split_scaffold_heldout,ridge_cell_drug_fp,"B cells, GW843682X",0.1980325107870734,0.6576178363744752,0.35758644452603777,1.820701494383751
split_scaffold_heldout,ridge_cell_drug_fp,"Myeloid cells, GW843682X",0.20621722508176613,0.7732496360964792,0.4064050401181504,1.9161654644096622
split_scaffold_heldout,ridge_cell_drug_fp,"NK cells, GW843682X",0.1496023418391065,0.6846908992932172,0.341306376957134,1.779789474670884
split_scaffold_heldout,ridge_cell_drug_fp,"T cells, GW843682X",0.1917786759561221,0.6225789723882862,0.29942592001925994,1.9448171388549398
split_scaffold_heldout,ridge_cell_drug_fp,"B cells, Porcn Inhibitor III",-0.010073431790361066,0.7494280698210403,0.05446910536993129,1.801966638721919
split_scaffold_heldout,ridge_cell_drug_fp,"Myeloid cells, Porcn Inhibitor III",-0.14015615914974455,1.3377192495698438,-0.17764361960575856,2.695309429084818
split_scaffold_heldout,ridge_cell_drug_fp,"NK cells, Porcn Inhibitor III",0.032755464331652426,0.801218959713979,0.10154877274336013,1.9884092471734478
split_scaffold_heldout,ridge_cell_drug_fp,"T cells, Porcn Inhibitor III",-0.162813355471942,0.8458516567779454,-0.274379668521754,1.9371992661208441
split_scaffold_heldout,ridge_cell_drug_fp,"B cells, TL_HRAS26",0.2970851751406671,0.6329366359582397,0.5450138825199994,1.6361653745969358
split_scaffold_heldout,ridge_cell_drug_fp,"Myeloid cells, TL_HRAS26",0.09917265994471283,0.6988708427702921,0.3314721720457984,1.8469899549652848
split_scaffold_heldout,ridge_cell_drug_fp,"NK cells, TL_HRAS26",0.1470102329100808,0.6358067642987604,0.2901706096143797,1.8040010519653458
split_scaffold_heldout,ridge_cell_drug_fp,"T cells, TL_HRAS26",0.2715874128517439,0.5794506325807214,0.5754267674384591,1.7495392353422672
split_scaffold_heldout,ridge_cell_drug_fp,"B cells, Pomalidomide",-0.11286191825987271,1.1194043695760998,-0.18337853858845196,2.524072346681861
split_scaffold_heldout,ridge_cell_drug_fp,"Myeloid cells, Pomalidomide",-0.14294757768378444,1.2359588000862338,-0.2152833894134919,2.740906247761455
split_scaffold_heldout,ridge_cell_drug_fp,"NK cells, Pomalidomide",-0.046955083360414006,0.9235354837605775,-0.08669342171689717,2.2392026398201694
split_scaffold_heldout,ridge_cell_drug_fp,"T cells, Pomalidomide",-0.10693310409878296,1.3802852387668096,-0.1519520693333396,2.782768201313485
split_scaffold_heldout,ridge_cell_drug_fp,"B cells, Navitoclax",-0.027580527767121447,1.0040698716463448,-0.08260953820143693,2.258986190323581
split_scaffold_heldout,ridge_cell_drug_fp,"Myeloid cells, Navitoclax",-0.1059128403756981,1.0342163095243613,-0.1770235281214534,2.2667741347908525
split_scaffold_heldout,ridge_cell_drug_fp,"NK cells, Navitoclax",0.13425871175624388,0.755911465402027,0.24975495542215784,1.8942644654483218
split_scaffold_heldout,ridge_cell_drug_fp,"T cells, Navitoclax",0.10696785516097687,0.6701373348584727,0.5321760350032716,1.6654754671207666
split_scaffold_heldout,ridge_cell_drug_fp,"B cells, Methotrexate",-0.2637582979976467,0.9026413198625035,-0.5790295512595423,2.2750859348131263
split_scaffold_heldout,ridge_cell_drug_fp,"Myeloid cells, Methotrexate",0.00394384040862879,1.0444905505344155,0.012242497982227079,2.2287190371868824
split_scaffold_heldout,ridge_cell_drug_fp,"NK cells, Methotrexate",-0.023535376146412042,0.7466554414546748,0.05665743587409556,1.8788143285304661
split_scaffold_heldout,ridge_cell_drug_fp,"T cells, Methotrexate",-0.29770802622876064,0.8817442155144225,-0.6102317110004727,2.745831548001269
split_scaffold_heldout,ridge_cell_drug_fp,"NK cells, AT13387",0.5237756816737654,0.9586192827156357,0.7330408480809203,1.955370600599502
split_scaffold_heldout,ridge_cell_drug_fp,"T cells, AT13387",0.710092320502245,1.7492727234362946,0.7881582861351764,2.5269265609238896
split_scaffold_heldout,ridge_cell_drug_fp,"B cells, PF-04691502",0.4614161202997002,1.0456885962933766,0.6811665221341471,2.012961355769951
split_scaffold_heldout,ridge_cell_drug_fp,"NK cells, PF-04691502",0.2506374196038778,0.8166078640958028,0.4894471085730435,1.7516088135352672
split_scaffold_heldout,ridge_cell_drug_fp,"T cells, PF-04691502",0.42908275745827906,1.048177681668472,0.6480818565586409,2.0665604253007404
split_scaffold_heldout,ridge_cell_drug_fp,"NK cells, RVX-208",0.13075666946946513,0.7186916945951087,0.24004546441558758,1.8681978187946386
split_scaffold_heldout,ridge_cell_drug_fp,"T cells, RVX-208",0.3829659944072008,0.7948257499157789,0.5786305178131254,1.8788126617582357
split_scaffold_heldout,ridge_cell_drug_fp,"B cells, Dactolisib",0.23083105338084997,1.4645512392446822,0.35838414386874934,2.6075968432926673
split_scaffold_heldout,ridge_cell_drug_fp,"Myeloid cells, Dactolisib",0.21740726991490852,2.118106528213566,0.29279154270886576,3.074205767253922
split_scaffold_heldout,ridge_cell_drug_fp,"NK cells, Dactolisib",-0.03526583947349534,1.1213233649884482,-0.09081223229703554,2.4695374135066452
split_scaffold_heldout,ridge_cell_drug_fp,"T cells, Dactolisib",0.24664108529259907,1.551402989445503,0.3867737582452758,2.684674647127875
split_scaffold_heldout,ridge_cell_drug_fp,"NK cells, IKK Inhibitor VII",0.2883455112140643,0.758639563689467,0.5369793012226627,1.7224842517882628
split_scaffold_heldout,ridge_cell_drug_fp,"T cells, IKK Inhibitor VII",0.5573449701408503,0.8138800577210628,0.8040991844405196,1.6372120904221665
split_scaffold_heldout,ridge_cell_drug_fp,"NK cells, Canertinib",0.12228092240531564,0.8470113506136375,0.21759794277107347,1.9365452936516843
split_scaffold_heldout,ridge_cell_drug_fp,"T cells, Canertinib",0.26297119540099506,0.9135973163119568,0.39146991629928257,1.9663738310037502
split_scaffold_heldout,ridge_cell_drug_fp,"B cells, Penfluridol",-0.0330578425342161,0.7337930858452149,-0.07572908612005468,1.8791609318227125
split_scaffold_heldout,ridge_cell_drug_fp,"Myeloid cells, Penfluridol",0.22490026240900224,0.7657350044746897,0.4210645147600171,1.7288783128494816
split_scaffold_heldout,ridge_cell_drug_fp,"NK cells, Penfluridol",0.2118015775507224,0.6908390595247246,0.40684478452501344,1.7207761608050098
split_scaffold_heldout,ridge_cell_drug_fp,"T cells, Penfluridol",0.0740392028609653,0.6244649716002066,0.308924279131412,1.6120717772835023
split_scaffold_heldout,ridge_cell_drug_fp,"NK cells, Decitabine",0.15924942541618928,0.7074331349276953,0.30185034990008364,1.684487443875373
split_scaffold_heldout,ridge_cell_drug_fp,"T cells, Decitabine",0.156533767407197,0.6749322105891676,0.18833156336370557,1.685392314058645
split_scaffold_heldout,ridge_cell_drug_fp,"B cells, Azacitidine",0.16202230921999214,0.9569239164162499,0.3166971820755143,1.8295802680829727
split_scaffold_heldout,ridge_cell_drug_fp,"Myeloid cells, Azacitidine",-0.03419236836578054,1.0334799359877271,0.09339791982639753,1.8775425141426512
split_scaffold_heldout,ridge_cell_drug_fp,"NK cells, Azacitidine",0.09872476681229009,0.93241514347056,0.1506373029662539,1.8652745780909634
split_scaffold_heldout,ridge_cell_drug_fp,"T cells, Azacitidine",0.20330850454025537,0.9142435262830924,0.4338474648305701,1.621229287439927
split_scaffold_heldout,ridge_cell_drug_fp,"B cells, AT 7867",0.4783235958445206,0.7089341805188367,0.7458365913118709,1.7226386533052882
split_scaffold_heldout,ridge_cell_drug_fp,"Myeloid cells, AT 7867",0.26106892906449863,1.2860772189261591,0.4019596318903659,2.434301438794873
split_scaffold_heldout,ridge_cell_drug_fp,"NK cells, AT 7867",0.2596853752665954,0.7223161619095068,0.5246406158104514,1.8267802939525866
split_scaffold_heldout,ridge_cell_drug_fp,"T cells, AT 7867",0.3198241013629112,0.8366631165010632,0.6150750110609577,1.9166672152870823
split_scaffold_heldout,ridge_cell_drug_fp,"NK cells, OSI-930",0.0465393843531185,0.7233372336933042,0.09490134088709917,1.859633608086317
split_scaffold_heldout,ridge_cell_drug_fp,"T cells, OSI-930",-0.02138047752121916,0.6231229965375576,-0.08979126343699229,1.783760832064088
split_scaffold_heldout,ridge_cell_drug_fp,"NK cells, SLx-2119",0.08173608217259212,0.7831719258790145,0.13525972275243803,1.9793817646099594
split_scaffold_heldout,ridge_cell_drug_fp,"T cells, SLx-2119",0.2557667431984193,0.6841540902091483,0.46348596442088663,1.6970499484922394
split_scaffold_heldout,ridge_cell_drug_fp,"B cells, STK219801",0.19172546792816278,0.7225932830977572,0.3763290729034526,1.7554069950865994
split_scaffold_heldout,ridge_cell_drug_fp,"Myeloid cells, STK219801",0.255716059936134,0.7224555359114334,0.5302252830103886,1.7494957327111387
split_scaffold_heldout,ridge_cell_drug_fp,"NK cells, STK219801",0.1320020643109923,0.7474937564464491,0.2716013411578621,1.8717129233360803
split_scaffold_heldout,ridge_cell_drug_fp,"T cells, STK219801",0.18207222893386504,0.6890518599516551,0.4775773395286646,1.6928532876407256
split_scaffold_heldout,ridge_cell_drug_fp,"NK cells, GSK-1070916",0.19324740774326724,0.7245986580950573,0.3869323487367985,1.6958895548368804
split_scaffold_heldout,ridge_cell_drug_fp,"T cells, GSK-1070916",0.43422527973508745,0.6297177676668283,0.7025189182452299,1.3076891637635144
split_scaffold_heldout,ridge_cell_drug_fp,"NK cells, Buspirone",0.11543455506459507,0.6711141415768686,0.21872275051704101,1.7437736145019445
split_scaffold_heldout,ridge_cell_drug_fp,"T cells, Buspirone",0.1370438594039463,0.6553055814038593,0.28263145498828324,1.6287193691864255
split_scaffold_heldout,ridge_cell_drug_fp,"NK cells, Imatinib",0.13276688357794988,0.7433858429554241,0.2635334172517946,1.7971343125149115
split_scaffold_heldout,ridge_cell_drug_fp,"T cells, Imatinib",0.2831791347214258,0.6113329647360897,0.43193650987804155,1.3922359057886609
split_scaffold_heldout,ridge_cell_drug_fp,"NK cells, Tosedostat",0.11782243568864341,0.8413343399534978,0.26643474109095716,1.9244195391509973
split_scaffold_heldout,ridge_cell_drug_fp,"T cells, Tosedostat",0.2526260451229246,0.8300120430173792,0.4489744168966176,1.859825084686484
split_scaffold_heldout,ridge_cell_drug_fp,"NK cells, Doxorubicin",0.21163755035715529,0.8766772842895972,0.39842254624383794,2.0375845126451075
split_scaffold_heldout,ridge_cell_drug_fp,"T cells, Doxorubicin",0.3637922543746898,1.308497540913891,0.5422731910125718,2.3765778909466113
split_scaffold_heldout,ridge_cell_drug_fp,"NK cells, Tacalcitol",0.1527864188453672,0.7251963857984267,0.2557820442148359,1.8231982450538289
split_scaffold_heldout,ridge_cell_drug_fp,"T cells, Tacalcitol",0.30872841118286554,0.6758229218669658,0.647134704765115,1.6273059614973286
split_scaffold_heldout,ridge_cell_drug_fp,"B cells, RG7090",0.13479649695422455,0.6640697225712565,0.3884781673409656,1.6810356431486102
split_scaffold_heldout,ridge_cell_drug_fp,"Myeloid cells, RG7090",0.13450271295316016,0.8873810303796552,0.23200429642262071,2.040512487375175
split_scaffold_heldout,ridge_cell_drug_fp,"NK cells, RG7090",0.09471627798191416,0.7113783546589941,0.226232697378409,1.8271882784865485
split_scaffold_heldout,ridge_cell_drug_fp,"T cells, RG7090",0.04403609528436412,0.8585224462070715,0.10621212032794672,2.044845766490561
split_scaffold_heldout,ridge_cell_drug_fp,"B cells, AT13387",0.652497439818887,1.3562442019586234,0.7833284646006187,2.2839766339220566
split_scaffold_heldout,ridge_cell_drug_fp,"Myeloid cells, AT13387",0.5708943033800787,1.1601982374641613,0.7474159136650436,2.016313060598431
split_scaffold_heldout,ridge_cell_drug_fp,"B cells, RVX-208",0.32297537670810744,0.7318201531162579,0.5686880865686805,1.7672912298042753
split_scaffold_heldout,ridge_cell_drug_fp,"Myeloid cells, RVX-208",0.21488377426350977,0.9113637255269978,0.38679947220668315,2.0453110206595735
split_scaffold_heldout,ridge_cell_drug_fp,"B cells, IKK Inhibitor VII",0.5338343076455404,0.8965145596564345,0.7614415116864472,1.755339517472364
split_scaffold_heldout,ridge_cell_drug_fp,"Myeloid cells, IKK Inhibitor VII",0.6443083267381221,1.2615701142077236,0.8078529774096841,2.183246378155633
split_scaffold_heldout,ridge_cell_drug_fp,"B cells, Canertinib",0.23762283482967664,0.9051443075497563,0.40774335684675106,1.8513527804135672
split_scaffold_heldout,ridge_cell_drug_fp,"B cells, Decitabine",0.12145822953848001,0.72103466577446,0.19364244316972273,1.7507279026011822
split_scaffold_heldout,ridge_cell_drug_fp,"Myeloid cells, Decitabine",0.22458655551628504,0.678971940557575,0.3570421450279438,1.6329979620536776
split_scaffold_heldout,ridge_cell_drug_fp,"B cells, OSI-930",0.07354130715159414,0.633739342749907,0.251998467500288,1.676557073353472
split_scaffold_heldout,ridge_cell_drug_fp,"Myeloid cells, OSI-930",-0.11507562389852392,0.8245292497163705,-0.15148320603935533,1.9659498247943323
split_scaffold_heldout,ridge_cell_drug_fp,"B cells, SLx-2119",0.35171910223745784,0.6753302244120086,0.6322126165649848,1.5051482866822612
split_scaffold_heldout,ridge_cell_drug_fp,"Myeloid cells, SLx-2119",0.1603998228579849,0.7313941514311328,0.2108972410593384,1.9918527609572618
split_scaffold_heldout,ridge_cell_drug_fp,"B cells, GSK-1070916",0.3339173511295754,0.6957639854119587,0.5979090465362126,1.4506441793126545
split_scaffold_heldout,ridge_cell_drug_fp,"Myeloid cells, GSK-1070916",0.29166829699137875,0.8413256131081212,0.5430399634924433,1.7009133914730752
split_scaffold_heldout,ridge_cell_drug_fp,"B cells, Buspirone",0.09974957329125074,0.7194148766435284,0.15942545858009868,1.826777442829355
split_scaffold_heldout,ridge_cell_drug_fp,"Myeloid cells, Buspirone",0.21270420540668838,0.6768378783403994,0.40197181291323847,1.4949027095423746
split_scaffold_heldout,ridge_cell_drug_fp,"B cells, Imatinib",0.13089527875811952,0.7105537558887152,0.22069876005305056,1.732520899396669
split_scaffold_heldout,ridge_cell_drug_fp,"Myeloid cells, Imatinib",0.24722318659002496,0.6573051884708985,0.5591155306762036,1.424171321687365
split_scaffold_heldout,ridge_cell_drug_fp,"B cells, Tosedostat",0.13086470258892938,0.7767566577077938,0.3000112581792836,1.7605962959863706
split_scaffold_heldout,ridge_cell_drug_fp,"Myeloid cells, Tosedostat",0.27584478612022056,1.0252821002762964,0.449921309900971,2.07245592230215
split_scaffold_heldout,ridge_cell_drug_fp,"B cells, Doxorubicin",0.13871646570164142,1.7637690724605917,0.21267870729948338,2.8287095239052644
split_scaffold_heldout,ridge_cell_drug_fp,"Myeloid cells, Doxorubicin",0.2027751674310013,2.3138129660027142,0.25835777561062717,3.1266287800919392
split_scaffold_heldout,ridge_cell_drug_fp,"B cells, Tacalcitol",0.2972215288208327,0.6957470250832185,0.5578980465322402,1.6362864497852319
split_scaffold_heldout,ridge_cell_drug_fp,"Myeloid cells, Tacalcitol",0.02169371127279339,2.2692725423851745,0.03283843025021421,3.218761611135472
split_cell_scaffold_heldout,ridge_cell,"T cells, MK-5108",0.08483144505435578,0.562498072254816,0.15383414075664056,1.6920189323772004
split_cell_scaffold_heldout,ridge_cell,"T cells, O-Demethylated Adapalene",0.2564112081958671,0.5809735588251742,0.4961621074088264,1.719528566308305
split_cell_scaffold_heldout,ridge_cell,"T cells, GW843682X",0.11233061795832384,0.60796950597884,0.2510738146579498,1.9641396405959135
split_cell_scaffold_heldout,ridge_cell,"T cells, Porcn Inhibitor III",-0.29379746197481355,0.7394448874513991,-0.4778355189489721,1.9109404003978088
split_cell_scaffold_heldout,ridge_cell,"T cells, TL_HRAS26",0.1911397716356943,0.5496940906410644,0.3709928773701863,1.893486402702019
split_cell_scaffold_heldout,ridge_cell,"T cells, Pomalidomide",-0.18612629203159572,1.3180144196385781,-0.26305858311645003,2.7292889568502035
split_cell_scaffold_heldout,ridge_cell,"T cells, Navitoclax",-0.06392003054007007,0.6018267623866727,0.30737454197925823,1.8298849264472334
split_cell_scaffold_heldout,ridge_cell,"T cells, Methotrexate",-0.0790440390209137,0.6650949522237184,-0.3701789422085497,2.0510243929441363
split_cell_scaffold_heldout,ridge_cell,"T cells, AT13387",0.3401683193136363,2.0458328232721565,0.43935806403343125,2.9752575031467132
split_cell_scaffold_heldout,ridge_cell,"T cells, PF-04691502",0.4739588871812857,1.0600583018666525,0.6860624573017816,2.2438489383653275
split_cell_scaffold_heldout,ridge_cell,"T cells, RVX-208",0.27564792623092116,0.826726368124498,0.45183575981070034,1.995302535224879
split_cell_scaffold_heldout,ridge_cell,"T cells, Dactolisib",0.479862790148087,1.4926553144866226,0.6601268709788334,2.619968909355805
split_cell_scaffold_heldout,ridge_cell,"T cells, IKK Inhibitor VII",0.4399551971478916,0.8978160861618186,0.6922882428083681,2.024735563420536
split_cell_scaffold_heldout,ridge_cell,"T cells, Canertinib",0.15232249936212125,0.7929796140046971,0.31287421362364504,2.057039971364226
split_cell_scaffold_heldout,ridge_cell,"T cells, Penfluridol",0.02915154113485799,0.5464394198737431,0.13902034711501035,1.6764476013722687
split_cell_scaffold_heldout,ridge_cell,"T cells, Decitabine",0.16431061816313378,0.5143104241744961,0.2841438513830426,1.650517090614297
split_cell_scaffold_heldout,ridge_cell,"T cells, Azacitidine",0.15389472610365282,0.6211394159066014,0.3558824132020944,1.7227634708174007
split_cell_scaffold_heldout,ridge_cell,"T cells, AT 7867",0.22196331752368353,0.8621051734657067,0.38736759756187733,2.029485841323798
split_cell_scaffold_heldout,ridge_cell,"T cells, OSI-930",-0.06231050126386276,0.5784790784695656,-0.12495575587540977,1.7350398533964113
split_cell_scaffold_heldout,ridge_cell,"T cells, SLx-2119",0.24465227931502043,0.6048506832810688,0.46726073496648046,1.7754904232432753
split_cell_scaffold_heldout,ridge_cell,"T cells, STK219801",0.11929954884821604,0.5776370399957346,0.20545126678336084,1.8630328545018129
split_cell_scaffold_heldout,ridge_cell,"T cells, GSK-1070916",0.266087535523776,0.5841031026394846,0.5358715891807285,1.6858737528550694
split_cell_scaffold_heldout,ridge_cell,"T cells, Buspirone",0.027163430746447215,0.5347210111118263,-0.009069924793242964,1.7173509830456235
split_cell_scaffold_heldout,ridge_cell,"T cells, Imatinib",0.15587402954943774,0.5221054842546384,0.28448021754848674,1.5706074167334458
split_cell_scaffold_heldout,ridge_cell,"T cells, Tosedostat",0.23955469003709742,0.7686743346453889,0.43489545848274525,1.9466508802481153
split_cell_scaffold_heldout,ridge_cell,"T cells, Doxorubicin",0.2896150922812742,1.3527992654497483,0.44688591307836073,2.5175389035823876
split_cell_scaffold_heldout,ridge_cell,"T cells, Tacalcitol",0.308596330798466,0.6487659867815846,0.62504416248127,1.7270269706440917
split_cell_scaffold_heldout,ridge_cell,"T cells, RG7090",-0.14493038116339568,0.8618621932815064,-0.23680542556579703,2.1239271414452037
split_cell_scaffold_heldout,ridge_drug_fp,"T cells, MK-5108",0.007956809245921556,0.6095525618755442,-0.01428767716320605,1.747830157409287
split_cell_scaffold_heldout,ridge_drug_fp,"T cells, O-Demethylated Adapalene",0.11822902221593173,0.6537737700276193,0.304591961068963,1.7829452362840486
split_cell_scaffold_heldout,ridge_drug_fp,"T cells, GW843682X",0.09392363774849263,0.6368227081844451,0.1778791566595354,2.0004469233522
split_cell_scaffold_heldout,ridge_drug_fp,"T cells, Porcn Inhibitor III",-0.25810828618659176,0.8122263433969001,-0.4712991398278549,1.9863482241986445
split_cell_scaffold_heldout,ridge_drug_fp,"T cells, TL_HRAS26",0.16950112297746248,0.5756459581643544,0.4526072078003305,1.85233662740876
split_cell_scaffold_heldout,ridge_drug_fp,"T cells, Pomalidomide",-0.17531791353095852,1.37445160755368,-0.25974665070413566,2.7878215521073715
split_cell_scaffold_heldout,ridge_drug_fp,"T cells, Navitoclax",0.0941079368621202,0.6521888135049052,0.4387541953603834,1.7355133134574277
split_cell_scaffold_heldout,ridge_drug_fp,"T cells, Methotrexate",-0.2095828405067063,0.7881728129662634,-0.5394470201604699,2.3644750963682157
split_cell_scaffold_heldout,ridge_drug_fp,"T cells, AT13387",0.49101207035446337,1.9212110571270646,0.6023187531347811,2.77215483743962
split_cell_scaffold_heldout,ridge_drug_fp,"T cells, PF-04691502",0.3225707390525433,1.1009092356360717,0.5296204485187364,2.2164187928607113
split_cell_scaffold_heldout,ridge_drug_fp,"T cells, RVX-208",0.22705763437192333,0.8435991315546315,0.3945748673046554,1.999589991851544
split_cell_scaffold_heldout,ridge_drug_fp,"T cells, Dactolisib",0.016426561668467232,1.6272185891774396,0.041156278843404635,2.8360167420635
split_cell_scaffold_heldout,ridge_drug_fp,"T cells, IKK Inhibitor VII",0.3722520896727747,0.9295840477607784,0.6368597949675225,1.881117958949785
split_cell_scaffold_heldout,ridge_drug_fp,"T cells, Canertinib",0.1452137277797229,0.9498562860924838,0.27501043946323983,2.058092487588467
split_cell_scaffold_heldout,ridge_drug_fp,"T cells, Penfluridol",0.024590669959487034,0.6144397195443931,0.0957697391089436,1.7005345609563167
split_cell_scaffold_heldout,ridge_drug_fp,"T cells, Decitabine",0.054128797638363424,0.6460260294244172,-0.004170673827055439,1.778756481948903
split_cell_scaffold_heldout,ridge_drug_fp,"T cells, Azacitidine",0.16218424948150853,0.8310362484489155,0.3732271666207864,1.6670104409714246
split_cell_scaffold_heldout,ridge_drug_fp,"T cells, AT 7867",0.18288897595375697,0.8703929537708077,0.37432816336392827,2.0455827113870284
split_cell_scaffold_heldout,ridge_drug_fp,"T cells, OSI-930",-0.08423388988853855,0.6128212300461525,-0.1985319813128693,1.7980400103386518
split_cell_scaffold_heldout,ridge_drug_fp,"T cells, SLx-2119",0.15041147931458196,0.6910289808091709,0.31690551551074986,1.803941875193316
split_cell_scaffold_heldout,ridge_drug_fp,"T cells, STK219801",0.1341776147287106,0.6430142664202184,0.3433708956793902,1.7854565388508334
split_cell_scaffold_heldout,ridge_drug_fp,"T cells, GSK-1070916",0.2916741252167286,0.6527530526776679,0.5628893553031653,1.5509154512228804
split_cell_scaffold_heldout,ridge_drug_fp,"T cells, Buspirone",0.07312795328095194,0.6220572107037624,0.14033906944147437,1.6846054344833108
split_cell_scaffold_heldout,ridge_drug_fp,"T cells, Imatinib",0.19665778860525887,0.6225925882919707,0.3556597529950498,1.4728943015573928
split_cell_scaffold_heldout,ridge_drug_fp,"T cells, Tosedostat",0.09944537832705452,0.8617389443249203,0.17749415364828924,2.0347479329879556
split_cell_scaffold_heldout,ridge_drug_fp,"T cells, Doxorubicin",0.2488271713373441,1.3622072568676329,0.39588865757636066,2.4891268012895806
split_cell_scaffold_heldout,ridge_drug_fp,"T cells, Tacalcitol",0.1452088828133452,0.7123808700336245,0.3741599693096,1.814563562454372
split_cell_scaffold_heldout,ridge_drug_fp,"T cells, RG7090",-0.07656915463226809,0.8690223010734663,-0.11048810364232761,2.092281544184724
split_cell_scaffold_heldout,ridge_cell_drug_fp,"T cells, MK-5108",0.007665357269719548,0.6090888984660092,-0.014734302359944076,1.747705285214833
split_cell_scaffold_heldout,ridge_cell_drug_fp,"T cells, O-Demethylated Adapalene",0.11923973730757897,0.6537053693221747,0.3070370108465378,1.7818078198039866
split_cell_scaffold_heldout,ridge_cell_drug_fp,"T cells, GW843682X",0.09501889663632566,0.6367309709332728,0.17926460487524484,1.99951811765301
split_cell_scaffold_heldout,ridge_cell_drug_fp,"T cells, Porcn Inhibitor III",-0.2596335231343214,0.8167208970681242,-0.4729208636886096,1.9920495149761177
split_cell_scaffold_heldout,ridge_cell_drug_fp,"T cells, TL_HRAS26",0.16937829864384496,0.5753596185414449,0.4523164771237736,1.8525791427529699
split_cell_scaffold_heldout,ridge_cell_drug_fp,"T cells, Pomalidomide",-0.17534774948610732,1.3721767685331472,-0.2598661650647107,2.7852553139574745
split_cell_scaffold_heldout,ridge_cell_drug_fp,"T cells, Navitoclax",0.0897308349206592,0.6555356066400357,0.43592598115164544,1.7374623138343523
split_cell_scaffold_heldout,ridge_cell_drug_fp,"T cells, Methotrexate",-0.2124236705059508,0.7866046737356769,-0.5424329634494712,2.3661401528346393
split_cell_scaffold_heldout,ridge_cell_drug_fp,"T cells, AT13387",0.4920152739264795,1.9215555889860305,0.6034357206956527,2.7730839621187178
split_cell_scaffold_heldout,ridge_cell_drug_fp,"T cells, PF-04691502",0.32179211624924475,1.1014365180128665,0.5288360882493001,2.2168336114626572
split_cell_scaffold_heldout,ridge_cell_drug_fp,"T cells, RVX-208",0.22794084967083358,0.8433882237688989,0.39572844649648536,1.9989973732813786
split_cell_scaffold_heldout,ridge_cell_drug_fp,"T cells, Dactolisib",0.023203359141851447,1.6251957946261624,0.05235498383897318,2.8322022746244877
split_cell_scaffold_heldout,ridge_cell_drug_fp,"T cells, IKK Inhibitor VII",0.3706180360123079,0.928351291278799,0.63426638770849,1.8891751287724514
split_cell_scaffold_heldout,ridge_cell_drug_fp,"T cells, Canertinib",0.14237725916697627,0.955004740465521,0.2717290164951867,2.0619887813261957
split_cell_scaffold_heldout,ridge_cell_drug_fp,"T cells, Penfluridol",0.024496381239112918,0.6168689628062094,0.09172993678731962,1.7027091035284454
split_cell_scaffold_heldout,ridge_cell_drug_fp,"T cells, Decitabine",0.054612817070595635,0.6459587615066956,-0.003102591132678163,1.7780518303180348
split_cell_scaffold_heldout,ridge_cell_drug_fp,"T cells, Azacitidine",0.16196431455157942,0.8307847922080428,0.3724644782624533,1.6675950400247546
split_cell_scaffold_heldout,ridge_cell_drug_fp,"T cells, AT 7867",0.18309934720961055,0.8704348333074501,0.37304813592819,2.045473483667539
split_cell_scaffold_heldout,ridge_cell_drug_fp,"T cells, OSI-930",-0.08417110365768185,0.6124738143533451,-0.19975402234250017,1.7988000298956266
split_cell_scaffold_heldout,ridge_cell_drug_fp,"T cells, SLx-2119",0.15045190266155584,0.6894903445461203,0.31766001646819714,1.8044395699046074
split_cell_scaffold_heldout,ridge_cell_drug_fp,"T cells, STK219801",0.13475812912463817,0.6433729046019465,0.3444507274711319,1.7846306900686504
split_cell_scaffold_heldout,ridge_cell_drug_fp,"T cells, GSK-1070916",0.2909646338925076,0.6516843261511897,0.5605318665657102,1.5536099864791206
split_cell_scaffold_heldout,ridge_cell_drug_fp,"T cells, Buspirone",0.07268527214111906,0.6233403050572109,0.13906046975641648,1.6854587845129334
split_cell_scaffold_heldout,ridge_cell_drug_fp,"T cells, Imatinib",0.19592820302185487,0.6218023767237898,0.3549049686975734,1.474283116852782
split_cell_scaffold_heldout,ridge_cell_drug_fp,"T cells, Tosedostat",0.10022463350502385,0.8621261404236854,0.17857387825923265,2.0343499595778614
split_cell_scaffold_heldout,ridge_cell_drug_fp,"T cells, Doxorubicin",0.24806227899335745,1.3626272290404304,0.39536794979447437,2.489204028561938
split_cell_scaffold_heldout,ridge_cell_drug_fp,"T cells, Tacalcitol",0.1465322749809703,0.7121615815398056,0.37708424506315424,1.8135606758546619
split_cell_scaffold_heldout,ridge_cell_drug_fp,"T cells, RG7090",-0.075839854575856,0.8682892712253049,-0.10803012988546315,2.091230200301165
