split,baseline,sample_id,rowwise_pearson,rmse,de_rowwise_pearson,de_rmse
split_random,ridge_cell,"T cells, Lapatinib",0.039021475916217456,0.6499755649869685,0.10429272255720849,1.861601066505169
split_random,ridge_cell,"Myeloid cells, Ganetespib (STA-9090)",0.5269189148122541,1.378475189536,0.6854650029883631,2.3951770452217707
split_random,ridge_cell,"NK cells, Clomipramine",0.23974168233441867,0.6023034837382175,0.4668021898932031,1.6990191777274875
split_random,ridge_cell,"Myeloid cells, Sunitinib",0.04277802767189061,0.7368163023746583,0.18382957631651828,1.8201444789730865
split_random,ridge_cell,"T cells, Sunitinib",0.4525874799185919,0.6279053086238491,0.6946645931323924,1.6312085931881406
split_random,ridge_cell,"T cells, Tivozanib",0.2849296729036392,0.6336390292804297,0.5325648807821457,1.7352006593065286
split_random,ridge_cell,"T cells, Ixabepilone",0.20119828620827965,0.5424199316518912,0.28082224616173745,1.6445339557195429
split_random,ridge_cell,"B cells, Linagliptin",0.04236026390075336,0.6380743205383194,0.056726670989970196,1.7762805657742258
split_random,ridge_cell,"NK cells, Linagliptin",0.24459873241044494,0.6081509592686951,0.4681833061976639,1.6886326711755277
split_random,ridge_cell,"T cells, 5-(9-Isopropyl-8-methyl-2-morpholino-9H-purin-6-yl)pyrimidin-2-amine",0.6802810371830816,1.2817066398644041,0.8115467303201979,2.2887901760531952
split_random,ridge_cell,"NK cells, Protriptyline",0.16513670917519702,0.6065947134095063,0.38705717556438346,1.7224216903825242
split_random,ridge_cell,"T cells, Protriptyline",0.1929623583728056,0.5142257877812607,0.4352654947371231,1.5475429264964542
split_random,ridge_cell,"B cells, I-BET151",0.4343000420039641,1.2326059217098202,0.5828680334473777,2.3414497325739574
split_random,ridge_cell,"T cells, I-BET151",0.4871400932702239,1.8552245650178365,0.589588043808312,2.8029148376741593
split_random,ridge_cell,"NK cells, IN1451",0.30280750460642797,1.194864171060229,0.4824005940869532,2.334870321808592
split_random,ridge_cell,"NK cells, Raloxifene",0.10496104386010924,0.7644082206193291,0.1879347771592302,1.9409203064777238
split_random,ridge_cell,"Myeloid cells, BAY 87-2243",0.482984921071878,1.3227094167495392,0.6219465214825397,2.3815329495692903
split_random,ridge_cell,"NK cells, BAY 87-2243",0.3096957353213762,0.9060094365146565,0.4802970501188575,2.1831714808648512
split_random,ridge_cell,"T cells, BAY 87-2243",0.5058045125798776,1.1932373316842138,0.6591401484287278,2.2655598674340367
split_random,ridge_cell,"NK cells, Phenylbutazone",0.21655828099687308,0.6463155564457126,0.41436538597976347,1.769005451955296
split_random,ridge_cell,"NK cells, BMS-777607",0.21844212941736277,0.6275398135806997,0.4107637783111453,1.7178895471814548
split_random,ridge_cell,"NK cells, Porcn Inhibitor III",0.10121332235318753,0.7356164549111015,0.20269532031096058,1.9567992889359882
split_random,ridge_cell,"T cells, Porcn Inhibitor III",-0.12879179052419062,0.7303443495657871,-0.16362665085734057,1.830262807665805
split_random,ridge_cell,"T cells, TL_HRAS26",0.31418383523184995,0.5300382475466572,0.5159201167473438,1.8098575216336075
split_random,ridge_cell,"NK cells, BMS-265246",0.2571640173334304,0.8507707053264825,0.485234062402655,2.0765093556342356
split_random,ridge_cell,"T cells, Ruxolitinib",0.6460091096999542,0.8236981570728256,0.8346117894839453,1.7996337271017193
split_random,ridge_cell,"NK cells, Pomalidomide",0.03926423086669785,0.8573726800935589,0.061193569598510564,2.1702978156042234
split_random,ridge_cell,"B cells, Navitoclax",-0.24942487341496025,0.9930181944172538,-0.4513429386807794,2.3645550950705063
split_random,ridge_cell,"B cells, Palbociclib",0.34099024700359826,0.6195495761862946,0.5933360617421665,1.6243761374612593
split_random,ridge_cell,"NK cells, Palbociclib",0.2595820707125542,0.6140796450016527,0.4430527459752881,1.703401731934835
split_random,ridge_cell,"T cells, Palbociclib",0.37346544434705603,0.5076833129382831,0.6876390829508487,1.4653118704074457
split_random,ridge_cell,"NK cells, AMD-070 (hydrochloride)",0.14528432213706213,0.6172304161450882,0.33601448582655025,1.7675525110214683
split_random,ridge_cell,"NK cells, FK 866",0.2104968423613833,0.7259150593441659,0.41874133359568283,1.8606054879607095
split_random,ridge_cell,"NK cells, Chlorpheniramine",0.18211287368759976,0.6462892875203063,0.3192399813556914,1.8393011206058407
split_random,ridge_cell,"T cells, Chlorpheniramine",0.4071145547126056,0.5396483812974933,0.6722583725117638,1.4848178356630808
split_random,ridge_cell,"B cells, Scriptaid",0.4113061761197707,1.6607273119176582,0.5348404750271815,2.6733495091119353
split_random,ridge_cell,"NK cells, Scriptaid",0.29918498311288194,1.304279843429676,0.4622990991431308,2.509296390642644
split_random,ridge_cell,"T cells, LY2090314",-0.006660315241017802,2.46381242081196,-0.011856202240768709,3.322315062772643
split_random,ridge_cell,"T cells, AT13387",0.5851884582475657,1.953368430778919,0.6728839710562843,2.8408287738660185
split_random,ridge_cell,"T cells, PF-04691502",0.5724668085182048,1.0118351544514912,0.755466772325272,2.135613656371297
split_random,ridge_cell,"NK cells, Flutamide",0.26076813523452774,0.6500692010807543,0.49781092133802474,1.7285291376914387
split_random,ridge_cell,"NK cells, Dactolisib",0.4175478943942531,0.982204346638068,0.6363723138984095,2.2099983644762684
split_random,ridge_cell,"NK cells, BMS-536924",0.4134671103657823,0.6916387271782678,0.6580808777285191,1.7456595485030715
split_random,ridge_cell,"T cells, BMS-536924",0.6921461662669222,0.9790084524761716,0.8634536052436248,2.0489443996768744
split_random,ridge_cell,"NK cells, IKK Inhibitor VII",0.33660495880876506,0.7122489188224833,0.5710281028260047,1.8215451718416864
split_random,ridge_cell,"Myeloid cells, Isoniazid",0.34455020328224256,0.5733659308424774,0.6341982057640442,1.4789027984924428
split_random,ridge_cell,"T cells, IMD-0354",0.5090153207053283,1.6000139202426926,0.6313150075407575,2.6549159561394484
split_random,ridge_cell,"T cells, Canertinib",0.29159132287426304,0.7610731248714055,0.4441758906903795,1.9726816753198009
split_random,ridge_cell,"Myeloid cells, Idelalisib",0.3898820086242045,0.9023613685273979,0.6122157305126565,1.926701469793221
split_random,ridge_cell,"NK cells, Alogliptin",0.09957968445694637,0.6228133441161187,0.12293157526916532,1.8135888867144476
split_random,ridge_cell,"B cells, Penfluridol",-0.0478336507827386,0.6684625333146292,-0.1790957941319277,1.8802534496169832
split_random,ridge_cell,"Myeloid cells, Penfluridol",0.24096798072919887,0.7200287394953364,0.44290185733752274,1.732122327971557
split_random,ridge_cell,"NK cells, Penfluridol",0.24548925788839762,0.6571587509581545,0.46253345619684594,1.7437842555751788
split_random,ridge_cell,"B cells, CHIR-99021",-0.16680696591574748,0.8803509438000822,-0.34177406215390127,2.178394236312653
split_random,ridge_cell,"Myeloid cells, CHIR-99021",-0.04814656119577097,1.2768092828116793,-0.07325184757867267,2.5016969041804873
split_random,ridge_cell,"T cells, BI-D1870",0.13668547921513166,0.6092814533858479,0.28959289993696313,1.6373945268493184
split_random,ridge_cell,"NK cells, HMN-214",0.215061228641897,0.6668920152958374,0.4292956712728334,1.7353546825515225
split_random,ridge_cell,"T cells, HMN-214",-0.2136871673308975,0.8136310686287818,-0.5189501312928596,2.3910739320322287
split_random,ridge_cell,"NK cells, Crizotinib",0.404875388734911,0.6647166976712368,0.6199392630129922,1.6963989473555723
split_random,ridge_cell,"T cells, Nilotinib",0.6253914525575734,0.7240824618190373,0.8324406129437516,1.676579725047007
split_random,ridge_cell,"T cells, Saracatinib",0.653762074716496,0.742458050166652,0.8492542774265592,1.6620170359666084
split_random,ridge_cell,"T cells, RG7112",0.2942054035298764,0.6135369394305814,0.4200018184535295,2.1673371034704325
split_random,ridge_cell,"T cells, Lamivudine",0.28193806275552047,0.5157488916578311,0.49422716504840386,1.5171854509602813
split_random,ridge_cell,"B cells, TGX 221",0.6886079288377883,0.728635269287796,0.8681124880615321,1.693924110340613
split_random,ridge_cell,"B cells, Pitavastatin Calcium",-0.11398914745999537,1.166490114712178,-0.1489622761159573,2.467581080142903
split_random,ridge_cell,"Myeloid cells, Pitavastatin Calcium",-0.0026876995726858918,2.356391334446945,0.009285453439490124,3.2314804396396752
split_random,ridge_cell,"B cells, ABT737",-0.10106535373935008,1.0228708428689477,-0.1706301671359844,2.244591339788302
split_random,ridge_cell,"NK cells, ABT737",0.20873225420064553,0.7099488831225506,0.3638511949992117,1.8613340686160798
split_random,ridge_cell,"NK cells, PRT-062607",0.43559588602477106,0.6971879663258774,0.6725087696084692,1.752685575262695
split_random,ridge_cell,"Myeloid cells, AZ628",0.5163981046662877,0.865029212993318,0.7409368559967819,1.8750168849732483
split_random,ridge_cell,"T cells, Masitinib",0.40937268077393624,0.5211512886568712,0.780554749793513,1.2778054870869218
split_random,ridge_cell,"T cells, CGM-097",0.02506900344725671,1.3703988167361347,0.03111260874998897,2.656372293072837
split_random,ridge_cell,"NK cells, STK219801",0.2241788623719742,0.6522087374561071,0.3969175298399745,1.8662078819941494
split_random,ridge_cell,"NK cells, GSK-1070916",0.1904386625860314,0.6339610569775932,0.42084628972633303,1.7418087695704165
split_random,ridge_cell,"T cells, GSK-1070916",0.4418764367153768,0.5379895531011906,0.6887288823296176,1.5085048058566728
split_random,ridge_cell,"NK cells, Ricolinostat",0.09294222292327324,0.7629024897568812,0.17194323118610882,1.9165836400275
split_random,ridge_cell,"NK cells, Bosutinib",0.3305422064596999,0.748455743723438,0.5612576232728441,1.8878093297673901
split_random,ridge_cell,"T cells, R428",0.5911011101763615,0.8474426190494675,0.7878899545747474,1.9236426639186672
split_random,ridge_cell,"T cells, Colforsin",0.33852991453146447,0.5303255783402985,0.5300239971829438,1.424448351853592
split_random,ridge_cell,"T cells, Colchicine",0.2733020160330156,0.9327917134148824,0.48953369137746494,2.2399392552242245
split_random,ridge_cell,"NK cells, Tipifarnib",0.33517838085070695,0.6611730231597778,0.577385656145076,1.7850242106961458
split_random,ridge_cell,"NK cells, AZD4547",0.2475912697384899,0.6294985575547379,0.49187893990389703,1.7455540218255226
split_random,ridge_cell,"NK cells, Prednisolone",0.3845710197109306,0.8899567784552493,0.599615642747641,2.1155176892721403
split_random,ridge_cell,"T cells, Tacalcitol",0.45992729789962866,0.6038624478997164,0.7656634324599714,1.560674200441407
split_random,ridge_cell,"B cells, Selumetinib",0.6070743525978658,0.7077339815368942,0.823257569027287,1.796444784574994
split_random,ridge_cell,"NK cells, Selumetinib",0.2992190140872139,0.6723642715185142,0.5093174794202907,1.7747491166153155
split_random,ridge_cell,"NK cells, SB525334",0.026372229220610437,0.7644816774679708,0.04951396382656294,1.9429472408035846
split_random,ridge_cell,"NK cells, HYDROXYUREA",0.14268512170155465,0.6358555198262612,0.341350468711295,1.7355787500414674
split_random,ridge_cell,"B cells, TIE2 Kinase Inhibitor",0.17676268322866381,0.5791088411331927,0.2901922845181531,1.61102553253984
split_random,ridge_cell,"Myeloid cells, TIE2 Kinase Inhibitor",0.07597540544733618,0.7057393065154604,0.3476949591836778,1.7953328855283956
split_random,ridge_cell,"Myeloid cells, Atorvastatin",-0.03746069348773794,0.810054896293274,-0.09771501289534536,2.188086888633065
split_random,ridge_cell,"Myeloid cells, AVL-292",0.4763152464089964,0.842616169322946,0.7398197013245585,1.8757400657086172
split_random,ridge_cell,"B cells, Chlorpheniramine",0.3031929465022061,0.5848216702817318,0.53607597937284,1.5976636666331747
split_random,ridge_cell,"B cells, BAY 61-3606",0.4666713401517917,1.1505384354899586,0.6466225963805999,2.2442241817311332
split_random,ridge_cell,"B cells, Dasatinib",0.6649008636665134,1.0572866216557508,0.8318162744434777,2.1343305246417654
split_random,ridge_cell,"Myeloid cells, BMS-536924",0.6102118780606081,0.937978870298808,0.8100660182075256,1.9205271229962722
split_random,ridge_cell,"B cells, IKK Inhibitor VII",0.6665398550285876,0.8777372388249061,0.8341141020495272,1.8581784419943845
split_random,ridge_cell,"Myeloid cells, IKK Inhibitor VII",0.6274690119611479,1.3669748521503415,0.7722880320581655,2.4491046923784476
split_random,ridge_cell,"B cells, AZD3514",0.31293317864793146,0.6985864714357238,0.48355926674889005,1.8020350058879453
split_random,ridge_cell,"B cells, RG7112",0.13417595816325575,0.6158310014090443,0.3503012202050561,1.9423850578052506
split_random,ridge_cell,"B cells, Lamivudine",0.36493441097866575,0.5895250296636282,0.6528669323503881,1.562298301523972
split_random,ridge_cell,"Myeloid cells, Lamivudine",0.2578456165423877,0.6958273936160919,0.5252280705014458,1.7036871384826051
split_random,ridge_cell,"Myeloid cells, AZD-8330",0.5354072829400102,1.0161261271049977,0.7577704068358144,2.101414435056452
split_random,ridge_cell,"Myeloid cells, Ceritinib",0.5422025448473744,0.8341198239459752,0.7873493778711592,1.9133356180435164
split_random,ridge_cell,"B cells, TPCA-1",0.746651977892409,0.9851082118682533,0.877599393172865,1.9712354574563584
split_random,ridge_cell,"B cells, GSK-1070916",0.4218560665893655,0.566475354776815,0.6557832085665448,1.507760727148276
split_random,ridge_cell,"Myeloid cells, Bosutinib",0.5758772654175515,1.5418159115327823,0.7263364309434779,2.567573613177854
split_random,ridge_cell,"Myeloid cells, YK 4-279",0.257558268357523,0.6175876060698818,0.4406691392698778,1.5987938307118301
split_random,ridge_cell,"Myeloid cells, Imatinib",0.1969173757524592,0.5646470783361139,0.547175945335737,1.5032144422854712
split_random,ridge_cell,"Myeloid cells, SCH-58261",0.2801132732753257,0.6529377788330565,0.5547134413225254,1.6532910871501199
split_random,ridge_cell,"B cells, Tosedostat",0.18538872396768297,0.6724016220286683,0.3344402714065323,1.7644236059144558
split_random,ridge_cell,"Myeloid cells, Doxorubicin",0.18376213901232,2.323376706708281,0.23524296658652757,3.1541780273764597
split_random,ridge_cell,"Myeloid cells, Tacalcitol",0.08477696971051488,2.238411456393111,0.11821456249033827,3.17852398446976
split_random,ridge_cell,"Myeloid cells, Clotrimazole",0.07519465756444264,0.796365594513596,0.18332399951328637,1.937619555405035
split_random,ridge_cell,"Myeloid cells, Mubritinib (TAK 165)",0.24049548393231956,1.1287612988204252,0.38322192391673027,2.315439500166154
split_random,ridge_cell,"B cells, Vanoxerine",0.25802029087489636,0.589688672165837,0.4769780190986179,1.6518721407814398
split_random,ridge_cell,"Myeloid cells, SB525334",-0.15623621538067906,1.339918273284159,-0.22542374714097357,2.6739863640089294
split_random,ridge_drug_fp,"T cells, Lapatinib",0.34348828287701993,0.5760844405066774,0.6664274037374189,1.5101007905097399
split_random,ridge_drug_fp,"Myeloid cells, Ganetespib (STA-9090)",0.4300960659331172,1.5249549595979583,0.5967890478889178,2.1720526547313823
split_random,ridge_drug_fp,"NK cells, Clomipramine",0.18304314253203513,0.6551521559000351,0.3008547074913074,1.7173517609125022
split_random,ridge_drug_fp,"Myeloid cells, Sunitinib",0.13343055650544305,0.7721691931059529,0.3534924481472425,1.7359581622556919
split_random,ridge_drug_fp,"T cells, Sunitinib",0.38384611799917634,0.692155243311943,0.6506184222826786,1.5540992796627398
split_random,ridge_drug_fp,"T cells, Tivozanib",0.3516315494218821,0.634550193563629,0.6788337557109855,1.592134815055743
split_random,ridge_drug_fp,"T cells, Ixabepilone",0.21331439528190077,0.5573038735137281,0.4908646392908743,1.5431643915052295
split_random,ridge_drug_fp,"B cells, Linagliptin",0.08410454879565292,0.6507849662456355,0.1415178565157062,1.7584890760464098
split_random,ridge_drug_fp,"NK cells, Linagliptin",0.08048742027093014,0.7039565265299612,0.22077310788430865,1.7509607605664272
split_random,ridge_drug_fp,"T cells, 5-(9-Isopropyl-8-methyl-2-morpholino-9H-purin-6-yl)pyrimidin-2-amine",0.6856581526014465,1.0731089803304708,0.8076277639866423,1.7137843663624923
split_random,ridge_drug_fp,"NK cells, Protriptyline",0.060770455654698845,0.6651033338108172,0.09720900091522452,1.7964157360571447
split_random,ridge_drug_fp,"T cells, Protriptyline",0.18458201926717518,0.520558884511711,0.47084719384163315,1.5533172129315926
split_random,ridge_drug_fp,"B cells, I-BET151",0.5497666708067809,1.1582409797383642,0.7356317567643855,1.8049110644586597
split_random,ridge_drug_fp,"T cells, I-BET151",0.6235736259271217,1.5662553637942027,0.7370417496052564,2.224224157232903
split_random,ridge_drug_fp,"NK cells, IN1451",0.6340813177992477,1.3629512805075812,0.8569331087911235,1.2712494603216546
split_random,ridge_drug_fp,"NK cells, Raloxifene",0.21332393929522817,0.7962047143884318,0.44281330833755983,1.794927074193
split_random,ridge_drug_fp,"Myeloid cells, BAY 87-2243",0.18914217570908531,1.5322900786764915,0.26584982488185904,2.5715102961278964
split_random,ridge_drug_fp,"NK cells, BAY 87-2243",0.35733861779454124,1.00733417810337,0.581184633211893,1.8679478202607656
split_random,ridge_drug_fp,"T cells, BAY 87-2243",0.44202259704831376,1.2063927577957505,0.6015367726173256,2.055761078726876
split_random,ridge_drug_fp,"NK cells, Phenylbutazone",0.1407362810245587,0.6786603258648216,0.21131184947651296,1.8192693649064333
split_random,ridge_drug_fp,"NK cells, BMS-777607",0.09252750542974908,0.7312707623041019,0.1878579856740766,1.774524240096004
split_random,ridge_drug_fp,"NK cells, Porcn Inhibitor III",0.12485166311727995,0.8693837030528639,0.2713109026160202,1.9163968274659111
split_random,ridge_drug_fp,"T cells, Porcn Inhibitor III",0.2967151110924699,0.7141040057986117,0.5549263393603182,1.4896436868816036
split_random,ridge_drug_fp,"T cells, TL_HRAS26",0.25645217069831466,0.5572916809801683,0.6046328457522255,1.7316201555142239
split_random,ridge_drug_fp,"NK cells, BMS-265246",0.4978794869871468,0.940272342964672,0.7769703302176089,1.3818007871841964
split_random,ridge_drug_fp,"T cells, Ruxolitinib",0.48005477152354814,0.9032633749385429,0.7329997452565964,1.612486084577482
split_random,ridge_drug_fp,"NK cells, Pomalidomide",0.38334697416713986,0.8551527975926507,0.6237873932602394,1.687297591079222
split_random,ridge_drug_fp,"B cells, Navitoclax",0.26759347512221165,0.8513889009980403,0.5034440497049824,1.926688943046789
split_random,ridge_drug_fp,"B cells, Palbociclib",0.13218628771917196,0.8396318536140032,0.2804948130289312,1.8127830977689527
split_random,ridge_drug_fp,"NK cells, Palbociclib",0.1325249084170157,0.8285512775449155,0.2516855060704611,1.7520953968413933
split_random,ridge_drug_fp,"T cells, Palbociclib",0.23506791631214805,0.7209746205438716,0.5309950172275155,1.5546161618732162
split_random,ridge_drug_fp,"NK cells, AMD-070 (hydrochloride)",0.058231923245346276,0.7161558903367304,0.0822856779852366,1.85464064334343
split_random,ridge_drug_fp,"NK cells, FK 866",0.25652402541109137,0.8531764245112466,0.46544994515522464,1.737604470096547
split_random,ridge_drug_fp,"NK cells, Chlorpheniramine",-0.006515117548246051,0.7416576565536291,0.006209985072606023,1.934640828255087
split_random,ridge_drug_fp,"T cells, Chlorpheniramine",0.05588859082457901,0.6664728591428318,0.06564628398041032,1.7516822033136092
split_random,ridge_drug_fp,"B cells, Scriptaid",0.7072518266076989,1.2740831806675552,0.8378792050643052,1.6093578409880138
split_random,ridge_drug_fp,"NK cells, Scriptaid",0.63414049821238,1.2287712105041428,0.8224119247121532,1.482095679625786
split_random,ridge_drug_fp,"T cells, LY2090314",0.4410865343416413,2.190176308340767,0.5135053800727551,2.8734565374087957
split_random,ridge_drug_fp,"T cells, AT13387",0.6369968455413865,1.6822411792101666,0.7243789691149609,2.3681774641253646
split_random,ridge_drug_fp,"T cells, PF-04691502",0.5346335749753435,0.981308571474032,0.7478651579413905,1.8209336690623767
split_random,ridge_drug_fp,"NK cells, Flutamide",0.13671115290070934,0.7018699135250698,0.33184746184627,1.763963662928091
split_random,ridge_drug_fp,"NK cells, Dactolisib",0.564243639456057,1.1304410155409415,0.7679543637511357,1.5159016538137942
split_random,ridge_drug_fp,"NK cells, BMS-536924",0.23753945655557215,1.0147081679895886,0.40688437303212033,1.799129784357003
split_random,ridge_drug_fp,"T cells, BMS-536924",0.5166005142527113,1.0381282733864434,0.7201028124623621,1.7850431195278456
split_random,ridge_drug_fp,"NK cells, IKK Inhibitor VII",0.3261608362641179,0.8814086026831897,0.5473968601347767,1.6475042073082102
split_random,ridge_drug_fp,"Myeloid cells, Isoniazid",0.13178313520719756,0.6138875728665132,0.2248606569933574,1.7355723639110539
split_random,ridge_drug_fp,"T cells, IMD-0354",0.634738316262811,1.3645226488329707,0.751872900436252,2.1390835091084437
split_random,ridge_drug_fp,"T cells, Canertinib",0.4274997213561188,0.7300404189673507,0.6701227368687301,1.6492816341635224
split_random,ridge_drug_fp,"Myeloid cells, Idelalisib",0.22774058207117462,1.0264873974631483,0.392731732335153,2.0286929787444734
split_random,ridge_drug_fp,"NK cells, Alogliptin",0.11317855721680678,0.6538381298959146,0.2540987188416675,1.7706837904498443
split_random,ridge_drug_fp,"B cells, Penfluridol",0.10182940007920434,0.6459226821684597,0.23281950715914695,1.741814516542107
split_random,ridge_drug_fp,"Myeloid cells, Penfluridol",0.15473075190408217,0.7516245039773249,0.3451289608288479,1.7959173622536921
split_random,ridge_drug_fp,"NK cells, Penfluridol",0.08920725804924774,0.741621655140461,0.1312790852117158,1.8304953416326675
split_random,ridge_drug_fp,"B cells, CHIR-99021",0.4397806756035422,0.8135951767588848,0.7028085139145179,1.4423011971391808
split_random,ridge_drug_fp,"Myeloid cells, CHIR-99021",0.38970298147266297,1.1501953700458794,0.5601119484514582,2.057120914785167
split_random,ridge_drug_fp,"T cells, BI-D1870",0.16697486355583413,0.6522216960564622,0.45243455855162895,1.53267575113348
split_random,ridge_drug_fp,"NK cells, HMN-214",0.2556911473956882,0.7227249494087582,0.4103237942939533,1.6716411698108087
split_random,ridge_drug_fp,"T cells, HMN-214",0.40906379211863547,0.6574773275554745,0.7152431705385764,1.5527793302535922
split_random,ridge_drug_fp,"NK cells, Crizotinib",0.27222100431464186,0.8229075500046419,0.46283112911682706,1.6824396607423011
split_random,ridge_drug_fp,"T cells, Nilotinib",0.49168680121611363,0.7822040572167144,0.7469009278250689,1.5502228973848107
split_random,ridge_drug_fp,"T cells, Saracatinib",0.5834905413865389,0.7781359167625802,0.796492486832302,1.3617554334185231
split_random,ridge_drug_fp,"T cells, RG7112",0.42919306353869685,0.6183889612980796,0.6994133495038206,1.569028187465298
split_random,ridge_drug_fp,"T cells, Lamivudine",0.10615665151600023,0.6614763127327248,0.23026016555266757,1.6018880819217625
split_random,ridge_drug_fp,"B cells, TGX 221",0.455526884843255,0.8281767207127504,0.6819955850092231,1.7359226545381563
split_random,ridge_drug_fp,"B cells, Pitavastatin Calcium",0.5365557061590078,1.0444680541767142,0.7406356936369233,1.5735339874211294
split_random,ridge_drug_fp,"Myeloid cells, Pitavastatin Calcium",0.3907916573893119,2.148279199597919,0.4559168005369584,2.852591358532559
split_random,ridge_drug_fp,"B cells, ABT737",0.21893098793073498,0.9705253366032406,0.36580632974119426,1.9827381359982061
split_random,ridge_drug_fp,"NK cells, ABT737",0.03163336072168708,0.8841839074247907,0.09103129005696046,1.9682012064732703
split_random,ridge_drug_fp,"NK cells, PRT-062607",0.35326140778814347,0.9502013889569539,0.6061289167582209,1.5711934070785796
split_random,ridge_drug_fp,"Myeloid cells, AZ628",0.2681168539639342,1.0105370454750993,0.45071192846176383,2.0296630748943616
split_random,ridge_drug_fp,"T cells, Masitinib",0.31742104730923654,0.5751526757634012,0.7073172712633675,1.3627325074518555
split_random,ridge_drug_fp,"T cells, CGM-097",0.6032574938250179,1.0740019490136357,0.756050501631572,1.937582834003747
split_random,ridge_drug_fp,"NK cells, STK219801",0.21936785094412015,0.6941943632533907,0.3606985004178283,1.7954778651451682
split_random,ridge_drug_fp,"NK cells, GSK-1070916",0.1375423427456338,0.8540889133250271,0.20567207950294805,1.7959253140856382
split_random,ridge_drug_fp,"T cells, GSK-1070916",0.303054532999795,0.7449458464484343,0.5866201659840334,1.4462244318963515
split_random,ridge_drug_fp,"NK cells, Ricolinostat",0.33141972021729416,0.8395302140084485,0.5264662902046349,1.6180427021007768
split_random,ridge_drug_fp,"NK cells, Bosutinib",0.37236031249115803,0.9379541020636957,0.5746632555487237,1.6209984191862006
split_random,ridge_drug_fp,"T cells, R428",0.4493476688153369,1.120171517970592,0.7278097635095045,1.5697037085862535
split_random,ridge_drug_fp,"T cells, Colforsin",0.2217368568737969,0.581759112420053,0.4871004213778157,1.497204848264245
split_random,ridge_drug_fp,"T cells, Colchicine",0.4275691710221575,1.0344525340080535,0.7239068328087325,1.7086741283918627
split_random,ridge_drug_fp,"NK cells, Tipifarnib",0.2424806412098,0.7492170356689122,0.4010271134306001,1.7704249879752965
split_random,ridge_drug_fp,"NK cells, AZD4547",0.10589154631373848,0.7033269042249017,0.2029328340689907,1.8184469256581304
split_random,ridge_drug_fp,"NK cells, Prednisolone",0.41267382540645026,1.0458900726111018,0.6404558563525232,1.748711792804093
split_random,ridge_drug_fp,"T cells, Tacalcitol",0.33329318273990227,0.685143455801045,0.6654056679437359,1.5551377853240418
split_random,ridge_drug_fp,"B cells, Selumetinib",0.3651225104113361,0.8599041380105135,0.6396253931274434,1.8383978670427814
split_random,ridge_drug_fp,"NK cells, Selumetinib",0.19352079973219735,0.8517073837377273,0.35818389986098853,1.797332244205128
split_random,ridge_drug_fp,"NK cells, SB525334",0.29470846974597037,0.774782362125953,0.4905982052647187,1.701670617932223
split_random,ridge_drug_fp,"NK cells, HYDROXYUREA",0.07129966949980394,0.6825835193506762,0.14480047336631593,1.7872405786987242
split_random,ridge_drug_fp,"B cells, TIE2 Kinase Inhibitor",0.15961163823139424,0.6028612268120879,0.35855587238513986,1.5881643390672164
split_random,ridge_drug_fp,"Myeloid cells, TIE2 Kinase Inhibitor",0.18071019748796094,0.6705305076754879,0.3362658098181141,1.8075645076622284
split_random,ridge_drug_fp,"Myeloid cells, Atorvastatin",0.22597311726612299,0.7157252381515877,0.48390550437631974,1.9053900138439324
split_random,ridge_drug_fp,"Myeloid cells, AVL-292",0.21754842802365928,0.9957398475237774,0.3999663894013158,2.077835006908295
split_random,ridge_drug_fp,"B cells, Chlorpheniramine",0.022621076052947633,0.6849285548916729,-0.002515227075313607,1.8461116056579294
split_random,ridge_drug_fp,"B cells, BAY 61-3606",0.6193547790080094,1.0654078079662377,0.8119893265252455,1.494950930513028
split_random,ridge_drug_fp,"B cells, Dasatinib",0.4677210776618632,1.1254926116116735,0.6693186374919349,1.9874648177851453
split_random,ridge_drug_fp,"Myeloid cells, BMS-536924",0.29158025703141427,1.2072105071330619,0.4726901261568068,2.059228198901173
split_random,ridge_drug_fp,"B cells, IKK Inhibitor VII",0.4675415508168455,0.9752588853036567,0.6606207447366916,1.7836434540007624
split_random,ridge_drug_fp,"Myeloid cells, IKK Inhibitor VII",0.33022564624253364,1.500086544116624,0.5154629690260807,2.5096831020055603
split_random,ridge_drug_fp,"B cells, AZD3514",0.4243135478715882,0.6883746166682481,0.6482180734819997,1.5608754549302617
split_random,ridge_drug_fp,"B cells, RG7112",0.22709352173840566,0.6737006435620796,0.5088805405669725,1.66389206714812
split_random,ridge_drug_fp,"B cells, Lamivudine",0.12075465430138439,0.7403032006849548,0.18432884589677256,1.7931388323467194
split_random,ridge_drug_fp,"Myeloid cells, Lamivudine",0.07177157518286632,0.8142052187742063,0.20573767165804951,1.8706750421625364
split_random,ridge_drug_fp,"Myeloid cells, AZD-8330",0.24299319518922427,1.161027884135439,0.4269224537922422,2.2899603554283843
split_random,ridge_drug_fp,"Myeloid cells, Ceritinib",0.2070665900475252,0.9748034274742028,0.4434847006127394,2.1981782147336917
split_random,ridge_drug_fp,"B cells, TPCA-1",0.4978259031284789,1.058270734934768,0.7108287432362318,1.8669619587600013
split_random,ridge_drug_fp,"B cells, GSK-1070916",0.2195058200996609,0.8019017152039325,0.3672671082188403,1.632621687213486
split_random,ridge_drug_fp,"Myeloid cells, Bosutinib",0.4807943793602532,1.5121797532306978,0.616662973545833,2.3680824979190747
split_random,ridge_drug_fp,"Myeloid cells, YK 4-279",0.20715252731194617,0.6276356713380659,0.406905652914342,1.6226876539158397
split_random,ridge_drug_fp,"Myeloid cells, Imatinib",0.17934385092148278,0.5464623140991944,0.43666349985347325,1.5615221798945527
split_random,ridge_drug_fp,"Myeloid cells, SCH-58261",0.1882957220011184,0.6700689324532277,0.3580983603361127,1.7541740236015393
split_random,ridge_drug_fp,"B cells, Tosedostat",0.24900310780027204,0.7495803326534728,0.5034218151957537,1.5969992770010006
split_random,ridge_drug_fp,"Myeloid cells, Doxorubicin",0.5352013055669034,2.0188859219989137,0.6168117985793302,2.6722157094725643
split_random,ridge_drug_fp,"Myeloid cells, Tacalcitol",0.10560158548014796,2.238764372297761,0.14649872165947417,3.165012912717458
split_random,ridge_drug_fp,"Myeloid cells, Clotrimazole",0.1696115117405742,0.7502418218677668,0.35497630338209185,1.867753028950058
split_random,ridge_drug_fp,"Myeloid cells, Mubritinib (TAK 165)",0.2427351862244904,1.1962931714530403,0.38183908001566297,2.2828639684616734
split_random,ridge_drug_fp,"B cells, Vanoxerine",0.18276524939497793,0.6250908344543682,0.2309141059681615,1.763593480356438
split_random,ridge_drug_fp,"Myeloid cells, SB525334",0.4109607762083511,1.1245209060323205,0.5841284009896285,2.201843245281816
split_random,ridge_cell_drug_fp,"T cells, Lapatinib",0.35324059719138456,0.5887109727823407,0.68471719580065,1.4715424040825724
split_random,ridge_cell_drug_fp,"Myeloid cells, Ganetespib (STA-9090)",0.502969655353952,1.4298191190098823,0.6769912344653315,2.004024785524146
split_random,ridge_cell_drug_fp,"NK cells, Clomipramine",0.2447813534893562,0.6345766506684253,0.40710418184923636,1.6609954877395556
split_random,ridge_cell_drug_fp,"Myeloid cells, Sunitinib",0.11721569686382714,0.8172034725898681,0.34274845783727675,1.7400890307501449
split_random,ridge_cell_drug_fp,"T cells, Sunitinib",0.4547278296505102,0.6640140615226233,0.7250390898856769,1.4392390069546368
split_random,ridge_cell_drug_fp,"T cells, Tivozanib",0.389284477541712,0.6305054909759884,0.728307949311243,1.501449686505987
split_random,ridge_cell_drug_fp,"T cells, Ixabepilone",0.33285064300303735,0.5381500428593565,0.6333347246534489,1.3081682403439145
split_random,ridge_cell_drug_fp,"B cells, Linagliptin",0.11377321053944302,0.6723705768649036,0.23576384282108323,1.7210006491237337
split_random,ridge_cell_drug_fp,"NK cells, Linagliptin",0.13687138755875772,0.7074427161707646,0.3484995133451248,1.6852255126735562
split_random,ridge_cell_drug_fp,"T cells, 5-(9-Isopropyl-8-methyl-2-morpholino-9H-purin-6-yl)pyrimidin-2-amine",0.7432119068004643,0.9913723715074946,0.8439131475629665,1.5808299708112408
split_random,ridge_cell_drug_fp,"NK cells, Protriptyline",0.14731289309725543,0.657857494083373,0.2722882261874445,1.738278750922815
split_random,ridge_cell_drug_fp,"T cells, Protriptyline",0.24470047688856544,0.5255029454985143,0.5956785223352192,1.4522226156891842
split_random,ridge_cell_drug_fp,"B cells, I-BET151",0.6039516936192117,1.096105855755266,0.779914776430724,1.6843939339611418
split_random,ridge_cell_drug_fp,"T cells, I-BET151",0.6730625820359007,1.4915808474607815,0.7750013028229259,2.113027466967296
split_random,ridge_cell_drug_fp,"NK cells, IN1451",0.641224590429112,1.3359516137295715,0.861798624553803,1.249150576586273
split_random,ridge_cell_drug_fp,"NK cells, Raloxifene",0.29366472326626936,0.7670231914703816,0.5498667270074746,1.71851777672773
split_random,ridge_cell_drug_fp,"Myeloid cells, BAY 87-2243",0.3229264144494718,1.4246456025710605,0.4456568642635327,2.383142082529115
split_random,ridge_cell_drug_fp,"NK cells, BAY 87-2243",0.36655456696956623,0.9635255860546533,0.5876141714069056,1.8832603654324838
split_random,ridge_cell_drug_fp,"T cells, BAY 87-2243",0.5092495136752014,1.144745113058199,0.6671215251417935,1.957848833804408
split_random,ridge_cell_drug_fp,"NK cells, Phenylbutazone",0.16510030030467598,0.6860701457712185,0.3422278999161986,1.7675492391429923
split_random,ridge_cell_drug_fp,"NK cells, BMS-777607",0.15694861686642175,0.6956599890870909,0.329910077845874,1.7150364285732922
split_random,ridge_cell_drug_fp,"NK cells, Porcn Inhibitor III",0.19412271506912043,0.8702911024532409,0.40737786488706673,1.8262955610764202
split_random,ridge_cell_drug_fp,"T cells, Porcn Inhibitor III",0.3268534517327853,0.733088401994519,0.590241245715526,1.4317603075135508
split_random,ridge_cell_drug_fp,"T cells, TL_HRAS26",0.32975432115207653,0.5592612867776738,0.6593571481049849,1.656242330370464
split_random,ridge_cell_drug_fp,"NK cells, BMS-265246",0.5245033672902784,0.9296739199227406,0.8060121374634795,1.3024659879170195
split_random,ridge_cell_drug_fp,"T cells, Ruxolitinib",0.5788716247070839,0.8221659786829744,0.8093401896658908,1.4455859162540075
split_random,ridge_cell_drug_fp,"NK cells, Pomalidomide",0.4052122674063466,0.8642853894689841,0.6472464419192592,1.64351313274308
split_random,ridge_cell_drug_fp,"B cells, Navitoclax",0.22921410072564,0.8828601160669093,0.41187758083844733,1.9636859819637815
split_random,ridge_cell_drug_fp,"B cells, Palbociclib",0.24310490348085637,0.77289090444076,0.4795532226863119,1.6631862663768666
split_random,ridge_cell_drug_fp,"NK cells, Palbociclib",0.20841852013030754,0.7498666726987256,0.41777535312008507,1.6466136107841425
split_random,ridge_cell_drug_fp,"T cells, Palbociclib",0.3204383438064866,0.6621150527988188,0.6530011969260348,1.4248766556603656
split_random,ridge_cell_drug_fp,"NK cells, AMD-070 (hydrochloride)",0.15670957229609941,0.6835838899137578,0.2696955914146523,1.7725541456648526
split_random,ridge_cell_drug_fp,"NK cells, FK 866",0.29157229277939,0.8304177567527098,0.5084049176058834,1.6926186202137752
split_random,ridge_cell_drug_fp,"NK cells, Chlorpheniramine",0.051780896934447665,0.7479852878168962,0.12601008078029383,1.8970040445770744
split_random,ridge_cell_drug_fp,"T cells, Chlorpheniramine",0.1457664095137015,0.6638286798759284,0.2753372933300953,1.6702971409400327
split_random,ridge_cell_drug_fp,"B cells, Scriptaid",0.7395231505407087,1.2037880552203046,0.86057661171553,1.5172826297646789
split_random,ridge_cell_drug_fp,"NK cells, Scriptaid",0.6461953421345824,1.1789566607423632,0.8335712733220476,1.4477855655407488
split_random,ridge_cell_drug_fp,"T cells, LY2090314",0.47704393675040085,2.1470221797249454,0.5472092319139237,2.8160213652268293
split_random,ridge_cell_drug_fp,"T cells, AT13387",0.7044470428180065,1.5869770243880503,0.7807939819058027,2.234350615504406
split_random,ridge_cell_drug_fp,"T cells, PF-04691502",0.6032384437165351,0.9233008760476116,0.8003615032148853,1.6968903681239886
split_random,ridge_cell_drug_fp,"NK cells, Flutamide",0.20416507245494805,0.6883756697698111,0.4073915759364027,1.7239321019942553
split_random,ridge_cell_drug_fp,"NK cells, Dactolisib",0.5818987756776711,1.048719453099338,0.7893735500677959,1.4329461582140688
split_random,ridge_cell_drug_fp,"NK cells, BMS-536924",0.2822178714629915,0.9162943379514867,0.4753166688814448,1.7036483492405874
split_random,ridge_cell_drug_fp,"T cells, BMS-536924",0.6047364292990226,0.943632611514814,0.80312488716407,1.6057635551923344
split_random,ridge_cell_drug_fp,"NK cells, IKK Inhibitor VII",0.3560030761367892,0.8153863800660716,0.5910551387840521,1.6022094856978328
split_random,ridge_cell_drug_fp,"Myeloid cells, Isoniazid",0.32320199075612766,0.5961607154452343,0.5983033659243758,1.4830392055271975
split_random,ridge_cell_drug_fp,"T cells, IMD-0354",0.6874896941937275,1.2986005634043798,0.7921348041892833,2.038714305016056
split_random,ridge_cell_drug_fp,"T cells, Canertinib",0.49233356905919645,0.7016893994316973,0.7301560803449215,1.5536849683200158
split_random,ridge_cell_drug_fp,"Myeloid cells, Idelalisib",0.37057648649094743,0.9601092130045666,0.5932986117503546,1.8214925824873582
split_random,ridge_cell_drug_fp,"NK cells, Alogliptin",0.19868068090845198,0.6482471651029978,0.40558247382038776,1.6920157493222894
split_random,ridge_cell_drug_fp,"B cells, Penfluridol",0.11482491491536914,0.6700833044867295,0.20983653905786817,1.751922697170067
split_random,ridge_cell_drug_fp,"Myeloid cells, Penfluridol",0.2809618051149472,0.7408754823703991,0.5182259304913718,1.6650018389876409
split_random,ridge_cell_drug_fp,"NK cells, Penfluridol",0.17424207581648546,0.7263669134989816,0.2849509175907546,1.7665336352798477
split_random,ridge_cell_drug_fp,"B cells, CHIR-99021",0.4093779739594993,0.8384580317657486,0.6609630583298852,1.5085211291155567
split_random,ridge_cell_drug_fp,"Myeloid cells, CHIR-99021",0.37630236483080004,1.1665706149701407,0.5372139374708939,2.0779502086376973
split_random,ridge_cell_drug_fp,"T cells, BI-D1870",0.2521713145792296,0.6380200663957754,0.5734128872191986,1.4466214726204447
split_random,ridge_cell_drug_fp,"NK cells, HMN-214",0.30398290705057546,0.7178431727937767,0.4991453071976156,1.6012242150957254
split_random,ridge_cell_drug_fp,"T cells, HMN-214",0.35867877290111666,0.6859432117519425,0.6674662558398768,1.6479159275039654
split_random,ridge_cell_drug_fp,"NK cells, Crizotinib",0.3186569468277166,0.7617429232594083,0.5128309819734392,1.6306826328911388
split_random,ridge_cell_drug_fp,"T cells, Nilotinib",0.5639338571170063,0.7378814768724716,0.7916406919503188,1.4232306637076642
split_random,ridge_cell_drug_fp,"T cells, Saracatinib",0.6657499453575141,0.7035834583540737,0.8556997626152533,1.181803057333627
split_random,ridge_cell_drug_fp,"T cells, RG7112",0.43374715613705844,0.6357742927841262,0.7007919021068113,1.5636402568928114
split_random,ridge_cell_drug_fp,"T cells, Lamivudine",0.20011010146605712,0.6558644197055432,0.3997314098308323,1.51545007930011
split_random,ridge_cell_drug_fp,"B cells, TGX 221",0.5902231163487188,0.7418939503715868,0.806886174338445,1.4865607440190562
split_random,ridge_cell_drug_fp,"B cells, Pitavastatin Calcium",0.5331839731356763,1.0448742764410002,0.7440813606840728,1.5684202522309905
split_random,ridge_cell_drug_fp,"Myeloid cells, Pitavastatin Calcium",0.40810630107251006,2.1275148068208547,0.4742281432366999,2.827071794559209
split_random,ridge_cell_drug_fp,"B cells, ABT737",0.23222945060838096,0.9836143733051276,0.3865667858379897,1.9676076803763143
split_random,ridge_cell_drug_fp,"NK cells, ABT737",0.06309573885184563,0.896671676138013,0.14314022827276154,1.9456788256801045
split_random,ridge_cell_drug_fp,"NK cells, PRT-062607",0.4038853667418206,0.8497950002640506,0.6615268996764053,1.4833045120819184
split_random,ridge_cell_drug_fp,"Myeloid cells, AZ628",0.44163613242942823,0.9217879896591956,0.6800509811756056,1.7539171629241446
split_random,ridge_cell_drug_fp,"T cells, Masitinib",0.45115698721126335,0.5362965117951018,0.8000202308643355,1.1465029407520007
split_random,ridge_cell_drug_fp,"T cells, CGM-097",0.6183040195351949,1.057298681983175,0.7649634924502012,1.8973997663315632
split_random,ridge_cell_drug_fp,"NK cells, STK219801",0.2639197444871512,0.6819589887879107,0.43748860971610964,1.7349674306057086
split_random,ridge_cell_drug_fp,"NK cells, GSK-1070916",0.16173941381532828,0.8467326855265583,0.2940853679257651,1.739575794125314
split_random,ridge_cell_drug_fp,"T cells, GSK-1070916",0.36104882681309836,0.75789936244071,0.6359559545881531,1.3527864583204328
split_random,ridge_cell_drug_fp,"NK cells, Ricolinostat",0.351786074672977,0.8163701353547105,0.5720898680857712,1.5761047198398168
split_random,ridge_cell_drug_fp,"NK cells, Bosutinib",0.40054952696944746,0.8657389992230445,0.6162527190954394,1.5636117836471197
split_random,ridge_cell_drug_fp,"T cells, R428",0.4946476118396662,1.0677302597700167,0.7745186747782928,1.4544477353585412
split_random,ridge_cell_drug_fp,"T cells, Colforsin",0.3285467112811782,0.567940218056585,0.5802881654642962,1.3495927260226226
split_random,ridge_cell_drug_fp,"T cells, Colchicine",0.4679373546050797,0.9923095208284595,0.7660375689130678,1.6210143291671153
split_random,ridge_cell_drug_fp,"NK cells, Tipifarnib",0.2739518760700407,0.7195177462305014,0.45624935077510326,1.7432948788716978
split_random,ridge_cell_drug_fp,"NK cells, AZD4547",0.16658646486581552,0.6893794913095637,0.3149259128855053,1.7711776725835993
split_random,ridge_cell_drug_fp,"NK cells, Prednisolone",0.4462866916096789,0.9772232607308687,0.675806549430487,1.6831983876867858
split_random,ridge_cell_drug_fp,"T cells, Tacalcitol",0.4374243135346801,0.647080130791007,0.7603724256298665,1.3979321610738222
split_random,ridge_cell_drug_fp,"B cells, Selumetinib",0.4866779837624043,0.7807767257161877,0.7581790432262331,1.631913511426824
split_random,ridge_cell_drug_fp,"NK cells, Selumetinib",0.24849932144240522,0.7849369033472567,0.4462152177233215,1.7250962641088379
split_random,ridge_cell_drug_fp,"NK cells, SB525334",0.35446017224422466,0.767534619174607,0.5602658959629944,1.6233579329390975
split_random,ridge_cell_drug_fp,"NK cells, HYDROXYUREA",0.14845732765739017,0.6697055328017523,0.36396081505663397,1.7097167904334096
split_random,ridge_cell_drug_fp,"B cells, TIE2 Kinase Inhibitor",0.21171896871459148,0.6134715680686784,0.4169973803242011,1.5440404077088168
split_random,ridge_cell_drug_fp,"Myeloid cells, TIE2 Kinase Inhibitor",0.20723597421523757,0.7032352266621922,0.47781811591569406,1.6991483998678603
split_random,ridge_cell_drug_fp,"Myeloid cells, Atorvastatin",0.18147261953677435,0.7678674421765137,0.3672706880332181,1.9586113697930065
split_random,ridge_cell_drug_fp,"Myeloid cells, AVL-292",0.38932958499873754,0.9173742584589143,0.6674378873743371,1.7917674654558724
split_random,ridge_cell_drug_fp,"B cells, Chlorpheniramine",0.11104652632640215,0.6896173986626212,0.25642351291747334,1.7421838570875325
split_random,ridge_cell_drug_fp,"B cells, BAY 61-3606",0.6696669265569711,0.9934425772162804,0.8438608957166222,1.386745591749159
split_random,ridge_cell_drug_fp,"B cells, Dasatinib",0.5698905287273267,1.0332029716099331,0.7656086919770182,1.784046522902476
split_random,ridge_cell_drug_fp,"Myeloid cells, BMS-536924",0.4278461943477354,1.087926847350761,0.6601985838061353,1.8024043207776286
split_random,ridge_cell_drug_fp,"B cells, IKK Inhibitor VII",0.5693302730790779,0.8851082835664683,0.763268865601256,1.5917481309468176
split_random,ridge_cell_drug_fp,"Myeloid cells, IKK Inhibitor VII",0.4955187811388914,1.3617276202118005,0.6936322478159346,2.2689364617607466
split_random,ridge_cell_drug_fp,"B cells, AZD3514",0.45839789512508755,0.680465255510026,0.6704951897524882,1.5190265049269651
split_random,ridge_cell_drug_fp,"B cells, RG7112",0.25488404163876394,0.6947833264486998,0.5510831531628323,1.6036754680821221
split_random,ridge_cell_drug_fp,"B cells, Lamivudine",0.23787283353987773,0.7228870370266335,0.4462858521519338,1.6386087041073953
split_random,ridge_cell_drug_fp,"Myeloid cells, Lamivudine",0.17761762164395856,0.8170384065200095,0.4293536020791777,1.7406170533664163
split_random,ridge_cell_drug_fp,"Myeloid cells, AZD-8330",0.4381577815333206,1.0538604006732453,0.6768212215406413,2.012847548122767
split_random,ridge_cell_drug_fp,"Myeloid cells, Ceritinib",0.4217930455513015,0.8900698681979887,0.7345243464854695,1.900064208902607
split_random,ridge_cell_drug_fp,"B cells, TPCA-1",0.6154834036386959,0.9501911857441704,0.812717410560409,1.6443513994637857
split_random,ridge_cell_drug_fp,"B cells, GSK-1070916",0.2960472348730757,0.7908213404286227,0.4884865354603908,1.520991456594847
split_random,ridge_cell_drug_fp,"Myeloid cells, Bosutinib",0.5809392100734734,1.4061902435007487,0.7269971874718506,2.184817934677337
split_random,ridge_cell_drug_fp,"Myeloid cells, YK 4-279",0.36225291858920305,0.6055811780905681,0.6169711599438145,1.4416516652416416
split_random,ridge_cell_drug_fp,"Myeloid cells, Imatinib",0.22869881976601203,0.5873652398046545,0.5526977018916915,1.4641677151723258
split_random,ridge_cell_drug_fp,"Myeloid cells, SCH-58261",0.24102503948685639,0.6949705476701509,0.43118036189956216,1.6944657018635507
split_random,ridge_cell_drug_fp,"B cells, Tosedostat",0.28914407427549527,0.7508638131988231,0.5465606840538757,1.5497772339790146
split_random,ridge_cell_drug_fp,"Myeloid cells, Doxorubicin",0.5616713159236585,1.9859834124247904,0.6433870688491337,2.626746303310987
split_random,ridge_cell_drug_fp,"Myeloid cells, Tacalcitol",0.09393202748007723,2.255452555918026,0.13121957892789693,3.177582217062718
split_random,ridge_cell_drug_fp,"Myeloid cells, Clotrimazole",0.14088476359251276,0.7979181075207842,0.32330364737889267,1.8680649161707246
split_random,ridge_cell_drug_fp,"Myeloid cells, Mubritinib (TAK 165)",0.3241454205430993,1.1583040862015017,0.4924343826419371,2.1571269537149713
split_random,ridge_cell_drug_fp,"B cells, Vanoxerine",0.26030937980841157,0.6254576875013691,0.39600669104799296,1.6529197040768433
split_random,ridge_cell_drug_fp,"Myeloid cells, SB525334",0.3431880450140174,1.1698120092083901,0.48756530435290524,2.2647370370321505
split_cell_heldout,ridge_cell,"Myeloid cells, MK-5108",0.10389884604242214,0.6024153718258543,0.23847543328117457,1.751158575810865
split_cell_heldout,ridge_cell,"Myeloid cells, Ganetespib (STA-9090)",0.3975180403434655,1.4579154039106565,0.5556472716901611,2.548348366559892
split_cell_heldout,ridge_cell,"Myeloid cells, Sunitinib",0.08786275565910652,0.676612723176978,0.23293762197206924,1.8055880999581333
split_cell_heldout,ridge_cell,"Myeloid cells, Tivozanib",0.0968004406321383,0.7720743359709992,0.18225832398540298,2.0138862058404565
split_cell_heldout,ridge_cell,"Myeloid cells, Tamatinib",0.33082632058358885,1.3611032450867075,0.4880970568706712,2.5259452518127077
split_cell_heldout,ridge_cell,"Myeloid cells, Linagliptin",-0.06727624364047327,0.7277106196568368,-0.1474357346514104,1.9792046132675738
split_cell_heldout,ridge_cell,"Myeloid cells, 5-(9-Isopropyl-8-methyl-2-morpholino-9H-purin-6-yl)pyrimidin-2-amine",0.38976816167632583,1.5551201479745658,0.5348911595328191,2.6967159115160917
split_cell_heldout,ridge_cell,"Myeloid cells, O-Demethylated Adapalene",0.10562893956501568,0.8233490398259933,0.19446126848252962,2.231893662349192
split_cell_heldout,ridge_cell,"Myeloid cells, I-BET151",0.3006548442392953,1.7400946378937372,0.4194531967032281,2.822381659016001
split_cell_heldout,ridge_cell,"Myeloid cells, GW843682X",0.050556031622157216,0.75690738336293,0.13911548160437537,2.073528665859635
split_cell_heldout,ridge_cell,"Myeloid cells, IN1451",0.24291334366208897,2.409328040038857,0.3029826093688116,3.2370540470618234
split_cell_heldout,ridge_cell,"Myeloid cells, Raloxifene",-0.042128868908844895,1.0079061802021791,-0.025243636847177495,2.271017041994997
split_cell_heldout,ridge_cell,"Myeloid cells, Topotecan",0.12104486142503612,1.4929388475894905,0.2011805213925895,2.6451960882158394
split_cell_heldout,ridge_cell,"Myeloid cells, BAY 87-2243",0.18949318907958201,1.4340944467920926,0.2487419356671829,2.594109571245713
split_cell_heldout,ridge_cell,"Myeloid cells, Porcn Inhibitor III",-0.1567944140649771,1.230160768802006,-0.22538714804490328,2.57518415886424
split_cell_heldout,ridge_cell,"Myeloid cells, TL_HRAS26",0.00768322957383285,0.6433672897543702,-0.01452788589553219,1.9650233827327577
split_cell_heldout,ridge_cell,"Myeloid cells, BMS-265246",0.058735890498836325,1.7432862046648432,0.12929280006467334,2.8759929276058736
split_cell_heldout,ridge_cell,"Myeloid cells, Pomalidomide",-0.030296089203510318,1.086765444462897,0.04796318296230839,2.546234267399581
split_cell_heldout,ridge_cell,"Myeloid cells, Dovitinib",-0.008300321772789004,0.9651143148295662,0.08215730906750675,2.279370764722
split_cell_heldout,ridge_cell,"Myeloid cells, Navitoclax",-0.2255578862699315,0.9295203488674165,-0.3493444169432244,2.1797886206888304
split_cell_heldout,ridge_cell,"Myeloid cells, Methotrexate",0.0525234666241874,0.9312144520964488,0.1156078169529755,2.14011512116456
split_cell_heldout,ridge_cell,"Myeloid cells, Palbociclib",0.16636105955649527,0.7749513640613717,0.3693507658346915,1.9831337578252048
split_cell_heldout,ridge_cell,"Myeloid cells, AMD-070 (hydrochloride)",0.09530027264230782,0.7547829627680425,0.20475012366935874,2.035943887745268
split_cell_heldout,ridge_cell,"Myeloid cells, FK 866",0.1311018132308104,1.1697945385674051,0.22052474526007124,2.376767412277774
split_cell_heldout,ridge_cell,"Myeloid cells, Scriptaid",0.2517028729521301,1.9078928563544102,0.35341427776467654,2.945909203741138
split_cell_heldout,ridge_cell,"Myeloid cells, Dactolisib",0.4259454974026009,2.07782260698495,0.5332567379904908,3.0338655298030766
split_cell_heldout,ridge_cell,"Myeloid cells, Isoniazid",0.08804332403326998,0.611692894861008,0.15712645642162865,1.7603314225808453
split_cell_heldout,ridge_cell,"Myeloid cells, Idelalisib",0.11920136718345266,0.9802983921925943,0.24183179264884075,2.1460760026507164
split_cell_heldout,ridge_cell,"Myeloid cells, Penfluridol",0.04003407662453948,0.7437742959915467,0.1419923608297763,1.874520698029685
split_cell_heldout,ridge_cell,"Myeloid cells, Quizartinib",0.10205217770661401,0.7924594936558556,0.18413794659955438,2.2351101714975163
split_cell_heldout,ridge_cell,"Myeloid cells, PD-0325901",0.16780008348644743,1.3823660784443026,0.2633628563115021,2.57991300375082
split_cell_heldout,ridge_cell,"Myeloid cells, LDN 193189",-0.0805911256054408,0.8173462601047868,-0.07700226032958224,2.070728648219518
split_cell_heldout,ridge_cell,"Myeloid cells, Riociguat",0.21365264280242116,0.5840908798582766,0.42412554379967554,1.6816523342948224
split_cell_heldout,ridge_cell,"Myeloid cells, CHIR-99021",-0.06495282215188054,1.24373199123462,-0.11091728919709322,2.4735648343846988
split_cell_heldout,ridge_cell,"Myeloid cells, BI-D1870",0.11438320405332081,0.8778757823941609,0.26904208434680804,2.1084360941455493
split_cell_heldout,ridge_cell,"Myeloid cells, Crizotinib",0.3393499234404774,0.9358697515649242,0.5073491997552193,2.1701024794522525
split_cell_heldout,ridge_cell,"Myeloid cells, Azacitidine",0.10289540880679265,0.6156340414470594,0.29315507420806997,1.7217819787638011
split_cell_heldout,ridge_cell,"Myeloid cells, TR-14035",0.16635194374506113,0.6165046660659718,0.30324524205841064,1.78323836890735
split_cell_heldout,ridge_cell,"Myeloid cells, AT 7867",0.10397261466558982,1.3285953355509634,0.2232010244342843,2.531843606831695
split_cell_heldout,ridge_cell,"Myeloid cells, GO-6976",0.010570852314121184,1.176090648196839,0.04918654923310225,2.352449218431289
split_cell_heldout,ridge_cell,"Myeloid cells, TGX 221",0.32521397623833825,0.9528254435486524,0.521263551730547,2.1605509413260817
split_cell_heldout,ridge_cell,"Myeloid cells, Pitavastatin Calcium",-0.057279928133946105,2.3523252055218227,-0.05676811319090942,3.232339077341762
split_cell_heldout,ridge_cell,"Myeloid cells, ABT737",-0.06642255326858093,0.9745327595911953,-0.03147738513374736,2.2842243110776272
split_cell_heldout,ridge_cell,"Myeloid cells, PRT-062607",0.3482954275390072,1.4386996936277303,0.48942240273936494,2.579058024797164
split_cell_heldout,ridge_cell,"Myeloid cells, AZ628",0.18388851023288605,0.9797358150241081,0.3111227252954586,2.1803559090867783
split_cell_heldout,ridge_cell,"Myeloid cells, Masitinib",0.23635212770512012,0.729960131618058,0.48722717345398353,1.937548605465521
split_cell_heldout,ridge_cell,"Myeloid cells, STK219801",0.21794024501142847,0.6459434739337265,0.35697171771897074,1.9014479955720192
split_cell_heldout,ridge_cell,"Myeloid cells, Ricolinostat",0.046668250259335305,1.181833239811637,0.1080393699974411,2.437063782630553
split_cell_heldout,ridge_cell,"Myeloid cells, Midostaurin",0.17351422038051612,1.1500067636030087,0.303000475497041,2.3900265941562346
split_cell_heldout,ridge_cell,"Myeloid cells, CEP-37440",0.0515997949924766,0.9564942955793164,0.12755914893765785,2.2410081812810607
split_cell_heldout,ridge_cell,"Myeloid cells, R428",0.17947850892486772,2.044604438486791,0.25387472965349916,3.0412977663012355
split_cell_heldout,ridge_cell,"Myeloid cells, Oxybenzone",0.11083549929099044,0.5488768383476312,0.20341641024644144,1.669198644063795
split_cell_heldout,ridge_cell,"Myeloid cells, Tivantinib",0.17943862773073405,0.8195296271547631,0.34000424133423435,2.055947740997848
split_cell_heldout,ridge_cell,"Myeloid cells, Colchicine",0.1352302809963498,2.468365484385234,0.17945127747093403,3.2846137737401104
split_cell_heldout,ridge_cell,"Myeloid cells, BX 912",0.21364152485611518,0.8366392371455612,0.37306540854157394,2.0278262126913504
split_cell_heldout,ridge_cell,"Myeloid cells, Selumetinib",0.2132260645686891,1.0609838266836635,0.3638599781858813,2.313777906249991
split_cell_heldout,ridge_cell,"Myeloid cells, RG7090",-0.04408263090366228,0.88347518608905,-0.003549864523906471,2.1145675967035285
split_cell_heldout,ridge_cell,"Myeloid cells, GLPG0634",0.2882740868131172,0.9066437537818068,0.5395891754071825,2.0883386656012726
split_cell_heldout,ridge_cell,"Myeloid cells, TIE2 Kinase Inhibitor",-0.022567979097931287,0.6796968053903162,-0.012207294911787497,1.9194605813023637
split_cell_heldout,ridge_cell,"Myeloid cells, Lapatinib",-0.13176617428639262,0.694725725144164,-0.20095713150939354,1.9999469648966506
split_cell_heldout,ridge_cell,"Myeloid cells, Atorvastatin",-0.057368965160204954,0.7602312554499389,-0.14151173749169133,2.1377650073587375
split_cell_heldout,ridge_cell,"Myeloid cells, Clomipramine",0.2188872502452469,0.662633838032406,0.4576465442267924,1.8139356121534151
split_cell_heldout,ridge_cell,"Myeloid cells, Ixabepilone",0.09658040420020692,0.6708183821335527,0.08483973997154427,1.9003101238495936
split_cell_heldout,ridge_cell,"Myeloid cells, Protriptyline",-0.007269348926276478,0.5736159515903508,-0.1559246457746449,1.7713090797296767
split_cell_heldout,ridge_cell,"Myeloid cells, Phenylbutazone",-0.019658351908508218,0.6036774804799822,-0.09594401502920535,1.735038740526688
split_cell_heldout,ridge_cell,"Myeloid cells, K-02288",-0.02974271983226385,1.0072714110368768,-0.03243874247624268,2.3197272020521864
split_cell_heldout,ridge_cell,"Myeloid cells, BMS-777607",0.15863570640125804,0.7777780789473525,0.2840793709914597,2.0256826028886157
split_cell_heldout,ridge_cell,"Myeloid cells, Vorinostat",0.2615102531694481,1.8442128548466308,0.37298795476568813,2.8913566320873545
split_cell_heldout,ridge_cell,"Myeloid cells, Ruxolitinib",0.3073316815372324,1.4640362504358713,0.4656331604978585,2.660218873490876
split_cell_heldout,ridge_cell,"Myeloid cells, AVL-292",0.18334053760941593,0.9389965796793154,0.33845009630322953,2.173463123385563
split_cell_heldout,ridge_cell,"Myeloid cells, Trametinib",-0.008874807913617706,1.4589115528539187,-0.004580915659922299,2.6605964114496246
split_cell_heldout,ridge_cell,"Myeloid cells, Sgc-cbp30",0.2225310636665191,0.9707176711793459,0.4034518516701467,2.165198651498881
split_cell_heldout,ridge_cell,"Myeloid cells, Chlorpheniramine",0.03513188370242609,0.5675392190023216,-0.035108825160533375,1.7420625412724298
split_cell_heldout,ridge_cell,"Myeloid cells, BAY 61-3606",0.3290034356267121,1.888865941158006,0.43285743618631317,2.9074041711819514
split_cell_heldout,ridge_cell,"Myeloid cells, LY2090314",0.09728362480055876,2.1436721164408095,0.14262137907546354,3.104658017136869
split_cell_heldout,ridge_cell,"Myeloid cells, Vardenafil",0.09168260491600527,0.7097688718897236,0.24744241962474517,1.8537305390653251
split_cell_heldout,ridge_cell,"Myeloid cells, Dasatinib",0.4007498592565794,1.5107462772979092,0.5507393628307022,2.58442231892563
split_cell_heldout,ridge_cell,"Myeloid cells, AT13387",0.3622031132226762,1.3214706779475345,0.5151381513930736,2.4073693871370696
split_cell_heldout,ridge_cell,"Myeloid cells, Perhexiline",0.32133812966474967,0.9210488936521273,0.5198073794367614,2.1069975932957625
split_cell_heldout,ridge_cell,"Myeloid cells, RVX-208",0.20199970153314692,0.8915435921744281,0.35779844642456415,2.0977027036027818
split_cell_heldout,ridge_cell,"Myeloid cells, Ketoconazole",-0.10889274128614286,1.4192525614397102,-0.20587438843799555,2.6683385294233113
split_cell_heldout,ridge_cell,"Myeloid cells, Disulfiram",-0.020525209073831804,0.6593784185492584,-0.09686764930318359,1.9323455475602125
split_cell_heldout,ridge_cell,"Myeloid cells, Flutamide",0.16342175694007186,0.6074134015578396,0.2762184621852856,1.7623450780503944
split_cell_heldout,ridge_cell,"Myeloid cells, Desloratadine",0.08540101430588529,0.6347859067813403,0.1467429600250191,1.7500956152520082
split_cell_heldout,ridge_cell,"Myeloid cells, BMS-536924",0.35296702310083444,1.0551090693198788,0.5455359635950009,2.1908013448057657
split_cell_heldout,ridge_cell,"Myeloid cells, IKK Inhibitor VII",0.24065006817475112,1.5276469547972544,0.3775559530552846,2.740611078134734
split_cell_heldout,ridge_cell,"Myeloid cells, Amiodarone",0.02099398365004201,0.6524330742936404,0.02965868503240598,1.8808264496888063
split_cell_heldout,ridge_cell,"Myeloid cells, IMD-0354",0.32949007889053245,1.545515575933449,0.4681287104494006,2.666896121336567
split_cell_heldout,ridge_cell,"Myeloid cells, Alogliptin",-0.0102749995126354,0.607965452187811,-0.020539653811257077,1.7320428926886695
split_cell_heldout,ridge_cell,"Myeloid cells, RN-486",0.15763732552531515,0.7430404754067805,0.2775433849119283,1.9710922673654045
split_cell_heldout,ridge_cell,"Myeloid cells, Decitabine",0.20430969209995972,0.5253334511334768,0.4152465267789295,1.658113327788694
split_cell_heldout,ridge_cell,"Myeloid cells, Cabozantinib",0.0710918992027642,0.7627999254012605,0.2141870938132099,1.9084837182189154
split_cell_heldout,ridge_cell,"Myeloid cells, Defactinib",0.2764885340713012,1.0301335802818732,0.4810763702058134,2.1937442315680244
split_cell_heldout,ridge_cell,"Myeloid cells, AZD3514",0.3035602628270366,0.8119609458338178,0.5395445855615869,1.9823115043248556
split_cell_heldout,ridge_cell,"Myeloid cells, HMN-214",0.07347096577907558,0.8647998339974926,0.07802858584258444,2.0673447575595736
split_cell_heldout,ridge_cell,"Myeloid cells, CC-401",0.3638726932079394,0.9014352518931451,0.5526387181583167,2.0399626477229873
split_cell_heldout,ridge_cell,"Myeloid cells, Resminostat",0.2787212340070677,1.9421050910267383,0.3853533931222091,2.898355597151232
split_cell_heldout,ridge_cell,"Myeloid cells, Nilotinib",0.20947176835221623,1.1842811082882265,0.34141803197522197,2.4113294931514644
split_cell_heldout,ridge_cell,"Myeloid cells, OSI-930",0.07128419508155502,0.6914576429554125,0.11960403219625873,1.8099154247742304
split_cell_heldout,ridge_cell,"Myeloid cells, Saracatinib",0.4041484743735903,1.4222735507284634,0.5455229121154991,2.510142713569981
split_cell_heldout,ridge_cell,"Myeloid cells, RG7112",0.24972177047464056,0.7560216343725036,0.4584685950648358,2.181467069745429
split_cell_heldout,ridge_cell,"Myeloid cells, Lamivudine",0.14765756983096884,0.6989421591163528,0.33525648116900725,1.8428427444858964
split_cell_heldout,ridge_cell,"Myeloid cells, AZD-8330",0.1862573717400804,1.144335429239705,0.34062039419431894,2.4055706351988357
split_cell_heldout,ridge_cell,"Myeloid cells, Ceritinib",0.22342159186017807,0.9496371697109359,0.41802617638015394,2.244949263988472
split_cell_heldout,ridge_cell,"Myeloid cells, CGM-097",-0.10637770488473779,1.2788158656748525,-0.11970827611433497,2.5241224146313033
split_cell_heldout,ridge_cell,"Myeloid cells, SLx-2119",0.03502214873173766,0.6494417469031724,-0.044519678526725615,2.0679609030233728
split_cell_heldout,ridge_cell,"Myeloid cells, Nefazodone",0.2015212488459142,0.5414392557192045,0.4693147295371385,1.6313869917021784
split_cell_heldout,ridge_cell,"Myeloid cells, TPCA-1",0.3095779265182932,1.423604551228682,0.4596389371361907,2.5774156872575746
split_cell_heldout,ridge_cell,"Myeloid cells, MGCD-265",0.2566941077563208,0.600585957648204,0.4396113723953844,1.676042707817407
split_cell_heldout,ridge_cell,"Myeloid cells, GSK-1070916",0.1457483357474919,0.7914125955213888,0.3247837269556181,1.9265123459548097
split_cell_heldout,ridge_cell,"Myeloid cells, Bosutinib",0.35477771283831755,1.6543697388510052,0.47171320293136454,2.766500334416172
split_cell_heldout,ridge_cell,"Myeloid cells, Clemastine",0.18589584425690397,0.6730410757884264,0.418494614951334,1.787527738292997
split_cell_heldout,ridge_cell,"Myeloid cells, YK 4-279",-0.01819939030366061,0.6497473683867027,-0.11889359300764314,1.796845778874145
split_cell_heldout,ridge_cell,"Myeloid cells, Buspirone",0.15902496050672732,0.5555886605668382,0.3167803800598854,1.6175463436183077
split_cell_heldout,ridge_cell,"Myeloid cells, GSK256066",0.010434179806223897,1.1143442005442812,0.032781123446433164,2.4613349004542666
split_cell_heldout,ridge_cell,"Myeloid cells, Vandetanib",0.1404442647155479,0.784584776805247,0.2875712241238071,1.9652560033706192
split_cell_heldout,ridge_cell,"Myeloid cells, Imatinib",0.0893051987269231,0.540772167719258,0.2627693375344633,1.6285974649789348
split_cell_heldout,ridge_cell,"Myeloid cells, SCH-58261",0.23223122541943653,0.6403649236774509,0.5044047049492615,1.722719054175698
split_cell_heldout,ridge_cell,"Myeloid cells, Colforsin",0.04980397855231609,0.6924504265269762,0.005957273814464161,1.995730589600775
split_cell_heldout,ridge_cell,"Myeloid cells, Tosedostat",0.30923155051618995,0.9823349175498575,0.46807678922655216,2.1631899593205794
split_cell_heldout,ridge_cell,"Myeloid cells, ABT-199 (GDC-0199)",-0.06454030929587529,0.6040607141283515,-0.07060194205165213,1.8133324929918873
split_cell_heldout,ridge_cell,"Myeloid cells, Mometasone Furoate",0.3899491111597696,1.913903918034477,0.5133912413367959,2.8794045866912295
split_cell_heldout,ridge_cell,"Myeloid cells, Tipifarnib",0.30190923548853615,0.8029131121176023,0.5552597315969263,1.9318754710660067
split_cell_heldout,ridge_cell,"Myeloid cells, Doxorubicin",0.14927419667997635,2.338934016979319,0.1956426597405642,3.1836200000127395
split_cell_heldout,ridge_cell,"Myeloid cells, PF-03814735",0.42212391267112503,1.871277325520717,0.5387718429217468,2.8484528086619845
split_cell_heldout,ridge_cell,"Myeloid cells, AZD4547",0.17262454177772327,0.6702335014620348,0.36125556059271186,1.876496645205991
split_cell_heldout,ridge_cell,"Myeloid cells, Prednisolone",0.3138023077779087,1.5646508027715802,0.43566536942755507,2.6869201336173947
split_cell_heldout,ridge_cell,"Myeloid cells, Tacalcitol",0.17350338194928833,2.2104259364857692,0.22781743696526743,3.149814375302167
split_cell_heldout,ridge_cell,"Myeloid cells, Clotrimazole",0.07938994109090135,0.7541658901314019,0.14261241583897002,1.9486364126047124
split_cell_heldout,ridge_cell,"Myeloid cells, Mubritinib (TAK 165)",0.046374476074186044,1.172790273826591,0.07958339094089802,2.449140602721276
split_cell_heldout,ridge_cell,"Myeloid cells, Vanoxerine",0.2947403680541755,0.5973513313941639,0.48695534987468064,1.6686714127992899
split_cell_heldout,ridge_cell,"Myeloid cells, SB525334",-0.12100379390431465,1.2834430342548209,-0.17603063246803902,2.595700636504829
split_cell_heldout,ridge_cell,"Myeloid cells, HYDROXYUREA",0.1438738721325321,0.6248260397799529,0.220287250664846,1.7755469730582116
split_cell_heldout,ridge_drug_fp,"Myeloid cells, MK-5108",0.2501829022647419,0.5937555949845006,0.4461040248743016,1.6434771915736464
split_cell_heldout,ridge_drug_fp,"Myeloid cells, Ganetespib (STA-9090)",0.42141645593003707,1.5420063633405783,0.587033297266129,2.1909707027705183
split_cell_heldout,ridge_drug_fp,"Myeloid cells, Sunitinib",0.18040256452257336,0.7383475242868485,0.4482887855459939,1.6771463086033473
split_cell_heldout,ridge_drug_fp,"Myeloid cells, Tivozanib",0.18321313117178872,0.7969682866082649,0.36587632778304735,1.92326864863162
split_cell_heldout,ridge_drug_fp,"Myeloid cells, Tamatinib",0.41687699262367395,1.30684654800029,0.5786876798991138,2.237592486644082
split_cell_heldout,ridge_drug_fp,"Myeloid cells, Linagliptin",0.04686819104211564,0.7293281005670723,0.10233919136688667,1.922530229098792
split_cell_heldout,ridge_drug_fp,"Myeloid cells, 5-(9-Isopropyl-8-methyl-2-morpholino-9H-purin-6-yl)pyrimidin-2-amine",0.5412482159824128,1.3760132339215896,0.6876996898697274,2.1646684267441882
split_cell_heldout,ridge_drug_fp,"Myeloid cells, O-Demethylated Adapalene",0.15776278552217438,0.843055805038059,0.28414527191355243,2.178678451925375
split_cell_heldout,ridge_drug_fp,"Myeloid cells, I-BET151",0.52460318473844,1.5421648732569975,0.6616859974199785,2.257910441090469
split_cell_heldout,ridge_drug_fp,"Myeloid cells, GW843682X",0.22129492215716215,0.7449471404698247,0.3701625027522548,1.9128602579127838
split_cell_heldout,ridge_drug_fp,"Myeloid cells, IN1451",0.6810893932044363,1.8148538376058132,0.7784871086116125,2.271520419541
split_cell_heldout,ridge_drug_fp,"Myeloid cells, Raloxifene",0.1451892932529981,1.0035293511517822,0.22946944913607362,2.1967531298983936
split_cell_heldout,ridge_drug_fp,"Myeloid cells, Topotecan",0.42572983909542683,1.3604631863151717,0.5633977079665813,2.3176819184514157
split_cell_heldout,ridge_drug_fp,"Myeloid cells, BAY 87-2243",0.3119226244440312,1.4282679258189885,0.3996956452290616,2.415662479346579
split_cell_heldout,ridge_drug_fp,"Myeloid cells, Porcn Inhibitor III",0.23150594389547868,1.145728775629111,0.3705945242811546,2.3895845248407634
split_cell_heldout,ridge_drug_fp,"Myeloid cells, TL_HRAS26",0.12161492169533507,0.6552751553425386,0.3657828986119912,1.8496188280969141
split_cell_heldout,ridge_drug_fp,"Myeloid cells, BMS-265246",0.4360450545012751,1.5734470746806464,0.5650683133803388,2.4822807336371295
split_cell_heldout,ridge_drug_fp,"Myeloid cells, Pomalidomide",0.24635283747524633,1.1040366808281727,0.4136542733854258,2.308042672532502
split_cell_heldout,ridge_drug_fp,"Myeloid cells, Dovitinib",0.12369910404119379,1.025621044568265,0.2885183200760632,2.189659352395842
split_cell_heldout,ridge_drug_fp,"Myeloid cells, Navitoclax",0.25063644765322585,0.8447486980181298,0.4273645728409502,1.906962238387747
split_cell_heldout,ridge_drug_fp,"Myeloid cells, Methotrexate",0.15874821748465176,0.9273712208331331,0.2680553160080712,2.06593188371093
split_cell_heldout,ridge_drug_fp,"Myeloid cells, Palbociclib",0.22018296587319233,0.7847236489239714,0.43675173052723376,1.9178874292366732
split_cell_heldout,ridge_drug_fp,"Myeloid cells, AMD-070 (hydrochloride)",0.20512574213384405,0.7521110962766535,0.4357969009299418,1.938495140649976
split_cell_heldout,ridge_drug_fp,"Myeloid cells, FK 866",0.3863996157707762,1.0901616740151634,0.5684940941640163,2.108518400162374
split_cell_heldout,ridge_drug_fp,"Myeloid cells, Scriptaid",0.4869491614175452,1.7662203139095278,0.6028848998122548,2.410594278653225
split_cell_heldout,ridge_drug_fp,"Myeloid cells, Dactolisib",0.5872181996852662,1.768923197625742,0.6687664982051109,2.480739664252885
split_cell_heldout,ridge_drug_fp,"Myeloid cells, Isoniazid",0.11374224088994657,0.6181247498028102,0.18428077307621382,1.7514537874187186
split_cell_heldout,ridge_drug_fp,"Myeloid cells, Idelalisib",0.21999273342750247,1.0322012774486582,0.38054875580193553,2.038716648479156
split_cell_heldout,ridge_drug_fp,"Myeloid cells, Penfluridol",0.17935308411784326,0.7283652032207062,0.3758778826022959,1.7930161843619283
split_cell_heldout,ridge_drug_fp,"Myeloid cells, Quizartinib",0.13498889964250163,0.8091446629622577,0.30205130988878864,2.1957986920728136
split_cell_heldout,ridge_drug_fp,"Myeloid cells, PD-0325901",0.2036745685073175,1.3999542333878718,0.3166921880999785,2.5130335499118632
split_cell_heldout,ridge_drug_fp,"Myeloid cells, LDN 193189",0.21140694939608334,0.7679415560950135,0.41683885236812646,1.8942908466638406
split_cell_heldout,ridge_drug_fp,"Myeloid cells, Riociguat",0.14894825718759408,0.622646756815782,0.32185341707462906,1.6947993089639526
split_cell_heldout,ridge_drug_fp,"Myeloid cells, CHIR-99021",0.40857742164909205,1.1142998211499966,0.5756489271300027,2.0627018997177404
split_cell_heldout,ridge_drug_fp,"Myeloid cells, BI-D1870",0.21184794055884656,0.8669160429901976,0.359085202536195,2.042225002087303
split_cell_heldout,ridge_drug_fp,"Myeloid cells, Crizotinib",0.3526211174486591,0.9513936032605917,0.5275305728642101,2.0200886452911817
split_cell_heldout,ridge_drug_fp,"Myeloid cells, Azacitidine",0.11292338566511982,0.6655650200489179,0.3325545121248967,1.6779628956543453
split_cell_heldout,ridge_drug_fp,"Myeloid cells, TR-14035",0.19709151264095712,0.6453131686671463,0.38506735910874856,1.7291375354398575
split_cell_heldout,ridge_drug_fp,"Myeloid cells, AT 7867",0.16009810003164998,1.3453171914244473,0.2787747044054926,2.481162539564302
split_cell_heldout,ridge_drug_fp,"Myeloid cells, GO-6976",0.28726010942337393,1.1128622228256801,0.45659817476575,2.156628881884278
split_cell_heldout,ridge_drug_fp,"Myeloid cells, TGX 221",0.3434110315458007,0.9713484938883798,0.5358941361966819,2.0103413310226137
split_cell_heldout,ridge_drug_fp,"Myeloid cells, Pitavastatin Calcium",0.40937625381177606,2.1228625061877775,0.4768962583972158,2.839153027326736
split_cell_heldout,ridge_drug_fp,"Myeloid cells, ABT737",0.2283065262072125,0.9311413251331844,0.4520347568817605,2.0925877958054215
split_cell_heldout,ridge_drug_fp,"Myeloid cells, PRT-062607",0.3809971428762991,1.4006147549508705,0.5285431590136789,2.3635502784319367
split_cell_heldout,ridge_drug_fp,"Myeloid cells, AZ628",0.2563127754004584,1.0157965140933671,0.43301008946293057,2.04569186084029
split_cell_heldout,ridge_drug_fp,"Myeloid cells, Masitinib",0.24190915047456404,0.7498514529957021,0.4585656867176131,1.9066507104273995
split_cell_heldout,ridge_drug_fp,"Myeloid cells, STK219801",0.3052831401595454,0.6476682109798519,0.4931516621482833,1.7102454067125556
split_cell_heldout,ridge_drug_fp,"Myeloid cells, Ricolinostat",0.4094280606369889,1.072239080556982,0.5826267920674953,2.0715208072129445
split_cell_heldout,ridge_drug_fp,"Myeloid cells, Midostaurin",0.24788397289017153,1.1646261787275776,0.43637817414147134,2.254941618764994
split_cell_heldout,ridge_drug_fp,"Myeloid cells, CEP-37440",0.1386243734269624,0.988152326333872,0.26803260666030504,2.1764397008305147
split_cell_heldout,ridge_drug_fp,"Myeloid cells, R428",0.3268750281320721,1.9619148835671931,0.41641344010901576,2.835947513640378
split_cell_heldout,ridge_drug_fp,"Myeloid cells, Oxybenzone",0.13052915706599655,0.556699851652349,0.278262479466538,1.6506290910675285
split_cell_heldout,ridge_drug_fp,"Myeloid cells, Tivantinib",0.2980381926472416,0.822645079804328,0.5212991889521258,1.878929490999672
split_cell_heldout,ridge_drug_fp,"Myeloid cells, Colchicine",0.3682887580822206,2.33522134981496,0.4304581231203142,3.0858678973869638
split_cell_heldout,ridge_drug_fp,"Myeloid cells, BX 912",0.21731445530546126,0.906148426942787,0.420854408265793,1.9442060091090396
split_cell_heldout,ridge_drug_fp,"Myeloid cells, Selumetinib",0.23545230991661875,1.0846143746861585,0.3937085539538231,2.2341203068898974
split_cell_heldout,ridge_drug_fp,"Myeloid cells, RG7090",0.2747965300543874,0.8264289025249727,0.47636365730422137,1.8922745939333965
split_cell_heldout,ridge_drug_fp,"Myeloid cells, GLPG0634",0.32409868706013695,0.9312202311385659,0.5776547746544157,1.9182371999246473
split_cell_heldout,ridge_drug_fp,"Myeloid cells, TIE2 Kinase Inhibitor",0.18259682472508845,0.6550172812972449,0.3335179972822135,1.8144885163287288
split_cell_heldout,ridge_drug_fp,"Myeloid cells, Lapatinib",0.21291166169217818,0.6598305649128803,0.43957980254413614,1.7658104774989052
split_cell_heldout,ridge_drug_fp,"Myeloid cells, Atorvastatin",0.22242195677074175,0.7176359964325748,0.4828725257757746,1.9057025715131946
split_cell_heldout,ridge_drug_fp,"Myeloid cells, Clomipramine",0.2774912357898491,0.6633598241824586,0.5319155877444666,1.7384624166548166
split_cell_heldout,ridge_drug_fp,"Myeloid cells, Ixabepilone",0.17493330883349287,0.6767806792883307,0.32552743747324026,1.7914010835029677
split_cell_heldout,ridge_drug_fp,"Myeloid cells, Protriptyline",0.15166107735057327,0.5550469944007311,0.24599524671687584,1.6580019511415718
split_cell_heldout,ridge_drug_fp,"Myeloid cells, Phenylbutazone",0.1602165387939051,0.5813864327650857,0.23931239989375244,1.6586974180663518
split_cell_heldout,ridge_drug_fp,"Myeloid cells, K-02288",0.05329362125809041,1.011965005887174,0.12401594384911202,2.2813528312191047
split_cell_heldout,ridge_drug_fp,"Myeloid cells, BMS-777607",0.16751088828411975,0.806833970429548,0.3055985941421006,1.9952748707619772
split_cell_heldout,ridge_drug_fp,"Myeloid cells, Vorinostat",0.4705053228652028,1.7069497344606255,0.5983137179241035,2.3982358504104586
split_cell_heldout,ridge_drug_fp,"Myeloid cells, Ruxolitinib",0.33626427233849593,1.4367494449289573,0.48643036394322925,2.5088803718228845
split_cell_heldout,ridge_drug_fp,"Myeloid cells, AVL-292",0.2115617499954456,0.9988747209110479,0.38747482023067653,2.0878510664638514
split_cell_heldout,ridge_drug_fp,"Myeloid cells, Trametinib",0.26403283132722744,1.390608714555694,0.3930763922687868,2.4783050771518207
split_cell_heldout,ridge_drug_fp,"Myeloid cells, Sgc-cbp30",0.2657491730678779,0.981564227295906,0.4697342583391299,2.0551296490873243
split_cell_heldout,ridge_drug_fp,"Myeloid cells, Chlorpheniramine",0.061351622518948816,0.5998148185166771,0.05410349213894346,1.7347047865030976
split_cell_heldout,ridge_drug_fp,"Myeloid cells, BAY 61-3606",0.4762551642767711,1.7229126910473362,0.5924852040818006,2.4822887890047314
split_cell_heldout,ridge_drug_fp,"Myeloid cells, LY2090314",0.20857893893478474,2.2415208439108927,0.25897874564671686,3.05537717299577
split_cell_heldout,ridge_drug_fp,"Myeloid cells, Vardenafil",0.1551510844982905,0.7237005637313363,0.28628845898843924,1.8175794761855861
split_cell_heldout,ridge_drug_fp,"Myeloid cells, Dasatinib",0.463183996467971,1.4094333332385218,0.613536024920966,2.285210390386846
split_cell_heldout,ridge_drug_fp,"Myeloid cells, AT13387",0.3442592247020779,1.5149453690315366,0.5007198158444854,2.210071544895149
split_cell_heldout,ridge_drug_fp,"Myeloid cells, Perhexiline",0.37038678919220586,0.951642801895162,0.5913458008757068,1.870239137279258
split_cell_heldout,ridge_drug_fp,"Myeloid cells, RVX-208",0.40347187820460056,0.8443257341535372,0.6015417548947335,1.8144471002777045
split_cell_heldout,ridge_drug_fp,"Myeloid cells, Ketoconazole",0.5007018319349997,1.1898662790683656,0.6478303439411615,2.0802739355043887
split_cell_heldout,ridge_drug_fp,"Myeloid cells, Disulfiram",0.1211646446877798,0.650623704841045,0.2824163000128163,1.8190760019052448
split_cell_heldout,ridge_drug_fp,"Myeloid cells, Flutamide",0.1591165710176616,0.6320739590824126,0.26445736224717903,1.7617792879457566
split_cell_heldout,ridge_drug_fp,"Myeloid cells, Desloratadine",0.18378180213271422,0.6320830027947781,0.4358111802350233,1.64787841032867
split_cell_heldout,ridge_drug_fp,"Myeloid cells, BMS-536924",0.31707798004539206,1.1206623533742428,0.504933705055426,2.03837896339316
split_cell_heldout,ridge_drug_fp,"Myeloid cells, IKK Inhibitor VII",0.3040716921188544,1.5026228460484998,0.45785461107658126,2.580214408022413
split_cell_heldout,ridge_drug_fp,"Myeloid cells, Amiodarone",0.12042299483405729,0.6607949345917862,0.1871049545773694,1.8327225462339762
split_cell_heldout,ridge_drug_fp,"Myeloid cells, IMD-0354",0.4791217194460116,1.4204141549761626,0.6226209467413513,2.2407859677087987
split_cell_heldout,ridge_drug_fp,"Myeloid cells, Alogliptin",0.16341244875672056,0.5963138787110511,0.3513936408434317,1.6367727121677906
split_cell_heldout,ridge_drug_fp,"Myeloid cells, RN-486",-0.026143386865700814,0.8236330817470459,-0.0775656120360323,2.081743652637348
split_cell_heldout,ridge_drug_fp,"Myeloid cells, Decitabine",0.13424281656492243,0.5565823788269227,0.263878599725147,1.694482473214324
split_cell_heldout,ridge_drug_fp,"Myeloid cells, Cabozantinib",0.18966247816923884,0.7611240053861639,0.3471589149238692,1.8414766757840078
split_cell_heldout,ridge_drug_fp,"Myeloid cells, Defactinib",0.3203057460427989,1.020026178305897,0.5137929917149571,2.069769594629012
split_cell_heldout,ridge_drug_fp,"Myeloid cells, AZD3514",0.373885621949481,0.8060857403917061,0.6211142242010844,1.769705512529758
split_cell_heldout,ridge_drug_fp,"Myeloid cells, HMN-214",0.3934154384948082,0.782628160328242,0.644569149509732,1.7235269710445873
split_cell_heldout,ridge_drug_fp,"Myeloid cells, CC-401",0.4506576867403828,0.8619035649257288,0.6329942875592516,1.8106405707693305
split_cell_heldout,ridge_drug_fp,"Myeloid cells, Resminostat",0.4756008022911134,1.810388093116639,0.5922693964296497,2.4037392339351666
split_cell_heldout,ridge_drug_fp,"Myeloid cells, Nilotinib",0.3080302081762865,1.1684424470304655,0.4647903559601059,2.2529745511863566
split_cell_heldout,ridge_drug_fp,"Myeloid cells, OSI-930",0.1897345542495834,0.6834738762305427,0.29085374124548,1.7225113342210743
split_cell_heldout,ridge_drug_fp,"Myeloid cells, Saracatinib",0.4923319803337794,1.310761441649644,0.631546816347492,2.2282009160251866
split_cell_heldout,ridge_drug_fp,"Myeloid cells, RG7112",0.38918354553496076,0.7242599409552334,0.5193219346751835,1.9237191362523332
split_cell_heldout,ridge_drug_fp,"Myeloid cells, Lamivudine",0.14600106517615716,0.7256623676514844,0.3361149963686797,1.8246133308645585
split_cell_heldout,ridge_drug_fp,"Myeloid cells, AZD-8330",0.19408187520047923,1.188802997716751,0.34938363613283996,2.347426544288608
split_cell_heldout,ridge_drug_fp,"Myeloid cells, Ceritinib",0.19540009830040153,0.979482364287109,0.42114915557892113,2.2090908789875288
split_cell_heldout,ridge_drug_fp,"Myeloid cells, CGM-097",0.47829700841127376,1.101232570916628,0.6249892504321507,1.9487801297919067
split_cell_heldout,ridge_drug_fp,"Myeloid cells, SLx-2119",0.17141484909509405,0.6773621943575426,0.38111724399642427,1.826116034012521
split_cell_heldout,ridge_drug_fp,"Myeloid cells, Nefazodone",0.17104710157883984,0.5764608015379401,0.24344857023025826,1.6782501227487334
split_cell_heldout,ridge_drug_fp,"Myeloid cells, TPCA-1",0.35785602278181705,1.3992507636340499,0.5188910504893487,2.368931037530458
split_cell_heldout,ridge_drug_fp,"Myeloid cells, MGCD-265",0.21879101575577298,0.6453575110761399,0.4339730988202834,1.6370027483229261
split_cell_heldout,ridge_drug_fp,"Myeloid cells, GSK-1070916",0.29767529427138145,0.7715129745861453,0.5060276516809296,1.7761971335006443
split_cell_heldout,ridge_drug_fp,"Myeloid cells, Bosutinib",0.4734815790515923,1.520194474659078,0.6086259165044818,2.433496394037218
split_cell_heldout,ridge_drug_fp,"Myeloid cells, Clemastine",0.290432198306428,0.6673832906020293,0.5056983879530849,1.71060063739304
split_cell_heldout,ridge_drug_fp,"Myeloid cells, YK 4-279",0.20359233194341075,0.6294004092001668,0.4016979759049088,1.6247886996178755
split_cell_heldout,ridge_drug_fp,"Myeloid cells, Buspirone",0.2152767985390472,0.5587528136823163,0.3232242417056765,1.5873311271146076
split_cell_heldout,ridge_drug_fp,"Myeloid cells, GSK256066",0.17886235084993135,1.141884228222503,0.29141239296634175,2.3453272286981313
split_cell_heldout,ridge_drug_fp,"Myeloid cells, Vandetanib",0.08656917627825857,0.8343926097128735,0.22336204526935816,1.9718899500738571
split_cell_heldout,ridge_drug_fp,"Myeloid cells, Imatinib",0.14693206636377268,0.5554822018415684,0.3713671952512534,1.5857687442188033
split_cell_heldout,ridge_drug_fp,"Myeloid cells, SCH-58261",0.18581292419923837,0.6706691574370658,0.3534316832854192,1.7558861916735764
split_cell_heldout,ridge_drug_fp,"Myeloid cells, Colforsin",0.14281818003856755,0.6995863099188848,0.25997618388375593,1.9268961994312852
split_cell_heldout,ridge_drug_fp,"Myeloid cells, Tosedostat",0.36637905818746236,0.9618376858609969,0.5697574260121928,2.003656709479647
split_cell_heldout,ridge_drug_fp,"Myeloid cells, ABT-199 (GDC-0199)",0.1184662131798147,0.6450002916506615,0.23851281495930984,1.7228123595048672
split_cell_heldout,ridge_drug_fp,"Myeloid cells, Mometasone Furoate",0.45416102482789494,1.7765441859029267,0.5777369585942805,2.5371632903451236
split_cell_heldout,ridge_drug_fp,"Myeloid cells, Tipifarnib",0.3460852456693412,0.8032329031489427,0.6074684748459931,1.7908636340868183
split_cell_heldout,ridge_drug_fp,"Myeloid cells, Doxorubicin",0.5334759314882032,2.0206743830401743,0.6152549990400475,2.674131725065453
split_cell_heldout,ridge_drug_fp,"Myeloid cells, PF-03814735",0.517119387436433,1.6880466676847563,0.6228096471917457,2.491722893773071
split_cell_heldout,ridge_drug_fp,"Myeloid cells, AZD4547",0.1706426365558288,0.6933350711509735,0.4461962331325245,1.81557862414485
split_cell_heldout,ridge_drug_fp,"Myeloid cells, Prednisolone",0.36126782610297026,1.5383634302089586,0.500559627937755,2.4509199353327524
split_cell_heldout,ridge_drug_fp,"Myeloid cells, Tacalcitol",0.19743792089605758,2.19527932377005,0.25975256770453725,3.111249410661812
split_cell_heldout,ridge_drug_fp,"Myeloid cells, Clotrimazole",0.16258452329828538,0.752600240857678,0.3435036001663155,1.8719445038853104
split_cell_heldout,ridge_drug_fp,"Myeloid cells, Mubritinib (TAK 165)",0.23903306842586658,1.1991561407075393,0.37671712320823153,2.2876435040602594
split_cell_heldout,ridge_drug_fp,"Myeloid cells, Vanoxerine",0.234657048278778,0.6348156866726677,0.42856417800033053,1.652281916453551
split_cell_heldout,ridge_drug_fp,"Myeloid cells, SB525334",0.4053364243307893,1.1270975797522973,0.5865424292866424,2.2274085062018316
split_cell_heldout,ridge_drug_fp,"Myeloid cells, HYDROXYUREA",0.17096395711521936,0.6344069140463273,0.24945544992006205,1.759253932946763
split_cell_heldout,ridge_cell_drug_fp,"Myeloid cells, MK-5108",0.2501570969532904,0.5937624518183018,0.44608738693959055,1.6434816066317977
split_cell_heldout,ridge_cell_drug_fp,"Myeloid cells, Ganetespib (STA-9090)",0.42142491871605575,1.5420183648509977,0.5870422446315492,2.190953131457391
split_cell_heldout,ridge_cell_drug_fp,"Myeloid cells, Sunitinib",0.18038173802364613,0.7383386353374601,0.44828388819588466,1.6771562631077448
split_cell_heldout,ridge_cell_drug_fp,"Myeloid cells, Tivozanib",0.1832628979007141,0.7969538296639057,0.36598846077882174,1.923206939038664
split_cell_heldout,ridge_cell_drug_fp,"Myeloid cells, Tamatinib",0.4168974638256889,1.306849223508541,0.5786934975943264,2.237532983143064
split_cell_heldout,ridge_cell_drug_fp,"Myeloid cells, Linagliptin",0.04686342443077452,0.7293305211126353,0.10232530147639507,1.922535537647965
split_cell_heldout,ridge_cell_drug_fp,"Myeloid cells, 5-(9-Isopropyl-8-methyl-2-morpholino-9H-purin-6-yl)pyrimidin-2-amine",0.5412401416783764,1.3760065576927574,0.6877041621075519,2.1647834495465488
split_cell_heldout,ridge_cell_drug_fp,"Myeloid cells, O-Demethylated Adapalene",0.1577862788735433,0.8430600652479601,0.2841790625835871,2.178646326577404
split_cell_heldout,ridge_cell_drug_fp,"Myeloid cells, I-BET151",0.5246087341640215,1.5421663989294068,0.6616885192837356,2.257878537735705
split_cell_heldout,ridge_cell_drug_fp,"Myeloid cells, GW843682X",0.22130295623948806,0.7449433074785529,0.37015437578867827,1.912850789541422
split_cell_heldout,ridge_cell_drug_fp,"Myeloid cells, IN1451",0.6810881067842073,1.8148512287961933,0.7784834603378507,2.2715087868954753
split_cell_heldout,ridge_cell_drug_fp,"Myeloid cells, Raloxifene",0.14515802021237736,1.0035384257557505,0.22946551659699596,2.1967572292309767
split_cell_heldout,ridge_cell_drug_fp,"Myeloid cells, Topotecan",0.4257349177750869,1.3604588755560032,0.5634070610801893,2.3176732507210724
split_cell_heldout,ridge_cell_drug_fp,"Myeloid cells, BAY 87-2243",0.31194967595781886,1.4282078204927677,0.3997414267060019,2.4156101262858884
split_cell_heldout,ridge_cell_drug_fp,"Myeloid cells, Porcn Inhibitor III",0.23143401155022364,1.145746222128167,0.37051020577333194,2.3896449588282995
split_cell_heldout,ridge_cell_drug_fp,"Myeloid cells, TL_HRAS26",0.12162066289440124,0.6552915905249036,0.36575897241719535,1.8496246755907932
split_cell_heldout,ridge_cell_drug_fp,"Myeloid cells, BMS-265246",0.4360583237280355,1.5734322104647667,0.565075715523802,2.4822720002116685
split_cell_heldout,ridge_cell_drug_fp,"Myeloid cells, Pomalidomide",0.24632282473681122,1.1040793513167777,0.41353150351128093,2.3081606695842956
split_cell_heldout,ridge_cell_drug_fp,"Myeloid cells, Dovitinib",0.12374520194244533,1.0255420693391577,0.2885761273747609,2.189602258185054
split_cell_heldout,ridge_cell_drug_fp,"Myeloid cells, Navitoclax",0.2506186720932072,0.8447551213541835,0.42734318453827674,1.9069761105048402
split_cell_heldout,ridge_cell_drug_fp,"Myeloid cells, Methotrexate",0.1587614482514613,0.9273715790067963,0.2680688824802607,2.065922518506454
split_cell_heldout,ridge_cell_drug_fp,"Myeloid cells, Palbociclib",0.22015065395099212,0.7847207549738026,0.43662992880707835,1.917935725494535
split_cell_heldout,ridge_cell_drug_fp,"Myeloid cells, AMD-070 (hydrochloride)",0.20507833086586014,0.7520804269824726,0.4357525688000925,1.9385785637055872
split_cell_heldout,ridge_cell_drug_fp,"Myeloid cells, FK 866",0.3863866421918312,1.090170124827028,0.5684758209649007,2.10851333293804
split_cell_heldout,ridge_cell_drug_fp,"Myeloid cells, Scriptaid",0.48693660345626616,1.7662660968907735,0.6028774847111315,2.410606884739523
split_cell_heldout,ridge_cell_drug_fp,"Myeloid cells, Dactolisib",0.5872199145946646,1.768891858560269,0.6687665325438866,2.4806462642182874
split_cell_heldout,ridge_cell_drug_fp,"Myeloid cells, Isoniazid",0.11383308316131145,0.6181392740201345,0.18427005581353428,1.7514518345525336
split_cell_heldout,ridge_cell_drug_fp,"Myeloid cells, Idelalisib",0.21999831735096467,1.032158925498699,0.3805594013514488,2.038710520603299
split_cell_heldout,ridge_cell_drug_fp,"Myeloid cells, Penfluridol",0.17934333139092482,0.7283684585621009,0.37587227159178044,1.7930188334388355
split_cell_heldout,ridge_cell_drug_fp,"Myeloid cells, Quizartinib",0.13537457384236767,0.8090197583033865,0.30277158944833826,2.195405626025792
split_cell_heldout,ridge_cell_drug_fp,"Myeloid cells, PD-0325901",0.20365073813513312,1.3999687411945272,0.3166620578841384,2.513054883987523
split_cell_heldout,ridge_cell_drug_fp,"Myeloid cells, LDN 193189",0.21134061294675,0.7679751467461082,0.41676284484473325,1.8943239168927146
split_cell_heldout,ridge_cell_drug_fp,"Myeloid cells, Riociguat",0.14894754836176638,0.6226432180851058,0.3218616001118349,1.6947995297064042
split_cell_heldout,ridge_cell_drug_fp,"Myeloid cells, CHIR-99021",0.40857799023695407,1.1143000024532668,0.5756501977256175,2.0626996746641324
split_cell_heldout,ridge_cell_drug_fp,"Myeloid cells, BI-D1870",0.21184879127211906,0.8669154531448651,0.3590817328166468,2.04222711645616
split_cell_heldout,ridge_cell_drug_fp,"Myeloid cells, Crizotinib",0.35269457211576966,0.9514041321337862,0.527613327067281,2.01992905506303
split_cell_heldout,ridge_cell_drug_fp,"Myeloid cells, Azacitidine",0.11281791512847536,0.665553367603578,0.332499455442798,1.678001907314227
split_cell_heldout,ridge_cell_drug_fp,"Myeloid cells, TR-14035",0.19719701701751557,0.6453281018115484,0.38527827341425613,1.7290287991736575
split_cell_heldout,ridge_cell_drug_fp,"Myeloid cells, AT 7867",0.1601516708567543,1.3453038726592963,0.2788458388707509,2.481105803863851
split_cell_heldout,ridge_cell_drug_fp,"Myeloid cells, GO-6976",0.28722027070595313,1.112879397525454,0.4565658025164255,2.156655583046246
split_cell_heldout,ridge_cell_drug_fp,"Myeloid cells, TGX 221",0.3433474335873161,0.9713114356589452,0.5358315767101042,2.01050593835257
split_cell_heldout,ridge_cell_drug_fp,"Myeloid cells, Pitavastatin Calcium",0.4093819616191596,2.1228574431989635,0.4768996638725245,2.839142991824585
split_cell_heldout,ridge_cell_drug_fp,"Myeloid cells, ABT737",0.22832044711628616,0.931133730399459,0.4520581833849637,2.0925735779827654
split_cell_heldout,ridge_cell_drug_fp,"Myeloid cells, PRT-062607",0.3809964817888423,1.4005878147636417,0.5285459930749058,2.363613699748139
split_cell_heldout,ridge_cell_drug_fp,"Myeloid cells, AZ628",0.25632583421935906,1.0157620337321596,0.43303064700376176,2.04568924810284
split_cell_heldout,ridge_cell_drug_fp,"Myeloid cells, Masitinib",0.24165969792627867,0.7498733779162576,0.45819617306814037,1.9068912872508068
split_cell_heldout,ridge_cell_drug_fp,"Myeloid cells, STK219801",0.3053301979338494,0.6476576768504249,0.4931947483815303,1.7101929569544057
split_cell_heldout,ridge_cell_drug_fp,"Myeloid cells, Ricolinostat",0.40943039984737656,1.0722487954543487,0.5826416403841851,2.0714728987423627
split_cell_heldout,ridge_cell_drug_fp,"Myeloid cells, Midostaurin",0.24787426498775356,1.1646524372100209,0.4363533327422505,2.2549375752551666
split_cell_heldout,ridge_cell_drug_fp,"Myeloid cells, CEP-37440",0.13871027430446056,0.9880120167966109,0.26815694300128745,2.1763944828202684
split_cell_heldout,ridge_cell_drug_fp,"Myeloid cells, R428",0.3221540020572704,1.9643658313909271,0.4107796982720673,2.8455008751682516
split_cell_heldout,ridge_cell_drug_fp,"Myeloid cells, Oxybenzone",0.13058216698932737,0.5567046397542145,0.278266521869359,1.6506310838083562
split_cell_heldout,ridge_cell_drug_fp,"Myeloid cells, Tivantinib",0.29799679557809444,0.8225992583186481,0.5211993097553027,1.8790752169211682
split_cell_heldout,ridge_cell_drug_fp,"Myeloid cells, Colchicine",0.36830646584316,2.3352139387908064,0.4304804397206173,3.0858609334376306
split_cell_heldout,ridge_cell_drug_fp,"Myeloid cells, BX 912",0.2173369595350452,0.906113287489863,0.42089513515537236,1.9441864438892695
split_cell_heldout,ridge_cell_drug_fp,"Myeloid cells, Selumetinib",0.2354586196609819,1.0846121133009017,0.3937160768046098,2.2341136209110393
split_cell_heldout,ridge_cell_drug_fp,"Myeloid cells, RG7090",0.274769172868881,0.8264431061572552,0.47635256821253824,1.8922842726231142
split_cell_heldout,ridge_cell_drug_fp,"Myeloid cells, GLPG0634",0.32419861333751676,0.9312179645946016,0.577735588589907,1.9180461936563593
split_cell_heldout,ridge_cell_drug_fp,"Myeloid cells, TIE2 Kinase Inhibitor",0.18258761591355196,0.6550045566220603,0.33347197338060663,1.8145052708909843
split_cell_heldout,ridge_cell_drug_fp,"Myeloid cells, Lapatinib",0.21296333701775902,0.6598182251449838,0.4396243647363682,1.765765839783106
split_cell_heldout,ridge_cell_drug_fp,"Myeloid cells, Atorvastatin",0.22238136236025816,0.7176539509133057,0.48281912201438154,1.9057297183634854
split_cell_heldout,ridge_cell_drug_fp,"Myeloid cells, Clomipramine",0.2772195416863543,0.6634297468153969,0.5315424124905255,1.7386680534935528
split_cell_heldout,ridge_cell_drug_fp,"Myeloid cells, Ixabepilone",0.17505442632442655,0.6767529344421918,0.3256851572258655,1.7913043543189322
split_cell_heldout,ridge_cell_drug_fp,"Myeloid cells, Protriptyline",0.15174926866754587,0.5550226973638205,0.24637962050748385,1.6578709255077118
split_cell_heldout,ridge_cell_drug_fp,"Myeloid cells, Phenylbutazone",0.1601678941966568,0.5813819300836994,0.2393123493483948,1.6586970114770783
split_cell_heldout,ridge_cell_drug_fp,"Myeloid cells, K-02288",0.05327174150343847,1.0119338064004655,0.12399339852780787,2.281364726459674
split_cell_heldout,ridge_cell_drug_fp,"Myeloid cells, BMS-777607",0.16744813375149284,0.8068265621377716,0.305506778149383,1.9953296682339274
split_cell_heldout,ridge_cell_drug_fp,"Myeloid cells, Vorinostat",0.4705157037394223,1.7069292138931873,0.5983199216862757,2.3982248005107385
split_cell_heldout,ridge_cell_drug_fp,"Myeloid cells, Ruxolitinib",0.33624513777520737,1.4367559652756778,0.48641056737256366,2.508920516712266
split_cell_heldout,ridge_cell_drug_fp,"Myeloid cells, AVL-292",0.2115356217409288,0.998860966291944,0.3874519194208817,2.087879801245837
split_cell_heldout,ridge_cell_drug_fp,"Myeloid cells, Trametinib",0.2641067406008152,1.3905692183368332,0.39318740796851503,2.4782419573753893
split_cell_heldout,ridge_cell_drug_fp,"Myeloid cells, Sgc-cbp30",0.26569987273603773,0.9815625552240826,0.4696680795755509,2.0552030424750725
split_cell_heldout,ridge_cell_drug_fp,"Myeloid cells, Chlorpheniramine",0.06146800180579928,0.59982439308427,0.0544007520465622,1.7346105553154954
split_cell_heldout,ridge_cell_drug_fp,"Myeloid cells, BAY 61-3606",0.47626151830486785,1.7229064096438316,0.5924889751854631,2.482275802429924
split_cell_heldout,ridge_cell_drug_fp,"Myeloid cells, LY2090314",0.20858121965283577,2.2415152924910986,0.25898179328824006,3.0553710344024556
split_cell_heldout,ridge_cell_drug_fp,"Myeloid cells, Vardenafil",0.15517740725644635,0.7236962147610259,0.2863658446327982,1.817547445766865
split_cell_heldout,ridge_cell_drug_fp,"Myeloid cells, Dasatinib",0.46318268145293084,1.40943086042464,0.6135244658119908,2.2850336912976084
split_cell_heldout,ridge_cell_drug_fp,"Myeloid cells, AT13387",0.34423188898491197,1.5148992034474025,0.500686834562039,2.2101078726428964
split_cell_heldout,ridge_cell_drug_fp,"Myeloid cells, Perhexiline",0.3704580001176098,0.9516961702168587,0.5913985578473214,1.870061036076773
split_cell_heldout,ridge_cell_drug_fp,"Myeloid cells, RVX-208",0.4034977508624007,0.8443253999887891,0.6015511728722209,1.8144011307095684
split_cell_heldout,ridge_cell_drug_fp,"Myeloid cells, Ketoconazole",0.5007008289629504,1.1898671771906548,0.6478355328740165,2.0802605672579033
split_cell_heldout,ridge_cell_drug_fp,"Myeloid cells, Disulfiram",0.12115752333717346,0.6506284941061308,0.2823970466799691,1.8190778702551238
split_cell_heldout,ridge_cell_drug_fp,"Myeloid cells, Flutamide",0.15913313432861195,0.6320695541253573,0.26452145020682594,1.7617555441845436
split_cell_heldout,ridge_cell_drug_fp,"Myeloid cells, Desloratadine",0.18371727496259138,0.6320711749608582,0.4358114692600009,1.6478218246065857
split_cell_heldout,ridge_cell_drug_fp,"Myeloid cells, BMS-536924",0.31710489236274925,1.1207188728055297,0.50494370981369,2.0383179072953705
split_cell_heldout,ridge_cell_drug_fp,"Myeloid cells, IKK Inhibitor VII",0.3040089954467823,1.5025634010836446,0.45781640279024505,2.5804621702985022
split_cell_heldout,ridge_cell_drug_fp,"Myeloid cells, Amiodarone",0.12047677999338055,0.6607579050361501,0.18733095208652792,1.8326248662143432
split_cell_heldout,ridge_cell_drug_fp,"Myeloid cells, IMD-0354",0.47911611328746145,1.420416543930963,0.6226166354749373,2.2408047863868044
split_cell_heldout,ridge_cell_drug_fp,"Myeloid cells, Alogliptin",0.16339574052948988,0.5963207581264299,0.35136495661934497,1.6367943167775099
split_cell_heldout,ridge_cell_drug_fp,"Myeloid cells, RN-486",-0.026147843427263222,0.823632004538557,-0.07754823309670927,2.0817356483976592
split_cell_heldout,ridge_cell_drug_fp,"Myeloid cells, Decitabine",0.1342838719869877,0.5565802755829792,0.26382408764798587,1.6944791892214952
split_cell_heldout,ridge_cell_drug_fp,"Myeloid cells, Cabozantinib",0.18970928768429687,0.7611054179096086,0.3471974869432533,1.841458795838096
split_cell_heldout,ridge_cell_drug_fp,"Myeloid cells, Defactinib",0.3203036031432831,1.0200285241786493,0.5137941074323165,2.0697644459580005
split_cell_heldout,ridge_cell_drug_fp,"Myeloid cells, AZD3514",0.3739371832267618,0.8060667238635079,0.6211799453648545,1.7696321297608752
split_cell_heldout,ridge_cell_drug_fp,"Myeloid cells, HMN-214",0.39336878561766864,0.7826472386479661,0.6445683092219158,1.7235561454196595
split_cell_heldout,ridge_cell_drug_fp,"Myeloid cells, CC-401",0.45062574158928753,0.8619119747592999,0.6329593930762698,1.81073453470124
split_cell_heldout,ridge_cell_drug_fp,"Myeloid cells, Resminostat",0.47559117709089993,1.8104066905500957,0.5922607263779318,2.403758459723949
split_cell_heldout,ridge_cell_drug_fp,"Myeloid cells, Nilotinib",0.3081068110823949,1.1684319617055552,0.4648502200269205,2.252857625083583
split_cell_heldout,ridge_cell_drug_fp,"Myeloid cells, OSI-930",0.18975963033241075,0.6834647694639887,0.2909235723768328,1.7224750022652207
split_cell_heldout,ridge_cell_drug_fp,"Myeloid cells, Saracatinib",0.4923296298045139,1.3107649653436189,0.6315469771435424,2.2282149991632543
split_cell_heldout,ridge_cell_drug_fp,"Myeloid cells, RG7112",0.3891532147746423,0.7242694355169179,0.5193015248924168,1.9237335639030944
split_cell_heldout,ridge_cell_drug_fp,"Myeloid cells, Lamivudine",0.14618038005377432,0.7256391205888892,0.3364430456066935,1.8244600830489792
split_cell_heldout,ridge_cell_drug_fp,"Myeloid cells, AZD-8330",0.19405783646183639,1.1888237330862925,0.34936348963036806,2.3474416635116038
split_cell_heldout,ridge_cell_drug_fp,"Myeloid cells, Ceritinib",0.19560452835092162,0.9794384444287604,0.4213350599741504,2.208910308669203
split_cell_heldout,ridge_cell_drug_fp,"Myeloid cells, CGM-097",0.47830363510058926,1.1012253710179738,0.6249902299048377,1.948777279297814
split_cell_heldout,ridge_cell_drug_fp,"Myeloid cells, SLx-2119",0.171448274227651,0.6773196423416669,0.381159349700956,1.8260937211983777
split_cell_heldout,ridge_cell_drug_fp,"Myeloid cells, Nefazodone",0.17097392404402822,0.5764464228927445,0.2433379060960636,1.6783261044023414
split_cell_heldout,ridge_cell_drug_fp,"Myeloid cells, TPCA-1",0.3578962636031172,1.3992475607994517,0.5189160119445227,2.3688455415480667
split_cell_heldout,ridge_cell_drug_fp,"Myeloid cells, MGCD-265",0.2188488467136875,0.6453776359107255,0.4340712556831263,1.6369319535843634
split_cell_heldout,ridge_cell_drug_fp,"Myeloid cells, GSK-1070916",0.297637626766453,0.7715135114594266,0.5060020349287058,1.7762519220633883
split_cell_heldout,ridge_cell_drug_fp,"Myeloid cells, Bosutinib",0.4734722454399716,1.5202020857735847,0.608623746645776,2.433498268814917
split_cell_heldout,ridge_cell_drug_fp,"Myeloid cells, Clemastine",0.290435784921145,0.6673802871096683,0.5056912397319987,1.710591321899491
split_cell_heldout,ridge_cell_drug_fp,"Myeloid cells, YK 4-279",0.2036197899640556,0.629391492813625,0.4017324393230164,1.6247751558360362
split_cell_heldout,ridge_cell_drug_fp,"Myeloid cells, Buspirone",0.21560038761733344,0.5586763448329216,0.32380350964609916,1.5870644141116907
split_cell_heldout,ridge_cell_drug_fp,"Myeloid cells, GSK256066",0.17889643998332577,1.141849962784464,0.2914577242630885,2.3452868168891956
split_cell_heldout,ridge_cell_drug_fp,"Myeloid cells, Vandetanib",0.08660260948550814,0.8343856291370096,0.22341956063743337,1.9718769875610382
split_cell_heldout,ridge_cell_drug_fp,"Myeloid cells, Imatinib",0.14690655699920055,0.5554798134424197,0.37133687249951325,1.5858171511355637
split_cell_heldout,ridge_cell_drug_fp,"Myeloid cells, SCH-58261",0.18569452961672173,0.6707170899803491,0.3531947671237144,1.7559903332344278
split_cell_heldout,ridge_cell_drug_fp,"Myeloid cells, Colforsin",0.14282917906466963,0.6995851063347024,0.25998950877647775,1.9268954883250107
split_cell_heldout,ridge_cell_drug_fp,"Myeloid cells, Tosedostat",0.3664362752233679,0.9618059897142802,0.569829926817567,2.003619758490032
split_cell_heldout,ridge_cell_drug_fp,"Myeloid cells, ABT-199 (GDC-0199)",0.1184692081420566,0.6450042570032307,0.23854485934522693,1.7227965102015848
split_cell_heldout,ridge_cell_drug_fp,"Myeloid cells, Mometasone Furoate",0.45416028575979583,1.7765480949851693,0.5777434248753535,2.537119602939927
split_cell_heldout,ridge_cell_drug_fp,"Myeloid cells, Tipifarnib",0.34606967844400655,0.8032360707445405,0.6074537039976712,1.7908859917529543
split_cell_heldout,ridge_cell_drug_fp,"Myeloid cells, Doxorubicin",0.5334873120452955,2.0206664526729505,0.6152669593576118,2.674126705273829
split_cell_heldout,ridge_cell_drug_fp,"Myeloid cells, PF-03814735",0.5171201729309599,1.6880551950665428,0.6228122076819783,2.4917566831383047
split_cell_heldout,ridge_cell_drug_fp,"Myeloid cells, AZD4547",0.17075255230484526,0.693322613499305,0.4464104207191583,1.815466097448223
split_cell_heldout,ridge_cell_drug_fp,"Myeloid cells, Prednisolone",0.3612840585936101,1.5383654861829374,0.5005680499081131,2.4508927753458307
split_cell_heldout,ridge_cell_drug_fp,"Myeloid cells, Tacalcitol",0.19745495134719232,2.195271669786185,0.2597698759943194,3.111236054933961
split_cell_heldout,ridge_cell_drug_fp,"Myeloid cells, Clotrimazole",0.1624361078893031,0.7526262747159982,0.3432675667632723,1.8720507162506024
split_cell_heldout,ridge_cell_drug_fp,"Myeloid cells, Mubritinib (TAK 165)",0.23902099627974718,1.199173781548708,0.3766997323895629,2.2876642457976426
split_cell_heldout,ridge_cell_drug_fp,"Myeloid cells, Vanoxerine",0.23451943855251464,0.6348469197063236,0.4282864435523375,1.6524178490639014
split_cell_heldout,ridge_cell_drug_fp,"Myeloid cells, SB525334",0.40527360347451635,1.1271355526766051,0.5865019903193337,2.2275036798300496
split_cell_heldout,ridge_cell_drug_fp,"Myeloid cells, HYDROXYUREA",0.17075487779263748,0.6344226401392331,0.2490611459831924,1.7594022860584964
split_scaffold_heldout,ridge_cell,"NK cells, TIE2 Kinase Inhibitor",0.21492790451225788,0.5882811483803604,0.403891874973658,1.7138128348947521
split_scaffold_heldout,ridge_cell,"T cells, TIE2 Kinase Inhibitor",0.22319977377962716,0.5677080727853403,0.4736194321666745,1.5412190898241587
split_scaffold_heldout,ridge_cell,"B cells, 5-(9-Isopropyl-8-methyl-2-morpholino-9H-purin-6-yl)pyrimidin-2-amine",0.69167556667748,1.2104501173576092,0.8190403341426105,2.2324454265662217
split_scaffold_heldout,ridge_cell,"Myeloid cells, 5-(9-Isopropyl-8-methyl-2-morpholino-9H-purin-6-yl)pyrimidin-2-amine",0.4434052972042958,1.5103715415693206,0.5913925470707037,2.606164880586081
split_scaffold_heldout,ridge_cell,"NK cells, 5-(9-Isopropyl-8-methyl-2-morpholino-9H-purin-6-yl)pyrimidin-2-amine",0.49081716118375895,0.8248204772165246,0.7349204904918847,1.946182720349881
split_scaffold_heldout,ridge_cell,"T cells, 5-(9-Isopropyl-8-methyl-2-morpholino-9H-purin-6-yl)pyrimidin-2-amine",0.7013279505758885,1.2697402090779073,0.8222156084636224,2.266669511095387
split_scaffold_heldout,ridge_cell,"B cells, IN1451",0.2908306425885634,1.560135291516733,0.40033790229709004,2.6186227745268007
split_scaffold_heldout,ridge_cell,"Myeloid cells, IN1451",0.3218274151485218,2.3668845316621554,0.3975282674246567,3.1732221362684707
split_scaffold_heldout,ridge_cell,"NK cells, IN1451",0.2862985385522611,1.1992360586473965,0.4565622676518096,2.344916909941616
split_scaffold_heldout,ridge_cell,"T cells, IN1451",0.2877168809655634,2.7662187358910844,0.3382777735778888,3.369992408983797
split_scaffold_heldout,ridge_cell,"NK cells, K-02288",0.1949323764407593,0.6050301558992758,0.42151044431593376,1.736291377763252
split_scaffold_heldout,ridge_cell,"T cells, K-02288",0.3991072763140757,0.5041716706928112,0.6072151127383852,1.4810612855020024
split_scaffold_heldout,ridge_cell,"NK cells, BMS-777607",0.219236303163465,0.6266632022531371,0.4134790469600791,1.7185558536356935
split_scaffold_heldout,ridge_cell,"T cells, BMS-777607",0.4417884804974985,0.5149456049835474,0.7350741969035898,1.3667051177778957
split_scaffold_heldout,ridge_cell,"B cells, Proscillaridin A;Proscillaridin-A",0.16416239728753976,2.267805277131413,0.2088804990635306,3.137102114350952
split_scaffold_heldout,ridge_cell,"NK cells, Proscillaridin A;Proscillaridin-A",0.09174665048287653,2.2496647005748107,0.12826786794273135,3.155019941701017
split_scaffold_heldout,ridge_cell,"T cells, Proscillaridin A;Proscillaridin-A",0.006631520208437836,2.989186474149294,0.0074118245153414605,3.5450203518953205
split_scaffold_heldout,ridge_cell,"B cells, Dovitinib",0.6106648064856384,0.7855840983276089,0.8232082239380009,1.8681665521739643
split_scaffold_heldout,ridge_cell,"Myeloid cells, Dovitinib",0.09351654248206984,0.9654144666154069,0.23469283918065448,2.222927546479136
split_scaffold_heldout,ridge_cell,"NK cells, Dovitinib",0.3405208176623619,0.6993260261482754,0.5655554524806695,1.8245368467642442
split_scaffold_heldout,ridge_cell,"T cells, Dovitinib",0.5260563293794367,0.6850200110514814,0.7519280540677727,1.8285224155081095
split_scaffold_heldout,ridge_cell,"B cells, Palbociclib",0.35147768198148704,0.6134850545622162,0.6108410216574398,1.620954063268663
split_scaffold_heldout,ridge_cell,"Myeloid cells, Palbociclib",0.44965624269051535,0.6949444492100764,0.732730785715802,1.695176457261197
split_scaffold_heldout,ridge_cell,"NK cells, Palbociclib",0.25889308318260934,0.6137566779295934,0.43947968472872784,1.7073339790109283
split_scaffold_heldout,ridge_cell,"T cells, Palbociclib",0.3619408035511859,0.513341383231434,0.6839359690277038,1.4688346891656974
split_scaffold_heldout,ridge_cell,"NK cells, Sgc-cbp30",0.30965741783448547,0.6532379045784085,0.5629964966914918,1.7346040689641227
split_scaffold_heldout,ridge_cell,"T cells, Sgc-cbp30",0.388427901314141,0.7137846593518596,0.6080486682029662,1.7887147915437818
split_scaffold_heldout,ridge_cell,"NK cells, Perhexiline",0.4181080128689818,0.7442067039308117,0.6414846261705545,1.7939681444221363
split_scaffold_heldout,ridge_cell,"T cells, Perhexiline",0.6435170695094363,0.860113493341561,0.8240558501327256,1.9200048440775035
split_scaffold_heldout,ridge_cell,"NK cells, IKK Inhibitor VII",0.34506345597561505,0.7107322086304941,0.5889486185886956,1.8185620952315245
split_scaffold_heldout,ridge_cell,"T cells, IKK Inhibitor VII",0.6326753053373894,0.8166633630379894,0.8337613223012943,1.8104480136761045
split_scaffold_heldout,ridge_cell,"B cells, Isoniazid",0.2692486705262601,0.5846931843098151,0.5052393614504118,1.6237207758647443
split_scaffold_heldout,ridge_cell,"Myeloid cells, Isoniazid",0.30787948685845573,0.5815375693086219,0.6002780370228394,1.5163541076140858
split_scaffold_heldout,ridge_cell,"NK cells, Isoniazid",0.1668514652160877,0.6311869676113978,0.35355312499592445,1.7811227426242753
split_scaffold_heldout,ridge_cell,"T cells, Isoniazid",0.14822741115707866,0.5437684590542773,0.32714134957098295,1.520790186631682
split_scaffold_heldout,ridge_cell,"NK cells, Alogliptin",0.10262781957865044,0.6207034139774731,0.14736828390752713,1.8084251709828099
split_scaffold_heldout,ridge_cell,"T cells, Alogliptin",0.07459855650692714,0.5990130615880767,0.07944077571211562,1.699502146722717
split_scaffold_heldout,ridge_cell,"B cells, LDN 193189",0.17912885651303123,0.5873232146203305,0.37964831328877036,1.62322993793862
split_scaffold_heldout,ridge_cell,"Myeloid cells, LDN 193189",0.07175723824190416,0.8160557109914925,0.24085825845422137,1.973999453885817
split_scaffold_heldout,ridge_cell,"NK cells, LDN 193189",0.08240908169646748,0.6750389832371417,0.14439187990034583,1.8416901660060847
split_scaffold_heldout,ridge_cell,"T cells, LDN 193189",0.2649003852280446,0.5653506148915807,0.4600140634393413,1.637494711255038
split_scaffold_heldout,ridge_cell,"B cells, CHIR-99021",-0.1322029301351386,0.8619920871957867,-0.2833085717139118,2.1404748365851094
split_scaffold_heldout,ridge_cell,"Myeloid cells, CHIR-99021",-0.011625545040198268,1.2588123300589904,-0.01597084657279696,2.474081334998743
split_scaffold_heldout,ridge_cell,"NK cells, CHIR-99021",0.08740215054919763,0.732900308198137,0.1682847379331304,1.9137057275455103
split_scaffold_heldout,ridge_cell,"T cells, CHIR-99021",-0.02012669304034667,1.4827989532074564,-0.009082719188670709,2.7679259925615263
split_scaffold_heldout,ridge_cell,"NK cells, Defactinib",0.23495915383033678,0.6417205895288238,0.5273392431212102,1.769140813383272
split_scaffold_heldout,ridge_cell,"T cells, Defactinib",0.26948474480054396,0.7423912446499494,0.4819392377190666,1.9602768690509862
split_scaffold_heldout,ridge_cell,"NK cells, Lamivudine",0.27781423087734425,0.6302298181223234,0.48055845219937127,1.817783934543575
split_scaffold_heldout,ridge_cell,"T cells, Lamivudine",0.26770170363300644,0.5227694250385669,0.4447062197140431,1.5286737503725807
split_scaffold_heldout,ridge_cell,"B cells, PRT-062607",0.6936080235287823,1.0105746248584389,0.8433275761715723,2.035571437197964
split_scaffold_heldout,ridge_cell,"Myeloid cells, PRT-062607",0.6841099842532079,1.290272776902778,0.8191773676242333,2.3068190624647347
split_scaffold_heldout,ridge_cell,"NK cells, PRT-062607",0.432102589621203,0.6990375677583002,0.6771985148238611,1.7593085944050502
split_scaffold_heldout,ridge_cell,"T cells, PRT-062607",0.7029348755185939,0.873444368518805,0.8528221463382958,1.8391030570147722
split_scaffold_heldout,ridge_cell,"B cells, AZ628",0.6847451452364579,0.7932282673109267,0.8455189796177691,1.787774380906644
split_scaffold_heldout,ridge_cell,"Myeloid cells, AZ628",0.47447615605714794,0.8846663948610525,0.7031166758680119,1.9239176601765797
split_scaffold_heldout,ridge_cell,"NK cells, AZ628",0.3567577851038832,0.6766151352651232,0.6219023890214571,1.7389275585729191
split_scaffold_heldout,ridge_cell,"T cells, AZ628",0.630873725859621,0.6380283499060121,0.8391155266592647,1.6050318327884934
split_scaffold_heldout,ridge_cell,"B cells, Midostaurin",0.5724212475132251,0.7327032478174286,0.7899222726575443,1.7591268615532516
split_scaffold_heldout,ridge_cell,"Myeloid cells, Midostaurin",0.39838879178196,1.0765879064623685,0.5998318450072617,2.2083836531448506
split_scaffold_heldout,ridge_cell,"NK cells, Midostaurin",0.37474381898130976,0.6972996529139722,0.597600321494498,1.7481194003047702
split_scaffold_heldout,ridge_cell,"T cells, Midostaurin",0.618888873400188,0.7764383152699493,0.8283063764245535,1.8435795926827152
split_scaffold_heldout,ridge_cell,"B cells, Oxybenzone",0.2466443133367185,0.5553955888881209,0.42858828485525213,1.624993762979919
split_scaffold_heldout,ridge_cell,"Myeloid cells, Oxybenzone",0.2193366871609481,0.5606393274724716,0.5312539193740213,1.5321128863576037
split_scaffold_heldout,ridge_cell,"NK cells, Oxybenzone",0.24393215087024595,0.6067302877467055,0.4220790656444167,1.721618061722149
split_scaffold_heldout,ridge_cell,"T cells, Oxybenzone",0.2951634750520794,0.4881439953254896,0.49057512282027826,1.456992979883528
split_scaffold_heldout,ridge_cell,"NK cells, SCH-58261",0.12801423513094848,0.6522572991581042,0.2741141525910312,1.8108158171581508
split_scaffold_heldout,ridge_cell,"T cells, SCH-58261",0.028918490987097503,0.5886716471032869,-0.04905983346554902,1.7846598293823064
split_scaffold_heldout,ridge_cell,"NK cells, Colforsin",0.15407332168865273,0.6410644111816133,0.2434450819979914,1.7921696612706612
split_scaffold_heldout,ridge_cell,"T cells, Colforsin",0.34661805780395566,0.5295751209404426,0.5302469452142202,1.40391880726132
split_scaffold_heldout,ridge_cell,"B cells, Colchicine",0.2583219808267416,1.0450853731009144,0.43978815336521715,2.298232693999352
split_scaffold_heldout,ridge_cell,"Myeloid cells, Colchicine",0.34346205910780947,2.3921970644098227,0.41766401690418553,3.1783792743326726
split_scaffold_heldout,ridge_cell,"NK cells, Colchicine",0.3478014693479306,0.6866367980811025,0.5738339925052637,1.770451437198097
split_scaffold_heldout,ridge_cell,"T cells, Colchicine",0.2786120044321976,0.9314357544522089,0.5051209839113519,2.229248933329154
split_scaffold_heldout,ridge_cell,"NK cells, Prednisolone",0.38118960770757265,0.8917632281326365,0.5983240341965016,2.120865097891749
split_scaffold_heldout,ridge_cell,"T cells, Prednisolone",0.5428554748424456,1.3072711784192075,0.6753608187350604,2.460216069704657
split_scaffold_heldout,ridge_cell,"B cells, Selumetinib",0.603245535618831,0.7142238359387192,0.823786173126322,1.8227557798628975
split_scaffold_heldout,ridge_cell,"Myeloid cells, Selumetinib",0.5939609445077445,0.9219406123592297,0.8084336965545224,1.9823538175860513
split_scaffold_heldout,ridge_cell,"NK cells, Selumetinib",0.29438251042822017,0.6734076353449985,0.5074348310264645,1.7812985692360006
split_scaffold_heldout,ridge_cell,"T cells, Selumetinib",0.548870332336135,0.5867188449824483,0.8056271917488426,1.5602391398578412
split_scaffold_heldout,ridge_cell,"B cells, TIE2 Kinase Inhibitor",0.17864741727587657,0.5717064392766461,0.2892447478623842,1.6127717515854436
split_scaffold_heldout,ridge_cell,"Myeloid cells, TIE2 Kinase Inhibitor",0.08740007662158523,0.6942623483375986,0.3846527933525685,1.779642680943371
split_scaffold_heldout,ridge_cell,"B cells, K-02288",0.4292699253977772,0.5935775490435656,0.7103551359645756,1.5749998035402513
split_scaffold_heldout,ridge_cell,"Myeloid cells, K-02288",0.19550485008164398,0.966019945582649,0.41821438146304163,2.150828055410077
split_scaffold_heldout,ridge_cell,"B cells, BMS-777607",0.4142667988398252,0.5929988962193538,0.6523652592792237,1.588944191867987
split_scaffold_heldout,ridge_cell,"Myeloid cells, BMS-777607",0.4000922845963143,0.7149801981470457,0.685591031839003,1.7781342458958
split_scaffold_heldout,ridge_cell,"B cells, Sgc-cbp30",0.34211254607865327,0.6318571539517899,0.6595384433640713,1.6258273817199642
split_scaffold_heldout,ridge_cell,"Myeloid cells, Sgc-cbp30",0.26215872680371,0.9648399404233655,0.4741912708286346,2.0914762147711112
split_scaffold_heldout,ridge_cell,"B cells, Perhexiline",0.68054567526565,0.9139150863992774,0.8435419272865228,1.9027708785736694
split_scaffold_heldout,ridge_cell,"Myeloid cells, Perhexiline",0.5226140859205529,0.8413196981287108,0.7392799495606361,1.8914259520687615
split_scaffold_heldout,ridge_cell,"B cells, IKK Inhibitor VII",0.6498702254057666,0.8916956963902745,0.825916247440924,1.8927944663938732
split_scaffold_heldout,ridge_cell,"Myeloid cells, IKK Inhibitor VII",0.6153866728651393,1.379849698626544,0.7638872549188607,2.4721376211212798
split_scaffold_heldout,ridge_cell,"B cells, Alogliptin",0.0906804275971555,0.6314208468296987,0.13238237669114708,1.808857091662347
split_scaffold_heldout,ridge_cell,"Myeloid cells, Alogliptin",0.03235658317671924,0.6479229314178587,0.11625615311654863,1.7280803132179365
split_scaffold_heldout,ridge_cell,"B cells, Defactinib",0.44891951967933025,0.6691729343759177,0.6986964655742464,1.6399536953100136
split_scaffold_heldout,ridge_cell,"Myeloid cells, Defactinib",0.570293715984796,0.9168530824257158,0.7738544648070551,1.9301528513674802
split_scaffold_heldout,ridge_cell,"B cells, Lamivudine",0.35746516691067326,0.5892565579924163,0.6510283082557276,1.578278688661826
split_scaffold_heldout,ridge_cell,"Myeloid cells, Lamivudine",0.25190787196406983,0.6933358063619753,0.524470227272195,1.7123799900823249
split_scaffold_heldout,ridge_cell,"B cells, SCH-58261",0.00811486422800432,0.6246164153925406,0.0663283371449537,1.7589151234041425
split_scaffold_heldout,ridge_cell,"Myeloid cells, SCH-58261",0.28307803682486016,0.6470538850462793,0.5650732362785116,1.653745274450464
split_scaffold_heldout,ridge_cell,"B cells, Colforsin",0.2827283675488371,0.568690225839748,0.41513557625755904,1.6083592482038578
split_scaffold_heldout,ridge_cell,"Myeloid cells, Colforsin",0.20048574968817945,0.6839564674806714,0.4342242038094019,1.8344919871007546
split_scaffold_heldout,ridge_cell,"B cells, Prednisolone",0.5796562034839788,0.9873419833404944,0.756537026039839,2.123236663155624
split_scaffold_heldout,ridge_cell,"Myeloid cells, Prednisolone",0.5188758398575082,1.4721359347177485,0.6605188377981028,2.5197347722578765
split_scaffold_heldout,ridge_drug_fp,"NK cells, TIE2 Kinase Inhibitor",0.06267697910411048,0.6517642601180152,0.15682483608753273,1.780582966888149
split_scaffold_heldout,ridge_drug_fp,"T cells, TIE2 Kinase Inhibitor",0.19841991619649482,0.5694335749661918,0.40614134330259805,1.582084148452731
split_scaffold_heldout,ridge_drug_fp,"B cells, 5-(9-Isopropyl-8-methyl-2-morpholino-9H-purin-6-yl)pyrimidin-2-amine",0.6697145968994743,1.1459488039874108,0.8048709786863814,2.08445659232698
split_scaffold_heldout,ridge_drug_fp,"Myeloid cells, 5-(9-Isopropyl-8-methyl-2-morpholino-9H-purin-6-yl)pyrimidin-2-amine",0.5041490520800961,1.4553950201391708,0.6588164182341756,2.4890169608879926
split_scaffold_heldout,ridge_drug_fp,"NK cells, 5-(9-Isopropyl-8-methyl-2-morpholino-9H-purin-6-yl)pyrimidin-2-amine",0.4647477475857018,0.8042613875933619,0.6856022033510052,1.7551622046537445
split_scaffold_heldout,ridge_drug_fp,"T cells, 5-(9-Isopropyl-8-methyl-2-morpholino-9H-purin-6-yl)pyrimidin-2-amine",0.703132453713186,1.193348513393224,0.8231108429792151,2.112819261214245
split_scaffold_heldout,ridge_drug_fp,"B cells, IN1451",0.08376016170429496,1.627220729743037,0.12532782619691757,2.7190792613941372
split_scaffold_heldout,ridge_drug_fp,"Myeloid cells, IN1451",0.0898864491481049,2.449145683667183,0.11398295274992461,3.2835716968348283
split_scaffold_heldout,ridge_drug_fp,"NK cells, IN1451",0.0918480412396075,1.2555186296361192,0.1340817347217566,2.4235190035922747
split_scaffold_heldout,ridge_drug_fp,"T cells, IN1451",0.0757640623990611,2.8354275549131147,0.08985167593370758,3.453654141901938
split_scaffold_heldout,ridge_drug_fp,"NK cells, K-02288",0.08672733634514215,0.7284449345922942,0.21526429733291713,1.7670203369074493
split_scaffold_heldout,ridge_drug_fp,"T cells, K-02288",0.26469164048870303,0.6056008898944323,0.554782978062898,1.523296495444812
split_scaffold_heldout,ridge_drug_fp,"NK cells, BMS-777607",0.11121323251952382,0.7251311780567588,0.23052870738076225,1.7634551990030027
split_scaffold_heldout,ridge_drug_fp,"T cells, BMS-777607",0.22222451031120546,0.6283896347697008,0.49933242473792566,1.5255264068146113
split_scaffold_heldout,ridge_drug_fp,"B cells, Proscillaridin A;Proscillaridin-A",0.09035585806461637,2.2976174888788625,0.12407232460323227,3.1682452477210004
split_scaffold_heldout,ridge_drug_fp,"NK cells, Proscillaridin A;Proscillaridin-A",-0.012813812687112557,2.301021602519045,-0.0073116132733821925,3.2095096849561773
split_scaffold_heldout,ridge_drug_fp,"T cells, Proscillaridin A;Proscillaridin-A",-0.004496026930984206,3.0040396396860545,-0.006291163966549022,3.559300471763681
split_scaffold_heldout,ridge_drug_fp,"B cells, Dovitinib",0.43699227301600724,0.8409907681824399,0.7064870372601748,1.9489036097550898
split_scaffold_heldout,ridge_drug_fp,"Myeloid cells, Dovitinib",0.0011019140405577514,1.0061628268981857,0.0952689476590947,2.2860744215111777
split_scaffold_heldout,ridge_drug_fp,"NK cells, Dovitinib",0.20972941909654133,0.7592968904009834,0.43355858156951976,1.8329496134604362
split_scaffold_heldout,ridge_drug_fp,"T cells, Dovitinib",0.3976978549260401,0.7336256959243601,0.6914075237729902,1.8759864222322866
split_scaffold_heldout,ridge_drug_fp,"B cells, Palbociclib",0.19742371168059775,0.7119898798277584,0.428877601450917,1.7274046258073406
split_scaffold_heldout,ridge_drug_fp,"Myeloid cells, Palbociclib",0.2900704648051301,0.7766810481505168,0.5824661212322689,1.8055081975684086
split_scaffold_heldout,ridge_drug_fp,"NK cells, Palbociclib",0.14681445081419547,0.7191876899905464,0.2526321886858291,1.7502188514932497
split_scaffold_heldout,ridge_drug_fp,"T cells, Palbociclib",0.27444144578235474,0.5936193738403832,0.6126996718294749,1.484599154381785
split_scaffold_heldout,ridge_drug_fp,"NK cells, Sgc-cbp30",0.20771189632145579,0.7759945023044074,0.3885623648851796,1.7273216918178482
split_scaffold_heldout,ridge_drug_fp,"T cells, Sgc-cbp30",0.2235080970250805,0.8359503947850797,0.38374926070404863,1.8933484341437754
split_scaffold_heldout,ridge_drug_fp,"NK cells, Perhexiline",0.22956757208540135,0.7897112098596403,0.40602897260731075,1.8644677353040406
split_scaffold_heldout,ridge_drug_fp,"T cells, Perhexiline",0.3854663328318962,0.9590538897320049,0.6333946655326587,2.138264831443832
split_scaffold_heldout,ridge_drug_fp,"NK cells, IKK Inhibitor VII",0.23774716338682522,0.7784337900245585,0.47327969033190737,1.7725666377318328
split_scaffold_heldout,ridge_drug_fp,"T cells, IKK Inhibitor VII",0.40434646326554974,0.8976850950974141,0.6730645558521283,1.9058094550181728
split_scaffold_heldout,ridge_drug_fp,"B cells, Isoniazid",0.16382117992752884,0.6045252903342911,0.29672753395592716,1.7099535742964216
split_scaffold_heldout,ridge_drug_fp,"Myeloid cells, Isoniazid",0.08500749676739527,0.6227027133818572,0.22911587834289504,1.7414286667495698
split_scaffold_heldout,ridge_drug_fp,"NK cells, Isoniazid",0.05316865319992077,0.6733875116971456,0.1024292367323707,1.8389958022641664
split_scaffold_heldout,ridge_drug_fp,"T cells, Isoniazid",-0.009801492724625143,0.5621857874874189,0.15491482821613875,1.5864508341916013
split_scaffold_heldout,ridge_drug_fp,"NK cells, Alogliptin",0.03473506400506528,0.6852377173916353,0.014605271891370598,1.8458442213953687
split_scaffold_heldout,ridge_drug_fp,"T cells, Alogliptin",0.08447852597578805,0.606301439636386,0.1937434719412036,1.6565003872317183
split_scaffold_heldout,ridge_drug_fp,"B cells, LDN 193189",0.03685354758522648,0.6423724577369736,0.12416661040917934,1.7189595022374804
split_scaffold_heldout,ridge_drug_fp,"Myeloid cells, LDN 193189",0.02674623584425816,0.8267321538441074,0.10666652083177122,2.0283793977446303
split_scaffold_heldout,ridge_drug_fp,"NK cells, LDN 193189",0.042217976383597706,0.7282634239538526,0.06144249136708724,1.8589380581708663
split_scaffold_heldout,ridge_drug_fp,"T cells, LDN 193189",0.1429213294556614,0.6112949784810676,0.3081400005733958,1.7071513980192128
split_scaffold_heldout,ridge_drug_fp,"B cells, CHIR-99021",-0.20819746164922967,0.9601077963513355,-0.4099090501991032,2.264278261500689
split_scaffold_heldout,ridge_drug_fp,"Myeloid cells, CHIR-99021",-0.09789695148966933,1.3232191909070485,-0.15571820015851592,2.553327628406361
split_scaffold_heldout,ridge_drug_fp,"NK cells, CHIR-99021",-0.10401600035276647,0.8837579992615483,-0.2561340952225335,2.1177182990901464
split_scaffold_heldout,ridge_drug_fp,"T cells, CHIR-99021",-0.2502634445016327,1.6099789472733224,-0.36013868096556206,2.9726083045656733
split_scaffold_heldout,ridge_drug_fp,"NK cells, Defactinib",0.10790110039415358,0.7009281649850653,0.21772776315571488,1.8464556635323923
split_scaffold_heldout,ridge_drug_fp,"T cells, Defactinib",0.15372014285080365,0.7800588205169939,0.3468393980338085,2.044643490013434
split_scaffold_heldout,ridge_drug_fp,"NK cells, Lamivudine",0.1563552497427345,0.6849921067459227,0.23182370436674843,1.8643060265718914
split_scaffold_heldout,ridge_drug_fp,"T cells, Lamivudine",0.27835683077299883,0.5220771186114829,0.44433887830306884,1.530252528491157
split_scaffold_heldout,ridge_drug_fp,"B cells, PRT-062607",0.5263964773842885,1.0238088896194746,0.7441944756377755,1.9662932381613782
split_scaffold_heldout,ridge_drug_fp,"Myeloid cells, PRT-062607",0.5133511571776165,1.3119858881508617,0.6965426460874841,2.282975042674475
split_scaffold_heldout,ridge_drug_fp,"NK cells, PRT-062607",0.33207294732251047,0.7748605006258701,0.5711288402690483,1.6639923091425233
split_scaffold_heldout,ridge_drug_fp,"T cells, PRT-062607",0.6118152566799316,0.8526736617435572,0.8209862888317634,1.6747349235262252
split_scaffold_heldout,ridge_drug_fp,"B cells, AZ628",0.5457741826192999,0.814432312331251,0.7578223151572799,1.6715186866950935
split_scaffold_heldout,ridge_drug_fp,"Myeloid cells, AZ628",0.20232045609049729,1.0519114756044559,0.37399351659591484,2.0973429378402244
split_scaffold_heldout,ridge_drug_fp,"NK cells, AZ628",0.2006760887881148,0.8339581325962104,0.3937414450087175,1.7492102546056942
split_scaffold_heldout,ridge_drug_fp,"T cells, AZ628",0.535385887748986,0.6896769265829013,0.7748239624552545,1.4953039057976478
split_scaffold_heldout,ridge_drug_fp,"B cells, Midostaurin",-0.11027829887829431,1.0028951059524729,-0.12800868184002645,2.275198557411488
split_scaffold_heldout,ridge_drug_fp,"Myeloid cells, Midostaurin",-0.07009544816604747,1.267234562177991,-0.09399885497530433,2.536332912435153
split_scaffold_heldout,ridge_drug_fp,"NK cells, Midostaurin",-0.0218417501053752,0.8661466227005595,0.05482812928403249,1.9366310053692148
split_scaffold_heldout,ridge_drug_fp,"T cells, Midostaurin",-0.14143798516724512,1.0754449962946584,-0.2942078539871221,2.4642267289192152
split_scaffold_heldout,ridge_drug_fp,"B cells, Oxybenzone",-0.052231057689259515,0.6341726201788757,-0.13387202965378098,1.8044083583408546
split_scaffold_heldout,ridge_drug_fp,"Myeloid cells, Oxybenzone",-0.16056300647193558,0.6388133652850899,-0.2943360625762598,1.8173328923672885
split_scaffold_heldout,ridge_drug_fp,"NK cells, Oxybenzone",0.008807742027472825,0.6885337207156709,-0.006558226263339975,1.851319575021789
split_scaffold_heldout,ridge_drug_fp,"T cells, Oxybenzone",-0.12652838845796352,0.5908826125844708,-0.17673407892354087,1.7118667363549873
split_scaffold_heldout,ridge_drug_fp,"NK cells, SCH-58261",0.0012957874051328486,0.7955418555507149,0.03407194323790058,1.8856450453149456
split_scaffold_heldout,ridge_drug_fp,"T cells, SCH-58261",0.11441634062957398,0.6477000248819632,0.1534980261082334,1.6974586037970898
split_scaffold_heldout,ridge_drug_fp,"NK cells, Colforsin",-0.02115711804806392,0.7389876571796918,-0.1103395129577414,1.8926555703864252
split_scaffold_heldout,ridge_drug_fp,"T cells, Colforsin",0.09159242182217384,0.6259666254269998,0.08081215387765359,1.6420028023319049
split_scaffold_heldout,ridge_drug_fp,"B cells, Colchicine",0.29665627329850225,1.0334948456898376,0.4978200291366086,2.2675658345077876
split_scaffold_heldout,ridge_drug_fp,"Myeloid cells, Colchicine",0.32100982120252247,2.3999314239922858,0.4013515098180631,3.1892766828477166
split_scaffold_heldout,ridge_drug_fp,"NK cells, Colchicine",0.22970966773872425,0.7349168424328009,0.4074986538885572,1.7937434103412457
split_scaffold_heldout,ridge_drug_fp,"T cells, Colchicine",0.32419377950794115,0.9169480449282997,0.5815768628067793,2.1818434955102224
split_scaffold_heldout,ridge_drug_fp,"NK cells, Prednisolone",0.42389217729861073,0.8607578633704625,0.654580834866875,1.9444238198211945
split_scaffold_heldout,ridge_drug_fp,"T cells, Prednisolone",0.6322894234054925,1.234472231771429,0.8019052113389489,2.289476361102007
split_scaffold_heldout,ridge_drug_fp,"B cells, Selumetinib",0.4789527673534541,0.757534345964225,0.7298768077901838,1.7587466444147926
split_scaffold_heldout,ridge_drug_fp,"Myeloid cells, Selumetinib",0.39724036093766374,0.9996570721303525,0.6369964379221962,2.0406289219099225
split_scaffold_heldout,ridge_drug_fp,"NK cells, Selumetinib",0.19322141086128755,0.7838620108013679,0.3350496160447781,1.7987695066005465
split_scaffold_heldout,ridge_drug_fp,"T cells, Selumetinib",0.5129252861824413,0.6167311925493275,0.7672217105812159,1.433069249112268
split_scaffold_heldout,ridge_drug_fp,"B cells, TIE2 Kinase Inhibitor",0.09717792961410414,0.592073084889674,0.142120153824546,1.6645627273216395
split_scaffold_heldout,ridge_drug_fp,"Myeloid cells, TIE2 Kinase Inhibitor",0.13515149702161575,0.661347770778944,0.3651610492181723,1.8024859740060653
split_scaffold_heldout,ridge_drug_fp,"B cells, K-02288",0.3199943470060423,0.668405504799843,0.6459895178677514,1.5661860436929098
split_scaffold_heldout,ridge_drug_fp,"Myeloid cells, K-02288",0.0158261444257854,1.0658124288447335,0.09830669131624348,2.305905344311018
split_scaffold_heldout,ridge_drug_fp,"B cells, BMS-777607",0.23236764687022357,0.6879408772771752,0.4656559550200958,1.718200966749929
split_scaffold_heldout,ridge_drug_fp,"Myeloid cells, BMS-777607",0.10499775925193693,0.8455766152555814,0.25292794319697565,2.017712887923519
split_scaffold_heldout,ridge_drug_fp,"B cells, Sgc-cbp30",0.16569791189142571,0.7805593424560747,0.4176385822607154,1.718050196920088
split_scaffold_heldout,ridge_drug_fp,"Myeloid cells, Sgc-cbp30",0.23973437498216432,1.0104327275710645,0.41735460686078263,2.0837705017229236
split_scaffold_heldout,ridge_drug_fp,"B cells, Perhexiline",0.35863200387100175,1.0303509305931997,0.5770337136210892,2.1451913204700586
split_scaffold_heldout,ridge_drug_fp,"Myeloid cells, Perhexiline",0.29924212326895255,0.9252670354774987,0.5191992438331124,2.101503863121942
split_scaffold_heldout,ridge_drug_fp,"B cells, IKK Inhibitor VII",0.36291447688367545,0.9894169398791436,0.5996529715822528,2.014457495469704
split_scaffold_heldout,ridge_drug_fp,"Myeloid cells, IKK Inhibitor VII",0.48234389494376606,1.4088976169310325,0.6923577412688425,2.4781612018490136
split_scaffold_heldout,ridge_drug_fp,"B cells, Alogliptin",0.11966679770858477,0.636912505924493,0.23597356787158236,1.7758039375667776
split_scaffold_heldout,ridge_drug_fp,"Myeloid cells, Alogliptin",0.1421035293285342,0.6101188819029575,0.3632703389520522,1.6373177902150364
split_scaffold_heldout,ridge_drug_fp,"B cells, Defactinib",0.21083063719638986,0.7491306126724671,0.4418574857192362,1.8088586129969995
split_scaffold_heldout,ridge_drug_fp,"Myeloid cells, Defactinib",0.2539457785663643,1.0359604533122526,0.454091965910645,2.171661289336348
split_scaffold_heldout,ridge_drug_fp,"B cells, Lamivudine",0.2945779973676801,0.6132574549536796,0.5339456955594946,1.657610827237365
split_scaffold_heldout,ridge_drug_fp,"Myeloid cells, Lamivudine",0.2834739212477704,0.6771485066690408,0.5554391245669135,1.722117454372979
split_scaffold_heldout,ridge_drug_fp,"B cells, SCH-58261",-0.00010596372585086818,0.7182560224186942,-0.0069280036270718305,1.780905151608929
split_scaffold_heldout,ridge_drug_fp,"Myeloid cells, SCH-58261",0.2531318207389903,0.6997894392274278,0.5462761566354937,1.6197564204934907
split_scaffold_heldout,ridge_drug_fp,"B cells, Colforsin",0.11962978576955546,0.6384784194648255,0.19320895211401762,1.7069688981948254
split_scaffold_heldout,ridge_drug_fp,"Myeloid cells, Colforsin",-0.03995420613109022,0.7646762917104063,-0.04575194669434981,2.044606132815976
split_scaffold_heldout,ridge_drug_fp,"B cells, Prednisolone",0.5055742389319855,0.9917046025864789,0.7477346766142675,2.062782817938926
split_scaffold_heldout,ridge_drug_fp,"Myeloid cells, Prednisolone",0.4992563180580397,1.4621007424555454,0.66057973414523,2.4863897384815594
split_scaffold_heldout,ridge_cell_drug_fp,"NK cells, TIE2 Kinase Inhibitor",0.13739203478170656,0.6276843264386649,0.31754693363861497,1.725486584237338
split_scaffold_heldout,ridge_cell_drug_fp,"T cells, TIE2 Kinase Inhibitor",0.24778738819600557,0.5779764765130612,0.46060494367139193,1.5332303679520871
split_scaffold_heldout,ridge_cell_drug_fp,"B cells, 5-(9-Isopropyl-8-methyl-2-morpholino-9H-purin-6-yl)pyrimidin-2-amine",0.7163287662740553,1.0934215102690863,0.8365178190544678,1.9783639764783703
split_scaffold_heldout,ridge_cell_drug_fp,"Myeloid cells, 5-(9-Isopropyl-8-methyl-2-morpholino-9H-purin-6-yl)pyrimidin-2-amine",0.5296156843698842,1.4226211390854415,0.6867535075066191,2.415165865118344
split_scaffold_heldout,ridge_cell_drug_fp,"NK cells, 5-(9-Isopropyl-8-methyl-2-morpholino-9H-purin-6-yl)pyrimidin-2-amine",0.5096059562158726,0.7815221362658459,0.7375502645317307,1.7378263483853897
split_scaffold_heldout,ridge_cell_drug_fp,"T cells, 5-(9-Isopropyl-8-methyl-2-morpholino-9H-purin-6-yl)pyrimidin-2-amine",0.7607579274721633,1.1319342318222312,0.8535783811816163,2.00042463101094
split_scaffold_heldout,ridge_cell_drug_fp,"B cells, IN1451",0.14886917441231837,1.610387117573208,0.22222991365856276,2.6793839569460585
split_scaffold_heldout,ridge_cell_drug_fp,"Myeloid cells, IN1451",0.19087697095449627,2.4119233704072687,0.24283547511342524,3.2275038673305354
split_scaffold_heldout,ridge_cell_drug_fp,"NK cells, IN1451",0.09260751918496356,1.2547677380234605,0.1471686342303595,2.4179102198186624
split_scaffold_heldout,ridge_cell_drug_fp,"T cells, IN1451",0.14232435737703164,2.8121569054421873,0.17047640184431584,3.4224983688793125
split_scaffold_heldout,ridge_cell_drug_fp,"NK cells, K-02288",0.15326660129068972,0.6814869934942948,0.3654208636860317,1.7020007945384996
split_scaffold_heldout,ridge_cell_drug_fp,"T cells, K-02288",0.3618726418172354,0.5920891384742739,0.6390845638144637,1.3948401149412855
split_scaffold_heldout,ridge_cell_drug_fp,"NK cells, BMS-777607",0.153244525365172,0.7113165035779221,0.3178382386945923,1.7203719637026413
split_scaffold_heldout,ridge_cell_drug_fp,"T cells, BMS-777607",0.31768384371350594,0.604551650081267,0.6226511157266115,1.408004316917542
split_scaffold_heldout,ridge_cell_drug_fp,"B cells, Proscillaridin A;Proscillaridin-A",0.1339203498593344,2.2818080556735527,0.18050858289224694,3.1410344535562347
split_scaffold_heldout,ridge_cell_drug_fp,"NK cells, Proscillaridin A;Proscillaridin-A",0.04978688703517325,2.272636595650494,0.0745143387171218,3.172116716537488
split_scaffold_heldout,ridge_cell_drug_fp,"T cells, Proscillaridin A;Proscillaridin-A",0.020646423447953536,3.0012073787421,0.022153552783776426,3.5543737319778654
split_scaffold_heldout,ridge_cell_drug_fp,"B cells, Dovitinib",0.5307878812205694,0.7939102584355491,0.7858362989891817,1.7940113679561611
split_scaffold_heldout,ridge_cell_drug_fp,"Myeloid cells, Dovitinib",0.05535206222875833,1.0120813047018662,0.17875637275920533,2.2514967883681942
split_scaffold_heldout,ridge_cell_drug_fp,"NK cells, Dovitinib",0.26129488512421495,0.7318517071357683,0.5269214651570718,1.7915896052561346
split_scaffold_heldout,ridge_cell_drug_fp,"T cells, Dovitinib",0.47355039576126406,0.7052539999595429,0.7361655217487646,1.7473391242966387
split_scaffold_heldout,ridge_cell_drug_fp,"B cells, Palbociclib",0.28147165953449527,0.6956024549839959,0.5342762713365666,1.6271969829586403
split_scaffold_heldout,ridge_cell_drug_fp,"Myeloid cells, Palbociclib",0.4108061438533631,0.7451048981312741,0.7237634208528403,1.5908475443490353
split_scaffold_heldout,ridge_cell_drug_fp,"NK cells, Palbociclib",0.22497223521338616,0.6757740543418123,0.38917051469738423,1.6804051499031503
split_scaffold_heldout,ridge_cell_drug_fp,"T cells, Palbociclib",0.3355428666173743,0.5872931912848104,0.6625041609128245,1.409605928999838
split_scaffold_heldout,ridge_cell_drug_fp,"NK cells, Sgc-cbp30",0.23841255735825412,0.7403074939395521,0.43795392933659505,1.69611109033615
split_scaffold_heldout,ridge_cell_drug_fp,"T cells, Sgc-cbp30",0.2856129361791551,0.8276238736884717,0.48218900203929704,1.799382555769778
split_scaffold_heldout,ridge_cell_drug_fp,"NK cells, Perhexiline",0.23976531215015356,0.7863821722288408,0.4293331255091707,1.8577901114503468
split_scaffold_heldout,ridge_cell_drug_fp,"T cells, Perhexiline",0.485852335670722,0.9149235083998273,0.7135133836252582,2.017187790138047
split_scaffold_heldout,ridge_cell_drug_fp,"NK cells, IKK Inhibitor VII",0.258999042970319,0.7583426858790054,0.524142677278668,1.7521365208317545
split_scaffold_heldout,ridge_cell_drug_fp,"T cells, IKK Inhibitor VII",0.510518007120804,0.8431884848351779,0.7779502386147847,1.7510094163269994
split_scaffold_heldout,ridge_cell_drug_fp,"B cells, Isoniazid",0.2181124894281029,0.6077657110294307,0.42280440335109143,1.6495407527844828
split_scaffold_heldout,ridge_cell_drug_fp,"Myeloid cells, Isoniazid",0.24439491688570714,0.6102543085959886,0.5547405548720697,1.55524360310088
split_scaffold_heldout,ridge_cell_drug_fp,"NK cells, Isoniazid",0.1037805054015385,0.6620431035944173,0.23097475737190398,1.8028137953928174
split_scaffold_heldout,ridge_cell_drug_fp,"T cells, Isoniazid",0.1072854631831527,0.5653017986750477,0.38929465284616355,1.5143802670934503
split_scaffold_heldout,ridge_cell_drug_fp,"NK cells, Alogliptin",0.12694877832326523,0.6517303835639978,0.22409214102601288,1.7764357783658566
split_scaffold_heldout,ridge_cell_drug_fp,"T cells, Alogliptin",0.15508827386510793,0.6001266056162398,0.2848960772917497,1.6203036989352562
split_scaffold_heldout,ridge_cell_drug_fp,"B cells, LDN 193189",0.09846053874154694,0.6558710596993496,0.2311459237671607,1.677308614239164
split_scaffold_heldout,ridge_cell_drug_fp,"Myeloid cells, LDN 193189",0.10048393063475981,0.8313534090557088,0.27544099178352266,1.9562085671639922
split_scaffold_heldout,ridge_cell_drug_fp,"NK cells, LDN 193189",0.12406649909583217,0.6948939840661588,0.2586771769263421,1.7957732165782747
split_scaffold_heldout,ridge_cell_drug_fp,"T cells, LDN 193189",0.20086815223403726,0.6240467509067182,0.39692381213727174,1.6565467710573505
split_scaffold_heldout,ridge_cell_drug_fp,"B cells, CHIR-99021",-0.1947806828296196,0.9842750340249481,-0.38118142313880593,2.30364163541835
split_scaffold_heldout,ridge_cell_drug_fp,"Myeloid cells, CHIR-99021",-0.07026010499197617,1.3518544093315186,-0.10761276651506622,2.569990901655924
split_scaffold_heldout,ridge_cell_drug_fp,"NK cells, CHIR-99021",-0.053395599251296895,0.8440964104743377,-0.14530580674371865,2.056217456538604
split_scaffold_heldout,ridge_cell_drug_fp,"T cells, CHIR-99021",-0.1454511311821104,1.5852563104268298,-0.2006103225813664,2.9138274449357144
split_scaffold_heldout,ridge_cell_drug_fp,"NK cells, Defactinib",0.15697966555924978,0.6899688730813226,0.33932980244111466,1.7982553568048119
split_scaffold_heldout,ridge_cell_drug_fp,"T cells, Defactinib",0.2634840706194847,0.749868739231317,0.4929055022737977,1.9495259732962598
split_scaffold_heldout,ridge_cell_drug_fp,"NK cells, Lamivudine",0.2297465759787736,0.6552137404818719,0.3878264536357198,1.8146792260219302
split_scaffold_heldout,ridge_cell_drug_fp,"T cells, Lamivudine",0.3114328460761086,0.5366264368422634,0.5014456575834634,1.4861198193707574
split_scaffold_heldout,ridge_cell_drug_fp,"B cells, PRT-062607",0.6213856976880993,0.9548897628362615,0.8116013418589736,1.8196515900923467
split_scaffold_heldout,ridge_cell_drug_fp,"Myeloid cells, PRT-062607",0.631391801676229,1.2114558714540935,0.7982172880377851,2.0869901457016704
split_scaffold_heldout,ridge_cell_drug_fp,"NK cells, PRT-062607",0.382130161390488,0.7324756458385966,0.6322804857104055,1.624640223521783
split_scaffold_heldout,ridge_cell_drug_fp,"T cells, PRT-062607",0.6742926911523007,0.8001582638179076,0.8553911820762629,1.548980171584616
split_scaffold_heldout,ridge_cell_drug_fp,"B cells, AZ628",0.6263510542602555,0.7558836179552049,0.8168069442480396,1.516971123762438
split_scaffold_heldout,ridge_cell_drug_fp,"Myeloid cells, AZ628",0.32641748866429215,1.0001973749063997,0.5559826845932483,1.9177883395408892
split_scaffold_heldout,ridge_cell_drug_fp,"NK cells, AZ628",0.24002212650737442,0.783632747751623,0.46997628891734883,1.7023270357763145
split_scaffold_heldout,ridge_cell_drug_fp,"T cells, AZ628",0.5680490131507565,0.6833158794044162,0.8043520418615522,1.3852241495870068
split_scaffold_heldout,ridge_cell_drug_fp,"B cells, Midostaurin",0.048259900674922925,0.9513651111314416,0.21730580540426425,2.116589148315293
split_scaffold_heldout,ridge_cell_drug_fp,"Myeloid cells, Midostaurin",0.10175079181139857,1.2191901848920768,0.22141994377783328,2.3947832987562294
split_scaffold_heldout,ridge_cell_drug_fp,"NK cells, Midostaurin",-0.010680650201476648,0.8859192819024477,0.07843864834349668,1.9321352570241173
split_scaffold_heldout,ridge_cell_drug_fp,"T cells, Midostaurin",0.020504449777266245,1.0253752212142548,0.0632859821352398,2.299930462424037
split_scaffold_heldout,ridge_cell_drug_fp,"B cells, Oxybenzone",0.040932234250692534,0.629242050632336,0.07736561394807061,1.739953564514891
split_scaffold_heldout,ridge_cell_drug_fp,"Myeloid cells, Oxybenzone",-0.03072197852278588,0.6505391205638863,0.05512413207021159,1.7203482419511074
split_scaffold_heldout,ridge_cell_drug_fp,"NK cells, Oxybenzone",0.05932175557010782,0.6904814342164528,0.1542690646028496,1.803512462389743
split_scaffold_heldout,ridge_cell_drug_fp,"T cells, Oxybenzone",0.007388400910799021,0.5920370228127657,0.049798702807570434,1.638418628492644
split_scaffold_heldout,ridge_cell_drug_fp,"NK cells, SCH-58261",0.06729924690777153,0.749922627853795,0.17552075830608024,1.829505728711503
split_scaffold_heldout,ridge_cell_drug_fp,"T cells, SCH-58261",0.1050118438767958,0.6783934493026684,0.11156869158346269,1.7393725288965065
split_scaffold_heldout,ridge_cell_drug_fp,"NK cells, Colforsin",0.017192574424685726,0.7214581509037976,0.017663621543710827,1.8514837060656022
split_scaffold_heldout,ridge_cell_drug_fp,"T cells, Colforsin",0.19041733620226575,0.6210923795436614,0.37265902102803666,1.5094669337309308
split_scaffold_heldout,ridge_cell_drug_fp,"B cells, Colchicine",0.3366292960151719,1.0187426329334175,0.546945708951027,2.2132160589643997
split_scaffold_heldout,ridge_cell_drug_fp,"Myeloid cells, Colchicine",0.4093325605599126,2.3429781561414127,0.49754781652219715,3.1073620869682212
split_scaffold_heldout,ridge_cell_drug_fp,"NK cells, Colchicine",0.2725390075532162,0.7195776696246742,0.4935977769751248,1.757889581684422
split_scaffold_heldout,ridge_cell_drug_fp,"T cells, Colchicine",0.3571833232972215,0.9066205692875985,0.6040772218453757,2.132526060766544
split_scaffold_heldout,ridge_cell_drug_fp,"NK cells, Prednisolone",0.4515562885690112,0.8486812219784748,0.6926750583771895,1.9227586846423566
split_scaffold_heldout,ridge_cell_drug_fp,"T cells, Prednisolone",0.6710484226131276,1.192193336280494,0.8250121930405439,2.206320737615839
split_scaffold_heldout,ridge_cell_drug_fp,"B cells, Selumetinib",0.5630133538951996,0.7114735101978286,0.7932709608659216,1.595886942297734
split_scaffold_heldout,ridge_cell_drug_fp,"Myeloid cells, Selumetinib",0.5486016416035366,0.9084093665847507,0.7813152923508462,1.7994744335145787
split_scaffold_heldout,ridge_cell_drug_fp,"NK cells, Selumetinib",0.2511737253284092,0.7367624456119053,0.4257686143106143,1.7375650995183438
split_scaffold_heldout,ridge_cell_drug_fp,"T cells, Selumetinib",0.5642139887807677,0.597866683997439,0.8042303953159572,1.3178220640098501
split_scaffold_heldout,ridge_cell_drug_fp,"B cells, TIE2 Kinase Inhibitor",0.15376020259697884,0.6008902595828841,0.24191967417976426,1.6293602038980988
split_scaffold_heldout,ridge_cell_drug_fp,"Myeloid cells, TIE2 Kinase Inhibitor",0.16628657933088548,0.6848604592916685,0.46861917956015026,1.7189552020452852
split_scaffold_heldout,ridge_cell_drug_fp,"B cells, K-02288",0.37967997164401496,0.657836893113796,0.7010680844236261,1.4578415474409612
split_scaffold_heldout,ridge_cell_drug_fp,"Myeloid cells, K-02288",0.11242376567663205,1.0547284031606,0.29962252714799215,2.2034690950705405
split_scaffold_heldout,ridge_cell_drug_fp,"B cells, BMS-777607",0.3252106359027882,0.6645745510643198,0.5764045987525217,1.5966985150691289
split_scaffold_heldout,ridge_cell_drug_fp,"Myeloid cells, BMS-777607",0.25157075393305295,0.8160668712740975,0.5296556643060116,1.8309960783637445
split_scaffold_heldout,ridge_cell_drug_fp,"B cells, Sgc-cbp30",0.2284438883121768,0.7727131381101952,0.5325380780249234,1.6258650900614806
split_scaffold_heldout,ridge_cell_drug_fp,"Myeloid cells, Sgc-cbp30",0.26212901871021876,1.0203695214544006,0.46019200183362574,2.0353224725072536
split_scaffold_heldout,ridge_cell_drug_fp,"B cells, Perhexiline",0.5036789431780826,0.9713371820448945,0.7186908724888769,1.9992648053755888
split_scaffold_heldout,ridge_cell_drug_fp,"Myeloid cells, Perhexiline",0.43630405451004073,0.8736091918844816,0.6679629992548487,1.9403570992102104
split_scaffold_heldout,ridge_cell_drug_fp,"B cells, IKK Inhibitor VII",0.48309270883881833,0.9294196791131195,0.7273968456721609,1.8716299023383625
split_scaffold_heldout,ridge_cell_drug_fp,"Myeloid cells, IKK Inhibitor VII",0.5954231629732865,1.3179289158524221,0.7785248056278689,2.29757811431937
split_scaffold_heldout,ridge_cell_drug_fp,"B cells, Alogliptin",0.1351009687431302,0.6513231685325648,0.22993410603178696,1.7701332763836877
split_scaffold_heldout,ridge_cell_drug_fp,"Myeloid cells, Alogliptin",0.13173548656967893,0.6678788413716479,0.3220864559906685,1.649191522141955
split_scaffold_heldout,ridge_cell_drug_fp,"B cells, Defactinib",0.32755151550736156,0.7187008665671455,0.5989027322508778,1.6910732672829318
split_scaffold_heldout,ridge_cell_drug_fp,"Myeloid cells, Defactinib",0.43301652095568466,0.9650359195585526,0.6634122934790841,1.9821264765270095
split_scaffold_heldout,ridge_cell_drug_fp,"B cells, Lamivudine",0.36161020144473194,0.6047622988125061,0.6424734015406899,1.5541359091777072
split_scaffold_heldout,ridge_cell_drug_fp,"Myeloid cells, Lamivudine",0.3158676299428735,0.6875367912175754,0.6197966773884095,1.6256736504753742
split_scaffold_heldout,ridge_cell_drug_fp,"B cells, SCH-58261",0.026191161972301594,0.7446414782552667,0.0632843129446379,1.7744155957232282
split_scaffold_heldout,ridge_cell_drug_fp,"Myeloid cells, SCH-58261",0.284489331252652,0.720480163120176,0.5750535562748117,1.5724577229262766
split_scaffold_heldout,ridge_cell_drug_fp,"B cells, Colforsin",0.19076360584989943,0.6310926783472355,0.3331932417761156,1.6290868653586839
split_scaffold_heldout,ridge_cell_drug_fp,"Myeloid cells, Colforsin",0.06284750558273608,0.7785524297736924,0.23712390825474008,1.9317856214187539
split_scaffold_heldout,ridge_cell_drug_fp,"B cells, Prednisolone",0.5854973663058105,0.9410954685115622,0.810096504411936,1.9429603011024483
split_scaffold_heldout,ridge_cell_drug_fp,"Myeloid cells, Prednisolone",0.592093498873525,1.3887800818143412,0.7465048319433434,2.3495577572866173
split_cell_scaffold_heldout,ridge_cell,"Myeloid cells, 5-(9-Isopropyl-8-methyl-2-morpholino-9H-purin-6-yl)pyrimidin-2-amine",0.38641531614132857,1.5572196683089155,0.5307130442294233,2.700603303804809
split_cell_scaffold_heldout,ridge_cell,"Myeloid cells, IN1451",0.20644715102745,2.4187692064798387,0.2582680198178359,3.249644930879104
split_cell_scaffold_heldout,ridge_cell,"Myeloid cells, Dovitinib",-0.011726190223212777,0.9646304882608329,0.07790822376100603,2.2800262981093735
split_cell_scaffold_heldout,ridge_cell,"Myeloid cells, Palbociclib",0.1557208971524078,0.7767635603809488,0.3496484697154279,1.9886442404792575
split_cell_scaffold_heldout,ridge_cell,"Myeloid cells, Isoniazid",0.07807576706740482,0.6124189575683966,0.12459139447375137,1.767583045749292
split_cell_scaffold_heldout,ridge_cell,"Myeloid cells, LDN 193189",-0.08301175579162759,0.8160607389058362,-0.08379747614391488,2.071961311946531
split_cell_scaffold_heldout,ridge_cell,"Myeloid cells, CHIR-99021",-0.06008089879127467,1.2413645082631597,-0.09968737195227209,2.469787190192233
split_cell_scaffold_heldout,ridge_cell,"Myeloid cells, PRT-062607",0.3343530074077464,1.443103240163103,0.47471953454546545,2.5867817262033497
split_cell_scaffold_heldout,ridge_cell,"Myeloid cells, AZ628",0.1760493074451463,0.9813186630050889,0.30230898366650044,2.184652635664287
split_cell_scaffold_heldout,ridge_cell,"Myeloid cells, Midostaurin",0.16376313184925828,1.1521759097563349,0.2860750697663326,2.3955760980285317
split_cell_scaffold_heldout,ridge_cell,"Myeloid cells, Oxybenzone",0.11093570740808499,0.5472293261906679,0.21217821714669002,1.6680226319837237
split_cell_scaffold_heldout,ridge_cell,"Myeloid cells, Colchicine",0.12207665959412496,2.471659603498344,0.16313684889841143,3.289294555450606
split_cell_scaffold_heldout,ridge_cell,"Myeloid cells, Selumetinib",0.2074025056897773,1.0623543216953262,0.35927309539927454,2.317084473764673
split_cell_scaffold_heldout,ridge_cell,"Myeloid cells, TIE2 Kinase Inhibitor",-0.020774326139819513,0.6774672452191276,0.004024361036419092,1.915115478376927
split_cell_scaffold_heldout,ridge_cell,"Myeloid cells, K-02288",-0.021562178186937238,1.004105358412764,-0.017332921111466712,2.3155269634227444
split_cell_scaffold_heldout,ridge_cell,"Myeloid cells, BMS-777607",0.15157096740550935,0.7787105390358192,0.27010509302385705,2.0299145455530856
split_cell_scaffold_heldout,ridge_cell,"Myeloid cells, Sgc-cbp30",0.22444937596678594,0.9701758271293183,0.4105429935955687,2.1644575482042234
split_cell_scaffold_heldout,ridge_cell,"Myeloid cells, Perhexiline",0.3159249396940956,0.9227851076039696,0.5122205808755879,2.1125473544326563
split_cell_scaffold_heldout,ridge_cell,"Myeloid cells, IKK Inhibitor VII",0.23593790539550913,1.529234824007026,0.373419481800082,2.7435446267171955
split_cell_scaffold_heldout,ridge_cell,"Myeloid cells, Alogliptin",-0.017385602035167987,0.6075084036250095,-0.028371819589921587,1.7338262274287966
split_cell_scaffold_heldout,ridge_cell,"Myeloid cells, Defactinib",0.2653250610529063,1.0331303664447018,0.46516478755600266,2.2007608004256074
split_cell_scaffold_heldout,ridge_cell,"Myeloid cells, Lamivudine",0.1474994596353081,0.6980210080663924,0.3257062971947701,1.845944192740717
split_cell_scaffold_heldout,ridge_cell,"Myeloid cells, SCH-58261",0.22210120572918926,0.6421148185250398,0.48891924355774286,1.7294675698237898
split_cell_scaffold_heldout,ridge_cell,"Myeloid cells, Colforsin",0.04874810936787092,0.6912224127751252,-0.0002440968961571061,1.9967892734790509
split_cell_scaffold_heldout,ridge_cell,"Myeloid cells, Prednisolone",0.2974202030627267,1.5694912153151626,0.4142773422862658,2.6956837806748677
split_cell_scaffold_heldout,ridge_drug_fp,"Myeloid cells, 5-(9-Isopropyl-8-methyl-2-morpholino-9H-purin-6-yl)pyrimidin-2-amine",0.4598905579600866,1.4764468830706643,0.6098994092064156,2.52162159381036
split_cell_scaffold_heldout,ridge_drug_fp,"Myeloid cells, IN1451",0.06344415664709417,2.4585143243394225,0.07968261291584532,3.295386726359415
split_cell_scaffold_heldout,ridge_drug_fp,"Myeloid cells, Dovitinib",-0.029925822026521803,1.0231988606291136,0.036048761577832905,2.3128458212660328
split_cell_scaffold_heldout,ridge_drug_fp,"Myeloid cells, Palbociclib",0.17701968276776434,0.8196867870235353,0.38219807221545754,1.9413177974564255
split_cell_scaffold_heldout,ridge_drug_fp,"Myeloid cells, Isoniazid",0.027879827094507023,0.6373311603538618,0.058988170569332816,1.7907120968640236
split_cell_scaffold_heldout,ridge_drug_fp,"Myeloid cells, LDN 193189",-0.0167114199550509,0.8355602186027938,-0.01726844420436181,2.072427969790077
split_cell_scaffold_heldout,ridge_drug_fp,"Myeloid cells, CHIR-99021",-0.13078717997539518,1.3305957630475778,-0.21553199062265138,2.57390090168939
split_cell_scaffold_heldout,ridge_drug_fp,"Myeloid cells, PRT-062607",0.3517071705914219,1.408433901404763,0.5031949891296321,2.460739556421824
split_cell_scaffold_heldout,ridge_drug_fp,"Myeloid cells, AZ628",0.1357226150914433,1.0813755352092165,0.2645702292294728,2.178498645629123
split_cell_scaffold_heldout,ridge_drug_fp,"Myeloid cells, Midostaurin",-0.16566022526801394,1.2964119376459646,-0.2733073488824526,2.6053786090709212
split_cell_scaffold_heldout,ridge_drug_fp,"Myeloid cells, Oxybenzone",-0.1457583014997379,0.6493040998566384,-0.32163443007978304,1.8388882676725766
split_cell_scaffold_heldout,ridge_drug_fp,"Myeloid cells, Colchicine",0.18085924585674204,2.4514653942766125,0.23321974254252165,3.258522196017761
split_cell_scaffold_heldout,ridge_drug_fp,"Myeloid cells, Selumetinib",0.21213881909847984,1.0974194788596967,0.3678473308319399,2.253026892060784
split_cell_scaffold_heldout,ridge_drug_fp,"Myeloid cells, TIE2 Kinase Inhibitor",-0.0016645494074028781,0.7078278269417533,0.03371743948854083,1.9248960747194779
split_cell_scaffold_heldout,ridge_drug_fp,"Myeloid cells, K-02288",-0.0407113042600303,1.0825978253632538,-0.04335822244908049,2.3601672223608756
split_cell_scaffold_heldout,ridge_drug_fp,"Myeloid cells, BMS-777607",0.1188778688871145,0.841595165023865,0.2644208503248607,2.0125878433770175
split_cell_scaffold_heldout,ridge_drug_fp,"Myeloid cells, Sgc-cbp30",0.20712964671846087,1.030544337763391,0.36377514564984426,2.122259219045887
split_cell_scaffold_heldout,ridge_drug_fp,"Myeloid cells, Perhexiline",0.20571763213166827,0.9506076853331065,0.37414732624418096,2.1600255712542644
split_cell_scaffold_heldout,ridge_drug_fp,"Myeloid cells, IKK Inhibitor VII",0.2326153662924935,1.5251796722909505,0.393817105295938,2.6943082834779317
split_cell_scaffold_heldout,ridge_drug_fp,"Myeloid cells, Alogliptin",0.09382899337064604,0.6119747445287944,0.24531121928870134,1.6743721561633482
split_cell_scaffold_heldout,ridge_drug_fp,"Myeloid cells, Defactinib",0.12013110328763592,1.0799053640055767,0.2208298938425998,2.262249935829936
split_cell_scaffold_heldout,ridge_drug_fp,"Myeloid cells, Lamivudine",0.1876087197027273,0.7075581403368771,0.37363356402742814,1.8113822807589852
split_cell_scaffold_heldout,ridge_drug_fp,"Myeloid cells, SCH-58261",0.22679415780705578,0.7070314515203205,0.5058063674641409,1.6467346421180056
split_cell_scaffold_heldout,ridge_drug_fp,"Myeloid cells, Colforsin",-0.06569887658154666,0.7526581675210653,-0.15275042423112853,2.0663373264398506
split_cell_scaffold_heldout,ridge_drug_fp,"Myeloid cells, Prednisolone",0.32445159338147844,1.542507820356542,0.46339832226005123,2.6226205076691063
split_cell_scaffold_heldout,ridge_cell_drug_fp,"Myeloid cells, 5-(9-Isopropyl-8-methyl-2-morpholino-9H-purin-6-yl)pyrimidin-2-amine",0.4593211314919028,1.4771335352927593,0.6096228919667084,2.523226935057409
split_cell_scaffold_heldout,ridge_cell_drug_fp,"Myeloid cells, IN1451",0.06366329372735173,2.4584631368124734,0.07995999189830807,3.2952984018148364
split_cell_scaffold_heldout,ridge_cell_drug_fp,"Myeloid cells, Dovitinib",-0.0297595498159722,1.0224251527980115,0.03584995434812904,2.3125385661681332
split_cell_scaffold_heldout,ridge_cell_drug_fp,"Myeloid cells, Palbociclib",0.1769443404454065,0.8194578127983582,0.381560124064866,1.9415116550821185
split_cell_scaffold_heldout,ridge_cell_drug_fp,"Myeloid cells, Isoniazid",0.028177106024904454,0.6374239254116836,0.05909340117316894,1.7906894284329762
split_cell_scaffold_heldout,ridge_cell_drug_fp,"Myeloid cells, LDN 193189",-0.016749845540292855,0.8357000273795037,-0.017333563881691546,2.0725308160289266
split_cell_scaffold_heldout,ridge_cell_drug_fp,"Myeloid cells, CHIR-99021",-0.13079158214282777,1.3305139166639481,-0.2155096426251659,2.573808066213423
split_cell_scaffold_heldout,ridge_cell_drug_fp,"Myeloid cells, PRT-062607",0.3515907696258334,1.4085147860070424,0.5030925680211893,2.4615125236866042
split_cell_scaffold_heldout,ridge_cell_drug_fp,"Myeloid cells, AZ628",0.13580081798163485,1.0811939343237493,0.26468058322405047,2.178415288904843
split_cell_scaffold_heldout,ridge_cell_drug_fp,"Myeloid cells, Midostaurin",-0.165311698665464,1.2961567472366313,-0.2726323941388404,2.605008946821622
split_cell_scaffold_heldout,ridge_cell_drug_fp,"Myeloid cells, Oxybenzone",-0.1453398712258879,0.6493959067731133,-0.32125412345591414,1.8389646151865058
split_cell_scaffold_heldout,ridge_cell_drug_fp,"Myeloid cells, Colchicine",0.18112957992852946,2.4513934755756233,0.23354452056600103,3.258459583283919
split_cell_scaffold_heldout,ridge_cell_drug_fp,"Myeloid cells, Selumetinib",0.21218647294264978,1.0974041186918992,0.36790818867687186,2.252977396977962
split_cell_scaffold_heldout,ridge_cell_drug_fp,"Myeloid cells, TIE2 Kinase Inhibitor",-0.001856929310839247,0.7074357929789928,0.03363469728903956,1.9247266015240088
split_cell_scaffold_heldout,ridge_cell_drug_fp,"Myeloid cells, K-02288",-0.04103529324358129,1.0822079672510325,-0.04384793143769522,2.360185569831368
split_cell_scaffold_heldout,ridge_cell_drug_fp,"Myeloid cells, BMS-777607",0.11852421500175789,0.8415952033069026,0.26387227937954727,2.0128599044043285
split_cell_scaffold_heldout,ridge_cell_drug_fp,"Myeloid cells, Sgc-cbp30",0.20693984873439453,1.029906518311373,0.3634566849769031,2.1226575538244905
split_cell_scaffold_heldout,ridge_cell_drug_fp,"Myeloid cells, Perhexiline",0.2077756595160886,0.9501184549502191,0.37712241155165377,2.158555661406906
split_cell_scaffold_heldout,ridge_cell_drug_fp,"Myeloid cells, IKK Inhibitor VII",0.22987954260393764,1.526165374707,0.3906889599842104,2.697472656820925
split_cell_scaffold_heldout,ridge_cell_drug_fp,"Myeloid cells, Alogliptin",0.09386459936985549,0.6117732633091502,0.24567734567252258,1.6743824905679021
split_cell_scaffold_heldout,ridge_cell_drug_fp,"Myeloid cells, Defactinib",0.12013842538089371,1.079896052637034,0.22087639717776003,2.2622364025183654
split_cell_scaffold_heldout,ridge_cell_drug_fp,"Myeloid cells, Lamivudine",0.1881971287171535,0.7074118414405134,0.37486456992178063,1.8107038320914417
split_cell_scaffold_heldout,ridge_cell_drug_fp,"Myeloid cells, SCH-58261",0.22762630706469467,0.7055264292907077,0.50644711880628,1.6469369112817172
split_cell_scaffold_heldout,ridge_cell_drug_fp,"Myeloid cells, Colforsin",-0.06556219632968126,0.7526815775294384,-0.15262342482797897,2.0663457710532205
split_cell_scaffold_heldout,ridge_cell_drug_fp,"Myeloid cells, Prednisolone",0.3247217532537441,1.542354735229379,0.46355834415210606,2.6222921312345413
