split,baseline,sample_id,rowwise_pearson,rmse,de_rowwise_pearson,de_rmse
split_random,ridge_cell,"NK cells, TIE2 Kinase Inhibitor",0.21373481579557713,0.5887830513685607,0.4133761010681231,1.714933625615962
split_random,ridge_cell,"T cells, Lapatinib",0.027591192270579146,0.654895640933213,0.08014815917994364,1.8709733381720064
split_random,ridge_cell,"NK cells, Clomipramine",0.2306920764555253,0.6038008321101348,0.44483388766276954,1.7057092711939783
split_random,ridge_cell,"T cells, Sunitinib",0.4253431969018916,0.6374733977814632,0.6796044886792086,1.6476968219363035
split_random,ridge_cell,"B cells, Tivozanib",0.5000431068958952,0.7213799885995033,0.7545378034473353,1.7577972029310913
split_random,ridge_cell,"NK cells, Tivozanib",0.22426682964223224,0.6343274907656823,0.4247754134840904,1.7446085117444896
split_random,ridge_cell,"B cells, Tamatinib",0.6781500781033069,1.0460743788846236,0.8313383021822648,2.0872595262096936
split_random,ridge_cell,"NK cells, Ixabepilone",0.23463071384297013,0.6179342849973808,0.40808545409850144,1.7840948660887144
split_random,ridge_cell,"T cells, Ixabepilone",0.2075829087540052,0.5419457977759762,0.2669374111165955,1.6359896418324393
split_random,ridge_cell,"NK cells, 5-(9-Isopropyl-8-methyl-2-morpholino-9H-purin-6-yl)pyrimidin-2-amine",0.47861301937933626,0.8272439958543699,0.7244018452717409,1.9498879503206465
split_random,ridge_cell,"B cells, O-Demethylated Adapalene",0.45495130550759594,0.6443794182430467,0.7015144669965672,1.665999649368629
split_random,ridge_cell,"T cells, O-Demethylated Adapalene",0.35369301455711905,0.5629304536652083,0.5162227769513231,1.6881922128196292
split_random,ridge_cell,"B cells, I-BET151",0.43380225614497325,1.2343203628453467,0.5799768560689841,2.3472240858256983
split_random,ridge_cell,"NK cells, I-BET151",0.25652948353301214,0.9951355579426169,0.3957443209017924,2.2421414595696403
split_random,ridge_cell,"T cells, I-BET151",0.4849832575351276,1.8546396947517467,0.5872098255322558,2.801377834787752
split_random,ridge_cell,"NK cells, Foretinib",0.41231060547948867,0.715441361163094,0.6663403885559643,1.8261363862719642
split_random,ridge_cell,"B cells, TL_HRAS26",0.3753745264371534,0.5891235420231687,0.6229273560781606,1.6071853027171157
split_random,ridge_cell,"Myeloid cells, TL_HRAS26",0.09383990167632857,0.6724905390456062,0.26588248153619504,1.8847540975737993
split_random,ridge_cell,"T cells, Ruxolitinib",0.6155200269435298,0.8337515975599387,0.8155056053819356,1.8165174067287275
split_random,ridge_cell,"B cells, Pomalidomide",-0.08587082034482348,1.0405794440187321,-0.1404443029789465,2.4521070199235226
split_random,ridge_cell,"T cells, Navitoclax",0.0031707198486737756,0.6143452224715485,0.4764114780462186,1.724489381135054
split_random,ridge_cell,"B cells, Methotrexate",-0.24770585367772466,0.7853241430123375,-0.49511098832759776,2.0399890379105146
split_random,ridge_cell,"NK cells, Trametinib",0.34953268790185066,0.6627073553365057,0.6097219062605856,1.7362600417437581
split_random,ridge_cell,"B cells, FK 866",0.37594396322516854,0.7088221553735455,0.6124792803931143,1.7871180496473908
split_random,ridge_cell,"Myeloid cells, Scriptaid",0.4098282806389059,1.8345862474302386,0.5244242181246305,2.825005793857366
split_random,ridge_cell,"T cells, Vardenafil",0.28742632863577133,0.5384750027516543,0.5382653592414408,1.5461962884505758
split_random,ridge_cell,"NK cells, Dasatinib",0.3132047184586788,0.7305180829106855,0.5273308228605917,1.825988969228261
split_random,ridge_cell,"T cells, Dasatinib",0.6185445381863843,0.9859819893650246,0.7892827352718942,2.006229633177901
split_random,ridge_cell,"NK cells, Disulfiram",0.1518369225026922,0.6258274753716468,0.3096736983509302,1.7970855545407205
split_random,ridge_cell,"B cells, Dactolisib",0.6567118963380209,1.3172894798282075,0.7903417096055878,2.3755129904140606
split_random,ridge_cell,"T cells, Dactolisib",0.6572011862783804,1.4126745354924972,0.7974016483298537,2.4741098465749314
split_random,ridge_cell,"NK cells, BMS-536924",0.4087731789882196,0.6933427623270373,0.6603281130280609,1.7495579925290368
split_random,ridge_cell,"T cells, BMS-536924",0.6790404577602198,0.9820132117182204,0.8605090038774297,2.0489728800721028
split_random,ridge_cell,"NK cells, Isoniazid",0.16782343631826424,0.6312210605153995,0.3381859275265324,1.7855062263475574
split_random,ridge_cell,"T cells, Idelalisib",0.5465365946383438,0.7935186916148921,0.7711762131332771,1.8450678334191033
split_random,ridge_cell,"Myeloid cells, Penfluridol",0.23526672115431757,0.7217787174538627,0.43000267640049494,1.7395884500146988
split_random,ridge_cell,"B cells, PD-0325901",0.5845240284669501,0.7031258887566195,0.8058831502963988,1.762143820944385
split_random,ridge_cell,"NK cells, LDN 193189",0.08139529799278906,0.6756327149900127,0.1368396432643821,1.8448709332252848
split_random,ridge_cell,"T cells, Defactinib",0.2851602331910675,0.7367049272581263,0.5032876194917009,1.951543946210762
split_random,ridge_cell,"B cells, BI-D1870",0.24655448910093192,0.6201780007959015,0.4427490093757526,1.6797599686737568
split_random,ridge_cell,"NK cells, AZD3514",0.2547849384708297,0.6458280957092928,0.42524757815778486,1.767373962197634
split_random,ridge_cell,"T cells, AZD3514",0.3632444320158595,0.7326085898026985,0.548566149455112,1.8704279692715116
split_random,ridge_cell,"NK cells, HMN-214",0.2306981632015028,0.6629908452617794,0.45073021282885184,1.7330186561966892
split_random,ridge_cell,"NK cells, Resminostat",0.22549063696322064,1.3199338671609329,0.3716903446723367,2.507674684712387
split_random,ridge_cell,"Myeloid cells, Crizotinib",0.5856224777519022,0.8299083112022807,0.7981931847049867,1.8711762395426226
split_random,ridge_cell,"NK cells, Crizotinib",0.4015763786528368,0.6659687764055634,0.6253839482549625,1.7002492678162464
split_random,ridge_cell,"T cells, Crizotinib",0.5353845383386286,0.733402594854498,0.7721541641883221,1.7814744480477482
split_random,ridge_cell,"B cells, Azacitidine",0.20958552206918452,0.6734549173260835,0.45726056288035927,1.7504563482844524
split_random,ridge_cell,"NK cells, Azacitidine",0.21370778970860604,0.6257453954713642,0.39792211861933713,1.7736394246721199
split_random,ridge_cell,"T cells, TR-14035",0.4191472579918998,0.5334346899030415,0.6969123545716327,1.4238171500470864
split_random,ridge_cell,"NK cells, Nilotinib",0.33532868646367436,0.6992304936533977,0.5747769146476847,1.780267506804703
split_random,ridge_cell,"T cells, Nilotinib",0.5863826598294002,0.7376433815232168,0.8102738579878566,1.7006482078246314
split_random,ridge_cell,"NK cells, OSI-930",0.00410543924200643,0.6875750456765065,0.0072160051199385246,1.8617489146909985
split_random,ridge_cell,"T cells, RG7112",0.28409837061949983,0.6175469184291165,0.4224486433184898,2.1609987948552027
split_random,ridge_cell,"T cells, Lamivudine",0.2511272113886406,0.5264312392779491,0.42434061168169657,1.5393427171028482
split_random,ridge_cell,"Myeloid cells, PRT-062607",0.7114838595999489,1.269811108471077,0.8394374316669355,2.2696751996157447
split_random,ridge_cell,"Myeloid cells, Masitinib",0.4238934174661917,0.6797984116700034,0.7276837116402985,1.6755189815127665
split_random,ridge_cell,"NK cells, STK219801",0.2199636169191173,0.652764751000816,0.37387437898325787,1.8741423843316973
split_random,ridge_cell,"NK cells, TPCA-1",0.46626176499030436,0.8254508432920897,0.7105988375564808,1.8813963529889204
split_random,ridge_cell,"NK cells, GSK-1070916",0.18108521281097295,0.6353661392362646,0.404956257487907,1.7475812204947647
split_random,ridge_cell,"T cells, GSK-1070916",0.4354522356588558,0.5405791369001522,0.6869176691986789,1.5021645006190385
split_random,ridge_cell,"NK cells, Ricolinostat",0.0704048949167774,0.7667782043675677,0.11606381166555221,1.9307393361015586
split_random,ridge_cell,"NK cells, GSK256066",0.39288865020932634,0.8387415084430998,0.6471142670676003,1.9914106378249496
split_random,ridge_cell,"Myeloid cells, Oxybenzone",0.2124511460186357,0.5701299281808354,0.5346869993338006,1.5263060812116942
split_random,ridge_cell,"NK cells, Oxybenzone",0.23135772087360357,0.6097029318080416,0.40047676938013166,1.7282018181349836
split_random,ridge_cell,"B cells, Tivantinib",0.4223403916389824,0.6606666984162148,0.6367185786344438,1.6995776865864125
split_random,ridge_cell,"NK cells, Tivantinib",0.2644954216566625,0.6578945454863175,0.5071496328005406,1.795152928852582
split_random,ridge_cell,"T cells, Tivantinib",0.38809609142148915,0.7049068466261814,0.587174083688391,1.7392286584656733
split_random,ridge_cell,"NK cells, Tosedostat",0.34135898667983966,0.7245336997450259,0.5862032331751204,1.8489668019515417
split_random,ridge_cell,"NK cells, ABT-199 (GDC-0199)",0.18016207218942276,0.630465773593834,0.39527984059848664,1.7833899101659194
split_random,ridge_cell,"T cells, ABT-199 (GDC-0199)",0.04833498373934731,0.6075808954471387,0.3985976601392094,1.677928896211623
split_random,ridge_cell,"T cells, Tipifarnib",0.43287560344503495,0.624033215934498,0.7189670030733287,1.6430623666843525
split_random,ridge_cell,"T cells, PF-03814735",0.5786468739942374,1.037676449244876,0.7658205241887527,2.088384654276869
split_random,ridge_cell,"NK cells, Selumetinib",0.2897792288186235,0.674398508965199,0.497894085257542,1.78353596678619
split_random,ridge_cell,"T cells, Clotrimazole",0.21674240830465816,0.548847768795584,0.3906984850814271,1.6437904306565878
split_random,ridge_cell,"NK cells, Vanoxerine",0.2548230644614831,0.636066863105535,0.36876127749474563,1.7287086935034441
split_random,ridge_cell,"T cells, Vanoxerine",0.2984505786143738,0.5732916163308382,0.5659811277966543,1.5686985819603156
split_random,ridge_cell,"B cells, TIE2 Kinase Inhibitor",0.17737162439252208,0.5760176036061674,0.28601091088073816,1.6127286823511777
split_random,ridge_cell,"Myeloid cells, TIE2 Kinase Inhibitor",0.07293050437315392,0.7062154584025512,0.35827934657395394,1.7901198885533025
split_random,ridge_cell,"Myeloid cells, Clomipramine",0.32418751508657356,0.6535071896181567,0.6021358217795509,1.6456144841367353
split_random,ridge_cell,"B cells, K-02288",0.43657391885434016,0.5915392468950439,0.7100311868568623,1.5605489721794892
split_random,ridge_cell,"Myeloid cells, K-02288",0.18912932955278863,0.9712426968648455,0.4123892528937799,2.1492907433247415
split_random,ridge_cell,"B cells, Vorinostat",0.41390248779801075,1.549631951499517,0.5500135570397002,2.589338972392328
split_random,ridge_cell,"B cells, Sgc-cbp30",0.3297800338696574,0.6372952950389621,0.648793700580919,1.6285429002550997
split_random,ridge_cell,"Myeloid cells, Vardenafil",0.35132429101875506,0.6584222133331045,0.6697094578160295,1.567879772169184
split_random,ridge_cell,"Myeloid cells, Perhexiline",0.5263298470876768,0.8368417243652633,0.7432515551349155,1.8714173272129992
split_random,ridge_cell,"B cells, Disulfiram",0.19837004317648732,0.5995858615282709,0.39857771227530636,1.693600597447679
split_random,ridge_cell,"Myeloid cells, Decitabine",0.258844116879011,0.552726610806233,0.32380077196477564,1.6468031534613792
split_random,ridge_cell,"Myeloid cells, Cabozantinib",0.21122011367808358,0.7547187536765952,0.48922189145501854,1.773329103390333
split_random,ridge_cell,"Myeloid cells, CC-401",0.4193904954715147,0.8727785875148164,0.6595038823434713,1.921977753414802
split_random,ridge_cell,"Myeloid cells, AZD-8330",0.5596595135230215,1.006145176573088,0.7750818460437738,2.0854093989402274
split_random,ridge_cell,"B cells, Ceritinib",0.41886345010273424,0.5583009932939199,0.6725121954754198,1.4990877065368187
split_random,ridge_cell,"B cells, Buspirone",0.12360015117625534,0.6067780110367786,0.21014041901091374,1.7923227534193542
split_random,ridge_cell,"Myeloid cells, Imatinib",0.1720828624147452,0.5722525111962357,0.49493094177900115,1.5254540853470295
split_random,ridge_cell,"Myeloid cells, SCH-58261",0.2710604870486546,0.6558989104380943,0.5392183287505208,1.6626081320689645
split_random,ridge_cell,"B cells, Colforsin",0.27606309610592683,0.5735025410905655,0.397811061264797,1.609622210501344
split_random,ridge_cell,"B cells, Prednisolone",0.5772245780877775,0.984547973545233,0.7583029905661296,2.1131047303416732
split_random,ridge_cell,"Myeloid cells, Prednisolone",0.5395948735694218,1.4582791904303025,0.6818473994049377,2.493787254712761
split_random,ridge_cell,"Myeloid cells, Tacalcitol",0.08366463773860311,2.2387291004292376,0.11721370135751855,3.178994704055774
split_random,ridge_cell,"Myeloid cells, SB525334",-0.14166278362054194,1.334480424121055,-0.20528503052445707,2.663989614160785
split_random,ridge_drug_fp,"NK cells, TIE2 Kinase Inhibitor",0.11984830168769763,0.6853370271871151,0.18586585962551297,1.779280271133308
split_random,ridge_drug_fp,"T cells, Lapatinib",0.3453534816699172,0.575721938000694,0.6665839152821939,1.509131311474195
split_random,ridge_drug_fp,"NK cells, Clomipramine",0.1653911958124665,0.6603813378234469,0.2502876699434686,1.7452896471339991
split_random,ridge_drug_fp,"T cells, Sunitinib",0.40320854960989894,0.6605521062668287,0.6803921910339059,1.5685109013022458
split_random,ridge_drug_fp,"B cells, Tivozanib",0.26348126306517555,0.8307861231816693,0.5211885699632799,1.9039348803481349
split_random,ridge_drug_fp,"NK cells, Tivozanib",0.13980991671816154,0.7369781944076059,0.252957773449688,1.786576215472385
split_random,ridge_drug_fp,"B cells, Tamatinib",0.5469742178554846,1.0425547340532206,0.7404160853331119,1.8500840589428063
split_random,ridge_drug_fp,"NK cells, Ixabepilone",0.10470050040108815,0.7125043014688386,0.2714857240111534,1.8042589084316696
split_random,ridge_drug_fp,"T cells, Ixabepilone",0.2043015826129816,0.5817458563365495,0.509707653292905,1.5196914320549333
split_random,ridge_drug_fp,"NK cells, 5-(9-Isopropyl-8-methyl-2-morpholino-9H-purin-6-yl)pyrimidin-2-amine",0.4835146637545497,1.0588024112882328,0.7017456569077444,1.5491782574040813
split_random,ridge_drug_fp,"B cells, O-Demethylated Adapalene",0.15621354856921288,0.782879295337851,0.28825588842717015,1.9140428631481021
split_random,ridge_drug_fp,"T cells, O-Demethylated Adapalene",0.24669729129723336,0.6415860072336472,0.5860002249917979,1.5838009681506313
split_random,ridge_drug_fp,"B cells, I-BET151",0.45854497933633953,1.4251575143677768,0.6561009555270949,1.9403888606775652
split_random,ridge_drug_fp,"NK cells, I-BET151",0.3505249617888589,1.4164966442232858,0.5906824407648537,1.9166756833433336
split_random,ridge_drug_fp,"T cells, I-BET151",0.512979951180157,1.7475402859712315,0.6387515594937048,2.329911302552687
split_random,ridge_drug_fp,"NK cells, Foretinib",0.3484125833673737,0.8329579106079195,0.5533104258747646,1.686162436011684
split_random,ridge_drug_fp,"B cells, TL_HRAS26",0.17863453182195474,0.6729093866689264,0.35389432373456586,1.7484964958459457
split_random,ridge_drug_fp,"Myeloid cells, TL_HRAS26",0.13643632542225104,0.6619375354867783,0.36390206618368226,1.8462376930142281
split_random,ridge_drug_fp,"T cells, Ruxolitinib",0.48047328641535253,0.9025265344671725,0.7335682076707496,1.6124736478169683
split_random,ridge_drug_fp,"B cells, Pomalidomide",0.430676432652284,0.9012722227000614,0.6455852107279267,1.8578856934036272
split_random,ridge_drug_fp,"T cells, Navitoclax",0.2389936306102725,0.6262907575984182,0.5996170663530123,1.5937619843996123
split_random,ridge_drug_fp,"B cells, Methotrexate",0.2295439304692062,0.6793346922850906,0.47372988219760825,1.5932360937323509
split_random,ridge_drug_fp,"NK cells, Trametinib",0.23888626750704872,0.8424115549410114,0.45426619784034683,1.7101803418400048
split_random,ridge_drug_fp,"B cells, FK 866",0.3772654485414034,0.7840073221112913,0.6626233752001682,1.5803960909424974
split_random,ridge_drug_fp,"Myeloid cells, Scriptaid",0.49665168991273295,1.749640135878066,0.6133998059874456,2.3887078469492256
split_random,ridge_drug_fp,"T cells, Vardenafil",0.16723275801885962,0.6176641645886695,0.42375203482320156,1.618338939473095
split_random,ridge_drug_fp,"NK cells, Dasatinib",0.22639669300079332,1.1440342167155213,0.4095310850283696,1.8202578867654224
split_random,ridge_drug_fp,"T cells, Dasatinib",0.5500899023336311,1.0410789900608655,0.7384408600757423,1.6148422342688584
split_random,ridge_drug_fp,"NK cells, Disulfiram",0.16135324067235238,0.6572576619320895,0.2739055773541915,1.7782601908923579
split_random,ridge_drug_fp,"B cells, Dactolisib",0.5838764010392731,1.2530727451083112,0.7574510462890582,1.8317958500560978
split_random,ridge_drug_fp,"T cells, Dactolisib",0.6327348210609725,1.245792843152673,0.7842417665899362,1.8349746771423463
split_random,ridge_drug_fp,"NK cells, BMS-536924",0.2519192074706371,0.9491043265524182,0.42906029792360617,1.7745636403188942
split_random,ridge_drug_fp,"T cells, BMS-536924",0.4880799700676475,1.0451196798722031,0.7076715124768631,1.8888697659098936
split_random,ridge_drug_fp,"NK cells, Isoniazid",0.07724264375600605,0.6708841322782312,0.19501184175052116,1.8139806173000679
split_random,ridge_drug_fp,"T cells, Idelalisib",0.41249759625211874,0.8587263018388892,0.6856066122011223,1.797006398736995
split_random,ridge_drug_fp,"Myeloid cells, Penfluridol",0.1803588710959679,0.7282050942173051,0.3728307399941456,1.7934682110737519
split_random,ridge_drug_fp,"B cells, PD-0325901",0.3669298794838691,0.8495585315845962,0.66113652269897,1.7101337537764196
split_random,ridge_drug_fp,"NK cells, LDN 193189",0.2075261448238052,0.6868737408285438,0.4261625525636795,1.7120539004354194
split_random,ridge_drug_fp,"T cells, Defactinib",0.3856297961472246,0.7377326837415721,0.6761706291923605,1.6918821208417147
split_random,ridge_drug_fp,"B cells, BI-D1870",0.19696616798940078,0.6721246918186007,0.35873662097791664,1.7183401420025364
split_random,ridge_drug_fp,"NK cells, AZD3514",0.21771835841697654,0.7726497232641266,0.3797092843575266,1.7272270294992833
split_random,ridge_drug_fp,"T cells, AZD3514",0.4795346587875526,0.7138555062745483,0.7254115223106519,1.5333486615671637
split_random,ridge_drug_fp,"NK cells, HMN-214",0.3002285253152801,0.696245337210515,0.4375169297747913,1.6499448301828397
split_random,ridge_drug_fp,"NK cells, Resminostat",0.641011708316342,1.2017401564054064,0.8215364244385188,1.459162650393173
split_random,ridge_drug_fp,"Myeloid cells, Crizotinib",0.3028424066967475,1.0329167211231989,0.4804677589499184,2.0398164540917425
split_random,ridge_drug_fp,"NK cells, Crizotinib",0.21313651674212838,0.9040834161171725,0.3911012639299579,1.748616530066824
split_random,ridge_drug_fp,"T cells, Crizotinib",0.4789239412002746,0.8117688810929612,0.7396703309685831,1.4968945201543338
split_random,ridge_drug_fp,"B cells, Azacitidine",0.27483155380226326,0.6651935743821996,0.532463066222156,1.6878006254947924
split_random,ridge_drug_fp,"NK cells, Azacitidine",0.17685262950265512,0.6786620566495639,0.2528586135619017,1.7788943626628853
split_random,ridge_drug_fp,"T cells, TR-14035",0.3374780091017664,0.5697005811439775,0.5836696998543268,1.5130335151960432
split_random,ridge_drug_fp,"NK cells, Nilotinib",0.19651806074801914,0.9298464481534146,0.390525233580113,1.8060683676938627
split_random,ridge_drug_fp,"T cells, Nilotinib",0.4443319807762126,0.8552154680396392,0.7077037131945796,1.550712307823814
split_random,ridge_drug_fp,"NK cells, OSI-930",0.16764628041070573,0.6817498505468275,0.35274572353100897,1.755211096338438
split_random,ridge_drug_fp,"T cells, RG7112",0.44703259790416144,0.5820127784787658,0.6921081243928504,1.6110170643565758
split_random,ridge_drug_fp,"T cells, Lamivudine",0.1955851700182028,0.5674324620602297,0.36069244906805753,1.5623126162259158
split_random,ridge_drug_fp,"Myeloid cells, PRT-062607",0.3976752681642915,1.3870002238356576,0.5501366421711387,2.340638702105498
split_random,ridge_drug_fp,"Myeloid cells, Masitinib",0.24482300192900658,0.7494037856621143,0.4654524211760657,1.9022524666303728
split_random,ridge_drug_fp,"NK cells, STK219801",0.2199483249142952,0.6931761851223401,0.36128208202720336,1.7953080995001545
split_random,ridge_drug_fp,"NK cells, TPCA-1",0.4027063903223515,0.9580222642496333,0.6380674981144361,1.6236007303420081
split_random,ridge_drug_fp,"NK cells, GSK-1070916",0.14800258103759448,0.7554006328724788,0.18882437053450948,1.800092631878218
split_random,ridge_drug_fp,"T cells, GSK-1070916",0.36228154723223877,0.6291448113279352,0.6292969839366005,1.4147581878889743
split_random,ridge_drug_fp,"NK cells, Ricolinostat",0.33086844557785355,0.8363330980744523,0.524993420946557,1.620814548927328
split_random,ridge_drug_fp,"NK cells, GSK256066",0.34874031872152483,0.883808223660186,0.5699689034841154,1.8090956039518464
split_random,ridge_drug_fp,"Myeloid cells, Oxybenzone",0.12084236294147135,0.5593875181611805,0.2850278122362929,1.650435915415977
split_random,ridge_drug_fp,"NK cells, Oxybenzone",0.07626035821461064,0.6631479389920023,0.0460666269445479,1.8450392249047265
split_random,ridge_drug_fp,"B cells, Tivantinib",0.2911582947852671,0.8238112031504458,0.5157266421710576,1.67222456684431
split_random,ridge_drug_fp,"NK cells, Tivantinib",0.11631083429362495,0.8855503415457536,0.14032808415766118,1.918166314563931
split_random,ridge_drug_fp,"T cells, Tivantinib",0.32006946255917124,0.8300061037750788,0.576557061494165,1.6210837845361876
split_random,ridge_drug_fp,"NK cells, Tosedostat",0.3064045379972252,0.7909158881899602,0.5279590861736214,1.7397815014077496
split_random,ridge_drug_fp,"NK cells, ABT-199 (GDC-0199)",0.021617254189488087,0.8113395641774462,0.06092288213268995,1.9165559970922141
split_random,ridge_drug_fp,"T cells, ABT-199 (GDC-0199)",0.19366046686076918,0.6706578309720095,0.4552971702760906,1.630382588222637
split_random,ridge_drug_fp,"T cells, Tipifarnib",0.4016634743052729,0.6590876571100267,0.6770348585237538,1.5690798168886524
split_random,ridge_drug_fp,"T cells, PF-03814735",0.6143617101044746,0.974350964289912,0.81298500284016,1.513553321043912
split_random,ridge_drug_fp,"NK cells, Selumetinib",0.20270861401774146,0.8212081434566976,0.36736679242772524,1.786810957077387
split_random,ridge_drug_fp,"T cells, Clotrimazole",0.23771266213510106,0.5558946128391096,0.5220310995114069,1.5855997528388504
split_random,ridge_drug_fp,"NK cells, Vanoxerine",0.11443449134118444,0.7181038266697815,0.19830182878732724,1.7727186360516523
split_random,ridge_drug_fp,"T cells, Vanoxerine",0.24605512298809581,0.6104639634672256,0.5581319530590703,1.5800914529966295
split_random,ridge_drug_fp,"B cells, TIE2 Kinase Inhibitor",0.19340739058928294,0.6133079471160134,0.3613909308500743,1.581750161457549
split_random,ridge_drug_fp,"Myeloid cells, TIE2 Kinase Inhibitor",0.2241455397081114,0.6725816549582341,0.4130001083238007,1.7614209587982153
split_random,ridge_drug_fp,"Myeloid cells, Clomipramine",0.27136197272213897,0.6717505120309478,0.49884729615858703,1.7383256928914406
split_random,ridge_drug_fp,"B cells, K-02288",0.14030494091587267,0.7041570931481453,0.26172498022916074,1.8248877018005352
split_random,ridge_drug_fp,"Myeloid cells, K-02288",0.05793766550092139,1.0168893660337452,0.1168112332831271,2.2854076951425717
split_random,ridge_drug_fp,"B cells, Vorinostat",0.7114665638735842,1.1624848819414975,0.8344907391779589,1.6562956507197053
split_random,ridge_drug_fp,"B cells, Sgc-cbp30",0.29013564987455837,0.7248240866752479,0.5771604611089771,1.596240617757869
split_random,ridge_drug_fp,"Myeloid cells, Vardenafil",0.11520416422711739,0.7599728569692796,0.23671775450287985,1.8289191666815132
split_random,ridge_drug_fp,"Myeloid cells, Perhexiline",0.37630220413379095,0.9473754023759395,0.5982390142151555,1.8619389627477998
split_random,ridge_drug_fp,"B cells, Disulfiram",0.13925867327998953,0.6238768295928073,0.32280201681136134,1.702466129918064
split_random,ridge_drug_fp,"Myeloid cells, Decitabine",0.15302784840945396,0.5518277754404334,0.31340790913688005,1.6778805771467207
split_random,ridge_drug_fp,"Myeloid cells, Cabozantinib",0.20083684364558815,0.7575858184341212,0.3721314152942176,1.8284321924458407
split_random,ridge_drug_fp,"Myeloid cells, CC-401",0.45685371933049096,0.8582688977452839,0.639908289946775,1.8038428695372066
split_random,ridge_drug_fp,"Myeloid cells, AZD-8330",0.24170959341811854,1.1621891785848413,0.42588757895949,2.29033853616066
split_random,ridge_drug_fp,"B cells, Ceritinib",0.29226575732445603,0.6503165714368979,0.5717582731593904,1.5432983695455864
split_random,ridge_drug_fp,"B cells, Buspirone",0.15107737922145922,0.5939788122995417,0.1763425968368607,1.8114805102282046
split_random,ridge_drug_fp,"Myeloid cells, Imatinib",0.17219116879851717,0.5502343204020491,0.42312875412263773,1.5660745984519424
split_random,ridge_drug_fp,"Myeloid cells, SCH-58261",0.19109538492033598,0.6691881179156332,0.36083381918968543,1.7529861760626781
split_random,ridge_drug_fp,"B cells, Colforsin",0.14040796834243807,0.6313030052611467,0.1860936072975218,1.7140435264066465
split_random,ridge_drug_fp,"B cells, Prednisolone",0.46726282301256994,1.0733845042715155,0.685328608882746,1.8275065304547573
split_random,ridge_drug_fp,"Myeloid cells, Prednisolone",0.35535704189760214,1.5547775997228264,0.5040408749853501,2.439381750668999
split_random,ridge_drug_fp,"Myeloid cells, Tacalcitol",0.19609863005411057,2.1958752847072183,0.2580890911234376,3.112377864280592
split_random,ridge_drug_fp,"Myeloid cells, SB525334",0.4054593990866889,1.1269632242141066,0.5854545432822298,2.226642692814154
split_random,ridge_cell_drug_fp,"NK cells, TIE2 Kinase Inhibitor",0.16956911323653887,0.6782279485140931,0.28758924768059624,1.7232975656727607
split_random,ridge_cell_drug_fp,"T cells, Lapatinib",0.3477750477552514,0.5938718494392422,0.6803396415130132,1.4755516641027016
split_random,ridge_cell_drug_fp,"NK cells, Clomipramine",0.21514845619456627,0.6490946042462858,0.3669976059218135,1.6894518148297983
split_random,ridge_cell_drug_fp,"T cells, Sunitinib",0.4506282303899068,0.6517313441622888,0.7387323414261597,1.4592462860622921
split_random,ridge_cell_drug_fp,"B cells, Tivozanib",0.3559929357758876,0.7960940373795217,0.6563581840161209,1.7599097072047643
split_random,ridge_cell_drug_fp,"NK cells, Tivozanib",0.1919864801058035,0.724167988208246,0.3520896943018025,1.7282098420994192
split_random,ridge_cell_drug_fp,"B cells, Tamatinib",0.653086233675829,0.936865848530352,0.8262801479290409,1.638557257429417
split_random,ridge_cell_drug_fp,"NK cells, Ixabepilone",0.15103835215197262,0.7093702393163117,0.34339613853712414,1.752914538954877
split_random,ridge_cell_drug_fp,"T cells, Ixabepilone",0.3115266165982779,0.5684359819077806,0.6407623547910303,1.3010622243819179
split_random,ridge_cell_drug_fp,"NK cells, 5-(9-Isopropyl-8-methyl-2-morpholino-9H-purin-6-yl)pyrimidin-2-amine",0.5190620942634163,0.9727602104925368,0.7330092065553713,1.461608853767877
split_random,ridge_cell_drug_fp,"B cells, O-Demethylated Adapalene",0.2822340817667448,0.7509786512936134,0.5319263215929434,1.7383320666758335
split_random,ridge_cell_drug_fp,"T cells, O-Demethylated Adapalene",0.33066210402884033,0.6320711601128889,0.6353742214403406,1.5159883465414756
split_random,ridge_cell_drug_fp,"B cells, I-BET151",0.5091538422684385,1.3414574024532893,0.7062489165759301,1.8198602822761905
split_random,ridge_cell_drug_fp,"NK cells, I-BET151",0.38514611963163164,1.3276601961389969,0.634334391385537,1.8148756955008287
split_random,ridge_cell_drug_fp,"T cells, I-BET151",0.5670397183406741,1.657770925370904,0.6887380057992432,2.212210476929845
split_random,ridge_cell_drug_fp,"NK cells, Foretinib",0.3993910180751372,0.7752464517331547,0.6276438697834998,1.6068906235948668
split_random,ridge_cell_drug_fp,"B cells, TL_HRAS26",0.27504480182272106,0.6599445340659627,0.4942788332392359,1.638568633926322
split_random,ridge_cell_drug_fp,"Myeloid cells, TL_HRAS26",0.17539685950499032,0.6934484752716501,0.4982435477963213,1.7513520514378969
split_random,ridge_cell_drug_fp,"T cells, Ruxolitinib",0.5778214887026374,0.8236600118217412,0.8082297275901675,1.4467588048983437
split_random,ridge_cell_drug_fp,"B cells, Pomalidomide",0.42720380400162117,0.915715656784267,0.6302923896974717,1.855905186301646
split_random,ridge_cell_drug_fp,"T cells, Navitoclax",0.2400531933122646,0.6599169244526378,0.6684886744191286,1.4855867922234576
split_random,ridge_cell_drug_fp,"B cells, Methotrexate",0.2003867562617941,0.7111721356350316,0.42520970012815745,1.6275492486816239
split_random,ridge_cell_drug_fp,"NK cells, Trametinib",0.2826030225743095,0.811866028863112,0.5497079154238389,1.628582667706714
split_random,ridge_cell_drug_fp,"B cells, FK 866",0.4543121560861897,0.7413528590248922,0.746506204832976,1.439382149061557
split_random,ridge_cell_drug_fp,"Myeloid cells, Scriptaid",0.5572177921671733,1.6514440251643747,0.6740168137539835,2.251472458260624
split_random,ridge_cell_drug_fp,"T cells, Vardenafil",0.2725937333249789,0.602897066700824,0.5176443409231889,1.5212723918512991
split_random,ridge_cell_drug_fp,"NK cells, Dasatinib",0.25532949993156717,1.0597608040825082,0.46386695669374495,1.7419683640254133
split_random,ridge_cell_drug_fp,"T cells, Dasatinib",0.6048759915418643,0.9730749097733551,0.7746838992039529,1.5200316080701304
split_random,ridge_cell_drug_fp,"NK cells, Disulfiram",0.18373543176788323,0.6693198087644494,0.3823176573958356,1.7168405751834233
split_random,ridge_cell_drug_fp,"B cells, Dactolisib",0.6496035302675339,1.160086889395385,0.8103001679927313,1.6711254346365403
split_random,ridge_cell_drug_fp,"T cells, Dactolisib",0.6989074991305989,1.145315864378941,0.8305020687129809,1.6696035757449763
split_random,ridge_cell_drug_fp,"NK cells, BMS-536924",0.30126734613157913,0.8625278855120174,0.4993663929693286,1.6948688208201543
split_random,ridge_cell_drug_fp,"T cells, BMS-536924",0.5909073292835892,0.9487925297346418,0.8027413608993557,1.700912689114028
split_random,ridge_cell_drug_fp,"NK cells, Isoniazid",0.134557755460726,0.6605817272475794,0.32287899231119427,1.7708813736352151
split_random,ridge_cell_drug_fp,"T cells, Idelalisib",0.5339332450093784,0.783415321505605,0.7915017295632385,1.6100112152524682
split_random,ridge_cell_drug_fp,"Myeloid cells, Penfluridol",0.2951099489497995,0.7219761723417834,0.5250146812735412,1.668584025195079
split_random,ridge_cell_drug_fp,"B cells, PD-0325901",0.4916924017682842,0.7724907778453016,0.7673854752566075,1.50368098819235
split_random,ridge_cell_drug_fp,"NK cells, LDN 193189",0.274052401552425,0.6726692066843645,0.556858650120875,1.6290830602891921
split_random,ridge_cell_drug_fp,"T cells, Defactinib",0.48275873248092,0.6883077399256453,0.7431271889263683,1.5673638474954414
split_random,ridge_cell_drug_fp,"B cells, BI-D1870",0.2540818518736687,0.6632084254846095,0.45040332985164233,1.6544270515012898
split_random,ridge_cell_drug_fp,"NK cells, AZD3514",0.25975792119796015,0.7474965391228428,0.43837487159763106,1.6767992372539267
split_random,ridge_cell_drug_fp,"T cells, AZD3514",0.5200208369511731,0.6949778520257586,0.7655397503306814,1.4632540445600353
split_random,ridge_cell_drug_fp,"NK cells, HMN-214",0.35179281965312775,0.6971000958075546,0.5209427366004261,1.5744062256083164
split_random,ridge_cell_drug_fp,"NK cells, Resminostat",0.6544421458904132,1.1509570652454424,0.833098355556025,1.4241573781496466
split_random,ridge_cell_drug_fp,"Myeloid cells, Crizotinib",0.4556269945451607,0.9219524465362888,0.6923987107111446,1.761949138497557
split_random,ridge_cell_drug_fp,"NK cells, Crizotinib",0.25578285865681266,0.8313113777140873,0.4461683094190173,1.6876730264281752
split_random,ridge_cell_drug_fp,"T cells, Crizotinib",0.5295726972611735,0.7680730759848114,0.791520898359425,1.4001266336293272
split_random,ridge_cell_drug_fp,"B cells, Azacitidine",0.3108100250937259,0.6711737742744663,0.5827459717714235,1.6221669379642794
split_random,ridge_cell_drug_fp,"NK cells, Azacitidine",0.2069631668684567,0.6737111724481306,0.3587067809517372,1.728319309630389
split_random,ridge_cell_drug_fp,"T cells, TR-14035",0.42663330081206,0.5547482754426093,0.6813952092657716,1.3674571350855085
split_random,ridge_cell_drug_fp,"NK cells, Nilotinib",0.22097633686542395,0.8697651651211316,0.4219803567633419,1.7725433284255077
split_random,ridge_cell_drug_fp,"T cells, Nilotinib",0.50046107880292,0.8161493940984073,0.7436941909069044,1.4652307378034075
split_random,ridge_cell_drug_fp,"NK cells, OSI-930",0.24156379149861615,0.6717241835480257,0.49001174678954523,1.6803872697066922
split_random,ridge_cell_drug_fp,"T cells, RG7112",0.43169883159711564,0.6069604667378684,0.688824780360974,1.612328799957086
split_random,ridge_cell_drug_fp,"T cells, Lamivudine",0.26382206467152064,0.5681782136270248,0.4422267691719617,1.51205432310683
split_random,ridge_cell_drug_fp,"Myeloid cells, PRT-062607",0.5830782946690629,1.2253692275324077,0.7490894267935058,2.041104132273607
split_random,ridge_cell_drug_fp,"Myeloid cells, Masitinib",0.39508853809794764,0.707867461360334,0.698049184837843,1.6580718363299596
split_random,ridge_cell_drug_fp,"NK cells, STK219801",0.26253260850404364,0.6830557395656467,0.43286704919409974,1.7398181504868977
split_random,ridge_cell_drug_fp,"NK cells, TPCA-1",0.4531027890398082,0.8739339801631119,0.691553268508075,1.5617484357458447
split_random,ridge_cell_drug_fp,"NK cells, GSK-1070916",0.18389603601816176,0.7360132697141009,0.2874724408274104,1.7489410599862247
split_random,ridge_cell_drug_fp,"T cells, GSK-1070916",0.4160738053916053,0.6383755577297764,0.6643977244203741,1.3232989848657994
split_random,ridge_cell_drug_fp,"NK cells, Ricolinostat",0.34602945979408994,0.8163255438988986,0.5618235233702321,1.5888243540967304
split_random,ridge_cell_drug_fp,"NK cells, GSK256066",0.37598931497623994,0.8662358189884513,0.625300738124103,1.757678481618406
split_random,ridge_cell_drug_fp,"Myeloid cells, Oxybenzone",0.1890075451709045,0.5967925935034828,0.5031826797987268,1.5307587103044344
split_random,ridge_cell_drug_fp,"NK cells, Oxybenzone",0.1343167500656229,0.6594031729190953,0.21815169691310654,1.7845297005198968
split_random,ridge_cell_drug_fp,"B cells, Tivantinib",0.3491256901736242,0.7962054470083106,0.5957697954769462,1.585570429600349
split_random,ridge_cell_drug_fp,"NK cells, Tivantinib",0.14533909409529983,0.8482541671347817,0.22650215797916587,1.862198326558711
split_random,ridge_cell_drug_fp,"T cells, Tivantinib",0.4176555208985791,0.7752110650708535,0.6794669699453888,1.4800697993943173
split_random,ridge_cell_drug_fp,"NK cells, Tosedostat",0.31447416773572157,0.7821175700027676,0.5427726888587311,1.729357018798458
split_random,ridge_cell_drug_fp,"NK cells, ABT-199 (GDC-0199)",0.06463212722781142,0.8323535231202421,0.1657319332943223,1.8690628956335789
split_random,ridge_cell_drug_fp,"T cells, ABT-199 (GDC-0199)",0.20065745155226464,0.7046470069287385,0.48198012402319895,1.5973128599944186
split_random,ridge_cell_drug_fp,"T cells, Tipifarnib",0.4490274886108157,0.6458936377916469,0.7285293123010464,1.4864255597863931
split_random,ridge_cell_drug_fp,"T cells, PF-03814735",0.6827527726577296,0.8852185910531839,0.855164164710491,1.3818912991446393
split_random,ridge_cell_drug_fp,"NK cells, Selumetinib",0.269088442833814,0.7567626257811692,0.470064834746897,1.7085995450561922
split_random,ridge_cell_drug_fp,"T cells, Clotrimazole",0.32053150560615556,0.5549822502898508,0.6271631612986465,1.4600769890915484
split_random,ridge_cell_drug_fp,"NK cells, Vanoxerine",0.1738202950128749,0.696712617661041,0.3138937271423516,1.720617931264559
split_random,ridge_cell_drug_fp,"T cells, Vanoxerine",0.34302267081622373,0.5956735798661513,0.661614543270221,1.4498916057717506
split_random,ridge_cell_drug_fp,"B cells, TIE2 Kinase Inhibitor",0.2283449365280687,0.6228289848407711,0.403974160019358,1.544159680285411
split_random,ridge_cell_drug_fp,"Myeloid cells, TIE2 Kinase Inhibitor",0.2279046931861996,0.7116885988605408,0.5074180606663393,1.6672728698497552
split_random,ridge_cell_drug_fp,"Myeloid cells, Clomipramine",0.3205559403876534,0.686009554974934,0.6003241557206589,1.6020474747365958
split_random,ridge_cell_drug_fp,"B cells, K-02288",0.28165944421335337,0.6725731682076287,0.530045914410214,1.6520287646905638
split_random,ridge_cell_drug_fp,"Myeloid cells, K-02288",0.1884294178092613,0.9949636962480358,0.4095441190837447,2.1370425545484664
split_random,ridge_cell_drug_fp,"B cells, Vorinostat",0.7455795450690786,1.101508089277227,0.8581099952855052,1.5620103460818384
split_random,ridge_cell_drug_fp,"B cells, Sgc-cbp30",0.37586709968466914,0.6976752680654883,0.6790408231531595,1.4676121215205031
split_random,ridge_cell_drug_fp,"Myeloid cells, Vardenafil",0.29334493860424815,0.7265880998967029,0.6172380931890113,1.5650813319007928
split_random,ridge_cell_drug_fp,"Myeloid cells, Perhexiline",0.494900076326571,0.8786943547190239,0.7300962890741063,1.6432635691869748
split_random,ridge_cell_drug_fp,"B cells, Disulfiram",0.2037074144393786,0.6333457207894526,0.4664966044891423,1.6027377268238225
split_random,ridge_cell_drug_fp,"Myeloid cells, Decitabine",0.21904461153709096,0.5789463041448983,0.28457629123566974,1.6688477365940821
split_random,ridge_cell_drug_fp,"Myeloid cells, Cabozantinib",0.2830276156490256,0.7567249848155168,0.5308170701948357,1.7054854347577288
split_random,ridge_cell_drug_fp,"Myeloid cells, CC-401",0.49920957450323233,0.8418583711370335,0.7129858270116446,1.696179770388938
split_random,ridge_cell_drug_fp,"Myeloid cells, AZD-8330",0.4542587693157611,1.0423069330828048,0.6938598830277468,1.9927616694100705
split_random,ridge_cell_drug_fp,"B cells, Ceritinib",0.3788855155808892,0.6285544594073086,0.6556168674831464,1.4187508254640253
split_random,ridge_cell_drug_fp,"B cells, Buspirone",0.2197946338952046,0.6047973241840541,0.3505275432697466,1.7289596087139785
split_random,ridge_cell_drug_fp,"Myeloid cells, Imatinib",0.2105727569720356,0.5972751366777607,0.5222909536772986,1.4817021917178106
split_random,ridge_cell_drug_fp,"Myeloid cells, SCH-58261",0.23696669473001686,0.698671310548551,0.4215518153588334,1.7005578875000968
split_random,ridge_cell_drug_fp,"B cells, Colforsin",0.23042370890212968,0.6225396403795576,0.3436206969746198,1.6177558638443952
split_random,ridge_cell_drug_fp,"B cells, Prednisolone",0.5459170032915995,1.0026388555271648,0.7585823373511854,1.6619789417452289
split_random,ridge_cell_drug_fp,"Myeloid cells, Prednisolone",0.4716902179690496,1.4446102897364508,0.6341147429096944,2.241968566010246
split_random,ridge_cell_drug_fp,"Myeloid cells, Tacalcitol",0.14144579121566783,2.226641477402598,0.1896239890935168,3.1435193016144427
split_random,ridge_cell_drug_fp,"Myeloid cells, SB525334",0.3199940180219653,1.177424839249179,0.46822272326909936,2.2949007684747933
split_cell_heldout,ridge_cell,"NK cells, TIE2 Kinase Inhibitor",0.06100988497632357,0.6427473933285581,0.06097125593691818,1.7974057118900357
split_cell_heldout,ridge_cell,"NK cells, MK-5108",0.015588188482391133,0.7081600549012304,0.060974083226325616,1.8815045546127096
split_cell_heldout,ridge_cell,"NK cells, Lapatinib",-0.1476874847638345,0.7740511823958693,-0.3186435018949961,1.9712791179560543
split_cell_heldout,ridge_cell,"NK cells, Atorvastatin",0.0766018393354579,0.6812226399903284,0.10115611725275064,1.7639439540273767
split_cell_heldout,ridge_cell,"NK cells, Ganetespib (STA-9090)",0.36259912914204745,1.074769540517235,0.5622435220006992,2.239461297318701
split_cell_heldout,ridge_cell,"NK cells, Clomipramine",0.09593136912354627,0.6515948111421522,0.17577759907720486,1.769579651623046
split_cell_heldout,ridge_cell,"NK cells, Sunitinib",0.12504440776065168,0.6761595429158813,0.18466610299262476,1.7675443692324062
split_cell_heldout,ridge_cell,"NK cells, Tivozanib",0.06587183166596389,0.6876043060983739,0.14215834058072058,1.8203307362199204
split_cell_heldout,ridge_cell,"NK cells, Tamatinib",0.28876380945121327,0.8292188673213197,0.4579574980116731,1.8752711159780062
split_cell_heldout,ridge_cell,"NK cells, Ixabepilone",0.08474977699442733,0.6689496979647249,0.11062614447734652,1.8598185469746336
split_cell_heldout,ridge_cell,"NK cells, Linagliptin",0.07116652926901618,0.6647663708381336,0.08507840792444953,1.7839838807341621
split_cell_heldout,ridge_cell,"NK cells, 5-(9-Isopropyl-8-methyl-2-morpholino-9H-purin-6-yl)pyrimidin-2-amine",0.38184508173986603,0.8411953351896133,0.6156330606327115,1.9484891223156333
split_cell_heldout,ridge_cell,"NK cells, O-Demethylated Adapalene",0.035598683675380084,0.68207308966825,-0.03406727210578521,1.8416058878531527
split_cell_heldout,ridge_cell,"NK cells, Protriptyline",-0.010540898661268049,0.6674635425493898,0.015355935315913205,1.8036992352845456
split_cell_heldout,ridge_cell,"NK cells, I-BET151",0.18286058644240072,1.0148241141792274,0.3015595099709165,2.2594278583686314
split_cell_heldout,ridge_cell,"NK cells, Foretinib",0.28517504196986104,0.7460467993519171,0.49095264656982707,1.862504486441156
split_cell_heldout,ridge_cell,"NK cells, GW843682X",0.12007625440373376,0.665725448188178,0.3229296405530964,1.8112358356843774
split_cell_heldout,ridge_cell,"NK cells, BMS-387032",0.1828052559160819,0.8281002404888687,0.3699757630536985,1.9966021724103917
split_cell_heldout,ridge_cell,"NK cells, IN1451",0.24594352357548305,1.2043160012224514,0.37176475184186847,2.3454296927193834
split_cell_heldout,ridge_cell,"NK cells, Raloxifene",-0.08324561230715392,0.827289921492106,-0.14892842443784055,2.0270702255139814
split_cell_heldout,ridge_cell,"NK cells, Topotecan",0.10314396746688535,0.813833715822354,0.21132399581138447,2.0183538246598944
split_cell_heldout,ridge_cell,"NK cells, BAY 87-2243",0.34014302216065323,0.8939119727637362,0.5420635030300094,2.113265422061079
split_cell_heldout,ridge_cell,"NK cells, Phenylbutazone",0.11003162550467684,0.6854774868707098,0.1465833960842583,1.836242922737979
split_cell_heldout,ridge_cell,"NK cells, K-02288",0.038838360815552794,0.6604880546031486,0.04779367845033479,1.8202321112904207
split_cell_heldout,ridge_cell,"NK cells, BMS-777607",0.0787133962493813,0.675976549925047,0.15429958964269752,1.7844313622431636
split_cell_heldout,ridge_cell,"NK cells, Porcn Inhibitor III",-0.11612422024412593,0.8065330805911172,-0.24676702383442808,2.075051720782193
split_cell_heldout,ridge_cell,"NK cells, TL_HRAS26",0.03629890029022352,0.65843689783304,-0.000654333025386397,1.883165391390423
split_cell_heldout,ridge_cell,"NK cells, Proscillaridin A;Proscillaridin-A",-0.025951594155067273,2.2833886887332393,-0.028987261538515195,3.19856892368192
split_cell_heldout,ridge_cell,"NK cells, Vorinostat",0.29522783311036416,1.203868734664272,0.4799246442321684,2.38105733141947
split_cell_heldout,ridge_cell,"NK cells, BMS-265246",0.047267945813066044,0.9104439981153505,0.12361350706671606,2.1810168619693604
split_cell_heldout,ridge_cell,"NK cells, Ruxolitinib",0.24972957792222386,0.7313607141811983,0.4378349578606051,1.8015099672075006
split_cell_heldout,ridge_cell,"NK cells, Pomalidomide",-0.10666112878687624,0.9111161248692318,-0.17518615103891136,2.250042740913459
split_cell_heldout,ridge_cell,"NK cells, Dovitinib",0.21848621011700853,0.7336263891088508,0.38691425734683815,1.8732517582012076
split_cell_heldout,ridge_cell,"NK cells, AVL-292",0.23656014655280005,0.6793651350908376,0.41534178237339053,1.8148684269769102
split_cell_heldout,ridge_cell,"NK cells, Navitoclax",-0.06422492787354198,0.763477277474343,-0.09852116322988122,1.9875384891070242
split_cell_heldout,ridge_cell,"NK cells, Methotrexate",-0.18653610768250412,0.7338591728373434,-0.2874592817802612,1.987470907746957
split_cell_heldout,ridge_cell,"NK cells, Palbociclib",0.06374171594584137,0.6756654114148114,0.05074588802034552,1.8077375901791763
split_cell_heldout,ridge_cell,"NK cells, Trametinib",0.17155073053380002,0.7133123461339684,0.38590476140768515,1.8043065002627545
split_cell_heldout,ridge_cell,"NK cells, AMD-070 (hydrochloride)",-0.036246121094057025,0.6801024970222797,-0.07604162767966306,1.8614552951154615
split_cell_heldout,ridge_cell,"NK cells, Sgc-cbp30",0.20468866836881436,0.6863758986915511,0.3881968372791351,1.7788079722991763
split_cell_heldout,ridge_cell,"NK cells, FK 866",0.07604288390677512,0.7704219289132129,0.23268577337344087,1.9145709734828087
split_cell_heldout,ridge_cell,"NK cells, Chlorpheniramine",0.045259792622276085,0.6952210275579086,0.10670636878069718,1.884120881879897
split_cell_heldout,ridge_cell,"NK cells, Scriptaid",0.3148705895959159,1.2921264116132012,0.478812205824905,2.4757256239100602
split_cell_heldout,ridge_cell,"NK cells, BAY 61-3606",0.2735502212464958,1.0125504773971707,0.4676274726044999,2.160579508696465
split_cell_heldout,ridge_cell,"NK cells, LY2090314",0.055802928402491604,1.2430601658572145,0.10926669401788658,2.5594380478637375
split_cell_heldout,ridge_cell,"NK cells, Vardenafil",0.09837311560269067,0.6773961375148027,0.1808324537381627,1.8379733753574325
split_cell_heldout,ridge_cell,"NK cells, Dasatinib",0.20953817755262694,0.7606026951496,0.36101410904053344,1.86253202738542
split_cell_heldout,ridge_cell,"NK cells, AT13387",0.35531843359204335,1.0488368622692081,0.5314772444908564,2.2154098565069154
split_cell_heldout,ridge_cell,"NK cells, PF-04691502",0.26239299699343405,0.7652325519572969,0.5301963119580652,1.8030821690867467
split_cell_heldout,ridge_cell,"NK cells, Perhexiline",0.322701325051883,0.7640070668204609,0.5234675232431942,1.805638203555375
split_cell_heldout,ridge_cell,"NK cells, RVX-208",0.09133806159074886,0.7194845869430461,0.06605752617799757,1.9093064555701786
split_cell_heldout,ridge_cell,"NK cells, Ketoconazole",-0.1363817847725705,0.9676672743505339,-0.27963760517038705,2.3088475707406717
split_cell_heldout,ridge_cell,"NK cells, Disulfiram",0.06431204568081599,0.6649556041091834,0.005338560633144978,1.8678706321462648
split_cell_heldout,ridge_cell,"NK cells, Flutamide",0.08947077807491359,0.7039398000845639,0.2728811011655698,1.7890319180975134
split_cell_heldout,ridge_cell,"NK cells, Desloratadine",0.019210294986856488,0.6874941052091417,-0.06902952562130397,1.8462208240330056
split_cell_heldout,ridge_cell,"NK cells, Dactolisib",0.43458152348695717,0.964729543167152,0.6501286035293906,2.1468301136261942
split_cell_heldout,ridge_cell,"NK cells, BMS-536924",0.2666845083340597,0.7291872901470191,0.46747921861450487,1.7967733729315472
split_cell_heldout,ridge_cell,"NK cells, IKK Inhibitor VII",0.26930031758812134,0.7312046774136758,0.45372536680759185,1.8367331830238363
split_cell_heldout,ridge_cell,"NK cells, Amiodarone",0.1344130443636252,0.6735254284983182,0.21480228089223136,1.8025281102196054
split_cell_heldout,ridge_cell,"NK cells, Isoniazid",0.059223377671463635,0.6747328677379045,0.10768111033175722,1.836547755157846
split_cell_heldout,ridge_cell,"NK cells, IMD-0354",0.331812440840032,0.9017139428348475,0.5771126075541618,2.0612577393421896
split_cell_heldout,ridge_cell,"NK cells, Canertinib",0.04955552378184437,0.7251288452327153,0.08630152249311739,1.9641401711858277
split_cell_heldout,ridge_cell,"NK cells, Idelalisib",0.1290223028385176,0.7223116341869533,0.29499927961308176,1.8526092711709312
split_cell_heldout,ridge_cell,"NK cells, Alogliptin",-0.061339638383515624,0.6823847675861769,-0.2035548952589164,1.9068906349734926
split_cell_heldout,ridge_cell,"NK cells, Penfluridol",0.054772263343418406,0.7167421279608748,0.12951956277539073,1.8215961262623226
split_cell_heldout,ridge_cell,"NK cells, Quizartinib",0.00865270569179623,0.6864632269512114,0.032289960950357355,1.866149289618622
split_cell_heldout,ridge_cell,"NK cells, RN-486",-0.08202990220564255,0.7402771580023578,-0.20177943904927897,1.9507147969711767
split_cell_heldout,ridge_cell,"NK cells, PD-0325901",0.22706869350416856,0.7734104719914758,0.41350526360023104,1.9175020664942535
split_cell_heldout,ridge_cell,"NK cells, Decitabine",0.0332325896458915,0.6675892386536612,0.03009160801061619,1.7765172820663115
split_cell_heldout,ridge_cell,"NK cells, LDN 193189",-0.06250016216035278,0.7314214394912346,-0.2345670580431237,1.9352224781647989
split_cell_heldout,ridge_cell,"NK cells, Cabozantinib",0.0034772225990228026,0.7109250798021977,0.0616801284274217,1.8303452139967455
split_cell_heldout,ridge_cell,"NK cells, Riociguat",0.06786159946650479,0.6890075837447983,0.1629689708865956,1.8348115040579474
split_cell_heldout,ridge_cell,"NK cells, CHIR-99021",-0.05405926769102608,0.7866489158708486,-0.1379370324170381,1.9973257854907094
split_cell_heldout,ridge_cell,"NK cells, Defactinib",0.09837177463651998,0.6885139293654953,0.27051860503610525,1.838596369934764
split_cell_heldout,ridge_cell,"NK cells, BI-D1870",-0.004818909864204049,0.7529244940187372,0.08414413602185765,1.8338414595262336
split_cell_heldout,ridge_cell,"NK cells, AZD3514",0.11219571074021473,0.6928504164200866,0.2313980283027674,1.8175350334799234
split_cell_heldout,ridge_cell,"NK cells, HMN-214",-0.01257377804941085,0.7370606230263774,-0.015791760749728954,1.8534246988480623
split_cell_heldout,ridge_cell,"NK cells, CC-401",0.2163435345295246,0.6987116647747645,0.3965196959605771,1.8072902993480549
split_cell_heldout,ridge_cell,"NK cells, Resminostat",0.28263253806814126,1.3004597816219867,0.4300677260848327,2.4608395158791563
split_cell_heldout,ridge_cell,"NK cells, Crizotinib",0.2695452432194843,0.7003183668917725,0.4739273942300825,1.7452600768646114
split_cell_heldout,ridge_cell,"NK cells, Azacitidine",0.11233246869675916,0.6648805182357747,0.13716738778413556,1.8315247339033736
split_cell_heldout,ridge_cell,"NK cells, TR-14035",0.18445012772961394,0.6274579465572299,0.2825648902835917,1.8251524388475273
split_cell_heldout,ridge_cell,"NK cells, Nilotinib",0.26360057027078443,0.7196849840667714,0.4887629130649931,1.7945794817124332
split_cell_heldout,ridge_cell,"NK cells, AT 7867",0.26576433828716306,0.7223384052623898,0.47815554083097356,1.8322107418735045
split_cell_heldout,ridge_cell,"NK cells, OSI-930",-0.12655987986451958,0.7436256809065839,-0.32478952475299105,1.949404548832678
split_cell_heldout,ridge_cell,"NK cells, GO-6976",-0.0980700066156924,0.8443467557905628,-0.17398848755667606,2.0162365041021517
split_cell_heldout,ridge_cell,"NK cells, Saracatinib",0.23161883299306488,0.73537939571122,0.3633953132169764,1.8864469226245333
split_cell_heldout,ridge_cell,"NK cells, RG7112",0.1967963620011758,0.6659972838418575,0.37739037065467185,1.8925029286921746
split_cell_heldout,ridge_cell,"NK cells, Lamivudine",0.12573706913536517,0.6790983619970666,0.17788624836255235,1.8878405760286252
split_cell_heldout,ridge_cell,"NK cells, TGX 221",0.27848780388624683,0.7176057777690505,0.43654601869907994,1.8064721412612212
split_cell_heldout,ridge_cell,"NK cells, Pitavastatin Calcium",-0.16901553587709,1.4519930436026889,-0.22688170660560833,2.7418409888257083
split_cell_heldout,ridge_cell,"NK cells, ABT737",0.06761731697481808,0.7567269294985732,0.15409748617424648,1.9095103298295841
split_cell_heldout,ridge_cell,"NK cells, PRT-062607",0.303272123714834,0.7290224591357481,0.5373135211008678,1.7857628398062384
split_cell_heldout,ridge_cell,"NK cells, AZ628",0.2404983576305024,0.7089811660719286,0.45511825477623047,1.7818178369338105
split_cell_heldout,ridge_cell,"NK cells, AZD-8330",0.3098576299123748,0.7283840687249113,0.5021960398221705,1.7898165617311157
split_cell_heldout,ridge_cell,"NK cells, Masitinib",0.18182260770346567,0.6783481228859114,0.2416692107081484,1.8243954636645197
split_cell_heldout,ridge_cell,"NK cells, Ceritinib",0.24771910093182123,0.6867792371802728,0.4205351174270705,1.7882299269856425
split_cell_heldout,ridge_cell,"NK cells, CGM-097",-0.0047841070810268425,0.8699800200697396,0.05730254295735958,2.0956166409227333
split_cell_heldout,ridge_cell,"NK cells, SLx-2119",0.1118532122121794,0.7273803169125905,0.077630152394023,1.9931154948498118
split_cell_heldout,ridge_cell,"NK cells, Nefazodone",0.11916278606426854,0.678137386307468,0.23708406642667498,1.8317906216036797
split_cell_heldout,ridge_cell,"NK cells, STK219801",0.08929918627640211,0.6983353246398973,0.10874652377583158,1.938907291669886
split_cell_heldout,ridge_cell,"NK cells, TPCA-1",0.37096735353188537,0.8399332293765872,0.5973864542659931,1.8872193120041127
split_cell_heldout,ridge_cell,"NK cells, MGCD-265",0.04252375880622778,0.6794857581483545,-0.015347161576819004,1.8441497218897815
split_cell_heldout,ridge_cell,"NK cells, GSK-1070916",0.09931014917007848,0.670887806029277,0.2061743902605955,1.791054540112428
split_cell_heldout,ridge_cell,"NK cells, Ricolinostat",0.06775777673012638,0.7841262546411859,0.0933133894369226,1.928220728283287
split_cell_heldout,ridge_cell,"NK cells, Bosutinib",0.28336415477525084,0.7610466075379851,0.46998685452307365,1.8872439953850462
split_cell_heldout,ridge_cell,"NK cells, Clemastine",0.14735137750505423,0.6691368844750496,0.17161980820470119,1.784520356542103
split_cell_heldout,ridge_cell,"NK cells, YK 4-279",-0.09456167495923821,0.7481571060259982,-0.16438314924800387,1.8955958700776296
split_cell_heldout,ridge_cell,"NK cells, Buspirone",0.024069513763031947,0.6427696301076151,-0.06999061904783623,1.815411639942165
split_cell_heldout,ridge_cell,"NK cells, Midostaurin",0.26966892112282337,0.7245079249744715,0.4519030183185504,1.7731222971894536
split_cell_heldout,ridge_cell,"NK cells, CEP-37440",0.21486403106814023,0.6835658997061581,0.36103829464185416,1.8194156016012895
split_cell_heldout,ridge_cell,"NK cells, GSK256066",0.24859021732043998,0.872356534298922,0.4337124213506705,2.03974176029412
split_cell_heldout,ridge_cell,"NK cells, Oxybenzone",0.10312450524034043,0.6554680257082064,0.1303886802887773,1.7976524623298658
split_cell_heldout,ridge_cell,"NK cells, Vandetanib",0.10856378743020152,0.6758117871718979,0.23974488537663288,1.8341729525439274
split_cell_heldout,ridge_cell,"NK cells, Imatinib",0.12116993514098692,0.6876143923658411,0.26364309947878084,1.822886961105596
split_cell_heldout,ridge_cell,"NK cells, SCH-58261",-0.037335088223078954,0.7120573728089596,-0.05068510813740439,1.8847130026361791
split_cell_heldout,ridge_cell,"NK cells, Colforsin",0.058364267336697175,0.6819727245629897,-0.00430961025252593,1.847977043615393
split_cell_heldout,ridge_cell,"NK cells, Tivantinib",0.17098675374912603,0.690596247056095,0.3375379337773977,1.8334661414778857
split_cell_heldout,ridge_cell,"NK cells, Tosedostat",0.26439820358289173,0.7452879505094727,0.4926640796341304,1.8621913380826876
split_cell_heldout,ridge_cell,"NK cells, Colchicine",0.19908734766325328,0.7283278663536662,0.3602460188800356,1.8216116793622485
split_cell_heldout,ridge_cell,"NK cells, ABT-199 (GDC-0199)",0.034218721272246934,0.6829996204658054,0.08709350990847844,1.8641251133468273
split_cell_heldout,ridge_cell,"NK cells, Mometasone Furoate",0.31993573972342904,0.9239654825373488,0.5068270043982732,2.1277519442587
split_cell_heldout,ridge_cell,"NK cells, Tipifarnib",0.2237394137105875,0.6943981266021212,0.41516184537625395,1.822524753800175
split_cell_heldout,ridge_cell,"NK cells, BX 912",0.2573891719312976,0.7174882097318909,0.43405572019146277,1.7779810806191008
split_cell_heldout,ridge_cell,"NK cells, Doxorubicin",0.23549470804545328,0.8424247251761766,0.4382711984567247,2.0524417316121126
split_cell_heldout,ridge_cell,"NK cells, PF-03814735",0.282188496760369,0.8313844927126598,0.4710776277963536,1.924052266081581
split_cell_heldout,ridge_cell,"NK cells, AZD4547",0.09311904581552705,0.6802433592222771,0.24558374270240033,1.8074267282944765
split_cell_heldout,ridge_cell,"NK cells, Prednisolone",0.28427902545685474,0.9111471245371484,0.45445951579373167,2.1457105251804447
split_cell_heldout,ridge_cell,"NK cells, Tacalcitol",0.17887270213069548,0.6956657575339957,0.3079843696925952,1.8142757580730073
split_cell_heldout,ridge_cell,"NK cells, Selumetinib",0.1466875835443122,0.7185773908988686,0.27412007888328166,1.8471811673417184
split_cell_heldout,ridge_cell,"NK cells, Clotrimazole",0.09101903209121902,0.66335138112501,0.1799834943742699,1.8221978604900595
split_cell_heldout,ridge_cell,"NK cells, RG7090",0.007628538472470707,0.7180557671159833,0.04844096533019815,1.8785844147451465
split_cell_heldout,ridge_cell,"NK cells, GLPG0634",0.25836867519729056,0.7265401029762593,0.44497106583280055,1.8203186261005395
split_cell_heldout,ridge_cell,"NK cells, Mubritinib (TAK 165)",0.2621360134530206,0.8232416229252014,0.48843429774121544,1.9908346972815376
split_cell_heldout,ridge_cell,"NK cells, Vanoxerine",0.11543538394780883,0.6825538795907142,0.145146344311781,1.786804047013611
split_cell_heldout,ridge_cell,"NK cells, SB525334",-0.17869230340168352,0.8350771342370013,-0.3391691428801154,2.0616568128104964
split_cell_heldout,ridge_cell,"NK cells, HYDROXYUREA",0.0010414506435213497,0.6882571914143755,-0.05877604327220798,1.8276772028464747
split_cell_heldout,ridge_drug_fp,"NK cells, TIE2 Kinase Inhibitor",0.11132837951710356,0.6573597198378713,0.12861474930118252,1.7918552833389898
split_cell_heldout,ridge_drug_fp,"NK cells, MK-5108",0.16338438255561769,0.6906016340192671,0.28524168999083527,1.8138167194781294
split_cell_heldout,ridge_drug_fp,"NK cells, Lapatinib",0.15760970608463534,0.7296941705246862,0.357704909242543,1.7439684324266027
split_cell_heldout,ridge_drug_fp,"NK cells, Atorvastatin",0.15500322462077554,0.6969442421523578,0.2872879753851665,1.7145329003834262
split_cell_heldout,ridge_drug_fp,"NK cells, Ganetespib (STA-9090)",0.5635892955194486,1.1735058048866296,0.7902125488237308,1.4774633060099727
split_cell_heldout,ridge_drug_fp,"NK cells, Clomipramine",0.18071880390243836,0.6561652723099772,0.29667024288707583,1.7194801357901288
split_cell_heldout,ridge_drug_fp,"NK cells, Sunitinib",0.20787537268942527,0.7226158137145126,0.37772625175554136,1.6712864997097703
split_cell_heldout,ridge_drug_fp,"NK cells, Tivozanib",0.15234901801266004,0.7310724394331749,0.25279509128478217,1.7865076147010204
split_cell_heldout,ridge_drug_fp,"NK cells, Tamatinib",0.4032783769625214,0.9710967429851519,0.609566901107313,1.6009892878987746
split_cell_heldout,ridge_drug_fp,"NK cells, Ixabepilone",0.1266224643034271,0.6819410034412505,0.2937120740311003,1.7890409723203233
split_cell_heldout,ridge_drug_fp,"NK cells, Linagliptin",0.07783850898874752,0.6821852860781673,0.18870769397032572,1.7633590049672097
split_cell_heldout,ridge_drug_fp,"NK cells, 5-(9-Isopropyl-8-methyl-2-morpholino-9H-purin-6-yl)pyrimidin-2-amine",0.48311304859514465,1.0620458139469136,0.7008531008531313,1.5525758315130855
split_cell_heldout,ridge_drug_fp,"NK cells, O-Demethylated Adapalene",0.10429281291559898,0.7276737727321779,0.13127923095450833,1.7925926085848194
split_cell_heldout,ridge_drug_fp,"NK cells, Protriptyline",0.07389675818712292,0.6495015001117056,0.13904123246092634,1.7830078302140215
split_cell_heldout,ridge_drug_fp,"NK cells, I-BET151",0.5361999343603141,1.1497888273050076,0.7606747198806414,1.5210347219149474
split_cell_heldout,ridge_drug_fp,"NK cells, Foretinib",0.34447502223249804,0.8390126872304372,0.5481141200596429,1.6922500978496224
split_cell_heldout,ridge_drug_fp,"NK cells, GW843682X",0.15824041740138722,0.7028901282387028,0.30181267235870285,1.7845611728992279
split_cell_heldout,ridge_drug_fp,"NK cells, BMS-387032",0.34486440044913474,1.0747203535505876,0.5872741255846143,1.6951675580202863
split_cell_heldout,ridge_drug_fp,"NK cells, IN1451",0.6332646492746655,1.3674951580959271,0.8563986093689435,1.274143414747734
split_cell_heldout,ridge_drug_fp,"NK cells, Raloxifene",0.2047892950757876,0.8006441023440095,0.43241151988281384,1.8013759941101883
split_cell_heldout,ridge_drug_fp,"NK cells, Topotecan",0.40248622436070114,0.8737916561629085,0.6559451712460077,1.5724420084429482
split_cell_heldout,ridge_drug_fp,"NK cells, BAY 87-2243",0.5093458493812449,0.8972654809127155,0.7313983853078672,1.539181814440705
split_cell_heldout,ridge_drug_fp,"NK cells, Phenylbutazone",0.13626477514380458,0.6796151065806102,0.19812963099826,1.8233830914058538
split_cell_heldout,ridge_drug_fp,"NK cells, K-02288",0.05513302253488048,0.7158932291911205,0.08321784790623336,1.8235990367517856
split_cell_heldout,ridge_drug_fp,"NK cells, BMS-777607",0.08919673005285322,0.733351041998132,0.1791404014637922,1.7786146764707118
split_cell_heldout,ridge_drug_fp,"NK cells, Porcn Inhibitor III",0.17680030027877683,0.8008922855471639,0.3726826300061842,1.860214031115203
split_cell_heldout,ridge_drug_fp,"NK cells, TL_HRAS26",0.11507702775727319,0.6651370086811611,0.2248597794234496,1.8231936123060857
split_cell_heldout,ridge_drug_fp,"NK cells, Proscillaridin A;Proscillaridin-A",0.7787602318624118,1.4820763032686888,0.8856468921821181,1.4858083840514482
split_cell_heldout,ridge_drug_fp,"NK cells, Vorinostat",0.6327147411100762,1.1094703837065516,0.81684408465315,1.457058728596597
split_cell_heldout,ridge_drug_fp,"NK cells, BMS-265246",0.4957273662115284,0.9421634403011591,0.774986062052038,1.3868759535725053
split_cell_heldout,ridge_drug_fp,"NK cells, Ruxolitinib",0.26328968595789926,0.9536517226538497,0.47993216322241994,1.7022607732258408
split_cell_heldout,ridge_drug_fp,"NK cells, Pomalidomide",0.38185882431903023,0.8565789903942607,0.62326149172718,1.6887493493168169
split_cell_heldout,ridge_drug_fp,"NK cells, Dovitinib",0.26255019490610987,0.8037866577251085,0.44046250285586463,1.7797017891720974
split_cell_heldout,ridge_drug_fp,"NK cells, AVL-292",0.26390211327833574,0.7862646921809678,0.47280324713864313,1.7114495136808408
split_cell_heldout,ridge_drug_fp,"NK cells, Navitoclax",0.1657667052504537,0.7718743500053995,0.30839824263847765,1.8606074690140333
split_cell_heldout,ridge_drug_fp,"NK cells, Methotrexate",0.09224728168027754,0.7348097039146367,0.10615585163146557,1.8965247254334159
split_cell_heldout,ridge_drug_fp,"NK cells, Palbociclib",0.1444778975495824,0.7072479898363877,0.2865645757033604,1.7351861947497245
split_cell_heldout,ridge_drug_fp,"NK cells, Trametinib",0.23505963709924227,0.8516632919611673,0.44888342939606435,1.714447224276074
split_cell_heldout,ridge_drug_fp,"NK cells, AMD-070 (hydrochloride)",0.056666018483030656,0.7175568744399978,0.08008979638385527,1.8557702279625516
split_cell_heldout,ridge_drug_fp,"NK cells, Sgc-cbp30",0.2609501331132762,0.75405961245172,0.44688827541203724,1.6916218080355305
split_cell_heldout,ridge_drug_fp,"NK cells, FK 866",0.2556475794206027,0.8546694242423593,0.4640235270548975,1.7391245826766106
split_cell_heldout,ridge_drug_fp,"NK cells, Chlorpheniramine",0.08573274036015104,0.6928864116987397,0.11386980286121429,1.883755559604665
split_cell_heldout,ridge_drug_fp,"NK cells, Scriptaid",0.661021163919496,1.1712577025796609,0.8347616598440993,1.4334025029865074
split_cell_heldout,ridge_drug_fp,"NK cells, BAY 61-3606",0.4858267786181987,1.1852806206448279,0.7292923291024636,1.5695041765820386
split_cell_heldout,ridge_drug_fp,"NK cells, LY2090314",0.5617935233273206,1.165523180282125,0.7766564939681454,1.6175815861882106
split_cell_heldout,ridge_drug_fp,"NK cells, Vardenafil",0.09012700169959041,0.7161046816682776,0.0997155598067385,1.869996138300566
split_cell_heldout,ridge_drug_fp,"NK cells, Dasatinib",0.261411334707777,1.065324920166195,0.45433120354947465,1.7615747756533544
split_cell_heldout,ridge_drug_fp,"NK cells, AT13387",0.5215710564964499,1.1540826828037842,0.7635241429841977,1.5440754672776373
split_cell_heldout,ridge_drug_fp,"NK cells, PF-04691502",0.3041986160470871,1.0070109407971026,0.5626609721926522,1.6354635416485495
split_cell_heldout,ridge_drug_fp,"NK cells, Perhexiline",0.3519571953477054,0.8651480416567109,0.5610843339999577,1.6450893563235043
split_cell_heldout,ridge_drug_fp,"NK cells, RVX-208",0.29170667685370183,0.7611535382225656,0.4856006266541719,1.6254624541663296
split_cell_heldout,ridge_drug_fp,"NK cells, Ketoconazole",0.5198540301683512,0.8498473716227286,0.7092303912782808,1.5080185427894643
split_cell_heldout,ridge_drug_fp,"NK cells, Disulfiram",0.16569976059184602,0.6476240344893908,0.24760569224841394,1.7918718518739907
split_cell_heldout,ridge_drug_fp,"NK cells, Flutamide",0.12825667770829943,0.7056468087442394,0.32082241874257605,1.767239744652914
split_cell_heldout,ridge_drug_fp,"NK cells, Desloratadine",0.10233227569344824,0.6822717445658897,0.09077820743214046,1.8109542855889598
split_cell_heldout,ridge_drug_fp,"NK cells, Dactolisib",0.5636475380872578,1.1300227202460902,0.7677614141351518,1.5163899661822926
split_cell_heldout,ridge_drug_fp,"NK cells, BMS-536924",0.2887573618336544,0.9209012622517678,0.4847046681088523,1.708005988379193
split_cell_heldout,ridge_drug_fp,"NK cells, IKK Inhibitor VII",0.3094407440699949,0.9277854219602879,0.5198398970310177,1.6742806020669005
split_cell_heldout,ridge_drug_fp,"NK cells, Amiodarone",0.07845989411743295,0.7093651511225018,0.10112166662755312,1.8399388982781733
split_cell_heldout,ridge_drug_fp,"NK cells, Isoniazid",0.06823188053715583,0.6750020795918131,0.17344726183255194,1.8200815040327738
split_cell_heldout,ridge_drug_fp,"NK cells, IMD-0354",0.46711817823184215,1.0549156672109172,0.7149831045378526,1.5580141542089758
split_cell_heldout,ridge_drug_fp,"NK cells, Canertinib",0.2616141699488832,0.7658000581515049,0.49763592941047247,1.6994798674358438
split_cell_heldout,ridge_drug_fp,"NK cells, Idelalisib",0.21403167538092216,0.8519883335284147,0.4087608529747274,1.7466756678586566
split_cell_heldout,ridge_drug_fp,"NK cells, Alogliptin",0.11310436380763277,0.6545267295119811,0.2507218610327163,1.7717612535372738
split_cell_heldout,ridge_drug_fp,"NK cells, Penfluridol",0.13418610409295417,0.7141885020218405,0.25794347519834737,1.7912059499748363
split_cell_heldout,ridge_drug_fp,"NK cells, Quizartinib",0.08257859241713764,0.7091272256470521,0.22091587790711403,1.8130266556856691
split_cell_heldout,ridge_drug_fp,"NK cells, RN-486",0.05171171230931216,0.7305698340823026,0.1549380074720293,1.8632479878018386
split_cell_heldout,ridge_drug_fp,"NK cells, PD-0325901",0.2745154834508376,0.885338783720381,0.4751997171068,1.800378057822777
split_cell_heldout,ridge_drug_fp,"NK cells, Decitabine",0.062074378229319424,0.6606207719959064,0.06510773028479401,1.7790564859004936
split_cell_heldout,ridge_drug_fp,"NK cells, LDN 193189",0.20593785382382118,0.688086514256165,0.4231655433214903,1.712804300016314
split_cell_heldout,ridge_drug_fp,"NK cells, Cabozantinib",0.15482502997354328,0.709977166208526,0.32969176207685946,1.7386026545642583
split_cell_heldout,ridge_drug_fp,"NK cells, Riociguat",0.05433543959821708,0.7087044343486423,0.10946003697520312,1.8621682710498688
split_cell_heldout,ridge_drug_fp,"NK cells, CHIR-99021",0.3206641411553961,0.8829216358039981,0.5605823868367285,1.6213364008779474
split_cell_heldout,ridge_drug_fp,"NK cells, Defactinib",0.20342777985589602,0.7815306202417336,0.367139794415246,1.7603254985542822
split_cell_heldout,ridge_drug_fp,"NK cells, BI-D1870",0.11530273592861237,0.7688689972332791,0.18744622197665545,1.8050098340621332
split_cell_heldout,ridge_drug_fp,"NK cells, AZD3514",0.2504020152983504,0.7502481020308038,0.43637714233804614,1.6786679653594518
split_cell_heldout,ridge_drug_fp,"NK cells, HMN-214",0.29817630772374837,0.6967155187103826,0.43389476697556184,1.652710901232348
split_cell_heldout,ridge_drug_fp,"NK cells, CC-401",0.2970235916477067,0.7814672522666538,0.4846405660221693,1.6709636442547064
split_cell_heldout,ridge_drug_fp,"NK cells, Resminostat",0.6400558500832901,1.2055045855777193,0.8206564785978783,1.4619715839892442
split_cell_heldout,ridge_drug_fp,"NK cells, Crizotinib",0.2707907542868167,0.8262657290139198,0.4624713100781674,1.6825127232139654
split_cell_heldout,ridge_drug_fp,"NK cells, Azacitidine",0.1859344357460269,0.6745037361489842,0.24014845920211927,1.7853279127048858
split_cell_heldout,ridge_drug_fp,"NK cells, TR-14035",0.13559754198216317,0.6766858992090474,0.19998366454507996,1.8457235722030598
split_cell_heldout,ridge_drug_fp,"NK cells, Nilotinib",0.2571182150667313,0.8624684002335129,0.4689534168235968,1.7351370561673374
split_cell_heldout,ridge_drug_fp,"NK cells, AT 7867",0.22362425497159086,0.8436944885111749,0.45843016522973273,1.7626678323417049
split_cell_heldout,ridge_drug_fp,"NK cells, OSI-930",0.16238693375841842,0.6830473479606919,0.3472793283851953,1.758114844873511
split_cell_heldout,ridge_drug_fp,"NK cells, GO-6976",0.2293843501305321,0.8439956440300891,0.41670484517363005,1.784247657449395
split_cell_heldout,ridge_drug_fp,"NK cells, Saracatinib",0.2932935527185264,0.9684021560408612,0.46474199208823874,1.7497657598420138
split_cell_heldout,ridge_drug_fp,"NK cells, RG7112",0.3097783826396524,0.6730679303650392,0.530448107091807,1.6366153378494444
split_cell_heldout,ridge_drug_fp,"NK cells, Lamivudine",0.07439565833723433,0.7274922212425206,0.10667236514602525,1.9055348052562087
split_cell_heldout,ridge_drug_fp,"NK cells, TGX 221",0.2808065647033132,0.8393734112096735,0.4553756224577731,1.7075772508813276
split_cell_heldout,ridge_drug_fp,"NK cells, Pitavastatin Calcium",0.523879308525591,1.250629032434031,0.7080182755038071,1.8884651985688685
split_cell_heldout,ridge_drug_fp,"NK cells, ABT737",0.05232742862615028,0.8620701649785522,0.15337636456763043,1.939379564053361
split_cell_heldout,ridge_drug_fp,"NK cells, PRT-062607",0.3499882475566455,0.9560416677422171,0.60207226618543,1.5778696684503841
split_cell_heldout,ridge_drug_fp,"NK cells, AZ628",0.2627840322704829,0.824285682403571,0.43799551822534855,1.7185438745423651
split_cell_heldout,ridge_drug_fp,"NK cells, AZD-8330",0.3125510534371225,0.8176507167415079,0.5041427397907396,1.694473178521467
split_cell_heldout,ridge_drug_fp,"NK cells, Masitinib",0.1326713979329931,0.7362389746735812,0.12353657143942416,1.8580270656536382
split_cell_heldout,ridge_drug_fp,"NK cells, Ceritinib",0.15663165329435996,0.78280561073744,0.2349231337683452,1.8278346560558423
split_cell_heldout,ridge_drug_fp,"NK cells, CGM-097",0.429383631024566,0.922494743112854,0.6645169796522153,1.5659387422356774
split_cell_heldout,ridge_drug_fp,"NK cells, SLx-2119",0.21401932704216084,0.7285123958193889,0.3812308927481094,1.8405518933044143
split_cell_heldout,ridge_drug_fp,"NK cells, Nefazodone",0.11327555878837896,0.6890190587235004,0.13398639664421505,1.862100365842074
split_cell_heldout,ridge_drug_fp,"NK cells, STK219801",0.21717746867573873,0.6951355459249128,0.3573286480474763,1.7981612261039301
split_cell_heldout,ridge_drug_fp,"NK cells, TPCA-1",0.40120168194809225,0.9625548780900799,0.6363973614454591,1.6254615373283392
split_cell_heldout,ridge_drug_fp,"NK cells, MGCD-265",0.06667725699003914,0.7245283505031885,0.08632170083035244,1.8297915708503694
split_cell_heldout,ridge_drug_fp,"NK cells, GSK-1070916",0.18369470666517396,0.7123558838867114,0.2616230805748612,1.7591640593995324
split_cell_heldout,ridge_drug_fp,"NK cells, Ricolinostat",0.32777998613710363,0.8447868216921682,0.5228942479543678,1.6216932739878755
split_cell_heldout,ridge_drug_fp,"NK cells, Bosutinib",0.36042309831666697,1.0099115915469135,0.5698205057578425,1.6303680825732736
split_cell_heldout,ridge_drug_fp,"NK cells, Clemastine",0.16368477002239745,0.7019427707337225,0.25560086644939667,1.7506562705932043
split_cell_heldout,ridge_drug_fp,"NK cells, YK 4-279",0.14183916176239156,0.7080760366670048,0.3409586115534577,1.7485347452313942
split_cell_heldout,ridge_drug_fp,"NK cells, Buspirone",0.09636899272665793,0.6355997090191267,0.11888702284900027,1.7866796043874582
split_cell_heldout,ridge_drug_fp,"NK cells, Midostaurin",0.28436855944326556,0.8364927220589412,0.4722176741625666,1.656881260948948
split_cell_heldout,ridge_drug_fp,"NK cells, CEP-37440",0.24950991961991575,0.7416896628557681,0.4081558706338445,1.7234455804574165
split_cell_heldout,ridge_drug_fp,"NK cells, GSK256066",0.3496829314477799,0.8840028202334513,0.5705593884105855,1.8077376982894682
split_cell_heldout,ridge_drug_fp,"NK cells, Oxybenzone",0.08309446063910701,0.6565930139749742,0.049977281678151055,1.8376563774935912
split_cell_heldout,ridge_drug_fp,"NK cells, Vandetanib",0.07109604313776112,0.7350625069841831,0.09943977102796045,1.8767337926783545
split_cell_heldout,ridge_drug_fp,"NK cells, Imatinib",0.0846448347454869,0.7103609054821767,0.18933479160047925,1.837554573077741
split_cell_heldout,ridge_drug_fp,"NK cells, SCH-58261",0.099936605591334,0.698441550421045,0.1281236780208172,1.8492343360556363
split_cell_heldout,ridge_drug_fp,"NK cells, Colforsin",0.10675390103064297,0.6970788027838416,0.17116672998333513,1.799564673316641
split_cell_heldout,ridge_drug_fp,"NK cells, Tivantinib",0.18323497548322948,0.781636414535424,0.29747724314262625,1.811273744319282
split_cell_heldout,ridge_drug_fp,"NK cells, Tosedostat",0.30571766843536446,0.79208545723942,0.5267305385646249,1.739943017007874
split_cell_heldout,ridge_drug_fp,"NK cells, Colchicine",0.2248777284556162,1.1380334414743882,0.4540368092191339,1.7406204405087042
split_cell_heldout,ridge_drug_fp,"NK cells, ABT-199 (GDC-0199)",0.04957083893244248,0.7448405072435169,0.15852250395731757,1.8603916412152572
split_cell_heldout,ridge_drug_fp,"NK cells, Mometasone Furoate",0.42425623276168406,1.1742918313499444,0.6775217741085815,1.6735536372783466
split_cell_heldout,ridge_drug_fp,"NK cells, Tipifarnib",0.24102937732588897,0.7511444957719476,0.39704154911956435,1.773288399205354
split_cell_heldout,ridge_drug_fp,"NK cells, BX 912",0.26441490394595824,0.7970177953133547,0.4517071552758612,1.7040662868047587
split_cell_heldout,ridge_drug_fp,"NK cells, Doxorubicin",0.3820521225422447,1.310995275721317,0.6737652477268247,1.6615813747635277
split_cell_heldout,ridge_drug_fp,"NK cells, PF-03814735",0.39973368616847893,1.1075681871435683,0.6357076389038737,1.592932586675076
split_cell_heldout,ridge_drug_fp,"NK cells, AZD4547",0.10270884833542937,0.7059247161227916,0.1996516304769955,1.8194518674520523
split_cell_heldout,ridge_drug_fp,"NK cells, Prednisolone",0.4113383458064629,1.0502129610018054,0.6387346303264874,1.7518764711649275
split_cell_heldout,ridge_drug_fp,"NK cells, Tacalcitol",0.10831527267441855,1.025457307532392,0.09675337608269474,1.9537596630162395
split_cell_heldout,ridge_drug_fp,"NK cells, Selumetinib",0.19836839000816384,0.8284524780720043,0.3600447511864876,1.7929088848641692
split_cell_heldout,ridge_drug_fp,"NK cells, Clotrimazole",0.08014581399616272,0.6981197769882593,0.09509811669220261,1.855242184178785
split_cell_heldout,ridge_drug_fp,"NK cells, RG7090",0.1731822864252072,0.7399255604101612,0.29078968334353306,1.7936755833463727
split_cell_heldout,ridge_drug_fp,"NK cells, GLPG0634",0.25560420316922255,0.8415202032393438,0.456916906350529,1.737874794280811
split_cell_heldout,ridge_drug_fp,"NK cells, Mubritinib (TAK 165)",0.3843801731792218,0.8774452352108699,0.6285291238120794,1.6779641070015465
split_cell_heldout,ridge_drug_fp,"NK cells, Vanoxerine",0.11727739078031997,0.7069584810965586,0.207241811015617,1.7667147138341786
split_cell_heldout,ridge_drug_fp,"NK cells, SB525334",0.2884170282937093,0.8157035627313455,0.4932852916728335,1.696123687960759
split_cell_heldout,ridge_drug_fp,"NK cells, HYDROXYUREA",0.0642459196636377,0.6880059526707049,0.12383197109086676,1.7936592531861917
split_cell_heldout,ridge_cell_drug_fp,"NK cells, TIE2 Kinase Inhibitor",0.11136667678929354,0.657360918449417,0.12870183976166766,1.7918398174545362
split_cell_heldout,ridge_cell_drug_fp,"NK cells, MK-5108",0.16335041631535738,0.6906069082928257,0.2851330128039233,1.8138610996640299
split_cell_heldout,ridge_cell_drug_fp,"NK cells, Lapatinib",0.15719311924807197,0.7298476000300028,0.3571630044393167,1.7442547394025893
split_cell_heldout,ridge_cell_drug_fp,"NK cells, Atorvastatin",0.15495958886596986,0.6969691718151513,0.28725358155182446,1.7145355100195168
split_cell_heldout,ridge_cell_drug_fp,"NK cells, Ganetespib (STA-9090)",0.5635837865089266,1.1735036986678833,0.790206797161924,1.4774784180399498
split_cell_heldout,ridge_cell_drug_fp,"NK cells, Clomipramine",0.18075612509408903,0.6561299404213609,0.2966790559091415,1.7194905441979584
split_cell_heldout,ridge_cell_drug_fp,"NK cells, Sunitinib",0.20788346552683562,0.7226414921483427,0.37778862529267015,1.6712403948085215
split_cell_heldout,ridge_cell_drug_fp,"NK cells, Tivozanib",0.1523799134074029,0.7310429916082971,0.2528656486864314,1.7864624803188416
split_cell_heldout,ridge_cell_drug_fp,"NK cells, Tamatinib",0.4032449376671836,0.9712073445663926,0.6095574953212092,1.6010121696339128
split_cell_heldout,ridge_cell_drug_fp,"NK cells, Ixabepilone",0.12663814391856926,0.6819263974633629,0.29381235208068646,1.7889943805102382
split_cell_heldout,ridge_cell_drug_fp,"NK cells, Linagliptin",0.07790309181651718,0.6821669440427982,0.18885384862294008,1.7633193024846536
split_cell_heldout,ridge_cell_drug_fp,"NK cells, 5-(9-Isopropyl-8-methyl-2-morpholino-9H-purin-6-yl)pyrimidin-2-amine",0.48307111435094524,1.0620191649208781,0.7008510837246323,1.552507827789779
split_cell_heldout,ridge_cell_drug_fp,"NK cells, O-Demethylated Adapalene",0.10426821439162567,0.727691232627155,0.13123236935153978,1.7926097371334722
split_cell_heldout,ridge_cell_drug_fp,"NK cells, Protriptyline",0.07397656291680295,0.6494918245516589,0.13918079299884567,1.7829645719898786
split_cell_heldout,ridge_cell_drug_fp,"NK cells, I-BET151",0.5361315180467966,1.1498338457399495,0.7606184345224892,1.521175926817375
split_cell_heldout,ridge_cell_drug_fp,"NK cells, Foretinib",0.34836378063672896,0.8330796070721637,0.5550639271246521,1.6839963322889304
split_cell_heldout,ridge_cell_drug_fp,"NK cells, GW843682X",0.15822466103500374,0.7028966842318605,0.3018249016783232,1.7845531744491503
split_cell_heldout,ridge_cell_drug_fp,"NK cells, BMS-387032",0.33313435994129714,1.083012504801414,0.5719208924438266,1.716092746760402
split_cell_heldout,ridge_cell_drug_fp,"NK cells, IN1451",0.6332509514564009,1.367531288540211,0.8563915932099223,1.2741803065115855
split_cell_heldout,ridge_cell_drug_fp,"NK cells, Raloxifene",0.20462223880854427,0.8008201509395585,0.43214415545291457,1.8015185400515163
split_cell_heldout,ridge_cell_drug_fp,"NK cells, Topotecan",0.4024518634192408,0.8738058700845,0.6559053454582947,1.5725005468151443
split_cell_heldout,ridge_cell_drug_fp,"NK cells, BAY 87-2243",0.5094268233319604,0.8971683699573435,0.7314125260920439,1.5391188555807127
split_cell_heldout,ridge_cell_drug_fp,"NK cells, Phenylbutazone",0.13629972890745143,0.6796114440916676,0.19817130427878413,1.8233607359161024
split_cell_heldout,ridge_cell_drug_fp,"NK cells, K-02288",0.05515926386547582,0.7158767533781595,0.08323863500950875,1.8235853355993294
split_cell_heldout,ridge_cell_drug_fp,"NK cells, BMS-777607",0.08914081271484871,0.7334639350821331,0.17892384007307094,1.7786622433215182
split_cell_heldout,ridge_cell_drug_fp,"NK cells, Porcn Inhibitor III",0.17682207528730887,0.8008411750290931,0.37267380393482763,1.8602330597699963
split_cell_heldout,ridge_cell_drug_fp,"NK cells, TL_HRAS26",0.11513682361648678,0.6651224716110362,0.22492388551455728,1.8231664459494565
split_cell_heldout,ridge_cell_drug_fp,"NK cells, Proscillaridin A;Proscillaridin-A",0.778130028452385,1.4829031706890818,0.8855700730252697,1.4871033356524814
split_cell_heldout,ridge_cell_drug_fp,"NK cells, Vorinostat",0.6326115257522559,1.10955546928708,0.8167655219398788,1.457351950338702
split_cell_heldout,ridge_cell_drug_fp,"NK cells, BMS-265246",0.4957867551906113,0.9420968256038035,0.7750461749207858,1.3867144184236349
split_cell_heldout,ridge_cell_drug_fp,"NK cells, Ruxolitinib",0.26330235186079914,0.9536029953507756,0.47991512166083805,1.7022837045918255
split_cell_heldout,ridge_cell_drug_fp,"NK cells, Pomalidomide",0.3818343042089163,0.8566100493801407,0.6232432557371642,1.6888058187753836
split_cell_heldout,ridge_cell_drug_fp,"NK cells, Dovitinib",0.2626184996657848,0.803809145155901,0.4404475022222125,1.7797074699100364
split_cell_heldout,ridge_cell_drug_fp,"NK cells, AVL-292",0.26386538266252685,0.78634198791456,0.4728282143329824,1.7114170354854923
split_cell_heldout,ridge_cell_drug_fp,"NK cells, Navitoclax",0.1658402879374878,0.7717638641492279,0.30841324216356997,1.8605963171678206
split_cell_heldout,ridge_cell_drug_fp,"NK cells, Methotrexate",0.09230853022427371,0.7347484345047783,0.10625145437825206,1.8964498395997345
split_cell_heldout,ridge_cell_drug_fp,"NK cells, Palbociclib",0.14442250593774075,0.7073716038165779,0.2862103663931848,1.7353462262918522
split_cell_heldout,ridge_cell_drug_fp,"NK cells, Trametinib",0.23501078114033686,0.851938510795206,0.44892732357462306,1.7144010614369989
split_cell_heldout,ridge_cell_drug_fp,"NK cells, AMD-070 (hydrochloride)",0.056718173172293225,0.7174924597534309,0.08022719120399835,1.8557205658124296
split_cell_heldout,ridge_cell_drug_fp,"NK cells, Sgc-cbp30",0.26090411615501,0.754079488533757,0.44690581077815356,1.6916455226107905
split_cell_heldout,ridge_cell_drug_fp,"NK cells, FK 866",0.2556157885807469,0.8547806867123284,0.4640192676017558,1.7391358530009202
split_cell_heldout,ridge_cell_drug_fp,"NK cells, Chlorpheniramine",0.08572671009569298,0.6928816545296399,0.11434744890964084,1.8835679345341902
split_cell_heldout,ridge_cell_drug_fp,"NK cells, Scriptaid",0.6610516844981836,1.1712227027758972,0.8347920409380913,1.4332848246538084
split_cell_heldout,ridge_cell_drug_fp,"NK cells, BAY 61-3606",0.4858281862423894,1.1852602700016517,0.7292850693392134,1.5695222156197441
split_cell_heldout,ridge_cell_drug_fp,"NK cells, LY2090314",0.5617434679362282,1.1655879481263012,0.7766118301606701,1.6177177091103683
split_cell_heldout,ridge_cell_drug_fp,"NK cells, Vardenafil",0.09015990365149437,0.7161142896586967,0.09978975995271652,1.8699592933961122
split_cell_heldout,ridge_cell_drug_fp,"NK cells, Dasatinib",0.2614326725604295,1.0653553099082012,0.45428408352313565,1.7616577682862742
split_cell_heldout,ridge_cell_drug_fp,"NK cells, AT13387",0.5216037385677764,1.1541272280833017,0.7635504728136356,1.5439935142948404
split_cell_heldout,ridge_cell_drug_fp,"NK cells, PF-04691502",0.3078934648617352,0.9985032940688238,0.5681156805467404,1.6256770295225798
split_cell_heldout,ridge_cell_drug_fp,"NK cells, Perhexiline",0.3519018909899177,0.865217179805794,0.5609839986673473,1.6451823899301035
split_cell_heldout,ridge_cell_drug_fp,"NK cells, RVX-208",0.2916142867710382,0.7611717011246508,0.48557199910774246,1.6255236577458996
split_cell_heldout,ridge_cell_drug_fp,"NK cells, Ketoconazole",0.5198520742720405,0.8498571199043212,0.7092376007025188,1.5080002417085794
split_cell_heldout,ridge_cell_drug_fp,"NK cells, Disulfiram",0.16576407603313534,0.6476532169256118,0.24789770239011855,1.7917232054713683
split_cell_heldout,ridge_cell_drug_fp,"NK cells, Flutamide",0.12827700069483208,0.705642691687433,0.3209005875228661,1.7672145833747344
split_cell_heldout,ridge_cell_drug_fp,"NK cells, Desloratadine",0.10242439227712029,0.6821938861422057,0.09102458111512822,1.810860634488198
split_cell_heldout,ridge_cell_drug_fp,"NK cells, Dactolisib",0.5636598840375444,1.129991467477568,0.7677577569240003,1.516402084072054
split_cell_heldout,ridge_cell_drug_fp,"NK cells, BMS-536924",0.28879504249409704,0.9208594608070041,0.48483646130644154,1.70782405671215
split_cell_heldout,ridge_cell_drug_fp,"NK cells, IKK Inhibitor VII",0.30941112949194094,0.927827600047618,0.5198097427027317,1.6743110359343343
split_cell_heldout,ridge_cell_drug_fp,"NK cells, Amiodarone",0.07883963284563184,0.7091734990323919,0.10201794620814894,1.8396519612640818
split_cell_heldout,ridge_cell_drug_fp,"NK cells, Isoniazid",0.06825438136743114,0.6750349079158343,0.17352124088124085,1.8200562287952193
split_cell_heldout,ridge_cell_drug_fp,"NK cells, IMD-0354",0.4670977303261925,1.0549451844924136,0.7149863118267279,1.5580108167486513
split_cell_heldout,ridge_cell_drug_fp,"NK cells, Canertinib",0.2581009078618126,0.7666883083869368,0.4981935275855692,1.6999698662481386
split_cell_heldout,ridge_cell_drug_fp,"NK cells, Idelalisib",0.2140222463850361,0.8519837577529118,0.4087504247371023,1.7466862215070524
split_cell_heldout,ridge_cell_drug_fp,"NK cells, Alogliptin",0.11312585668637994,0.6545294933963404,0.2508335155172065,1.771717865502357
split_cell_heldout,ridge_cell_drug_fp,"NK cells, Penfluridol",0.13445302754914548,0.7142097727376617,0.25825171117398255,1.7911225680122798
split_cell_heldout,ridge_cell_drug_fp,"NK cells, Quizartinib",0.08205858940950302,0.7094806606066983,0.2206111791780648,1.8131772842642917
split_cell_heldout,ridge_cell_drug_fp,"NK cells, RN-486",0.05172763806998741,0.7305634638410451,0.15496729437959397,1.8632367126622773
split_cell_heldout,ridge_cell_drug_fp,"NK cells, PD-0325901",0.27461253575807026,0.8851439363698642,0.4752258220370149,1.8003382828481784
split_cell_heldout,ridge_cell_drug_fp,"NK cells, Decitabine",0.06210739926999842,0.6606118078725602,0.06525468454322969,1.779021098084745
split_cell_heldout,ridge_cell_drug_fp,"NK cells, LDN 193189",0.2057745069851577,0.6881597444073487,0.4229505417995808,1.712927712578612
split_cell_heldout,ridge_cell_drug_fp,"NK cells, Cabozantinib",0.15636096205191255,0.7096029337864356,0.3307541347459621,1.7380905521257584
split_cell_heldout,ridge_cell_drug_fp,"NK cells, Riociguat",0.05434533085918774,0.7086951952772501,0.10954892267766626,1.8621496216597437
split_cell_heldout,ridge_cell_drug_fp,"NK cells, CHIR-99021",0.32067530027118446,0.8829476258300947,0.5605902506963709,1.621333230005418
split_cell_heldout,ridge_cell_drug_fp,"NK cells, Defactinib",0.2034449208097106,0.7814981454106178,0.3671289661183178,1.7603290368561189
split_cell_heldout,ridge_cell_drug_fp,"NK cells, BI-D1870",0.1153243072367848,0.7688808107982674,0.18753269750051135,1.8049748669170635
split_cell_heldout,ridge_cell_drug_fp,"NK cells, AZD3514",0.25037420621557716,0.7502777943370991,0.4363534334225437,1.6786988086620205
split_cell_heldout,ridge_cell_drug_fp,"NK cells, HMN-214",0.29814470814268945,0.6966662492980927,0.43384292356955306,1.6527675038709861
split_cell_heldout,ridge_cell_drug_fp,"NK cells, CC-401",0.2970274266716916,0.7814590907847535,0.48459653166327177,1.6710019633629392
split_cell_heldout,ridge_cell_drug_fp,"NK cells, Resminostat",0.6401252643455454,1.205407393209132,0.8207090221805216,1.461782298829654
split_cell_heldout,ridge_cell_drug_fp,"NK cells, Crizotinib",0.27074381264892333,0.8263533506287496,0.4625027143805434,1.682491700189307
split_cell_heldout,ridge_cell_drug_fp,"NK cells, Azacitidine",0.18593732198081606,0.6744946269398584,0.24015418696156055,1.7853359052877626
split_cell_heldout,ridge_cell_drug_fp,"NK cells, TR-14035",0.13573512398130969,0.6766150505284522,0.20007714715884484,1.845647655514049
split_cell_heldout,ridge_cell_drug_fp,"NK cells, Nilotinib",0.25712381162126235,0.8624307731133891,0.46890820322483173,1.7351980326910394
split_cell_heldout,ridge_cell_drug_fp,"NK cells, AT 7867",0.22359785184816627,0.8437250209144613,0.45837968832007026,1.7627050604717276
split_cell_heldout,ridge_cell_drug_fp,"NK cells, OSI-930",0.1625312188779573,0.6830288750428032,0.34760638471950994,1.757984296431186
split_cell_heldout,ridge_cell_drug_fp,"NK cells, GO-6976",0.22948111063930426,0.8437825000137718,0.4168090837186874,1.7842345889796252
split_cell_heldout,ridge_cell_drug_fp,"NK cells, Saracatinib",0.2932805899460849,0.9684756231111078,0.46480942550255394,1.7496732097611332
split_cell_heldout,ridge_cell_drug_fp,"NK cells, RG7112",0.30972576082982184,0.6731076286926173,0.5304535124117161,1.6366145427273548
split_cell_heldout,ridge_cell_drug_fp,"NK cells, Lamivudine",0.07443894456534833,0.7275244907455791,0.10692885054028743,1.9054616805432325
split_cell_heldout,ridge_cell_drug_fp,"NK cells, TGX 221",0.2808145840100971,0.8393753043574691,0.45547281405796264,1.7075054153485476
split_cell_heldout,ridge_cell_drug_fp,"NK cells, Pitavastatin Calcium",0.5238691036081906,1.2506473262342044,0.708001600892611,1.8884981097075573
split_cell_heldout,ridge_cell_drug_fp,"NK cells, ABT737",0.05229840064864257,0.8620838721892404,0.1533150987264999,1.93941021852761
split_cell_heldout,ridge_cell_drug_fp,"NK cells, PRT-062607",0.35003499707494223,0.955917051595825,0.6020605645139047,1.5778950038302775
split_cell_heldout,ridge_cell_drug_fp,"NK cells, AZ628",0.2627803422954206,0.8243321007963694,0.4380686379083313,1.7184792956084132
split_cell_heldout,ridge_cell_drug_fp,"NK cells, AZD-8330",0.3125461236925397,0.8176635953295017,0.504172107774779,1.6944568878121757
split_cell_heldout,ridge_cell_drug_fp,"NK cells, Masitinib",0.1326247005560858,0.7362704341318329,0.1233115335142801,1.8581133260941745
split_cell_heldout,ridge_cell_drug_fp,"NK cells, Ceritinib",0.15669714580260669,0.7827694165451227,0.23501609275581375,1.8277821735618274
split_cell_heldout,ridge_cell_drug_fp,"NK cells, CGM-097",0.42936303094702505,0.92253324628415,0.6645501099408831,1.5658839204666009
split_cell_heldout,ridge_cell_drug_fp,"NK cells, SLx-2119",0.21414873664068415,0.7284602028451065,0.38144854809724105,1.8404398406109013
split_cell_heldout,ridge_cell_drug_fp,"NK cells, Nefazodone",0.1134312911813957,0.6889214706451751,0.13394599903625443,1.8620595030291933
split_cell_heldout,ridge_cell_drug_fp,"NK cells, STK219801",0.2171329125764022,0.6951530008547203,0.357284474299959,1.7981917343216132
split_cell_heldout,ridge_cell_drug_fp,"NK cells, TPCA-1",0.40110165986556684,0.9626962727177953,0.636315860123931,1.6255635469999783
split_cell_heldout,ridge_cell_drug_fp,"NK cells, MGCD-265",0.0664919451880799,0.7245691103681362,0.08645221784089585,1.8297707898001967
split_cell_heldout,ridge_cell_drug_fp,"NK cells, GSK-1070916",0.18369098075761597,0.7123419847327358,0.26158862731999527,1.7591829205812497
split_cell_heldout,ridge_cell_drug_fp,"NK cells, Ricolinostat",0.3278368240470685,0.8447811747694387,0.522989835526706,1.6215765962401087
split_cell_heldout,ridge_cell_drug_fp,"NK cells, Bosutinib",0.359967796443914,1.0106246775216758,0.5695425974900008,1.6306605038012754
split_cell_heldout,ridge_cell_drug_fp,"NK cells, Clemastine",0.16366203259908346,0.7019915798274254,0.25570907125996384,1.7506247519790006
split_cell_heldout,ridge_cell_drug_fp,"NK cells, YK 4-279",0.14183149592831895,0.7080758539502503,0.3409659752145791,1.7485344254285584
split_cell_heldout,ridge_cell_drug_fp,"NK cells, Buspirone",0.09636441860489274,0.6355797440656155,0.11882577038667583,1.7866953345009169
split_cell_heldout,ridge_cell_drug_fp,"NK cells, Midostaurin",0.2842821583872952,0.8365685242936017,0.47218894188017435,1.656933371456046
split_cell_heldout,ridge_cell_drug_fp,"NK cells, CEP-37440",0.24960682331365047,0.7416411723404163,0.4083362355270884,1.7233451579194483
split_cell_heldout,ridge_cell_drug_fp,"NK cells, GSK256066",0.3496943895766701,0.883992041514723,0.5705622133208889,1.8077304670781493
split_cell_heldout,ridge_cell_drug_fp,"NK cells, Oxybenzone",0.08310036210418634,0.6565567345438057,0.04969576322602673,1.8377699832824663
split_cell_heldout,ridge_cell_drug_fp,"NK cells, Vandetanib",0.07110783438695978,0.7350671724677886,0.09957708281674038,1.8766981308453576
split_cell_heldout,ridge_cell_drug_fp,"NK cells, Imatinib",0.08463549996646796,0.7103563782602013,0.18913547844920703,1.837636881850048
split_cell_heldout,ridge_cell_drug_fp,"NK cells, SCH-58261",0.09989279073015049,0.6984450613566622,0.1280460163706158,1.8492590610828705
split_cell_heldout,ridge_cell_drug_fp,"NK cells, Colforsin",0.10677277490909437,0.6970825929228686,0.1712200402393106,1.79954628557386
split_cell_heldout,ridge_cell_drug_fp,"NK cells, Tivantinib",0.18329540023437735,0.781594217689712,0.2976663886658317,1.8111630690927782
split_cell_heldout,ridge_cell_drug_fp,"NK cells, Tosedostat",0.3056229662154005,0.7921031934814375,0.5267317115350131,1.7399724624161765
split_cell_heldout,ridge_cell_drug_fp,"NK cells, Colchicine",0.2248734050785212,1.1381083515880772,0.4540354560345244,1.7406360420437093
split_cell_heldout,ridge_cell_drug_fp,"NK cells, ABT-199 (GDC-0199)",0.04957977587191101,0.7448384003021851,0.1585415511581469,1.8603784101356544
split_cell_heldout,ridge_cell_drug_fp,"NK cells, Mometasone Furoate",0.4242078573142917,1.1744076924229634,0.6774891001084076,1.6736324956863184
split_cell_heldout,ridge_cell_drug_fp,"NK cells, Tipifarnib",0.24109429293513232,0.7511471055100784,0.3972822522992666,1.7731412521058187
split_cell_heldout,ridge_cell_drug_fp,"NK cells, BX 912",0.26440225967326336,0.7970380256690811,0.45174055006408703,1.7040381938618716
split_cell_heldout,ridge_cell_drug_fp,"NK cells, Doxorubicin",0.3820159693239279,1.3110101988510499,0.6737197377617288,1.6616226932404858
split_cell_heldout,ridge_cell_drug_fp,"NK cells, PF-03814735",0.39972055445773574,1.1076222536754488,0.6357051440536039,1.5929373577420758
split_cell_heldout,ridge_cell_drug_fp,"NK cells, AZD4547",0.10263266918356738,0.7059303400182667,0.19947199572917243,1.8195117431557069
split_cell_heldout,ridge_cell_drug_fp,"NK cells, Prednisolone",0.4111539645607002,1.0504614412589772,0.6386003141120091,1.752070757325467
split_cell_heldout,ridge_cell_drug_fp,"NK cells, Tacalcitol",0.10834327877076354,1.025364372326111,0.09688442621209715,1.9536320862867087
split_cell_heldout,ridge_cell_drug_fp,"NK cells, Selumetinib",0.19835805863407857,0.8285105368890887,0.360113598024874,1.7928562310806377
split_cell_heldout,ridge_cell_drug_fp,"NK cells, Clotrimazole",0.08006257291591537,0.6981778259194003,0.0949388340052889,1.855301943423872
split_cell_heldout,ridge_cell_drug_fp,"NK cells, RG7090",0.17316054498030622,0.7398971355685823,0.290859376458957,1.7936386980165533
split_cell_heldout,ridge_cell_drug_fp,"NK cells, GLPG0634",0.25551873728630475,0.8416295363941285,0.45688370015623303,1.737929830967537
split_cell_heldout,ridge_cell_drug_fp,"NK cells, Mubritinib (TAK 165)",0.3843340568996017,0.8774979159716122,0.6285186008679116,1.6779778120075168
split_cell_heldout,ridge_cell_drug_fp,"NK cells, Vanoxerine",0.11731961533048471,0.706936870437014,0.20722088919255466,1.7667341642277583
split_cell_heldout,ridge_cell_drug_fp,"NK cells, SB525334",0.28842708321942195,0.8156505201022336,0.49321885015878475,1.6962009117169454
split_cell_heldout,ridge_cell_drug_fp,"NK cells, HYDROXYUREA",0.06425461816243129,0.6880097059294781,0.12387882663057843,1.7936443991980124
split_scaffold_heldout,ridge_cell,"B cells, 5-(9-Isopropyl-8-methyl-2-morpholino-9H-purin-6-yl)pyrimidin-2-amine",0.7066083102043426,1.197669677720985,0.8311269493548195,2.208734122522009
split_scaffold_heldout,ridge_cell,"Myeloid cells, 5-(9-Isopropyl-8-methyl-2-morpholino-9H-purin-6-yl)pyrimidin-2-amine",0.44404676573977503,1.5079645049656016,0.5917196307864878,2.6017389805047437
split_scaffold_heldout,ridge_cell,"NK cells, 5-(9-Isopropyl-8-methyl-2-morpholino-9H-purin-6-yl)pyrimidin-2-amine",0.4851621112446189,0.825138952129675,0.7366389318191517,1.944632375002904
split_scaffold_heldout,ridge_cell,"T cells, 5-(9-Isopropyl-8-methyl-2-morpholino-9H-purin-6-yl)pyrimidin-2-amine",0.7106560225960074,1.2626283423759357,0.8328317356152274,2.2561459649066484
split_scaffold_heldout,ridge_cell,"B cells, BAY 87-2243",0.605085811952825,0.8681808895066849,0.7913107060015756,1.9448125287096574
split_scaffold_heldout,ridge_cell,"Myeloid cells, BAY 87-2243",0.45872030735722585,1.3348192869090663,0.5953890738666863,2.404059146565798
split_scaffold_heldout,ridge_cell,"NK cells, BAY 87-2243",0.2922799424995994,0.9101508670844166,0.447090845603906,2.195642817438815
split_scaffold_heldout,ridge_cell,"T cells, BAY 87-2243",0.5155596245859225,1.1855473112517532,0.6683545298336938,2.2490467118999247
split_scaffold_heldout,ridge_cell,"B cells, Porcn Inhibitor III",0.01765314191338777,0.6491087143599429,0.11316704557514472,1.7630596577820372
split_scaffold_heldout,ridge_cell,"Myeloid cells, Porcn Inhibitor III",-0.11310985920353293,1.2620115911544882,-0.12647993391991846,2.613161659712981
split_scaffold_heldout,ridge_cell,"NK cells, Porcn Inhibitor III",0.10323077614915446,0.7346836289308408,0.2086515547996662,1.956103195108793
split_scaffold_heldout,ridge_cell,"T cells, Porcn Inhibitor III",-0.14629459783616888,0.7428214888248371,-0.2135902965223086,1.8475310309618989
split_scaffold_heldout,ridge_cell,"NK cells, Vorinostat",0.3015662922696161,1.209254737229158,0.49466961230811785,2.406770563329808
split_scaffold_heldout,ridge_cell,"T cells, Vorinostat",0.4646870746144238,2.087406184564205,0.555031536897565,2.954203832634247
split_scaffold_heldout,ridge_cell,"NK cells, Ruxolitinib",0.41722304268066124,0.6883633233491726,0.6605809837366027,1.7421552265371698
split_scaffold_heldout,ridge_cell,"T cells, Ruxolitinib",0.6709298869829128,0.8082838137955134,0.8515043556628853,1.7661969611331008
split_scaffold_heldout,ridge_cell,"B cells, Navitoclax",-0.22919285837497175,0.9849008104824227,-0.4255394262492502,2.344498788178191
split_scaffold_heldout,ridge_cell,"Myeloid cells, Navitoclax",-0.2893813994304812,1.0100770910216768,-0.46400845594267126,2.3234240320788566
split_scaffold_heldout,ridge_cell,"NK cells, Navitoclax",0.02521319951794157,0.720129396779449,0.04029562726146678,1.9469876712344243
split_scaffold_heldout,ridge_cell,"T cells, Navitoclax",-0.013691328250019568,0.6244022162349915,0.4560187879345583,1.7381347067246573
split_scaffold_heldout,ridge_cell,"B cells, Methotrexate",-0.25204871330813733,0.7881949640694251,-0.49811687572241914,2.042277051330632
split_scaffold_heldout,ridge_cell,"Myeloid cells, Methotrexate",0.12133885975757033,0.9391778827190188,0.2359384974944669,2.093829616164493
split_scaffold_heldout,ridge_cell,"NK cells, Methotrexate",-0.026796151968856863,0.6695719290105948,-0.03915478296224974,1.8989429498053079
split_scaffold_heldout,ridge_cell,"T cells, Methotrexate",-0.1670215038427678,0.7217803318844511,-0.49888373923437584,2.285602569072824
split_scaffold_heldout,ridge_cell,"B cells, FK 866",0.3763122219684422,0.7088882695327675,0.6138244925722873,1.7861470467548526
split_scaffold_heldout,ridge_cell,"Myeloid cells, FK 866",0.3708376122640081,1.095767289819383,0.5721355177263069,2.1975923103611743
split_scaffold_heldout,ridge_cell,"NK cells, FK 866",0.20920113923296005,0.7259334777073184,0.41601993562041856,1.8632781432469676
split_scaffold_heldout,ridge_cell,"T cells, FK 866",0.2299144633339797,0.9629847279170196,0.42743573347187436,2.1320058909780384
split_scaffold_heldout,ridge_cell,"NK cells, LY2090314",0.00013123516410580322,1.2453860757675208,-0.04320097795286105,2.601521799651466
split_scaffold_heldout,ridge_cell,"T cells, LY2090314",-0.025708984332321074,2.471868612352322,-0.03546862580679905,3.332317960276365
split_scaffold_heldout,ridge_cell,"B cells, PF-04691502",0.6600972503831759,0.9971399360738178,0.8186036976657609,2.049015791224843
split_scaffold_heldout,ridge_cell,"NK cells, PF-04691502",0.38314824632040667,0.7348411186281686,0.6461489763589007,1.784776502990143
split_scaffold_heldout,ridge_cell,"T cells, PF-04691502",0.5938170942360609,0.998973408124263,0.7728516737578028,2.1101368740043136
split_scaffold_heldout,ridge_cell,"NK cells, Perhexiline",0.4243019675744947,0.742132817160015,0.6489265930028084,1.7883035247261672
split_scaffold_heldout,ridge_cell,"T cells, Perhexiline",0.6546261320468744,0.8532033995080739,0.834760587523778,1.9074594215012777
split_scaffold_heldout,ridge_cell,"NK cells, RVX-208",0.19919104375986868,0.6798038165921692,0.29300893631505376,1.8532456574303489
split_scaffold_heldout,ridge_cell,"T cells, RVX-208",0.4171579453997067,0.7819324947975469,0.5988920502260852,1.8887929111088133
split_scaffold_heldout,ridge_cell,"NK cells, Flutamide",0.2758696757361676,0.6465524692664855,0.5048083422218542,1.7253470959462684
split_scaffold_heldout,ridge_cell,"T cells, Flutamide",0.08965979895388389,0.5827507108673785,0.43689547489635755,1.6091199886281875
split_scaffold_heldout,ridge_cell,"B cells, PD-0325901",0.5805747213322257,0.7039344297624454,0.8062807096283343,1.763740719472122
split_scaffold_heldout,ridge_cell,"Myeloid cells, PD-0325901",0.551346888429633,1.2408383206800677,0.7329855871836763,2.299949087200714
split_scaffold_heldout,ridge_cell,"NK cells, PD-0325901",0.3329218003524417,0.7442769708471113,0.5466804732285155,1.8908068690518538
split_scaffold_heldout,ridge_cell,"T cells, PD-0325901",0.5720717159344317,0.7631350402358024,0.766089703834496,1.8327173341103566
split_scaffold_heldout,ridge_cell,"NK cells, Defactinib",0.2469467943358417,0.6394034779211972,0.5393953892206325,1.76346522777656
split_scaffold_heldout,ridge_cell,"T cells, Defactinib",0.28894122733519984,0.736833153572475,0.5117467160499365,1.939916812482526
split_scaffold_heldout,ridge_cell,"B cells, BI-D1870",0.24455141472377612,0.6216050244923061,0.43744361323603037,1.682437092105942
split_scaffold_heldout,ridge_cell,"Myeloid cells, BI-D1870",0.27918764233417276,0.845822389017217,0.521996841094512,1.9509238857473536
split_scaffold_heldout,ridge_cell,"NK cells, BI-D1870",0.1879809770040307,0.6908776905485783,0.41043089990947806,1.7509188816181191
split_scaffold_heldout,ridge_cell,"T cells, BI-D1870",0.11692506003141354,0.6207896803591623,0.2453867638534227,1.6564659307252771
split_scaffold_heldout,ridge_cell,"NK cells, AZD3514",0.2587117955271941,0.6451201997948133,0.441091776628882,1.7634721658787782
split_scaffold_heldout,ridge_cell,"T cells, AZD3514",0.3728952417953037,0.7297121236457189,0.5522506780807556,1.8624329125541965
split_scaffold_heldout,ridge_cell,"NK cells, Saracatinib",0.3358687885616571,0.7057772142863502,0.5846521056354851,1.826559582297496
split_scaffold_heldout,ridge_cell,"T cells, Saracatinib",0.6691648816729622,0.7309787646038021,0.8586600175455913,1.634784362739612
split_scaffold_heldout,ridge_cell,"B cells, Pitavastatin Calcium",-0.12051450347250389,1.1666843024966322,-0.15953152038147633,2.4698917929676174
split_scaffold_heldout,ridge_cell,"Myeloid cells, Pitavastatin Calcium",-0.01824031097604425,2.3607122724341854,-0.011244719617693001,3.238535276217643
split_scaffold_heldout,ridge_cell,"NK cells, Pitavastatin Calcium",-0.0004934514858813087,1.395278342410287,0.03700823146139485,2.6569276242909505
split_scaffold_heldout,ridge_cell,"T cells, Pitavastatin Calcium",-0.1452427882847952,1.6517513635718666,-0.20112646281830301,2.8939206549309424
split_scaffold_heldout,ridge_cell,"B cells, ABT737",-0.08009770257343173,1.0149802742518559,-0.13687182094747438,2.2281775502180685
split_scaffold_heldout,ridge_cell,"Myeloid cells, ABT737",0.060312788575754846,0.9755027348007448,0.21289593995234432,2.2124601820938663
split_scaffold_heldout,ridge_cell,"NK cells, ABT737",0.20735393029058322,0.7099636926923247,0.37275193461465783,1.8594948942633083
split_scaffold_heldout,ridge_cell,"T cells, ABT737",0.173705077760017,0.6153321966328884,0.566390322393171,1.743854278304476
split_scaffold_heldout,ridge_cell,"NK cells, AZD-8330",0.4590271827339591,0.693431766849003,0.7057836662362411,1.729708948419367
split_scaffold_heldout,ridge_cell,"T cells, AZD-8330",0.6656768371696854,0.6458690864806852,0.8794501968885063,1.5406998899489774
split_scaffold_heldout,ridge_cell,"NK cells, GSK-1070916",0.1972653497132811,0.6321736673459539,0.42369605432481544,1.7401361890478202
split_scaffold_heldout,ridge_cell,"T cells, GSK-1070916",0.44127833165685665,0.5396407144879501,0.6905936046981006,1.4933133849849778
split_scaffold_heldout,ridge_cell,"NK cells, GSK256066",0.3822732490359736,0.8408063418133316,0.6213766789618606,1.9989875498840783
split_scaffold_heldout,ridge_cell,"T cells, GSK256066",0.3924029918859023,0.7073048706678787,0.6979583231849634,2.0002830918602794
split_scaffold_heldout,ridge_cell,"B cells, Oxybenzone",0.252345105282626,0.557807242221902,0.4513282130643697,1.6165053728069287
split_scaffold_heldout,ridge_cell,"Myeloid cells, Oxybenzone",0.24919463289311136,0.5543399709839018,0.581802046321401,1.5019308071624826
split_scaffold_heldout,ridge_cell,"NK cells, Oxybenzone",0.23984416904693912,0.6080310626114316,0.4174856880286097,1.7228009121471515
split_scaffold_heldout,ridge_cell,"T cells, Oxybenzone",0.2964660207969282,0.4900900944144876,0.502459694304035,1.452063212641137
split_scaffold_heldout,ridge_cell,"NK cells, Imatinib",0.24396641979159006,0.6454068956120186,0.4581352655541389,1.7709946668466447
split_scaffold_heldout,ridge_cell,"T cells, Imatinib",0.2890982156187158,0.5092605453783338,0.4531360601585984,1.4235638306216305
split_scaffold_heldout,ridge_cell,"NK cells, Colforsin",0.15281321542850915,0.6419998982080222,0.2230489886823176,1.7963605891709042
split_scaffold_heldout,ridge_cell,"T cells, Colforsin",0.346980254945572,0.5310556830477992,0.5374051650477173,1.4087491762576905
split_scaffold_heldout,ridge_cell,"B cells, RG7090",0.17016260520790663,0.6297232856557504,0.3799956349874118,1.689646672479328
split_scaffold_heldout,ridge_cell,"Myeloid cells, RG7090",0.1109740803198281,0.8760812575978904,0.2069504366500774,2.0542784715091824
split_scaffold_heldout,ridge_cell,"NK cells, RG7090",0.16354201782982308,0.6634344525065421,0.3807581207509246,1.7993048737105581
split_scaffold_heldout,ridge_cell,"T cells, RG7090",-0.03740252183428879,0.8625799916594062,-0.03172390127189902,2.10188660047991
split_scaffold_heldout,ridge_cell,"NK cells, Mubritinib (TAK 165)",0.3088137543195746,0.811107308285059,0.5390337373730137,2.0015761924441215
split_scaffold_heldout,ridge_cell,"T cells, Mubritinib (TAK 165)",0.4240778515466471,1.07374146056219,0.6163968742485026,2.2489123302821947
split_scaffold_heldout,ridge_cell,"B cells, Vorinostat",0.4182073043439091,1.5474771623392876,0.555980355536394,2.5853046491130645
split_scaffold_heldout,ridge_cell,"Myeloid cells, Vorinostat",0.41761930495601796,1.7727139179839793,0.5497736224792726,2.7705768048368435
split_scaffold_heldout,ridge_cell,"B cells, Ruxolitinib",0.6487694741061699,0.8236521583816067,0.832170061266734,1.8427378369366758
split_scaffold_heldout,ridge_cell,"Myeloid cells, Ruxolitinib",0.6682237078371314,1.3073040493402206,0.8175575143403268,2.368065619096844
split_scaffold_heldout,ridge_cell,"B cells, LY2090314",0.012324015797560504,1.1870826345755296,0.025717870011523467,2.4714853817824105
split_scaffold_heldout,ridge_cell,"Myeloid cells, LY2090314",0.34249173959388585,2.0589067522638125,0.4424611566405851,2.9743214765716983
split_scaffold_heldout,ridge_cell,"B cells, Perhexiline",0.6945075346032591,0.9022616294347067,0.8535195775322085,1.8778444895113675
split_scaffold_heldout,ridge_cell,"Myeloid cells, Perhexiline",0.5445642198583279,0.8305001369148695,0.7564554151115028,1.865477421563458
split_scaffold_heldout,ridge_cell,"B cells, RVX-208",0.38955077998596815,0.7040130098939037,0.6037071947591508,1.7530287539089995
split_scaffold_heldout,ridge_cell,"Myeloid cells, RVX-208",0.23174007300505473,0.8961417694834585,0.38978921479849815,2.0500068553616657
split_scaffold_heldout,ridge_cell,"B cells, Flutamide",0.14723721950371482,0.6005701830396862,0.3345257933150786,1.7166210519376515
split_scaffold_heldout,ridge_cell,"Myeloid cells, Flutamide",0.3048202276101231,0.5970728724613399,0.5804674990203912,1.602303007819635
split_scaffold_heldout,ridge_cell,"B cells, Defactinib",0.45894695179937917,0.6652719914208344,0.7076346771060504,1.6217405353761676
split_scaffold_heldout,ridge_cell,"Myeloid cells, Defactinib",0.600286097068,0.901573540832238,0.7966024004221789,1.8953320083528602
split_scaffold_heldout,ridge_cell,"B cells, AZD3514",0.3164232473527384,0.6968065437546451,0.48953548755587095,1.8017631630746047
split_scaffold_heldout,ridge_cell,"Myeloid cells, AZD3514",0.39320034970522766,0.7835962022626939,0.649774846092336,1.8471205596224405
split_scaffold_heldout,ridge_cell,"B cells, Saracatinib",0.7092077745643162,0.9254364386996538,0.8651473120443345,1.9738141000966902
split_scaffold_heldout,ridge_cell,"Myeloid cells, Saracatinib",0.6388567747428102,1.3022302854851815,0.7934669285145173,2.2844273892795846
split_scaffold_heldout,ridge_cell,"B cells, AZD-8330",0.6361461783364267,0.6624777906547881,0.8473654144722391,1.6438388339715877
split_scaffold_heldout,ridge_cell,"Myeloid cells, AZD-8330",0.5190793052276075,1.0249994685046964,0.7451956627378918,2.122238597590115
split_scaffold_heldout,ridge_cell,"B cells, GSK-1070916",0.4241909551561365,0.5651706303617384,0.6620506741760479,1.5070406762961222
split_scaffold_heldout,ridge_cell,"Myeloid cells, GSK-1070916",0.19902399567090026,0.8001552141102745,0.4220896247894378,1.8520390270625058
split_scaffold_heldout,ridge_cell,"B cells, GSK256066",0.40883572421843456,0.8125333501768187,0.6740333093030053,1.992150097546501
split_scaffold_heldout,ridge_cell,"Myeloid cells, GSK256066",0.15529887634429948,1.0941782229196244,0.26863770210582505,2.373973447085003
split_scaffold_heldout,ridge_cell,"B cells, Imatinib",0.17870105666206135,0.5759000484661868,0.4252869303397915,1.6623023121492786
split_scaffold_heldout,ridge_cell,"Myeloid cells, Imatinib",0.1906273672894481,0.5626120042190798,0.517940558931115,1.5172928252589577
split_scaffold_heldout,ridge_cell,"B cells, Colforsin",0.28302595247877765,0.5720616284944012,0.4222255305437533,1.6005495147008904
split_scaffold_heldout,ridge_cell,"Myeloid cells, Colforsin",0.24369920623112978,0.671739494324492,0.5067671252212989,1.7925224939833397
split_scaffold_heldout,ridge_cell,"B cells, Mubritinib (TAK 165)",0.4715134911984906,0.7657421538444701,0.7059583635622424,1.831766846625239
split_scaffold_heldout,ridge_cell,"Myeloid cells, Mubritinib (TAK 165)",0.22142143966372607,1.135161843435466,0.355177069094268,2.3313839625082613
split_scaffold_heldout,ridge_drug_fp,"B cells, 5-(9-Isopropyl-8-methyl-2-morpholino-9H-purin-6-yl)pyrimidin-2-amine",0.6313394336641879,1.1926811998760394,0.7769706891002092,2.1845129155135625
split_scaffold_heldout,ridge_drug_fp,"Myeloid cells, 5-(9-Isopropyl-8-methyl-2-morpholino-9H-purin-6-yl)pyrimidin-2-amine",0.45314585849391725,1.495042657454887,0.6080162605243246,2.5688895594377845
split_scaffold_heldout,ridge_drug_fp,"NK cells, 5-(9-Isopropyl-8-methyl-2-morpholino-9H-purin-6-yl)pyrimidin-2-amine",0.417208498638073,0.8249128942678996,0.649267288941461,1.8446777300396662
split_scaffold_heldout,ridge_drug_fp,"T cells, 5-(9-Isopropyl-8-methyl-2-morpholino-9H-purin-6-yl)pyrimidin-2-amine",0.669324439843061,1.2418080312270783,0.8089504621681243,2.205396923018965
split_scaffold_heldout,ridge_drug_fp,"B cells, BAY 87-2243",0.1371247315410631,1.0277224624201537,0.318342133638131,2.2750446906913675
split_scaffold_heldout,ridge_drug_fp,"Myeloid cells, BAY 87-2243",-0.06719380798322196,1.5129755705419905,-0.10577954446065621,2.715931401562205
split_scaffold_heldout,ridge_drug_fp,"NK cells, BAY 87-2243",0.03988859926655845,0.9866773581597776,0.09411021164487414,2.3219996894244126
split_scaffold_heldout,ridge_drug_fp,"T cells, BAY 87-2243",0.09409145524802999,1.326767037250065,0.17094288563511484,2.5042726091960947
split_scaffold_heldout,ridge_drug_fp,"B cells, Porcn Inhibitor III",-0.04753245870057109,0.7716964315477296,-0.007922802587922483,1.831424230224832
split_scaffold_heldout,ridge_drug_fp,"Myeloid cells, Porcn Inhibitor III",-0.16009788228578986,1.3386999870763816,-0.24644944639675198,2.6876302270246217
split_scaffold_heldout,ridge_drug_fp,"NK cells, Porcn Inhibitor III",-0.10097101721483279,0.9176713143235583,-0.13706803827301625,2.12163304843261
split_scaffold_heldout,ridge_drug_fp,"T cells, Porcn Inhibitor III",-0.2252862376671699,0.8785476548584766,-0.394109534184934,2.011787007898092
split_scaffold_heldout,ridge_drug_fp,"NK cells, Vorinostat",0.5905367415406741,1.0479434246643535,0.7688870679934221,2.0371795193148174
split_scaffold_heldout,ridge_drug_fp,"T cells, Vorinostat",0.7620153283253259,1.8794605055932263,0.828473316624,2.6566165199854295
split_scaffold_heldout,ridge_drug_fp,"NK cells, Ruxolitinib",0.1319694909608346,0.7923509798353611,0.2835217790988984,1.8588391436661194
split_scaffold_heldout,ridge_drug_fp,"T cells, Ruxolitinib",0.2515515657063972,0.9657612184257937,0.49792793603340707,2.0353769152766987
split_scaffold_heldout,ridge_drug_fp,"B cells, Navitoclax",-0.058374421571495715,0.959651296735711,-0.16626859761519983,2.2269836148704543
split_scaffold_heldout,ridge_drug_fp,"Myeloid cells, Navitoclax",-0.10418583120649968,0.9606172709665844,-0.18057112620553575,2.179342178328382
split_scaffold_heldout,ridge_drug_fp,"NK cells, Navitoclax",0.013721383794740333,0.7840815998560363,-0.002421502663303195,1.9874927454069753
split_scaffold_heldout,ridge_drug_fp,"T cells, Navitoclax",0.050425822500362864,0.6334315337176477,0.42943018375723263,1.7569853230728714
split_scaffold_heldout,ridge_drug_fp,"B cells, Methotrexate",-0.2739012427569341,0.8679264363764726,-0.5781152456786615,2.175674563969087
split_scaffold_heldout,ridge_drug_fp,"Myeloid cells, Methotrexate",-0.05726569405969898,1.0317995037680734,-0.08300933393773534,2.256885452432246
split_scaffold_heldout,ridge_drug_fp,"NK cells, Methotrexate",-0.13539841222762566,0.8099961324537204,-0.1913538022250998,1.9972885109356184
split_scaffold_heldout,ridge_drug_fp,"T cells, Methotrexate",-0.23703250182353633,0.8126635554191391,-0.5630007138609711,2.423633610318297
split_scaffold_heldout,ridge_drug_fp,"B cells, FK 866",0.09723457662016961,0.8568212224421731,0.30011910240789036,1.9640989067847379
split_scaffold_heldout,ridge_drug_fp,"Myeloid cells, FK 866",-0.0020867911430145,1.2669412549159345,0.03154526490879251,2.4526776973506013
split_scaffold_heldout,ridge_drug_fp,"NK cells, FK 866",-0.05653581116581856,0.8986841138262717,-0.06291502813285785,2.038233908151679
split_scaffold_heldout,ridge_drug_fp,"T cells, FK 866",-0.014317733979372485,1.0971214029348821,0.061277067244217755,2.306143625815728
split_scaffold_heldout,ridge_drug_fp,"NK cells, LY2090314",-0.09767150520008351,1.3330194271530893,-0.19009408722383933,2.7109539219619845
split_scaffold_heldout,ridge_drug_fp,"T cells, LY2090314",-0.24596321233857787,2.57482176766592,-0.3057333741245977,3.462782744233749
split_scaffold_heldout,ridge_drug_fp,"B cells, PF-04691502",0.3702702962131348,1.0961808844606604,0.5964322454863367,2.1809639569740424
split_scaffold_heldout,ridge_drug_fp,"NK cells, PF-04691502",0.25641820842663166,0.8006723521950747,0.4920967383304471,1.7591661448165647
split_scaffold_heldout,ridge_drug_fp,"T cells, PF-04691502",0.3829688036175741,1.0687854053793369,0.6068461953228311,2.18370221270238
split_scaffold_heldout,ridge_drug_fp,"NK cells, Perhexiline",0.08468479367716684,0.815762872129387,0.1411933961196162,1.95383385254692
split_scaffold_heldout,ridge_drug_fp,"T cells, Perhexiline",0.17201808098081955,1.015071928467633,0.32229279102660846,2.2856653885896256
split_scaffold_heldout,ridge_drug_fp,"NK cells, RVX-208",0.08865384119067624,0.7269013331547778,0.12186637561443578,1.9064319943754564
split_scaffold_heldout,ridge_drug_fp,"T cells, RVX-208",0.25593112251277944,0.8346064719239279,0.413609974299061,1.98981504227163
split_scaffold_heldout,ridge_drug_fp,"NK cells, Flutamide",0.13575674984080421,0.7280876530918662,0.34483652208966314,1.746158343627402
split_scaffold_heldout,ridge_drug_fp,"T cells, Flutamide",0.018010750243469285,0.6370581919326949,0.28873052251533265,1.7020419748123725
split_scaffold_heldout,ridge_drug_fp,"B cells, PD-0325901",0.37011761979758045,0.78425017429989,0.6473139916779755,1.8888366264781475
split_scaffold_heldout,ridge_drug_fp,"Myeloid cells, PD-0325901",0.5210309950369022,1.246915009753188,0.6955690866861128,2.3098272210063917
split_scaffold_heldout,ridge_drug_fp,"NK cells, PD-0325901",0.24715183634862625,0.7859315576769216,0.4667156669836166,1.8695669016412704
split_scaffold_heldout,ridge_drug_fp,"T cells, PD-0325901",0.4249259366381585,0.8156450145852634,0.7110904061018745,1.8498426006551612
split_scaffold_heldout,ridge_drug_fp,"NK cells, Defactinib",0.08128648891377183,0.7705062775447721,0.17961690527133276,1.8535913300754197
split_scaffold_heldout,ridge_drug_fp,"T cells, Defactinib",0.18167006734116511,0.8152833402710803,0.3805975643778252,1.9978836283884818
split_scaffold_heldout,ridge_drug_fp,"B cells, BI-D1870",0.17969078426493568,0.7404097122423575,0.40060267708746544,1.6779875115680545
split_scaffold_heldout,ridge_drug_fp,"Myeloid cells, BI-D1870",0.1006600194177357,0.9754200761566947,0.2645864290667656,2.0794928069345153
split_scaffold_heldout,ridge_drug_fp,"NK cells, BI-D1870",-0.002540446122086231,0.8807069541793371,0.14185228588153503,1.8302466728791635
split_scaffold_heldout,ridge_drug_fp,"T cells, BI-D1870",-0.03670595790466014,0.7954449961113224,-0.0455001864382451,1.8208622908853114
split_scaffold_heldout,ridge_drug_fp,"NK cells, AZD3514",0.1074742960113551,0.7418824663219792,0.174896859583802,1.8395078489073076
split_scaffold_heldout,ridge_drug_fp,"T cells, AZD3514",0.10998939106466332,0.8436101703037812,0.2500874064337612,2.0256143964834465
split_scaffold_heldout,ridge_drug_fp,"NK cells, Saracatinib",0.10543095482840381,0.7973468258689637,0.23301499972032025,1.9335265755393605
split_scaffold_heldout,ridge_drug_fp,"T cells, Saracatinib",0.21552050229483147,0.9026646531100517,0.40018861897160773,1.9819411295788216
split_scaffold_heldout,ridge_drug_fp,"B cells, Pitavastatin Calcium",0.07447137649085825,1.0968421759365778,0.147771190087026,2.336231986227028
split_scaffold_heldout,ridge_drug_fp,"Myeloid cells, Pitavastatin Calcium",0.2392648344824894,2.278133163871702,0.3134449275118066,3.1316107567223948
split_scaffold_heldout,ridge_drug_fp,"NK cells, Pitavastatin Calcium",0.08624151467921849,1.3819272748347973,0.15168226206776883,2.621554136101396
split_scaffold_heldout,ridge_drug_fp,"T cells, Pitavastatin Calcium",0.05167661602120778,1.5818359211651063,0.08437709239819395,2.773246598392431
split_scaffold_heldout,ridge_drug_fp,"B cells, ABT737",0.1220521016877586,0.9752941668640028,0.24532003175048286,2.0799554521953927
split_scaffold_heldout,ridge_drug_fp,"Myeloid cells, ABT737",0.0753610940720415,0.9872100643047284,0.12959761386250243,2.236970063024185
split_scaffold_heldout,ridge_drug_fp,"NK cells, ABT737",-0.010822791512333008,0.8354216981607789,0.014725299301239447,1.9704552744934973
split_scaffold_heldout,ridge_drug_fp,"T cells, ABT737",0.07397358103069063,0.6874789413122601,0.07088018536599795,1.961367879092309
split_scaffold_heldout,ridge_drug_fp,"NK cells, AZD-8330",0.31772090588140817,0.7535376628491689,0.5024240967676855,1.725977559630745
split_scaffold_heldout,ridge_drug_fp,"T cells, AZD-8330",0.4465358402748246,0.7338058570324111,0.7175393728043695,1.6576612769757566
split_scaffold_heldout,ridge_drug_fp,"NK cells, GSK-1070916",0.14216513827809377,0.7378349837087352,0.2728106970452301,1.760620035015219
split_scaffold_heldout,ridge_drug_fp,"T cells, GSK-1070916",0.2959401035455516,0.6422374356082783,0.5802555065270307,1.5259808418113512
split_scaffold_heldout,ridge_drug_fp,"NK cells, GSK256066",0.24070639078336542,0.963718888113118,0.4025426869181385,1.9769510711372702
split_scaffold_heldout,ridge_drug_fp,"T cells, GSK256066",0.22043938523381754,0.8773218649081714,0.35985996051458996,2.092430530585596
split_scaffold_heldout,ridge_drug_fp,"B cells, Oxybenzone",0.014017236542799261,0.6037596956044607,-0.04747276439172212,1.7700497136231477
split_scaffold_heldout,ridge_drug_fp,"Myeloid cells, Oxybenzone",-0.05466281273073849,0.5978461867366553,-0.08345597391080974,1.741581260749766
split_scaffold_heldout,ridge_drug_fp,"NK cells, Oxybenzone",0.04419068132287269,0.6675988364143706,0.0346529111463003,1.8346608057883205
split_scaffold_heldout,ridge_drug_fp,"T cells, Oxybenzone",-0.02194621322733086,0.5502488133330655,-0.03826702703121389,1.6513006610016208
split_scaffold_heldout,ridge_drug_fp,"NK cells, Imatinib",0.09256897960931071,0.7858550723126825,0.17602793111206766,1.8296919824012772
split_scaffold_heldout,ridge_drug_fp,"T cells, Imatinib",0.22396208045747698,0.6131879345696407,0.419840744580686,1.4127395072595053
split_scaffold_heldout,ridge_drug_fp,"NK cells, Colforsin",-0.008573490509456824,0.7534056992389441,-0.08627665838928898,1.8963529848033343
split_scaffold_heldout,ridge_drug_fp,"T cells, Colforsin",0.13054862308916523,0.6316701224392232,0.19051630942950964,1.6029843184599781
split_scaffold_heldout,ridge_drug_fp,"B cells, RG7090",0.04000867463192688,0.6910362113685766,0.24747376644299005,1.7516456539130763
split_scaffold_heldout,ridge_drug_fp,"Myeloid cells, RG7090",-0.07994150767694341,0.9441770622037708,-0.14004311763306934,2.2019862521197133
split_scaffold_heldout,ridge_drug_fp,"NK cells, RG7090",0.008495904099293284,0.7568555395458774,0.030474112950170218,1.8985391278150778
split_scaffold_heldout,ridge_drug_fp,"T cells, RG7090",-0.19220751200381386,0.9311465658320509,-0.3199901511628558,2.223546626849492
split_scaffold_heldout,ridge_drug_fp,"NK cells, Mubritinib (TAK 165)",0.20505069763791567,0.8777829256343899,0.4100343937739423,1.9799403051750364
split_scaffold_heldout,ridge_drug_fp,"T cells, Mubritinib (TAK 165)",0.3377402189692363,1.102987423105073,0.5451460776501943,2.2530668510624303
split_scaffold_heldout,ridge_drug_fp,"B cells, Vorinostat",0.714096476605519,1.3544922357639175,0.8292874761508776,2.2545264449391533
split_scaffold_heldout,ridge_drug_fp,"Myeloid cells, Vorinostat",0.5703688634779878,1.6663271429386053,0.6953673700462093,2.592061707253941
split_scaffold_heldout,ridge_drug_fp,"B cells, Ruxolitinib",0.2807005407247991,0.9596516616429392,0.5810126598830665,2.0573793304642614
split_scaffold_heldout,ridge_drug_fp,"Myeloid cells, Ruxolitinib",0.3694847907415446,1.424798390777196,0.5692604573641825,2.5540012206546594
split_scaffold_heldout,ridge_drug_fp,"B cells, LY2090314",-0.14029430298525722,1.2738347024199248,-0.239116820798908,2.614946724314676
split_scaffold_heldout,ridge_drug_fp,"Myeloid cells, LY2090314",0.14983220326145671,2.1319846724467064,0.21038775195644038,3.0726369808743157
split_scaffold_heldout,ridge_drug_fp,"B cells, Perhexiline",0.14960056759365398,1.0841715740276634,0.2611226506543773,2.2738369223537203
split_scaffold_heldout,ridge_drug_fp,"Myeloid cells, Perhexiline",0.1379216680349697,0.9629073754267566,0.25833253869266826,2.2121385560197067
split_scaffold_heldout,ridge_drug_fp,"B cells, RVX-208",0.23348979660541752,0.7532354561863127,0.3799536512450892,1.8813280962297898
split_scaffold_heldout,ridge_drug_fp,"Myeloid cells, RVX-208",0.17773938228167885,0.9041181062797942,0.31151807966594475,2.101407616535195
split_scaffold_heldout,ridge_drug_fp,"B cells, Flutamide",0.09198808549599825,0.6483614678188224,0.132492112737843,1.780129951348862
split_scaffold_heldout,ridge_drug_fp,"Myeloid cells, Flutamide",0.27441244444886903,0.6172144235806645,0.5106557460023167,1.6295614239104308
split_scaffold_heldout,ridge_drug_fp,"B cells, Defactinib",0.303917437085251,0.7488320657546058,0.5724093649034514,1.6761292430152837
split_scaffold_heldout,ridge_drug_fp,"Myeloid cells, Defactinib",0.376396442553407,0.9932144132266666,0.6302352905987292,2.0024857347837526
split_scaffold_heldout,ridge_drug_fp,"B cells, AZD3514",0.13622684812522196,0.7840238396188108,0.36195172540023535,1.868626582743686
split_scaffold_heldout,ridge_drug_fp,"Myeloid cells, AZD3514",0.06671836153901951,0.9181046823409859,0.17386312952438138,2.09266884688245
split_scaffold_heldout,ridge_drug_fp,"B cells, Saracatinib",0.29986804776772846,1.0733184359524452,0.5157008110117934,2.2430173076581505
split_scaffold_heldout,ridge_drug_fp,"Myeloid cells, Saracatinib",0.18872806286965463,1.4773984668206765,0.3002493859397839,2.5721107896977515
split_scaffold_heldout,ridge_drug_fp,"B cells, AZD-8330",0.446997209389835,0.7360700914117009,0.723717304399762,1.678607940231451
split_scaffold_heldout,ridge_drug_fp,"Myeloid cells, AZD-8330",0.4539633242530709,1.0407928796918129,0.6783742107736851,2.108445890413054
split_scaffold_heldout,ridge_drug_fp,"B cells, GSK-1070916",0.21347017998242282,0.6948504046274799,0.42175198261284674,1.6229794596295821
split_scaffold_heldout,ridge_drug_fp,"Myeloid cells, GSK-1070916",0.2766923296166263,0.8000630795974618,0.5001718876712005,1.7742728318356502
split_scaffold_heldout,ridge_drug_fp,"B cells, GSK256066",0.1410360957041584,1.0130495374816677,0.3003339188345418,2.1769594167416004
split_scaffold_heldout,ridge_drug_fp,"Myeloid cells, GSK256066",0.13014789150891687,1.1846417839892147,0.2461693966601485,2.3857688850399907
split_scaffold_heldout,ridge_drug_fp,"B cells, Imatinib",0.09898371086644082,0.6899827710141225,0.05714117224140002,1.7930397709203114
split_scaffold_heldout,ridge_drug_fp,"Myeloid cells, Imatinib",0.20283873102906552,0.6274989098265811,0.4912239418636947,1.4970035691440493
split_scaffold_heldout,ridge_drug_fp,"B cells, Colforsin",0.13619053109630538,0.6498359155441796,0.158999236490516,1.7049557615170832
split_scaffold_heldout,ridge_drug_fp,"Myeloid cells, Colforsin",9.27468689453577e-05,0.7699755939217048,0.03887549936591116,2.0114278274887005
split_scaffold_heldout,ridge_drug_fp,"B cells, Mubritinib (TAK 165)",0.29600687712831736,0.8468516950388828,0.5667098836286357,1.9058639959728323
split_scaffold_heldout,ridge_drug_fp,"Myeloid cells, Mubritinib (TAK 165)",0.14774242279965033,1.180285534984986,0.29601513072260144,2.3552505856706065
split_scaffold_heldout,ridge_cell_drug_fp,"B cells, 5-(9-Isopropyl-8-methyl-2-morpholino-9H-purin-6-yl)pyrimidin-2-amine",0.694024086665682,1.132843965260917,0.8199404801582968,2.0642128286314154
split_scaffold_heldout,ridge_cell_drug_fp,"Myeloid cells, 5-(9-Isopropyl-8-methyl-2-morpholino-9H-purin-6-yl)pyrimidin-2-amine",0.4819000627685875,1.4642935021266141,0.6423211054959158,2.500233829335332
split_scaffold_heldout,ridge_cell_drug_fp,"NK cells, 5-(9-Isopropyl-8-methyl-2-morpholino-9H-purin-6-yl)pyrimidin-2-amine",0.470065373331156,0.8047420890324909,0.7084855662431918,1.8351512457385952
split_scaffold_heldout,ridge_cell_drug_fp,"T cells, 5-(9-Isopropyl-8-methyl-2-morpholino-9H-purin-6-yl)pyrimidin-2-amine",0.7164603229407498,1.183763564737534,0.8325459128120147,2.092656415187168
split_scaffold_heldout,ridge_cell_drug_fp,"B cells, BAY 87-2243",0.3044139937819517,0.9759079523289615,0.5524888615960867,2.129086574089765
split_scaffold_heldout,ridge_cell_drug_fp,"Myeloid cells, BAY 87-2243",0.15024682662412553,1.4559643483533289,0.2199639331876068,2.597276924360645
split_scaffold_heldout,ridge_cell_drug_fp,"NK cells, BAY 87-2243",-0.026051155511900247,1.0112264715539465,-0.03624700004802389,2.384300018546735
split_scaffold_heldout,ridge_cell_drug_fp,"T cells, BAY 87-2243",0.25292810019800666,1.2782378807188406,0.39985876998474934,2.399310792588059
split_scaffold_heldout,ridge_cell_drug_fp,"B cells, Porcn Inhibitor III",-0.018476759997086117,0.8035897638582019,0.038212619916331174,1.8239546724214981
split_scaffold_heldout,ridge_cell_drug_fp,"Myeloid cells, Porcn Inhibitor III",-0.1422124084469626,1.3637779413707196,-0.20166886739735793,2.714589984930848
split_scaffold_heldout,ridge_cell_drug_fp,"NK cells, Porcn Inhibitor III",-0.022885521671033617,0.863258864129004,0.030198755058155655,2.0323772591503917
split_scaffold_heldout,ridge_cell_drug_fp,"T cells, Porcn Inhibitor III",-0.1748067440803952,0.904606966045039,-0.29873000094510443,1.988887512333724
split_scaffold_heldout,ridge_cell_drug_fp,"NK cells, Vorinostat",0.5937353181694813,1.0526223497655998,0.7791965660663147,2.053122728061217
split_scaffold_heldout,ridge_cell_drug_fp,"T cells, Vorinostat",0.7871241595966262,1.82430797337103,0.845334552796614,2.577177202627868
split_scaffold_heldout,ridge_cell_drug_fp,"NK cells, Ruxolitinib",0.16774282681265124,0.7771520473833585,0.351590713600263,1.8289652708950812
split_scaffold_heldout,ridge_cell_drug_fp,"T cells, Ruxolitinib",0.3836114786980485,0.9144557941328982,0.658394294137772,1.8923903224821883
split_scaffold_heldout,ridge_cell_drug_fp,"B cells, Navitoclax",-0.049095793695229345,0.9841029564810964,-0.1535182096082109,2.2498875987526006
split_scaffold_heldout,ridge_cell_drug_fp,"Myeloid cells, Navitoclax",-0.16332453438653996,1.023893197381591,-0.29979991027896274,2.287419724842964
split_scaffold_heldout,ridge_cell_drug_fp,"NK cells, Navitoclax",0.05424270959456676,0.7763501719009546,0.06554499871030542,1.9667747347820208
split_scaffold_heldout,ridge_cell_drug_fp,"T cells, Navitoclax",0.06531706184174509,0.6459815079917784,0.5183011750162968,1.6821154434475498
split_scaffold_heldout,ridge_cell_drug_fp,"B cells, Methotrexate",-0.24666174025457965,0.8972135383594555,-0.5478805636169476,2.216751980694929
split_scaffold_heldout,ridge_cell_drug_fp,"Myeloid cells, Methotrexate",-0.005973293464212684,1.045886582821174,0.00950529895681054,2.2280645265575068
split_scaffold_heldout,ridge_cell_drug_fp,"NK cells, Methotrexate",-0.056776618830543545,0.7681591062491061,-0.0501568365233271,1.9304966712384584
split_scaffold_heldout,ridge_cell_drug_fp,"T cells, Methotrexate",-0.2669629300293838,0.8570577827281658,-0.5867459115153016,2.61848753063394
split_scaffold_heldout,ridge_cell_drug_fp,"B cells, FK 866",0.17494195023185793,0.8462219751585274,0.44143636867722535,1.8664257172855063
split_scaffold_heldout,ridge_cell_drug_fp,"Myeloid cells, FK 866",0.14429218359117824,1.220454074251386,0.283884149947653,2.319236678178997
split_scaffold_heldout,ridge_cell_drug_fp,"NK cells, FK 866",-0.017281206097602475,0.8735145920140258,0.024782102873492987,1.999016792211765
split_scaffold_heldout,ridge_cell_drug_fp,"T cells, FK 866",0.04103077883561591,1.09569776905545,0.1606565690607135,2.26026751941305
split_scaffold_heldout,ridge_cell_drug_fp,"NK cells, LY2090314",-0.12183396148488751,1.333392628094884,-0.24780437781730028,2.73731279904361
split_scaffold_heldout,ridge_cell_drug_fp,"T cells, LY2090314",-0.14680743143091193,2.551875538912699,-0.1842044305288987,3.427340029039094
split_scaffold_heldout,ridge_cell_drug_fp,"B cells, PF-04691502",0.48832633787094565,1.0327949451309235,0.7088636517934898,2.033212567104108
split_scaffold_heldout,ridge_cell_drug_fp,"NK cells, PF-04691502",0.2852241397163562,0.7807278356644733,0.5229654966534886,1.7464365394596482
split_scaffold_heldout,ridge_cell_drug_fp,"T cells, PF-04691502",0.4558767354678679,1.0305682038536108,0.6756764040227896,2.0860010242474325
split_scaffold_heldout,ridge_cell_drug_fp,"NK cells, Perhexiline",0.06507591239816819,0.8287421362623045,0.11434286147179351,1.9583305432440867
split_scaffold_heldout,ridge_cell_drug_fp,"T cells, Perhexiline",0.35164757890756404,0.9676600875561749,0.5679138212519294,2.1574125928007972
split_scaffold_heldout,ridge_cell_drug_fp,"NK cells, RVX-208",0.13519560026560784,0.713720228327915,0.24799450937264392,1.8675470457211263
split_scaffold_heldout,ridge_cell_drug_fp,"T cells, RVX-208",0.356313011476785,0.8050400688448531,0.5381071602154678,1.904836619687064
split_scaffold_heldout,ridge_cell_drug_fp,"NK cells, Flutamide",0.2121962032477993,0.6916494192531273,0.4375055892845401,1.7044751169699952
split_scaffold_heldout,ridge_cell_drug_fp,"T cells, Flutamide",0.056904148131396,0.6557969804373488,0.3680393726998239,1.6551436256659775
split_scaffold_heldout,ridge_cell_drug_fp,"B cells, PD-0325901",0.49252173537640154,0.7314410622733386,0.7601653526231016,1.7188204160923943
split_scaffold_heldout,ridge_cell_drug_fp,"Myeloid cells, PD-0325901",0.6440472262185349,1.152729371035155,0.8008215588091477,2.117156395534226
split_scaffold_heldout,ridge_cell_drug_fp,"NK cells, PD-0325901",0.27548848280603355,0.7704600650333987,0.502396965026623,1.8533359314042872
split_scaffold_heldout,ridge_cell_drug_fp,"T cells, PD-0325901",0.5176742282943063,0.7720947748069142,0.7557804829098432,1.7533441350015884
split_scaffold_heldout,ridge_cell_drug_fp,"NK cells, Defactinib",0.1335412196208425,0.7275402014761263,0.3009389598639724,1.800453283573512
split_scaffold_heldout,ridge_cell_drug_fp,"T cells, Defactinib",0.25895859991061226,0.7947226990016917,0.48686962268646644,1.9061833114485935
split_scaffold_heldout,ridge_cell_drug_fp,"B cells, BI-D1870",0.2066903621236888,0.7579590254405975,0.42794154164422815,1.652419648675178
split_scaffold_heldout,ridge_cell_drug_fp,"Myeloid cells, BI-D1870",0.17949667001602268,0.9716098611261514,0.3991497071545492,1.9768071718017517
split_scaffold_heldout,ridge_cell_drug_fp,"NK cells, BI-D1870",0.06079819283710985,0.8221168596019073,0.27850270751859085,1.7662132841640088
split_scaffold_heldout,ridge_cell_drug_fp,"T cells, BI-D1870",0.023767884466210008,0.8064898344946483,0.08760447699793676,1.792533130801004
split_scaffold_heldout,ridge_cell_drug_fp,"NK cells, AZD3514",0.1331414550118637,0.7530693008337587,0.2287746069121092,1.8158403954210933
split_scaffold_heldout,ridge_cell_drug_fp,"T cells, AZD3514",0.19015730133736125,0.8223087387343353,0.36437368503962286,1.9648332540452795
split_scaffold_heldout,ridge_cell_drug_fp,"NK cells, Saracatinib",0.11702261078907168,0.7946968084504212,0.30739345263758905,1.8995650145365262
split_scaffold_heldout,ridge_cell_drug_fp,"T cells, Saracatinib",0.34823899071183606,0.8564872405527689,0.620518354293861,1.8271446364185786
split_scaffold_heldout,ridge_cell_drug_fp,"B cells, Pitavastatin Calcium",0.0720517832865024,1.109336716689512,0.14628857505064424,2.3381228412665465
split_scaffold_heldout,ridge_cell_drug_fp,"Myeloid cells, Pitavastatin Calcium",0.20471952563566923,2.281592004020749,0.2619969246836885,3.1316774020772216
split_scaffold_heldout,ridge_cell_drug_fp,"NK cells, Pitavastatin Calcium",0.180724293889567,1.358384456204753,0.2850669382996397,2.5711792324822453
split_scaffold_heldout,ridge_cell_drug_fp,"T cells, Pitavastatin Calcium",0.08625902105195296,1.5773052964417411,0.1369371768147582,2.7628679725766054
split_scaffold_heldout,ridge_cell_drug_fp,"B cells, ABT737",0.1350321481541007,0.9863008527717502,0.26286697421169175,2.07278321899989
split_scaffold_heldout,ridge_cell_drug_fp,"Myeloid cells, ABT737",0.13537444364630788,0.9789283781146255,0.27398362824437983,2.171289005645087
split_scaffold_heldout,ridge_cell_drug_fp,"NK cells, ABT737",0.026483039237857463,0.855291095325158,0.08463805855959833,1.9511727597552793
split_scaffold_heldout,ridge_cell_drug_fp,"T cells, ABT737",0.1468630468173935,0.666444194013211,0.37415843440181257,1.8471728663234543
split_scaffold_heldout,ridge_cell_drug_fp,"NK cells, AZD-8330",0.36147299499529556,0.7264201699475374,0.5769034398941006,1.6763699340990588
split_scaffold_heldout,ridge_cell_drug_fp,"T cells, AZD-8330",0.5540602781948277,0.6797807895512011,0.8215350277226602,1.471392233826709
split_scaffold_heldout,ridge_cell_drug_fp,"NK cells, GSK-1070916",0.17444200651727304,0.715038741900954,0.35802354236887657,1.7171360587220095
split_scaffold_heldout,ridge_cell_drug_fp,"T cells, GSK-1070916",0.37558348864499863,0.6287219887352424,0.6553610902755416,1.3996211902296922
split_scaffold_heldout,ridge_cell_drug_fp,"NK cells, GSK256066",0.2749022255724396,0.9243430453031024,0.4511220763731428,1.94109494583114
split_scaffold_heldout,ridge_cell_drug_fp,"T cells, GSK256066",0.2840512204031463,0.8521755888169227,0.4873064693272091,1.996001795134498
split_scaffold_heldout,ridge_cell_drug_fp,"B cells, Oxybenzone",0.1084726178894193,0.6035244500431312,0.18551031555513461,1.7015068630233847
split_scaffold_heldout,ridge_cell_drug_fp,"Myeloid cells, Oxybenzone",0.07745907978903348,0.6096232385799422,0.3193376014110025,1.626990992024841
split_scaffold_heldout,ridge_cell_drug_fp,"NK cells, Oxybenzone",0.0956186194522778,0.6624679935825298,0.2045587844204499,1.7876280413024848
split_scaffold_heldout,ridge_cell_drug_fp,"T cells, Oxybenzone",0.10379098928060361,0.5512198493534589,0.19200198356152431,1.580265605532825
split_scaffold_heldout,ridge_cell_drug_fp,"NK cells, Imatinib",0.12994944996489693,0.7475844673649275,0.2612485283397564,1.7959935571356829
split_scaffold_heldout,ridge_cell_drug_fp,"T cells, Imatinib",0.2791357491731746,0.6206935274938739,0.4454272406331136,1.376902444516257
split_scaffold_heldout,ridge_cell_drug_fp,"NK cells, Colforsin",0.019256231739054896,0.735827797192561,0.00601659254926743,1.8618606998955631
split_scaffold_heldout,ridge_cell_drug_fp,"T cells, Colforsin",0.22127106872362512,0.6262802712457297,0.41630627578149254,1.4721670069561936
split_scaffold_heldout,ridge_cell_drug_fp,"B cells, RG7090",0.10368878579525781,0.696097949237854,0.3396047940408002,1.7021156645678563
split_scaffold_heldout,ridge_cell_drug_fp,"Myeloid cells, RG7090",0.020203019215021777,0.9484126992323636,0.027230205521569992,2.162356351425271
split_scaffold_heldout,ridge_cell_drug_fp,"NK cells, RG7090",0.07742818381820761,0.7275149185426565,0.1778362702756725,1.8440934317364535
split_scaffold_heldout,ridge_cell_drug_fp,"T cells, RG7090",-0.11722540238087968,0.9341698151270292,-0.17369668277269446,2.204833918809346
split_scaffold_heldout,ridge_cell_drug_fp,"NK cells, Mubritinib (TAK 165)",0.19976407881324237,0.8778825478478706,0.39331300700584715,1.9901488129037432
split_scaffold_heldout,ridge_cell_drug_fp,"T cells, Mubritinib (TAK 165)",0.3931597634004309,1.077886405389113,0.6030461371238056,2.176675539646459
split_scaffold_heldout,ridge_cell_drug_fp,"B cells, Vorinostat",0.7347679264200703,1.3153544790225022,0.8441693490978607,2.1826335257849183
split_scaffold_heldout,ridge_cell_drug_fp,"Myeloid cells, Vorinostat",0.6286115579911377,1.6105239126966506,0.7512640520102926,2.500285062344213
split_scaffold_heldout,ridge_cell_drug_fp,"B cells, Ruxolitinib",0.43017010442359294,0.8978099774137768,0.7345312726176969,1.8899411600435336
split_scaffold_heldout,ridge_cell_drug_fp,"Myeloid cells, Ruxolitinib",0.5574599137127364,1.3196192703767493,0.748901711563584,2.3501910630373164
split_scaffold_heldout,ridge_cell_drug_fp,"B cells, LY2090314",-0.11580652693325655,1.2869292910113195,-0.18723774454628578,2.615740026369767
split_scaffold_heldout,ridge_cell_drug_fp,"Myeloid cells, LY2090314",0.27515547209795344,2.0737959910928527,0.3639471147926364,2.9804365427346178
split_scaffold_heldout,ridge_cell_drug_fp,"B cells, Perhexiline",0.3896287044559232,1.0188346470438847,0.6184445737886691,2.109330946925802
split_scaffold_heldout,ridge_cell_drug_fp,"Myeloid cells, Perhexiline",0.36784236895732436,0.9025515038849954,0.5861796622513678,2.040483347566142
split_scaffold_heldout,ridge_cell_drug_fp,"B cells, RVX-208",0.3080728757565815,0.7379459916962975,0.5238805417930932,1.7913838363302652
split_scaffold_heldout,ridge_cell_drug_fp,"Myeloid cells, RVX-208",0.20449389054098718,0.9125412755480677,0.3499757604465315,2.0667466860954673
split_scaffold_heldout,ridge_cell_drug_fp,"B cells, Flutamide",0.13925741922619966,0.6601075327269017,0.28319601036445136,1.7147804716120083
split_scaffold_heldout,ridge_cell_drug_fp,"Myeloid cells, Flutamide",0.32896755929657157,0.6312979103541893,0.6152668566516104,1.5236466367215837
split_scaffold_heldout,ridge_cell_drug_fp,"B cells, Defactinib",0.38413110302370407,0.7256141958213492,0.6524207012383739,1.5690187378659832
split_scaffold_heldout,ridge_cell_drug_fp,"Myeloid cells, Defactinib",0.5017917621546282,0.9260345619363128,0.7427362659346378,1.8062673919278216
split_scaffold_heldout,ridge_cell_drug_fp,"B cells, AZD3514",0.18985100368370553,0.7727948984728737,0.4214786772018072,1.8311958143183473
split_scaffold_heldout,ridge_cell_drug_fp,"Myeloid cells, AZD3514",0.16714922667750504,0.9031629517639055,0.36643562293680637,1.991504621279297
split_scaffold_heldout,ridge_cell_drug_fp,"B cells, Saracatinib",0.436707322629095,1.0137266427675824,0.6895603574545437,2.081802818764987
split_scaffold_heldout,ridge_cell_drug_fp,"Myeloid cells, Saracatinib",0.3814184677766266,1.394918236566877,0.5615082376149761,2.409162527709431
split_scaffold_heldout,ridge_cell_drug_fp,"B cells, AZD-8330",0.5440319477625452,0.6881418818312546,0.8008909130021252,1.5103935522689158
split_scaffold_heldout,ridge_cell_drug_fp,"Myeloid cells, AZD-8330",0.566485378559034,0.9673016275922319,0.77842775923346,1.9134406449563501
split_scaffold_heldout,ridge_cell_drug_fp,"B cells, GSK-1070916",0.2917752559999026,0.6824821106662486,0.5411433516394312,1.5246547566649333
split_scaffold_heldout,ridge_cell_drug_fp,"Myeloid cells, GSK-1070916",0.29260553287496,0.814738721082991,0.5335912610347379,1.7254061822620546
split_scaffold_heldout,ridge_cell_drug_fp,"B cells, GSK256066",0.22017956027185442,0.9857196679746227,0.43456474908038767,2.0531575589973197
split_scaffold_heldout,ridge_cell_drug_fp,"Myeloid cells, GSK256066",0.1675505677023989,1.2009025723338966,0.3002727959001681,2.350270459794416
split_scaffold_heldout,ridge_cell_drug_fp,"B cells, Imatinib",0.13228916406512875,0.7126918658201864,0.21616810314762563,1.731671728167462
split_scaffold_heldout,ridge_cell_drug_fp,"Myeloid cells, Imatinib",0.23393419693748782,0.6645845018733212,0.5460246788724799,1.4353039096137508
split_scaffold_heldout,ridge_cell_drug_fp,"B cells, Colforsin",0.19847879746013553,0.6520013629783163,0.28985527364049035,1.6309048587269757
split_scaffold_heldout,ridge_cell_drug_fp,"Myeloid cells, Colforsin",0.11574434060719241,0.7697241392464617,0.3442322995683523,1.8667711481424858
split_scaffold_heldout,ridge_cell_drug_fp,"B cells, Mubritinib (TAK 165)",0.35861266291063704,0.8250664863999022,0.6384672087787358,1.8134428356470211
split_scaffold_heldout,ridge_cell_drug_fp,"Myeloid cells, Mubritinib (TAK 165)",0.23337208323398634,1.152761918009565,0.4157211761838606,2.267252738683572
split_cell_scaffold_heldout,ridge_cell,"NK cells, 5-(9-Isopropyl-8-methyl-2-morpholino-9H-purin-6-yl)pyrimidin-2-amine",0.37777075281999795,0.8421539847548741,0.6147471198254392,1.949542836731557
split_cell_scaffold_heldout,ridge_cell,"NK cells, BAY 87-2243",0.3259018520023041,0.8979970364462346,0.5226779513306073,2.1227062549049047
split_cell_scaffold_heldout,ridge_cell,"NK cells, Porcn Inhibitor III",-0.12495019497062274,0.8104044536479809,-0.2681400113541477,2.0818724316110764
split_cell_scaffold_heldout,ridge_cell,"NK cells, Vorinostat",0.29255159435234984,1.2043795859780957,0.4781232396638958,2.381252424470959
split_cell_scaffold_heldout,ridge_cell,"NK cells, Ruxolitinib",0.25548415610541153,0.7301591437813106,0.445836316798975,1.7978404964702532
split_cell_scaffold_heldout,ridge_cell,"NK cells, Navitoclax",-0.061533073628733795,0.7643438196764852,-0.10487671690841126,1.9888802471288107
split_cell_scaffold_heldout,ridge_cell,"NK cells, Methotrexate",-0.18713900204402656,0.735986042990428,-0.2956445012417644,1.9906578456894404
split_cell_scaffold_heldout,ridge_cell,"NK cells, FK 866",0.06026586828867661,0.7757184127777671,0.1954013587646081,1.9252131825217111
split_cell_scaffold_heldout,ridge_cell,"NK cells, LY2090314",0.042786574655790104,1.2473035515089161,0.08706313923387815,2.5668476389879396
split_cell_scaffold_heldout,ridge_cell,"NK cells, PF-04691502",0.26341858771158366,0.7652800608893878,0.5331205136427601,1.8009843062348523
split_cell_scaffold_heldout,ridge_cell,"NK cells, Perhexiline",0.3248195861709473,0.7634673804494194,0.5251415019637222,1.8039841857551346
split_cell_scaffold_heldout,ridge_cell,"NK cells, RVX-208",0.08243978259109887,0.722988247983941,0.03762010670033551,1.9177377938623166
split_cell_scaffold_heldout,ridge_cell,"NK cells, Flutamide",0.09265822017648193,0.7042197157191378,0.28611644424414817,1.7853579092725802
split_cell_scaffold_heldout,ridge_cell,"NK cells, PD-0325901",0.2313142888968975,0.7726734522188555,0.42096047170456247,1.9149052525865942
split_cell_scaffold_heldout,ridge_cell,"NK cells, Defactinib",0.10026968397875137,0.6891435150452082,0.27128959428213717,1.8375526142889729
split_cell_scaffold_heldout,ridge_cell,"NK cells, BI-D1870",-0.00954639099584932,0.7555139918575305,0.07963952575633879,1.8349477074345744
split_cell_scaffold_heldout,ridge_cell,"NK cells, AZD3514",0.11034696570431235,0.6944293724371131,0.2277247625276295,1.8178926036451057
split_cell_scaffold_heldout,ridge_cell,"NK cells, Saracatinib",0.23430741419113582,0.7351464549437275,0.36574293023433524,1.8847334659961927
split_cell_scaffold_heldout,ridge_cell,"NK cells, Pitavastatin Calcium",-0.18183149036780996,1.456711257865764,-0.24665028157675858,2.748927659206746
split_cell_scaffold_heldout,ridge_cell,"NK cells, ABT737",0.07177356250259485,0.7567174290562605,0.17043047503780231,1.9051675318831431
split_cell_scaffold_heldout,ridge_cell,"NK cells, AZD-8330",0.3123843167588185,0.727864804535395,0.5045957736552052,1.7876826347593973
split_cell_scaffold_heldout,ridge_cell,"NK cells, GSK-1070916",0.0977306979903033,0.6724976182941342,0.19728937373855168,1.7935658309411247
split_cell_scaffold_heldout,ridge_cell,"NK cells, GSK256066",0.25150391882038897,0.8717520170529668,0.44170739326507547,2.0370236275798255
split_cell_scaffold_heldout,ridge_cell,"NK cells, Oxybenzone",0.1048249386491774,0.6562297211249788,0.1360931285399509,1.7956272930869146
split_cell_scaffold_heldout,ridge_cell,"NK cells, Imatinib",0.12464205180956696,0.6877323355766981,0.27018259586721627,1.8206747371655025
split_cell_scaffold_heldout,ridge_cell,"NK cells, Colforsin",0.06471700382652959,0.6816033594974701,-0.0029045048304413863,1.848022720358053
split_cell_scaffold_heldout,ridge_cell,"NK cells, RG7090",0.004333052621430119,0.7203063385985626,0.04308123857123709,1.8803814388641853
split_cell_scaffold_heldout,ridge_cell,"NK cells, Mubritinib (TAK 165)",0.2497015441337311,0.8271060062040314,0.4675924549648377,1.998387624872439
split_cell_scaffold_heldout,ridge_drug_fp,"NK cells, 5-(9-Isopropyl-8-methyl-2-morpholino-9H-purin-6-yl)pyrimidin-2-amine",0.3837336625134547,0.8454605215505343,0.6135487678733813,1.8422608046306672
split_cell_scaffold_heldout,ridge_drug_fp,"NK cells, BAY 87-2243",0.05900706533597251,0.991449933125048,0.1384665162553989,2.3055486099605247
split_cell_scaffold_heldout,ridge_drug_fp,"NK cells, Porcn Inhibitor III",-0.12611256994106285,0.973415897073156,-0.1891254564640162,2.174609265887472
split_cell_scaffold_heldout,ridge_drug_fp,"NK cells, Vorinostat",0.5487935506347141,1.0615805564285938,0.7325741063030785,2.035170003400199
split_cell_scaffold_heldout,ridge_drug_fp,"NK cells, Ruxolitinib",0.10839258844860346,0.823835340690645,0.22435482164104215,1.8828504808121758
split_cell_scaffold_heldout,ridge_drug_fp,"NK cells, Navitoclax",0.014239225197432205,0.8010581027856948,-0.009677976856834202,2.002644547118714
split_cell_scaffold_heldout,ridge_drug_fp,"NK cells, Methotrexate",-0.1520603022572792,0.8505380385222937,-0.22533403753573594,2.042852228707084
split_cell_scaffold_heldout,ridge_drug_fp,"NK cells, FK 866",-0.061526294256391036,0.9353686650031775,-0.07706878197515728,2.0586266241130384
split_cell_scaffold_heldout,ridge_drug_fp,"NK cells, LY2090314",-0.07816511661848645,1.3499175499602918,-0.1403553360744933,2.704521792605708
split_cell_scaffold_heldout,ridge_drug_fp,"NK cells, PF-04691502",0.227107919357482,0.8314359387206309,0.45766884660732826,1.7744829874364094
split_cell_scaffold_heldout,ridge_drug_fp,"NK cells, Perhexiline",0.06993852551545884,0.8265378146676149,0.1110135636289149,1.9625371140842298
split_cell_scaffold_heldout,ridge_drug_fp,"NK cells, RVX-208",0.07565165052282516,0.7440670788644711,0.086849523129604,1.9206182500274385
split_cell_scaffold_heldout,ridge_drug_fp,"NK cells, Flutamide",0.10701681614450485,0.7626668908752594,0.3097210849413003,1.7556420187231816
split_cell_scaffold_heldout,ridge_drug_fp,"NK cells, PD-0325901",0.19043955880920918,0.8231803102416364,0.38584713839149765,1.9092629206867509
split_cell_scaffold_heldout,ridge_drug_fp,"NK cells, Defactinib",0.060961412528920754,0.8205740448258776,0.11781801535478521,1.8821466139753242
split_cell_scaffold_heldout,ridge_drug_fp,"NK cells, BI-D1870",-0.028926174567854866,0.9406790895294233,0.08552040420758605,1.8655891390579429
split_cell_scaffold_heldout,ridge_drug_fp,"NK cells, AZD3514",0.09176250116222308,0.7710611492844781,0.14174242597975942,1.8591800997609635
split_cell_scaffold_heldout,ridge_drug_fp,"NK cells, Saracatinib",0.10142843106209962,0.8190704539073251,0.2038716753125109,1.9430669986267572
split_cell_scaffold_heldout,ridge_drug_fp,"NK cells, Pitavastatin Calcium",0.035609736367455194,1.401655341875939,0.06879474930930907,2.647997473294634
split_cell_scaffold_heldout,ridge_drug_fp,"NK cells, ABT737",-0.025259471684814284,0.8655385609530348,-0.027077980609318267,1.9992922906395818
split_cell_scaffold_heldout,ridge_drug_fp,"NK cells, AZD-8330",0.26070685533132254,0.7988772743464221,0.4266064069779388,1.7758357013447466
split_cell_scaffold_heldout,ridge_drug_fp,"NK cells, GSK-1070916",0.12569211012278644,0.7714841246649055,0.2465753197543604,1.779971647086524
split_cell_scaffold_heldout,ridge_drug_fp,"NK cells, GSK256066",0.21617731968462114,1.018505831856039,0.3666105966091914,2.005464859654607
split_cell_scaffold_heldout,ridge_drug_fp,"NK cells, Oxybenzone",0.008896232469552444,0.6890907911972781,-0.044917427860743146,1.859974956253857
split_cell_scaffold_heldout,ridge_drug_fp,"NK cells, Imatinib",0.06720530589578956,0.8414171479297798,0.09532237049314053,1.8648664680026732
split_cell_scaffold_heldout,ridge_drug_fp,"NK cells, Colforsin",-0.0037149872225023723,0.7769248188601201,-0.07679717427954089,1.899080603787087
split_cell_scaffold_heldout,ridge_drug_fp,"NK cells, RG7090",-0.023677201892138545,0.7910742737981186,-0.03488546138623827,1.929938759420812
split_cell_scaffold_heldout,ridge_drug_fp,"NK cells, Mubritinib (TAK 165)",0.17883262226661448,0.9037132695400208,0.3733775440145297,1.997455698405248
split_cell_scaffold_heldout,ridge_cell_drug_fp,"NK cells, 5-(9-Isopropyl-8-methyl-2-morpholino-9H-purin-6-yl)pyrimidin-2-amine",0.3824513071404238,0.8460083092768478,0.6128961172971638,1.8438999003114345
split_cell_scaffold_heldout,ridge_cell_drug_fp,"NK cells, BAY 87-2243",0.061747808098227275,0.9901318885529468,0.14365967853529665,2.3028893547070552
split_cell_scaffold_heldout,ridge_cell_drug_fp,"NK cells, Porcn Inhibitor III",-0.12631887498409053,0.9733637022107856,-0.18997496208153752,2.174844596475013
split_cell_scaffold_heldout,ridge_cell_drug_fp,"NK cells, Vorinostat",0.5475670392273702,1.062415979647772,0.7313140740645511,2.0368327502311083
split_cell_scaffold_heldout,ridge_cell_drug_fp,"NK cells, Ruxolitinib",0.10847715296222293,0.8237300079000094,0.22459387080492113,1.8827432036030949
split_cell_scaffold_heldout,ridge_cell_drug_fp,"NK cells, Navitoclax",0.014571083468651914,0.8011287101808969,-0.011339817136039546,2.002829902725967
split_cell_scaffold_heldout,ridge_cell_drug_fp,"NK cells, Methotrexate",-0.15140921582833616,0.85008135272798,-0.22413714771457116,2.041895787244704
split_cell_scaffold_heldout,ridge_cell_drug_fp,"NK cells, FK 866",-0.061244609727529535,0.93536018455135,-0.07664667307946368,2.058539622849433
split_cell_scaffold_heldout,ridge_cell_drug_fp,"NK cells, LY2090314",-0.07898528627976081,1.3502888677691254,-0.14181969255689866,2.705308255364396
split_cell_scaffold_heldout,ridge_cell_drug_fp,"NK cells, PF-04691502",0.22678051146887007,0.8317844578930277,0.4575601588239464,1.774697473662633
split_cell_scaffold_heldout,ridge_cell_drug_fp,"NK cells, Perhexiline",0.06945690776449616,0.8266061727310976,0.11155837093397775,1.9623133099519985
split_cell_scaffold_heldout,ridge_cell_drug_fp,"NK cells, RVX-208",0.07617822926822344,0.7438771192719261,0.08773570512001497,1.920281676429637
split_cell_scaffold_heldout,ridge_cell_drug_fp,"NK cells, Flutamide",0.10723845266211368,0.762617806639755,0.31057012115807353,1.75528520037589
split_cell_scaffold_heldout,ridge_cell_drug_fp,"NK cells, PD-0325901",0.19116109099130518,0.8225099460481355,0.38658394562184484,1.9088215498620245
split_cell_scaffold_heldout,ridge_cell_drug_fp,"NK cells, Defactinib",0.061070709055521664,0.8201486649247667,0.11799353820806814,1.8819391593215558
split_cell_scaffold_heldout,ridge_cell_drug_fp,"NK cells, BI-D1870",-0.02876603587363108,0.9406750872117281,0.08605857960404069,1.8653497137474342
split_cell_scaffold_heldout,ridge_cell_drug_fp,"NK cells, AZD3514",0.0912802519968082,0.771538122508882,0.14126254321619777,1.8596052622548795
split_cell_scaffold_heldout,ridge_cell_drug_fp,"NK cells, Saracatinib",0.10185252726590709,0.8189180266318827,0.20512628133341154,1.9422827220099026
split_cell_scaffold_heldout,ridge_cell_drug_fp,"NK cells, Pitavastatin Calcium",0.036892573416347545,1.401233335718745,0.07102772474654936,2.647259219628756
split_cell_scaffold_heldout,ridge_cell_drug_fp,"NK cells, ABT737",-0.02508355906630904,0.8651883818380781,-0.026586614444797516,1.9990943872125957
split_cell_scaffold_heldout,ridge_cell_drug_fp,"NK cells, AZD-8330",0.26165816577523715,0.798126197617979,0.4276118580643712,1.775192131535998
split_cell_scaffold_heldout,ridge_cell_drug_fp,"NK cells, GSK-1070916",0.12581516463354545,0.7714258416706812,0.24694228562140105,1.7797507523837968
split_cell_scaffold_heldout,ridge_cell_drug_fp,"NK cells, GSK256066",0.2167340348561384,1.0175973679387829,0.367353719761317,2.004712741777272
split_cell_scaffold_heldout,ridge_cell_drug_fp,"NK cells, Oxybenzone",0.008858801451038296,0.6888616665971901,-0.04500408168473873,1.8604172517212332
split_cell_scaffold_heldout,ridge_cell_drug_fp,"NK cells, Imatinib",0.0671612193282866,0.8413526164246418,0.09448715520145634,1.8651908810688955
split_cell_scaffold_heldout,ridge_cell_drug_fp,"NK cells, Colforsin",-0.003481305078246697,0.776996416003646,-0.07617194296582384,1.8988185582699586
split_cell_scaffold_heldout,ridge_cell_drug_fp,"NK cells, RG7090",-0.02382874211377535,0.7906294069036077,-0.0332800178544709,1.9293812904950618
split_cell_scaffold_heldout,ridge_cell_drug_fp,"NK cells, Mubritinib (TAK 165)",0.17824422916504742,0.9039049964034287,0.3727652509697023,1.997848164151429
