split,baseline,sample_id,rowwise_pearson,rmse,de_rowwise_pearson,de_rmse
split_random,ridge_cell,"T cells, TIE2 Kinase Inhibitor",0.22380085543047287,0.5665678528917416,0.4675704292112098,1.545072469223733
split_random,ridge_cell,"T cells, MK-5108",0.1373284728598681,0.5721096543043116,0.24410481120150604,1.6575277973636402
split_random,ridge_cell,"NK cells, Atorvastatin",0.27532409688725445,0.6199284093006516,0.4606327913162496,1.6747621373452364
split_random,ridge_cell,"T cells, Atorvastatin",0.25498172279937925,0.5521638928369986,0.4437721227387827,1.587483525815871
split_random,ridge_cell,"NK cells, Clomipramine",0.23693845053028814,0.6031791530775288,0.46287101733393393,1.699062454445755
split_random,ridge_cell,"T cells, Clomipramine",0.272880858855266,0.5576892286273963,0.5041885896574158,1.5571038376588433
split_random,ridge_cell,"B cells, Tivozanib",0.5066090159500125,0.7179787756941508,0.7606740093061033,1.7444000235872108
split_random,ridge_cell,"NK cells, Ixabepilone",0.23259797819887548,0.6190657132268257,0.3987678748843931,1.7831954554024698
split_random,ridge_cell,"B cells, Linagliptin",0.04122215337694972,0.6383362699804646,0.04784368297846841,1.779699005162806
split_random,ridge_cell,"T cells, Linagliptin",0.2347869335010705,0.5175836054323757,0.3192670559206952,1.5323992972786775
split_random,ridge_cell,"Myeloid cells, 5-(9-Isopropyl-8-methyl-2-morpholino-9H-purin-6-yl)pyrimidin-2-amine",0.39151740364153487,1.53451859182735,0.5352624971935129,2.6507046326250965
split_random,ridge_cell,"T cells, Protriptyline",0.18880490765339994,0.5176460765409752,0.4297328919020121,1.5522288858837714
split_random,ridge_cell,"B cells, I-BET151",0.4372536180774143,1.2315325327004585,0.5853143361932509,2.339769704335641
split_random,ridge_cell,"NK cells, I-BET151",0.2503503978175023,0.9962040104389658,0.3804039313491486,2.2438919959173593
split_random,ridge_cell,"NK cells, BMS-387032",0.29972650754729835,0.7948621274102466,0.5253611908716252,1.9521848423846955
split_random,ridge_cell,"T cells, IN1451",0.30703970035563605,2.760419622703138,0.3600123814882316,3.3631984261694345
split_random,ridge_cell,"T cells, BAY 87-2243",0.5277557651141136,1.183998012743329,0.6812762680909145,2.247071265115493
split_random,ridge_cell,"B cells, TL_HRAS26",0.3799846213372649,0.5885579193525737,0.6258021691097094,1.598618157157637
split_random,ridge_cell,"B cells, Proscillaridin A;Proscillaridin-A",0.1709501067311615,2.2650831976887917,0.2168624948910227,3.132241619973295
split_random,ridge_cell,"T cells, BMS-265246",0.15721345909719117,1.36478045064451,0.2571920289150958,2.537786172790566
split_random,ridge_cell,"NK cells, Ruxolitinib",0.41118999433497394,0.6891435581024229,0.6580138663565188,1.7377946861443851
split_random,ridge_cell,"T cells, Dovitinib",0.5289420828865233,0.684365522956216,0.7556461845134301,1.8313908676635284
split_random,ridge_cell,"T cells, AVL-292",0.6291816525792575,0.6589278523696436,0.8440429283284402,1.626459181849937
split_random,ridge_cell,"B cells, Navitoclax",-0.23019564817936544,0.9876380563374526,-0.42675163770820035,2.3503963653389524
split_random,ridge_cell,"Myeloid cells, Methotrexate",0.13452305258992195,0.9268203373695968,0.25767168112551336,2.0869941979474027
split_random,ridge_cell,"T cells, Palbociclib",0.35603702408213894,0.5145988011373838,0.6796695967852303,1.4741249451512104
split_random,ridge_cell,"T cells, Trametinib",0.396380744427642,0.6544863806444972,0.7035150747744902,1.7143681139795979
split_random,ridge_cell,"Myeloid cells, FK 866",0.38733587986716556,1.0927663412825277,0.5908837904599252,2.2053767925565424
split_random,ridge_cell,"NK cells, FK 866",0.22442479445938215,0.7228862436984841,0.4361440914713717,1.8535477680907315
split_random,ridge_cell,"NK cells, Chlorpheniramine",0.18208946443420942,0.6465979579091684,0.3114007445225602,1.8413769279677106
split_random,ridge_cell,"T cells, Chlorpheniramine",0.41302489714437596,0.5383504776669067,0.6818033481115734,1.4760105401796142
split_random,ridge_cell,"T cells, BAY 61-3606",0.412337390308806,1.7810573820178117,0.5233201812605625,2.7661797638633105
split_random,ridge_cell,"T cells, LY2090314",-0.024054362725377323,2.4699053985498316,-0.03570163339642336,3.3309906512632135
split_random,ridge_cell,"T cells, Dasatinib",0.6489757788613135,0.9741638249156344,0.8084372461279999,1.9872230791127232
split_random,ridge_cell,"NK cells, Perhexiline",0.4286899342312907,0.7403196151843441,0.6467830379307031,1.781148692783891
split_random,ridge_cell,"NK cells, RVX-208",0.18171584745998473,0.6841665131334708,0.26574079834768755,1.8622338675933294
split_random,ridge_cell,"NK cells, Desloratadine",0.14189597951656102,0.6404313142267396,0.28989031533635656,1.7608588363522157
split_random,ridge_cell,"Myeloid cells, Dactolisib",0.5196750223000962,2.0182896297524233,0.6312307264912547,2.9442953624871917
split_random,ridge_cell,"T cells, Dactolisib",0.6580650097356244,1.4117102687848302,0.7937069633659254,2.474186838174667
split_random,ridge_cell,"T cells, BMS-536924",0.7044867800787824,0.9717432202246619,0.8709596232765662,2.032512630262527
split_random,ridge_cell,"Myeloid cells, Isoniazid",0.337002487032264,0.5653324037974286,0.6187467590033354,1.5147641398593663
split_random,ridge_cell,"NK cells, Penfluridol",0.247186088867536,0.656904325471279,0.46787168363903614,1.742346815270801
split_random,ridge_cell,"T cells, Penfluridol",0.0882810350500982,0.5590120756157247,0.3432239826257281,1.6088485183998693
split_random,ridge_cell,"Myeloid cells, Quizartinib",0.3562703935933044,0.731761166059994,0.6292167996815806,1.9716892701653952
split_random,ridge_cell,"NK cells, Quizartinib",0.14421496196058897,0.636083559352273,0.26417095383658384,1.8075593414581919
split_random,ridge_cell,"T cells, Quizartinib",0.27308275168336194,0.5434376275490189,0.4795380147122156,1.7105309438460736
split_random,ridge_cell,"NK cells, RN-486",0.05685527496966424,0.6863992073629614,0.16715183906061676,1.8615423628475771
split_random,ridge_cell,"B cells, PD-0325901",0.5778662613706023,0.7039348046434077,0.8018879901266627,1.7596251835430325
split_random,ridge_cell,"Myeloid cells, LDN 193189",0.10959356038292117,0.7956836936797311,0.3080518237007755,1.942090989642113
split_random,ridge_cell,"NK cells, Cabozantinib",0.2043855165246106,0.6467715127284598,0.40081565216726317,1.7462111231203774
split_random,ridge_cell,"B cells, CHIR-99021",-0.15412742569318302,0.8767182939503074,-0.31708303415139083,2.1675890639664472
split_random,ridge_cell,"T cells, CHIR-99021",-0.06090741591818702,1.494672437199344,-0.07451783674468951,2.7909158096323496
split_random,ridge_cell,"NK cells, Defactinib",0.2421487749953807,0.6408219542245093,0.526095659520855,1.7648983225252441
split_random,ridge_cell,"B cells, BI-D1870",0.24298072619593372,0.623283856416382,0.44035051618142723,1.6794962955933856
split_random,ridge_cell,"NK cells, CC-401",0.3799998784021403,0.6530860005189782,0.5930773773999974,1.7387973518853772
split_random,ridge_cell,"NK cells, Resminostat",0.23330623267834624,1.3177489788680763,0.3782631701822417,2.502930488947314
split_random,ridge_cell,"NK cells, Crizotinib",0.4062653816891803,0.6641301323541285,0.6255332893284213,1.6938682095822417
split_random,ridge_cell,"B cells, TR-14035",0.43859185483663843,0.595104715100233,0.6542516276108733,1.613603376315792
split_random,ridge_cell,"NK cells, Saracatinib",0.3246017076614155,0.7081626343758403,0.5764355236814224,1.8262828763664118
split_random,ridge_cell,"NK cells, RG7112",0.29708109418009765,0.6327813988655437,0.5138837667034527,1.8619116478603293
split_random,ridge_cell,"NK cells, ABT737",0.20782570684746418,0.7102224862780853,0.36591463189223766,1.8588631995786715
split_random,ridge_cell,"Myeloid cells, PRT-062607",0.687825852357239,1.3013178260372835,0.8154645156110949,2.3317025270728537
split_random,ridge_cell,"T cells, PRT-062607",0.7089176331926884,0.8724474364850606,0.8587787949219252,1.8394255473009362
split_random,ridge_cell,"T cells, CGM-097",0.04018700066326275,1.3667570744571156,0.05555250854684197,2.6478392043656314
split_random,ridge_cell,"NK cells, STK219801",0.22396477804628104,0.6525412992757991,0.3875367521392281,1.8682744185156934
split_random,ridge_cell,"NK cells, MGCD-265",0.1854838902538664,0.6289354583642583,0.4073319639017342,1.7525173582996645
split_random,ridge_cell,"T cells, MGCD-265",0.4305515433770127,0.46144068546691475,0.6892723305839201,1.352635143275029
split_random,ridge_cell,"NK cells, Ricolinostat",0.07412317309698975,0.7673361419408278,0.12818711434637234,1.9271652075684382
split_random,ridge_cell,"NK cells, YK 4-279",0.093037256707125,0.6836210778811445,0.20535008809731425,1.8046806510909619
split_random,ridge_cell,"Myeloid cells, Midostaurin",0.4080246686626246,1.0757984601178112,0.6082656439582372,2.2161567389301737
split_random,ridge_cell,"T cells, CEP-37440",0.4429463604502952,0.6108985029362949,0.7190653792836453,1.7187479359550113
split_random,ridge_cell,"Myeloid cells, R428",0.35986948898087934,1.9805466148600075,0.4634049965753197,2.940968346668272
split_random,ridge_cell,"NK cells, Oxybenzone",0.23218679747787546,0.6102529104833189,0.4130156485304024,1.7228092520097034
split_random,ridge_cell,"NK cells, Vandetanib",0.2850904502212921,0.6208618969213577,0.6042945880896177,1.738395635478825
split_random,ridge_cell,"T cells, Imatinib",0.2953023216440342,0.5041322253758073,0.4521488281267817,1.422710373617233
split_random,ridge_cell,"B cells, Tivantinib",0.4323883706135963,0.6572255895922474,0.6435293119723253,1.6886961831658673
split_random,ridge_cell,"Myeloid cells, Colchicine",0.3089623275421899,2.4092857094280076,0.3794006996350927,3.202038141183141
split_random,ridge_cell,"NK cells, Tipifarnib",0.33454076675843575,0.6613496577717909,0.5798106164064207,1.784204509849166
split_random,ridge_cell,"Myeloid cells, BX 912",0.5377458674977393,0.7323632806515267,0.7749514121963829,1.7419469592326784
split_random,ridge_cell,"T cells, BX 912",0.6629194538669985,0.6813566385625627,0.8545284108641213,1.630928056316665
split_random,ridge_cell,"T cells, Prednisolone",0.5429643716047721,1.3082037012736074,0.677677083023545,2.461604343038578
split_random,ridge_cell,"NK cells, Tacalcitol",0.30530557133315006,0.6564436058390986,0.511302013443861,1.7622356699124462
split_random,ridge_cell,"Myeloid cells, Selumetinib",0.5836371370436011,0.9334539867895706,0.7989472111019621,2.01706999076968
split_random,ridge_cell,"T cells, Selumetinib",0.5511554551328551,0.5861703289409863,0.8052682411708457,1.5639238180862174
split_random,ridge_cell,"T cells, Clotrimazole",0.23630976424214847,0.5434368829126462,0.4171035533645008,1.6252452658366736
split_random,ridge_cell,"NK cells, Vanoxerine",0.2589396252619561,0.6356163932214268,0.37346844757100894,1.7242529042887345
split_random,ridge_cell,"NK cells, HYDROXYUREA",0.1299346570197572,0.638995665819042,0.31453792651643775,1.7424687507960424
split_random,ridge_cell,"T cells, HYDROXYUREA",0.056280758669093184,0.5797150930335742,-0.014878624965753632,1.7497957019401766
split_random,ridge_cell,"B cells, TIE2 Kinase Inhibitor",0.17600178590562443,0.5792593161917652,0.28257321526138784,1.6139152316077061
split_random,ridge_cell,"B cells, Lapatinib",-0.055638778382404226,0.7157077637133771,-0.07851055140482407,1.915330702206029
split_random,ridge_cell,"B cells, Phenylbutazone",0.22122861338000258,0.5620050793934785,0.391524333768884,1.5940017903280683
split_random,ridge_cell,"Myeloid cells, Phenylbutazone",0.04440974361310631,0.6273053236229432,0.14524976120283992,1.7014994071333882
split_random,ridge_cell,"B cells, Vorinostat",0.4121637835372536,1.5485318153548904,0.5470787223977744,2.586494945307594
split_random,ridge_cell,"Myeloid cells, AVL-292",0.4964260851505378,0.8398418227987422,0.7484378195927548,1.901160497076077
split_random,ridge_cell,"B cells, Vardenafil",0.30288219404294503,0.5711118816190941,0.5588700365342307,1.543144836524149
split_random,ridge_cell,"B cells, Dasatinib",0.6697939184584483,1.0555377776676094,0.8327898822279349,2.1317461982870594
split_random,ridge_cell,"B cells, Perhexiline",0.7019994591340697,0.8971460379958159,0.854277583951138,1.865177169540051
split_random,ridge_cell,"Myeloid cells, Perhexiline",0.5103949639828314,0.8504302301067191,0.7244614549438677,1.922918156008028
split_random,ridge_cell,"B cells, Disulfiram",0.20086392450244317,0.6013299653907819,0.3986742486701075,1.6915201440168601
split_random,ridge_cell,"Myeloid cells, IKK Inhibitor VII",0.610773608708602,1.3922582025219632,0.7508823699626975,2.500839949807599
split_random,ridge_cell,"Myeloid cells, IMD-0354",0.49161050617193974,1.4750515429785205,0.6334520964557325,2.5409508740344164
split_random,ridge_cell,"B cells, Canertinib",0.2931753090983423,0.7152582227242273,0.5062787214498693,1.8439226638593684
split_random,ridge_cell,"B cells, RN-486",0.03376259492697326,0.662379259166764,0.12390446796068011,1.7772256168815914
split_random,ridge_cell,"B cells, Decitabine",0.1617144398431297,0.5919647945076951,0.2577752416319864,1.7229836290488536
split_random,ridge_cell,"Myeloid cells, AZD3514",0.3946292132599353,0.782565449560995,0.6515721068744958,1.8661374174525722
split_random,ridge_cell,"B cells, HMN-214",-0.038197355742686935,0.6640864695403094,0.021533383650208307,1.7958694163919298
split_random,ridge_cell,"Myeloid cells, HMN-214",0.21608032725841164,0.8409037881945772,0.39417708025463266,1.9603601303009142
split_random,ridge_cell,"Myeloid cells, CC-401",0.3789911812518352,0.8898483896533099,0.6116679227253361,1.9787772192827988
split_random,ridge_cell,"Myeloid cells, Resminostat",0.46072231635241423,1.8675637657514226,0.5771585499172561,2.783726248094013
split_random,ridge_cell,"Myeloid cells, Nilotinib",0.44997429205994643,1.1032768678016307,0.6635589376062575,2.224070682466206
split_random,ridge_cell,"B cells, Lamivudine",0.36333245361200806,0.5900263692981047,0.6563938822857388,1.5622630504018482
split_random,ridge_cell,"Myeloid cells, Lamivudine",0.24998102748042844,0.6885181228449515,0.5017330567130619,1.732393555592008
split_random,ridge_cell,"B cells, AZD-8330",0.641472604884918,0.6589142330506732,0.8471358237866052,1.631489278784919
split_random,ridge_cell,"Myeloid cells, CGM-097",0.028697118140204245,1.2646420823866682,0.09456664860641499,2.4821240898681305
split_random,ridge_cell,"Myeloid cells, MGCD-265",0.28743111261891996,0.6081905548019482,0.544023961014249,1.5863783340840227
split_random,ridge_cell,"Myeloid cells, Bosutinib",0.5148582099819414,1.5809463894080946,0.6655980778933135,2.636178320837608
split_random,ridge_cell,"B cells, GSK256066",0.4066413945207207,0.8131377648890733,0.6707769949446718,1.9894358037561817
split_random,ridge_cell,"Myeloid cells, Vandetanib",0.24549569621587664,0.7696844467501278,0.44773387153827443,1.8735316399030673
split_random,ridge_cell,"B cells, Tosedostat",0.19932225688300212,0.6679811401237373,0.3677638190005038,1.7519773400215795
split_random,ridge_cell,"B cells, Mometasone Furoate",0.6149126285290989,1.127887983034112,0.7588486518045172,2.224019648106167
split_random,ridge_cell,"Myeloid cells, Tipifarnib",0.42840272991530104,0.7616342549995859,0.7190248017461245,1.786391733581159
split_random,ridge_cell,"Myeloid cells, AZD4547",0.2970228041542781,0.6510243090533856,0.551631840783831,1.7405406309770548
split_random,ridge_cell,"B cells, Prednisolone",0.5801952811595297,0.981014387258317,0.7556173286342057,2.1064908664753244
split_random,ridge_cell,"Myeloid cells, Vanoxerine",0.42436570607836815,0.5669043810117295,0.735320520236754,1.4811276113843848
split_random,ridge_drug_fp,"T cells, TIE2 Kinase Inhibitor",0.23954941263925006,0.5880770141341894,0.5373069727486931,1.5064374188987715
split_random,ridge_drug_fp,"T cells, MK-5108",0.27427372420999896,0.5443406301405477,0.5495030947432874,1.4938814797989712
split_random,ridge_drug_fp,"NK cells, Atorvastatin",0.12790077974748548,0.7300234717236477,0.2634684323155419,1.722762088250617
split_random,ridge_drug_fp,"T cells, Atorvastatin",0.26507589910315865,0.5979343332315824,0.5627056981043168,1.4574816510916802
split_random,ridge_drug_fp,"NK cells, Clomipramine",0.14237615417875224,0.6843649960427903,0.22195072590356038,1.7432698699017384
split_random,ridge_drug_fp,"T cells, Clomipramine",0.2783670069504522,0.5870960311316045,0.5382047114635485,1.4997651433424675
split_random,ridge_drug_fp,"B cells, Tivozanib",0.2612639111526104,0.8173325006608321,0.5083694371921835,1.928090529320674
split_random,ridge_drug_fp,"NK cells, Ixabepilone",0.12927154639080535,0.6805181166133171,0.2952614449304752,1.7880490628064485
split_random,ridge_drug_fp,"B cells, Linagliptin",0.05293029947106189,0.6753215099517912,0.04607405796632278,1.7952627798654168
split_random,ridge_drug_fp,"T cells, Linagliptin",0.13286080562158709,0.5929775513211905,0.358010348578555,1.506596745319999
split_random,ridge_drug_fp,"Myeloid cells, 5-(9-Isopropyl-8-methyl-2-morpholino-9H-purin-6-yl)pyrimidin-2-amine",0.5441442062853658,1.3724738571720896,0.6906723163053736,2.1605266038393958
split_random,ridge_drug_fp,"T cells, Protriptyline",0.17954696120341698,0.5115161173922574,0.4488277563097011,1.5684121647878182
split_random,ridge_drug_fp,"B cells, I-BET151",0.6495772589742792,1.162041910461982,0.8273995071852653,1.4468756730430796
split_random,ridge_drug_fp,"NK cells, I-BET151",0.5156003777110826,1.2599299193512032,0.756519480619087,1.5495674354381812
split_random,ridge_drug_fp,"NK cells, BMS-387032",0.34583482605786353,1.0726777747514196,0.5880582108378055,1.6946554324398935
split_random,ridge_drug_fp,"T cells, IN1451",0.769723976197687,2.0192559245573647,0.8154509601222611,2.4116090619616086
split_random,ridge_drug_fp,"T cells, BAY 87-2243",0.5399827058296677,1.1104285327395076,0.69325738765166,1.9196726569065048
split_random,ridge_drug_fp,"B cells, TL_HRAS26",0.15693832736628158,0.6654737599561739,0.3344993443342577,1.7658700346045215
split_random,ridge_drug_fp,"B cells, Proscillaridin A;Proscillaridin-A",0.7448176808601996,1.6097543346086836,0.8506849312582286,1.6857764447765673
split_random,ridge_drug_fp,"T cells, BMS-265246",0.648146166715927,1.0529237054084346,0.8035108422537589,1.7829830542476355
split_random,ridge_drug_fp,"NK cells, Ruxolitinib",0.2657603842817017,0.9495919471888333,0.4835432739824246,1.69842161737209
split_random,ridge_drug_fp,"T cells, Dovitinib",0.436751926448844,0.7354512459347607,0.7109978282836131,1.6885565322454612
split_random,ridge_drug_fp,"T cells, AVL-292",0.47280450725558354,0.7400010552024562,0.7398516821221175,1.5552633476776776
split_random,ridge_drug_fp,"B cells, Navitoclax",0.2782824099602317,0.8473063404696851,0.5226673349681634,1.9154905371136242
split_random,ridge_drug_fp,"Myeloid cells, Methotrexate",0.16444791092324085,0.9252964274162326,0.2751022732250086,2.06224252396175
split_random,ridge_drug_fp,"T cells, Palbociclib",0.31034434331756666,0.5626843812179613,0.6365732264207445,1.5057219081706685
split_random,ridge_drug_fp,"T cells, Trametinib",0.3834894583103008,0.7512892065477466,0.6928726901200639,1.5444786356944114
split_random,ridge_drug_fp,"Myeloid cells, FK 866",0.37930289817259055,1.1047182058516838,0.5538228525960996,2.084371033758484
split_random,ridge_drug_fp,"NK cells, FK 866",0.2450845682171633,0.841940049553616,0.44186115635071926,1.7612896463842078
split_random,ridge_drug_fp,"NK cells, Chlorpheniramine",0.04523000571067752,0.7111685837720122,0.05076175296701986,1.9054066115841624
split_random,ridge_drug_fp,"T cells, Chlorpheniramine",0.1728876876741218,0.6168521346394047,0.37782259838303045,1.6466621819941336
split_random,ridge_drug_fp,"T cells, BAY 61-3606",0.6449844320997317,1.4593231492302858,0.753704985933508,2.1367357926144748
split_random,ridge_drug_fp,"T cells, LY2090314",0.4420914626269693,2.189058836293587,0.5143014820121347,2.872376600451809
split_random,ridge_drug_fp,"T cells, Dasatinib",0.4805084112696935,1.04915616811563,0.6974695217397527,1.7838505552054371
split_random,ridge_drug_fp,"NK cells, Perhexiline",0.3284805028256239,0.8980302751737493,0.5292962441381565,1.6843105983737856
split_random,ridge_drug_fp,"NK cells, RVX-208",0.29149364657774146,0.7603080901117433,0.4877437945043168,1.6236838854160334
split_random,ridge_drug_fp,"NK cells, Desloratadine",0.10534414042634536,0.6812123384625232,0.10198887936974356,1.8069647116893994
split_random,ridge_drug_fp,"Myeloid cells, Dactolisib",0.5457892775476362,1.8331069399390065,0.6310215351804767,2.5910458084163084
split_random,ridge_drug_fp,"T cells, Dactolisib",0.7012262099040285,1.152674157803291,0.8098596390182741,1.8538257025314224
split_random,ridge_drug_fp,"T cells, BMS-536924",0.5045021979218158,1.01060304481803,0.718006816621645,1.943015269817421
split_random,ridge_drug_fp,"Myeloid cells, Isoniazid",0.13287478076318024,0.6130217578161373,0.22399203755269595,1.737245011688627
split_random,ridge_drug_fp,"NK cells, Penfluridol",0.1332912827295171,0.7375840866781638,0.27752849986607453,1.7817880789372114
split_random,ridge_drug_fp,"T cells, Penfluridol",0.18537161936388016,0.5709566013689814,0.3050470217444173,1.6121441056478933
split_random,ridge_drug_fp,"Myeloid cells, Quizartinib",0.118862618114036,0.8580110466284384,0.28285040292602204,2.196040903955358
split_random,ridge_drug_fp,"NK cells, Quizartinib",0.05231170256238785,0.7582761351045124,0.17455635938080685,1.8364304790476396
split_random,ridge_drug_fp,"T cells, Quizartinib",0.16248269508049892,0.6442814846711343,0.4785417236669885,1.6640373706028575
split_random,ridge_drug_fp,"NK cells, RN-486",0.02459421065647705,0.7720811022761994,0.13651467027906705,1.8776675849997526
split_random,ridge_drug_fp,"B cells, PD-0325901",0.3606987099631029,0.8542338913722559,0.6544126763825558,1.7183881417654714
split_random,ridge_drug_fp,"Myeloid cells, LDN 193189",0.22086674385762847,0.7649781557331391,0.4370721943996504,1.8837495306050585
split_random,ridge_drug_fp,"NK cells, Cabozantinib",0.16426544341023247,0.7026707446728033,0.3446391291219731,1.733045417842493
split_random,ridge_drug_fp,"B cells, CHIR-99021",0.3287922542552584,0.8315279804517963,0.5909216868990724,1.6357594986302704
split_random,ridge_drug_fp,"T cells, CHIR-99021",0.41931123085725497,1.3103917686987998,0.6207305370671684,2.328955939439804
split_random,ridge_drug_fp,"NK cells, Defactinib",0.20612812091446958,0.7769555005643299,0.3726903124011291,1.7558847509967295
split_random,ridge_drug_fp,"B cells, BI-D1870",0.20156998510252613,0.6711777283033205,0.3686081724801104,1.7128444368736728
split_random,ridge_drug_fp,"NK cells, CC-401",0.28536455477761935,0.779588329973846,0.4506590454692486,1.7062513353385016
split_random,ridge_drug_fp,"NK cells, Resminostat",0.6663529161299963,1.20393041765359,0.8414710957973273,1.3863304606477258
split_random,ridge_drug_fp,"NK cells, Crizotinib",0.2725174478368455,0.8268472688744664,0.46543285639825277,1.679529997850312
split_random,ridge_drug_fp,"B cells, TR-14035",0.22706160634483022,0.6747987545694853,0.3929129495758239,1.7912898880296946
split_random,ridge_drug_fp,"NK cells, Saracatinib",0.2939212115187638,0.9645696803144466,0.4659418590155305,1.7484506090110035
split_random,ridge_drug_fp,"NK cells, RG7112",0.3133904080679342,0.670755132174451,0.5331531138694152,1.633751081972803
split_random,ridge_drug_fp,"NK cells, ABT737",0.0554176226885716,0.8594370596961571,0.1577899150420596,1.9365920253110092
split_random,ridge_drug_fp,"Myeloid cells, PRT-062607",0.3625031541210685,1.413230742537188,0.5142699728031493,2.3835148922885385
split_random,ridge_drug_fp,"T cells, PRT-062607",0.5843871766938501,0.8733500853019982,0.7926671824522065,1.5562680517535254
split_random,ridge_drug_fp,"T cells, CGM-097",0.5932826352827854,1.0861335624939366,0.7449455471135896,1.9771434963204777
split_random,ridge_drug_fp,"NK cells, STK219801",0.21847528612768408,0.6941413534719814,0.3595122822823828,1.796730956108936
split_random,ridge_drug_fp,"NK cells, MGCD-265",0.03848740671802464,0.8458509917516076,0.029822676961963487,1.8901408598764526
split_random,ridge_drug_fp,"T cells, MGCD-265",0.26649665409366696,0.6625260308549132,0.4911491318836136,1.4654727829393444
split_random,ridge_drug_fp,"NK cells, Ricolinostat",0.33013314373679836,0.8390253340463005,0.524619642087636,1.6209055531858898
split_random,ridge_drug_fp,"NK cells, YK 4-279",0.14845914146314576,0.7053706313357141,0.35139774253244244,1.743873000784751
split_random,ridge_drug_fp,"Myeloid cells, Midostaurin",0.25609676581513835,1.160499063704532,0.4491123769858849,2.2452088421338097
split_random,ridge_drug_fp,"T cells, CEP-37440",0.3648702117493312,0.6725754952608208,0.6863987395474838,1.6367379634591381
split_random,ridge_drug_fp,"Myeloid cells, R428",0.32731474065692134,1.9615740846624958,0.4169876274188787,2.8353870395600254
split_random,ridge_drug_fp,"NK cells, Oxybenzone",0.09220105755811425,0.6543215245016285,0.06354949713455839,1.832431196245602
split_random,ridge_drug_fp,"NK cells, Vandetanib",0.08798400303377969,0.7412997249448294,0.1529345723772838,1.855631467434338
split_random,ridge_drug_fp,"T cells, Imatinib",0.175124683926283,0.5384614227134152,0.3443660891714058,1.5300868878210603
split_random,ridge_drug_fp,"B cells, Tivantinib",0.37231228854918685,0.7081408911828748,0.5975308972654234,1.6287782325288516
split_random,ridge_drug_fp,"Myeloid cells, Colchicine",0.37188993479505517,2.332518351765497,0.4346048297245018,3.082069210134837
split_random,ridge_drug_fp,"NK cells, Tipifarnib",0.22434692470985768,0.7545166277207869,0.3858239150039341,1.7806957842817117
split_random,ridge_drug_fp,"Myeloid cells, BX 912",0.19981504330458905,0.9109467576167166,0.39239055671392475,1.9676358310709645
split_random,ridge_drug_fp,"T cells, BX 912",0.4594593665667462,0.7665060637738487,0.7408064060308728,1.6307244191959978
split_random,ridge_drug_fp,"T cells, Prednisolone",0.49528049733250057,1.2764351747403229,0.6676155128982536,2.122054993414013
split_random,ridge_drug_fp,"NK cells, Tacalcitol",0.1082499524761022,1.025524266989716,0.09683531298589283,1.9538768374907594
split_random,ridge_drug_fp,"Myeloid cells, Selumetinib",0.23949037739193327,1.090519060043546,0.41629792028306895,2.2150535895430763
split_random,ridge_drug_fp,"T cells, Selumetinib",0.418505985414588,0.6796301531419603,0.714777249718439,1.501923882602412
split_random,ridge_drug_fp,"T cells, Clotrimazole",0.24186090474216043,0.5543275209786094,0.5226545070976703,1.5831836115236773
split_random,ridge_drug_fp,"NK cells, Vanoxerine",0.10668588393030988,0.7159761418443261,0.1971215876524701,1.767415351781404
split_random,ridge_drug_fp,"NK cells, HYDROXYUREA",0.051231479868407134,0.7078816279757817,0.1278060102755143,1.7933276180977793
split_random,ridge_drug_fp,"T cells, HYDROXYUREA",0.1581834031563875,0.5694667388136374,0.25377583984347485,1.6475175909450128
split_random,ridge_drug_fp,"B cells, TIE2 Kinase Inhibitor",0.10610257940766629,0.6283566522348024,0.2850958663368784,1.6217569708471573
split_random,ridge_drug_fp,"B cells, Lapatinib",0.2498016818886461,0.6423880201219752,0.5436382916439221,1.6184937817574676
split_random,ridge_drug_fp,"B cells, Phenylbutazone",0.10289380000936063,0.6026481236247987,0.06509931404083484,1.7108529032615654
split_random,ridge_drug_fp,"Myeloid cells, Phenylbutazone",0.1636221054782524,0.5952015446408538,0.23655123225967595,1.6575594548162869
split_random,ridge_drug_fp,"B cells, Vorinostat",0.7110736435316629,1.1632143866449565,0.834113880532694,1.6561305546074878
split_random,ridge_drug_fp,"Myeloid cells, AVL-292",0.17634709592439213,1.023149012003894,0.34502377045072496,2.121790562679331
split_random,ridge_drug_fp,"B cells, Vardenafil",0.1755816676781046,0.6294729534294599,0.3969320474713841,1.6238926588537763
split_random,ridge_drug_fp,"B cells, Dasatinib",0.3705884425458301,1.2193981422338376,0.5828566720619255,2.1202814967879187
split_random,ridge_drug_fp,"B cells, Perhexiline",0.5558778016959307,0.9201924043466297,0.732458634343305,1.681811781314498
split_random,ridge_drug_fp,"Myeloid cells, Perhexiline",0.34944956945828787,0.9931429318304444,0.5699831637946227,1.8808846533254258
split_random,ridge_drug_fp,"B cells, Disulfiram",0.14420869554442514,0.617178317947654,0.30425829082350614,1.7147823826953126
split_random,ridge_drug_fp,"Myeloid cells, IKK Inhibitor VII",0.3126082884921981,1.4969954414911175,0.46901851914089376,2.569924437514436
split_random,ridge_drug_fp,"Myeloid cells, IMD-0354",0.4858568031256174,1.413195780014505,0.6300918306808289,2.229066336026845
split_random,ridge_drug_fp,"B cells, Canertinib",0.36549534963293373,0.7320985096028655,0.5845483159963908,1.6508096610966385
split_random,ridge_drug_fp,"B cells, RN-486",0.02549321359445376,0.7089177756620771,-0.05729959810155165,1.8617104405397125
split_random,ridge_drug_fp,"B cells, Decitabine",0.11153062791778999,0.588755312529557,0.18081363894594185,1.754584251766816
split_random,ridge_drug_fp,"Myeloid cells, AZD3514",0.3797896897929949,0.8036371621986844,0.6271793130562763,1.762297304095355
split_random,ridge_drug_fp,"B cells, HMN-214",0.27330307205829363,0.622120858848198,0.5422198432433838,1.5065632619541878
split_random,ridge_drug_fp,"Myeloid cells, HMN-214",0.3716249544274224,0.8000312462914171,0.6288058756559683,1.7166499176187702
split_random,ridge_drug_fp,"Myeloid cells, CC-401",0.4534882468804062,0.8702744399084568,0.6308912686903602,1.778230165134526
split_random,ridge_drug_fp,"Myeloid cells, Resminostat",0.4800740413073277,1.8497295545262866,0.6012901539296285,2.383114509829333
split_random,ridge_drug_fp,"Myeloid cells, Nilotinib",0.3043228832284626,1.1699831204516304,0.46157617209620855,2.257263563288114
split_random,ridge_drug_fp,"B cells, Lamivudine",0.1526311017019034,0.6749118964927291,0.24576049319363588,1.7666740550614566
split_random,ridge_drug_fp,"Myeloid cells, Lamivudine",0.13747272015534281,0.7390481033092606,0.3246160698030271,1.8287967194065806
split_random,ridge_drug_fp,"B cells, AZD-8330",0.4096734522522942,0.7837149205359351,0.6783374853113001,1.6600738935742847
split_random,ridge_drug_fp,"Myeloid cells, CGM-097",0.4349430847010791,1.1193126942433196,0.5874423331588223,2.037860038372181
split_random,ridge_drug_fp,"Myeloid cells, MGCD-265",0.19181760850447468,0.7660683624438643,0.3741241198424288,1.6517855598133018
split_random,ridge_drug_fp,"Myeloid cells, Bosutinib",0.47381777921187485,1.5198107008826358,0.6091951021030053,2.4320108509100513
split_random,ridge_drug_fp,"B cells, GSK256066",0.3073835026428867,0.9035967749273328,0.5017898759576975,1.9746807592590285
split_random,ridge_drug_fp,"Myeloid cells, Vandetanib",0.11168139397604977,0.8463010563373426,0.25160423751210925,1.9571613493629587
split_random,ridge_drug_fp,"B cells, Tosedostat",0.2502749665322577,0.7490897824201598,0.5047579887023713,1.5953007273890845
split_random,ridge_drug_fp,"B cells, Mometasone Furoate",0.530575062325635,1.1676392159235043,0.7305645708638995,1.8128536799111468
split_random,ridge_drug_fp,"Myeloid cells, Tipifarnib",0.341575837552931,0.8139119810742874,0.5985408018669317,1.7774864865758606
split_random,ridge_drug_fp,"Myeloid cells, AZD4547",0.17798669109683496,0.6906394745289473,0.46005505991329304,1.8093282427475599
split_random,ridge_drug_fp,"B cells, Prednisolone",0.337490098466356,1.1921489367152143,0.5641133989587365,2.0506471247724036
split_random,ridge_drug_fp,"Myeloid cells, Vanoxerine",0.25315305279900485,0.6369965961697454,0.4666155112269046,1.6289757254650619
split_random,ridge_cell_drug_fp,"T cells, TIE2 Kinase Inhibitor",0.2992524869346049,0.5909220695293362,0.6305947055018304,1.4085346515605972
split_random,ridge_cell_drug_fp,"T cells, MK-5108",0.29960737219965183,0.5529525893091971,0.5785023160084906,1.454536627501608
split_random,ridge_cell_drug_fp,"NK cells, Atorvastatin",0.18246687256797242,0.7318795276127118,0.3689982759844365,1.6664800606059182
split_random,ridge_cell_drug_fp,"T cells, Atorvastatin",0.30268092370676497,0.6053005566201233,0.6195277138445783,1.4047413644717672
split_random,ridge_cell_drug_fp,"NK cells, Clomipramine",0.1992094668676905,0.6654044124983938,0.3217361307556909,1.6909276130090616
split_random,ridge_cell_drug_fp,"T cells, Clomipramine",0.30097110678927436,0.594473572418756,0.5681938101285976,1.4685190848993563
split_random,ridge_cell_drug_fp,"B cells, Tivozanib",0.39221414531337623,0.7687633643658857,0.6896474391114029,1.7496710673808367
split_random,ridge_cell_drug_fp,"NK cells, Ixabepilone",0.1879343985622574,0.6722668666388694,0.38682423842000363,1.7232432725084377
split_random,ridge_cell_drug_fp,"B cells, Linagliptin",0.08674763469210466,0.6982191631443796,0.12577723670221674,1.7693979316021178
split_random,ridge_cell_drug_fp,"T cells, Linagliptin",0.20783122431588288,0.5943504501556618,0.4241333843539098,1.4544806367297987
split_random,ridge_cell_drug_fp,"Myeloid cells, 5-(9-Isopropyl-8-methyl-2-morpholino-9H-purin-6-yl)pyrimidin-2-amine",0.5806687687634683,1.3303820143402747,0.7303414326321017,2.0785350197337955
split_random,ridge_cell_drug_fp,"T cells, Protriptyline",0.26616108869197314,0.5061009168075785,0.5858220569340808,1.457181969768892
split_random,ridge_cell_drug_fp,"B cells, I-BET151",0.6866481859514599,1.0939128658513688,0.8523966501296224,1.348884445132777
split_random,ridge_cell_drug_fp,"NK cells, I-BET151",0.541984548753423,1.1874524127531674,0.7775527901182708,1.4783878022595334
split_random,ridge_cell_drug_fp,"NK cells, BMS-387032",0.3540901721836914,1.0579878540496526,0.5955359689228612,1.6767447723417752
split_random,ridge_cell_drug_fp,"T cells, IN1451",0.7903504530198924,1.977680432902709,0.8314888376528516,2.3660978899606646
split_random,ridge_cell_drug_fp,"T cells, BAY 87-2243",0.6186005910956223,1.0358803530825873,0.752749074869163,1.7822924644569833
split_random,ridge_cell_drug_fp,"B cells, TL_HRAS26",0.26131907625010553,0.6547329167197086,0.49964885600168024,1.6512558057036832
split_random,ridge_cell_drug_fp,"B cells, Proscillaridin A;Proscillaridin-A",0.7608965061746311,1.5566125970873257,0.8631807738966082,1.620941317627866
split_random,ridge_cell_drug_fp,"T cells, BMS-265246",0.6520427219773127,1.0469024339456623,0.8089081233056316,1.7593550673661553
split_random,ridge_cell_drug_fp,"NK cells, Ruxolitinib",0.3226681030811596,0.8609641608704434,0.5718932788961324,1.5989300845396153
split_random,ridge_cell_drug_fp,"T cells, Dovitinib",0.544391250774247,0.6793589180966026,0.7967813376793991,1.5060511651711468
split_random,ridge_cell_drug_fp,"T cells, AVL-292",0.5799958129658289,0.6756298285510256,0.8274658138023774,1.3553612397361918
split_random,ridge_cell_drug_fp,"B cells, Navitoclax",0.24440399738588645,0.8761556287335857,0.4451340778978359,1.9437010613033978
split_random,ridge_cell_drug_fp,"Myeloid cells, Methotrexate",0.21013512314317936,0.9310101756992634,0.3512113315466262,2.010469502666316
split_random,ridge_cell_drug_fp,"T cells, Palbociclib",0.4005754822650217,0.5388505404011071,0.7096298781914677,1.3883141809663502
split_random,ridge_cell_drug_fp,"T cells, Trametinib",0.4678164366333853,0.6969349159171756,0.7585460469762781,1.4167118938797556
split_random,ridge_cell_drug_fp,"Myeloid cells, FK 866",0.5085796280383389,1.0171127735547916,0.7008048422172793,1.8963156244929353
split_random,ridge_cell_drug_fp,"NK cells, FK 866",0.287433837047029,0.8173944395791585,0.4902496649602953,1.7134269461414986
split_random,ridge_cell_drug_fp,"NK cells, Chlorpheniramine",0.11816510639159213,0.6995226172828097,0.1884722290875593,1.8612210793981254
split_random,ridge_cell_drug_fp,"T cells, Chlorpheniramine",0.27635165605623796,0.5975973209642321,0.5265001723078268,1.5559294449884509
split_random,ridge_cell_drug_fp,"T cells, BAY 61-3606",0.6787810171974623,1.4090501614636868,0.7808851896220886,2.058902117392115
split_random,ridge_cell_drug_fp,"T cells, LY2090314",0.47139609701515844,2.153706001010757,0.540013919877931,2.8259002591435607
split_random,ridge_cell_drug_fp,"T cells, Dasatinib",0.5702702716861449,0.9679708261597929,0.7677154878178868,1.622466300161817
split_random,ridge_cell_drug_fp,"NK cells, Perhexiline",0.3680436176194057,0.8378156519211324,0.5804705907749818,1.626272698337393
split_random,ridge_cell_drug_fp,"NK cells, RVX-208",0.3271396719419645,0.7353619582877287,0.5623871318173335,1.5520003169216547
split_random,ridge_cell_drug_fp,"NK cells, Desloratadine",0.16779360909490418,0.6744347940325933,0.307385058137367,1.732570917634241
split_random,ridge_cell_drug_fp,"Myeloid cells, Dactolisib",0.6145321542926647,1.7471617701112565,0.699729554136867,2.463963826408978
split_random,ridge_cell_drug_fp,"T cells, Dactolisib",0.7497546025198224,1.0763316910086305,0.8419227030011287,1.7194843351582991
split_random,ridge_cell_drug_fp,"T cells, BMS-536924",0.6315894060179036,0.9082443779366929,0.8280955826699186,1.718524088682776
split_random,ridge_cell_drug_fp,"Myeloid cells, Isoniazid",0.31252724019781913,0.5907112829320771,0.5773535227414468,1.5133995844205645
split_random,ridge_cell_drug_fp,"NK cells, Penfluridol",0.18509742663839868,0.7386990070717346,0.38119331172865584,1.7306604165201886
split_random,ridge_cell_drug_fp,"T cells, Penfluridol",0.22214032385921154,0.5759147593387831,0.41473124002760803,1.5486239459990956
split_random,ridge_cell_drug_fp,"Myeloid cells, Quizartinib",0.2479141270352625,0.8295722041911705,0.523339424558862,1.99700881877801
split_random,ridge_cell_drug_fp,"NK cells, Quizartinib",0.09772903806261506,0.7515027328624345,0.26407809070472266,1.7913120489307228
split_random,ridge_cell_drug_fp,"T cells, Quizartinib",0.24783430121977582,0.6331342189679765,0.568594806819227,1.5776189618321694
split_random,ridge_cell_drug_fp,"NK cells, RN-486",0.10037086268209133,0.7553059525158913,0.31128781332855526,1.8021482011665184
split_random,ridge_cell_drug_fp,"B cells, PD-0325901",0.4872077356114459,0.7784044398469339,0.7635375855807123,1.5054294795290863
split_random,ridge_cell_drug_fp,"Myeloid cells, LDN 193189",0.2960638881756775,0.756571422963899,0.56694315668144,1.7633329051712197
split_random,ridge_cell_drug_fp,"NK cells, Cabozantinib",0.2393033005968441,0.6902997182136673,0.4474666871388606,1.6735687363388871
split_random,ridge_cell_drug_fp,"B cells, CHIR-99021",0.30445220522505106,0.8610511473259773,0.5378044590000252,1.6885877918112098
split_random,ridge_cell_drug_fp,"T cells, CHIR-99021",0.45492034470493503,1.285709263367462,0.657033328695155,2.252769427618575
split_random,ridge_cell_drug_fp,"NK cells, Defactinib",0.2632834557139554,0.7329894088599808,0.45922742722771365,1.6835600117869893
split_random,ridge_cell_drug_fp,"B cells, BI-D1870",0.2618925435600789,0.6621152793355919,0.4622567462552779,1.6454968352437562
split_random,ridge_cell_drug_fp,"NK cells, CC-401",0.3350336973972944,0.7395281790568397,0.5227912952628995,1.6383900723057403
split_random,ridge_cell_drug_fp,"NK cells, Resminostat",0.6767832884136495,1.148282231423333,0.8515187423553302,1.3483246465794936
split_random,ridge_cell_drug_fp,"NK cells, Crizotinib",0.32731619111892685,0.7630157300342658,0.5308323419430132,1.6129871579788535
split_random,ridge_cell_drug_fp,"B cells, TR-14035",0.3532009649330239,0.6433501880946632,0.5785435958879941,1.6408719862482732
split_random,ridge_cell_drug_fp,"NK cells, Saracatinib",0.3349286627151697,0.8837672769687674,0.5453040675535065,1.654344706928851
split_random,ridge_cell_drug_fp,"NK cells, RG7112",0.33658436462907226,0.6610763073650864,0.5736477192315529,1.5926762631233733
split_random,ridge_cell_drug_fp,"NK cells, ABT737",0.09399376560128024,0.8666034279142864,0.23148903969617055,1.9005170873204245
split_random,ridge_cell_drug_fp,"Myeloid cells, PRT-062607",0.5325528537243881,1.27420515789712,0.7078127210757328,2.126070899076127
split_random,ridge_cell_drug_fp,"T cells, PRT-062607",0.6732221357581875,0.7911182192450273,0.8506422339105522,1.3876727162417064
split_random,ridge_cell_drug_fp,"T cells, CGM-097",0.6119913365499313,1.0658118995095183,0.7563154327760958,1.9312129351803689
split_random,ridge_cell_drug_fp,"NK cells, STK219801",0.26585885602205583,0.6822099780150681,0.4371828636067935,1.7349099573653213
split_random,ridge_cell_drug_fp,"NK cells, MGCD-265",0.08701739559427019,0.7874459944060835,0.16931184104044839,1.810095059740379
split_random,ridge_cell_drug_fp,"T cells, MGCD-265",0.32311418310958456,0.6266658482805848,0.5863457558701167,1.3749913733621495
split_random,ridge_cell_drug_fp,"NK cells, Ricolinostat",0.3441350014998405,0.8184628064129714,0.5609846029113049,1.5900872194407565
split_random,ridge_cell_drug_fp,"NK cells, YK 4-279",0.2456532873315843,0.6817383017412828,0.49369039402910503,1.668930013147737
split_random,ridge_cell_drug_fp,"Myeloid cells, Midostaurin",0.39170548563976776,1.08496331201718,0.6234531176356205,2.0718972079782096
split_random,ridge_cell_drug_fp,"T cells, CEP-37440",0.4407163622115859,0.6508224846109791,0.7342447342789865,1.5293912643381298
split_random,ridge_cell_drug_fp,"Myeloid cells, R428",0.40246876074286325,1.8982825199662314,0.5050316340129434,2.739678190065847
split_random,ridge_cell_drug_fp,"NK cells, Oxybenzone",0.15574488162175518,0.6488408437754823,0.2510361128982964,1.769814947672621
split_random,ridge_cell_drug_fp,"NK cells, Vandetanib",0.16232562362985686,0.7061045922398811,0.3524925719326765,1.7702325985471936
split_random,ridge_cell_drug_fp,"T cells, Imatinib",0.2802799310553412,0.532597707428089,0.46786474442688913,1.3941288445549762
split_random,ridge_cell_drug_fp,"B cells, Tivantinib",0.443010973206502,0.6868226791009144,0.6786472903161371,1.5166936640611415
split_random,ridge_cell_drug_fp,"Myeloid cells, Colchicine",0.4533154723762827,2.2674577278935057,0.52487564367713,2.990471984340942
split_random,ridge_cell_drug_fp,"NK cells, Tipifarnib",0.26468647258244205,0.727035621719001,0.46905332871758254,1.7323173501405789
split_random,ridge_cell_drug_fp,"Myeloid cells, BX 912",0.3899794314587336,0.8265102206902155,0.69064732742875,1.6826687358425478
split_random,ridge_cell_drug_fp,"T cells, BX 912",0.5687601107865867,0.7038314135328446,0.8184546339438522,1.4433465090333157
split_random,ridge_cell_drug_fp,"T cells, Prednisolone",0.5660121423276918,1.20176907539487,0.7309804850935537,1.9961311544216833
split_random,ridge_cell_drug_fp,"NK cells, Tacalcitol",0.1315746454364554,0.9939249893965134,0.15235581330068929,1.9044102624376396
split_random,ridge_cell_drug_fp,"Myeloid cells, Selumetinib",0.4481173599049959,0.9771720600825526,0.6975345538883833,1.925160359631545
split_random,ridge_cell_drug_fp,"T cells, Selumetinib",0.5101898031519093,0.6382347978330843,0.7925515034654809,1.3431091157333603
split_random,ridge_cell_drug_fp,"T cells, Clotrimazole",0.32833239113137147,0.5487915745386328,0.6283286305523753,1.4554691520078074
split_random,ridge_cell_drug_fp,"NK cells, Vanoxerine",0.17004241959869157,0.6950464472882388,0.30311668740894726,1.7171847831289606
split_random,ridge_cell_drug_fp,"NK cells, HYDROXYUREA",0.1213218068480844,0.6928850362966172,0.33082018676115515,1.7184199183878883
split_random,ridge_cell_drug_fp,"T cells, HYDROXYUREA",0.17197038888601712,0.6020505627188706,0.2785007175718859,1.6433530738216582
split_random,ridge_cell_drug_fp,"B cells, TIE2 Kinase Inhibitor",0.172892105210988,0.6370285068485627,0.3636284790664661,1.5767450705162194
split_random,ridge_cell_drug_fp,"B cells, Lapatinib",0.21169019753966764,0.6832533320207588,0.5334971467679593,1.6198245335166754
split_random,ridge_cell_drug_fp,"B cells, Phenylbutazone",0.18800642216724042,0.6061421737688256,0.23166978610763758,1.6482930926382517
split_random,ridge_cell_drug_fp,"Myeloid cells, Phenylbutazone",0.17342243879391755,0.6274597042744183,0.3365389985212432,1.6234160558663568
split_random,ridge_cell_drug_fp,"B cells, Vorinostat",0.7437752001163018,1.104837494367634,0.8564092494249256,1.5656137573063849
split_random,ridge_cell_drug_fp,"Myeloid cells, AVL-292",0.3513380401388048,0.9396886539407814,0.6239669288639149,1.851008819802853
split_random,ridge_cell_drug_fp,"B cells, Vardenafil",0.27135915257478466,0.6209011978166603,0.5451334608746381,1.5206232264812467
split_random,ridge_cell_drug_fp,"B cells, Dasatinib",0.49905122709158445,1.110143859238085,0.7195967016085869,1.879008594075708
split_random,ridge_cell_drug_fp,"B cells, Perhexiline",0.6429638875854559,0.8399298088823922,0.8119949222479598,1.5054473147693173
split_random,ridge_cell_drug_fp,"Myeloid cells, Perhexiline",0.45364183666096347,0.9155330072441461,0.6938945742085704,1.7013647521089732
split_random,ridge_cell_drug_fp,"B cells, Disulfiram",0.21877458937678232,0.622898728402932,0.45027295930397854,1.615550462919384
split_random,ridge_cell_drug_fp,"Myeloid cells, IKK Inhibitor VII",0.4991925746561983,1.3611170037923301,0.6789049022545677,2.3241840375902085
split_random,ridge_cell_drug_fp,"Myeloid cells, IMD-0354",0.5692262043963136,1.321942277666705,0.7172772325525116,2.0711058588891396
split_random,ridge_cell_drug_fp,"B cells, Canertinib",0.40424952269816,0.7314466690577653,0.6366235748424093,1.5667792768351276
split_random,ridge_cell_drug_fp,"B cells, RN-486",0.08085074350761356,0.7158659604950895,0.10714131535399904,1.8049535792237756
split_random,ridge_cell_drug_fp,"B cells, Decitabine",0.17051996980151704,0.6058504951893536,0.3275453879705894,1.6955832302596636
split_random,ridge_cell_drug_fp,"Myeloid cells, AZD3514",0.44259200891445866,0.783468324772564,0.7021700877529924,1.6424362278074354
split_random,ridge_cell_drug_fp,"B cells, HMN-214",0.2968259597280759,0.6320957759478916,0.5961895372866549,1.4492706042590724
split_random,ridge_cell_drug_fp,"Myeloid cells, HMN-214",0.4247511697071337,0.7882107799441938,0.687390492787257,1.6164485589004567
split_random,ridge_cell_drug_fp,"Myeloid cells, CC-401",0.4776449925504513,0.8609288629178165,0.6796205665127014,1.7242778273203545
split_random,ridge_cell_drug_fp,"Myeloid cells, Resminostat",0.538206568059646,1.7415730384790755,0.6587589216341063,2.2473245943115505
split_random,ridge_cell_drug_fp,"Myeloid cells, Nilotinib",0.43386870836002484,1.0949615488340954,0.6526294119261515,2.0650286704007366
split_random,ridge_cell_drug_fp,"B cells, Lamivudine",0.28593877756220837,0.6548336522957403,0.5288219528695199,1.6008924977077852
split_random,ridge_cell_drug_fp,"Myeloid cells, Lamivudine",0.22350166040195749,0.7418795144083508,0.4803301470668118,1.7146091643151116
split_random,ridge_cell_drug_fp,"B cells, AZD-8330",0.5405411274478396,0.7098786504961949,0.7964246840100103,1.4248259081474586
split_random,ridge_cell_drug_fp,"Myeloid cells, CGM-097",0.45037601851236525,1.1147264846202527,0.6175768475698823,1.992509792598529
split_random,ridge_cell_drug_fp,"Myeloid cells, MGCD-265",0.23437549766517762,0.7553440153657893,0.4628984599289394,1.578317982593956
split_random,ridge_cell_drug_fp,"Myeloid cells, Bosutinib",0.5665583015620058,1.4340907421062596,0.7133354729718817,2.2799198295005003
split_random,ridge_cell_drug_fp,"B cells, GSK256066",0.4067380004885913,0.8549215382371472,0.6342244031798598,1.7956440732843477
split_random,ridge_cell_drug_fp,"Myeloid cells, Vandetanib",0.17390293212060423,0.8460975740481984,0.35878408316953425,1.890413958169218
split_random,ridge_cell_drug_fp,"B cells, Tosedostat",0.2914613688295187,0.7496685198354431,0.5499653036404818,1.5469583832914524
split_random,ridge_cell_drug_fp,"B cells, Mometasone Furoate",0.5980466168010892,1.089525356523156,0.787932523424603,1.6552279318570124
split_random,ridge_cell_drug_fp,"Myeloid cells, Tipifarnib",0.4229665718811865,0.7819327740402368,0.7172781034426978,1.6441723905582566
split_random,ridge_cell_drug_fp,"Myeloid cells, AZD4547",0.2720962415765217,0.6903196677169832,0.595378276388808,1.673635791444296
split_random,ridge_cell_drug_fp,"B cells, Prednisolone",0.4365055633216819,1.1090744020007843,0.6795013341427887,1.860685700325783
split_random,ridge_cell_drug_fp,"Myeloid cells, Vanoxerine",0.3478444410575352,0.6176586414951375,0.6634320571945745,1.4734970008285695
split_cell_heldout,ridge_cell,"NK cells, TIE2 Kinase Inhibitor",0.06100988497632357,0.6427473933285581,0.06097125593691818,1.7974057118900357
split_cell_heldout,ridge_cell,"NK cells, MK-5108",0.015588188482391133,0.7081600549012304,0.060974083226325616,1.8815045546127096
split_cell_heldout,ridge_cell,"NK cells, Lapatinib",-0.1476874847638345,0.7740511823958693,-0.3186435018949961,1.9712791179560543
split_cell_heldout,ridge_cell,"NK cells, Atorvastatin",0.0766018393354579,0.6812226399903284,0.10115611725275064,1.7639439540273767
split_cell_heldout,ridge_cell,"NK cells, Ganetespib (STA-9090)",0.36259912914204745,1.074769540517235,0.5622435220006992,2.239461297318701
split_cell_heldout,ridge_cell,"NK cells, Clomipramine",0.09593136912354627,0.6515948111421522,0.17577759907720486,1.769579651623046
split_cell_heldout,ridge_cell,"NK cells, Sunitinib",0.12504440776065168,0.6761595429158813,0.18466610299262476,1.7675443692324062
split_cell_heldout,ridge_cell,"NK cells, Tivozanib",0.06587183166596389,0.6876043060983739,0.14215834058072058,1.8203307362199204
split_cell_heldout,ridge_cell,"NK cells, Tamatinib",0.28876380945121327,0.8292188673213197,0.4579574980116731,1.8752711159780062
split_cell_heldout,ridge_cell,"NK cells, Ixabepilone",0.08474977699442733,0.6689496979647249,0.11062614447734652,1.8598185469746336
split_cell_heldout,ridge_cell,"NK cells, Linagliptin",0.07116652926901618,0.6647663708381336,0.08507840792444953,1.7839838807341621
split_cell_heldout,ridge_cell,"NK cells, 5-(9-Isopropyl-8-methyl-2-morpholino-9H-purin-6-yl)pyrimidin-2-amine",0.38184508173986603,0.8411953351896133,0.6156330606327115,1.9484891223156333
split_cell_heldout,ridge_cell,"NK cells, O-Demethylated Adapalene",0.035598683675380084,0.68207308966825,-0.03406727210578521,1.8416058878531527
split_cell_heldout,ridge_cell,"NK cells, Protriptyline",-0.010540898661268049,0.6674635425493898,0.015355935315913205,1.8036992352845456
split_cell_heldout,ridge_cell,"NK cells, I-BET151",0.18286058644240072,1.0148241141792274,0.3015595099709165,2.2594278583686314
split_cell_heldout,ridge_cell,"NK cells, Foretinib",0.28517504196986104,0.7460467993519171,0.49095264656982707,1.862504486441156
split_cell_heldout,ridge_cell,"NK cells, GW843682X",0.12007625440373376,0.665725448188178,0.3229296405530964,1.8112358356843774
split_cell_heldout,ridge_cell,"NK cells, BMS-387032",0.1828052559160819,0.8281002404888687,0.3699757630536985,1.9966021724103917
split_cell_heldout,ridge_cell,"NK cells, IN1451",0.24594352357548305,1.2043160012224514,0.37176475184186847,2.3454296927193834
split_cell_heldout,ridge_cell,"NK cells, Raloxifene",-0.08324561230715392,0.827289921492106,-0.14892842443784055,2.0270702255139814
split_cell_heldout,ridge_cell,"NK cells, Topotecan",0.10314396746688535,0.813833715822354,0.21132399581138447,2.0183538246598944
split_cell_heldout,ridge_cell,"NK cells, BAY 87-2243",0.34014302216065323,0.8939119727637362,0.5420635030300094,2.113265422061079
split_cell_heldout,ridge_cell,"NK cells, Phenylbutazone",0.11003162550467684,0.6854774868707098,0.1465833960842583,1.836242922737979
split_cell_heldout,ridge_cell,"NK cells, K-02288",0.038838360815552794,0.6604880546031486,0.04779367845033479,1.8202321112904207
split_cell_heldout,ridge_cell,"NK cells, BMS-777607",0.0787133962493813,0.675976549925047,0.15429958964269752,1.7844313622431636
split_cell_heldout,ridge_cell,"NK cells, Porcn Inhibitor III",-0.11612422024412593,0.8065330805911172,-0.24676702383442808,2.075051720782193
split_cell_heldout,ridge_cell,"NK cells, TL_HRAS26",0.03629890029022352,0.65843689783304,-0.000654333025386397,1.883165391390423
split_cell_heldout,ridge_cell,"NK cells, Proscillaridin A;Proscillaridin-A",-0.025951594155067273,2.2833886887332393,-0.028987261538515195,3.19856892368192
split_cell_heldout,ridge_cell,"NK cells, Vorinostat",0.29522783311036416,1.203868734664272,0.4799246442321684,2.38105733141947
split_cell_heldout,ridge_cell,"NK cells, BMS-265246",0.047267945813066044,0.9104439981153505,0.12361350706671606,2.1810168619693604
split_cell_heldout,ridge_cell,"NK cells, Ruxolitinib",0.24972957792222386,0.7313607141811983,0.4378349578606051,1.8015099672075006
split_cell_heldout,ridge_cell,"NK cells, Pomalidomide",-0.10666112878687624,0.9111161248692318,-0.17518615103891136,2.250042740913459
split_cell_heldout,ridge_cell,"NK cells, Dovitinib",0.21848621011700853,0.7336263891088508,0.38691425734683815,1.8732517582012076
split_cell_heldout,ridge_cell,"NK cells, AVL-292",0.23656014655280005,0.6793651350908376,0.41534178237339053,1.8148684269769102
split_cell_heldout,ridge_cell,"NK cells, Navitoclax",-0.06422492787354198,0.763477277474343,-0.09852116322988122,1.9875384891070242
split_cell_heldout,ridge_cell,"NK cells, Methotrexate",-0.18653610768250412,0.7338591728373434,-0.2874592817802612,1.987470907746957
split_cell_heldout,ridge_cell,"NK cells, Palbociclib",0.06374171594584137,0.6756654114148114,0.05074588802034552,1.8077375901791763
split_cell_heldout,ridge_cell,"NK cells, Trametinib",0.17155073053380002,0.7133123461339684,0.38590476140768515,1.8043065002627545
split_cell_heldout,ridge_cell,"NK cells, AMD-070 (hydrochloride)",-0.036246121094057025,0.6801024970222797,-0.07604162767966306,1.8614552951154615
split_cell_heldout,ridge_cell,"NK cells, Sgc-cbp30",0.20468866836881436,0.6863758986915511,0.3881968372791351,1.7788079722991763
split_cell_heldout,ridge_cell,"NK cells, FK 866",0.07604288390677512,0.7704219289132129,0.23268577337344087,1.9145709734828087
split_cell_heldout,ridge_cell,"NK cells, Chlorpheniramine",0.045259792622276085,0.6952210275579086,0.10670636878069718,1.884120881879897
split_cell_heldout,ridge_cell,"NK cells, Scriptaid",0.3148705895959159,1.2921264116132012,0.478812205824905,2.4757256239100602
split_cell_heldout,ridge_cell,"NK cells, BAY 61-3606",0.2735502212464958,1.0125504773971707,0.4676274726044999,2.160579508696465
split_cell_heldout,ridge_cell,"NK cells, LY2090314",0.055802928402491604,1.2430601658572145,0.10926669401788658,2.5594380478637375
split_cell_heldout,ridge_cell,"NK cells, Vardenafil",0.09837311560269067,0.6773961375148027,0.1808324537381627,1.8379733753574325
split_cell_heldout,ridge_cell,"NK cells, Dasatinib",0.20953817755262694,0.7606026951496,0.36101410904053344,1.86253202738542
split_cell_heldout,ridge_cell,"NK cells, AT13387",0.35531843359204335,1.0488368622692081,0.5314772444908564,2.2154098565069154
split_cell_heldout,ridge_cell,"NK cells, PF-04691502",0.26239299699343405,0.7652325519572969,0.5301963119580652,1.8030821690867467
split_cell_heldout,ridge_cell,"NK cells, Perhexiline",0.322701325051883,0.7640070668204609,0.5234675232431942,1.805638203555375
split_cell_heldout,ridge_cell,"NK cells, RVX-208",0.09133806159074886,0.7194845869430461,0.06605752617799757,1.9093064555701786
split_cell_heldout,ridge_cell,"NK cells, Ketoconazole",-0.1363817847725705,0.9676672743505339,-0.27963760517038705,2.3088475707406717
split_cell_heldout,ridge_cell,"NK cells, Disulfiram",0.06431204568081599,0.6649556041091834,0.005338560633144978,1.8678706321462648
split_cell_heldout,ridge_cell,"NK cells, Flutamide",0.08947077807491359,0.7039398000845639,0.2728811011655698,1.7890319180975134
split_cell_heldout,ridge_cell,"NK cells, Desloratadine",0.019210294986856488,0.6874941052091417,-0.06902952562130397,1.8462208240330056
split_cell_heldout,ridge_cell,"NK cells, Dactolisib",0.43458152348695717,0.964729543167152,0.6501286035293906,2.1468301136261942
split_cell_heldout,ridge_cell,"NK cells, BMS-536924",0.2666845083340597,0.7291872901470191,0.46747921861450487,1.7967733729315472
split_cell_heldout,ridge_cell,"NK cells, IKK Inhibitor VII",0.26930031758812134,0.7312046774136758,0.45372536680759185,1.8367331830238363
split_cell_heldout,ridge_cell,"NK cells, Amiodarone",0.1344130443636252,0.6735254284983182,0.21480228089223136,1.8025281102196054
split_cell_heldout,ridge_cell,"NK cells, Isoniazid",0.059223377671463635,0.6747328677379045,0.10768111033175722,1.836547755157846
split_cell_heldout,ridge_cell,"NK cells, IMD-0354",0.331812440840032,0.9017139428348475,0.5771126075541618,2.0612577393421896
split_cell_heldout,ridge_cell,"NK cells, Canertinib",0.04955552378184437,0.7251288452327153,0.08630152249311739,1.9641401711858277
split_cell_heldout,ridge_cell,"NK cells, Idelalisib",0.1290223028385176,0.7223116341869533,0.29499927961308176,1.8526092711709312
split_cell_heldout,ridge_cell,"NK cells, Alogliptin",-0.061339638383515624,0.6823847675861769,-0.2035548952589164,1.9068906349734926
split_cell_heldout,ridge_cell,"NK cells, Penfluridol",0.054772263343418406,0.7167421279608748,0.12951956277539073,1.8215961262623226
split_cell_heldout,ridge_cell,"NK cells, Quizartinib",0.00865270569179623,0.6864632269512114,0.032289960950357355,1.866149289618622
split_cell_heldout,ridge_cell,"NK cells, RN-486",-0.08202990220564255,0.7402771580023578,-0.20177943904927897,1.9507147969711767
split_cell_heldout,ridge_cell,"NK cells, PD-0325901",0.22706869350416856,0.7734104719914758,0.41350526360023104,1.9175020664942535
split_cell_heldout,ridge_cell,"NK cells, Decitabine",0.0332325896458915,0.6675892386536612,0.03009160801061619,1.7765172820663115
split_cell_heldout,ridge_cell,"NK cells, LDN 193189",-0.06250016216035278,0.7314214394912346,-0.2345670580431237,1.9352224781647989
split_cell_heldout,ridge_cell,"NK cells, Cabozantinib",0.0034772225990228026,0.7109250798021977,0.0616801284274217,1.8303452139967455
split_cell_heldout,ridge_cell,"NK cells, Riociguat",0.06786159946650479,0.6890075837447983,0.1629689708865956,1.8348115040579474
split_cell_heldout,ridge_cell,"NK cells, CHIR-99021",-0.05405926769102608,0.7866489158708486,-0.1379370324170381,1.9973257854907094
split_cell_heldout,ridge_cell,"NK cells, Defactinib",0.09837177463651998,0.6885139293654953,0.27051860503610525,1.838596369934764
split_cell_heldout,ridge_cell,"NK cells, BI-D1870",-0.004818909864204049,0.7529244940187372,0.08414413602185765,1.8338414595262336
split_cell_heldout,ridge_cell,"NK cells, AZD3514",0.11219571074021473,0.6928504164200866,0.2313980283027674,1.8175350334799234
split_cell_heldout,ridge_cell,"NK cells, HMN-214",-0.01257377804941085,0.7370606230263774,-0.015791760749728954,1.8534246988480623
split_cell_heldout,ridge_cell,"NK cells, CC-401",0.2163435345295246,0.6987116647747645,0.3965196959605771,1.8072902993480549
split_cell_heldout,ridge_cell,"NK cells, Resminostat",0.28263253806814126,1.3004597816219867,0.4300677260848327,2.4608395158791563
split_cell_heldout,ridge_cell,"NK cells, Crizotinib",0.2695452432194843,0.7003183668917725,0.4739273942300825,1.7452600768646114
split_cell_heldout,ridge_cell,"NK cells, Azacitidine",0.11233246869675916,0.6648805182357747,0.13716738778413556,1.8315247339033736
split_cell_heldout,ridge_cell,"NK cells, TR-14035",0.18445012772961394,0.6274579465572299,0.2825648902835917,1.8251524388475273
split_cell_heldout,ridge_cell,"NK cells, Nilotinib",0.26360057027078443,0.7196849840667714,0.4887629130649931,1.7945794817124332
split_cell_heldout,ridge_cell,"NK cells, AT 7867",0.26576433828716306,0.7223384052623898,0.47815554083097356,1.8322107418735045
split_cell_heldout,ridge_cell,"NK cells, OSI-930",-0.12655987986451958,0.7436256809065839,-0.32478952475299105,1.949404548832678
split_cell_heldout,ridge_cell,"NK cells, GO-6976",-0.0980700066156924,0.8443467557905628,-0.17398848755667606,2.0162365041021517
split_cell_heldout,ridge_cell,"NK cells, Saracatinib",0.23161883299306488,0.73537939571122,0.3633953132169764,1.8864469226245333
split_cell_heldout,ridge_cell,"NK cells, RG7112",0.1967963620011758,0.6659972838418575,0.37739037065467185,1.8925029286921746
split_cell_heldout,ridge_cell,"NK cells, Lamivudine",0.12573706913536517,0.6790983619970666,0.17788624836255235,1.8878405760286252
split_cell_heldout,ridge_cell,"NK cells, TGX 221",0.27848780388624683,0.7176057777690505,0.43654601869907994,1.8064721412612212
split_cell_heldout,ridge_cell,"NK cells, Pitavastatin Calcium",-0.16901553587709,1.4519930436026889,-0.22688170660560833,2.7418409888257083
split_cell_heldout,ridge_cell,"NK cells, ABT737",0.06761731697481808,0.7567269294985732,0.15409748617424648,1.9095103298295841
split_cell_heldout,ridge_cell,"NK cells, PRT-062607",0.303272123714834,0.7290224591357481,0.5373135211008678,1.7857628398062384
split_cell_heldout,ridge_cell,"NK cells, AZ628",0.2404983576305024,0.7089811660719286,0.45511825477623047,1.7818178369338105
split_cell_heldout,ridge_cell,"NK cells, AZD-8330",0.3098576299123748,0.7283840687249113,0.5021960398221705,1.7898165617311157
split_cell_heldout,ridge_cell,"NK cells, Masitinib",0.18182260770346567,0.6783481228859114,0.2416692107081484,1.8243954636645197
split_cell_heldout,ridge_cell,"NK cells, Ceritinib",0.24771910093182123,0.6867792371802728,0.4205351174270705,1.7882299269856425
split_cell_heldout,ridge_cell,"NK cells, CGM-097",-0.0047841070810268425,0.8699800200697396,0.05730254295735958,2.0956166409227333
split_cell_heldout,ridge_cell,"NK cells, SLx-2119",0.1118532122121794,0.7273803169125905,0.077630152394023,1.9931154948498118
split_cell_heldout,ridge_cell,"NK cells, Nefazodone",0.11916278606426854,0.678137386307468,0.23708406642667498,1.8317906216036797
split_cell_heldout,ridge_cell,"NK cells, STK219801",0.08929918627640211,0.6983353246398973,0.10874652377583158,1.938907291669886
split_cell_heldout,ridge_cell,"NK cells, TPCA-1",0.37096735353188537,0.8399332293765872,0.5973864542659931,1.8872193120041127
split_cell_heldout,ridge_cell,"NK cells, MGCD-265",0.04252375880622778,0.6794857581483545,-0.015347161576819004,1.8441497218897815
split_cell_heldout,ridge_cell,"NK cells, GSK-1070916",0.09931014917007848,0.670887806029277,0.2061743902605955,1.791054540112428
split_cell_heldout,ridge_cell,"NK cells, Ricolinostat",0.06775777673012638,0.7841262546411859,0.0933133894369226,1.928220728283287
split_cell_heldout,ridge_cell,"NK cells, Bosutinib",0.28336415477525084,0.7610466075379851,0.46998685452307365,1.8872439953850462
split_cell_heldout,ridge_cell,"NK cells, Clemastine",0.14735137750505423,0.6691368844750496,0.17161980820470119,1.784520356542103
split_cell_heldout,ridge_cell,"NK cells, YK 4-279",-0.09456167495923821,0.7481571060259982,-0.16438314924800387,1.8955958700776296
split_cell_heldout,ridge_cell,"NK cells, Buspirone",0.024069513763031947,0.6427696301076151,-0.06999061904783623,1.815411639942165
split_cell_heldout,ridge_cell,"NK cells, Midostaurin",0.26966892112282337,0.7245079249744715,0.4519030183185504,1.7731222971894536
split_cell_heldout,ridge_cell,"NK cells, CEP-37440",0.21486403106814023,0.6835658997061581,0.36103829464185416,1.8194156016012895
split_cell_heldout,ridge_cell,"NK cells, GSK256066",0.24859021732043998,0.872356534298922,0.4337124213506705,2.03974176029412
split_cell_heldout,ridge_cell,"NK cells, Oxybenzone",0.10312450524034043,0.6554680257082064,0.1303886802887773,1.7976524623298658
split_cell_heldout,ridge_cell,"NK cells, Vandetanib",0.10856378743020152,0.6758117871718979,0.23974488537663288,1.8341729525439274
split_cell_heldout,ridge_cell,"NK cells, Imatinib",0.12116993514098692,0.6876143923658411,0.26364309947878084,1.822886961105596
split_cell_heldout,ridge_cell,"NK cells, SCH-58261",-0.037335088223078954,0.7120573728089596,-0.05068510813740439,1.8847130026361791
split_cell_heldout,ridge_cell,"NK cells, Colforsin",0.058364267336697175,0.6819727245629897,-0.00430961025252593,1.847977043615393
split_cell_heldout,ridge_cell,"NK cells, Tivantinib",0.17098675374912603,0.690596247056095,0.3375379337773977,1.8334661414778857
split_cell_heldout,ridge_cell,"NK cells, Tosedostat",0.26439820358289173,0.7452879505094727,0.4926640796341304,1.8621913380826876
split_cell_heldout,ridge_cell,"NK cells, Colchicine",0.19908734766325328,0.7283278663536662,0.3602460188800356,1.8216116793622485
split_cell_heldout,ridge_cell,"NK cells, ABT-199 (GDC-0199)",0.034218721272246934,0.6829996204658054,0.08709350990847844,1.8641251133468273
split_cell_heldout,ridge_cell,"NK cells, Mometasone Furoate",0.31993573972342904,0.9239654825373488,0.5068270043982732,2.1277519442587
split_cell_heldout,ridge_cell,"NK cells, Tipifarnib",0.2237394137105875,0.6943981266021212,0.41516184537625395,1.822524753800175
split_cell_heldout,ridge_cell,"NK cells, BX 912",0.2573891719312976,0.7174882097318909,0.43405572019146277,1.7779810806191008
split_cell_heldout,ridge_cell,"NK cells, Doxorubicin",0.23549470804545328,0.8424247251761766,0.4382711984567247,2.0524417316121126
split_cell_heldout,ridge_cell,"NK cells, PF-03814735",0.282188496760369,0.8313844927126598,0.4710776277963536,1.924052266081581
split_cell_heldout,ridge_cell,"NK cells, AZD4547",0.09311904581552705,0.6802433592222771,0.24558374270240033,1.8074267282944765
split_cell_heldout,ridge_cell,"NK cells, Prednisolone",0.28427902545685474,0.9111471245371484,0.45445951579373167,2.1457105251804447
split_cell_heldout,ridge_cell,"NK cells, Tacalcitol",0.17887270213069548,0.6956657575339957,0.3079843696925952,1.8142757580730073
split_cell_heldout,ridge_cell,"NK cells, Selumetinib",0.1466875835443122,0.7185773908988686,0.27412007888328166,1.8471811673417184
split_cell_heldout,ridge_cell,"NK cells, Clotrimazole",0.09101903209121902,0.66335138112501,0.1799834943742699,1.8221978604900595
split_cell_heldout,ridge_cell,"NK cells, RG7090",0.007628538472470707,0.7180557671159833,0.04844096533019815,1.8785844147451465
split_cell_heldout,ridge_cell,"NK cells, GLPG0634",0.25836867519729056,0.7265401029762593,0.44497106583280055,1.8203186261005395
split_cell_heldout,ridge_cell,"NK cells, Mubritinib (TAK 165)",0.2621360134530206,0.8232416229252014,0.48843429774121544,1.9908346972815376
split_cell_heldout,ridge_cell,"NK cells, Vanoxerine",0.11543538394780883,0.6825538795907142,0.145146344311781,1.786804047013611
split_cell_heldout,ridge_cell,"NK cells, SB525334",-0.17869230340168352,0.8350771342370013,-0.3391691428801154,2.0616568128104964
split_cell_heldout,ridge_cell,"NK cells, HYDROXYUREA",0.0010414506435213497,0.6882571914143755,-0.05877604327220798,1.8276772028464747
split_cell_heldout,ridge_drug_fp,"NK cells, TIE2 Kinase Inhibitor",0.11132837951710356,0.6573597198378713,0.12861474930118252,1.7918552833389898
split_cell_heldout,ridge_drug_fp,"NK cells, MK-5108",0.16338438255561769,0.6906016340192671,0.28524168999083527,1.8138167194781294
split_cell_heldout,ridge_drug_fp,"NK cells, Lapatinib",0.15760970608463534,0.7296941705246862,0.357704909242543,1.7439684324266027
split_cell_heldout,ridge_drug_fp,"NK cells, Atorvastatin",0.15500322462077554,0.6969442421523578,0.2872879753851665,1.7145329003834262
split_cell_heldout,ridge_drug_fp,"NK cells, Ganetespib (STA-9090)",0.5635892955194486,1.1735058048866296,0.7902125488237308,1.4774633060099727
split_cell_heldout,ridge_drug_fp,"NK cells, Clomipramine",0.18071880390243836,0.6561652723099772,0.29667024288707583,1.7194801357901288
split_cell_heldout,ridge_drug_fp,"NK cells, Sunitinib",0.20787537268942527,0.7226158137145126,0.37772625175554136,1.6712864997097703
split_cell_heldout,ridge_drug_fp,"NK cells, Tivozanib",0.15234901801266004,0.7310724394331749,0.25279509128478217,1.7865076147010204
split_cell_heldout,ridge_drug_fp,"NK cells, Tamatinib",0.4032783769625214,0.9710967429851519,0.609566901107313,1.6009892878987746
split_cell_heldout,ridge_drug_fp,"NK cells, Ixabepilone",0.1266224643034271,0.6819410034412505,0.2937120740311003,1.7890409723203233
split_cell_heldout,ridge_drug_fp,"NK cells, Linagliptin",0.07783850898874752,0.6821852860781673,0.18870769397032572,1.7633590049672097
split_cell_heldout,ridge_drug_fp,"NK cells, 5-(9-Isopropyl-8-methyl-2-morpholino-9H-purin-6-yl)pyrimidin-2-amine",0.48311304859514465,1.0620458139469136,0.7008531008531313,1.5525758315130855
split_cell_heldout,ridge_drug_fp,"NK cells, O-Demethylated Adapalene",0.10429281291559898,0.7276737727321779,0.13127923095450833,1.7925926085848194
split_cell_heldout,ridge_drug_fp,"NK cells, Protriptyline",0.07389675818712292,0.6495015001117056,0.13904123246092634,1.7830078302140215
split_cell_heldout,ridge_drug_fp,"NK cells, I-BET151",0.5361999343603141,1.1497888273050076,0.7606747198806414,1.5210347219149474
split_cell_heldout,ridge_drug_fp,"NK cells, Foretinib",0.34447502223249804,0.8390126872304372,0.5481141200596429,1.6922500978496224
split_cell_heldout,ridge_drug_fp,"NK cells, GW843682X",0.15824041740138722,0.7028901282387028,0.30181267235870285,1.7845611728992279
split_cell_heldout,ridge_drug_fp,"NK cells, BMS-387032",0.34486440044913474,1.0747203535505876,0.5872741255846143,1.6951675580202863
split_cell_heldout,ridge_drug_fp,"NK cells, IN1451",0.6332646492746655,1.3674951580959271,0.8563986093689435,1.274143414747734
split_cell_heldout,ridge_drug_fp,"NK cells, Raloxifene",0.2047892950757876,0.8006441023440095,0.43241151988281384,1.8013759941101883
split_cell_heldout,ridge_drug_fp,"NK cells, Topotecan",0.40248622436070114,0.8737916561629085,0.6559451712460077,1.5724420084429482
split_cell_heldout,ridge_drug_fp,"NK cells, BAY 87-2243",0.5093458493812449,0.8972654809127155,0.7313983853078672,1.539181814440705
split_cell_heldout,ridge_drug_fp,"NK cells, Phenylbutazone",0.13626477514380458,0.6796151065806102,0.19812963099826,1.8233830914058538
split_cell_heldout,ridge_drug_fp,"NK cells, K-02288",0.05513302253488048,0.7158932291911205,0.08321784790623336,1.8235990367517856
split_cell_heldout,ridge_drug_fp,"NK cells, BMS-777607",0.08919673005285322,0.733351041998132,0.1791404014637922,1.7786146764707118
split_cell_heldout,ridge_drug_fp,"NK cells, Porcn Inhibitor III",0.17680030027877683,0.8008922855471639,0.3726826300061842,1.860214031115203
split_cell_heldout,ridge_drug_fp,"NK cells, TL_HRAS26",0.11507702775727319,0.6651370086811611,0.2248597794234496,1.8231936123060857
split_cell_heldout,ridge_drug_fp,"NK cells, Proscillaridin A;Proscillaridin-A",0.7787602318624118,1.4820763032686888,0.8856468921821181,1.4858083840514482
split_cell_heldout,ridge_drug_fp,"NK cells, Vorinostat",0.6327147411100762,1.1094703837065516,0.81684408465315,1.457058728596597
split_cell_heldout,ridge_drug_fp,"NK cells, BMS-265246",0.4957273662115284,0.9421634403011591,0.774986062052038,1.3868759535725053
split_cell_heldout,ridge_drug_fp,"NK cells, Ruxolitinib",0.26328968595789926,0.9536517226538497,0.47993216322241994,1.7022607732258408
split_cell_heldout,ridge_drug_fp,"NK cells, Pomalidomide",0.38185882431903023,0.8565789903942607,0.62326149172718,1.6887493493168169
split_cell_heldout,ridge_drug_fp,"NK cells, Dovitinib",0.26255019490610987,0.8037866577251085,0.44046250285586463,1.7797017891720974
split_cell_heldout,ridge_drug_fp,"NK cells, AVL-292",0.26390211327833574,0.7862646921809678,0.47280324713864313,1.7114495136808408
split_cell_heldout,ridge_drug_fp,"NK cells, Navitoclax",0.1657667052504537,0.7718743500053995,0.30839824263847765,1.8606074690140333
split_cell_heldout,ridge_drug_fp,"NK cells, Methotrexate",0.09224728168027754,0.7348097039146367,0.10615585163146557,1.8965247254334159
split_cell_heldout,ridge_drug_fp,"NK cells, Palbociclib",0.1444778975495824,0.7072479898363877,0.2865645757033604,1.7351861947497245
split_cell_heldout,ridge_drug_fp,"NK cells, Trametinib",0.23505963709924227,0.8516632919611673,0.44888342939606435,1.714447224276074
split_cell_heldout,ridge_drug_fp,"NK cells, AMD-070 (hydrochloride)",0.056666018483030656,0.7175568744399978,0.08008979638385527,1.8557702279625516
split_cell_heldout,ridge_drug_fp,"NK cells, Sgc-cbp30",0.2609501331132762,0.75405961245172,0.44688827541203724,1.6916218080355305
split_cell_heldout,ridge_drug_fp,"NK cells, FK 866",0.2556475794206027,0.8546694242423593,0.4640235270548975,1.7391245826766106
split_cell_heldout,ridge_drug_fp,"NK cells, Chlorpheniramine",0.08573274036015104,0.6928864116987397,0.11386980286121429,1.883755559604665
split_cell_heldout,ridge_drug_fp,"NK cells, Scriptaid",0.661021163919496,1.1712577025796609,0.8347616598440993,1.4334025029865074
split_cell_heldout,ridge_drug_fp,"NK cells, BAY 61-3606",0.4858267786181987,1.1852806206448279,0.7292923291024636,1.5695041765820386
split_cell_heldout,ridge_drug_fp,"NK cells, LY2090314",0.5617935233273206,1.165523180282125,0.7766564939681454,1.6175815861882106
split_cell_heldout,ridge_drug_fp,"NK cells, Vardenafil",0.09012700169959041,0.7161046816682776,0.0997155598067385,1.869996138300566
split_cell_heldout,ridge_drug_fp,"NK cells, Dasatinib",0.261411334707777,1.065324920166195,0.45433120354947465,1.7615747756533544
split_cell_heldout,ridge_drug_fp,"NK cells, AT13387",0.5215710564964499,1.1540826828037842,0.7635241429841977,1.5440754672776373
split_cell_heldout,ridge_drug_fp,"NK cells, PF-04691502",0.3041986160470871,1.0070109407971026,0.5626609721926522,1.6354635416485495
split_cell_heldout,ridge_drug_fp,"NK cells, Perhexiline",0.3519571953477054,0.8651480416567109,0.5610843339999577,1.6450893563235043
split_cell_heldout,ridge_drug_fp,"NK cells, RVX-208",0.29170667685370183,0.7611535382225656,0.4856006266541719,1.6254624541663296
split_cell_heldout,ridge_drug_fp,"NK cells, Ketoconazole",0.5198540301683512,0.8498473716227286,0.7092303912782808,1.5080185427894643
split_cell_heldout,ridge_drug_fp,"NK cells, Disulfiram",0.16569976059184602,0.6476240344893908,0.24760569224841394,1.7918718518739907
split_cell_heldout,ridge_drug_fp,"NK cells, Flutamide",0.12825667770829943,0.7056468087442394,0.32082241874257605,1.767239744652914
split_cell_heldout,ridge_drug_fp,"NK cells, Desloratadine",0.10233227569344824,0.6822717445658897,0.09077820743214046,1.8109542855889598
split_cell_heldout,ridge_drug_fp,"NK cells, Dactolisib",0.5636475380872578,1.1300227202460902,0.7677614141351518,1.5163899661822926
split_cell_heldout,ridge_drug_fp,"NK cells, BMS-536924",0.2887573618336544,0.9209012622517678,0.4847046681088523,1.708005988379193
split_cell_heldout,ridge_drug_fp,"NK cells, IKK Inhibitor VII",0.3094407440699949,0.9277854219602879,0.5198398970310177,1.6742806020669005
split_cell_heldout,ridge_drug_fp,"NK cells, Amiodarone",0.07845989411743295,0.7093651511225018,0.10112166662755312,1.8399388982781733
split_cell_heldout,ridge_drug_fp,"NK cells, Isoniazid",0.06823188053715583,0.6750020795918131,0.17344726183255194,1.8200815040327738
split_cell_heldout,ridge_drug_fp,"NK cells, IMD-0354",0.46711817823184215,1.0549156672109172,0.7149831045378526,1.5580141542089758
split_cell_heldout,ridge_drug_fp,"NK cells, Canertinib",0.2616141699488832,0.7658000581515049,0.49763592941047247,1.6994798674358438
split_cell_heldout,ridge_drug_fp,"NK cells, Idelalisib",0.21403167538092216,0.8519883335284147,0.4087608529747274,1.7466756678586566
split_cell_heldout,ridge_drug_fp,"NK cells, Alogliptin",0.11310436380763277,0.6545267295119811,0.2507218610327163,1.7717612535372738
split_cell_heldout,ridge_drug_fp,"NK cells, Penfluridol",0.13418610409295417,0.7141885020218405,0.25794347519834737,1.7912059499748363
split_cell_heldout,ridge_drug_fp,"NK cells, Quizartinib",0.08257859241713764,0.7091272256470521,0.22091587790711403,1.8130266556856691
split_cell_heldout,ridge_drug_fp,"NK cells, RN-486",0.05171171230931216,0.7305698340823026,0.1549380074720293,1.8632479878018386
split_cell_heldout,ridge_drug_fp,"NK cells, PD-0325901",0.2745154834508376,0.885338783720381,0.4751997171068,1.800378057822777
split_cell_heldout,ridge_drug_fp,"NK cells, Decitabine",0.062074378229319424,0.6606207719959064,0.06510773028479401,1.7790564859004936
split_cell_heldout,ridge_drug_fp,"NK cells, LDN 193189",0.20593785382382118,0.688086514256165,0.4231655433214903,1.712804300016314
split_cell_heldout,ridge_drug_fp,"NK cells, Cabozantinib",0.15482502997354328,0.709977166208526,0.32969176207685946,1.7386026545642583
split_cell_heldout,ridge_drug_fp,"NK cells, Riociguat",0.05433543959821708,0.7087044343486423,0.10946003697520312,1.8621682710498688
split_cell_heldout,ridge_drug_fp,"NK cells, CHIR-99021",0.3206641411553961,0.8829216358039981,0.5605823868367285,1.6213364008779474
split_cell_heldout,ridge_drug_fp,"NK cells, Defactinib",0.20342777985589602,0.7815306202417336,0.367139794415246,1.7603254985542822
split_cell_heldout,ridge_drug_fp,"NK cells, BI-D1870",0.11530273592861237,0.7688689972332791,0.18744622197665545,1.8050098340621332
split_cell_heldout,ridge_drug_fp,"NK cells, AZD3514",0.2504020152983504,0.7502481020308038,0.43637714233804614,1.6786679653594518
split_cell_heldout,ridge_drug_fp,"NK cells, HMN-214",0.29817630772374837,0.6967155187103826,0.43389476697556184,1.652710901232348
split_cell_heldout,ridge_drug_fp,"NK cells, CC-401",0.2970235916477067,0.7814672522666538,0.4846405660221693,1.6709636442547064
split_cell_heldout,ridge_drug_fp,"NK cells, Resminostat",0.6400558500832901,1.2055045855777193,0.8206564785978783,1.4619715839892442
split_cell_heldout,ridge_drug_fp,"NK cells, Crizotinib",0.2707907542868167,0.8262657290139198,0.4624713100781674,1.6825127232139654
split_cell_heldout,ridge_drug_fp,"NK cells, Azacitidine",0.1859344357460269,0.6745037361489842,0.24014845920211927,1.7853279127048858
split_cell_heldout,ridge_drug_fp,"NK cells, TR-14035",0.13559754198216317,0.6766858992090474,0.19998366454507996,1.8457235722030598
split_cell_heldout,ridge_drug_fp,"NK cells, Nilotinib",0.2571182150667313,0.8624684002335129,0.4689534168235968,1.7351370561673374
split_cell_heldout,ridge_drug_fp,"NK cells, AT 7867",0.22362425497159086,0.8436944885111749,0.45843016522973273,1.7626678323417049
split_cell_heldout,ridge_drug_fp,"NK cells, OSI-930",0.16238693375841842,0.6830473479606919,0.3472793283851953,1.758114844873511
split_cell_heldout,ridge_drug_fp,"NK cells, GO-6976",0.2293843501305321,0.8439956440300891,0.41670484517363005,1.784247657449395
split_cell_heldout,ridge_drug_fp,"NK cells, Saracatinib",0.2932935527185264,0.9684021560408612,0.46474199208823874,1.7497657598420138
split_cell_heldout,ridge_drug_fp,"NK cells, RG7112",0.3097783826396524,0.6730679303650392,0.530448107091807,1.6366153378494444
split_cell_heldout,ridge_drug_fp,"NK cells, Lamivudine",0.07439565833723433,0.7274922212425206,0.10667236514602525,1.9055348052562087
split_cell_heldout,ridge_drug_fp,"NK cells, TGX 221",0.2808065647033132,0.8393734112096735,0.4553756224577731,1.7075772508813276
split_cell_heldout,ridge_drug_fp,"NK cells, Pitavastatin Calcium",0.523879308525591,1.250629032434031,0.7080182755038071,1.8884651985688685
split_cell_heldout,ridge_drug_fp,"NK cells, ABT737",0.05232742862615028,0.8620701649785522,0.15337636456763043,1.939379564053361
split_cell_heldout,ridge_drug_fp,"NK cells, PRT-062607",0.3499882475566455,0.9560416677422171,0.60207226618543,1.5778696684503841
split_cell_heldout,ridge_drug_fp,"NK cells, AZ628",0.2627840322704829,0.824285682403571,0.43799551822534855,1.7185438745423651
split_cell_heldout,ridge_drug_fp,"NK cells, AZD-8330",0.3125510534371225,0.8176507167415079,0.5041427397907396,1.694473178521467
split_cell_heldout,ridge_drug_fp,"NK cells, Masitinib",0.1326713979329931,0.7362389746735812,0.12353657143942416,1.8580270656536382
split_cell_heldout,ridge_drug_fp,"NK cells, Ceritinib",0.15663165329435996,0.78280561073744,0.2349231337683452,1.8278346560558423
split_cell_heldout,ridge_drug_fp,"NK cells, CGM-097",0.429383631024566,0.922494743112854,0.6645169796522153,1.5659387422356774
split_cell_heldout,ridge_drug_fp,"NK cells, SLx-2119",0.21401932704216084,0.7285123958193889,0.3812308927481094,1.8405518933044143
split_cell_heldout,ridge_drug_fp,"NK cells, Nefazodone",0.11327555878837896,0.6890190587235004,0.13398639664421505,1.862100365842074
split_cell_heldout,ridge_drug_fp,"NK cells, STK219801",0.21717746867573873,0.6951355459249128,0.3573286480474763,1.7981612261039301
split_cell_heldout,ridge_drug_fp,"NK cells, TPCA-1",0.40120168194809225,0.9625548780900799,0.6363973614454591,1.6254615373283392
split_cell_heldout,ridge_drug_fp,"NK cells, MGCD-265",0.06667725699003914,0.7245283505031885,0.08632170083035244,1.8297915708503694
split_cell_heldout,ridge_drug_fp,"NK cells, GSK-1070916",0.18369470666517396,0.7123558838867114,0.2616230805748612,1.7591640593995324
split_cell_heldout,ridge_drug_fp,"NK cells, Ricolinostat",0.32777998613710363,0.8447868216921682,0.5228942479543678,1.6216932739878755
split_cell_heldout,ridge_drug_fp,"NK cells, Bosutinib",0.36042309831666697,1.0099115915469135,0.5698205057578425,1.6303680825732736
split_cell_heldout,ridge_drug_fp,"NK cells, Clemastine",0.16368477002239745,0.7019427707337225,0.25560086644939667,1.7506562705932043
split_cell_heldout,ridge_drug_fp,"NK cells, YK 4-279",0.14183916176239156,0.7080760366670048,0.3409586115534577,1.7485347452313942
split_cell_heldout,ridge_drug_fp,"NK cells, Buspirone",0.09636899272665793,0.6355997090191267,0.11888702284900027,1.7866796043874582
split_cell_heldout,ridge_drug_fp,"NK cells, Midostaurin",0.28436855944326556,0.8364927220589412,0.4722176741625666,1.656881260948948
split_cell_heldout,ridge_drug_fp,"NK cells, CEP-37440",0.24950991961991575,0.7416896628557681,0.4081558706338445,1.7234455804574165
split_cell_heldout,ridge_drug_fp,"NK cells, GSK256066",0.3496829314477799,0.8840028202334513,0.5705593884105855,1.8077376982894682
split_cell_heldout,ridge_drug_fp,"NK cells, Oxybenzone",0.08309446063910701,0.6565930139749742,0.049977281678151055,1.8376563774935912
split_cell_heldout,ridge_drug_fp,"NK cells, Vandetanib",0.07109604313776112,0.7350625069841831,0.09943977102796045,1.8767337926783545
split_cell_heldout,ridge_drug_fp,"NK cells, Imatinib",0.0846448347454869,0.7103609054821767,0.18933479160047925,1.837554573077741
split_cell_heldout,ridge_drug_fp,"NK cells, SCH-58261",0.099936605591334,0.698441550421045,0.1281236780208172,1.8492343360556363
split_cell_heldout,ridge_drug_fp,"NK cells, Colforsin",0.10675390103064297,0.6970788027838416,0.17116672998333513,1.799564673316641
split_cell_heldout,ridge_drug_fp,"NK cells, Tivantinib",0.18323497548322948,0.781636414535424,0.29747724314262625,1.811273744319282
split_cell_heldout,ridge_drug_fp,"NK cells, Tosedostat",0.30571766843536446,0.79208545723942,0.5267305385646249,1.739943017007874
split_cell_heldout,ridge_drug_fp,"NK cells, Colchicine",0.2248777284556162,1.1380334414743882,0.4540368092191339,1.7406204405087042
split_cell_heldout,ridge_drug_fp,"NK cells, ABT-199 (GDC-0199)",0.04957083893244248,0.7448405072435169,0.15852250395731757,1.8603916412152572
split_cell_heldout,ridge_drug_fp,"NK cells, Mometasone Furoate",0.42425623276168406,1.1742918313499444,0.6775217741085815,1.6735536372783466
split_cell_heldout,ridge_drug_fp,"NK cells, Tipifarnib",0.24102937732588897,0.7511444957719476,0.39704154911956435,1.773288399205354
split_cell_heldout,ridge_drug_fp,"NK cells, BX 912",0.26441490394595824,0.7970177953133547,0.4517071552758612,1.7040662868047587
split_cell_heldout,ridge_drug_fp,"NK cells, Doxorubicin",0.3820521225422447,1.310995275721317,0.6737652477268247,1.6615813747635277
split_cell_heldout,ridge_drug_fp,"NK cells, PF-03814735",0.39973368616847893,1.1075681871435683,0.6357076389038737,1.592932586675076
split_cell_heldout,ridge_drug_fp,"NK cells, AZD4547",0.10270884833542937,0.7059247161227916,0.1996516304769955,1.8194518674520523
split_cell_heldout,ridge_drug_fp,"NK cells, Prednisolone",0.4113383458064629,1.0502129610018054,0.6387346303264874,1.7518764711649275
split_cell_heldout,ridge_drug_fp,"NK cells, Tacalcitol",0.10831527267441855,1.025457307532392,0.09675337608269474,1.9537596630162395
split_cell_heldout,ridge_drug_fp,"NK cells, Selumetinib",0.19836839000816384,0.8284524780720043,0.3600447511864876,1.7929088848641692
split_cell_heldout,ridge_drug_fp,"NK cells, Clotrimazole",0.08014581399616272,0.6981197769882593,0.09509811669220261,1.855242184178785
split_cell_heldout,ridge_drug_fp,"NK cells, RG7090",0.1731822864252072,0.7399255604101612,0.29078968334353306,1.7936755833463727
split_cell_heldout,ridge_drug_fp,"NK cells, GLPG0634",0.25560420316922255,0.8415202032393438,0.456916906350529,1.737874794280811
split_cell_heldout,ridge_drug_fp,"NK cells, Mubritinib (TAK 165)",0.3843801731792218,0.8774452352108699,0.6285291238120794,1.6779641070015465
split_cell_heldout,ridge_drug_fp,"NK cells, Vanoxerine",0.11727739078031997,0.7069584810965586,0.207241811015617,1.7667147138341786
split_cell_heldout,ridge_drug_fp,"NK cells, SB525334",0.2884170282937093,0.8157035627313455,0.4932852916728335,1.696123687960759
split_cell_heldout,ridge_drug_fp,"NK cells, HYDROXYUREA",0.0642459196636377,0.6880059526707049,0.12383197109086676,1.7936592531861917
split_cell_heldout,ridge_cell_drug_fp,"NK cells, TIE2 Kinase Inhibitor",0.11136667678929354,0.657360918449417,0.12870183976166766,1.7918398174545362
split_cell_heldout,ridge_cell_drug_fp,"NK cells, MK-5108",0.16335041631535738,0.6906069082928257,0.2851330128039233,1.8138610996640299
split_cell_heldout,ridge_cell_drug_fp,"NK cells, Lapatinib",0.15719311924807197,0.7298476000300028,0.3571630044393167,1.7442547394025893
split_cell_heldout,ridge_cell_drug_fp,"NK cells, Atorvastatin",0.15495958886596986,0.6969691718151513,0.28725358155182446,1.7145355100195168
split_cell_heldout,ridge_cell_drug_fp,"NK cells, Ganetespib (STA-9090)",0.5635837865089266,1.1735036986678833,0.790206797161924,1.4774784180399498
split_cell_heldout,ridge_cell_drug_fp,"NK cells, Clomipramine",0.18075612509408903,0.6561299404213609,0.2966790559091415,1.7194905441979584
split_cell_heldout,ridge_cell_drug_fp,"NK cells, Sunitinib",0.20788346552683562,0.7226414921483427,0.37778862529267015,1.6712403948085215
split_cell_heldout,ridge_cell_drug_fp,"NK cells, Tivozanib",0.1523799134074029,0.7310429916082971,0.2528656486864314,1.7864624803188416
split_cell_heldout,ridge_cell_drug_fp,"NK cells, Tamatinib",0.4032449376671836,0.9712073445663926,0.6095574953212092,1.6010121696339128
split_cell_heldout,ridge_cell_drug_fp,"NK cells, Ixabepilone",0.12663814391856926,0.6819263974633629,0.29381235208068646,1.7889943805102382
split_cell_heldout,ridge_cell_drug_fp,"NK cells, Linagliptin",0.07790309181651718,0.6821669440427982,0.18885384862294008,1.7633193024846536
split_cell_heldout,ridge_cell_drug_fp,"NK cells, 5-(9-Isopropyl-8-methyl-2-morpholino-9H-purin-6-yl)pyrimidin-2-amine",0.48307111435094524,1.0620191649208781,0.7008510837246323,1.552507827789779
split_cell_heldout,ridge_cell_drug_fp,"NK cells, O-Demethylated Adapalene",0.10426821439162567,0.727691232627155,0.13123236935153978,1.7926097371334722
split_cell_heldout,ridge_cell_drug_fp,"NK cells, Protriptyline",0.07397656291680295,0.6494918245516589,0.13918079299884567,1.7829645719898786
split_cell_heldout,ridge_cell_drug_fp,"NK cells, I-BET151",0.5361315180467966,1.1498338457399495,0.7606184345224892,1.521175926817375
split_cell_heldout,ridge_cell_drug_fp,"NK cells, Foretinib",0.34836378063672896,0.8330796070721637,0.5550639271246521,1.6839963322889304
split_cell_heldout,ridge_cell_drug_fp,"NK cells, GW843682X",0.15822466103500374,0.7028966842318605,0.3018249016783232,1.7845531744491503
split_cell_heldout,ridge_cell_drug_fp,"NK cells, BMS-387032",0.33313435994129714,1.083012504801414,0.5719208924438266,1.716092746760402
split_cell_heldout,ridge_cell_drug_fp,"NK cells, IN1451",0.6332509514564009,1.367531288540211,0.8563915932099223,1.2741803065115855
split_cell_heldout,ridge_cell_drug_fp,"NK cells, Raloxifene",0.20462223880854427,0.8008201509395585,0.43214415545291457,1.8015185400515163
split_cell_heldout,ridge_cell_drug_fp,"NK cells, Topotecan",0.4024518634192408,0.8738058700845,0.6559053454582947,1.5725005468151443
split_cell_heldout,ridge_cell_drug_fp,"NK cells, BAY 87-2243",0.5094268233319604,0.8971683699573435,0.7314125260920439,1.5391188555807127
split_cell_heldout,ridge_cell_drug_fp,"NK cells, Phenylbutazone",0.13629972890745143,0.6796114440916676,0.19817130427878413,1.8233607359161024
split_cell_heldout,ridge_cell_drug_fp,"NK cells, K-02288",0.05515926386547582,0.7158767533781595,0.08323863500950875,1.8235853355993294
split_cell_heldout,ridge_cell_drug_fp,"NK cells, BMS-777607",0.08914081271484871,0.7334639350821331,0.17892384007307094,1.7786622433215182
split_cell_heldout,ridge_cell_drug_fp,"NK cells, Porcn Inhibitor III",0.17682207528730887,0.8008411750290931,0.37267380393482763,1.8602330597699963
split_cell_heldout,ridge_cell_drug_fp,"NK cells, TL_HRAS26",0.11513682361648678,0.6651224716110362,0.22492388551455728,1.8231664459494565
split_cell_heldout,ridge_cell_drug_fp,"NK cells, Proscillaridin A;Proscillaridin-A",0.778130028452385,1.4829031706890818,0.8855700730252697,1.4871033356524814
split_cell_heldout,ridge_cell_drug_fp,"NK cells, Vorinostat",0.6326115257522559,1.10955546928708,0.8167655219398788,1.457351950338702
split_cell_heldout,ridge_cell_drug_fp,"NK cells, BMS-265246",0.4957867551906113,0.9420968256038035,0.7750461749207858,1.3867144184236349
split_cell_heldout,ridge_cell_drug_fp,"NK cells, Ruxolitinib",0.26330235186079914,0.9536029953507756,0.47991512166083805,1.7022837045918255
split_cell_heldout,ridge_cell_drug_fp,"NK cells, Pomalidomide",0.3818343042089163,0.8566100493801407,0.6232432557371642,1.6888058187753836
split_cell_heldout,ridge_cell_drug_fp,"NK cells, Dovitinib",0.2626184996657848,0.803809145155901,0.4404475022222125,1.7797074699100364
split_cell_heldout,ridge_cell_drug_fp,"NK cells, AVL-292",0.26386538266252685,0.78634198791456,0.4728282143329824,1.7114170354854923
split_cell_heldout,ridge_cell_drug_fp,"NK cells, Navitoclax",0.1658402879374878,0.7717638641492279,0.30841324216356997,1.8605963171678206
split_cell_heldout,ridge_cell_drug_fp,"NK cells, Methotrexate",0.09230853022427371,0.7347484345047783,0.10625145437825206,1.8964498395997345
split_cell_heldout,ridge_cell_drug_fp,"NK cells, Palbociclib",0.14442250593774075,0.7073716038165779,0.2862103663931848,1.7353462262918522
split_cell_heldout,ridge_cell_drug_fp,"NK cells, Trametinib",0.23501078114033686,0.851938510795206,0.44892732357462306,1.7144010614369989
split_cell_heldout,ridge_cell_drug_fp,"NK cells, AMD-070 (hydrochloride)",0.056718173172293225,0.7174924597534309,0.08022719120399835,1.8557205658124296
split_cell_heldout,ridge_cell_drug_fp,"NK cells, Sgc-cbp30",0.26090411615501,0.754079488533757,0.44690581077815356,1.6916455226107905
split_cell_heldout,ridge_cell_drug_fp,"NK cells, FK 866",0.2556157885807469,0.8547806867123284,0.4640192676017558,1.7391358530009202
split_cell_heldout,ridge_cell_drug_fp,"NK cells, Chlorpheniramine",0.08572671009569298,0.6928816545296399,0.11434744890964084,1.8835679345341902
split_cell_heldout,ridge_cell_drug_fp,"NK cells, Scriptaid",0.6610516844981836,1.1712227027758972,0.8347920409380913,1.4332848246538084
split_cell_heldout,ridge_cell_drug_fp,"NK cells, BAY 61-3606",0.4858281862423894,1.1852602700016517,0.7292850693392134,1.5695222156197441
split_cell_heldout,ridge_cell_drug_fp,"NK cells, LY2090314",0.5617434679362282,1.1655879481263012,0.7766118301606701,1.6177177091103683
split_cell_heldout,ridge_cell_drug_fp,"NK cells, Vardenafil",0.09015990365149437,0.7161142896586967,0.09978975995271652,1.8699592933961122
split_cell_heldout,ridge_cell_drug_fp,"NK cells, Dasatinib",0.2614326725604295,1.0653553099082012,0.45428408352313565,1.7616577682862742
split_cell_heldout,ridge_cell_drug_fp,"NK cells, AT13387",0.5216037385677764,1.1541272280833017,0.7635504728136356,1.5439935142948404
split_cell_heldout,ridge_cell_drug_fp,"NK cells, PF-04691502",0.3078934648617352,0.9985032940688238,0.5681156805467404,1.6256770295225798
split_cell_heldout,ridge_cell_drug_fp,"NK cells, Perhexiline",0.3519018909899177,0.865217179805794,0.5609839986673473,1.6451823899301035
split_cell_heldout,ridge_cell_drug_fp,"NK cells, RVX-208",0.2916142867710382,0.7611717011246508,0.48557199910774246,1.6255236577458996
split_cell_heldout,ridge_cell_drug_fp,"NK cells, Ketoconazole",0.5198520742720405,0.8498571199043212,0.7092376007025188,1.5080002417085794
split_cell_heldout,ridge_cell_drug_fp,"NK cells, Disulfiram",0.16576407603313534,0.6476532169256118,0.24789770239011855,1.7917232054713683
split_cell_heldout,ridge_cell_drug_fp,"NK cells, Flutamide",0.12827700069483208,0.705642691687433,0.3209005875228661,1.7672145833747344
split_cell_heldout,ridge_cell_drug_fp,"NK cells, Desloratadine",0.10242439227712029,0.6821938861422057,0.09102458111512822,1.810860634488198
split_cell_heldout,ridge_cell_drug_fp,"NK cells, Dactolisib",0.5636598840375444,1.129991467477568,0.7677577569240003,1.516402084072054
split_cell_heldout,ridge_cell_drug_fp,"NK cells, BMS-536924",0.28879504249409704,0.9208594608070041,0.48483646130644154,1.70782405671215
split_cell_heldout,ridge_cell_drug_fp,"NK cells, IKK Inhibitor VII",0.30941112949194094,0.927827600047618,0.5198097427027317,1.6743110359343343
split_cell_heldout,ridge_cell_drug_fp,"NK cells, Amiodarone",0.07883963284563184,0.7091734990323919,0.10201794620814894,1.8396519612640818
split_cell_heldout,ridge_cell_drug_fp,"NK cells, Isoniazid",0.06825438136743114,0.6750349079158343,0.17352124088124085,1.8200562287952193
split_cell_heldout,ridge_cell_drug_fp,"NK cells, IMD-0354",0.4670977303261925,1.0549451844924136,0.7149863118267279,1.5580108167486513
split_cell_heldout,ridge_cell_drug_fp,"NK cells, Canertinib",0.2581009078618126,0.7666883083869368,0.4981935275855692,1.6999698662481386
split_cell_heldout,ridge_cell_drug_fp,"NK cells, Idelalisib",0.2140222463850361,0.8519837577529118,0.4087504247371023,1.7466862215070524
split_cell_heldout,ridge_cell_drug_fp,"NK cells, Alogliptin",0.11312585668637994,0.6545294933963404,0.2508335155172065,1.771717865502357
split_cell_heldout,ridge_cell_drug_fp,"NK cells, Penfluridol",0.13445302754914548,0.7142097727376617,0.25825171117398255,1.7911225680122798
split_cell_heldout,ridge_cell_drug_fp,"NK cells, Quizartinib",0.08205858940950302,0.7094806606066983,0.2206111791780648,1.8131772842642917
split_cell_heldout,ridge_cell_drug_fp,"NK cells, RN-486",0.05172763806998741,0.7305634638410451,0.15496729437959397,1.8632367126622773
split_cell_heldout,ridge_cell_drug_fp,"NK cells, PD-0325901",0.27461253575807026,0.8851439363698642,0.4752258220370149,1.8003382828481784
split_cell_heldout,ridge_cell_drug_fp,"NK cells, Decitabine",0.06210739926999842,0.6606118078725602,0.06525468454322969,1.779021098084745
split_cell_heldout,ridge_cell_drug_fp,"NK cells, LDN 193189",0.2057745069851577,0.6881597444073487,0.4229505417995808,1.712927712578612
split_cell_heldout,ridge_cell_drug_fp,"NK cells, Cabozantinib",0.15636096205191255,0.7096029337864356,0.3307541347459621,1.7380905521257584
split_cell_heldout,ridge_cell_drug_fp,"NK cells, Riociguat",0.05434533085918774,0.7086951952772501,0.10954892267766626,1.8621496216597437
split_cell_heldout,ridge_cell_drug_fp,"NK cells, CHIR-99021",0.32067530027118446,0.8829476258300947,0.5605902506963709,1.621333230005418
split_cell_heldout,ridge_cell_drug_fp,"NK cells, Defactinib",0.2034449208097106,0.7814981454106178,0.3671289661183178,1.7603290368561189
split_cell_heldout,ridge_cell_drug_fp,"NK cells, BI-D1870",0.1153243072367848,0.7688808107982674,0.18753269750051135,1.8049748669170635
split_cell_heldout,ridge_cell_drug_fp,"NK cells, AZD3514",0.25037420621557716,0.7502777943370991,0.4363534334225437,1.6786988086620205
split_cell_heldout,ridge_cell_drug_fp,"NK cells, HMN-214",0.29814470814268945,0.6966662492980927,0.43384292356955306,1.6527675038709861
split_cell_heldout,ridge_cell_drug_fp,"NK cells, CC-401",0.2970274266716916,0.7814590907847535,0.48459653166327177,1.6710019633629392
split_cell_heldout,ridge_cell_drug_fp,"NK cells, Resminostat",0.6401252643455454,1.205407393209132,0.8207090221805216,1.461782298829654
split_cell_heldout,ridge_cell_drug_fp,"NK cells, Crizotinib",0.27074381264892333,0.8263533506287496,0.4625027143805434,1.682491700189307
split_cell_heldout,ridge_cell_drug_fp,"NK cells, Azacitidine",0.18593732198081606,0.6744946269398584,0.24015418696156055,1.7853359052877626
split_cell_heldout,ridge_cell_drug_fp,"NK cells, TR-14035",0.13573512398130969,0.6766150505284522,0.20007714715884484,1.845647655514049
split_cell_heldout,ridge_cell_drug_fp,"NK cells, Nilotinib",0.25712381162126235,0.8624307731133891,0.46890820322483173,1.7351980326910394
split_cell_heldout,ridge_cell_drug_fp,"NK cells, AT 7867",0.22359785184816627,0.8437250209144613,0.45837968832007026,1.7627050604717276
split_cell_heldout,ridge_cell_drug_fp,"NK cells, OSI-930",0.1625312188779573,0.6830288750428032,0.34760638471950994,1.757984296431186
split_cell_heldout,ridge_cell_drug_fp,"NK cells, GO-6976",0.22948111063930426,0.8437825000137718,0.4168090837186874,1.7842345889796252
split_cell_heldout,ridge_cell_drug_fp,"NK cells, Saracatinib",0.2932805899460849,0.9684756231111078,0.46480942550255394,1.7496732097611332
split_cell_heldout,ridge_cell_drug_fp,"NK cells, RG7112",0.30972576082982184,0.6731076286926173,0.5304535124117161,1.6366145427273548
split_cell_heldout,ridge_cell_drug_fp,"NK cells, Lamivudine",0.07443894456534833,0.7275244907455791,0.10692885054028743,1.9054616805432325
split_cell_heldout,ridge_cell_drug_fp,"NK cells, TGX 221",0.2808145840100971,0.8393753043574691,0.45547281405796264,1.7075054153485476
split_cell_heldout,ridge_cell_drug_fp,"NK cells, Pitavastatin Calcium",0.5238691036081906,1.2506473262342044,0.708001600892611,1.8884981097075573
split_cell_heldout,ridge_cell_drug_fp,"NK cells, ABT737",0.05229840064864257,0.8620838721892404,0.1533150987264999,1.93941021852761
split_cell_heldout,ridge_cell_drug_fp,"NK cells, PRT-062607",0.35003499707494223,0.955917051595825,0.6020605645139047,1.5778950038302775
split_cell_heldout,ridge_cell_drug_fp,"NK cells, AZ628",0.2627803422954206,0.8243321007963694,0.4380686379083313,1.7184792956084132
split_cell_heldout,ridge_cell_drug_fp,"NK cells, AZD-8330",0.3125461236925397,0.8176635953295017,0.504172107774779,1.6944568878121757
split_cell_heldout,ridge_cell_drug_fp,"NK cells, Masitinib",0.1326247005560858,0.7362704341318329,0.1233115335142801,1.8581133260941745
split_cell_heldout,ridge_cell_drug_fp,"NK cells, Ceritinib",0.15669714580260669,0.7827694165451227,0.23501609275581375,1.8277821735618274
split_cell_heldout,ridge_cell_drug_fp,"NK cells, CGM-097",0.42936303094702505,0.92253324628415,0.6645501099408831,1.5658839204666009
split_cell_heldout,ridge_cell_drug_fp,"NK cells, SLx-2119",0.21414873664068415,0.7284602028451065,0.38144854809724105,1.8404398406109013
split_cell_heldout,ridge_cell_drug_fp,"NK cells, Nefazodone",0.1134312911813957,0.6889214706451751,0.13394599903625443,1.8620595030291933
split_cell_heldout,ridge_cell_drug_fp,"NK cells, STK219801",0.2171329125764022,0.6951530008547203,0.357284474299959,1.7981917343216132
split_cell_heldout,ridge_cell_drug_fp,"NK cells, TPCA-1",0.40110165986556684,0.9626962727177953,0.636315860123931,1.6255635469999783
split_cell_heldout,ridge_cell_drug_fp,"NK cells, MGCD-265",0.0664919451880799,0.7245691103681362,0.08645221784089585,1.8297707898001967
split_cell_heldout,ridge_cell_drug_fp,"NK cells, GSK-1070916",0.18369098075761597,0.7123419847327358,0.26158862731999527,1.7591829205812497
split_cell_heldout,ridge_cell_drug_fp,"NK cells, Ricolinostat",0.3278368240470685,0.8447811747694387,0.522989835526706,1.6215765962401087
split_cell_heldout,ridge_cell_drug_fp,"NK cells, Bosutinib",0.359967796443914,1.0106246775216758,0.5695425974900008,1.6306605038012754
split_cell_heldout,ridge_cell_drug_fp,"NK cells, Clemastine",0.16366203259908346,0.7019915798274254,0.25570907125996384,1.7506247519790006
split_cell_heldout,ridge_cell_drug_fp,"NK cells, YK 4-279",0.14183149592831895,0.7080758539502503,0.3409659752145791,1.7485344254285584
split_cell_heldout,ridge_cell_drug_fp,"NK cells, Buspirone",0.09636441860489274,0.6355797440656155,0.11882577038667583,1.7866953345009169
split_cell_heldout,ridge_cell_drug_fp,"NK cells, Midostaurin",0.2842821583872952,0.8365685242936017,0.47218894188017435,1.656933371456046
split_cell_heldout,ridge_cell_drug_fp,"NK cells, CEP-37440",0.24960682331365047,0.7416411723404163,0.4083362355270884,1.7233451579194483
split_cell_heldout,ridge_cell_drug_fp,"NK cells, GSK256066",0.3496943895766701,0.883992041514723,0.5705622133208889,1.8077304670781493
split_cell_heldout,ridge_cell_drug_fp,"NK cells, Oxybenzone",0.08310036210418634,0.6565567345438057,0.04969576322602673,1.8377699832824663
split_cell_heldout,ridge_cell_drug_fp,"NK cells, Vandetanib",0.07110783438695978,0.7350671724677886,0.09957708281674038,1.8766981308453576
split_cell_heldout,ridge_cell_drug_fp,"NK cells, Imatinib",0.08463549996646796,0.7103563782602013,0.18913547844920703,1.837636881850048
split_cell_heldout,ridge_cell_drug_fp,"NK cells, SCH-58261",0.09989279073015049,0.6984450613566622,0.1280460163706158,1.8492590610828705
split_cell_heldout,ridge_cell_drug_fp,"NK cells, Colforsin",0.10677277490909437,0.6970825929228686,0.1712200402393106,1.79954628557386
split_cell_heldout,ridge_cell_drug_fp,"NK cells, Tivantinib",0.18329540023437735,0.781594217689712,0.2976663886658317,1.8111630690927782
split_cell_heldout,ridge_cell_drug_fp,"NK cells, Tosedostat",0.3056229662154005,0.7921031934814375,0.5267317115350131,1.7399724624161765
split_cell_heldout,ridge_cell_drug_fp,"NK cells, Colchicine",0.2248734050785212,1.1381083515880772,0.4540354560345244,1.7406360420437093
split_cell_heldout,ridge_cell_drug_fp,"NK cells, ABT-199 (GDC-0199)",0.04957977587191101,0.7448384003021851,0.1585415511581469,1.8603784101356544
split_cell_heldout,ridge_cell_drug_fp,"NK cells, Mometasone Furoate",0.4242078573142917,1.1744076924229634,0.6774891001084076,1.6736324956863184
split_cell_heldout,ridge_cell_drug_fp,"NK cells, Tipifarnib",0.24109429293513232,0.7511471055100784,0.3972822522992666,1.7731412521058187
split_cell_heldout,ridge_cell_drug_fp,"NK cells, BX 912",0.26440225967326336,0.7970380256690811,0.45174055006408703,1.7040381938618716
split_cell_heldout,ridge_cell_drug_fp,"NK cells, Doxorubicin",0.3820159693239279,1.3110101988510499,0.6737197377617288,1.6616226932404858
split_cell_heldout,ridge_cell_drug_fp,"NK cells, PF-03814735",0.39972055445773574,1.1076222536754488,0.6357051440536039,1.5929373577420758
split_cell_heldout,ridge_cell_drug_fp,"NK cells, AZD4547",0.10263266918356738,0.7059303400182667,0.19947199572917243,1.8195117431557069
split_cell_heldout,ridge_cell_drug_fp,"NK cells, Prednisolone",0.4111539645607002,1.0504614412589772,0.6386003141120091,1.752070757325467
split_cell_heldout,ridge_cell_drug_fp,"NK cells, Tacalcitol",0.10834327877076354,1.025364372326111,0.09688442621209715,1.9536320862867087
split_cell_heldout,ridge_cell_drug_fp,"NK cells, Selumetinib",0.19835805863407857,0.8285105368890887,0.360113598024874,1.7928562310806377
split_cell_heldout,ridge_cell_drug_fp,"NK cells, Clotrimazole",0.08006257291591537,0.6981778259194003,0.0949388340052889,1.855301943423872
split_cell_heldout,ridge_cell_drug_fp,"NK cells, RG7090",0.17316054498030622,0.7398971355685823,0.290859376458957,1.7936386980165533
split_cell_heldout,ridge_cell_drug_fp,"NK cells, GLPG0634",0.25551873728630475,0.8416295363941285,0.45688370015623303,1.737929830967537
split_cell_heldout,ridge_cell_drug_fp,"NK cells, Mubritinib (TAK 165)",0.3843340568996017,0.8774979159716122,0.6285186008679116,1.6779778120075168
split_cell_heldout,ridge_cell_drug_fp,"NK cells, Vanoxerine",0.11731961533048471,0.706936870437014,0.20722088919255466,1.7667341642277583
split_cell_heldout,ridge_cell_drug_fp,"NK cells, SB525334",0.28842708321942195,0.8156505201022336,0.49321885015878475,1.6962009117169454
split_cell_heldout,ridge_cell_drug_fp,"NK cells, HYDROXYUREA",0.06425461816243129,0.6880097059294781,0.12387882663057843,1.7936443991980124
split_scaffold_heldout,ridge_cell,"NK cells, Atorvastatin",0.28039787786753817,0.6189723812891859,0.45864959171536085,1.6744296356912607
split_scaffold_heldout,ridge_cell,"T cells, Atorvastatin",0.2731162557075482,0.5540120967077159,0.46647225629178296,1.5661168038705324
split_scaffold_heldout,ridge_cell,"B cells, Foretinib",0.6713035734632267,0.9589357570859023,0.8344671101509596,1.9906127336426744
split_scaffold_heldout,ridge_cell,"NK cells, Foretinib",0.429135249448519,0.7100050284707895,0.6688207544203177,1.8129188479554996
split_scaffold_heldout,ridge_cell,"T cells, Foretinib",0.6403637759390864,0.7395027145010131,0.8268098632401214,1.7206365521081826
split_scaffold_heldout,ridge_cell,"NK cells, BMS-777607",0.22334218639994333,0.6270934782544346,0.4065782199722534,1.7165570291737053
split_scaffold_heldout,ridge_cell,"T cells, BMS-777607",0.44257912298238083,0.5176541504153175,0.7232509305455903,1.3528010680812248
split_scaffold_heldout,ridge_cell,"B cells, TL_HRAS26",0.3826526682452304,0.5885068712979777,0.6267382292202017,1.5958288499520152
split_scaffold_heldout,ridge_cell,"Myeloid cells, TL_HRAS26",0.09467304504580376,0.6846327155693382,0.2733796605607251,1.8804783233864666
split_scaffold_heldout,ridge_cell,"NK cells, TL_HRAS26",0.15806802413632126,0.6121264969482251,0.2967568756670243,1.8128031070851187
split_scaffold_heldout,ridge_cell,"T cells, TL_HRAS26",0.3073875559287071,0.5404871783968025,0.4989969471814192,1.8064211337540974
split_scaffold_heldout,ridge_cell,"NK cells, AVL-292",0.3641213805911483,0.6424733019985998,0.636128680113773,1.7508888332253971
split_scaffold_heldout,ridge_cell,"T cells, AVL-292",0.6334273960799315,0.650805383829368,0.8409794504242756,1.591721134216439
split_scaffold_heldout,ridge_cell,"B cells, Navitoclax",-0.23634880433664543,0.9926184714216817,-0.4313084706089992,2.361244532426272
split_scaffold_heldout,ridge_cell,"Myeloid cells, Navitoclax",-0.27789060496318796,1.0269645264136837,-0.4469428922910963,2.340643004968255
split_scaffold_heldout,ridge_cell,"NK cells, Navitoclax",0.022073359811795246,0.7228927092023876,0.04243432122695165,1.9491160914446015
split_scaffold_heldout,ridge_cell,"T cells, Navitoclax",-0.002073446830620565,0.6284840059669761,0.46891657932774494,1.7214226373331487
split_scaffold_heldout,ridge_cell,"B cells, Methotrexate",-0.24689387609020333,0.7932464606653583,-0.49172780474004624,2.0497757302887765
split_scaffold_heldout,ridge_cell,"Myeloid cells, Methotrexate",0.18217415894409048,0.9255150065961938,0.3397555407525237,2.0417447316121904
split_scaffold_heldout,ridge_cell,"NK cells, Methotrexate",-0.028776110561696842,0.6726442063986572,-0.03804659459755386,1.903151628335431
split_scaffold_heldout,ridge_cell,"T cells, Methotrexate",-0.15130837163987043,0.7256145325435902,-0.4861098424571978,2.3034831130094204
split_scaffold_heldout,ridge_cell,"NK cells, Sgc-cbp30",0.29406333022776904,0.6568718443140278,0.5517786803410102,1.7311915844585848
split_scaffold_heldout,ridge_cell,"T cells, Sgc-cbp30",0.3730103832259368,0.7202026061602895,0.5765180204940347,1.7953068455638461
split_scaffold_heldout,ridge_cell,"B cells, Scriptaid",0.38331998617268354,1.6691657876989987,0.5017315585578528,2.6861270246754025
split_scaffold_heldout,ridge_cell,"Myeloid cells, Scriptaid",0.358277535494376,1.850150303398489,0.4633994348584214,2.8454672935511423
split_scaffold_heldout,ridge_cell,"NK cells, Scriptaid",0.23735518809826464,1.3176678833335849,0.371613138150054,2.534044831312331
split_scaffold_heldout,ridge_cell,"T cells, Scriptaid",0.3776084426658126,2.1923291481206326,0.45492864965156105,3.040706524667786
split_scaffold_heldout,ridge_cell,"NK cells, Desloratadine",0.14193792729257068,0.6410756407594305,0.30099319203888586,1.757628293669967
split_scaffold_heldout,ridge_cell,"T cells, Desloratadine",0.22674537114775908,0.5470479218758741,0.45047808624755825,1.478207053165708
split_scaffold_heldout,ridge_cell,"NK cells, Canertinib",0.2091025974138557,0.6729283366007156,0.3238576870737161,1.8938698782541417
split_scaffold_heldout,ridge_cell,"T cells, Canertinib",0.3071312309381182,0.7590421213209462,0.45539918731561446,1.9511593709351576
split_scaffold_heldout,ridge_cell,"B cells, Idelalisib",0.6525136916187043,0.8628212904775089,0.8276696646509105,1.9097308388966516
split_scaffold_heldout,ridge_cell,"Myeloid cells, Idelalisib",0.4161444092528187,0.8909671933761247,0.6365250512105267,1.8918548291537116
split_scaffold_heldout,ridge_cell,"NK cells, Idelalisib",0.3109524071932641,0.6685702559804663,0.5337944057181145,1.7805228554624526
split_scaffold_heldout,ridge_cell,"T cells, Idelalisib",0.5948388438479295,0.7687901266670651,0.802339599042049,1.78164163479321
split_scaffold_heldout,ridge_cell,"NK cells, Alogliptin",0.09329360165797136,0.6254848714481795,0.12826233763544642,1.8131469420078359
split_scaffold_heldout,ridge_cell,"T cells, Alogliptin",0.05965216733933971,0.6130428511314375,0.056170452245576014,1.7125760982905762
split_scaffold_heldout,ridge_cell,"NK cells, Decitabine",0.1803115891205521,0.6158561619563467,0.3388869539052692,1.700300938087117
split_scaffold_heldout,ridge_cell,"T cells, Decitabine",0.2696315046106521,0.5158643903273592,0.3924651230485844,1.5801835719516573
split_scaffold_heldout,ridge_cell,"B cells, Riociguat",0.17696071212435577,0.5975286087833122,0.34371270317228314,1.7226798672116068
split_scaffold_heldout,ridge_cell,"Myeloid cells, Riociguat",0.22030554147180953,0.6299030023561975,0.3772077114934455,1.6481017485895602
split_scaffold_heldout,ridge_cell,"NK cells, Riociguat",0.2653707898290961,0.6280570483124153,0.4810693703443745,1.7423118312746915
split_scaffold_heldout,ridge_cell,"T cells, Riociguat",0.2810215071460085,0.5172042470801879,0.40030507917637964,1.6661688079157926
split_scaffold_heldout,ridge_cell,"NK cells, Resminostat",0.18910846768439196,1.3275054851264243,0.3101858249115986,2.5203024393492925
split_scaffold_heldout,ridge_cell,"T cells, Resminostat",0.3962509954853755,2.1217939715988012,0.4813656371824845,2.98830433632758
split_scaffold_heldout,ridge_cell,"B cells, Azacitidine",0.20621463104901333,0.6781158989035637,0.4543007507960036,1.746386850723335
split_scaffold_heldout,ridge_cell,"Myeloid cells, Azacitidine",0.05501689888105189,0.6926135986099107,0.2578609418092394,1.7138995705908153
split_scaffold_heldout,ridge_cell,"NK cells, Azacitidine",0.2092185711919704,0.6279630035132687,0.39059800979489145,1.7730804567061242
split_scaffold_heldout,ridge_cell,"T cells, Azacitidine",0.2215415026780442,0.6260774201247825,0.4747739266879072,1.669484271040041
split_scaffold_heldout,ridge_cell,"NK cells, RG7112",0.2962703569077691,0.6331210024645122,0.5064017436201194,1.8598181435477101
split_scaffold_heldout,ridge_cell,"T cells, RG7112",0.2800735436908584,0.6247095445707016,0.4040399954835609,2.1634314442419242
split_scaffold_heldout,ridge_cell,"B cells, Masitinib",0.4821320050705975,0.6307754781535985,0.684563025884805,1.570901049548927
split_scaffold_heldout,ridge_cell,"Myeloid cells, Masitinib",0.4095229906517255,0.6884207781583218,0.7096840648093233,1.6706731648350495
split_scaffold_heldout,ridge_cell,"NK cells, Masitinib",0.3076925773903002,0.6389655375627888,0.4496579602892665,1.766136181042477
split_scaffold_heldout,ridge_cell,"T cells, Masitinib",0.36931502123918014,0.5405279568465087,0.7498792515699613,1.278427236517966
split_scaffold_heldout,ridge_cell,"NK cells, SLx-2119",0.16315496483464906,0.7024931499086247,0.1888924557303132,1.9628480227190936
split_scaffold_heldout,ridge_cell,"T cells, SLx-2119",0.3655668196099209,0.5837847280049191,0.6121364130371513,1.6556137135204105
split_scaffold_heldout,ridge_cell,"NK cells, Nefazodone",0.2654395469516725,0.6308828724545337,0.4471754844270116,1.7760347741769036
split_scaffold_heldout,ridge_cell,"T cells, Nefazodone",0.331261960193795,0.4911716099374633,0.6025717956083642,1.4526490366019025
split_scaffold_heldout,ridge_cell,"B cells, Ricolinostat",0.3259046783099076,0.757275320210765,0.5685323061644227,1.8300606491349385
split_scaffold_heldout,ridge_cell,"Myeloid cells, Ricolinostat",0.049632901494191785,1.2144411516877502,0.10198928467606463,2.4431958034458283
split_scaffold_heldout,ridge_cell,"NK cells, Ricolinostat",0.04410427386646897,0.7744780435288123,0.0716729190417045,1.941346442949635
split_scaffold_heldout,ridge_cell,"T cells, Ricolinostat",0.2723777720878795,0.8579338383260772,0.47345984339607017,1.9847234615739897
split_scaffold_heldout,ridge_cell,"B cells, CEP-37440",0.4830723769997107,0.6386288474131897,0.7369456275440808,1.6272758736257449
split_scaffold_heldout,ridge_cell,"Myeloid cells, CEP-37440",0.27913741878923365,0.9106505378486135,0.5334926627345609,2.0274211605926857
split_scaffold_heldout,ridge_cell,"NK cells, CEP-37440",0.2994069548464496,0.6557172083861188,0.46384190422401556,1.7931869294913338
split_scaffold_heldout,ridge_cell,"T cells, CEP-37440",0.42843324511282727,0.6173209076736109,0.7053038264510428,1.7095562403411464
split_scaffold_heldout,ridge_cell,"NK cells, Vandetanib",0.2861652280933935,0.620787752941907,0.5978790587138326,1.7374000212967027
split_scaffold_heldout,ridge_cell,"T cells, Vandetanib",0.25850507379638615,0.5329845075682105,0.5081677245486941,1.47590060532336
split_scaffold_heldout,ridge_cell,"NK cells, Colforsin",0.13502912654088262,0.6473337561043546,0.19833061148675488,1.8019634232836332
split_scaffold_heldout,ridge_cell,"T cells, Colforsin",0.3275676424186515,0.5413991218708094,0.5120063595993575,1.4134158149483897
split_scaffold_heldout,ridge_cell,"B cells, Tivantinib",0.4071332062154581,0.6665329761827393,0.6181442610619884,1.7043390828925191
split_scaffold_heldout,ridge_cell,"Myeloid cells, Tivantinib",0.3152751170157087,0.7967008053777842,0.5422351147228118,1.9102745827182468
split_scaffold_heldout,ridge_cell,"NK cells, Tivantinib",0.2552713516633227,0.6605338933728918,0.4975007327546607,1.7939588931454045
split_scaffold_heldout,ridge_cell,"T cells, Tivantinib",0.3302422936717305,0.7268951338976364,0.5089067506809157,1.7705438686451003
split_scaffold_heldout,ridge_cell,"NK cells, Tipifarnib",0.3381806042415743,0.6604688661229993,0.5895365154272816,1.7802801596456845
split_scaffold_heldout,ridge_cell,"T cells, Tipifarnib",0.4342095036452287,0.6246058705032081,0.7220344635218356,1.619630035847162
split_scaffold_heldout,ridge_cell,"B cells, RG7090",0.17226760031819366,0.6327325982233648,0.3821262441540168,1.6857749083526148
split_scaffold_heldout,ridge_cell,"Myeloid cells, RG7090",0.1631421853143632,0.8673256511251657,0.2973814834794496,2.0097157281116704
split_scaffold_heldout,ridge_cell,"NK cells, RG7090",0.17772704123140126,0.6614866180179422,0.3991750586204929,1.7910956894577172
split_scaffold_heldout,ridge_cell,"T cells, RG7090",-0.010997674924292513,0.8601396872892685,0.015034383038617125,2.087064714731418
split_scaffold_heldout,ridge_cell,"B cells, Atorvastatin",0.25784633010143854,0.6028074012447,0.5165096620310905,1.5895548711388272
split_scaffold_heldout,ridge_cell,"Myeloid cells, Atorvastatin",-0.00299722063713959,0.8107757988129171,-0.03726695111755039,2.1731338406242613
split_scaffold_heldout,ridge_cell,"B cells, BMS-777607",0.4229041508563852,0.5918403885597722,0.6522535960140459,1.565498867181364
split_scaffold_heldout,ridge_cell,"Myeloid cells, BMS-777607",0.4186645998156234,0.7105985437485478,0.7096206489419582,1.7225185728589754
split_scaffold_heldout,ridge_cell,"B cells, AVL-292",0.6886497613688137,0.8529730927616832,0.8526452772988733,1.845230618634091
split_scaffold_heldout,ridge_cell,"Myeloid cells, AVL-292",0.4687170015126566,0.8436964904025072,0.7295425495530667,1.8592583573507355
split_scaffold_heldout,ridge_cell,"B cells, Sgc-cbp30",0.3247826855963248,0.6412079044745519,0.6472956432180399,1.6225484045475569
split_scaffold_heldout,ridge_cell,"Myeloid cells, Sgc-cbp30",0.2436653496926596,0.9771358883883228,0.44981131645153116,2.088397045334437
split_scaffold_heldout,ridge_cell,"B cells, Desloratadine",0.17547015197270888,0.6003787663043522,0.2737800667769113,1.625000540726231
split_scaffold_heldout,ridge_cell,"Myeloid cells, Desloratadine",0.03322558719350739,0.7136223255857801,0.0786199183963925,1.8013538020561004
split_scaffold_heldout,ridge_cell,"B cells, Canertinib",0.2879608169899013,0.7179735842937831,0.4997184789664821,1.847532684701423
split_scaffold_heldout,ridge_cell,"B cells, Alogliptin",0.09178232287256231,0.6409737691511561,0.15354443601004455,1.8029015488589175
split_scaffold_heldout,ridge_cell,"Myeloid cells, Alogliptin",0.03485248563555495,0.6700376949822386,0.11760339889586008,1.7368005362991163
split_scaffold_heldout,ridge_cell,"B cells, Decitabine",0.16187512289021933,0.594326619386437,0.2540289816843896,1.7232470031026816
split_scaffold_heldout,ridge_cell,"Myeloid cells, Decitabine",0.25474091250754594,0.5656964022436792,0.333246348870838,1.641979334025079
split_scaffold_heldout,ridge_cell,"B cells, Resminostat",0.3652554758527811,1.6366936631175344,0.4891546351499958,2.668792884996677
split_scaffold_heldout,ridge_cell,"Myeloid cells, Resminostat",0.4211509458299809,1.8642340040424692,0.5353844120415882,2.7708800781467864
split_scaffold_heldout,ridge_cell,"B cells, RG7112",0.13054875119503212,0.6193634442489736,0.3382656437355429,1.9443760033443847
split_scaffold_heldout,ridge_cell,"Myeloid cells, RG7112",0.3633100648145419,0.7350452699353607,0.562617605254339,1.9992031037922993
split_scaffold_heldout,ridge_cell,"B cells, SLx-2119",0.44189035592667797,0.5989632839195904,0.7021932066924745,1.5391830086330731
split_scaffold_heldout,ridge_cell,"Myeloid cells, SLx-2119",0.14998540713206057,0.6762281751080554,0.17729604135810026,1.9863556554149824
split_scaffold_heldout,ridge_cell,"B cells, Nefazodone",0.2764032021783677,0.587874900462917,0.49849662524345456,1.6697767538625152
split_scaffold_heldout,ridge_cell,"Myeloid cells, Nefazodone",0.3496883443744752,0.542887942584831,0.5654019782473737,1.4871143231918507
split_scaffold_heldout,ridge_cell,"B cells, Vandetanib",0.4719849027848428,0.637076455720292,0.7252221239002107,1.6330220411197414
split_scaffold_heldout,ridge_cell,"Myeloid cells, Vandetanib",0.23310017641442626,0.7887885716639028,0.4513561509699396,1.8534788546317538
split_scaffold_heldout,ridge_cell,"B cells, Colforsin",0.2703368061081678,0.5792247307854235,0.402163586089961,1.6054575387713448
split_scaffold_heldout,ridge_cell,"Myeloid cells, Colforsin",0.19580915748849895,0.7004798544862861,0.4417971337167195,1.8193929448375403
split_scaffold_heldout,ridge_cell,"B cells, Tipifarnib",0.4399547946958128,0.5997338609742849,0.6524367350549658,1.583115496678862
split_scaffold_heldout,ridge_cell,"Myeloid cells, Tipifarnib",0.4539344777263435,0.7503936405456444,0.7307211305593819,1.7171109619243945
split_scaffold_heldout,ridge_drug_fp,"NK cells, Atorvastatin",0.05801655674492608,0.811939475168549,0.10960067750493294,1.7973427700121165
split_scaffold_heldout,ridge_drug_fp,"T cells, Atorvastatin",0.0491854044434613,0.7410758524801384,0.1906203207833376,1.71671902172288
split_scaffold_heldout,ridge_drug_fp,"B cells, Foretinib",0.2392456478081054,1.123909328297749,0.4436972571204497,2.261656817787768
split_scaffold_heldout,ridge_drug_fp,"NK cells, Foretinib",0.14993117084854785,0.8194971996843905,0.35061523218682533,1.9128953460533575
split_scaffold_heldout,ridge_drug_fp,"T cells, Foretinib",0.07605522741059836,0.9658855447128267,0.2078348375498775,2.1370537836872368
split_scaffold_heldout,ridge_drug_fp,"NK cells, BMS-777607",0.047078229247804346,0.760683855269467,0.05551280900502883,1.8424221761249602
split_scaffold_heldout,ridge_drug_fp,"T cells, BMS-777607",0.053509769932998524,0.7029770411052885,0.25743387001339313,1.6684250185999128
split_scaffold_heldout,ridge_drug_fp,"B cells, TL_HRAS26",0.24416962821773366,0.6302618902990114,0.49830667294203645,1.701384720664509
split_scaffold_heldout,ridge_drug_fp,"Myeloid cells, TL_HRAS26",0.0264741296500093,0.6672092951934512,0.110950240200821,1.9421231856006902
split_scaffold_heldout,ridge_drug_fp,"NK cells, TL_HRAS26",0.06528251757649499,0.6638686062586105,0.13425925546215614,1.8507466769299232
split_scaffold_heldout,ridge_drug_fp,"T cells, TL_HRAS26",0.1922909366887738,0.5673468164504589,0.4125258003487521,1.85731224331469
split_scaffold_heldout,ridge_drug_fp,"NK cells, AVL-292",0.2217716779322493,0.7124933657288475,0.45803946720392036,1.76225572178143
split_scaffold_heldout,ridge_drug_fp,"T cells, AVL-292",0.326563018633575,0.7761266491599615,0.5785368659361202,1.81880275835424
split_scaffold_heldout,ridge_drug_fp,"B cells, Navitoclax",0.06623775309761183,0.9221866067797988,0.13561298191358442,2.121976914836615
split_scaffold_heldout,ridge_drug_fp,"Myeloid cells, Navitoclax",0.013818065809228154,0.9247466017823318,0.03533484045709126,2.104732214606902
split_scaffold_heldout,ridge_drug_fp,"NK cells, Navitoclax",0.11042640162054036,0.755921822800454,0.19756934866375195,1.9171947285780189
split_scaffold_heldout,ridge_drug_fp,"T cells, Navitoclax",0.1343757059465946,0.6107807298265949,0.5378490438265704,1.6605923226536532
split_scaffold_heldout,ridge_drug_fp,"B cells, Methotrexate",-0.2540687179602658,0.8369485793994013,-0.5830631526333123,2.1350247032864913
split_scaffold_heldout,ridge_drug_fp,"Myeloid cells, Methotrexate",0.04370026632332144,0.9785745842837507,0.061895095197798636,2.1772210365606592
split_scaffold_heldout,ridge_drug_fp,"NK cells, Methotrexate",-0.10241062917950274,0.7772074675671972,-0.10646843827484359,1.955354555726316
split_scaffold_heldout,ridge_drug_fp,"T cells, Methotrexate",-0.15644304421537608,0.7628305578313043,-0.4623781397658686,2.327254443000177
split_scaffold_heldout,ridge_drug_fp,"NK cells, Sgc-cbp30",0.20112000331216437,0.8271439059090755,0.38057964469481825,1.7263386325357006
split_scaffold_heldout,ridge_drug_fp,"T cells, Sgc-cbp30",0.20110586323705953,0.8898792120793486,0.35008759183438215,1.9213849791085427
split_scaffold_heldout,ridge_drug_fp,"B cells, Scriptaid",0.708160957805071,1.4927832763296947,0.8329876087477178,2.3992197935370476
split_scaffold_heldout,ridge_drug_fp,"Myeloid cells, Scriptaid",0.5608911202511273,1.7480054462682701,0.691794617005157,2.6874858247995403
split_scaffold_heldout,ridge_drug_fp,"NK cells, Scriptaid",0.6407734637877072,1.1248790272755795,0.8139070583096789,2.136557129862984
split_scaffold_heldout,ridge_drug_fp,"T cells, Scriptaid",0.7504368568596991,1.9925757305937661,0.822739026138487,2.763045106706581
split_scaffold_heldout,ridge_drug_fp,"NK cells, Desloratadine",-0.025819667019955927,0.7270524706858739,-0.08488360645485007,1.8709342350689262
split_scaffold_heldout,ridge_drug_fp,"T cells, Desloratadine",0.01492962445213372,0.6118025313117368,0.019294093983389056,1.6848845301511093
split_scaffold_heldout,ridge_drug_fp,"NK cells, Canertinib",0.05774906930533441,0.8088882970635836,0.07401566320973496,2.007309869703325
split_scaffold_heldout,ridge_drug_fp,"T cells, Canertinib",0.12609011396731465,0.8691321031179051,0.1990905096211575,2.1216893735778846
split_scaffold_heldout,ridge_drug_fp,"B cells, Idelalisib",0.35416282421095957,0.9770031852544525,0.5926223785957474,2.144787860692009
split_scaffold_heldout,ridge_drug_fp,"Myeloid cells, Idelalisib",0.3284594776961618,0.9245017889228805,0.5381677432680414,2.009476146726198
split_scaffold_heldout,ridge_drug_fp,"NK cells, Idelalisib",0.1460814823978916,0.7253902300424716,0.3222652053161011,1.847718012961716
split_scaffold_heldout,ridge_drug_fp,"T cells, Idelalisib",0.32730625922769957,0.869969722888713,0.6238241208027651,2.005579936954256
split_scaffold_heldout,ridge_drug_fp,"NK cells, Alogliptin",0.03114601627138755,0.6881939946727285,-0.016645427298541588,1.8553496637342846
split_scaffold_heldout,ridge_drug_fp,"T cells, Alogliptin",0.11850174826555344,0.598180815959602,0.2600410106219081,1.6305324005672406
split_scaffold_heldout,ridge_drug_fp,"NK cells, Decitabine",0.09189451357260692,0.7431575289240657,0.15618287958846097,1.7508209226628126
split_scaffold_heldout,ridge_drug_fp,"T cells, Decitabine",0.1079033759620304,0.645696917037685,0.1033533980736425,1.7178729446844239
split_scaffold_heldout,ridge_drug_fp,"B cells, Riociguat",0.058145389104807405,0.618358800197155,0.10410585037988286,1.814260939485889
split_scaffold_heldout,ridge_drug_fp,"Myeloid cells, Riociguat",0.03426567060177036,0.6477049440294624,0.06509261845293304,1.775781799969861
split_scaffold_heldout,ridge_drug_fp,"NK cells, Riociguat",0.11548914024280059,0.6831264436707004,0.20749684334480606,1.8292048179210494
split_scaffold_heldout,ridge_drug_fp,"T cells, Riociguat",0.03333791475679614,0.5715562209184809,0.13175857701520505,1.8081360867085285
split_scaffold_heldout,ridge_drug_fp,"NK cells, Resminostat",0.39797807063340385,1.2426263800746904,0.5937284441931142,2.29638361253373
split_scaffold_heldout,ridge_drug_fp,"T cells, Resminostat",0.5049309290471234,2.037503213694079,0.6095207096979794,2.861190805394188
split_scaffold_heldout,ridge_drug_fp,"B cells, Azacitidine",0.1287305035200095,0.944168203961568,0.25979326951274934,1.864273205942949
split_scaffold_heldout,ridge_drug_fp,"Myeloid cells, Azacitidine",-0.03301322883191245,0.9814101537579337,0.07044842407065012,1.8590452390852772
split_scaffold_heldout,ridge_drug_fp,"NK cells, Azacitidine",0.07127511041322093,0.9584536299449063,0.07522013254141045,1.9234978954975248
split_scaffold_heldout,ridge_drug_fp,"T cells, Azacitidine",0.16541832999481204,0.8934584645627998,0.3790129894843237,1.6634791015822807
split_scaffold_heldout,ridge_drug_fp,"NK cells, RG7112",0.10006045515063014,0.7875654827255206,0.2346232218446526,1.8996966277177594
split_scaffold_heldout,ridge_drug_fp,"T cells, RG7112",0.15380555862610754,0.7403890607532083,0.3117464745539051,2.154150404679684
split_scaffold_heldout,ridge_drug_fp,"B cells, Masitinib",0.23534938186290524,0.7156636572561896,0.40004657719841896,1.772088562489199
split_scaffold_heldout,ridge_drug_fp,"Myeloid cells, Masitinib",0.23631525276877877,0.7406188374662014,0.5302795289881059,1.8933133573406646
split_scaffold_heldout,ridge_drug_fp,"NK cells, Masitinib",0.1538108415984559,0.6967413110054064,0.23148684261822525,1.8236111037842533
split_scaffold_heldout,ridge_drug_fp,"T cells, Masitinib",0.23332236486156055,0.5787097079403339,0.6186183064117543,1.4945073198671244
split_scaffold_heldout,ridge_drug_fp,"NK cells, SLx-2119",0.052722906184899665,0.8154120720892009,0.022110649490981488,2.035022365475192
split_scaffold_heldout,ridge_drug_fp,"T cells, SLx-2119",0.17489635998138992,0.6954222234239082,0.34157263685390576,1.7831578980442468
split_scaffold_heldout,ridge_drug_fp,"NK cells, Nefazodone",0.014193858117366134,0.6919300518486772,0.09713365907235412,1.878934808157531
split_scaffold_heldout,ridge_drug_fp,"T cells, Nefazodone",0.07632350069792361,0.5244011862916516,0.3794298013975274,1.5749144435629185
split_scaffold_heldout,ridge_drug_fp,"B cells, Ricolinostat",0.46586812866064725,0.8099030707439403,0.7107068570177165,1.4269971384020206
split_scaffold_heldout,ridge_drug_fp,"Myeloid cells, Ricolinostat",0.37088866231759404,1.1351277307263477,0.5776926906295475,2.0441674229022677
split_scaffold_heldout,ridge_drug_fp,"NK cells, Ricolinostat",0.2521883680270501,0.9305297192167556,0.437591397596603,1.7071172833604062
split_scaffold_heldout,ridge_drug_fp,"T cells, Ricolinostat",0.5613998570883684,0.7820752258832625,0.8068051837377223,1.3731963382017542
split_scaffold_heldout,ridge_drug_fp,"B cells, CEP-37440",0.3276402101988154,0.8087441994400566,0.5786887294259146,1.642308474116599
split_scaffold_heldout,ridge_drug_fp,"Myeloid cells, CEP-37440",0.1564359635725955,1.0621173777709314,0.348724118592715,2.1197745611136503
split_scaffold_heldout,ridge_drug_fp,"NK cells, CEP-37440",0.24234292892858947,0.8307845044015453,0.4129533415961639,1.7025434279801768
split_scaffold_heldout,ridge_drug_fp,"T cells, CEP-37440",0.3342026671848343,0.7782583287286181,0.598523037143119,1.650614843442831
split_scaffold_heldout,ridge_drug_fp,"NK cells, Vandetanib",0.11998553420793587,0.7185058640114618,0.2945390979644578,1.8131535565092338
split_scaffold_heldout,ridge_drug_fp,"T cells, Vandetanib",0.1408593854474435,0.6005284318648096,0.46697173895029453,1.513081250649294
split_scaffold_heldout,ridge_drug_fp,"NK cells, Colforsin",0.0014599513608809205,0.8022877593630104,-0.08483178924701254,1.9205179641109253
split_scaffold_heldout,ridge_drug_fp,"T cells, Colforsin",0.16563879070151377,0.6701147514930323,0.27733422928731677,1.5639025472743886
split_scaffold_heldout,ridge_drug_fp,"B cells, Tivantinib",0.2867165282247394,0.7356174524566285,0.46787376369112804,1.7724097345119891
split_scaffold_heldout,ridge_drug_fp,"Myeloid cells, Tivantinib",0.25562449396936127,0.8337399848909902,0.45299338255804894,1.955043631592687
split_scaffold_heldout,ridge_drug_fp,"NK cells, Tivantinib",0.14905671361721762,0.7543694092256459,0.2513269260139425,1.838770419200516
split_scaffold_heldout,ridge_drug_fp,"T cells, Tivantinib",0.3685913505521056,0.7277914121438197,0.5367365541650534,1.674692410339555
split_scaffold_heldout,ridge_drug_fp,"NK cells, Tipifarnib",0.1670262285355692,0.7424186701867996,0.307084255791874,1.8279662732537811
split_scaffold_heldout,ridge_drug_fp,"T cells, Tipifarnib",0.23461076636197442,0.7097453786978529,0.52035703912017,1.7341100976847794
split_scaffold_heldout,ridge_drug_fp,"B cells, RG7090",0.07777207852651682,0.6696048893511739,0.3042115026604754,1.7300386604657212
split_scaffold_heldout,ridge_drug_fp,"Myeloid cells, RG7090",0.08105365667924853,0.8831206475353481,0.20120171729293018,2.055959560422477
split_scaffold_heldout,ridge_drug_fp,"NK cells, RG7090",0.045914306788215425,0.7359771723145663,0.07702466555866776,1.8761713092875
split_scaffold_heldout,ridge_drug_fp,"T cells, RG7090",-0.052185518657431124,0.8775508468686057,-0.051776157316010894,2.084674468961698
split_scaffold_heldout,ridge_drug_fp,"B cells, Atorvastatin",0.10682856777664301,0.7565514210711339,0.32198877706892054,1.6830839517123581
split_scaffold_heldout,ridge_drug_fp,"Myeloid cells, Atorvastatin",0.11263785798883509,0.8372277554854584,0.20589612615820543,2.0404784386159274
split_scaffold_heldout,ridge_drug_fp,"B cells, BMS-777607",0.1251333116773566,0.740297315512922,0.3117827409724848,1.8028512987697805
split_scaffold_heldout,ridge_drug_fp,"Myeloid cells, BMS-777607",0.07153982743800257,0.8684434099004936,0.24173492004444255,2.023957179087112
split_scaffold_heldout,ridge_drug_fp,"B cells, AVL-292",0.37088639072039764,0.9727399199246578,0.6244152135662594,2.0354704530799674
split_scaffold_heldout,ridge_drug_fp,"Myeloid cells, AVL-292",0.20787122758031035,0.9505808112280354,0.43008957250441093,2.0889144769852273
split_scaffold_heldout,ridge_drug_fp,"B cells, Sgc-cbp30",0.1421088351354321,0.842849184901982,0.3595222106846103,1.7390331312774288
split_scaffold_heldout,ridge_drug_fp,"Myeloid cells, Sgc-cbp30",0.2804016228788546,1.0156983817892444,0.4755722851260951,2.0288636474523543
split_scaffold_heldout,ridge_drug_fp,"B cells, Desloratadine",-0.05473769357944559,0.6731392037579484,-0.10362341225054555,1.7718382032142383
split_scaffold_heldout,ridge_drug_fp,"Myeloid cells, Desloratadine",-0.049726626362456866,0.7117289917569191,-0.06055266886306524,1.812212188104596
split_scaffold_heldout,ridge_drug_fp,"B cells, Canertinib",0.1651226988607673,0.810061217818909,0.26298747822735297,1.9570967392788474
split_scaffold_heldout,ridge_drug_fp,"B cells, Alogliptin",0.11878528066007386,0.6389035623485838,0.24130381458951206,1.7778213481730378
split_scaffold_heldout,ridge_drug_fp,"Myeloid cells, Alogliptin",0.13053590687119654,0.6153616647452153,0.31295181061544847,1.6528254827245494
split_scaffold_heldout,ridge_drug_fp,"B cells, Decitabine",0.08235160796117931,0.6970506897176574,0.08735332329211881,1.7978927518040244
split_scaffold_heldout,ridge_drug_fp,"Myeloid cells, Decitabine",0.20380219746319586,0.6284299648743618,0.3879111637090777,1.6210497910765347
split_scaffold_heldout,ridge_drug_fp,"B cells, Resminostat",0.46540102685567664,1.5681358785464812,0.6375289014854401,2.531150009750553
split_scaffold_heldout,ridge_drug_fp,"Myeloid cells, Resminostat",0.44825042057370335,1.8346606919280102,0.5818745349905109,2.7151046001102013
split_scaffold_heldout,ridge_drug_fp,"B cells, RG7112",0.03161938494216371,0.7449753090302912,0.20924647329552895,1.9648221872621865
split_scaffold_heldout,ridge_drug_fp,"Myeloid cells, RG7112",0.12786044788720718,0.8677733527045479,0.2838853241770753,2.1759179857374313
split_scaffold_heldout,ridge_drug_fp,"B cells, SLx-2119",0.26935718565735683,0.69678482911634,0.540062420378755,1.627555487153243
split_scaffold_heldout,ridge_drug_fp,"Myeloid cells, SLx-2119",0.13148319977322298,0.7105796814164416,0.11029161994646139,2.0337678632047664
split_scaffold_heldout,ridge_drug_fp,"B cells, Nefazodone",0.050987425892834844,0.6219269056525255,0.21174747997687388,1.83124088741902
split_scaffold_heldout,ridge_drug_fp,"Myeloid cells, Nefazodone",0.07071848390987724,0.5714738183630307,0.25421563441415357,1.6964014837833556
split_scaffold_heldout,ridge_drug_fp,"B cells, Vandetanib",0.3179668750956425,0.7065663395921467,0.5608536226015686,1.7595637648384763
split_scaffold_heldout,ridge_drug_fp,"Myeloid cells, Vandetanib",-0.03304604141202598,0.8897966437255389,-0.04670963441404152,2.093400796391573
split_scaffold_heldout,ridge_drug_fp,"B cells, Colforsin",0.17213105032799958,0.6850303665045857,0.23000834089222957,1.6626943581947706
split_scaffold_heldout,ridge_drug_fp,"Myeloid cells, Colforsin",0.011786473383454815,0.8165742757810983,0.033062159347822966,2.0217188656106235
split_scaffold_heldout,ridge_drug_fp,"B cells, Tipifarnib",0.15406298341833488,0.7178812847202355,0.29772019174529607,1.7887052902896459
split_scaffold_heldout,ridge_drug_fp,"Myeloid cells, Tipifarnib",0.15782469834033339,0.8700424273363279,0.3231144215700256,1.97322650809591
split_scaffold_heldout,ridge_cell_drug_fp,"NK cells, Atorvastatin",0.10582110816812192,0.7952991204591338,0.22300299034530274,1.7444560000130773
split_scaffold_heldout,ridge_cell_drug_fp,"T cells, Atorvastatin",0.10133897661030125,0.761489058737163,0.2682354064647358,1.6802411524540666
split_scaffold_heldout,ridge_cell_drug_fp,"B cells, Foretinib",0.36247151825557744,1.0719839279852479,0.6196804226146039,2.120595637017557
split_scaffold_heldout,ridge_cell_drug_fp,"NK cells, Foretinib",0.15676559670519952,0.8269204303411573,0.37349382457986924,1.8966788354071706
split_scaffold_heldout,ridge_cell_drug_fp,"T cells, Foretinib",0.2392246952804614,0.9078692471604731,0.4874614081287329,1.9821118689198083
split_scaffold_heldout,ridge_cell_drug_fp,"NK cells, BMS-777607",0.08796608775671189,0.7472105629730574,0.16259469571459786,1.7941342840658456
split_scaffold_heldout,ridge_cell_drug_fp,"T cells, BMS-777607",0.16684529855715544,0.6782494626631878,0.49839080442403694,1.5258052441474672
split_scaffold_heldout,ridge_cell_drug_fp,"B cells, TL_HRAS26",0.31163132202731203,0.6246813815232092,0.5724303789181022,1.6185407815008745
split_scaffold_heldout,ridge_cell_drug_fp,"Myeloid cells, TL_HRAS26",0.08013293280150134,0.7080943420594163,0.258930730681408,1.8888691846994452
split_scaffold_heldout,ridge_cell_drug_fp,"NK cells, TL_HRAS26",0.14003517970254684,0.6334407158491012,0.3236450138229264,1.7948939521308425
split_scaffold_heldout,ridge_cell_drug_fp,"T cells, TL_HRAS26",0.26430023764447835,0.5730853741373186,0.48620375090618484,1.7998697002070594
split_scaffold_heldout,ridge_cell_drug_fp,"NK cells, AVL-292",0.2464221540482879,0.7010492514745785,0.5396111837170021,1.7214400217113188
split_scaffold_heldout,ridge_cell_drug_fp,"T cells, AVL-292",0.4772896545645971,0.7127017777827056,0.7352870448415262,1.6360174502676998
split_scaffold_heldout,ridge_cell_drug_fp,"B cells, Navitoclax",0.06704533021227344,0.9435249111492292,0.1087362873794272,2.1410575938758534
split_scaffold_heldout,ridge_cell_drug_fp,"Myeloid cells, Navitoclax",-0.06836808666076603,0.9990855581701492,-0.13447599039255986,2.221014084964786
split_scaffold_heldout,ridge_cell_drug_fp,"NK cells, Navitoclax",0.1553873040569245,0.7413551459968463,0.2664055160695497,1.8906899275502749
split_scaffold_heldout,ridge_cell_drug_fp,"T cells, Navitoclax",0.14469592371135132,0.631982071275984,0.5786357356272774,1.6051469689426587
split_scaffold_heldout,ridge_cell_drug_fp,"B cells, Methotrexate",-0.2289672449828196,0.8663852299835739,-0.5557190222159565,2.175705859691858
split_scaffold_heldout,ridge_cell_drug_fp,"Myeloid cells, Methotrexate",0.11743974269468851,0.9828141290721695,0.20359502902801332,2.112540581920583
split_scaffold_heldout,ridge_cell_drug_fp,"NK cells, Methotrexate",-0.013779452453409289,0.7416690770891432,0.04188328951512197,1.8921922769554578
split_scaffold_heldout,ridge_cell_drug_fp,"T cells, Methotrexate",-0.19800375313763918,0.8151211343891539,-0.5202281675684012,2.537624302183681
split_scaffold_heldout,ridge_cell_drug_fp,"NK cells, Sgc-cbp30",0.23136140903294594,0.7797211094662104,0.43483217516372663,1.6870267606437774
split_scaffold_heldout,ridge_cell_drug_fp,"T cells, Sgc-cbp30",0.2622178148525819,0.8811336625423741,0.4511517183173605,1.825128969319784
split_scaffold_heldout,ridge_cell_drug_fp,"B cells, Scriptaid",0.735258591122935,1.4476737121073209,0.8472922176771265,2.3219390166388005
split_scaffold_heldout,ridge_cell_drug_fp,"Myeloid cells, Scriptaid",0.6080956217115918,1.6944005999200034,0.7269954742868907,2.600865705911067
split_scaffold_heldout,ridge_cell_drug_fp,"NK cells, Scriptaid",0.6352239126779474,1.1360251744008252,0.8228667061574988,2.160293445292946
split_scaffold_heldout,ridge_cell_drug_fp,"T cells, Scriptaid",0.7494321049545639,1.9464004731154483,0.8142641347450047,2.6963448490027315
split_scaffold_heldout,ridge_cell_drug_fp,"NK cells, Desloratadine",0.03173670106493523,0.7194261157118989,0.11962981023688964,1.8047650863760176
split_scaffold_heldout,ridge_cell_drug_fp,"T cells, Desloratadine",0.12370912858348103,0.6120577005678375,0.3535513288385981,1.5635646997973658
split_scaffold_heldout,ridge_cell_drug_fp,"NK cells, Canertinib",0.11897979143215395,0.7632416559760541,0.1710300642284625,1.9519252302420875
split_scaffold_heldout,ridge_cell_drug_fp,"T cells, Canertinib",0.21575644872452987,0.8389805176819002,0.31362548607419666,2.0472841136174353
split_scaffold_heldout,ridge_cell_drug_fp,"B cells, Idelalisib",0.49711496158215174,0.9173202127173388,0.723219164605093,1.9890607597246122
split_scaffold_heldout,ridge_cell_drug_fp,"Myeloid cells, Idelalisib",0.46551365007267,0.8670861802942377,0.6933221659918414,1.8347241524994573
split_scaffold_heldout,ridge_cell_drug_fp,"NK cells, Idelalisib",0.20234982016659336,0.7118596867152807,0.4106282025424073,1.8096016358405553
split_scaffold_heldout,ridge_cell_drug_fp,"T cells, Idelalisib",0.4634484362203742,0.8184395885494182,0.7321146182409145,1.8472487514160811
split_scaffold_heldout,ridge_cell_drug_fp,"NK cells, Alogliptin",0.12465174167892434,0.6492956943010597,0.19310751164281886,1.7882940650457868
split_scaffold_heldout,ridge_cell_drug_fp,"T cells, Alogliptin",0.17941962700140796,0.6042728265493168,0.3393703390356766,1.5930129446657089
split_scaffold_heldout,ridge_cell_drug_fp,"NK cells, Decitabine",0.1494866134862529,0.7021906957716013,0.2792478137841361,1.693457292326093
split_scaffold_heldout,ridge_cell_drug_fp,"T cells, Decitabine",0.1684092253611859,0.6629274182654987,0.2272492425108331,1.6574569216618378
split_scaffold_heldout,ridge_cell_drug_fp,"B cells, Riociguat",0.14205994850369344,0.6195222469171513,0.2540973887722376,1.7581754313710414
split_scaffold_heldout,ridge_cell_drug_fp,"Myeloid cells, Riociguat",0.084688294129629,0.6872362273556573,0.1610840686167321,1.7556389291161432
split_scaffold_heldout,ridge_cell_drug_fp,"NK cells, Riociguat",0.19222050306872895,0.6646752672201729,0.34924746499706416,1.774147531345048
split_scaffold_heldout,ridge_cell_drug_fp,"T cells, Riociguat",0.1687200600867349,0.5616435822560927,0.322335749421896,1.7300699593334485
split_scaffold_heldout,ridge_cell_drug_fp,"NK cells, Resminostat",0.3971558048611178,1.2457184053191703,0.5929171018584896,2.3168833773505613
split_scaffold_heldout,ridge_cell_drug_fp,"T cells, Resminostat",0.5466897023704705,1.9951401385953633,0.6460121984529501,2.7967128686809932
split_scaffold_heldout,ridge_cell_drug_fp,"B cells, Azacitidine",0.15990466891634586,0.9489868071228573,0.3227324923945051,1.821195719823022
split_scaffold_heldout,ridge_cell_drug_fp,"Myeloid cells, Azacitidine",-0.03167505816302489,1.0261089320151373,0.1031587881563404,1.868557145034586
split_scaffold_heldout,ridge_cell_drug_fp,"NK cells, Azacitidine",0.08909863643636343,0.9295116490056947,0.13729566569611149,1.874097402853208
split_scaffold_heldout,ridge_cell_drug_fp,"T cells, Azacitidine",0.18960759407473368,0.9144797927591857,0.4126076857467734,1.6396078176871163
split_scaffold_heldout,ridge_cell_drug_fp,"NK cells, RG7112",0.11995560136500867,0.7674713459313496,0.2943354026741061,1.8696723919436187
split_scaffold_heldout,ridge_cell_drug_fp,"T cells, RG7112",0.1629898091063204,0.7757330899386652,0.27634892291109353,2.1681955928506356
split_scaffold_heldout,ridge_cell_drug_fp,"B cells, Masitinib",0.36725605336064404,0.6798884891408125,0.6013078034515664,1.617332265411402
split_scaffold_heldout,ridge_cell_drug_fp,"Myeloid cells, Masitinib",0.3616386150482633,0.7131441936953579,0.6726547304613655,1.7042210887115345
split_scaffold_heldout,ridge_cell_drug_fp,"NK cells, Masitinib",0.1833323862188047,0.6906658245106472,0.32232207327508333,1.7889641045928344
split_scaffold_heldout,ridge_cell_drug_fp,"T cells, Masitinib",0.35644628426756125,0.5547741044599309,0.7371295281407524,1.3084027752716525
split_scaffold_heldout,ridge_cell_drug_fp,"NK cells, SLx-2119",0.064460876725902,0.7974916223316516,0.07054448597720107,2.0100671644669963
split_scaffold_heldout,ridge_cell_drug_fp,"T cells, SLx-2119",0.23841058465811937,0.6989992896104892,0.4406191345492378,1.7142748297100865
split_scaffold_heldout,ridge_cell_drug_fp,"NK cells, Nefazodone",0.07686297613213967,0.6951048266826629,0.22028685846990914,1.8443371566057944
split_scaffold_heldout,ridge_cell_drug_fp,"T cells, Nefazodone",0.1441526491399102,0.5323719211895882,0.4428829184478628,1.5414556133449262
split_scaffold_heldout,ridge_cell_drug_fp,"B cells, Ricolinostat",0.5031593927715835,0.7984646635007266,0.7473437591611614,1.3452342343609516
split_scaffold_heldout,ridge_cell_drug_fp,"Myeloid cells, Ricolinostat",0.3635626571312461,1.1568067486219833,0.5685943539737909,2.0413710406274426
split_scaffold_heldout,ridge_cell_drug_fp,"NK cells, Ricolinostat",0.2667853172648644,0.8994468209208006,0.4721285676272868,1.6760592646111927
split_scaffold_heldout,ridge_cell_drug_fp,"T cells, Ricolinostat",0.5763163643439391,0.7899475414609696,0.8036719964562542,1.3323213841591826
split_scaffold_heldout,ridge_cell_drug_fp,"B cells, CEP-37440",0.410828802378703,0.7771412239722292,0.6824562744235396,1.4884574717617995
split_scaffold_heldout,ridge_cell_drug_fp,"Myeloid cells, CEP-37440",0.22745764196896384,1.0649703536581672,0.4728386378514444,1.9987185786829
split_scaffold_heldout,ridge_cell_drug_fp,"NK cells, CEP-37440",0.28446249814462565,0.761835288589264,0.4738394720470605,1.664445755817928
split_scaffold_heldout,ridge_cell_drug_fp,"T cells, CEP-37440",0.3783076647553252,0.7746682586668123,0.6304036801020719,1.5937881661945752
split_scaffold_heldout,ridge_cell_drug_fp,"NK cells, Vandetanib",0.18100321135401615,0.6913647828821875,0.4477974255408775,1.7504200486597066
split_scaffold_heldout,ridge_cell_drug_fp,"T cells, Vandetanib",0.22857452375292694,0.5821838902571191,0.5390997925780897,1.4552534592381718
split_scaffold_heldout,ridge_cell_drug_fp,"NK cells, Colforsin",0.02744861844024033,0.7662790757227227,-0.010769564014931274,1.882166696725852
split_scaffold_heldout,ridge_cell_drug_fp,"T cells, Colforsin",0.2391886100234145,0.6697687442600437,0.4314715710677093,1.4475583914095915
split_scaffold_heldout,ridge_cell_drug_fp,"B cells, Tivantinib",0.34610224398021255,0.7245149129457188,0.546366172755517,1.6931787145320158
split_scaffold_heldout,ridge_cell_drug_fp,"Myeloid cells, Tivantinib",0.32141445070174196,0.829967248011725,0.5510341252607864,1.8543541141143385
split_scaffold_heldout,ridge_cell_drug_fp,"NK cells, Tivantinib",0.19053518122239824,0.7172066791493927,0.3449098345410649,1.8053891623552443
split_scaffold_heldout,ridge_cell_drug_fp,"T cells, Tivantinib",0.4147014004294586,0.7202107609864724,0.5496546843350031,1.6272736407891988
split_scaffold_heldout,ridge_cell_drug_fp,"NK cells, Tipifarnib",0.18393149893478467,0.7335361922755917,0.3508601504427339,1.8072779422917211
split_scaffold_heldout,ridge_cell_drug_fp,"T cells, Tipifarnib",0.2794366617190738,0.707658412757244,0.570863335695276,1.6750398492849672
split_scaffold_heldout,ridge_cell_drug_fp,"B cells, RG7090",0.13808226187260336,0.6721086459082466,0.395985398377242,1.676022021913255
split_scaffold_heldout,ridge_cell_drug_fp,"Myeloid cells, RG7090",0.17598324514535715,0.8842450792250496,0.3290454793826341,1.988882518674715
split_scaffold_heldout,ridge_cell_drug_fp,"NK cells, RG7090",0.1233047925259963,0.7058521311490709,0.24758892117315565,1.8178782676696081
split_scaffold_heldout,ridge_cell_drug_fp,"T cells, RG7090",0.020406929688272617,0.8803680564745962,0.08934181126923726,2.054539528663354
split_scaffold_heldout,ridge_cell_drug_fp,"B cells, Atorvastatin",0.16665646051037128,0.7459405696069622,0.4224860617508837,1.6095329072965248
split_scaffold_heldout,ridge_cell_drug_fp,"Myeloid cells, Atorvastatin",0.11421552191169115,0.8697978846696749,0.1995958707480797,2.0605689863946
split_scaffold_heldout,ridge_cell_drug_fp,"B cells, BMS-777607",0.23999208077089002,0.7089266466159967,0.4977845113924375,1.6614047116403354
split_scaffold_heldout,ridge_cell_drug_fp,"Myeloid cells, BMS-777607",0.22134958307370403,0.8455476957705166,0.5158874462202483,1.8285981004565268
split_scaffold_heldout,ridge_cell_drug_fp,"B cells, AVL-292",0.5059958317158308,0.9074608248466194,0.7478248074624995,1.863915746400456
split_scaffold_heldout,ridge_cell_drug_fp,"Myeloid cells, AVL-292",0.3562862161107193,0.905781271368601,0.6400382028984095,1.8764980784191554
split_scaffold_heldout,ridge_cell_drug_fp,"B cells, Sgc-cbp30",0.2033076520263347,0.8380743152463095,0.48379861379262046,1.6424233548914087
split_scaffold_heldout,ridge_cell_drug_fp,"Myeloid cells, Sgc-cbp30",0.2901693406237268,1.0392731184042716,0.5038965194789332,1.9845740375416345
split_scaffold_heldout,ridge_cell_drug_fp,"B cells, Desloratadine",0.024848771795989037,0.6693428698377348,0.06403126197443731,1.7158267470452344
split_scaffold_heldout,ridge_cell_drug_fp,"Myeloid cells, Desloratadine",-0.04766320209701974,0.7683177143166625,-0.03838682555839906,1.8542539895577306
split_scaffold_heldout,ridge_cell_drug_fp,"B cells, Canertinib",0.21067395482896828,0.8122247708225964,0.34515200263601725,1.899771643427721
split_scaffold_heldout,ridge_cell_drug_fp,"B cells, Alogliptin",0.12816658046403168,0.6607932693083781,0.21620910291695175,1.7797644556294907
split_scaffold_heldout,ridge_cell_drug_fp,"Myeloid cells, Alogliptin",0.12180107871899838,0.6824942597178352,0.2834503945903217,1.6689700344224099
split_scaffold_heldout,ridge_cell_drug_fp,"B cells, Decitabine",0.12034880077909957,0.7131145872551058,0.1786601495025162,1.7550626378774916
split_scaffold_heldout,ridge_cell_drug_fp,"Myeloid cells, Decitabine",0.2390581077006384,0.6680897725920987,0.3791366419342459,1.6141881085259644
split_scaffold_heldout,ridge_cell_drug_fp,"B cells, Resminostat",0.5226052793610892,1.524754567867576,0.6875049979146334,2.453677332115289
split_scaffold_heldout,ridge_cell_drug_fp,"Myeloid cells, Resminostat",0.5094074956770673,1.7780630634452639,0.6373263939103432,2.620817090670193
split_scaffold_heldout,ridge_cell_drug_fp,"B cells, RG7112",0.07062621731042597,0.7548156035639791,0.29284852203181466,1.9121122781935123
split_scaffold_heldout,ridge_cell_drug_fp,"Myeloid cells, RG7112",0.2216418373135421,0.8559470317480923,0.4434104907787254,2.0369567574418124
split_scaffold_heldout,ridge_cell_drug_fp,"B cells, SLx-2119",0.3284428625187764,0.6927647812494911,0.6145298114144266,1.5240265651156928
split_scaffold_heldout,ridge_cell_drug_fp,"Myeloid cells, SLx-2119",0.18350829316864414,0.730588808357108,0.21620112961921845,1.9700806702769582
split_scaffold_heldout,ridge_cell_drug_fp,"B cells, Nefazodone",0.16541106997873806,0.6128602242107164,0.4342388949733285,1.7326501212274374
split_scaffold_heldout,ridge_cell_drug_fp,"Myeloid cells, Nefazodone",0.2209739846300086,0.5753123776995803,0.4058653929144754,1.599882094728083
split_scaffold_heldout,ridge_cell_drug_fp,"B cells, Vandetanib",0.4029658905338259,0.6790969721162133,0.6602240137217404,1.6269048435530846
split_scaffold_heldout,ridge_cell_drug_fp,"Myeloid cells, Vandetanib",0.05559551808740611,0.9173634417964915,0.1501782582101611,2.028619509074365
split_scaffold_heldout,ridge_cell_drug_fp,"B cells, Colforsin",0.21971505559977508,0.6939128517033117,0.3247115225241409,1.5978829933190317
split_scaffold_heldout,ridge_cell_drug_fp,"Myeloid cells, Colforsin",0.09371134388276824,0.8418282128711435,0.2805658854147442,1.899694864529619
split_scaffold_heldout,ridge_cell_drug_fp,"B cells, Tipifarnib",0.2596082902600346,0.696881351652421,0.4760675393762912,1.6724582610525416
split_scaffold_heldout,ridge_cell_drug_fp,"Myeloid cells, Tipifarnib",0.27988455723289357,0.8482696555642842,0.5268367767938541,1.8283794733403254
split_cell_scaffold_heldout,ridge_cell,"NK cells, Atorvastatin",0.08415470617980908,0.6852272935507933,0.13329044477559007,1.7557854441429586
split_cell_scaffold_heldout,ridge_cell,"NK cells, Foretinib",0.28921955584176,0.7463492398696274,0.4890148566242011,1.8545377398007619
split_cell_scaffold_heldout,ridge_cell,"NK cells, BMS-777607",0.08310607796789402,0.6808819857954814,0.16467341299186428,1.78048041613248
split_cell_scaffold_heldout,ridge_cell,"NK cells, TL_HRAS26",0.030221388456686257,0.6671030999399419,-0.011313438976539907,1.887496428405098
split_cell_scaffold_heldout,ridge_cell,"NK cells, AVL-292",0.2362347615120868,0.6826587221276836,0.40962692978840054,1.8105982575107524
split_cell_scaffold_heldout,ridge_cell,"NK cells, Navitoclax",-0.06820330915352506,0.7721217861650005,-0.10985985438099144,1.9950958597226984
split_cell_scaffold_heldout,ridge_cell,"NK cells, Methotrexate",-0.18527569761819115,0.7431569222425418,-0.2823034407413368,1.9985157700920149
split_cell_scaffold_heldout,ridge_cell,"NK cells, Sgc-cbp30",0.2002405367343622,0.6914187088770668,0.3867918149668139,1.7749290123289196
split_cell_scaffold_heldout,ridge_cell,"NK cells, Scriptaid",0.2567385281929573,1.3081345299629612,0.40073904606584365,2.499344967634124
split_cell_scaffold_heldout,ridge_cell,"NK cells, Desloratadine",0.016308708175704487,0.6952623891085931,-0.07567305272144102,1.850946281657091
split_cell_scaffold_heldout,ridge_cell,"NK cells, Canertinib",0.04733559241625057,0.7318457969385548,0.07950213059684928,1.9678553437965847
split_cell_scaffold_heldout,ridge_cell,"NK cells, Idelalisib",0.13908447709456215,0.7241811619657557,0.31498301629960856,1.8430435695730896
split_cell_scaffold_heldout,ridge_cell,"NK cells, Alogliptin",-0.06166056567777419,0.6907604462640367,-0.1937606064135817,1.909742027556947
split_cell_scaffold_heldout,ridge_cell,"NK cells, Decitabine",0.029093768360501465,0.6756799445117367,0.019148487383353077,1.780379158254871
split_cell_scaffold_heldout,ridge_cell,"NK cells, Riociguat",0.07698278112320775,0.6926454388261812,0.1833437789340807,1.8286251363992134
split_cell_scaffold_heldout,ridge_cell,"NK cells, Resminostat",0.22213447763478897,1.317647212972032,0.34787001931702155,2.486417282487688
split_cell_scaffold_heldout,ridge_cell,"NK cells, Azacitidine",0.10557950316603386,0.6724398070939995,0.12417705885185816,1.8343191244668677
split_cell_scaffold_heldout,ridge_cell,"NK cells, RG7112",0.18932408397203646,0.6723009088952113,0.3527321604819348,1.8940866501095135
split_cell_scaffold_heldout,ridge_cell,"NK cells, Masitinib",0.17913448780038574,0.6833909755650487,0.2426423969173723,1.82206240543208
split_cell_scaffold_heldout,ridge_cell,"NK cells, SLx-2119",0.10681305245642564,0.7338242008404771,0.06197496901550317,2.0003143452359913
split_cell_scaffold_heldout,ridge_cell,"NK cells, Nefazodone",0.11238947431058359,0.6854457363698395,0.2134234669472125,1.836060179669517
split_cell_scaffold_heldout,ridge_cell,"NK cells, Ricolinostat",0.03386101826768959,0.7988907729524775,0.016225437394453757,1.9511874574766934
split_cell_scaffold_heldout,ridge_cell,"NK cells, CEP-37440",0.21137600930850106,0.6881725449309563,0.3567009760797247,1.815498853185467
split_cell_scaffold_heldout,ridge_cell,"NK cells, Vandetanib",0.10920495535027806,0.6812405862162189,0.24774227676135224,1.8300638165537435
split_cell_scaffold_heldout,ridge_cell,"NK cells, Colforsin",0.049083869532695466,0.6909173833325639,-0.01674633392569742,1.8533572636260902
split_cell_scaffold_heldout,ridge_cell,"NK cells, Tivantinib",0.15569431000176315,0.6993404834714061,0.308044736646422,1.8379927808425556
split_cell_scaffold_heldout,ridge_cell,"NK cells, Tipifarnib",0.22824739657403437,0.6963475430066198,0.4249030339017464,1.8141501197330137
split_cell_scaffold_heldout,ridge_cell,"NK cells, RG7090",0.013954442825849882,0.7231996757165298,0.052420784109083754,1.8790946700771343
split_cell_scaffold_heldout,ridge_drug_fp,"NK cells, Atorvastatin",0.026415019596552257,0.8582294289108134,0.025193938999416368,1.849569528574947
split_cell_scaffold_heldout,ridge_drug_fp,"NK cells, Foretinib",0.1324567069882111,0.8460717711164485,0.32482059859662277,1.9200356384439585
split_cell_scaffold_heldout,ridge_drug_fp,"NK cells, BMS-777607",0.03006703593526765,0.7955139096582916,0.01376832085523325,1.871958699898365
split_cell_scaffold_heldout,ridge_drug_fp,"NK cells, TL_HRAS26",0.045327462714331135,0.6893703699870385,0.08036764968223205,1.8699559219982846
split_cell_scaffold_heldout,ridge_drug_fp,"NK cells, AVL-292",0.19676431674393793,0.7406642930832609,0.40904957066987224,1.7848625712902833
split_cell_scaffold_heldout,ridge_drug_fp,"NK cells, Navitoclax",0.10677253918819081,0.7790212660887923,0.18987401799752804,1.9248099922279087
split_cell_scaffold_heldout,ridge_drug_fp,"NK cells, Methotrexate",-0.11846227936008226,0.8160477244509761,-0.12463447507891842,1.9876456778537157
split_cell_scaffold_heldout,ridge_drug_fp,"NK cells, Sgc-cbp30",0.18701457650595413,0.8892218738804214,0.35301905319705595,1.7490207879849304
split_cell_scaffold_heldout,ridge_drug_fp,"NK cells, Scriptaid",0.5909086565540956,1.1347717444023553,0.774750484182536,2.1361852270297654
split_cell_scaffold_heldout,ridge_drug_fp,"NK cells, Desloratadine",-0.04116941937489758,0.7546314629386371,-0.14037815315889512,1.9055968456800128
split_cell_scaffold_heldout,ridge_drug_fp,"NK cells, Canertinib",0.04101113846262429,0.8667439455853138,0.05240842210812752,2.039407395559856
split_cell_scaffold_heldout,ridge_drug_fp,"NK cells, Idelalisib",0.10270020521666412,0.7520727429738909,0.22584815814250103,1.879220974836941
split_cell_scaffold_heldout,ridge_drug_fp,"NK cells, Alogliptin",0.0058200725988996815,0.7187497020922762,-0.09501546258022851,1.8869108118916722
split_cell_scaffold_heldout,ridge_drug_fp,"NK cells, Decitabine",0.07050844964209751,0.7977180401052395,0.09424261984400097,1.7870067533916056
split_cell_scaffold_heldout,ridge_drug_fp,"NK cells, Riociguat",0.06862473266945346,0.7109701749962617,0.12470443423713158,1.8584870999965852
split_cell_scaffold_heldout,ridge_drug_fp,"NK cells, Resminostat",0.36717054144640643,1.2578752583243415,0.5592228729023785,2.3055374881376154
split_cell_scaffold_heldout,ridge_drug_fp,"NK cells, Azacitidine",0.05955335924163558,1.049289971825693,0.056285441371256996,1.9738598997666723
split_cell_scaffold_heldout,ridge_drug_fp,"NK cells, RG7112",0.06881433621485472,0.8302077836754483,0.18063313092399302,1.9323223677099994
split_cell_scaffold_heldout,ridge_drug_fp,"NK cells, Masitinib",0.13723773464759037,0.7126152316771379,0.16268901450244444,1.8477489417926367
split_cell_scaffold_heldout,ridge_drug_fp,"NK cells, SLx-2119",0.03590701634487917,0.8575476236899419,-0.01775335458780849,2.068880837344755
split_cell_scaffold_heldout,ridge_drug_fp,"NK cells, Nefazodone",-0.022358923004371947,0.7101877905554423,0.006230660254479439,1.9061015350061157
split_cell_scaffold_heldout,ridge_drug_fp,"NK cells, Ricolinostat",0.23165752519086952,0.9870786769562981,0.41083160704070815,1.7361860056292169
split_cell_scaffold_heldout,ridge_drug_fp,"NK cells, CEP-37440",0.22175793012828085,0.8999927911153988,0.3840546404814996,1.7208329193919873
split_cell_scaffold_heldout,ridge_drug_fp,"NK cells, Vandetanib",0.08692628031451247,0.7609588286569227,0.20439129582844057,1.8491732417389461
split_cell_scaffold_heldout,ridge_drug_fp,"NK cells, Colforsin",-6.895755812425075e-05,0.8409325568451144,-0.09179890459425573,1.9375193059693874
split_cell_scaffold_heldout,ridge_drug_fp,"NK cells, Tivantinib",0.12426510398592372,0.7910344575681687,0.18034512704170136,1.8655774248718562
split_cell_scaffold_heldout,ridge_drug_fp,"NK cells, Tipifarnib",0.12530339643301142,0.7770968640096667,0.23261668143749512,1.8659252202786192
split_cell_scaffold_heldout,ridge_drug_fp,"NK cells, RG7090",0.015313170906410812,0.7652869471168996,0.02436064203954083,1.8986325537499336
split_cell_scaffold_heldout,ridge_cell_drug_fp,"NK cells, Atorvastatin",0.026252048475564223,0.8582756954097669,0.024854403436315037,1.8495995016329339
split_cell_scaffold_heldout,ridge_cell_drug_fp,"NK cells, Foretinib",0.13254597575356433,0.8460428659691923,0.3247751255872403,1.9200656009637553
split_cell_scaffold_heldout,ridge_cell_drug_fp,"NK cells, BMS-777607",0.0301545975778394,0.7948487307221251,0.014250658144709211,1.8716834087838543
split_cell_scaffold_heldout,ridge_cell_drug_fp,"NK cells, TL_HRAS26",0.04612519471040528,0.6890660331277221,0.08179176882013942,1.8694100909640223
split_cell_scaffold_heldout,ridge_cell_drug_fp,"NK cells, AVL-292",0.19680684562753556,0.7406042481555559,0.40904546826179483,1.784919278996397
split_cell_scaffold_heldout,ridge_cell_drug_fp,"NK cells, Navitoclax",0.10680630062081503,0.7789583605436338,0.19004464056502055,1.9247820360396506
split_cell_scaffold_heldout,ridge_cell_drug_fp,"NK cells, Methotrexate",-0.11867787247350135,0.8161547631615671,-0.12506523492123084,1.9878734298593084
split_cell_scaffold_heldout,ridge_cell_drug_fp,"NK cells, Sgc-cbp30",0.18835591318223338,0.8883745453083798,0.35544187032730556,1.7471425895233565
split_cell_scaffold_heldout,ridge_cell_drug_fp,"NK cells, Scriptaid",0.5915509248980384,1.134345702491786,0.7753823156594869,2.135397362632005
split_cell_scaffold_heldout,ridge_cell_drug_fp,"NK cells, Desloratadine",-0.04073138715690063,0.7541327941795107,-0.13838446395100745,1.9047702523334542
split_cell_scaffold_heldout,ridge_cell_drug_fp,"NK cells, Canertinib",0.04080996100304309,0.8657818458228663,0.05103024794380463,2.039999633612746
split_cell_scaffold_heldout,ridge_cell_drug_fp,"NK cells, Idelalisib",0.10234518339713503,0.7520539658947686,0.22517568748995506,1.879456093934961
split_cell_scaffold_heldout,ridge_cell_drug_fp,"NK cells, Alogliptin",0.005936041158578575,0.7181934825750326,-0.09561144508648894,1.8866301929285654
split_cell_scaffold_heldout,ridge_cell_drug_fp,"NK cells, Decitabine",0.07065166480690681,0.797691771231853,0.09546294511331005,1.7864813577605512
split_cell_scaffold_heldout,ridge_cell_drug_fp,"NK cells, Riociguat",0.06834368583805679,0.711059501616224,0.12498277546878192,1.8584542244041564
split_cell_scaffold_heldout,ridge_cell_drug_fp,"NK cells, Resminostat",0.3709949190954171,1.2557908943398977,0.5637140216527861,2.302348750539135
split_cell_scaffold_heldout,ridge_cell_drug_fp,"NK cells, Azacitidine",0.059484837078824966,1.049391529462711,0.05633859930421971,1.9739378654601134
split_cell_scaffold_heldout,ridge_cell_drug_fp,"NK cells, RG7112",0.06875616047218124,0.8300404443804688,0.1814291661224019,1.9318651437756156
split_cell_scaffold_heldout,ridge_cell_drug_fp,"NK cells, Masitinib",0.13709664171889616,0.7126594137815535,0.16218681540216648,1.8478884667223248
split_cell_scaffold_heldout,ridge_cell_drug_fp,"NK cells, SLx-2119",0.03682355491511578,0.8571431343990987,-0.01601085108985075,2.067998470035624
split_cell_scaffold_heldout,ridge_cell_drug_fp,"NK cells, Nefazodone",-0.021564158584397176,0.7097045703327658,0.004973455827988453,1.90596933798555
split_cell_scaffold_heldout,ridge_cell_drug_fp,"NK cells, Ricolinostat",0.23173526977434816,0.9870070207419577,0.41104216712582464,1.7359685553592876
split_cell_scaffold_heldout,ridge_cell_drug_fp,"NK cells, CEP-37440",0.22259361071546582,0.8989611536032064,0.3859010285922547,1.7193345653423433
split_cell_scaffold_heldout,ridge_cell_drug_fp,"NK cells, Vandetanib",0.08725336560268769,0.7595379087367296,0.20413877000943184,1.8491026503162373
split_cell_scaffold_heldout,ridge_cell_drug_fp,"NK cells, Colforsin",0.00012404831815581439,0.841014714190386,-0.09144433435634376,1.9373020786633903
split_cell_scaffold_heldout,ridge_cell_drug_fp,"NK cells, Tivantinib",0.1245388756330472,0.790681894000138,0.18195026205652715,1.8649002566812882
split_cell_scaffold_heldout,ridge_cell_drug_fp,"NK cells, Tipifarnib",0.12583728869142297,0.7771542742806058,0.23411174388181147,1.865198637060054
split_cell_scaffold_heldout,ridge_cell_drug_fp,"NK cells, RG7090",0.015090568255047907,0.7646366757237657,0.025739869701931758,1.898030818993378
