split,baseline,sample_id,rowwise_pearson,rmse,de_rowwise_pearson,de_rmse
split_random,ridge_cell,"B cells, MK-5108",0.26686437470638374,0.5762552157325438,0.5316540872371759,1.5997110360295796
split_random,ridge_cell,"T cells, Atorvastatin",0.2694122134272552,0.5528856145735211,0.4582417193746112,1.5738418056350072
split_random,ridge_cell,"Myeloid cells, Ganetespib (STA-9090)",0.5353554523583854,1.380747776001745,0.695833452859628,2.4026180837844713
split_random,ridge_cell,"T cells, Clomipramine",0.291629970025808,0.5564901629480898,0.5300476491364291,1.5367847917826236
split_random,ridge_cell,"Myeloid cells, Tivozanib",0.20451439946098748,0.7669735078081639,0.42882203662615626,1.8951248106728522
split_random,ridge_cell,"T cells, Tivozanib",0.28567944267211576,0.6379648814003923,0.546902716497244,1.7208633599844836
split_random,ridge_cell,"NK cells, Tamatinib",0.42864732160791025,0.7987795355664759,0.6519749430861258,1.83629332338839
split_random,ridge_cell,"Myeloid cells, O-Demethylated Adapalene",0.25058722908905484,0.8012477921669436,0.4499771995970828,2.0862693465190767
split_random,ridge_cell,"Myeloid cells, I-BET151",0.4332837443460481,1.6751915746522708,0.5774270540526383,2.70743426842929
split_random,ridge_cell,"B cells, Foretinib",0.647952383226725,0.9755919709318036,0.8237770630800614,2.0284219228224685
split_random,ridge_cell,"T cells, GW843682X",0.2518746582214364,0.5921807841868394,0.40313554769299376,1.869065602496397
split_random,ridge_cell,"T cells, BMS-387032",0.35279680425021825,1.224532681636165,0.5220283157384322,2.373390846018147
split_random,ridge_cell,"NK cells, IN1451",0.2937492037520899,1.1977389392242337,0.4698262348625232,2.3418988785539687
split_random,ridge_cell,"B cells, Topotecan",0.23182585069409026,0.8071414464229216,0.43820940279171333,1.996042460357978
split_random,ridge_cell,"T cells, Topotecan",0.18402534034711523,1.0429430599389324,0.35787626877783624,2.226324021851978
split_random,ridge_cell,"B cells, BAY 87-2243",0.6027666021181431,0.8713178835279188,0.7940621835750068,1.95267973964929
split_random,ridge_cell,"T cells, K-02288",0.39341321933631035,0.5090443098532569,0.5940713560093466,1.4820834257868054
split_random,ridge_cell,"T cells, Porcn Inhibitor III",-0.11880419610385552,0.7390697992107157,-0.1454193844460435,1.8296091784858073
split_random,ridge_cell,"NK cells, BMS-265246",0.25671572866104825,0.8509914986797174,0.4751867062108235,2.083222923091662
split_random,ridge_cell,"B cells, Pomalidomide",-0.08331862474880496,1.0383981619958673,-0.13697132635559137,2.4498004153329838
split_random,ridge_cell,"B cells, Dovitinib",0.6185424995350122,0.7805004219436814,0.8283477816368876,1.854903912926509
split_random,ridge_cell,"T cells, Navitoclax",-0.016231145523752752,0.6287048386107422,0.45743980243016136,1.7345069228158736
split_random,ridge_cell,"T cells, Methotrexate",-0.1856437801034246,0.7308210122389602,-0.5226400838883789,2.3302860910077916
split_random,ridge_cell,"Myeloid cells, Palbociclib",0.434674218525682,0.7008138094034333,0.7235708078419786,1.7099543312393137
split_random,ridge_cell,"NK cells, Trametinib",0.3419534993360517,0.6645568617098221,0.604565236628788,1.740046598138817
split_random,ridge_cell,"NK cells, AMD-070 (hydrochloride)",0.1445836585491684,0.6160558439394951,0.3434532633919203,1.7665496285321916
split_random,ridge_cell,"T cells, BAY 61-3606",0.4280063539021436,1.7714843653798322,0.5400498855877729,2.7501653091813485
split_random,ridge_cell,"T cells, AT13387",0.5957963920221494,1.9396461121093078,0.6784762030204912,2.8201126087999246
split_random,ridge_cell,"NK cells, PF-04691502",0.376692841627484,0.7368319393058829,0.6399810587600381,1.7913451599902541
split_random,ridge_cell,"NK cells, RVX-208",0.21669736743163603,0.6756032251370792,0.3300280672896808,1.8421884233300838
split_random,ridge_cell,"Myeloid cells, Isoniazid",0.30057606204331133,0.5842346490618607,0.5984900258651367,1.518181495251092
split_random,ridge_cell,"NK cells, Isoniazid",0.16911367039369593,0.6306418456637389,0.3427456094293749,1.783853758810657
split_random,ridge_cell,"NK cells, Idelalisib",0.2947250195989686,0.6722111002788368,0.5166497779170618,1.795444791737205
split_random,ridge_cell,"B cells, Penfluridol",-0.045466906646149434,0.6619657231886733,-0.17510447818428873,1.8740004451446557
split_random,ridge_cell,"Myeloid cells, Quizartinib",0.32644625760133655,0.7443347448869931,0.616180227496143,1.9704973071421465
split_random,ridge_cell,"B cells, PD-0325901",0.5738803151513918,0.7080450695325714,0.805165787615426,1.7759898281306339
split_random,ridge_cell,"T cells, CHIR-99021",-0.0370468238536773,1.491366154839315,-0.03857405504980049,2.781476363419559
split_random,ridge_cell,"NK cells, CC-401",0.3713372874689373,0.6556981188975632,0.5822980416887877,1.7512268168200376
split_random,ridge_cell,"B cells, Crizotinib",0.6417242460638868,0.7775785962301173,0.8218281777799848,1.8422396078284604
split_random,ridge_cell,"Myeloid cells, Crizotinib",0.5511484559275439,0.8483577959742716,0.7744117235456877,1.9209676134443472
split_random,ridge_cell,"Myeloid cells, Azacitidine",0.06704512881982412,0.6678662728180617,0.26590480174496767,1.711951307870942
split_random,ridge_cell,"NK cells, Azacitidine",0.2193101318162572,0.6243276782957855,0.41145859870003515,1.7705456978293879
split_random,ridge_cell,"Myeloid cells, GO-6976",0.32879449699217206,1.0905512948297813,0.5527462818294528,2.1397853180273567
split_random,ridge_cell,"T cells, Lamivudine",0.2884194196840496,0.5208277944629892,0.47911188856958725,1.512433888786002
split_random,ridge_cell,"Myeloid cells, TGX 221",0.5721391319203258,0.8526450226354801,0.8041507069448453,1.8939068495522244
split_random,ridge_cell,"T cells, Pitavastatin Calcium",-0.1308326402766667,1.6493911767945306,-0.18431778191822745,2.890958855167114
split_random,ridge_cell,"Myeloid cells, ABT737",0.013214673214761347,0.9885928402853928,0.11119260040704096,2.2566204725597023
split_random,ridge_cell,"B cells, AZ628",0.6780072341657926,0.7928771937433643,0.8447808432028145,1.7830163155581762
split_random,ridge_cell,"Myeloid cells, AZ628",0.46225983994850617,0.8893741194065864,0.6930438107669864,1.9341017210673652
split_random,ridge_cell,"T cells, AZ628",0.648997685727241,0.6269558608760549,0.8465526987707046,1.5750295559907062
split_random,ridge_cell,"NK cells, Masitinib",0.31521120681337916,0.6370505563598042,0.4701463753181565,1.7651728519143342
split_random,ridge_cell,"NK cells, SLx-2119",0.18903019359369058,0.695306748311458,0.23745098195269218,1.9498406136528985
split_random,ridge_cell,"NK cells, GSK-1070916",0.198709163346284,0.6312687934179427,0.43626613537074416,1.7391133813411739
split_random,ridge_cell,"NK cells, Clemastine",0.24071402779948764,0.6339250207880937,0.3799624665248183,1.7368446890564762
split_random,ridge_cell,"NK cells, Buspirone",0.15500580002718947,0.5909385762845516,0.2871525548759009,1.7440409011599889
split_random,ridge_cell,"T cells, Midostaurin",0.6172508540463276,0.7728415578278535,0.8240978954778047,1.830949850968588
split_random,ridge_cell,"B cells, R428",0.5577996051375246,0.9024452867604702,0.758079257968071,2.0026084876306833
split_random,ridge_cell,"T cells, R428",0.592378385014563,0.8403613548730192,0.7867085168584164,1.904386702981295
split_random,ridge_cell,"T cells, Vandetanib",0.2882772269097455,0.5207384155132,0.5426366444903302,1.4551414155042839
split_random,ridge_cell,"T cells, SCH-58261",0.02353800767841397,0.5970687287412907,-0.05319335527155306,1.7919535031326093
split_random,ridge_cell,"T cells, Tivantinib",0.39834388518405395,0.7018614996481116,0.5877455608467209,1.7221787059576998
split_random,ridge_cell,"NK cells, ABT-199 (GDC-0199)",0.179870876468244,0.6301969631723836,0.40936113791381473,1.7807957167196813
split_random,ridge_cell,"NK cells, Mometasone Furoate",0.38529235142992596,0.9147074164572817,0.5979155379754795,2.1302646767762354
split_random,ridge_cell,"T cells, Tipifarnib",0.4406577380623006,0.6218185572341913,0.726354113484898,1.6242734926274596
split_random,ridge_cell,"NK cells, PF-03814735",0.4088644943564574,0.8034489278095923,0.6477463201846493,1.8853181880355525
split_random,ridge_cell,"T cells, PF-03814735",0.6064498704788569,1.0209832616741428,0.7773777163227038,2.0559667277039892
split_random,ridge_cell,"NK cells, Prednisolone",0.36701284168247383,0.8949824473273972,0.5795841774072003,2.129461212819237
split_random,ridge_cell,"NK cells, Selumetinib",0.2874172516472781,0.6749331817446574,0.5012323103992999,1.7826939972940468
split_random,ridge_cell,"NK cells, Clotrimazole",0.23909869415436516,0.6126082712857586,0.4252338963989936,1.7533913087163906
split_random,ridge_cell,"Myeloid cells, GLPG0634",0.5218267438528605,0.8196842928125619,0.7993711596447218,1.8301530780432953
split_random,ridge_cell,"NK cells, HYDROXYUREA",0.14031450560142159,0.6350772606441245,0.33658055525478414,1.7384779744625545
split_random,ridge_cell,"Myeloid cells, Ixabepilone",0.16352609461796933,0.6865446604641678,0.2907894119732255,1.828547375380876
split_random,ridge_cell,"Myeloid cells, K-02288",0.17005404864868928,0.9750366796770339,0.3877890955655398,2.1690360953380448
split_random,ridge_cell,"Myeloid cells, Ruxolitinib",0.6045410033427192,1.33718818475981,0.7736484153066797,2.421196282123801
split_random,ridge_cell,"B cells, Vardenafil",0.2973484595477704,0.5700631746353094,0.5576504381444645,1.550488722318831
split_random,ridge_cell,"Myeloid cells, Perhexiline",0.508291714464686,0.847003353126247,0.7327914027902103,1.9014798171432301
split_random,ridge_cell,"B cells, Ketoconazole",-0.08514468594775902,0.9915182619485077,-0.15591878614662072,2.383620622298729
split_random,ridge_cell,"Myeloid cells, Ketoconazole",0.09420071024335866,1.3848114953065778,0.14227088256584808,2.579880790742459
split_random,ridge_cell,"B cells, Disulfiram",0.19648024330514355,0.5988734067378156,0.3843358827293396,1.698506563153527
split_random,ridge_cell,"Myeloid cells, Disulfiram",0.012084304557593429,0.6995303462548346,0.12406828613068863,1.8895897970412794
split_random,ridge_cell,"B cells, Desloratadine",0.1777351307953176,0.5932824670229783,0.26639592477290946,1.6310198326115908
split_random,ridge_cell,"Myeloid cells, IKK Inhibitor VII",0.5692017587872645,1.397950556740151,0.7289550461469972,2.504061790339501
split_random,ridge_cell,"Myeloid cells, Amiodarone",0.15957700457800342,0.6551311277773437,0.36551352669105436,1.7400244428768141
split_random,ridge_cell,"B cells, IMD-0354",0.46173929443606065,1.158002648233385,0.6344655943728547,2.341820924273556
split_random,ridge_cell,"Myeloid cells, IMD-0354",0.5332295759363658,1.4514940705348969,0.6792885852539815,2.4993913558712793
split_random,ridge_cell,"Myeloid cells, HMN-214",0.26540027588805976,0.8279066381960242,0.45494668219442125,1.9225987161460267
split_random,ridge_cell,"B cells, CC-401",0.5453395229927697,0.6729806458943511,0.7631598799218525,1.6682956093549295
split_random,ridge_cell,"Myeloid cells, CC-401",0.423479616180978,0.8720206434545695,0.6644046716894089,1.930467547878216
split_random,ridge_cell,"B cells, OSI-930",0.13420181506783782,0.5925563605137323,0.3794135987308828,1.6298003330715076
split_random,ridge_cell,"Myeloid cells, Saracatinib",0.5912287926564742,1.325199289772792,0.7606872751460896,2.3226140156074933
split_random,ridge_cell,"B cells, AZD-8330",0.6368250345564027,0.6641821709261561,0.8500920194707591,1.650508172386921
split_random,ridge_cell,"Myeloid cells, AZD-8330",0.5354327459495651,1.0205497909895993,0.7596544941521663,2.120444206277962
split_random,ridge_cell,"Myeloid cells, SLx-2119",0.175843644240698,0.649969416424698,0.2187617830044709,1.9576776999225376
split_random,ridge_cell,"B cells, TPCA-1",0.7324722117136843,0.9970354877856913,0.8721856018926669,1.9970163774151903
split_random,ridge_cell,"Myeloid cells, TPCA-1",0.6361831386432767,1.2849865074006117,0.7928366602711361,2.3193946202602946
split_random,ridge_cell,"Myeloid cells, Vandetanib",0.244812294380691,0.7744032709620238,0.47721711721446897,1.8531379478940389
split_random,ridge_cell,"B cells, SCH-58261",0.00039589769251017966,0.6298722539851161,0.04893217582449262,1.7632047783090108
split_random,ridge_cell,"Myeloid cells, SCH-58261",0.2854036768888751,0.646333751602459,0.5697386350143777,1.6544925352859878
split_random,ridge_cell,"Myeloid cells, Colforsin",0.19671720650632138,0.68537903599211,0.44724160720371237,1.8324900072091128
split_random,ridge_cell,"B cells, ABT-199 (GDC-0199)",-0.123111589029718,1.0597958868959771,-0.2588805012519103,2.3206752342069246
split_random,ridge_cell,"Myeloid cells, ABT-199 (GDC-0199)",-0.020278126503915417,0.6493073525048269,0.045662615548941264,1.8059718271541596
split_random,ridge_cell,"B cells, PF-03814735",0.6310247121506755,1.1046505939693736,0.7962867107732202,2.192349875750767
split_random,ridge_cell,"B cells, AZD4547",0.2666506895520763,0.5776726303946865,0.5231521117495237,1.6326579799151335
split_random,ridge_drug_fp,"B cells, MK-5108",0.18396183143306458,0.6174963377725058,0.3806255996562274,1.648417001198611
split_random,ridge_drug_fp,"T cells, Atorvastatin",0.287716857521585,0.5655985084081259,0.595122986786488,1.4569522737423486
split_random,ridge_drug_fp,"Myeloid cells, Ganetespib (STA-9090)",0.42496090517501744,1.5324293729629659,0.5909442896076538,2.1834781953980897
split_random,ridge_drug_fp,"T cells, Clomipramine",0.3047790502977267,0.5618158675770029,0.5755604737354971,1.4933558165292669
split_random,ridge_drug_fp,"Myeloid cells, Tivozanib",0.1255008799843761,0.8355288928546487,0.2586180988551822,1.97535188026185
split_random,ridge_drug_fp,"T cells, Tivozanib",0.3178363053588888,0.6653320009714325,0.6184526582862219,1.6085453638418918
split_random,ridge_drug_fp,"NK cells, Tamatinib",0.4088735835678448,0.9632699902360018,0.6151443167622768,1.5924098879477262
split_random,ridge_drug_fp,"Myeloid cells, O-Demethylated Adapalene",0.1663007500302041,0.8412997735628078,0.2995443388338382,2.170171850403538
split_random,ridge_drug_fp,"Myeloid cells, I-BET151",0.5300258341242934,1.5349057090759142,0.6671053937650568,2.2475936635898095
split_random,ridge_drug_fp,"B cells, Foretinib",0.4960243384272931,0.9996637574267547,0.6918453156372545,1.9788993069438465
split_random,ridge_drug_fp,"T cells, GW843682X",0.3246680496819089,0.5878326460517155,0.6553626221894463,1.5213720986970671
split_random,ridge_drug_fp,"T cells, BMS-387032",0.38843870455667945,1.20831614274676,0.576154137913142,2.1854706866170623
split_random,ridge_drug_fp,"NK cells, IN1451",0.6343046371665795,1.3703838826979253,0.8570599840624491,1.2733107014844904
split_random,ridge_drug_fp,"B cells, Topotecan",0.3868542591492942,0.91395693488206,0.6272559849596274,1.6877757434592662
split_random,ridge_drug_fp,"T cells, Topotecan",0.48742394369137104,0.972843578937946,0.7149186353693485,1.6800052817063336
split_random,ridge_drug_fp,"B cells, BAY 87-2243",0.433317420805206,1.012911632899145,0.6216753809393311,1.83711185823339
split_random,ridge_drug_fp,"T cells, K-02288",0.14746946240640743,0.6211395092468799,0.33758969757087554,1.6578429407177968
split_random,ridge_drug_fp,"T cells, Porcn Inhibitor III",0.34222085529319723,0.6438910618989806,0.6022267652725799,1.460585729203335
split_random,ridge_drug_fp,"NK cells, BMS-265246",0.49718128176229626,0.9401961685548498,0.7761470374464524,1.3841163004099042
split_random,ridge_drug_fp,"B cells, Pomalidomide",0.43059354925127563,0.9018639925471253,0.6466930665807047,1.8567006285314198
split_random,ridge_drug_fp,"B cells, Dovitinib",0.3341203920491279,0.9011132357326024,0.5482772310405511,1.9702337879594436
split_random,ridge_drug_fp,"T cells, Navitoclax",0.24041006321553834,0.6251825662462431,0.6025879073465774,1.590842188807381
split_random,ridge_drug_fp,"T cells, Methotrexate",0.35239963697130816,0.587443918064742,0.64269879450193,1.4902093550555422
split_random,ridge_drug_fp,"Myeloid cells, Palbociclib",0.23643332899742278,0.7782056311446198,0.4706076704976265,1.9018202035618703
split_random,ridge_drug_fp,"NK cells, Trametinib",0.24098170374588038,0.8406484240629208,0.4589354463656683,1.7056251102890048
split_random,ridge_drug_fp,"NK cells, AMD-070 (hydrochloride)",0.0595731034649827,0.7157585798835823,0.09168790847980175,1.8510161242150485
split_random,ridge_drug_fp,"T cells, BAY 61-3606",0.6473873674035581,1.45623018471618,0.7557940888921372,2.132477892214635
split_random,ridge_drug_fp,"T cells, AT13387",0.6397007588455998,1.6795616283673418,0.7265920957066335,2.3654376133389703
split_random,ridge_drug_fp,"NK cells, PF-04691502",0.305786778914699,1.0036942864782534,0.5642497060097558,1.6328374597362578
split_random,ridge_drug_fp,"NK cells, RVX-208",0.29202212362778934,0.7607515062513801,0.4881230863613539,1.6229838949205504
split_random,ridge_drug_fp,"Myeloid cells, Isoniazid",0.10602589608877727,0.6238958281495095,0.18736710336159867,1.7518591620187496
split_random,ridge_drug_fp,"NK cells, Isoniazid",0.06646168393325233,0.6766188585978032,0.16036138036614409,1.8249281006380604
split_random,ridge_drug_fp,"NK cells, Idelalisib",0.2159131856638551,0.8504705073134754,0.41261967524618376,1.7434322459813527
split_random,ridge_drug_fp,"B cells, Penfluridol",0.10815030091342419,0.6407780790730331,0.2732818094179327,1.7213958643751512
split_random,ridge_drug_fp,"Myeloid cells, Quizartinib",0.14394652281994536,0.8058105289949578,0.32159257151327697,2.1857876996813133
split_random,ridge_drug_fp,"B cells, PD-0325901",0.3627359989636697,0.8536449895645263,0.6549204799977141,1.7168642763127164
split_random,ridge_drug_fp,"T cells, CHIR-99021",0.5092998983254925,1.2504618761106825,0.701719289983073,2.270296151753569
split_random,ridge_drug_fp,"NK cells, CC-401",0.2790618834898462,0.8091088588617764,0.4570873401310563,1.6975855796467703
split_random,ridge_drug_fp,"B cells, Crizotinib",0.43468135561888505,0.8606444040916956,0.6903442743592423,1.8293540787771683
split_random,ridge_drug_fp,"Myeloid cells, Crizotinib",0.31142584822280445,0.9711934921693046,0.4887976001789921,2.067322195815843
split_random,ridge_drug_fp,"Myeloid cells, Azacitidine",0.09267095565588368,0.7001785362482187,0.3102486235529997,1.6862618993840033
split_random,ridge_drug_fp,"NK cells, Azacitidine",0.17130652569255933,0.7055947530899789,0.19101942612380915,1.8090183815475338
split_random,ridge_drug_fp,"Myeloid cells, GO-6976",0.2983083911221979,1.1073900536888184,0.4719901142623589,2.1459700596823867
split_random,ridge_drug_fp,"T cells, Lamivudine",0.19395791093876874,0.5663046741807249,0.3601086544306006,1.564166081684393
split_random,ridge_drug_fp,"Myeloid cells, TGX 221",0.3534300261518322,0.9647534277550258,0.5504408724679073,1.9974732792891488
split_random,ridge_drug_fp,"T cells, Pitavastatin Calcium",0.5684788867938287,1.3085752488702422,0.738236773393176,1.9619319419101708
split_random,ridge_drug_fp,"Myeloid cells, ABT737",0.23490672783684882,0.9285463658168943,0.4593994525650428,2.088563271587027
split_random,ridge_drug_fp,"B cells, AZ628",0.30832642552902595,0.9623481305777126,0.5763910158927451,1.9281975772175866
split_random,ridge_drug_fp,"Myeloid cells, AZ628",0.17392350185287167,1.060891420269022,0.3351224590013983,2.13145603081493
split_random,ridge_drug_fp,"T cells, AZ628",0.3626266612912483,0.7911098149774094,0.6614558559895793,1.6759413914645975
split_random,ridge_drug_fp,"NK cells, Masitinib",0.13372753245887137,0.7322574308161586,0.13353665899635678,1.8529012234317221
split_random,ridge_drug_fp,"NK cells, SLx-2119",0.2100409378443603,0.7530614944024497,0.38609656977879997,1.834815410742587
split_random,ridge_drug_fp,"NK cells, GSK-1070916",0.1861854438002559,0.709008086936744,0.2642831885759743,1.7575876837553421
split_random,ridge_drug_fp,"NK cells, Clemastine",0.17052422548458315,0.6989163874120078,0.2688240847846043,1.745367931972451
split_random,ridge_drug_fp,"NK cells, Buspirone",0.10023943416512081,0.6333807965497463,0.12842814382716844,1.7841454255947808
split_random,ridge_drug_fp,"T cells, Midostaurin",0.44859110486310316,0.8462728991321582,0.7212065031119607,1.7808756320068195
split_random,ridge_drug_fp,"B cells, R428",0.2888644514337778,1.6432592303072444,0.5173195183470316,2.1050145659525548
split_random,ridge_drug_fp,"T cells, R428",0.311877344409494,1.6080312382232618,0.5905414754332482,1.9122339403660582
split_random,ridge_drug_fp,"T cells, Vandetanib",0.16017045444642636,0.6188407283218491,0.5235969635341493,1.4590331739046958
split_random,ridge_drug_fp,"T cells, SCH-58261",0.10955888606461867,0.669567828273608,0.19997008448828765,1.6786904950693524
split_random,ridge_drug_fp,"T cells, Tivantinib",0.43002809066482084,0.7022512385365812,0.6941132448699949,1.560504851361928
split_random,ridge_drug_fp,"NK cells, ABT-199 (GDC-0199)",0.09601016609431592,0.7423591510118257,0.27792964405650283,1.8075761256306448
split_random,ridge_drug_fp,"NK cells, Mometasone Furoate",0.4249815342278448,1.173687379712054,0.6779843457277387,1.6726595256968215
split_random,ridge_drug_fp,"T cells, Tipifarnib",0.4061549711198794,0.6565708291245427,0.683160494203837,1.5641179597932433
split_random,ridge_drug_fp,"NK cells, PF-03814735",0.30605809369163683,1.5324249271680606,0.5350963968964493,1.840929061827935
split_random,ridge_drug_fp,"T cells, PF-03814735",0.4774255058500878,1.4396588998472888,0.7201320312094952,1.6945739294670423
split_random,ridge_drug_fp,"NK cells, Prednisolone",0.4109586391415597,1.051344754642753,0.6386605393053629,1.7522315678883933
split_random,ridge_drug_fp,"NK cells, Selumetinib",0.2041311418395224,0.8205470869491516,0.3703677091292003,1.784363126998967
split_random,ridge_drug_fp,"NK cells, Clotrimazole",0.08293394116703413,0.6970682083350853,0.10335124150795366,1.8507674208316607
split_random,ridge_drug_fp,"Myeloid cells, GLPG0634",0.3377295277192685,0.9232461742481101,0.5988329197666618,1.8987326260584814
split_random,ridge_drug_fp,"NK cells, HYDROXYUREA",0.07599338432135065,0.6812674548409688,0.15813105648819886,1.7830026043383407
split_random,ridge_drug_fp,"Myeloid cells, Ixabepilone",0.1789885613537042,0.6757608773609771,0.3293290067439328,1.7888705312133735
split_random,ridge_drug_fp,"Myeloid cells, K-02288",0.018803402041290232,1.043286696868628,0.0873078179169632,2.2960524462071117
split_random,ridge_drug_fp,"Myeloid cells, Ruxolitinib",0.3436185929641523,1.4320300483872919,0.4964069981322648,2.4991180704830342
split_random,ridge_drug_fp,"B cells, Vardenafil",0.17743887433015326,0.6284493590941275,0.40350231195256786,1.6214947126550783
split_random,ridge_drug_fp,"Myeloid cells, Perhexiline",0.37307611205865304,0.9506313881515983,0.5940733397105286,1.8661601597462498
split_random,ridge_drug_fp,"B cells, Ketoconazole",0.5111042491269191,0.8512857186486201,0.6872897316496027,1.6058762757781007
split_random,ridge_drug_fp,"Myeloid cells, Ketoconazole",0.47768935985919686,1.2139532948918115,0.625657580613235,2.088979458060966
split_random,ridge_drug_fp,"B cells, Disulfiram",0.1575173363612435,0.6221740747257455,0.3218856876738657,1.7044130546473368
split_random,ridge_drug_fp,"Myeloid cells, Disulfiram",0.1384161172081523,0.6568497241661223,0.29861124666064776,1.8114570119006477
split_random,ridge_drug_fp,"B cells, Desloratadine",0.1779142478951484,0.59881743242066,0.29042203182247106,1.6216252823139758
split_random,ridge_drug_fp,"Myeloid cells, IKK Inhibitor VII",0.3431845291699148,1.4759759243159816,0.5099592802598499,2.532372257709783
split_random,ridge_drug_fp,"Myeloid cells, Amiodarone",0.13571953203905365,0.6563305242677017,0.22307248466453727,1.8200753396684164
split_random,ridge_drug_fp,"B cells, IMD-0354",0.6018708934425768,1.0294643584276042,0.7778767922391356,1.732467011689244
split_random,ridge_drug_fp,"Myeloid cells, IMD-0354",0.46744360389511364,1.4337403746025863,0.6198918561320294,2.2540513856864743
split_random,ridge_drug_fp,"Myeloid cells, HMN-214",0.4066143578671356,0.7769760067306202,0.6563644489640024,1.7113532628779005
split_random,ridge_drug_fp,"B cells, CC-401",0.4344367907413473,0.7716423505769808,0.6996763489048615,1.521148421466767
split_random,ridge_drug_fp,"Myeloid cells, CC-401",0.40984718174814516,0.9105538771870633,0.5999248044562244,1.8098495458212995
split_random,ridge_drug_fp,"B cells, OSI-930",0.16406807245816177,0.5994035510280351,0.3502285700234493,1.6288158917610494
split_random,ridge_drug_fp,"Myeloid cells, Saracatinib",0.5024456685845429,1.3028404239320053,0.642512990224509,2.2133789724195583
split_random,ridge_drug_fp,"B cells, AZD-8330",0.45294134014901677,0.7557180324283475,0.6908769828123363,1.639182564235263
split_random,ridge_drug_fp,"Myeloid cells, AZD-8330",0.23099508706390467,1.1719906207351547,0.42550737850362247,2.288694277882931
split_random,ridge_drug_fp,"Myeloid cells, SLx-2119",0.16833803469327005,0.6976452886052061,0.36309666319899886,1.8407232052249258
split_random,ridge_drug_fp,"B cells, TPCA-1",0.511954380401993,1.039506775887073,0.715110785751377,1.8708735546932722
split_random,ridge_drug_fp,"Myeloid cells, TPCA-1",0.33682592558208546,1.4102098241974257,0.5030066121621186,2.3970774079309183
split_random,ridge_drug_fp,"Myeloid cells, Vandetanib",0.047850554322440474,0.8799638628290465,0.16384569013224434,1.9933949899827579
split_random,ridge_drug_fp,"B cells, SCH-58261",0.03936269025536384,0.725062746667024,-0.017859786359091016,1.788879690129425
split_random,ridge_drug_fp,"Myeloid cells, SCH-58261",0.13748571015561523,0.76446336877427,0.2849417054131418,1.7767678105324793
split_random,ridge_drug_fp,"Myeloid cells, Colforsin",0.1458835064078799,0.6993121696545824,0.274574267232151,1.9217350561728572
split_random,ridge_drug_fp,"B cells, ABT-199 (GDC-0199)",0.15379534161526717,1.0104032367300944,0.2656379517868507,2.1256868811317413
split_random,ridge_drug_fp,"Myeloid cells, ABT-199 (GDC-0199)",0.14377247969753773,0.6505296070992564,0.34577999736216936,1.659229391797203
split_random,ridge_drug_fp,"B cells, PF-03814735",0.44963861755891893,1.5048603669408036,0.6705228835886012,1.9471835690990555
split_random,ridge_drug_fp,"B cells, AZD4547",0.12694533074827,0.6408056312662992,0.19145609674548694,1.7761525758100951
split_random,ridge_cell_drug_fp,"B cells, MK-5108",0.24519405617669984,0.6204930796955112,0.49621575498000986,1.5756843102236315
split_random,ridge_cell_drug_fp,"T cells, Atorvastatin",0.35211218686295226,0.5598040105239903,0.6736925478023039,1.3782811624928768
split_random,ridge_cell_drug_fp,"Myeloid cells, Ganetespib (STA-9090)",0.49635646508117715,1.4364624128778087,0.6697511605195322,2.0210823039713612
split_random,ridge_cell_drug_fp,"T cells, Clomipramine",0.34402651575879456,0.5703328469682214,0.6264359738379123,1.4313970492927137
split_random,ridge_cell_drug_fp,"Myeloid cells, Tivozanib",0.2020535005274059,0.832769113609331,0.45454686105636233,1.8491013307949196
split_random,ridge_cell_drug_fp,"T cells, Tivozanib",0.36895421542112344,0.656076495793802,0.687832591325027,1.5073667408669826
split_random,ridge_cell_drug_fp,"NK cells, Tamatinib",0.4605270068724118,0.8828597096844784,0.6704632624841311,1.5083251147287506
split_random,ridge_cell_drug_fp,"Myeloid cells, O-Demethylated Adapalene",0.2618465146779154,0.82614803875942,0.4717881785145955,2.037410913709645
split_random,ridge_cell_drug_fp,"Myeloid cells, I-BET151",0.5927255394332241,1.4502317403759222,0.7291037721152855,2.1183674704103894
split_random,ridge_cell_drug_fp,"B cells, Foretinib",0.6061146912906304,0.9239800966681851,0.7938772703917982,1.8052243747263073
split_random,ridge_cell_drug_fp,"T cells, GW843682X",0.4067902950704885,0.5706982471675465,0.6926889444433943,1.4419062914016425
split_random,ridge_cell_drug_fp,"T cells, BMS-387032",0.3993872377706954,1.2095442750375733,0.5862252783157725,2.151786998368998
split_random,ridge_cell_drug_fp,"NK cells, IN1451",0.6431551157586143,1.3428037610193193,0.8636393903568764,1.244416689615377
split_random,ridge_cell_drug_fp,"B cells, Topotecan",0.44262391881161817,0.8878564027773889,0.6950158593393861,1.5576687875828488
split_random,ridge_cell_drug_fp,"T cells, Topotecan",0.5255306050839249,0.9470755764475974,0.7539507589175233,1.5905065198213295
split_random,ridge_cell_drug_fp,"B cells, BAY 87-2243",0.5175817058193907,0.9444475100640888,0.7173374665412658,1.6517477328855044
split_random,ridge_cell_drug_fp,"T cells, K-02288",0.31113556310442664,0.5872049253519857,0.582999910983955,1.4613279326412572
split_random,ridge_cell_drug_fp,"T cells, Porcn Inhibitor III",0.360898142251112,0.6582272562487286,0.6294996295421283,1.4069269260371444
split_random,ridge_cell_drug_fp,"NK cells, BMS-265246",0.5290086026954882,0.9237447802593982,0.8086855330160926,1.2947208708756148
split_random,ridge_cell_drug_fp,"B cells, Pomalidomide",0.4296161587795318,0.9137505722792375,0.6344952803379397,1.8517344716029887
split_random,ridge_cell_drug_fp,"B cells, Dovitinib",0.4761325858898787,0.8279290849740091,0.7122324774567034,1.7511341651862642
split_random,ridge_cell_drug_fp,"T cells, Navitoclax",0.238844905872962,0.6528341673530581,0.6679329108366061,1.486948846967233
split_random,ridge_cell_drug_fp,"T cells, Methotrexate",0.24092460691488143,0.6375146703464898,0.49523608182863665,1.6930424303222993
split_random,ridge_cell_drug_fp,"Myeloid cells, Palbociclib",0.42164602547475216,0.7168626037407461,0.7227124312722512,1.652857606010026
split_random,ridge_cell_drug_fp,"NK cells, Trametinib",0.2799207490603491,0.8163939289544924,0.5478984502642208,1.6278562498454456
split_random,ridge_cell_drug_fp,"NK cells, AMD-070 (hydrochloride)",0.1562318065382295,0.6816540687952112,0.2758570328955852,1.76971928066224
split_random,ridge_cell_drug_fp,"T cells, BAY 61-3606",0.6835016087629446,1.401143758427527,0.7845420067708695,2.0459921679545343
split_random,ridge_cell_drug_fp,"T cells, AT13387",0.7079151510324978,1.5799518668760355,0.7832175643218212,2.224019677879991
split_random,ridge_cell_drug_fp,"NK cells, PF-04691502",0.3491519082048118,0.9222482651916647,0.6130312966826417,1.556535288723774
split_random,ridge_cell_drug_fp,"NK cells, RVX-208",0.33176903660311596,0.7318763275148376,0.5658168198246999,1.5462184939518708
split_random,ridge_cell_drug_fp,"Myeloid cells, Isoniazid",0.2740573804428531,0.604201013658856,0.5474047265511341,1.533719912703559
split_random,ridge_cell_drug_fp,"NK cells, Isoniazid",0.12226145499558257,0.6681443742955581,0.29287682616439453,1.7797443701159046
split_random,ridge_cell_drug_fp,"NK cells, Idelalisib",0.27680698642404516,0.7894853954257887,0.49201912209275267,1.6760755777289762
split_random,ridge_cell_drug_fp,"B cells, Penfluridol",0.12101279099711341,0.6562685626016395,0.2680953772743221,1.7227529907623722
split_random,ridge_cell_drug_fp,"Myeloid cells, Quizartinib",0.31396776242810853,0.7640891676377395,0.6137588461906636,1.9435917088247334
split_random,ridge_cell_drug_fp,"B cells, PD-0325901",0.4866128230992805,0.7762997036963708,0.7647164843120304,1.5103944402815301
split_random,ridge_cell_drug_fp,"T cells, CHIR-99021",0.5433215816742916,1.218915562193248,0.7317468490208441,2.1832346489851018
split_random,ridge_cell_drug_fp,"NK cells, CC-401",0.3142853011105365,0.7829271759565741,0.5197311834077522,1.6341998990387414
split_random,ridge_cell_drug_fp,"B cells, Crizotinib",0.5641239093501694,0.7807303345239502,0.8184946869192862,1.5850991411875839
split_random,ridge_cell_drug_fp,"Myeloid cells, Crizotinib",0.46078783860007083,0.8925630222140105,0.7080916575519625,1.812448807771001
split_random,ridge_cell_drug_fp,"Myeloid cells, Azacitidine",0.057731607779732824,0.7504377674648137,0.2955437563338163,1.6937081006667136
split_random,ridge_cell_drug_fp,"NK cells, Azacitidine",0.19708918243196533,0.699082270505975,0.2995130044691958,1.7544681494897596
split_random,ridge_cell_drug_fp,"Myeloid cells, GO-6976",0.4555701610638128,1.025819268142885,0.671331374870476,1.943827453318806
split_random,ridge_cell_drug_fp,"T cells, Lamivudine",0.28053443420611907,0.5649923383346047,0.4718053698311491,1.4952129340902636
split_random,ridge_cell_drug_fp,"Myeloid cells, TGX 221",0.5095964283088801,0.8714052539354832,0.7483294139231186,1.7420894207800406
split_random,ridge_cell_drug_fp,"T cells, Pitavastatin Calcium",0.5829813939818098,1.2895324879264052,0.7450472058127282,1.943090670521838
split_random,ridge_cell_drug_fp,"Myeloid cells, ABT737",0.23325898637002396,0.9441291633242757,0.47511619945690353,2.07257023342147
split_random,ridge_cell_drug_fp,"B cells, AZ628",0.4751560906232318,0.8704496588694919,0.7523289774314821,1.6738341603080735
split_random,ridge_cell_drug_fp,"Myeloid cells, AZ628",0.3228433047663583,1.0018520804249698,0.5701000563774145,1.911641945442651
split_random,ridge_cell_drug_fp,"T cells, AZ628",0.4878569071557458,0.7354488719014636,0.7750661783127951,1.4525008186963502
split_random,ridge_cell_drug_fp,"NK cells, Masitinib",0.19031511267921122,0.7002320157164862,0.2691584734845531,1.7964695613367445
split_random,ridge_cell_drug_fp,"NK cells, SLx-2119",0.2267364038254321,0.7409413842471255,0.42593878828839604,1.8116681495578806
split_random,ridge_cell_drug_fp,"NK cells, GSK-1070916",0.2286741726951497,0.6807813262132237,0.3766437708715484,1.7056121296925846
split_random,ridge_cell_drug_fp,"NK cells, Clemastine",0.20276268487930896,0.6804323766666636,0.36506366353171266,1.7051961141201637
split_random,ridge_cell_drug_fp,"NK cells, Buspirone",0.16493643330440477,0.6242249653860706,0.3129813707037194,1.7223063892642476
split_random,ridge_cell_drug_fp,"T cells, Midostaurin",0.5756697713063291,0.7649586649131807,0.8190027746419086,1.5725858563405213
split_random,ridge_cell_drug_fp,"B cells, R428",0.32844742141430255,1.580344279549035,0.5712400471976745,2.002831012681503
split_random,ridge_cell_drug_fp,"T cells, R428",0.35467010318753706,1.5554138523048016,0.6504229486634601,1.7944624150279995
split_random,ridge_cell_drug_fp,"T cells, Vandetanib",0.2593446646964052,0.6039239668687089,0.6414735272829697,1.3413757127889847
split_random,ridge_cell_drug_fp,"T cells, SCH-58261",0.1004863952500167,0.6968259614575143,0.14684161978212873,1.7147947031900341
split_random,ridge_cell_drug_fp,"T cells, Tivantinib",0.5233630543296338,0.6618583050547419,0.7557958660501365,1.4250279628989608
split_random,ridge_cell_drug_fp,"NK cells, ABT-199 (GDC-0199)",0.1476207693460775,0.7446379255819573,0.3988773114179851,1.7326204656554631
split_random,ridge_cell_drug_fp,"NK cells, Mometasone Furoate",0.44832082421679104,1.1080609203243275,0.7048361393145569,1.6125470936760766
split_random,ridge_cell_drug_fp,"T cells, Tipifarnib",0.44932203681405525,0.6478759699712745,0.7289882910397321,1.4805793734553656
split_random,ridge_cell_drug_fp,"NK cells, PF-03814735",0.33736594751187793,1.4012137522935102,0.5791697496378339,1.7352474707052532
split_random,ridge_cell_drug_fp,"T cells, PF-03814735",0.5413928931925166,1.3016759788105732,0.779780388254596,1.52632867637454
split_random,ridge_cell_drug_fp,"NK cells, Prednisolone",0.4402285007309752,0.9932684150477732,0.6702344065829471,1.6920642241910469
split_random,ridge_cell_drug_fp,"NK cells, Selumetinib",0.26413517375132634,0.761694545023328,0.46692465114353876,1.7093647246449775
split_random,ridge_cell_drug_fp,"NK cells, Clotrimazole",0.1406651921887866,0.6866712365967248,0.2274148437284723,1.797360720419064
split_random,ridge_cell_drug_fp,"Myeloid cells, GLPG0634",0.4712537775076107,0.8522106892238452,0.7733797361246841,1.6593202640932965
split_random,ridge_cell_drug_fp,"NK cells, HYDROXYUREA",0.14977087600960817,0.66550176877504,0.3562637006690307,1.714124979218376
split_random,ridge_cell_drug_fp,"Myeloid cells, Ixabepilone",0.21521393864797775,0.6954636252320963,0.40723390834852163,1.7317770984430594
split_random,ridge_cell_drug_fp,"Myeloid cells, K-02288",0.1326199347181465,1.0285933906010145,0.3510733767565512,2.1743800218899136
split_random,ridge_cell_drug_fp,"Myeloid cells, Ruxolitinib",0.510688967539078,1.3106347190351049,0.6991051596399943,2.266478816185188
split_random,ridge_cell_drug_fp,"B cells, Vardenafil",0.2636435810473136,0.6220942295544989,0.5460074357532263,1.5236094333400918
split_random,ridge_cell_drug_fp,"Myeloid cells, Perhexiline",0.48254709697328546,0.8855167021232352,0.7193172938178836,1.6685173539252536
split_random,ridge_cell_drug_fp,"B cells, Ketoconazole",0.5161839971224148,0.8457810135073179,0.6935439261879317,1.5953210768865547
split_random,ridge_cell_drug_fp,"Myeloid cells, Ketoconazole",0.5172526136875196,1.1822191377322844,0.6613270452590252,2.0125550061109534
split_random,ridge_cell_drug_fp,"B cells, Disulfiram",0.22248856996379263,0.6259843358626603,0.4472721627067581,1.6198289427083505
split_random,ridge_cell_drug_fp,"Myeloid cells, Disulfiram",0.12809106062455516,0.6937352101714885,0.33971812930410383,1.7844134221721863
split_random,ridge_cell_drug_fp,"B cells, Desloratadine",0.23060484037128157,0.6106028227122029,0.3850635602582663,1.5567518944098118
split_random,ridge_cell_drug_fp,"Myeloid cells, IKK Inhibitor VII",0.49468941548200107,1.364224601901377,0.6788193350266523,2.324123121192626
split_random,ridge_cell_drug_fp,"Myeloid cells, Amiodarone",0.2068208075871269,0.6687090423317924,0.4480253896095819,1.6914246871505494
split_random,ridge_cell_drug_fp,"B cells, IMD-0354",0.6428258898914707,0.9844739834850437,0.8110468229558211,1.6247805262646742
split_random,ridge_cell_drug_fp,"Myeloid cells, IMD-0354",0.5583889654277795,1.3357135578107844,0.7134651784475607,2.081808410631808
split_random,ridge_cell_drug_fp,"Myeloid cells, HMN-214",0.47672968259857074,0.7524348384205874,0.7356745585866711,1.573870441081629
split_random,ridge_cell_drug_fp,"B cells, CC-401",0.5034305342382581,0.7325619712814151,0.7637622731475061,1.3933229899269037
split_random,ridge_cell_drug_fp,"Myeloid cells, CC-401",0.4389641556727732,0.903751224706643,0.6420556910428862,1.7586847675025967
split_random,ridge_cell_drug_fp,"B cells, OSI-930",0.21746706558349568,0.6175243163193076,0.5008823146547026,1.5310508510454859
split_random,ridge_cell_drug_fp,"Myeloid cells, Saracatinib",0.6108604114929209,1.2074554042025794,0.7664803616735699,2.025145138880623
split_random,ridge_cell_drug_fp,"B cells, AZD-8330",0.5592843317592879,0.6965713717988656,0.7963862295708811,1.4264562164640031
split_random,ridge_cell_drug_fp,"Myeloid cells, AZD-8330",0.4163050359658964,1.0696113453241802,0.6631622261407933,2.0345175088325043
split_random,ridge_cell_drug_fp,"Myeloid cells, SLx-2119",0.238444129035047,0.7047272979659224,0.4896209069799193,1.728616131409134
split_random,ridge_cell_drug_fp,"B cells, TPCA-1",0.6251183453546032,0.9395814545346143,0.815130583049177,1.6616687762213227
split_random,ridge_cell_drug_fp,"Myeloid cells, TPCA-1",0.4996030382666184,1.2817762279336216,0.6993992358464463,2.1511002260139986
split_random,ridge_cell_drug_fp,"Myeloid cells, Vandetanib",0.12960093069445566,0.8861229124234964,0.33370598932939655,1.9088812813801181
split_random,ridge_cell_drug_fp,"B cells, SCH-58261",0.055092951552853126,0.751925546266279,0.01612549020668806,1.803604725236283
split_random,ridge_cell_drug_fp,"Myeloid cells, SCH-58261",0.19941369745001067,0.7813050075789001,0.3915001608546126,1.7096393970590988
split_random,ridge_cell_drug_fp,"Myeloid cells, Colforsin",0.2314691150812319,0.7052123859627624,0.5105734746623087,1.7750885303132897
split_random,ridge_cell_drug_fp,"B cells, ABT-199 (GDC-0199)",0.176504883255078,1.0159096962586505,0.31225391651057605,2.090735210863316
split_random,ridge_cell_drug_fp,"Myeloid cells, ABT-199 (GDC-0199)",0.1327172614515477,0.7103431404564291,0.38715807420691634,1.6259248963806872
split_random,ridge_cell_drug_fp,"B cells, PF-03814735",0.5170558934992988,1.368581224348154,0.7379973479409805,1.7643331277575174
split_random,ridge_cell_drug_fp,"B cells, AZD4547",0.22533006479101117,0.627703355374076,0.393498262192439,1.669360712639109
split_cell_heldout,ridge_cell,"Myeloid cells, MK-5108",0.10389884604242214,0.6024153718258543,0.23847543328117457,1.751158575810865
split_cell_heldout,ridge_cell,"Myeloid cells, Ganetespib (STA-9090)",0.3975180403434655,1.4579154039106565,0.5556472716901611,2.548348366559892
split_cell_heldout,ridge_cell,"Myeloid cells, Sunitinib",0.08786275565910652,0.676612723176978,0.23293762197206924,1.8055880999581333
split_cell_heldout,ridge_cell,"Myeloid cells, Tivozanib",0.0968004406321383,0.7720743359709992,0.18225832398540298,2.0138862058404565
split_cell_heldout,ridge_cell,"Myeloid cells, Tamatinib",0.33082632058358885,1.3611032450867075,0.4880970568706712,2.5259452518127077
split_cell_heldout,ridge_cell,"Myeloid cells, Linagliptin",-0.06727624364047327,0.7277106196568368,-0.1474357346514104,1.9792046132675738
split_cell_heldout,ridge_cell,"Myeloid cells, 5-(9-Isopropyl-8-methyl-2-morpholino-9H-purin-6-yl)pyrimidin-2-amine",0.38976816167632583,1.5551201479745658,0.5348911595328191,2.6967159115160917
split_cell_heldout,ridge_cell,"Myeloid cells, O-Demethylated Adapalene",0.10562893956501568,0.8233490398259933,0.19446126848252962,2.231893662349192
split_cell_heldout,ridge_cell,"Myeloid cells, I-BET151",0.3006548442392953,1.7400946378937372,0.4194531967032281,2.822381659016001
split_cell_heldout,ridge_cell,"Myeloid cells, GW843682X",0.050556031622157216,0.75690738336293,0.13911548160437537,2.073528665859635
split_cell_heldout,ridge_cell,"Myeloid cells, IN1451",0.24291334366208897,2.409328040038857,0.3029826093688116,3.2370540470618234
split_cell_heldout,ridge_cell,"Myeloid cells, Raloxifene",-0.042128868908844895,1.0079061802021791,-0.025243636847177495,2.271017041994997
split_cell_heldout,ridge_cell,"Myeloid cells, Topotecan",0.12104486142503612,1.4929388475894905,0.2011805213925895,2.6451960882158394
split_cell_heldout,ridge_cell,"Myeloid cells, BAY 87-2243",0.18949318907958201,1.4340944467920926,0.2487419356671829,2.594109571245713
split_cell_heldout,ridge_cell,"Myeloid cells, Porcn Inhibitor III",-0.1567944140649771,1.230160768802006,-0.22538714804490328,2.57518415886424
split_cell_heldout,ridge_cell,"Myeloid cells, TL_HRAS26",0.00768322957383285,0.6433672897543702,-0.01452788589553219,1.9650233827327577
split_cell_heldout,ridge_cell,"Myeloid cells, BMS-265246",0.058735890498836325,1.7432862046648432,0.12929280006467334,2.8759929276058736
split_cell_heldout,ridge_cell,"Myeloid cells, Pomalidomide",-0.030296089203510318,1.086765444462897,0.04796318296230839,2.546234267399581
split_cell_heldout,ridge_cell,"Myeloid cells, Dovitinib",-0.008300321772789004,0.9651143148295662,0.08215730906750675,2.279370764722
split_cell_heldout,ridge_cell,"Myeloid cells, Navitoclax",-0.2255578862699315,0.9295203488674165,-0.3493444169432244,2.1797886206888304
split_cell_heldout,ridge_cell,"Myeloid cells, Methotrexate",0.0525234666241874,0.9312144520964488,0.1156078169529755,2.14011512116456
split_cell_heldout,ridge_cell,"Myeloid cells, Palbociclib",0.16636105955649527,0.7749513640613717,0.3693507658346915,1.9831337578252048
split_cell_heldout,ridge_cell,"Myeloid cells, AMD-070 (hydrochloride)",0.09530027264230782,0.7547829627680425,0.20475012366935874,2.035943887745268
split_cell_heldout,ridge_cell,"Myeloid cells, FK 866",0.1311018132308104,1.1697945385674051,0.22052474526007124,2.376767412277774
split_cell_heldout,ridge_cell,"Myeloid cells, Scriptaid",0.2517028729521301,1.9078928563544102,0.35341427776467654,2.945909203741138
split_cell_heldout,ridge_cell,"Myeloid cells, Dactolisib",0.4259454974026009,2.07782260698495,0.5332567379904908,3.0338655298030766
split_cell_heldout,ridge_cell,"Myeloid cells, Isoniazid",0.08804332403326998,0.611692894861008,0.15712645642162865,1.7603314225808453
split_cell_heldout,ridge_cell,"Myeloid cells, Idelalisib",0.11920136718345266,0.9802983921925943,0.24183179264884075,2.1460760026507164
split_cell_heldout,ridge_cell,"Myeloid cells, Penfluridol",0.04003407662453948,0.7437742959915467,0.1419923608297763,1.874520698029685
split_cell_heldout,ridge_cell,"Myeloid cells, Quizartinib",0.10205217770661401,0.7924594936558556,0.18413794659955438,2.2351101714975163
split_cell_heldout,ridge_cell,"Myeloid cells, PD-0325901",0.16780008348644743,1.3823660784443026,0.2633628563115021,2.57991300375082
split_cell_heldout,ridge_cell,"Myeloid cells, LDN 193189",-0.0805911256054408,0.8173462601047868,-0.07700226032958224,2.070728648219518
split_cell_heldout,ridge_cell,"Myeloid cells, Riociguat",0.21365264280242116,0.5840908798582766,0.42412554379967554,1.6816523342948224
split_cell_heldout,ridge_cell,"Myeloid cells, CHIR-99021",-0.06495282215188054,1.24373199123462,-0.11091728919709322,2.4735648343846988
split_cell_heldout,ridge_cell,"Myeloid cells, BI-D1870",0.11438320405332081,0.8778757823941609,0.26904208434680804,2.1084360941455493
split_cell_heldout,ridge_cell,"Myeloid cells, Crizotinib",0.3393499234404774,0.9358697515649242,0.5073491997552193,2.1701024794522525
split_cell_heldout,ridge_cell,"Myeloid cells, Azacitidine",0.10289540880679265,0.6156340414470594,0.29315507420806997,1.7217819787638011
split_cell_heldout,ridge_cell,"Myeloid cells, TR-14035",0.16635194374506113,0.6165046660659718,0.30324524205841064,1.78323836890735
split_cell_heldout,ridge_cell,"Myeloid cells, AT 7867",0.10397261466558982,1.3285953355509634,0.2232010244342843,2.531843606831695
split_cell_heldout,ridge_cell,"Myeloid cells, GO-6976",0.010570852314121184,1.176090648196839,0.04918654923310225,2.352449218431289
split_cell_heldout,ridge_cell,"Myeloid cells, TGX 221",0.32521397623833825,0.9528254435486524,0.521263551730547,2.1605509413260817
split_cell_heldout,ridge_cell,"Myeloid cells, Pitavastatin Calcium",-0.057279928133946105,2.3523252055218227,-0.05676811319090942,3.232339077341762
split_cell_heldout,ridge_cell,"Myeloid cells, ABT737",-0.06642255326858093,0.9745327595911953,-0.03147738513374736,2.2842243110776272
split_cell_heldout,ridge_cell,"Myeloid cells, PRT-062607",0.3482954275390072,1.4386996936277303,0.48942240273936494,2.579058024797164
split_cell_heldout,ridge_cell,"Myeloid cells, AZ628",0.18388851023288605,0.9797358150241081,0.3111227252954586,2.1803559090867783
split_cell_heldout,ridge_cell,"Myeloid cells, Masitinib",0.23635212770512012,0.729960131618058,0.48722717345398353,1.937548605465521
split_cell_heldout,ridge_cell,"Myeloid cells, STK219801",0.21794024501142847,0.6459434739337265,0.35697171771897074,1.9014479955720192
split_cell_heldout,ridge_cell,"Myeloid cells, Ricolinostat",0.046668250259335305,1.181833239811637,0.1080393699974411,2.437063782630553
split_cell_heldout,ridge_cell,"Myeloid cells, Midostaurin",0.17351422038051612,1.1500067636030087,0.303000475497041,2.3900265941562346
split_cell_heldout,ridge_cell,"Myeloid cells, CEP-37440",0.0515997949924766,0.9564942955793164,0.12755914893765785,2.2410081812810607
split_cell_heldout,ridge_cell,"Myeloid cells, R428",0.17947850892486772,2.044604438486791,0.25387472965349916,3.0412977663012355
split_cell_heldout,ridge_cell,"Myeloid cells, Oxybenzone",0.11083549929099044,0.5488768383476312,0.20341641024644144,1.669198644063795
split_cell_heldout,ridge_cell,"Myeloid cells, Tivantinib",0.17943862773073405,0.8195296271547631,0.34000424133423435,2.055947740997848
split_cell_heldout,ridge_cell,"Myeloid cells, Colchicine",0.1352302809963498,2.468365484385234,0.17945127747093403,3.2846137737401104
split_cell_heldout,ridge_cell,"Myeloid cells, BX 912",0.21364152485611518,0.8366392371455612,0.37306540854157394,2.0278262126913504
split_cell_heldout,ridge_cell,"Myeloid cells, Selumetinib",0.2132260645686891,1.0609838266836635,0.3638599781858813,2.313777906249991
split_cell_heldout,ridge_cell,"Myeloid cells, RG7090",-0.04408263090366228,0.88347518608905,-0.003549864523906471,2.1145675967035285
split_cell_heldout,ridge_cell,"Myeloid cells, GLPG0634",0.2882740868131172,0.9066437537818068,0.5395891754071825,2.0883386656012726
split_cell_heldout,ridge_cell,"Myeloid cells, TIE2 Kinase Inhibitor",-0.022567979097931287,0.6796968053903162,-0.012207294911787497,1.9194605813023637
split_cell_heldout,ridge_cell,"Myeloid cells, Lapatinib",-0.13176617428639262,0.694725725144164,-0.20095713150939354,1.9999469648966506
split_cell_heldout,ridge_cell,"Myeloid cells, Atorvastatin",-0.057368965160204954,0.7602312554499389,-0.14151173749169133,2.1377650073587375
split_cell_heldout,ridge_cell,"Myeloid cells, Clomipramine",0.2188872502452469,0.662633838032406,0.4576465442267924,1.8139356121534151
split_cell_heldout,ridge_cell,"Myeloid cells, Ixabepilone",0.09658040420020692,0.6708183821335527,0.08483973997154427,1.9003101238495936
split_cell_heldout,ridge_cell,"Myeloid cells, Protriptyline",-0.007269348926276478,0.5736159515903508,-0.1559246457746449,1.7713090797296767
split_cell_heldout,ridge_cell,"Myeloid cells, Phenylbutazone",-0.019658351908508218,0.6036774804799822,-0.09594401502920535,1.735038740526688
split_cell_heldout,ridge_cell,"Myeloid cells, K-02288",-0.02974271983226385,1.0072714110368768,-0.03243874247624268,2.3197272020521864
split_cell_heldout,ridge_cell,"Myeloid cells, BMS-777607",0.15863570640125804,0.7777780789473525,0.2840793709914597,2.0256826028886157
split_cell_heldout,ridge_cell,"Myeloid cells, Vorinostat",0.2615102531694481,1.8442128548466308,0.37298795476568813,2.8913566320873545
split_cell_heldout,ridge_cell,"Myeloid cells, Ruxolitinib",0.3073316815372324,1.4640362504358713,0.4656331604978585,2.660218873490876
split_cell_heldout,ridge_cell,"Myeloid cells, AVL-292",0.18334053760941593,0.9389965796793154,0.33845009630322953,2.173463123385563
split_cell_heldout,ridge_cell,"Myeloid cells, Trametinib",-0.008874807913617706,1.4589115528539187,-0.004580915659922299,2.6605964114496246
split_cell_heldout,ridge_cell,"Myeloid cells, Sgc-cbp30",0.2225310636665191,0.9707176711793459,0.4034518516701467,2.165198651498881
split_cell_heldout,ridge_cell,"Myeloid cells, Chlorpheniramine",0.03513188370242609,0.5675392190023216,-0.035108825160533375,1.7420625412724298
split_cell_heldout,ridge_cell,"Myeloid cells, BAY 61-3606",0.3290034356267121,1.888865941158006,0.43285743618631317,2.9074041711819514
split_cell_heldout,ridge_cell,"Myeloid cells, LY2090314",0.09728362480055876,2.1436721164408095,0.14262137907546354,3.104658017136869
split_cell_heldout,ridge_cell,"Myeloid cells, Vardenafil",0.09168260491600527,0.7097688718897236,0.24744241962474517,1.8537305390653251
split_cell_heldout,ridge_cell,"Myeloid cells, Dasatinib",0.4007498592565794,1.5107462772979092,0.5507393628307022,2.58442231892563
split_cell_heldout,ridge_cell,"Myeloid cells, AT13387",0.3622031132226762,1.3214706779475345,0.5151381513930736,2.4073693871370696
split_cell_heldout,ridge_cell,"Myeloid cells, Perhexiline",0.32133812966474967,0.9210488936521273,0.5198073794367614,2.1069975932957625
split_cell_heldout,ridge_cell,"Myeloid cells, RVX-208",0.20199970153314692,0.8915435921744281,0.35779844642456415,2.0977027036027818
split_cell_heldout,ridge_cell,"Myeloid cells, Ketoconazole",-0.10889274128614286,1.4192525614397102,-0.20587438843799555,2.6683385294233113
split_cell_heldout,ridge_cell,"Myeloid cells, Disulfiram",-0.020525209073831804,0.6593784185492584,-0.09686764930318359,1.9323455475602125
split_cell_heldout,ridge_cell,"Myeloid cells, Flutamide",0.16342175694007186,0.6074134015578396,0.2762184621852856,1.7623450780503944
split_cell_heldout,ridge_cell,"Myeloid cells, Desloratadine",0.08540101430588529,0.6347859067813403,0.1467429600250191,1.7500956152520082
split_cell_heldout,ridge_cell,"Myeloid cells, BMS-536924",0.35296702310083444,1.0551090693198788,0.5455359635950009,2.1908013448057657
split_cell_heldout,ridge_cell,"Myeloid cells, IKK Inhibitor VII",0.24065006817475112,1.5276469547972544,0.3775559530552846,2.740611078134734
split_cell_heldout,ridge_cell,"Myeloid cells, Amiodarone",0.02099398365004201,0.6524330742936404,0.02965868503240598,1.8808264496888063
split_cell_heldout,ridge_cell,"Myeloid cells, IMD-0354",0.32949007889053245,1.545515575933449,0.4681287104494006,2.666896121336567
split_cell_heldout,ridge_cell,"Myeloid cells, Alogliptin",-0.0102749995126354,0.607965452187811,-0.020539653811257077,1.7320428926886695
split_cell_heldout,ridge_cell,"Myeloid cells, RN-486",0.15763732552531515,0.7430404754067805,0.2775433849119283,1.9710922673654045
split_cell_heldout,ridge_cell,"Myeloid cells, Decitabine",0.20430969209995972,0.5253334511334768,0.4152465267789295,1.658113327788694
split_cell_heldout,ridge_cell,"Myeloid cells, Cabozantinib",0.0710918992027642,0.7627999254012605,0.2141870938132099,1.9084837182189154
split_cell_heldout,ridge_cell,"Myeloid cells, Defactinib",0.2764885340713012,1.0301335802818732,0.4810763702058134,2.1937442315680244
split_cell_heldout,ridge_cell,"Myeloid cells, AZD3514",0.3035602628270366,0.8119609458338178,0.5395445855615869,1.9823115043248556
split_cell_heldout,ridge_cell,"Myeloid cells, HMN-214",0.07347096577907558,0.8647998339974926,0.07802858584258444,2.0673447575595736
split_cell_heldout,ridge_cell,"Myeloid cells, CC-401",0.3638726932079394,0.9014352518931451,0.5526387181583167,2.0399626477229873
split_cell_heldout,ridge_cell,"Myeloid cells, Resminostat",0.2787212340070677,1.9421050910267383,0.3853533931222091,2.898355597151232
split_cell_heldout,ridge_cell,"Myeloid cells, Nilotinib",0.20947176835221623,1.1842811082882265,0.34141803197522197,2.4113294931514644
split_cell_heldout,ridge_cell,"Myeloid cells, OSI-930",0.07128419508155502,0.6914576429554125,0.11960403219625873,1.8099154247742304
split_cell_heldout,ridge_cell,"Myeloid cells, Saracatinib",0.4041484743735903,1.4222735507284634,0.5455229121154991,2.510142713569981
split_cell_heldout,ridge_cell,"Myeloid cells, RG7112",0.24972177047464056,0.7560216343725036,0.4584685950648358,2.181467069745429
split_cell_heldout,ridge_cell,"Myeloid cells, Lamivudine",0.14765756983096884,0.6989421591163528,0.33525648116900725,1.8428427444858964
split_cell_heldout,ridge_cell,"Myeloid cells, AZD-8330",0.1862573717400804,1.144335429239705,0.34062039419431894,2.4055706351988357
split_cell_heldout,ridge_cell,"Myeloid cells, Ceritinib",0.22342159186017807,0.9496371697109359,0.41802617638015394,2.244949263988472
split_cell_heldout,ridge_cell,"Myeloid cells, CGM-097",-0.10637770488473779,1.2788158656748525,-0.11970827611433497,2.5241224146313033
split_cell_heldout,ridge_cell,"Myeloid cells, SLx-2119",0.03502214873173766,0.6494417469031724,-0.044519678526725615,2.0679609030233728
split_cell_heldout,ridge_cell,"Myeloid cells, Nefazodone",0.2015212488459142,0.5414392557192045,0.4693147295371385,1.6313869917021784
split_cell_heldout,ridge_cell,"Myeloid cells, TPCA-1",0.3095779265182932,1.423604551228682,0.4596389371361907,2.5774156872575746
split_cell_heldout,ridge_cell,"Myeloid cells, MGCD-265",0.2566941077563208,0.600585957648204,0.4396113723953844,1.676042707817407
split_cell_heldout,ridge_cell,"Myeloid cells, GSK-1070916",0.1457483357474919,0.7914125955213888,0.3247837269556181,1.9265123459548097
split_cell_heldout,ridge_cell,"Myeloid cells, Bosutinib",0.35477771283831755,1.6543697388510052,0.47171320293136454,2.766500334416172
split_cell_heldout,ridge_cell,"Myeloid cells, Clemastine",0.18589584425690397,0.6730410757884264,0.418494614951334,1.787527738292997
split_cell_heldout,ridge_cell,"Myeloid cells, YK 4-279",-0.01819939030366061,0.6497473683867027,-0.11889359300764314,1.796845778874145
split_cell_heldout,ridge_cell,"Myeloid cells, Buspirone",0.15902496050672732,0.5555886605668382,0.3167803800598854,1.6175463436183077
split_cell_heldout,ridge_cell,"Myeloid cells, GSK256066",0.010434179806223897,1.1143442005442812,0.032781123446433164,2.4613349004542666
split_cell_heldout,ridge_cell,"Myeloid cells, Vandetanib",0.1404442647155479,0.784584776805247,0.2875712241238071,1.9652560033706192
split_cell_heldout,ridge_cell,"Myeloid cells, Imatinib",0.0893051987269231,0.540772167719258,0.2627693375344633,1.6285974649789348
split_cell_heldout,ridge_cell,"Myeloid cells, SCH-58261",0.23223122541943653,0.6403649236774509,0.5044047049492615,1.722719054175698
split_cell_heldout,ridge_cell,"Myeloid cells, Colforsin",0.04980397855231609,0.6924504265269762,0.005957273814464161,1.995730589600775
split_cell_heldout,ridge_cell,"Myeloid cells, Tosedostat",0.30923155051618995,0.9823349175498575,0.46807678922655216,2.1631899593205794
split_cell_heldout,ridge_cell,"Myeloid cells, ABT-199 (GDC-0199)",-0.06454030929587529,0.6040607141283515,-0.07060194205165213,1.8133324929918873
split_cell_heldout,ridge_cell,"Myeloid cells, Mometasone Furoate",0.3899491111597696,1.913903918034477,0.5133912413367959,2.8794045866912295
split_cell_heldout,ridge_cell,"Myeloid cells, Tipifarnib",0.30190923548853615,0.8029131121176023,0.5552597315969263,1.9318754710660067
split_cell_heldout,ridge_cell,"Myeloid cells, Doxorubicin",0.14927419667997635,2.338934016979319,0.1956426597405642,3.1836200000127395
split_cell_heldout,ridge_cell,"Myeloid cells, PF-03814735",0.42212391267112503,1.871277325520717,0.5387718429217468,2.8484528086619845
split_cell_heldout,ridge_cell,"Myeloid cells, AZD4547",0.17262454177772327,0.6702335014620348,0.36125556059271186,1.876496645205991
split_cell_heldout,ridge_cell,"Myeloid cells, Prednisolone",0.3138023077779087,1.5646508027715802,0.43566536942755507,2.6869201336173947
split_cell_heldout,ridge_cell,"Myeloid cells, Tacalcitol",0.17350338194928833,2.2104259364857692,0.22781743696526743,3.149814375302167
split_cell_heldout,ridge_cell,"Myeloid cells, Clotrimazole",0.07938994109090135,0.7541658901314019,0.14261241583897002,1.9486364126047124
split_cell_heldout,ridge_cell,"Myeloid cells, Mubritinib (TAK 165)",0.046374476074186044,1.172790273826591,0.07958339094089802,2.449140602721276
split_cell_heldout,ridge_cell,"Myeloid cells, Vanoxerine",0.2947403680541755,0.5973513313941639,0.48695534987468064,1.6686714127992899
split_cell_heldout,ridge_cell,"Myeloid cells, SB525334",-0.12100379390431465,1.2834430342548209,-0.17603063246803902,2.595700636504829
split_cell_heldout,ridge_cell,"Myeloid cells, HYDROXYUREA",0.1438738721325321,0.6248260397799529,0.220287250664846,1.7755469730582116
split_cell_heldout,ridge_drug_fp,"Myeloid cells, MK-5108",0.2501829022647419,0.5937555949845006,0.4461040248743016,1.6434771915736464
split_cell_heldout,ridge_drug_fp,"Myeloid cells, Ganetespib (STA-9090)",0.42141645593003707,1.5420063633405783,0.587033297266129,2.1909707027705183
split_cell_heldout,ridge_drug_fp,"Myeloid cells, Sunitinib",0.18040256452257336,0.7383475242868485,0.4482887855459939,1.6771463086033473
split_cell_heldout,ridge_drug_fp,"Myeloid cells, Tivozanib",0.18321313117178872,0.7969682866082649,0.36587632778304735,1.92326864863162
split_cell_heldout,ridge_drug_fp,"Myeloid cells, Tamatinib",0.41687699262367395,1.30684654800029,0.5786876798991138,2.237592486644082
split_cell_heldout,ridge_drug_fp,"Myeloid cells, Linagliptin",0.04686819104211564,0.7293281005670723,0.10233919136688667,1.922530229098792
split_cell_heldout,ridge_drug_fp,"Myeloid cells, 5-(9-Isopropyl-8-methyl-2-morpholino-9H-purin-6-yl)pyrimidin-2-amine",0.5412482159824128,1.3760132339215896,0.6876996898697274,2.1646684267441882
split_cell_heldout,ridge_drug_fp,"Myeloid cells, O-Demethylated Adapalene",0.15776278552217438,0.843055805038059,0.28414527191355243,2.178678451925375
split_cell_heldout,ridge_drug_fp,"Myeloid cells, I-BET151",0.52460318473844,1.5421648732569975,0.6616859974199785,2.257910441090469
split_cell_heldout,ridge_drug_fp,"Myeloid cells, GW843682X",0.22129492215716215,0.7449471404698247,0.3701625027522548,1.9128602579127838
split_cell_heldout,ridge_drug_fp,"Myeloid cells, IN1451",0.6810893932044363,1.8148538376058132,0.7784871086116125,2.271520419541
split_cell_heldout,ridge_drug_fp,"Myeloid cells, Raloxifene",0.1451892932529981,1.0035293511517822,0.22946944913607362,2.1967531298983936
split_cell_heldout,ridge_drug_fp,"Myeloid cells, Topotecan",0.42572983909542683,1.3604631863151717,0.5633977079665813,2.3176819184514157
split_cell_heldout,ridge_drug_fp,"Myeloid cells, BAY 87-2243",0.3119226244440312,1.4282679258189885,0.3996956452290616,2.415662479346579
split_cell_heldout,ridge_drug_fp,"Myeloid cells, Porcn Inhibitor III",0.23150594389547868,1.145728775629111,0.3705945242811546,2.3895845248407634
split_cell_heldout,ridge_drug_fp,"Myeloid cells, TL_HRAS26",0.12161492169533507,0.6552751553425386,0.3657828986119912,1.8496188280969141
split_cell_heldout,ridge_drug_fp,"Myeloid cells, BMS-265246",0.4360450545012751,1.5734470746806464,0.5650683133803388,2.4822807336371295
split_cell_heldout,ridge_drug_fp,"Myeloid cells, Pomalidomide",0.24635283747524633,1.1040366808281727,0.4136542733854258,2.308042672532502
split_cell_heldout,ridge_drug_fp,"Myeloid cells, Dovitinib",0.12369910404119379,1.025621044568265,0.2885183200760632,2.189659352395842
split_cell_heldout,ridge_drug_fp,"Myeloid cells, Navitoclax",0.25063644765322585,0.8447486980181298,0.4273645728409502,1.906962238387747
split_cell_heldout,ridge_drug_fp,"Myeloid cells, Methotrexate",0.15874821748465176,0.9273712208331331,0.2680553160080712,2.06593188371093
split_cell_heldout,ridge_drug_fp,"Myeloid cells, Palbociclib",0.22018296587319233,0.7847236489239714,0.43675173052723376,1.9178874292366732
split_cell_heldout,ridge_drug_fp,"Myeloid cells, AMD-070 (hydrochloride)",0.20512574213384405,0.7521110962766535,0.4357969009299418,1.938495140649976
split_cell_heldout,ridge_drug_fp,"Myeloid cells, FK 866",0.3863996157707762,1.0901616740151634,0.5684940941640163,2.108518400162374
split_cell_heldout,ridge_drug_fp,"Myeloid cells, Scriptaid",0.4869491614175452,1.7662203139095278,0.6028848998122548,2.410594278653225
split_cell_heldout,ridge_drug_fp,"Myeloid cells, Dactolisib",0.5872181996852662,1.768923197625742,0.6687664982051109,2.480739664252885
split_cell_heldout,ridge_drug_fp,"Myeloid cells, Isoniazid",0.11374224088994657,0.6181247498028102,0.18428077307621382,1.7514537874187186
split_cell_heldout,ridge_drug_fp,"Myeloid cells, Idelalisib",0.21999273342750247,1.0322012774486582,0.38054875580193553,2.038716648479156
split_cell_heldout,ridge_drug_fp,"Myeloid cells, Penfluridol",0.17935308411784326,0.7283652032207062,0.3758778826022959,1.7930161843619283
split_cell_heldout,ridge_drug_fp,"Myeloid cells, Quizartinib",0.13498889964250163,0.8091446629622577,0.30205130988878864,2.1957986920728136
split_cell_heldout,ridge_drug_fp,"Myeloid cells, PD-0325901",0.2036745685073175,1.3999542333878718,0.3166921880999785,2.5130335499118632
split_cell_heldout,ridge_drug_fp,"Myeloid cells, LDN 193189",0.21140694939608334,0.7679415560950135,0.41683885236812646,1.8942908466638406
split_cell_heldout,ridge_drug_fp,"Myeloid cells, Riociguat",0.14894825718759408,0.622646756815782,0.32185341707462906,1.6947993089639526
split_cell_heldout,ridge_drug_fp,"Myeloid cells, CHIR-99021",0.40857742164909205,1.1142998211499966,0.5756489271300027,2.0627018997177404
split_cell_heldout,ridge_drug_fp,"Myeloid cells, BI-D1870",0.21184794055884656,0.8669160429901976,0.359085202536195,2.042225002087303
split_cell_heldout,ridge_drug_fp,"Myeloid cells, Crizotinib",0.3526211174486591,0.9513936032605917,0.5275305728642101,2.0200886452911817
split_cell_heldout,ridge_drug_fp,"Myeloid cells, Azacitidine",0.11292338566511982,0.6655650200489179,0.3325545121248967,1.6779628956543453
split_cell_heldout,ridge_drug_fp,"Myeloid cells, TR-14035",0.19709151264095712,0.6453131686671463,0.38506735910874856,1.7291375354398575
split_cell_heldout,ridge_drug_fp,"Myeloid cells, AT 7867",0.16009810003164998,1.3453171914244473,0.2787747044054926,2.481162539564302
split_cell_heldout,ridge_drug_fp,"Myeloid cells, GO-6976",0.28726010942337393,1.1128622228256801,0.45659817476575,2.156628881884278
split_cell_heldout,ridge_drug_fp,"Myeloid cells, TGX 221",0.3434110315458007,0.9713484938883798,0.5358941361966819,2.0103413310226137
split_cell_heldout,ridge_drug_fp,"Myeloid cells, Pitavastatin Calcium",0.40937625381177606,2.1228625061877775,0.4768962583972158,2.839153027326736
split_cell_heldout,ridge_drug_fp,"Myeloid cells, ABT737",0.2283065262072125,0.9311413251331844,0.4520347568817605,2.0925877958054215
split_cell_heldout,ridge_drug_fp,"Myeloid cells, PRT-062607",0.3809971428762991,1.4006147549508705,0.5285431590136789,2.3635502784319367
split_cell_heldout,ridge_drug_fp,"Myeloid cells, AZ628",0.2563127754004584,1.0157965140933671,0.43301008946293057,2.04569186084029
split_cell_heldout,ridge_drug_fp,"Myeloid cells, Masitinib",0.24190915047456404,0.7498514529957021,0.4585656867176131,1.9066507104273995
split_cell_heldout,ridge_drug_fp,"Myeloid cells, STK219801",0.3052831401595454,0.6476682109798519,0.4931516621482833,1.7102454067125556
split_cell_heldout,ridge_drug_fp,"Myeloid cells, Ricolinostat",0.4094280606369889,1.072239080556982,0.5826267920674953,2.0715208072129445
split_cell_heldout,ridge_drug_fp,"Myeloid cells, Midostaurin",0.24788397289017153,1.1646261787275776,0.43637817414147134,2.254941618764994
split_cell_heldout,ridge_drug_fp,"Myeloid cells, CEP-37440",0.1386243734269624,0.988152326333872,0.26803260666030504,2.1764397008305147
split_cell_heldout,ridge_drug_fp,"Myeloid cells, R428",0.3268750281320721,1.9619148835671931,0.41641344010901576,2.835947513640378
split_cell_heldout,ridge_drug_fp,"Myeloid cells, Oxybenzone",0.13052915706599655,0.556699851652349,0.278262479466538,1.6506290910675285
split_cell_heldout,ridge_drug_fp,"Myeloid cells, Tivantinib",0.2980381926472416,0.822645079804328,0.5212991889521258,1.878929490999672
split_cell_heldout,ridge_drug_fp,"Myeloid cells, Colchicine",0.3682887580822206,2.33522134981496,0.4304581231203142,3.0858678973869638
split_cell_heldout,ridge_drug_fp,"Myeloid cells, BX 912",0.21731445530546126,0.906148426942787,0.420854408265793,1.9442060091090396
split_cell_heldout,ridge_drug_fp,"Myeloid cells, Selumetinib",0.23545230991661875,1.0846143746861585,0.3937085539538231,2.2341203068898974
split_cell_heldout,ridge_drug_fp,"Myeloid cells, RG7090",0.2747965300543874,0.8264289025249727,0.47636365730422137,1.8922745939333965
split_cell_heldout,ridge_drug_fp,"Myeloid cells, GLPG0634",0.32409868706013695,0.9312202311385659,0.5776547746544157,1.9182371999246473
split_cell_heldout,ridge_drug_fp,"Myeloid cells, TIE2 Kinase Inhibitor",0.18259682472508845,0.6550172812972449,0.3335179972822135,1.8144885163287288
split_cell_heldout,ridge_drug_fp,"Myeloid cells, Lapatinib",0.21291166169217818,0.6598305649128803,0.43957980254413614,1.7658104774989052
split_cell_heldout,ridge_drug_fp,"Myeloid cells, Atorvastatin",0.22242195677074175,0.7176359964325748,0.4828725257757746,1.9057025715131946
split_cell_heldout,ridge_drug_fp,"Myeloid cells, Clomipramine",0.2774912357898491,0.6633598241824586,0.5319155877444666,1.7384624166548166
split_cell_heldout,ridge_drug_fp,"Myeloid cells, Ixabepilone",0.17493330883349287,0.6767806792883307,0.32552743747324026,1.7914010835029677
split_cell_heldout,ridge_drug_fp,"Myeloid cells, Protriptyline",0.15166107735057327,0.5550469944007311,0.24599524671687584,1.6580019511415718
split_cell_heldout,ridge_drug_fp,"Myeloid cells, Phenylbutazone",0.1602165387939051,0.5813864327650857,0.23931239989375244,1.6586974180663518
split_cell_heldout,ridge_drug_fp,"Myeloid cells, K-02288",0.05329362125809041,1.011965005887174,0.12401594384911202,2.2813528312191047
split_cell_heldout,ridge_drug_fp,"Myeloid cells, BMS-777607",0.16751088828411975,0.806833970429548,0.3055985941421006,1.9952748707619772
split_cell_heldout,ridge_drug_fp,"Myeloid cells, Vorinostat",0.4705053228652028,1.7069497344606255,0.5983137179241035,2.3982358504104586
split_cell_heldout,ridge_drug_fp,"Myeloid cells, Ruxolitinib",0.33626427233849593,1.4367494449289573,0.48643036394322925,2.5088803718228845
split_cell_heldout,ridge_drug_fp,"Myeloid cells, AVL-292",0.2115617499954456,0.9988747209110479,0.38747482023067653,2.0878510664638514
split_cell_heldout,ridge_drug_fp,"Myeloid cells, Trametinib",0.26403283132722744,1.390608714555694,0.3930763922687868,2.4783050771518207
split_cell_heldout,ridge_drug_fp,"Myeloid cells, Sgc-cbp30",0.2657491730678779,0.981564227295906,0.4697342583391299,2.0551296490873243
split_cell_heldout,ridge_drug_fp,"Myeloid cells, Chlorpheniramine",0.061351622518948816,0.5998148185166771,0.05410349213894346,1.7347047865030976
split_cell_heldout,ridge_drug_fp,"Myeloid cells, BAY 61-3606",0.4762551642767711,1.7229126910473362,0.5924852040818006,2.4822887890047314
split_cell_heldout,ridge_drug_fp,"Myeloid cells, LY2090314",0.20857893893478474,2.2415208439108927,0.25897874564671686,3.05537717299577
split_cell_heldout,ridge_drug_fp,"Myeloid cells, Vardenafil",0.1551510844982905,0.7237005637313363,0.28628845898843924,1.8175794761855861
split_cell_heldout,ridge_drug_fp,"Myeloid cells, Dasatinib",0.463183996467971,1.4094333332385218,0.613536024920966,2.285210390386846
split_cell_heldout,ridge_drug_fp,"Myeloid cells, AT13387",0.3442592247020779,1.5149453690315366,0.5007198158444854,2.210071544895149
split_cell_heldout,ridge_drug_fp,"Myeloid cells, Perhexiline",0.37038678919220586,0.951642801895162,0.5913458008757068,1.870239137279258
split_cell_heldout,ridge_drug_fp,"Myeloid cells, RVX-208",0.40347187820460056,0.8443257341535372,0.6015417548947335,1.8144471002777045
split_cell_heldout,ridge_drug_fp,"Myeloid cells, Ketoconazole",0.5007018319349997,1.1898662790683656,0.6478303439411615,2.0802739355043887
split_cell_heldout,ridge_drug_fp,"Myeloid cells, Disulfiram",0.1211646446877798,0.650623704841045,0.2824163000128163,1.8190760019052448
split_cell_heldout,ridge_drug_fp,"Myeloid cells, Flutamide",0.1591165710176616,0.6320739590824126,0.26445736224717903,1.7617792879457566
split_cell_heldout,ridge_drug_fp,"Myeloid cells, Desloratadine",0.18378180213271422,0.6320830027947781,0.4358111802350233,1.64787841032867
split_cell_heldout,ridge_drug_fp,"Myeloid cells, BMS-536924",0.31707798004539206,1.1206623533742428,0.504933705055426,2.03837896339316
split_cell_heldout,ridge_drug_fp,"Myeloid cells, IKK Inhibitor VII",0.3040716921188544,1.5026228460484998,0.45785461107658126,2.580214408022413
split_cell_heldout,ridge_drug_fp,"Myeloid cells, Amiodarone",0.12042299483405729,0.6607949345917862,0.1871049545773694,1.8327225462339762
split_cell_heldout,ridge_drug_fp,"Myeloid cells, IMD-0354",0.4791217194460116,1.4204141549761626,0.6226209467413513,2.2407859677087987
split_cell_heldout,ridge_drug_fp,"Myeloid cells, Alogliptin",0.16341244875672056,0.5963138787110511,0.3513936408434317,1.6367727121677906
split_cell_heldout,ridge_drug_fp,"Myeloid cells, RN-486",-0.026143386865700814,0.8236330817470459,-0.0775656120360323,2.081743652637348
split_cell_heldout,ridge_drug_fp,"Myeloid cells, Decitabine",0.13424281656492243,0.5565823788269227,0.263878599725147,1.694482473214324
split_cell_heldout,ridge_drug_fp,"Myeloid cells, Cabozantinib",0.18966247816923884,0.7611240053861639,0.3471589149238692,1.8414766757840078
split_cell_heldout,ridge_drug_fp,"Myeloid cells, Defactinib",0.3203057460427989,1.020026178305897,0.5137929917149571,2.069769594629012
split_cell_heldout,ridge_drug_fp,"Myeloid cells, AZD3514",0.373885621949481,0.8060857403917061,0.6211142242010844,1.769705512529758
split_cell_heldout,ridge_drug_fp,"Myeloid cells, HMN-214",0.3934154384948082,0.782628160328242,0.644569149509732,1.7235269710445873
split_cell_heldout,ridge_drug_fp,"Myeloid cells, CC-401",0.4506576867403828,0.8619035649257288,0.6329942875592516,1.8106405707693305
split_cell_heldout,ridge_drug_fp,"Myeloid cells, Resminostat",0.4756008022911134,1.810388093116639,0.5922693964296497,2.4037392339351666
split_cell_heldout,ridge_drug_fp,"Myeloid cells, Nilotinib",0.3080302081762865,1.1684424470304655,0.4647903559601059,2.2529745511863566
split_cell_heldout,ridge_drug_fp,"Myeloid cells, OSI-930",0.1897345542495834,0.6834738762305427,0.29085374124548,1.7225113342210743
split_cell_heldout,ridge_drug_fp,"Myeloid cells, Saracatinib",0.4923319803337794,1.310761441649644,0.631546816347492,2.2282009160251866
split_cell_heldout,ridge_drug_fp,"Myeloid cells, RG7112",0.38918354553496076,0.7242599409552334,0.5193219346751835,1.9237191362523332
split_cell_heldout,ridge_drug_fp,"Myeloid cells, Lamivudine",0.14600106517615716,0.7256623676514844,0.3361149963686797,1.8246133308645585
split_cell_heldout,ridge_drug_fp,"Myeloid cells, AZD-8330",0.19408187520047923,1.188802997716751,0.34938363613283996,2.347426544288608
split_cell_heldout,ridge_drug_fp,"Myeloid cells, Ceritinib",0.19540009830040153,0.979482364287109,0.42114915557892113,2.2090908789875288
split_cell_heldout,ridge_drug_fp,"Myeloid cells, CGM-097",0.47829700841127376,1.101232570916628,0.6249892504321507,1.9487801297919067
split_cell_heldout,ridge_drug_fp,"Myeloid cells, SLx-2119",0.17141484909509405,0.6773621943575426,0.38111724399642427,1.826116034012521
split_cell_heldout,ridge_drug_fp,"Myeloid cells, Nefazodone",0.17104710157883984,0.5764608015379401,0.24344857023025826,1.6782501227487334
split_cell_heldout,ridge_drug_fp,"Myeloid cells, TPCA-1",0.35785602278181705,1.3992507636340499,0.5188910504893487,2.368931037530458
split_cell_heldout,ridge_drug_fp,"Myeloid cells, MGCD-265",0.21879101575577298,0.6453575110761399,0.4339730988202834,1.6370027483229261
split_cell_heldout,ridge_drug_fp,"Myeloid cells, GSK-1070916",0.29767529427138145,0.7715129745861453,0.5060276516809296,1.7761971335006443
split_cell_heldout,ridge_drug_fp,"Myeloid cells, Bosutinib",0.4734815790515923,1.520194474659078,0.6086259165044818,2.433496394037218
split_cell_heldout,ridge_drug_fp,"Myeloid cells, Clemastine",0.290432198306428,0.6673832906020293,0.5056983879530849,1.71060063739304
split_cell_heldout,ridge_drug_fp,"Myeloid cells, YK 4-279",0.20359233194341075,0.6294004092001668,0.4016979759049088,1.6247886996178755
split_cell_heldout,ridge_drug_fp,"Myeloid cells, Buspirone",0.2152767985390472,0.5587528136823163,0.3232242417056765,1.5873311271146076
split_cell_heldout,ridge_drug_fp,"Myeloid cells, GSK256066",0.17886235084993135,1.141884228222503,0.29141239296634175,2.3453272286981313
split_cell_heldout,ridge_drug_fp,"Myeloid cells, Vandetanib",0.08656917627825857,0.8343926097128735,0.22336204526935816,1.9718899500738571
split_cell_heldout,ridge_drug_fp,"Myeloid cells, Imatinib",0.14693206636377268,0.5554822018415684,0.3713671952512534,1.5857687442188033
split_cell_heldout,ridge_drug_fp,"Myeloid cells, SCH-58261",0.18581292419923837,0.6706691574370658,0.3534316832854192,1.7558861916735764
split_cell_heldout,ridge_drug_fp,"Myeloid cells, Colforsin",0.14281818003856755,0.6995863099188848,0.25997618388375593,1.9268961994312852
split_cell_heldout,ridge_drug_fp,"Myeloid cells, Tosedostat",0.36637905818746236,0.9618376858609969,0.5697574260121928,2.003656709479647
split_cell_heldout,ridge_drug_fp,"Myeloid cells, ABT-199 (GDC-0199)",0.1184662131798147,0.6450002916506615,0.23851281495930984,1.7228123595048672
split_cell_heldout,ridge_drug_fp,"Myeloid cells, Mometasone Furoate",0.45416102482789494,1.7765441859029267,0.5777369585942805,2.5371632903451236
split_cell_heldout,ridge_drug_fp,"Myeloid cells, Tipifarnib",0.3460852456693412,0.8032329031489427,0.6074684748459931,1.7908636340868183
split_cell_heldout,ridge_drug_fp,"Myeloid cells, Doxorubicin",0.5334759314882032,2.0206743830401743,0.6152549990400475,2.674131725065453
split_cell_heldout,ridge_drug_fp,"Myeloid cells, PF-03814735",0.517119387436433,1.6880466676847563,0.6228096471917457,2.491722893773071
split_cell_heldout,ridge_drug_fp,"Myeloid cells, AZD4547",0.1706426365558288,0.6933350711509735,0.4461962331325245,1.81557862414485
split_cell_heldout,ridge_drug_fp,"Myeloid cells, Prednisolone",0.36126782610297026,1.5383634302089586,0.500559627937755,2.4509199353327524
split_cell_heldout,ridge_drug_fp,"Myeloid cells, Tacalcitol",0.19743792089605758,2.19527932377005,0.25975256770453725,3.111249410661812
split_cell_heldout,ridge_drug_fp,"Myeloid cells, Clotrimazole",0.16258452329828538,0.752600240857678,0.3435036001663155,1.8719445038853104
split_cell_heldout,ridge_drug_fp,"Myeloid cells, Mubritinib (TAK 165)",0.23903306842586658,1.1991561407075393,0.37671712320823153,2.2876435040602594
split_cell_heldout,ridge_drug_fp,"Myeloid cells, Vanoxerine",0.234657048278778,0.6348156866726677,0.42856417800033053,1.652281916453551
split_cell_heldout,ridge_drug_fp,"Myeloid cells, SB525334",0.4053364243307893,1.1270975797522973,0.5865424292866424,2.2274085062018316
split_cell_heldout,ridge_drug_fp,"Myeloid cells, HYDROXYUREA",0.17096395711521936,0.6344069140463273,0.24945544992006205,1.759253932946763
split_cell_heldout,ridge_cell_drug_fp,"Myeloid cells, MK-5108",0.2501570969532904,0.5937624518183018,0.44608738693959055,1.6434816066317977
split_cell_heldout,ridge_cell_drug_fp,"Myeloid cells, Ganetespib (STA-9090)",0.42142491871605575,1.5420183648509977,0.5870422446315492,2.190953131457391
split_cell_heldout,ridge_cell_drug_fp,"Myeloid cells, Sunitinib",0.18038173802364613,0.7383386353374601,0.44828388819588466,1.6771562631077448
split_cell_heldout,ridge_cell_drug_fp,"Myeloid cells, Tivozanib",0.1832628979007141,0.7969538296639057,0.36598846077882174,1.923206939038664
split_cell_heldout,ridge_cell_drug_fp,"Myeloid cells, Tamatinib",0.4168974638256889,1.306849223508541,0.5786934975943264,2.237532983143064
split_cell_heldout,ridge_cell_drug_fp,"Myeloid cells, Linagliptin",0.04686342443077452,0.7293305211126353,0.10232530147639507,1.922535537647965
split_cell_heldout,ridge_cell_drug_fp,"Myeloid cells, 5-(9-Isopropyl-8-methyl-2-morpholino-9H-purin-6-yl)pyrimidin-2-amine",0.5412401416783764,1.3760065576927574,0.6877041621075519,2.1647834495465488
split_cell_heldout,ridge_cell_drug_fp,"Myeloid cells, O-Demethylated Adapalene",0.1577862788735433,0.8430600652479601,0.2841790625835871,2.178646326577404
split_cell_heldout,ridge_cell_drug_fp,"Myeloid cells, I-BET151",0.5246087341640215,1.5421663989294068,0.6616885192837356,2.257878537735705
split_cell_heldout,ridge_cell_drug_fp,"Myeloid cells, GW843682X",0.22130295623948806,0.7449433074785529,0.37015437578867827,1.912850789541422
split_cell_heldout,ridge_cell_drug_fp,"Myeloid cells, IN1451",0.6810881067842073,1.8148512287961933,0.7784834603378507,2.2715087868954753
split_cell_heldout,ridge_cell_drug_fp,"Myeloid cells, Raloxifene",0.14515802021237736,1.0035384257557505,0.22946551659699596,2.1967572292309767
split_cell_heldout,ridge_cell_drug_fp,"Myeloid cells, Topotecan",0.4257349177750869,1.3604588755560032,0.5634070610801893,2.3176732507210724
split_cell_heldout,ridge_cell_drug_fp,"Myeloid cells, BAY 87-2243",0.31194967595781886,1.4282078204927677,0.3997414267060019,2.4156101262858884
split_cell_heldout,ridge_cell_drug_fp,"Myeloid cells, Porcn Inhibitor III",0.23143401155022364,1.145746222128167,0.37051020577333194,2.3896449588282995
split_cell_heldout,ridge_cell_drug_fp,"Myeloid cells, TL_HRAS26",0.12162066289440124,0.6552915905249036,0.36575897241719535,1.8496246755907932
split_cell_heldout,ridge_cell_drug_fp,"Myeloid cells, BMS-265246",0.4360583237280355,1.5734322104647667,0.565075715523802,2.4822720002116685
split_cell_heldout,ridge_cell_drug_fp,"Myeloid cells, Pomalidomide",0.24632282473681122,1.1040793513167777,0.41353150351128093,2.3081606695842956
split_cell_heldout,ridge_cell_drug_fp,"Myeloid cells, Dovitinib",0.12374520194244533,1.0255420693391577,0.2885761273747609,2.189602258185054
split_cell_heldout,ridge_cell_drug_fp,"Myeloid cells, Navitoclax",0.2506186720932072,0.8447551213541835,0.42734318453827674,1.9069761105048402
split_cell_heldout,ridge_cell_drug_fp,"Myeloid cells, Methotrexate",0.1587614482514613,0.9273715790067963,0.2680688824802607,2.065922518506454
split_cell_heldout,ridge_cell_drug_fp,"Myeloid cells, Palbociclib",0.22015065395099212,0.7847207549738026,0.43662992880707835,1.917935725494535
split_cell_heldout,ridge_cell_drug_fp,"Myeloid cells, AMD-070 (hydrochloride)",0.20507833086586014,0.7520804269824726,0.4357525688000925,1.9385785637055872
split_cell_heldout,ridge_cell_drug_fp,"Myeloid cells, FK 866",0.3863866421918312,1.090170124827028,0.5684758209649007,2.10851333293804
split_cell_heldout,ridge_cell_drug_fp,"Myeloid cells, Scriptaid",0.48693660345626616,1.7662660968907735,0.6028774847111315,2.410606884739523
split_cell_heldout,ridge_cell_drug_fp,"Myeloid cells, Dactolisib",0.5872199145946646,1.768891858560269,0.6687665325438866,2.4806462642182874
split_cell_heldout,ridge_cell_drug_fp,"Myeloid cells, Isoniazid",0.11383308316131145,0.6181392740201345,0.18427005581353428,1.7514518345525336
split_cell_heldout,ridge_cell_drug_fp,"Myeloid cells, Idelalisib",0.21999831735096467,1.032158925498699,0.3805594013514488,2.038710520603299
split_cell_heldout,ridge_cell_drug_fp,"Myeloid cells, Penfluridol",0.17934333139092482,0.7283684585621009,0.37587227159178044,1.7930188334388355
split_cell_heldout,ridge_cell_drug_fp,"Myeloid cells, Quizartinib",0.13537457384236767,0.8090197583033865,0.30277158944833826,2.195405626025792
split_cell_heldout,ridge_cell_drug_fp,"Myeloid cells, PD-0325901",0.20365073813513312,1.3999687411945272,0.3166620578841384,2.513054883987523
split_cell_heldout,ridge_cell_drug_fp,"Myeloid cells, LDN 193189",0.21134061294675,0.7679751467461082,0.41676284484473325,1.8943239168927146
split_cell_heldout,ridge_cell_drug_fp,"Myeloid cells, Riociguat",0.14894754836176638,0.6226432180851058,0.3218616001118349,1.6947995297064042
split_cell_heldout,ridge_cell_drug_fp,"Myeloid cells, CHIR-99021",0.40857799023695407,1.1143000024532668,0.5756501977256175,2.0626996746641324
split_cell_heldout,ridge_cell_drug_fp,"Myeloid cells, BI-D1870",0.21184879127211906,0.8669154531448651,0.3590817328166468,2.04222711645616
split_cell_heldout,ridge_cell_drug_fp,"Myeloid cells, Crizotinib",0.35269457211576966,0.9514041321337862,0.527613327067281,2.01992905506303
split_cell_heldout,ridge_cell_drug_fp,"Myeloid cells, Azacitidine",0.11281791512847536,0.665553367603578,0.332499455442798,1.678001907314227
split_cell_heldout,ridge_cell_drug_fp,"Myeloid cells, TR-14035",0.19719701701751557,0.6453281018115484,0.38527827341425613,1.7290287991736575
split_cell_heldout,ridge_cell_drug_fp,"Myeloid cells, AT 7867",0.1601516708567543,1.3453038726592963,0.2788458388707509,2.481105803863851
split_cell_heldout,ridge_cell_drug_fp,"Myeloid cells, GO-6976",0.28722027070595313,1.112879397525454,0.4565658025164255,2.156655583046246
split_cell_heldout,ridge_cell_drug_fp,"Myeloid cells, TGX 221",0.3433474335873161,0.9713114356589452,0.5358315767101042,2.01050593835257
split_cell_heldout,ridge_cell_drug_fp,"Myeloid cells, Pitavastatin Calcium",0.4093819616191596,2.1228574431989635,0.4768996638725245,2.839142991824585
split_cell_heldout,ridge_cell_drug_fp,"Myeloid cells, ABT737",0.22832044711628616,0.931133730399459,0.4520581833849637,2.0925735779827654
split_cell_heldout,ridge_cell_drug_fp,"Myeloid cells, PRT-062607",0.3809964817888423,1.4005878147636417,0.5285459930749058,2.363613699748139
split_cell_heldout,ridge_cell_drug_fp,"Myeloid cells, AZ628",0.25632583421935906,1.0157620337321596,0.43303064700376176,2.04568924810284
split_cell_heldout,ridge_cell_drug_fp,"Myeloid cells, Masitinib",0.24165969792627867,0.7498733779162576,0.45819617306814037,1.9068912872508068
split_cell_heldout,ridge_cell_drug_fp,"Myeloid cells, STK219801",0.3053301979338494,0.6476576768504249,0.4931947483815303,1.7101929569544057
split_cell_heldout,ridge_cell_drug_fp,"Myeloid cells, Ricolinostat",0.40943039984737656,1.0722487954543487,0.5826416403841851,2.0714728987423627
split_cell_heldout,ridge_cell_drug_fp,"Myeloid cells, Midostaurin",0.24787426498775356,1.1646524372100209,0.4363533327422505,2.2549375752551666
split_cell_heldout,ridge_cell_drug_fp,"Myeloid cells, CEP-37440",0.13871027430446056,0.9880120167966109,0.26815694300128745,2.1763944828202684
split_cell_heldout,ridge_cell_drug_fp,"Myeloid cells, R428",0.3221540020572704,1.9643658313909271,0.4107796982720673,2.8455008751682516
split_cell_heldout,ridge_cell_drug_fp,"Myeloid cells, Oxybenzone",0.13058216698932737,0.5567046397542145,0.278266521869359,1.6506310838083562
split_cell_heldout,ridge_cell_drug_fp,"Myeloid cells, Tivantinib",0.29799679557809444,0.8225992583186481,0.5211993097553027,1.8790752169211682
split_cell_heldout,ridge_cell_drug_fp,"Myeloid cells, Colchicine",0.36830646584316,2.3352139387908064,0.4304804397206173,3.0858609334376306
split_cell_heldout,ridge_cell_drug_fp,"Myeloid cells, BX 912",0.2173369595350452,0.906113287489863,0.42089513515537236,1.9441864438892695
split_cell_heldout,ridge_cell_drug_fp,"Myeloid cells, Selumetinib",0.2354586196609819,1.0846121133009017,0.3937160768046098,2.2341136209110393
split_cell_heldout,ridge_cell_drug_fp,"Myeloid cells, RG7090",0.274769172868881,0.8264431061572552,0.47635256821253824,1.8922842726231142
split_cell_heldout,ridge_cell_drug_fp,"Myeloid cells, GLPG0634",0.32419861333751676,0.9312179645946016,0.577735588589907,1.9180461936563593
split_cell_heldout,ridge_cell_drug_fp,"Myeloid cells, TIE2 Kinase Inhibitor",0.18258761591355196,0.6550045566220603,0.33347197338060663,1.8145052708909843
split_cell_heldout,ridge_cell_drug_fp,"Myeloid cells, Lapatinib",0.21296333701775902,0.6598182251449838,0.4396243647363682,1.765765839783106
split_cell_heldout,ridge_cell_drug_fp,"Myeloid cells, Atorvastatin",0.22238136236025816,0.7176539509133057,0.48281912201438154,1.9057297183634854
split_cell_heldout,ridge_cell_drug_fp,"Myeloid cells, Clomipramine",0.2772195416863543,0.6634297468153969,0.5315424124905255,1.7386680534935528
split_cell_heldout,ridge_cell_drug_fp,"Myeloid cells, Ixabepilone",0.17505442632442655,0.6767529344421918,0.3256851572258655,1.7913043543189322
split_cell_heldout,ridge_cell_drug_fp,"Myeloid cells, Protriptyline",0.15174926866754587,0.5550226973638205,0.24637962050748385,1.6578709255077118
split_cell_heldout,ridge_cell_drug_fp,"Myeloid cells, Phenylbutazone",0.1601678941966568,0.5813819300836994,0.2393123493483948,1.6586970114770783
split_cell_heldout,ridge_cell_drug_fp,"Myeloid cells, K-02288",0.05327174150343847,1.0119338064004655,0.12399339852780787,2.281364726459674
split_cell_heldout,ridge_cell_drug_fp,"Myeloid cells, BMS-777607",0.16744813375149284,0.8068265621377716,0.305506778149383,1.9953296682339274
split_cell_heldout,ridge_cell_drug_fp,"Myeloid cells, Vorinostat",0.4705157037394223,1.7069292138931873,0.5983199216862757,2.3982248005107385
split_cell_heldout,ridge_cell_drug_fp,"Myeloid cells, Ruxolitinib",0.33624513777520737,1.4367559652756778,0.48641056737256366,2.508920516712266
split_cell_heldout,ridge_cell_drug_fp,"Myeloid cells, AVL-292",0.2115356217409288,0.998860966291944,0.3874519194208817,2.087879801245837
split_cell_heldout,ridge_cell_drug_fp,"Myeloid cells, Trametinib",0.2641067406008152,1.3905692183368332,0.39318740796851503,2.4782419573753893
split_cell_heldout,ridge_cell_drug_fp,"Myeloid cells, Sgc-cbp30",0.26569987273603773,0.9815625552240826,0.4696680795755509,2.0552030424750725
split_cell_heldout,ridge_cell_drug_fp,"Myeloid cells, Chlorpheniramine",0.06146800180579928,0.59982439308427,0.0544007520465622,1.7346105553154954
split_cell_heldout,ridge_cell_drug_fp,"Myeloid cells, BAY 61-3606",0.47626151830486785,1.7229064096438316,0.5924889751854631,2.482275802429924
split_cell_heldout,ridge_cell_drug_fp,"Myeloid cells, LY2090314",0.20858121965283577,2.2415152924910986,0.25898179328824006,3.0553710344024556
split_cell_heldout,ridge_cell_drug_fp,"Myeloid cells, Vardenafil",0.15517740725644635,0.7236962147610259,0.2863658446327982,1.817547445766865
split_cell_heldout,ridge_cell_drug_fp,"Myeloid cells, Dasatinib",0.46318268145293084,1.40943086042464,0.6135244658119908,2.2850336912976084
split_cell_heldout,ridge_cell_drug_fp,"Myeloid cells, AT13387",0.34423188898491197,1.5148992034474025,0.500686834562039,2.2101078726428964
split_cell_heldout,ridge_cell_drug_fp,"Myeloid cells, Perhexiline",0.3704580001176098,0.9516961702168587,0.5913985578473214,1.870061036076773
split_cell_heldout,ridge_cell_drug_fp,"Myeloid cells, RVX-208",0.4034977508624007,0.8443253999887891,0.6015511728722209,1.8144011307095684
split_cell_heldout,ridge_cell_drug_fp,"Myeloid cells, Ketoconazole",0.5007008289629504,1.1898671771906548,0.6478355328740165,2.0802605672579033
split_cell_heldout,ridge_cell_drug_fp,"Myeloid cells, Disulfiram",0.12115752333717346,0.6506284941061308,0.2823970466799691,1.8190778702551238
split_cell_heldout,ridge_cell_drug_fp,"Myeloid cells, Flutamide",0.15913313432861195,0.6320695541253573,0.26452145020682594,1.7617555441845436
split_cell_heldout,ridge_cell_drug_fp,"Myeloid cells, Desloratadine",0.18371727496259138,0.6320711749608582,0.4358114692600009,1.6478218246065857
split_cell_heldout,ridge_cell_drug_fp,"Myeloid cells, BMS-536924",0.31710489236274925,1.1207188728055297,0.50494370981369,2.0383179072953705
split_cell_heldout,ridge_cell_drug_fp,"Myeloid cells, IKK Inhibitor VII",0.3040089954467823,1.5025634010836446,0.45781640279024505,2.5804621702985022
split_cell_heldout,ridge_cell_drug_fp,"Myeloid cells, Amiodarone",0.12047677999338055,0.6607579050361501,0.18733095208652792,1.8326248662143432
split_cell_heldout,ridge_cell_drug_fp,"Myeloid cells, IMD-0354",0.47911611328746145,1.420416543930963,0.6226166354749373,2.2408047863868044
split_cell_heldout,ridge_cell_drug_fp,"Myeloid cells, Alogliptin",0.16339574052948988,0.5963207581264299,0.35136495661934497,1.6367943167775099
split_cell_heldout,ridge_cell_drug_fp,"Myeloid cells, RN-486",-0.026147843427263222,0.823632004538557,-0.07754823309670927,2.0817356483976592
split_cell_heldout,ridge_cell_drug_fp,"Myeloid cells, Decitabine",0.1342838719869877,0.5565802755829792,0.26382408764798587,1.6944791892214952
split_cell_heldout,ridge_cell_drug_fp,"Myeloid cells, Cabozantinib",0.18970928768429687,0.7611054179096086,0.3471974869432533,1.841458795838096
split_cell_heldout,ridge_cell_drug_fp,"Myeloid cells, Defactinib",0.3203036031432831,1.0200285241786493,0.5137941074323165,2.0697644459580005
split_cell_heldout,ridge_cell_drug_fp,"Myeloid cells, AZD3514",0.3739371832267618,0.8060667238635079,0.6211799453648545,1.7696321297608752
split_cell_heldout,ridge_cell_drug_fp,"Myeloid cells, HMN-214",0.39336878561766864,0.7826472386479661,0.6445683092219158,1.7235561454196595
split_cell_heldout,ridge_cell_drug_fp,"Myeloid cells, CC-401",0.45062574158928753,0.8619119747592999,0.6329593930762698,1.81073453470124
split_cell_heldout,ridge_cell_drug_fp,"Myeloid cells, Resminostat",0.47559117709089993,1.8104066905500957,0.5922607263779318,2.403758459723949
split_cell_heldout,ridge_cell_drug_fp,"Myeloid cells, Nilotinib",0.3081068110823949,1.1684319617055552,0.4648502200269205,2.252857625083583
split_cell_heldout,ridge_cell_drug_fp,"Myeloid cells, OSI-930",0.18975963033241075,0.6834647694639887,0.2909235723768328,1.7224750022652207
split_cell_heldout,ridge_cell_drug_fp,"Myeloid cells, Saracatinib",0.4923296298045139,1.3107649653436189,0.6315469771435424,2.2282149991632543
split_cell_heldout,ridge_cell_drug_fp,"Myeloid cells, RG7112",0.3891532147746423,0.7242694355169179,0.5193015248924168,1.9237335639030944
split_cell_heldout,ridge_cell_drug_fp,"Myeloid cells, Lamivudine",0.14618038005377432,0.7256391205888892,0.3364430456066935,1.8244600830489792
split_cell_heldout,ridge_cell_drug_fp,"Myeloid cells, AZD-8330",0.19405783646183639,1.1888237330862925,0.34936348963036806,2.3474416635116038
split_cell_heldout,ridge_cell_drug_fp,"Myeloid cells, Ceritinib",0.19560452835092162,0.9794384444287604,0.4213350599741504,2.208910308669203
split_cell_heldout,ridge_cell_drug_fp,"Myeloid cells, CGM-097",0.47830363510058926,1.1012253710179738,0.6249902299048377,1.948777279297814
split_cell_heldout,ridge_cell_drug_fp,"Myeloid cells, SLx-2119",0.171448274227651,0.6773196423416669,0.381159349700956,1.8260937211983777
split_cell_heldout,ridge_cell_drug_fp,"Myeloid cells, Nefazodone",0.17097392404402822,0.5764464228927445,0.2433379060960636,1.6783261044023414
split_cell_heldout,ridge_cell_drug_fp,"Myeloid cells, TPCA-1",0.3578962636031172,1.3992475607994517,0.5189160119445227,2.3688455415480667
split_cell_heldout,ridge_cell_drug_fp,"Myeloid cells, MGCD-265",0.2188488467136875,0.6453776359107255,0.4340712556831263,1.6369319535843634
split_cell_heldout,ridge_cell_drug_fp,"Myeloid cells, GSK-1070916",0.297637626766453,0.7715135114594266,0.5060020349287058,1.7762519220633883
split_cell_heldout,ridge_cell_drug_fp,"Myeloid cells, Bosutinib",0.4734722454399716,1.5202020857735847,0.608623746645776,2.433498268814917
split_cell_heldout,ridge_cell_drug_fp,"Myeloid cells, Clemastine",0.290435784921145,0.6673802871096683,0.5056912397319987,1.710591321899491
split_cell_heldout,ridge_cell_drug_fp,"Myeloid cells, YK 4-279",0.2036197899640556,0.629391492813625,0.4017324393230164,1.6247751558360362
split_cell_heldout,ridge_cell_drug_fp,"Myeloid cells, Buspirone",0.21560038761733344,0.5586763448329216,0.32380350964609916,1.5870644141116907
split_cell_heldout,ridge_cell_drug_fp,"Myeloid cells, GSK256066",0.17889643998332577,1.141849962784464,0.2914577242630885,2.3452868168891956
split_cell_heldout,ridge_cell_drug_fp,"Myeloid cells, Vandetanib",0.08660260948550814,0.8343856291370096,0.22341956063743337,1.9718769875610382
split_cell_heldout,ridge_cell_drug_fp,"Myeloid cells, Imatinib",0.14690655699920055,0.5554798134424197,0.37133687249951325,1.5858171511355637
split_cell_heldout,ridge_cell_drug_fp,"Myeloid cells, SCH-58261",0.18569452961672173,0.6707170899803491,0.3531947671237144,1.7559903332344278
split_cell_heldout,ridge_cell_drug_fp,"Myeloid cells, Colforsin",0.14282917906466963,0.6995851063347024,0.25998950877647775,1.9268954883250107
split_cell_heldout,ridge_cell_drug_fp,"Myeloid cells, Tosedostat",0.3664362752233679,0.9618059897142802,0.569829926817567,2.003619758490032
split_cell_heldout,ridge_cell_drug_fp,"Myeloid cells, ABT-199 (GDC-0199)",0.1184692081420566,0.6450042570032307,0.23854485934522693,1.7227965102015848
split_cell_heldout,ridge_cell_drug_fp,"Myeloid cells, Mometasone Furoate",0.45416028575979583,1.7765480949851693,0.5777434248753535,2.537119602939927
split_cell_heldout,ridge_cell_drug_fp,"Myeloid cells, Tipifarnib",0.34606967844400655,0.8032360707445405,0.6074537039976712,1.7908859917529543
split_cell_heldout,ridge_cell_drug_fp,"Myeloid cells, Doxorubicin",0.5334873120452955,2.0206664526729505,0.6152669593576118,2.674126705273829
split_cell_heldout,ridge_cell_drug_fp,"Myeloid cells, PF-03814735",0.5171201729309599,1.6880551950665428,0.6228122076819783,2.4917566831383047
split_cell_heldout,ridge_cell_drug_fp,"Myeloid cells, AZD4547",0.17075255230484526,0.693322613499305,0.4464104207191583,1.815466097448223
split_cell_heldout,ridge_cell_drug_fp,"Myeloid cells, Prednisolone",0.3612840585936101,1.5383654861829374,0.5005680499081131,2.4508927753458307
split_cell_heldout,ridge_cell_drug_fp,"Myeloid cells, Tacalcitol",0.19745495134719232,2.195271669786185,0.2597698759943194,3.111236054933961
split_cell_heldout,ridge_cell_drug_fp,"Myeloid cells, Clotrimazole",0.1624361078893031,0.7526262747159982,0.3432675667632723,1.8720507162506024
split_cell_heldout,ridge_cell_drug_fp,"Myeloid cells, Mubritinib (TAK 165)",0.23902099627974718,1.199173781548708,0.3766997323895629,2.2876642457976426
split_cell_heldout,ridge_cell_drug_fp,"Myeloid cells, Vanoxerine",0.23451943855251464,0.6348469197063236,0.4282864435523375,1.6524178490639014
split_cell_heldout,ridge_cell_drug_fp,"Myeloid cells, SB525334",0.40527360347451635,1.1271355526766051,0.5865019903193337,2.2275036798300496
split_cell_heldout,ridge_cell_drug_fp,"Myeloid cells, HYDROXYUREA",0.17075487779263748,0.6344226401392331,0.2490611459831924,1.7594022860584964
split_scaffold_heldout,ridge_cell,"NK cells, TIE2 Kinase Inhibitor",0.21643976159997305,0.5884632869725209,0.41865478949307067,1.7104376983773022
split_scaffold_heldout,ridge_cell,"T cells, TIE2 Kinase Inhibitor",0.24205705881733136,0.5642807894886069,0.49108010153439424,1.5261870310263939
split_scaffold_heldout,ridge_cell,"B cells, MK-5108",0.25851747807819736,0.5813792648162772,0.511409208953751,1.6046227506864357
split_scaffold_heldout,ridge_cell,"Myeloid cells, MK-5108",0.20950823376404365,0.6145817117238129,0.3751262387618636,1.671190878008357
split_scaffold_heldout,ridge_cell,"NK cells, MK-5108",0.19585347589511118,0.6483644618276605,0.4025148979957337,1.7980911939764204
split_scaffold_heldout,ridge_cell,"T cells, MK-5108",0.15698572975818095,0.5705779566694947,0.2579385710153388,1.6510693963655678
split_scaffold_heldout,ridge_cell,"B cells, Tamatinib",0.6840669764259942,1.0415488829490356,0.8367185032105037,2.0786803656887827
split_scaffold_heldout,ridge_cell,"Myeloid cells, Tamatinib",0.7044151832597587,1.1943770076442135,0.8480871904316089,2.208323225906619
split_scaffold_heldout,ridge_cell,"NK cells, Tamatinib",0.44449297946443217,0.7942922258844008,0.6573910338654647,1.8277438373079553
split_scaffold_heldout,ridge_cell,"T cells, Tamatinib",0.6433242183885058,0.9604870381864118,0.8156459460771199,1.9527331457595827
split_scaffold_heldout,ridge_cell,"B cells, I-BET151",0.42234865612075057,1.2373774836827938,0.570242319497995,2.351201761627233
split_scaffold_heldout,ridge_cell,"Myeloid cells, I-BET151",0.41172575606390627,1.6807455385064758,0.5512052258322946,2.713790568214373
split_scaffold_heldout,ridge_cell,"NK cells, I-BET151",0.24987794776203404,0.9965630225954047,0.38471710019230343,2.244729063319559
split_scaffold_heldout,ridge_cell,"T cells, I-BET151",0.4545979487502485,1.861442983443574,0.5522012482969885,2.8112471828361087
split_scaffold_heldout,ridge_cell,"B cells, Raloxifene",0.18496598106051285,0.6341006750795075,0.4316770377238584,1.7071909534788927
split_scaffold_heldout,ridge_cell,"Myeloid cells, Raloxifene",0.35893555033812036,0.9045986110366867,0.5938204045191657,1.9973494899602762
split_scaffold_heldout,ridge_cell,"NK cells, Raloxifene",0.09747950715165073,0.7655846927801133,0.1648192038532844,1.9467998186154434
split_scaffold_heldout,ridge_cell,"T cells, Raloxifene",-0.030062597555518305,0.9244678507512064,0.0014663225190716881,2.074776326329971
split_scaffold_heldout,ridge_cell,"B cells, Porcn Inhibitor III",0.010831326324903535,0.6518820660182709,0.09009073922669203,1.7691338568096198
split_scaffold_heldout,ridge_cell,"Myeloid cells, Porcn Inhibitor III",-0.11303198191929606,1.2629800060794192,-0.12542892248297768,2.614008427252774
split_scaffold_heldout,ridge_cell,"NK cells, Porcn Inhibitor III",0.09392901711396878,0.7367091423549209,0.1964516255749595,1.958562116336455
split_scaffold_heldout,ridge_cell,"T cells, Porcn Inhibitor III",-0.12660696814733835,0.7378801804299364,-0.17135207998826418,1.8347385574708424
split_scaffold_heldout,ridge_cell,"B cells, Dovitinib",0.6153794497303134,0.7789824284959561,0.8221193685983756,1.8477748777881633
split_scaffold_heldout,ridge_cell,"Myeloid cells, Dovitinib",0.09766746605532224,0.967181060103063,0.23772198619822404,2.220961837010329
split_scaffold_heldout,ridge_cell,"NK cells, Dovitinib",0.3465428778056482,0.6977473103174668,0.5694828164461919,1.8201015889886862
split_scaffold_heldout,ridge_cell,"T cells, Dovitinib",0.5397070552514152,0.6788329125304594,0.7577200284282452,1.815579237601743
split_scaffold_heldout,ridge_cell,"NK cells, Sgc-cbp30",0.30022678949950277,0.655340480854936,0.5617594222837016,1.735404269940608
split_scaffold_heldout,ridge_cell,"T cells, Sgc-cbp30",0.3588275184782115,0.7244020664983204,0.5642072630343182,1.8147240892984124
split_scaffold_heldout,ridge_cell,"NK cells, BMS-536924",0.42105070196291605,0.6902251244571794,0.6678830831565045,1.742547813274778
split_scaffold_heldout,ridge_cell,"T cells, BMS-536924",0.7311571822510109,0.9561952288868503,0.8857526345050015,1.9991596201415316
split_scaffold_heldout,ridge_cell,"B cells, Quizartinib",0.13660743464211034,0.6021334356123493,0.3593554050823451,1.5988128824014425
split_scaffold_heldout,ridge_cell,"Myeloid cells, Quizartinib",0.3699353019763455,0.7292937725527142,0.6467094864992319,1.931344242593085
split_scaffold_heldout,ridge_cell,"NK cells, Quizartinib",0.15338324467852515,0.6332531501592729,0.2797304171325606,1.8037131307553849
split_scaffold_heldout,ridge_cell,"T cells, Quizartinib",0.2812313748385251,0.5439906215943874,0.5010909982594012,1.6980518951712857
split_scaffold_heldout,ridge_cell,"B cells, PD-0325901",0.5872187686212664,0.7009662380610777,0.810326631992626,1.7539019597143732
split_scaffold_heldout,ridge_cell,"Myeloid cells, PD-0325901",0.5617235176928127,1.2356835923695955,0.7404039034219779,2.2912619132783694
split_scaffold_heldout,ridge_cell,"NK cells, PD-0325901",0.3390041222454508,0.7428881656524149,0.5571242025768953,1.884191715353952
split_scaffold_heldout,ridge_cell,"T cells, PD-0325901",0.5903757976941947,0.7559958273739816,0.7739071744945635,1.8175661777496144
split_scaffold_heldout,ridge_cell,"NK cells, Decitabine",0.18668623813800223,0.6132049091628484,0.33743037036696566,1.7016493261252956
split_scaffold_heldout,ridge_cell,"T cells, Decitabine",0.2917937218460261,0.503672511434519,0.40860644275719266,1.5745573401536475
split_scaffold_heldout,ridge_cell,"B cells, Riociguat",0.18932798608703877,0.5904996141254982,0.35529891574814787,1.7179541077284752
split_scaffold_heldout,ridge_cell,"Myeloid cells, Riociguat",0.24331422111360848,0.6095823165830406,0.40617732387143163,1.6386839951884646
split_scaffold_heldout,ridge_cell,"NK cells, Riociguat",0.2569829461390242,0.6293870448850019,0.48182464924713253,1.7465469533587106
split_scaffold_heldout,ridge_cell,"T cells, Riociguat",0.30255697958367495,0.5054190783899174,0.43324384863684795,1.653978644231512
split_scaffold_heldout,ridge_cell,"NK cells, AZD3514",0.24475582515937053,0.6482324780708497,0.4105437279820027,1.771080906446248
split_scaffold_heldout,ridge_cell,"T cells, AZD3514",0.35252799182385264,0.7368840741279735,0.5229652101224889,1.8754351170573689
split_scaffold_heldout,ridge_cell,"NK cells, Resminostat",0.24184906723898544,1.3161062184026766,0.3891773031753975,2.5008294026319873
split_scaffold_heldout,ridge_cell,"T cells, Resminostat",0.4595171588869136,2.103419053786155,0.5476008241665798,2.964357104512575
split_scaffold_heldout,ridge_cell,"B cells, Azacitidine",0.20769039705880254,0.6753553215479272,0.45501512241020897,1.7497337612328574
split_scaffold_heldout,ridge_cell,"Myeloid cells, Azacitidine",0.08754411568881877,0.6665831217051891,0.30173134319102024,1.6974804986364187
split_scaffold_heldout,ridge_cell,"NK cells, Azacitidine",0.22180573014604058,0.6242690104261777,0.40108199541649253,1.7704203603350492
split_scaffold_heldout,ridge_cell,"T cells, Azacitidine",0.22620332996368012,0.6204018498882262,0.4641125759215467,1.6781744450052676
split_scaffold_heldout,ridge_cell,"B cells, AT 7867",0.5587920531273349,0.6788503721177789,0.7766048248170634,1.6583897575153927
split_scaffold_heldout,ridge_cell,"Myeloid cells, AT 7867",0.229026557129818,1.2979053067014255,0.3810116794038685,2.445640470468305
split_scaffold_heldout,ridge_cell,"NK cells, AT 7867",0.4223550824412118,0.6826513640712024,0.6867235314656589,1.772960412409639
split_scaffold_heldout,ridge_cell,"T cells, AT 7867",0.33397099424313437,0.8321621606698799,0.5990279003810941,1.9056511875236375
split_scaffold_heldout,ridge_cell,"B cells, GO-6976",0.1483750803174659,0.7213368405091808,0.3275969436790751,1.8613258506562782
split_scaffold_heldout,ridge_cell,"Myeloid cells, GO-6976",0.2892603595635618,1.1053110363397205,0.499196967524656,2.16269465462494
split_scaffold_heldout,ridge_cell,"NK cells, GO-6976",0.08902567801929337,0.7810657210379078,0.22458669581838503,1.9122525509534674
split_scaffold_heldout,ridge_cell,"T cells, GO-6976",-0.07365946147855125,0.9555948600022044,-0.09179057039616992,2.1578338377380275
split_scaffold_heldout,ridge_cell,"B cells, PRT-062607",0.7107786494903447,0.9962615658635305,0.8531152746871244,2.0052612146631565
split_scaffold_heldout,ridge_cell,"Myeloid cells, PRT-062607",0.7052232682127786,1.2752178465744763,0.832165650154398,2.2805820869559397
split_scaffold_heldout,ridge_cell,"NK cells, PRT-062607",0.44246653207317227,0.6960053769430871,0.680657848959491,1.7518157338507865
split_scaffold_heldout,ridge_cell,"T cells, PRT-062607",0.7180467481320689,0.8640255917671729,0.8600316912222188,1.8202946583317015
split_scaffold_heldout,ridge_cell,"NK cells, CGM-097",0.10326486623149442,0.8285393910330585,0.2549917078157664,2.0460612589422302
split_scaffold_heldout,ridge_cell,"T cells, CGM-097",-0.0007456956102212658,1.381664797760722,-0.017558910932269575,2.6776461539493726
split_scaffold_heldout,ridge_cell,"NK cells, SLx-2119",0.1784295379396557,0.698038986869431,0.21206619015981296,1.9559811536665233
split_scaffold_heldout,ridge_cell,"T cells, SLx-2119",0.37312862597248336,0.5786421665137703,0.6222860497492472,1.6634357710672332
split_scaffold_heldout,ridge_cell,"NK cells, Nefazodone",0.2672307764918769,0.6298863915110019,0.4710468209018765,1.7720899026887758
split_scaffold_heldout,ridge_cell,"T cells, Nefazodone",0.34392626984864344,0.48239531286963466,0.6247534880433177,1.4482028826179818
split_scaffold_heldout,ridge_cell,"NK cells, YK 4-279",0.0832656848560003,0.6847001444622088,0.18480420397184086,1.8095730892893203
split_scaffold_heldout,ridge_cell,"T cells, YK 4-279",-0.03402458278800391,0.6765763092187079,-0.1999232551929857,1.8495626056172807
split_scaffold_heldout,ridge_cell,"NK cells, Colforsin",0.14997246539070666,0.6425512235083586,0.2240242505019194,1.7955805205606044
split_scaffold_heldout,ridge_cell,"T cells, Colforsin",0.3547856543954146,0.5285602902002473,0.5339792175153926,1.4005520127996816
split_scaffold_heldout,ridge_cell,"B cells, Colchicine",0.2480811345853411,1.0489407748265656,0.42312428960128956,2.300235990435528
split_scaffold_heldout,ridge_cell,"Myeloid cells, Colchicine",0.3124321243582394,2.4014552607537603,0.38392466000855985,3.1892976254644907
split_scaffold_heldout,ridge_cell,"NK cells, Colchicine",0.35025963372089985,0.6858660415497174,0.5711431982580084,1.7685405603589155
split_scaffold_heldout,ridge_cell,"T cells, Colchicine",0.2554810792741959,0.939611492582202,0.4722538534993833,2.24486266231199
split_scaffold_heldout,ridge_cell,"B cells, BX 912",0.5854712070851392,0.6476567603978125,0.7961025753700058,1.5785462254684541
split_scaffold_heldout,ridge_cell,"Myeloid cells, BX 912",0.5185126680197857,0.7354489518363762,0.767370343892264,1.7176710679033989
split_scaffold_heldout,ridge_cell,"NK cells, BX 912",0.3803424813411691,0.6848247019814168,0.5923524491060338,1.7372890022441023
split_scaffold_heldout,ridge_cell,"T cells, BX 912",0.6709580511819319,0.6746325463844788,0.8547637448099066,1.609610267090622
split_scaffold_heldout,ridge_cell,"NK cells, AZD4547",0.25061973745991056,0.6286448915270598,0.4896980337681119,1.746596223257559
split_scaffold_heldout,ridge_cell,"T cells, AZD4547",0.31789712557863165,0.5144740223084779,0.5356556969033383,1.5197127527322842
split_scaffold_heldout,ridge_cell,"NK cells, Mubritinib (TAK 165)",0.33062014999377104,0.8062585159474529,0.575085054982058,1.9875320593341517
split_scaffold_heldout,ridge_cell,"T cells, Mubritinib (TAK 165)",0.44593520958164384,1.0658166120589743,0.6378821186090592,2.231558062333294
split_scaffold_heldout,ridge_cell,"B cells, TIE2 Kinase Inhibitor",0.18334750728594598,0.5760409174782933,0.29631569963172855,1.6093683688360818
split_scaffold_heldout,ridge_cell,"Myeloid cells, TIE2 Kinase Inhibitor",0.10669817471226804,0.6929419153453419,0.4081884891045871,1.7654454907506945
split_scaffold_heldout,ridge_cell,"B cells, Sgc-cbp30",0.3285737127115453,0.6383921238596658,0.6452094684142995,1.6278435685458221
split_scaffold_heldout,ridge_cell,"Myeloid cells, Sgc-cbp30",0.26763793007690984,0.9639286157435054,0.483173315610804,2.083102340160183
split_scaffold_heldout,ridge_cell,"B cells, BMS-536924",0.7144225551438425,0.9203752321857781,0.8685824334991247,1.9318082382249078
split_scaffold_heldout,ridge_cell,"Myeloid cells, BMS-536924",0.6141419404356289,0.9381719219621916,0.8112935229126772,1.9229804559246602
split_scaffold_heldout,ridge_cell,"B cells, Decitabine",0.1652893130578162,0.5898267853650262,0.25864744676145773,1.7213398348585884
split_scaffold_heldout,ridge_cell,"Myeloid cells, Decitabine",0.2635678873325161,0.5490360716135011,0.33316399926309315,1.6461512484853207
split_scaffold_heldout,ridge_cell,"B cells, AZD3514",0.30202863581013195,0.7018545807044257,0.4638798719406502,1.8128374467292125
split_scaffold_heldout,ridge_cell,"Myeloid cells, AZD3514",0.39430973001051334,0.7834011819189485,0.6541362109694746,1.8419276384156549
split_scaffold_heldout,ridge_cell,"B cells, Resminostat",0.41423314358836777,1.6215398033887694,0.5437987728116986,2.6461622801244324
split_scaffold_heldout,ridge_cell,"Myeloid cells, Resminostat",0.4638719186188021,1.855352585613524,0.5818031614318614,2.7617251610333766
split_scaffold_heldout,ridge_cell,"B cells, CGM-097",-0.14428650677041818,1.150257728731737,-0.24107065703331904,2.482010888182507
split_scaffold_heldout,ridge_cell,"Myeloid cells, CGM-097",-0.01612030702795393,1.2887290048175393,0.02064414085657815,2.513983769236301
split_scaffold_heldout,ridge_cell,"B cells, SLx-2119",0.43331913924163373,0.6015365044829553,0.6984890337038281,1.5553848228100475
split_scaffold_heldout,ridge_cell,"Myeloid cells, SLx-2119",0.16611479125421058,0.6575190231377187,0.19920974705035768,1.9750108188989517
split_scaffold_heldout,ridge_cell,"B cells, Nefazodone",0.28204347803348706,0.583565215590393,0.5138625427590482,1.6644112124574675
split_scaffold_heldout,ridge_cell,"Myeloid cells, Nefazodone",0.36290268495060907,0.5270484398661148,0.5941757522709129,1.4866279646520888
split_scaffold_heldout,ridge_cell,"B cells, YK 4-279",0.14978602159092344,0.6281322064664704,0.309782571308948,1.7515790363462378
split_scaffold_heldout,ridge_cell,"Myeloid cells, YK 4-279",0.24408968430656885,0.6202372631300695,0.41534286715598545,1.6160076467377449
split_scaffold_heldout,ridge_cell,"B cells, Colforsin",0.28681872966137756,0.571319065969135,0.4216832109290025,1.5991555024329376
split_scaffold_heldout,ridge_cell,"Myeloid cells, Colforsin",0.23283240097562274,0.6763797687784814,0.48476555006505506,1.8041941619935815
split_scaffold_heldout,ridge_cell,"B cells, AZD4547",0.24931378925722508,0.5855797880145983,0.5069674290705071,1.6394025358895137
split_scaffold_heldout,ridge_cell,"Myeloid cells, AZD4547",0.29648609560635586,0.6596155317961903,0.5597803677984315,1.7249252446577525
split_scaffold_heldout,ridge_cell,"B cells, Mubritinib (TAK 165)",0.4698646896286031,0.7661553109563836,0.7042722666251998,1.8311826050076718
split_scaffold_heldout,ridge_cell,"Myeloid cells, Mubritinib (TAK 165)",0.23577590718024363,1.1300677587495347,0.3749749589681461,2.321284378586648
split_scaffold_heldout,ridge_drug_fp,"NK cells, TIE2 Kinase Inhibitor",0.054456392853282715,0.6637900045020116,0.09985069771482045,1.7932719653465168
split_scaffold_heldout,ridge_drug_fp,"T cells, TIE2 Kinase Inhibitor",0.1629643722840603,0.5890180789634754,0.34289872049228554,1.619498139479905
split_scaffold_heldout,ridge_drug_fp,"B cells, MK-5108",0.0036048995016178618,0.6721848271109975,0.08818391223251995,1.7569983905477973
split_scaffold_heldout,ridge_drug_fp,"Myeloid cells, MK-5108",-0.0047485725404737235,0.6784238494658973,0.0013011131811794324,1.8214808355780794
split_scaffold_heldout,ridge_drug_fp,"NK cells, MK-5108",0.041665142012691975,0.7312620739498111,0.1156294609379549,1.8784040301289233
split_scaffold_heldout,ridge_drug_fp,"T cells, MK-5108",0.07733869354803116,0.607640176530491,0.16517649494038159,1.6907844623946713
split_scaffold_heldout,ridge_drug_fp,"B cells, Tamatinib",0.4064791121030652,1.1361234260199473,0.614566435300521,2.2355364997584366
split_scaffold_heldout,ridge_drug_fp,"Myeloid cells, Tamatinib",0.3550966556965868,1.3361148414521433,0.5411759648697423,2.441568057720865
split_scaffold_heldout,ridge_drug_fp,"NK cells, Tamatinib",0.1974416099843289,0.8714529889931528,0.3465170677955073,1.9021811718726342
split_scaffold_heldout,ridge_drug_fp,"T cells, Tamatinib",0.4355481082385469,1.0321423319444587,0.6693468657127092,2.054323155555372
split_scaffold_heldout,ridge_drug_fp,"B cells, I-BET151",0.3217302365968072,1.2691821717220586,0.4631946399593544,2.354739987445675
split_scaffold_heldout,ridge_drug_fp,"Myeloid cells, I-BET151",0.3556995840039459,1.6855729255094443,0.48177943375145965,2.692212471516749
split_scaffold_heldout,ridge_drug_fp,"NK cells, I-BET151",0.1596707999974068,1.0673665416300568,0.2795931116312402,2.2391579181629946
split_scaffold_heldout,ridge_drug_fp,"T cells, I-BET151",0.34167825642348165,1.8772023784816414,0.4385715823961546,2.8097019125639635
split_scaffold_heldout,ridge_drug_fp,"B cells, Raloxifene",0.06786266121575894,0.7681403990088532,0.23218740920869094,1.7818031381018191
split_scaffold_heldout,ridge_drug_fp,"Myeloid cells, Raloxifene",0.05554461191054028,1.0700830549010032,0.1914145552476437,2.217302784755712
split_scaffold_heldout,ridge_drug_fp,"NK cells, Raloxifene",-0.13931689880050405,0.9705023656630013,-0.2375015959736164,2.161808879359199
split_scaffold_heldout,ridge_drug_fp,"T cells, Raloxifene",-0.2545495817662179,1.1036248590698694,-0.4322820456532237,2.3436467674205113
split_scaffold_heldout,ridge_drug_fp,"B cells, Porcn Inhibitor III",-0.0023361491731942866,0.737020067384382,0.10645260275712139,1.7814283323210514
split_scaffold_heldout,ridge_drug_fp,"Myeloid cells, Porcn Inhibitor III",-0.11666324825863937,1.3066399954662968,-0.16983009202789132,2.6383471611645146
split_scaffold_heldout,ridge_drug_fp,"NK cells, Porcn Inhibitor III",-0.041897677200665305,0.8781904902053883,-0.022778233561553854,2.055660379057874
split_scaffold_heldout,ridge_drug_fp,"T cells, Porcn Inhibitor III",-0.15653874994790618,0.8351412341411373,-0.24076451596550832,1.9240130663899806
split_scaffold_heldout,ridge_drug_fp,"B cells, Dovitinib",0.3506038055872985,0.8758697614338816,0.606372698725074,2.0777482499445417
split_scaffold_heldout,ridge_drug_fp,"Myeloid cells, Dovitinib",0.03885088807066151,0.9661237389882718,0.14890646878918096,2.258735798817774
split_scaffold_heldout,ridge_drug_fp,"NK cells, Dovitinib",0.1674566621365561,0.7507568846866964,0.36427611781378333,1.8837135985728575
split_scaffold_heldout,ridge_drug_fp,"T cells, Dovitinib",0.3273149572575975,0.7535122991983613,0.621199828879611,1.997012078744787
split_scaffold_heldout,ridge_drug_fp,"NK cells, Sgc-cbp30",0.19806337470683624,0.8753191469309541,0.36586699384966687,1.7328946139403338
split_scaffold_heldout,ridge_drug_fp,"T cells, Sgc-cbp30",0.15189459494078122,0.9601979045367834,0.23868020736088733,2.0248458783296606
split_scaffold_heldout,ridge_drug_fp,"NK cells, BMS-536924",0.1630976273625401,0.8091613499685564,0.3604435591133245,1.8166303593093198
split_scaffold_heldout,ridge_drug_fp,"T cells, BMS-536924",0.4602814027681066,1.0408899160716607,0.6810712417982894,2.095365056489838
split_scaffold_heldout,ridge_drug_fp,"B cells, Quizartinib",0.014267375368247954,0.9501566363202419,0.19105422071169628,1.8028877139009372
split_scaffold_heldout,ridge_drug_fp,"Myeloid cells, Quizartinib",0.12263005365090661,1.0317151138529879,0.2132502559747028,2.22279244312214
split_scaffold_heldout,ridge_drug_fp,"NK cells, Quizartinib",-0.011170084211940877,1.0073135901364936,-0.030862810907484748,2.009162439046256
split_scaffold_heldout,ridge_drug_fp,"T cells, Quizartinib",0.19062928710401114,0.8592571520316946,0.3977510293407474,1.7103474643205547
split_scaffold_heldout,ridge_drug_fp,"B cells, PD-0325901",0.3260319674043435,0.8007586105038066,0.5941015719898056,1.9263043238002289
split_scaffold_heldout,ridge_drug_fp,"Myeloid cells, PD-0325901",0.5124719403001325,1.2524988195757476,0.6762115405854117,2.320017456337269
split_scaffold_heldout,ridge_drug_fp,"NK cells, PD-0325901",0.189717265752322,0.80533455774787,0.375307845203333,1.9180496798442437
split_scaffold_heldout,ridge_drug_fp,"T cells, PD-0325901",0.3462068883200684,0.8476488256667077,0.6051520316502259,1.9326773433874054
split_scaffold_heldout,ridge_drug_fp,"NK cells, Decitabine",0.09914268894132354,0.7602689259452933,0.17798520249570293,1.7418488544723416
split_scaffold_heldout,ridge_drug_fp,"T cells, Decitabine",0.09180212631651666,0.6749378454576695,0.06691644261966691,1.7452424946876093
split_scaffold_heldout,ridge_drug_fp,"B cells, Riociguat",0.09421538264341496,0.5946761971318897,0.20009698733351872,1.7895861031347673
split_scaffold_heldout,ridge_drug_fp,"Myeloid cells, Riociguat",0.035988673973748976,0.6323534374626384,0.07171828603957917,1.7693490584979896
split_scaffold_heldout,ridge_drug_fp,"NK cells, Riociguat",0.11423791705675417,0.6723661396208239,0.22131242771469764,1.8270044490298327
split_scaffold_heldout,ridge_drug_fp,"T cells, Riociguat",0.057816979900313654,0.5486078346274074,0.17062225956253727,1.7872725725935439
split_scaffold_heldout,ridge_drug_fp,"NK cells, AZD3514",0.1330845703939078,0.7549918949340002,0.26178271860535646,1.8016027682922104
split_scaffold_heldout,ridge_drug_fp,"T cells, AZD3514",0.21630704395495196,0.8181301332916967,0.3657330836619741,1.953419826658221
split_scaffold_heldout,ridge_drug_fp,"NK cells, Resminostat",0.31457414965633396,1.2846291054024315,0.49798038751635293,2.370146267181151
split_scaffold_heldout,ridge_drug_fp,"T cells, Resminostat",0.407637188147575,2.0869112019450973,0.5089426505216211,2.928184180234439
split_scaffold_heldout,ridge_drug_fp,"B cells, Azacitidine",0.13667194234343,0.9609897646764364,0.2830612232670552,1.8488279989155652
split_scaffold_heldout,ridge_drug_fp,"Myeloid cells, Azacitidine",-0.026182870326228857,1.0015222307432963,0.08700755461907354,1.8555647416101608
split_scaffold_heldout,ridge_drug_fp,"NK cells, Azacitidine",0.07918452773016191,0.9762200469131813,0.08738942304377281,1.9209806198226211
split_scaffold_heldout,ridge_drug_fp,"T cells, Azacitidine",0.1769039425207021,0.9090754411835502,0.3987460648990593,1.645231647044722
split_scaffold_heldout,ridge_drug_fp,"B cells, AT 7867",0.13145154862317454,0.80470172597492,0.25732971891549467,2.008393585056282
split_scaffold_heldout,ridge_drug_fp,"Myeloid cells, AT 7867",0.1596326593988634,1.3152005036678125,0.2504511182467995,2.5204483125574404
split_scaffold_heldout,ridge_drug_fp,"NK cells, AT 7867",0.1254115797844019,0.7484303206763708,0.32900958517122225,1.9094704643558797
split_scaffold_heldout,ridge_drug_fp,"T cells, AT 7867",0.16032328793522305,0.8738496718049696,0.32126811556598084,2.0630323972720532
split_scaffold_heldout,ridge_drug_fp,"B cells, GO-6976",0.03470461989305186,0.7621091991945209,0.1337240275369286,1.9323364771630183
split_scaffold_heldout,ridge_drug_fp,"Myeloid cells, GO-6976",0.09937876893708851,1.1702768412187936,0.21615370200125048,2.300424181422504
split_scaffold_heldout,ridge_drug_fp,"NK cells, GO-6976",-0.12392273255977793,0.8788975189932082,-0.21232046476905997,2.065746168649349
split_scaffold_heldout,ridge_drug_fp,"T cells, GO-6976",-0.18001619849635164,0.9929559901564037,-0.2777863680750951,2.2076948869626656
split_scaffold_heldout,ridge_drug_fp,"B cells, PRT-062607",0.4993052009095496,1.043465511617265,0.7195037583131487,2.0172065956335783
split_scaffold_heldout,ridge_drug_fp,"Myeloid cells, PRT-062607",0.5177975843310306,1.3159382921661607,0.6963129878389827,2.3003237048405563
split_scaffold_heldout,ridge_drug_fp,"NK cells, PRT-062607",0.3095490935589358,0.7741325938059053,0.5426907606328919,1.6981748344015632
split_scaffold_heldout,ridge_drug_fp,"T cells, PRT-062607",0.5774839343337596,0.8791095081937865,0.7940138572898382,1.7429625729255365
split_scaffold_heldout,ridge_drug_fp,"NK cells, CGM-097",-0.014703597299681615,1.0185808041876827,0.01954300522420507,2.161776164930163
split_scaffold_heldout,ridge_drug_fp,"T cells, CGM-097",-0.051287825273034236,1.4933035787088873,-0.0695565317609789,2.763005017041747
split_scaffold_heldout,ridge_drug_fp,"NK cells, SLx-2119",0.08167593536664627,0.807982185116453,0.0841544457360137,2.005551677812851
split_scaffold_heldout,ridge_drug_fp,"T cells, SLx-2119",0.21839447124990638,0.6816205111166052,0.4120881055018002,1.7374837000741334
split_scaffold_heldout,ridge_drug_fp,"NK cells, Nefazodone",0.04486797351717753,0.6856819271620339,0.1817597448214402,1.854088781906821
split_scaffold_heldout,ridge_drug_fp,"T cells, Nefazodone",0.14097382304175085,0.5108733006239408,0.4668162655834413,1.544949408352944
split_scaffold_heldout,ridge_drug_fp,"NK cells, YK 4-279",-0.0043931535319142595,0.739677310242525,0.050044457704518285,1.8505272020738621
split_scaffold_heldout,ridge_drug_fp,"T cells, YK 4-279",-0.00038886781129406203,0.6614371464708172,0.008800779822008779,1.7165352877692395
split_scaffold_heldout,ridge_drug_fp,"NK cells, Colforsin",-0.027208267470920682,0.7682065459179988,-0.10972368648611656,1.9083227694555447
split_scaffold_heldout,ridge_drug_fp,"T cells, Colforsin",0.08591978193810534,0.6553268341889817,0.07811064270709786,1.6506679411322134
split_scaffold_heldout,ridge_drug_fp,"B cells, Colchicine",0.2426781439342776,1.049237008283446,0.42209309321257826,2.3315964531570783
split_scaffold_heldout,ridge_drug_fp,"Myeloid cells, Colchicine",0.24344903712996563,2.438381950576079,0.31059958278667227,3.2445745588427144
split_scaffold_heldout,ridge_drug_fp,"NK cells, Colchicine",0.20017917112636385,0.7257068414410592,0.3976528253571899,1.8209546768744245
split_scaffold_heldout,ridge_drug_fp,"T cells, Colchicine",0.22658973621799755,0.9442995187574136,0.44223603294454417,2.2842563188854728
split_scaffold_heldout,ridge_drug_fp,"B cells, BX 912",0.36906077839623425,0.742747712121442,0.6274873104842479,1.691983012389829
split_scaffold_heldout,ridge_drug_fp,"Myeloid cells, BX 912",0.27528533377360986,0.8482554079843049,0.5145111765292031,1.8952329509133408
split_scaffold_heldout,ridge_drug_fp,"NK cells, BX 912",0.24176778671500532,0.7633962003947343,0.3771932756133738,1.767133016624731
split_scaffold_heldout,ridge_drug_fp,"T cells, BX 912",0.5380473626490766,0.7150996577641112,0.7919477797857595,1.6077999456300032
split_scaffold_heldout,ridge_drug_fp,"NK cells, AZD4547",0.12917634374913328,0.7062058901572086,0.2970655938412695,1.7756530318527897
split_scaffold_heldout,ridge_drug_fp,"T cells, AZD4547",0.33178544695581,0.5282434554545808,0.5650691464708244,1.4791521320146193
split_scaffold_heldout,ridge_drug_fp,"NK cells, Mubritinib (TAK 165)",0.3338240835632263,0.8151425298681456,0.6104517066759385,1.841028014234697
split_scaffold_heldout,ridge_drug_fp,"T cells, Mubritinib (TAK 165)",0.4859115908959852,1.0323304378213332,0.7231472542954073,2.110388952083021
split_scaffold_heldout,ridge_drug_fp,"B cells, TIE2 Kinase Inhibitor",0.04834241799519269,0.616508229844575,-0.0698958268349115,1.7231233148740353
split_scaffold_heldout,ridge_drug_fp,"Myeloid cells, TIE2 Kinase Inhibitor",0.1430474957286015,0.6670260475435494,0.3145881178627624,1.8224599996163595
split_scaffold_heldout,ridge_drug_fp,"B cells, Sgc-cbp30",0.11219629940132217,0.907302924077621,0.2078609775039775,1.8224209089994663
split_scaffold_heldout,ridge_drug_fp,"Myeloid cells, Sgc-cbp30",0.2458859760194202,1.0670548063843674,0.4126921984581486,2.0885858823255674
split_scaffold_heldout,ridge_drug_fp,"B cells, BMS-536924",0.34724306324555027,1.0536285097791838,0.5514286033106016,2.1340437764285594
split_scaffold_heldout,ridge_drug_fp,"Myeloid cells, BMS-536924",0.23320336594668062,1.1018277388077842,0.4019495424149362,2.189597507806749
split_scaffold_heldout,ridge_drug_fp,"B cells, Decitabine",0.07826245487162253,0.7205854094932843,0.07749615164095304,1.8085179641074463
split_scaffold_heldout,ridge_drug_fp,"Myeloid cells, Decitabine",0.20765286363451632,0.6478823214620706,0.4064911025741472,1.6039060482142613
split_scaffold_heldout,ridge_drug_fp,"B cells, AZD3514",0.21601309894609858,0.7710493711949405,0.41956085620098305,1.8203412258712826
split_scaffold_heldout,ridge_drug_fp,"Myeloid cells, AZD3514",0.20239776799196932,0.8798888317981355,0.39198860694393983,1.977791559156587
split_scaffold_heldout,ridge_drug_fp,"B cells, Resminostat",0.37673802419767566,1.613488510574704,0.5422469962309993,2.6021788663219145
split_scaffold_heldout,ridge_drug_fp,"Myeloid cells, Resminostat",0.36200210673052785,1.878233373224773,0.48748084180416623,2.77742286581975
split_scaffold_heldout,ridge_drug_fp,"B cells, CGM-097",-0.14603545898643494,1.283995089764925,-0.2333640250006165,2.588874389509521
split_scaffold_heldout,ridge_drug_fp,"Myeloid cells, CGM-097",-0.07229910454881877,1.4018806416107936,-0.06841624727459729,2.595783739126096
split_scaffold_heldout,ridge_drug_fp,"B cells, SLx-2119",0.2976685293772239,0.687429043469055,0.5809647242346926,1.5947402471415557
split_scaffold_heldout,ridge_drug_fp,"Myeloid cells, SLx-2119",0.14347160143440396,0.7100045047484298,0.14344037641807456,2.0148253774290827
split_scaffold_heldout,ridge_drug_fp,"B cells, Nefazodone",0.07710226674026609,0.6167426409842973,0.24221126904295062,1.818550711666491
split_scaffold_heldout,ridge_drug_fp,"Myeloid cells, Nefazodone",0.14198490638167025,0.5562518837828472,0.42230736553992954,1.6516484206381996
split_scaffold_heldout,ridge_drug_fp,"B cells, YK 4-279",0.05139474168944683,0.6532876644055134,0.10193607013644743,1.829798147023263
split_scaffold_heldout,ridge_drug_fp,"Myeloid cells, YK 4-279",0.05194526518625254,0.6619433099244587,0.04514565790718342,1.762220501328516
split_scaffold_heldout,ridge_drug_fp,"B cells, Colforsin",0.12943592180973487,0.660020784890813,0.17942939468802374,1.6946009263637338
split_scaffold_heldout,ridge_drug_fp,"Myeloid cells, Colforsin",-0.03489420857903336,0.7902179514828271,-0.04671754910582759,2.051341605981441
split_scaffold_heldout,ridge_drug_fp,"B cells, AZD4547",0.1797392994335594,0.6297037162580456,0.4071827401466056,1.6816085885948844
split_scaffold_heldout,ridge_drug_fp,"Myeloid cells, AZD4547",0.25905918835154745,0.676607375556458,0.5061322957320867,1.7737058555585723
split_scaffold_heldout,ridge_drug_fp,"B cells, Mubritinib (TAK 165)",0.4101076115510592,0.7901311699297723,0.6915098303108282,1.7967965993344013
split_scaffold_heldout,ridge_drug_fp,"Myeloid cells, Mubritinib (TAK 165)",0.2548051912666679,1.128630096060491,0.42365562687842195,2.281677387037047
split_scaffold_heldout,ridge_cell_drug_fp,"NK cells, TIE2 Kinase Inhibitor",0.11458135979962578,0.6502067317617704,0.24490631098442908,1.7434470131860993
split_scaffold_heldout,ridge_cell_drug_fp,"T cells, TIE2 Kinase Inhibitor",0.222528443874536,0.5949449574309811,0.43740901182357206,1.555390584011967
split_scaffold_heldout,ridge_cell_drug_fp,"B cells, MK-5108",0.07624807817594767,0.669915352793348,0.2426835206053977,1.6986580452101492
split_scaffold_heldout,ridge_cell_drug_fp,"Myeloid cells, MK-5108",0.0752419587868071,0.7093655347178196,0.16862029748890991,1.7747574069776213
split_scaffold_heldout,ridge_cell_drug_fp,"NK cells, MK-5108",0.11205226824430747,0.7169752232029644,0.2618022432620352,1.8261924165123016
split_scaffold_heldout,ridge_cell_drug_fp,"T cells, MK-5108",0.12865444022860262,0.6037764316758797,0.2461186162783066,1.6543953055937402
split_scaffold_heldout,ridge_cell_drug_fp,"B cells, Tamatinib",0.538168753958879,1.0684564859441414,0.737126319989967,2.0825871384827077
split_scaffold_heldout,ridge_cell_drug_fp,"Myeloid cells, Tamatinib",0.5590658736307766,1.223321113512174,0.7456878025555052,2.2137268380672
split_scaffold_heldout,ridge_cell_drug_fp,"NK cells, Tamatinib",0.2442933649706612,0.8493435386041337,0.4304322688365016,1.8688664564639197
split_scaffold_heldout,ridge_cell_drug_fp,"T cells, Tamatinib",0.5047355882942526,0.9927832622240196,0.7259673337185872,1.9526236885537922
split_scaffold_heldout,ridge_cell_drug_fp,"B cells, I-BET151",0.3688227475502986,1.2460485940617378,0.5271360123672939,2.2859385198330178
split_scaffold_heldout,ridge_cell_drug_fp,"Myeloid cells, I-BET151",0.4174253017533652,1.6426366386920856,0.5579276051963759,2.607121802769485
split_scaffold_heldout,ridge_cell_drug_fp,"NK cells, I-BET151",0.1910120978407858,1.0388987245039394,0.32548332111339484,2.2160112866690933
split_scaffold_heldout,ridge_cell_drug_fp,"T cells, I-BET151",0.40117433940688757,1.8361849380215436,0.5008616909047799,2.7408451775526936
split_scaffold_heldout,ridge_cell_drug_fp,"B cells, Raloxifene",0.1121100053744532,0.7836871948745717,0.3167309068759154,1.7364983333122934
split_scaffold_heldout,ridge_cell_drug_fp,"Myeloid cells, Raloxifene",0.23146863304576076,1.0132849306093283,0.4803632444477854,2.0208724643919105
split_scaffold_heldout,ridge_cell_drug_fp,"NK cells, Raloxifene",-0.08401224887779928,0.9221141061205201,-0.13723944453502962,2.1040570285606153
split_scaffold_heldout,ridge_cell_drug_fp,"T cells, Raloxifene",-0.1821333009362939,1.1068716050276768,-0.3026173391674766,2.301516215222541
split_scaffold_heldout,ridge_cell_drug_fp,"B cells, Porcn Inhibitor III",0.020098534717681266,0.7661714600109958,0.1265221576697224,1.7790814851686583
split_scaffold_heldout,ridge_cell_drug_fp,"Myeloid cells, Porcn Inhibitor III",-0.10922852567262104,1.3375766015044757,-0.13965151688659114,2.676746959015386
split_scaffold_heldout,ridge_cell_drug_fp,"NK cells, Porcn Inhibitor III",0.04546947129170082,0.8200510774591829,0.15880291551921075,1.9683717201972974
split_scaffold_heldout,ridge_cell_drug_fp,"T cells, Porcn Inhibitor III",-0.10061781344401093,0.8648866448875069,-0.126509186996266,1.8952015775008575
split_scaffold_heldout,ridge_cell_drug_fp,"B cells, Dovitinib",0.4822613369097399,0.8232076133889696,0.7386285749900902,1.9097777400707037
split_scaffold_heldout,ridge_cell_drug_fp,"Myeloid cells, Dovitinib",0.10153479796609063,0.9669145759040834,0.23660822661430722,2.2207173572943697
split_scaffold_heldout,ridge_cell_drug_fp,"NK cells, Dovitinib",0.1970238037451742,0.7433999046566115,0.43764435242579997,1.8512881286862763
split_scaffold_heldout,ridge_cell_drug_fp,"T cells, Dovitinib",0.43651892035372813,0.7172260027392582,0.7132530979345895,1.8557286219831248
split_scaffold_heldout,ridge_cell_drug_fp,"NK cells, Sgc-cbp30",0.22177601667436111,0.8291996371359217,0.4112731018289975,1.6972173571740403
split_scaffold_heldout,ridge_cell_drug_fp,"T cells, Sgc-cbp30",0.20278326644500638,0.9580490119766123,0.33964087298031176,1.9381491859721478
split_scaffold_heldout,ridge_cell_drug_fp,"NK cells, BMS-536924",0.1960081638311877,0.7869861294002445,0.4414873085710496,1.7777727973619417
split_scaffold_heldout,ridge_cell_drug_fp,"T cells, BMS-536924",0.5574905187725722,0.9789305299960525,0.7680112153822682,1.9287477801245596
split_scaffold_heldout,ridge_cell_drug_fp,"B cells, Quizartinib",0.04331647468999034,0.9749183175451211,0.22909882877122106,1.7956728577382015
split_scaffold_heldout,ridge_cell_drug_fp,"Myeloid cells, Quizartinib",0.21865355173111356,1.0216888526606251,0.4226604899105829,2.0103164073445066
split_scaffold_heldout,ridge_cell_drug_fp,"NK cells, Quizartinib",0.012827113952483182,0.9507425796401894,0.01817310042416598,1.9635654439745929
split_scaffold_heldout,ridge_cell_drug_fp,"T cells, Quizartinib",0.22366727545742948,0.8871583241439734,0.4485457623546362,1.6694018103578747
split_scaffold_heldout,ridge_cell_drug_fp,"B cells, PD-0325901",0.46484316905184647,0.7441876377907449,0.7313394532746716,1.7525547080424688
split_scaffold_heldout,ridge_cell_drug_fp,"Myeloid cells, PD-0325901",0.6442216311149876,1.1520516371817493,0.7920197067807291,2.115903857833306
split_scaffold_heldout,ridge_cell_drug_fp,"NK cells, PD-0325901",0.2149928991441198,0.7918185744499091,0.4212579645769834,1.8963057023764935
split_scaffold_heldout,ridge_cell_drug_fp,"T cells, PD-0325901",0.4574827413246008,0.801201349849744,0.685598579766506,1.8288111479449114
split_scaffold_heldout,ridge_cell_drug_fp,"NK cells, Decitabine",0.15248361612224273,0.7194104648523107,0.29281720287088137,1.6846058464066458
split_scaffold_heldout,ridge_cell_drug_fp,"T cells, Decitabine",0.15270840593207138,0.6889061856360791,0.18342020433595513,1.6872799085560442
split_scaffold_heldout,ridge_cell_drug_fp,"B cells, Riociguat",0.17506521711407488,0.5962507523575235,0.33000135513057705,1.733574008669124
split_scaffold_heldout,ridge_cell_drug_fp,"Myeloid cells, Riociguat",0.1010707432498685,0.6578813151421796,0.19614095790143324,1.7356496791398661
split_scaffold_heldout,ridge_cell_drug_fp,"NK cells, Riociguat",0.19792913932931408,0.6557474089949912,0.3777178026010973,1.7681565925112757
split_scaffold_heldout,ridge_cell_drug_fp,"T cells, Riociguat",0.20154280087906196,0.5339666547320577,0.37108246550985724,1.7049820040185082
split_scaffold_heldout,ridge_cell_drug_fp,"NK cells, AZD3514",0.16434866667469744,0.7483985576057297,0.31022563132783937,1.7747429576077078
split_scaffold_heldout,ridge_cell_drug_fp,"T cells, AZD3514",0.2765324707055384,0.8001061201756637,0.4285237353773263,1.9041261979198705
split_scaffold_heldout,ridge_cell_drug_fp,"NK cells, Resminostat",0.3031591941283223,1.2890147903120877,0.48579998208790515,2.392193066712964
split_scaffold_heldout,ridge_cell_drug_fp,"T cells, Resminostat",0.4699085896696661,2.0405464464735714,0.5719568957174942,2.857958771994075
split_scaffold_heldout,ridge_cell_drug_fp,"B cells, Azacitidine",0.16580168403913104,0.9674504405391101,0.3446541512933472,1.8036998464855332
split_scaffold_heldout,ridge_cell_drug_fp,"Myeloid cells, Azacitidine",-0.022141737227603493,1.0377895587195383,0.11883835559056607,1.8595251195997842
split_scaffold_heldout,ridge_cell_drug_fp,"NK cells, Azacitidine",0.09666663639056351,0.9454568772546875,0.14731335302614015,1.8697815126211832
split_scaffold_heldout,ridge_cell_drug_fp,"T cells, Azacitidine",0.19891055404556354,0.9289057021330307,0.42748958686669725,1.6241576152037924
split_scaffold_heldout,ridge_cell_drug_fp,"B cells, AT 7867",0.34945847280877906,0.7533884059544458,0.6381333880038126,1.8318434537730304
split_scaffold_heldout,ridge_cell_drug_fp,"Myeloid cells, AT 7867",0.2485147029500599,1.2910123743018431,0.3770277165215335,2.4585916009311233
split_scaffold_heldout,ridge_cell_drug_fp,"NK cells, AT 7867",0.13604926505298176,0.7587113045664576,0.35711833012202604,1.8844629177166627
split_scaffold_heldout,ridge_cell_drug_fp,"T cells, AT 7867",0.2574113310607828,0.8548712067957525,0.5358273195847706,1.9692526296349309
split_scaffold_heldout,ridge_cell_drug_fp,"B cells, GO-6976",0.09297273918400359,0.7684642258232165,0.25177925023847103,1.886260099588161
split_scaffold_heldout,ridge_cell_drug_fp,"Myeloid cells, GO-6976",0.2594180207525633,1.1223989844028899,0.4617834627043526,2.1614227793415033
split_scaffold_heldout,ridge_cell_drug_fp,"NK cells, GO-6976",-0.01893424541753277,0.8404445613524374,-0.011598334182724173,1.9859826713283373
split_scaffold_heldout,ridge_cell_drug_fp,"T cells, GO-6976",-0.12010439992478483,1.005237822875465,-0.14502252038372915,2.192447888684055
split_scaffold_heldout,ridge_cell_drug_fp,"B cells, PRT-062607",0.6142528431783232,0.9662978650099979,0.8045754549099441,1.8539880931289892
split_scaffold_heldout,ridge_cell_drug_fp,"Myeloid cells, PRT-062607",0.6351545140124489,1.2146525788779081,0.7945277828558904,2.100827987973646
split_scaffold_heldout,ridge_cell_drug_fp,"NK cells, PRT-062607",0.365656174989085,0.7299368947843863,0.6120142623692556,1.659253816636299
split_scaffold_heldout,ridge_cell_drug_fp,"T cells, PRT-062607",0.6533187716089854,0.8221472903554766,0.838446748705192,1.611716944766702
split_scaffold_heldout,ridge_cell_drug_fp,"NK cells, CGM-097",0.02109637746393617,0.9769021260438688,0.09002130274492938,2.1120205472464693
split_scaffold_heldout,ridge_cell_drug_fp,"T cells, CGM-097",-0.01705122951716329,1.4946912854085959,-0.024012748463823924,2.7547327691223087
split_scaffold_heldout,ridge_cell_drug_fp,"NK cells, SLx-2119",0.10079078209716283,0.7818741122309072,0.1379404966970421,1.976931783298197
split_scaffold_heldout,ridge_cell_drug_fp,"T cells, SLx-2119",0.2766824982339553,0.683978472681826,0.4946070993136909,1.6703274115728484
split_scaffold_heldout,ridge_cell_drug_fp,"NK cells, Nefazodone",0.10168972444192156,0.6848015541436767,0.2865481695844305,1.8180266359309687
split_scaffold_heldout,ridge_cell_drug_fp,"T cells, Nefazodone",0.20713226805774332,0.5126996189216575,0.5100758114356047,1.5064474580731724
split_scaffold_heldout,ridge_cell_drug_fp,"NK cells, YK 4-279",0.1007047812622802,0.7138951074312665,0.2536115626804998,1.7864426346924753
split_scaffold_heldout,ridge_cell_drug_fp,"T cells, YK 4-279",0.04497408878713855,0.6763902838472111,-0.0064560782411296055,1.7538450801963956
split_scaffold_heldout,ridge_cell_drug_fp,"NK cells, Colforsin",-0.0009978351159457984,0.7508967566748413,-0.01995919631762039,1.8743458726385274
split_scaffold_heldout,ridge_cell_drug_fp,"T cells, Colforsin",0.17985263520098488,0.6499060127134506,0.3474699382786816,1.517624782356941
split_scaffold_heldout,ridge_cell_drug_fp,"B cells, Colchicine",0.28895609319376686,1.035284309040089,0.4839755237034709,2.2750968801498894
split_scaffold_heldout,ridge_cell_drug_fp,"Myeloid cells, Colchicine",0.34116606415595757,2.3878157386051293,0.42006527458498183,3.1709961796316817
split_scaffold_heldout,ridge_cell_drug_fp,"NK cells, Colchicine",0.22343649868459628,0.7261318662437148,0.4605883533904351,1.7907643116417296
split_scaffold_heldout,ridge_cell_drug_fp,"T cells, Colchicine",0.2808334315623692,0.930129586993394,0.5051988940263551,2.2368689320968413
split_scaffold_heldout,ridge_cell_drug_fp,"B cells, BX 912",0.4675301088112363,0.7034086443324019,0.7220263496212553,1.5351457439297735
split_scaffold_heldout,ridge_cell_drug_fp,"Myeloid cells, BX 912",0.4206968319634462,0.7956946357293488,0.7038969744234306,1.6743121401908558
split_scaffold_heldout,ridge_cell_drug_fp,"NK cells, BX 912",0.29140805247217444,0.7268502763811394,0.45173107768476445,1.731669896129819
split_scaffold_heldout,ridge_cell_drug_fp,"T cells, BX 912",0.6020026950756645,0.6775936002886883,0.8172944052636205,1.474423131836733
split_scaffold_heldout,ridge_cell_drug_fp,"NK cells, AZD4547",0.19530165943381628,0.6734621752536678,0.41274597942743113,1.7319126079593015
split_scaffold_heldout,ridge_cell_drug_fp,"T cells, AZD4547",0.353275640323193,0.5429094287766781,0.6035299463086138,1.4325186308887505
split_scaffold_heldout,ridge_cell_drug_fp,"NK cells, Mubritinib (TAK 165)",0.34397629022946996,0.8077832717745891,0.6269733070737786,1.8395192113862888
split_scaffold_heldout,ridge_cell_drug_fp,"T cells, Mubritinib (TAK 165)",0.5335723230249966,0.9994721996966711,0.7521582376186622,2.026545555327455
split_scaffold_heldout,ridge_cell_drug_fp,"B cells, TIE2 Kinase Inhibitor",0.1079342115400859,0.6272045534171399,0.05682029031353664,1.6929819226053122
split_scaffold_heldout,ridge_cell_drug_fp,"Myeloid cells, TIE2 Kinase Inhibitor",0.18900389884379196,0.6810922104287214,0.46798038089695787,1.7212610757361635
split_scaffold_heldout,ridge_cell_drug_fp,"B cells, Sgc-cbp30",0.1634877612035153,0.91282284838568,0.3439738045036713,1.7347900069962776
split_scaffold_heldout,ridge_cell_drug_fp,"Myeloid cells, Sgc-cbp30",0.2709930750664393,1.075902705202417,0.4641236289948785,2.0298029023158106
split_scaffold_heldout,ridge_cell_drug_fp,"B cells, BMS-536924",0.4807432366744431,0.9847808449798787,0.7039533886202337,1.9603084947445126
split_scaffold_heldout,ridge_cell_drug_fp,"Myeloid cells, BMS-536924",0.41305586245796344,1.0188582559549084,0.6423990711737511,1.9878721660721852
split_scaffold_heldout,ridge_cell_drug_fp,"B cells, Decitabine",0.11498690070489541,0.7354705032399221,0.1642143988607791,1.7661307142826115
split_scaffold_heldout,ridge_cell_drug_fp,"Myeloid cells, Decitabine",0.2437452706993239,0.6786949941397881,0.40276449806121256,1.5964948945255018
split_scaffold_heldout,ridge_cell_drug_fp,"B cells, AZD3514",0.25571881751054854,0.7667288772530467,0.4571867531500644,1.788070382876433
split_scaffold_heldout,ridge_cell_drug_fp,"Myeloid cells, AZD3514",0.2781131127656482,0.8714054390550836,0.5144295005088514,1.8727045014782489
split_scaffold_heldout,ridge_cell_drug_fp,"B cells, Resminostat",0.4406110202577284,1.572352435255691,0.6046001577211694,2.527936171318313
split_scaffold_heldout,ridge_cell_drug_fp,"Myeloid cells, Resminostat",0.4452345807529373,1.8200471169008394,0.5729048476826302,2.681724359864294
split_scaffold_heldout,ridge_cell_drug_fp,"B cells, CGM-097",-0.14749900895008522,1.31345989742424,-0.2361813989870525,2.6251078052786445
split_scaffold_heldout,ridge_cell_drug_fp,"Myeloid cells, CGM-097",-0.035827021223866024,1.4157928519630063,-0.007694285945630575,2.588998393924479
split_scaffold_heldout,ridge_cell_drug_fp,"B cells, SLx-2119",0.353699943815781,0.6811334139097376,0.6436290253644212,1.495481772727024
split_scaffold_heldout,ridge_cell_drug_fp,"Myeloid cells, SLx-2119",0.19074257154219865,0.7298369584956282,0.2456822985755914,1.9538257587551278
split_scaffold_heldout,ridge_cell_drug_fp,"B cells, Nefazodone",0.1832208569709081,0.6092997517170423,0.42677493250290144,1.7227334557767904
split_scaffold_heldout,ridge_cell_drug_fp,"Myeloid cells, Nefazodone",0.2723835936651997,0.5536867896602877,0.5265656628125395,1.5512126166608828
split_scaffold_heldout,ridge_cell_drug_fp,"B cells, YK 4-279",0.1250183456777757,0.6581595194787204,0.2568768040098302,1.7713204074032733
split_scaffold_heldout,ridge_cell_drug_fp,"Myeloid cells, YK 4-279",0.21044867972144096,0.6452501314497223,0.39040774713007464,1.6248610749266266
split_scaffold_heldout,ridge_cell_drug_fp,"B cells, Colforsin",0.19309296190139028,0.6585047536754114,0.3067868540731881,1.6211557556143248
split_scaffold_heldout,ridge_cell_drug_fp,"Myeloid cells, Colforsin",0.07441717382534885,0.7971885173882577,0.24732839812717142,1.9220280471377031
split_scaffold_heldout,ridge_cell_drug_fp,"B cells, AZD4547",0.2393969478345748,0.6352463783939019,0.498050997748798,1.6049559732944785
split_scaffold_heldout,ridge_cell_drug_fp,"Myeloid cells, AZD4547",0.31341328135347013,0.6860588250040061,0.59120418383886,1.6675346269760476
split_scaffold_heldout,ridge_cell_drug_fp,"B cells, Mubritinib (TAK 165)",0.45924451777959985,0.7699671872694088,0.7305031581020879,1.7093902698497543
split_scaffold_heldout,ridge_cell_drug_fp,"Myeloid cells, Mubritinib (TAK 165)",0.32884194809604556,1.1023085494528637,0.5220694579259676,2.1852144242761273
split_cell_scaffold_heldout,ridge_cell,"Myeloid cells, MK-5108",0.10565973268542923,0.6029367827488552,0.23074494384337074,1.7527352931062556
split_cell_scaffold_heldout,ridge_cell,"Myeloid cells, Tamatinib",0.33115074132034034,1.3606082232374883,0.48725916619001225,2.524677112113222
split_cell_scaffold_heldout,ridge_cell,"Myeloid cells, I-BET151",0.275599195932492,1.7458325744107048,0.38747212187490887,2.8306831560082824
split_cell_scaffold_heldout,ridge_cell,"Myeloid cells, Raloxifene",-0.048376848152900206,1.0101103481789933,-0.03623581457365438,2.27335975658698
split_cell_scaffold_heldout,ridge_cell,"Myeloid cells, Porcn Inhibitor III",-0.15350841994398792,1.2303175433365383,-0.21986827619795893,2.574370266041195
split_cell_scaffold_heldout,ridge_cell,"Myeloid cells, Dovitinib",-0.009422326753380185,0.9661789752075143,0.0776195138129503,2.2808740302145805
split_cell_scaffold_heldout,ridge_cell,"Myeloid cells, Quizartinib",0.11186194508058367,0.7905525932859012,0.21112043136264272,2.2273057584881815
split_cell_scaffold_heldout,ridge_cell,"Myeloid cells, PD-0325901",0.16207787011979805,1.3837908941258563,0.25505104803340223,2.5816725825310436
split_cell_scaffold_heldout,ridge_cell,"Myeloid cells, Riociguat",0.20972727047938047,0.5857104970459236,0.4141581714988968,1.6839797875651523
split_cell_scaffold_heldout,ridge_cell,"Myeloid cells, Azacitidine",0.10765932955359336,0.6154126661480716,0.305495511632223,1.7186209141446334
split_cell_scaffold_heldout,ridge_cell,"Myeloid cells, AT 7867",0.11225931801255302,1.3267503852690832,0.2354401247638652,2.5278633390472134
split_cell_scaffold_heldout,ridge_cell,"Myeloid cells, GO-6976",-0.008474237750629344,1.1812769649298303,0.011229619434093915,2.361820377601506
split_cell_scaffold_heldout,ridge_cell,"Myeloid cells, PRT-062607",0.34358833408523226,1.439346429784301,0.4826650081949746,2.579755411520754
split_cell_scaffold_heldout,ridge_cell,"Myeloid cells, Colchicine",0.12744265504844754,2.4700122801051694,0.17032184148938653,3.286436131270418
split_cell_scaffold_heldout,ridge_cell,"Myeloid cells, BX 912",0.20644033376825097,0.83874314182306,0.3598434283078095,2.0311907402905764
split_cell_scaffold_heldout,ridge_cell,"Myeloid cells, TIE2 Kinase Inhibitor",-0.016355732658940136,0.679387278957416,-0.007899902899801586,1.918260895667723
split_cell_scaffold_heldout,ridge_cell,"Myeloid cells, Sgc-cbp30",0.2206786719456222,0.9713295487111575,0.4008893207692083,2.165727247332441
split_cell_scaffold_heldout,ridge_cell,"Myeloid cells, BMS-536924",0.3531689389628032,1.0547940347788305,0.5447197717026734,2.1886557814825887
split_cell_scaffold_heldout,ridge_cell,"Myeloid cells, Decitabine",0.20131932692683527,0.5268337343591923,0.4094319558352649,1.65936110131276
split_cell_scaffold_heldout,ridge_cell,"Myeloid cells, AZD3514",0.28374564918580136,0.8170245132649766,0.5095634499210113,1.9929342557413992
split_cell_scaffold_heldout,ridge_cell,"Myeloid cells, Resminostat",0.26862251868430037,1.9440940291450006,0.3713662754297586,2.9011593007618837
split_cell_scaffold_heldout,ridge_cell,"Myeloid cells, CGM-097",-0.12391294031032872,1.2836987727172113,-0.15121474180082162,2.532698318458136
split_cell_scaffold_heldout,ridge_cell,"Myeloid cells, SLx-2119",0.034671431878921986,0.6504013154020538,-0.0527541557673616,2.0701524005684724
split_cell_scaffold_heldout,ridge_cell,"Myeloid cells, Nefazodone",0.19804279340628808,0.5430344127213467,0.4724318585535325,1.6295694422438673
split_cell_scaffold_heldout,ridge_cell,"Myeloid cells, YK 4-279",-0.022231070766711478,0.651753039659569,-0.13228989129962063,1.801051815862876
split_cell_scaffold_heldout,ridge_cell,"Myeloid cells, Colforsin",0.052791509521535336,0.6925827206307773,0.015109416259265207,1.9935211329465312
split_cell_scaffold_heldout,ridge_cell,"Myeloid cells, AZD4547",0.1686834095314652,0.6718960383559608,0.35572587531042343,1.8778058850904429
split_cell_scaffold_heldout,ridge_cell,"Myeloid cells, Mubritinib (TAK 165)",0.03430318773180484,1.176108568700688,0.05923010322939879,2.4549381095947282
split_cell_scaffold_heldout,ridge_drug_fp,"Myeloid cells, MK-5108",-0.05770000053045117,0.6932924919196919,-0.10910572184165783,1.8551888901139229
split_cell_scaffold_heldout,ridge_drug_fp,"Myeloid cells, Tamatinib",0.2570987365036442,1.3739075749955652,0.40448375019742067,2.513515467498499
split_cell_scaffold_heldout,ridge_drug_fp,"Myeloid cells, I-BET151",0.2678299166386573,1.7308476481897295,0.3740195762279045,2.7637751633467165
split_cell_scaffold_heldout,ridge_drug_fp,"Myeloid cells, Raloxifene",-0.019474947671916334,1.0947770453777166,0.021353797190087797,2.296860687710185
split_cell_scaffold_heldout,ridge_drug_fp,"Myeloid cells, Porcn Inhibitor III",-0.09828522054685442,1.300557747487419,-0.14485172087779524,2.620862438007458
split_cell_scaffold_heldout,ridge_drug_fp,"Myeloid cells, Dovitinib",-0.02471223923552171,0.991853111398349,0.03239237078149122,2.29979715410034
split_cell_scaffold_heldout,ridge_drug_fp,"Myeloid cells, Quizartinib",0.07909485173185127,1.0309820047386844,0.09766631254497311,2.3086395308264334
split_cell_scaffold_heldout,ridge_drug_fp,"Myeloid cells, PD-0325901",0.14334852666495404,1.3951603534975505,0.21692769038226611,2.5828894757880305
split_cell_scaffold_heldout,ridge_drug_fp,"Myeloid cells, Riociguat",0.04932452541803433,0.6294134567798617,0.15525582895837162,1.748060025117644
split_cell_scaffold_heldout,ridge_drug_fp,"Myeloid cells, Azacitidine",-0.03829011854347956,0.9815445078474405,0.040121631900243225,1.8755265253303488
split_cell_scaffold_heldout,ridge_drug_fp,"Myeloid cells, AT 7867",0.04611761535599411,1.340131152227718,0.07294460560976719,2.5632232860705377
split_cell_scaffold_heldout,ridge_drug_fp,"Myeloid cells, GO-6976",-0.04515199005545335,1.2149491847529843,-0.047140209959064365,2.3928867653136807
split_cell_scaffold_heldout,ridge_drug_fp,"Myeloid cells, PRT-062607",0.33104093783778143,1.4199849583221844,0.4781429150802002,2.494775652277274
split_cell_scaffold_heldout,ridge_drug_fp,"Myeloid cells, Colchicine",0.1617368495115514,2.4604246573680735,0.21036871284625666,3.273790766056692
split_cell_scaffold_heldout,ridge_drug_fp,"Myeloid cells, BX 912",0.1522815923329674,0.9009422423898231,0.28476278292459856,2.0367891108145493
split_cell_scaffold_heldout,ridge_drug_fp,"Myeloid cells, TIE2 Kinase Inhibitor",0.018575988982903354,0.7086710399929513,0.010576058067587261,1.9299591633403452
split_cell_scaffold_heldout,ridge_drug_fp,"Myeloid cells, Sgc-cbp30",0.21920564140517204,1.0853985825335417,0.3788584634358459,2.1194661161655994
split_cell_scaffold_heldout,ridge_drug_fp,"Myeloid cells, BMS-536924",0.17642093930216746,1.1300729469555442,0.32023327336512686,2.233921841893822
split_cell_scaffold_heldout,ridge_drug_fp,"Myeloid cells, Decitabine",0.17662677395546034,0.6478851817350859,0.38114627940962725,1.6278626093901754
split_cell_scaffold_heldout,ridge_drug_fp,"Myeloid cells, AZD3514",0.09275601311240973,0.9160528054735991,0.19011729216219245,2.0866456721593694
split_cell_scaffold_heldout,ridge_drug_fp,"Myeloid cells, Resminostat",0.2477671509371991,1.9345810094137594,0.3516863138685954,2.860928139212046
split_cell_scaffold_heldout,ridge_drug_fp,"Myeloid cells, CGM-097",-0.07310673030613897,1.4017487149676793,-0.07133787782526248,2.595120217165405
split_cell_scaffold_heldout,ridge_drug_fp,"Myeloid cells, SLx-2119",0.07362667645415955,0.7308644282509414,0.04718680908005874,2.0720727379699717
split_cell_scaffold_heldout,ridge_drug_fp,"Myeloid cells, Nefazodone",0.07555604482983604,0.5728265255203676,0.27720015017724003,1.6940303126969825
split_cell_scaffold_heldout,ridge_drug_fp,"Myeloid cells, YK 4-279",0.026441125460994287,0.6666808945764802,-0.01747757117026295,1.7787084587625002
split_cell_scaffold_heldout,ridge_drug_fp,"Myeloid cells, Colforsin",-0.06290374438085501,0.7875427379523059,-0.15498454684236168,2.08549588283071
split_cell_scaffold_heldout,ridge_drug_fp,"Myeloid cells, AZD4547",0.17882097730538754,0.7000261763065465,0.36076676662999607,1.8521211237607504
split_cell_scaffold_heldout,ridge_drug_fp,"Myeloid cells, Mubritinib (TAK 165)",0.12923649621004335,1.1780137703029032,0.23521602673111422,2.3896200232811173
split_cell_scaffold_heldout,ridge_cell_drug_fp,"Myeloid cells, MK-5108",-0.05810308102706195,0.6933362707251297,-0.10921650293383205,1.8552798083709252
split_cell_scaffold_heldout,ridge_cell_drug_fp,"Myeloid cells, Tamatinib",0.25801256857246246,1.3735737383961046,0.40539633626806953,2.512893594728768
split_cell_scaffold_heldout,ridge_cell_drug_fp,"Myeloid cells, I-BET151",0.26788319364356694,1.7308209474678211,0.37403885430868433,2.7636167239318765
split_cell_scaffold_heldout,ridge_cell_drug_fp,"Myeloid cells, Raloxifene",-0.019623531059196585,1.0958339327054638,0.021581890842779557,2.297119621868464
split_cell_scaffold_heldout,ridge_cell_drug_fp,"Myeloid cells, Porcn Inhibitor III",-0.09902539174942677,1.3016618146772125,-0.14596107077471113,2.622090752987437
split_cell_scaffold_heldout,ridge_cell_drug_fp,"Myeloid cells, Dovitinib",-0.024428869111639905,0.9913460158950327,0.032258479962665364,2.299610503459377
split_cell_scaffold_heldout,ridge_cell_drug_fp,"Myeloid cells, Quizartinib",0.0810346915353127,1.032199040647632,0.10225138779305429,2.305581747069243
split_cell_scaffold_heldout,ridge_cell_drug_fp,"Myeloid cells, PD-0325901",0.14305271678195544,1.3952990264061338,0.21649677751155624,2.5830426687326815
split_cell_scaffold_heldout,ridge_cell_drug_fp,"Myeloid cells, Riociguat",0.049170212563228184,0.6293308631321337,0.1554154110329679,1.7480665026356281
split_cell_scaffold_heldout,ridge_cell_drug_fp,"Myeloid cells, Azacitidine",-0.03862139123235704,0.981267048490927,0.03959090935315256,1.8757076277995162
split_cell_scaffold_heldout,ridge_cell_drug_fp,"Myeloid cells, AT 7867",0.04697618568271412,1.3399405039187424,0.07442722512970286,2.562830994196747
split_cell_scaffold_heldout,ridge_cell_drug_fp,"Myeloid cells, GO-6976",-0.045692725926117214,1.2154370478104228,-0.04796313537211641,2.3933681274572685
split_cell_scaffold_heldout,ridge_cell_drug_fp,"Myeloid cells, PRT-062607",0.3306937428315896,1.4202096872331174,0.4778055567760699,2.495922562507395
split_cell_scaffold_heldout,ridge_cell_drug_fp,"Myeloid cells, Colchicine",0.16198011573262286,2.4603667255097736,0.210702809554269,3.273724713257667
split_cell_scaffold_heldout,ridge_cell_drug_fp,"Myeloid cells, BX 912",0.1526727932127439,0.9005974650779135,0.2853113256138591,2.036503525629069
split_cell_scaffold_heldout,ridge_cell_drug_fp,"Myeloid cells, TIE2 Kinase Inhibitor",0.01829541508946997,0.7084023379877138,0.010281266451800296,1.9299024148872244
split_cell_scaffold_heldout,ridge_cell_drug_fp,"Myeloid cells, Sgc-cbp30",0.21923790200720944,1.0844538867927282,0.37884139355499186,2.1193639934138235
split_cell_scaffold_heldout,ridge_cell_drug_fp,"Myeloid cells, BMS-536924",0.17750159677033922,1.1299708365007264,0.32188953104941415,2.2327396363595704
split_cell_scaffold_heldout,ridge_cell_drug_fp,"Myeloid cells, Decitabine",0.17670472762945136,0.6477605877850086,0.38125228070908534,1.6277431908448028
split_cell_scaffold_heldout,ridge_cell_drug_fp,"Myeloid cells, AZD3514",0.09373334573059339,0.9157631903653745,0.19188381704672516,2.085793695561967
split_cell_scaffold_heldout,ridge_cell_drug_fp,"Myeloid cells, Resminostat",0.2477582961750015,1.934582200613183,0.35166246754951813,2.8608825923390713
split_cell_scaffold_heldout,ridge_cell_drug_fp,"Myeloid cells, CGM-097",-0.0728719581675621,1.4013103971068415,-0.07099069876711754,2.5946643681225687
split_cell_scaffold_heldout,ridge_cell_drug_fp,"Myeloid cells, SLx-2119",0.07389226055928522,0.7300864883537547,0.04722032473990037,2.0713923628906485
split_cell_scaffold_heldout,ridge_cell_drug_fp,"Myeloid cells, Nefazodone",0.07470363858185297,0.5727804964034232,0.2755601067394736,1.6947999205685182
split_cell_scaffold_heldout,ridge_cell_drug_fp,"Myeloid cells, YK 4-279",0.026551881077071078,0.6667907332218144,-0.01731427750907601,1.7787300134021282
split_cell_scaffold_heldout,ridge_cell_drug_fp,"Myeloid cells, Colforsin",-0.06296541309125216,0.7874487806112261,-0.1551089328234498,2.085469762517622
split_cell_scaffold_heldout,ridge_cell_drug_fp,"Myeloid cells, AZD4547",0.1787699707127613,0.7008432268688081,0.36134953237411355,1.851513431306561
split_cell_scaffold_heldout,ridge_cell_drug_fp,"Myeloid cells, Mubritinib (TAK 165)",0.12897844475899037,1.178214508257216,0.2347432518640482,2.389880516639297
