split,baseline,sample_id,rowwise_pearson,rmse,de_rowwise_pearson,de_rmse
split_random,global_train_mean,"NK cells, Atorvastatin",0.12660721,0.65616053,0.21440519392490387,1.7405815124511719
split_random,global_train_mean,"T cells, Ganetespib (STA-9090)",0.44743514,2.1218083,0.5368533134460449,3.012340545654297
split_random,global_train_mean,"NK cells, Clomipramine",0.13302104,0.62951535,0.2673780024051666,1.752367615699768
split_random,global_train_mean,"NK cells, Sunitinib",0.16932395,0.6542983,0.27690833806991577,1.7457250356674194
split_random,global_train_mean,"B cells, Tivozanib",0.46073806,0.7472615,0.734337568283081,1.8796378374099731
split_random,global_train_mean,"B cells, 5-(9-Isopropyl-8-methyl-2-morpholino-9H-purin-6-yl)pyrimidin-2-amine",0.6497367,1.2637107,0.8019720911979675,2.3408846855163574
split_random,global_train_mean,"B cells, O-Demethylated Adapalene",0.40058827,0.66512984,0.6458405256271362,1.7906602621078491
split_random,global_train_mean,"NK cells, Protriptyline",0.03324355,0.6400698,0.134846493601799,1.7787580490112305
split_random,global_train_mean,"NK cells, I-BET151",0.21797684,1.003462,0.3535735607147217,2.252476692199707
split_random,global_train_mean,"NK cells, Foretinib",0.33845258,0.7308853,0.5570582151412964,1.8534103631973267
split_random,global_train_mean,"T cells, Topotecan",0.13879837,1.0455674,0.28814202547073364,2.2739741802215576
split_random,global_train_mean,"NK cells, K-02288",0.077114746,0.63604826,0.1696164757013321,1.798113226890564
split_random,global_train_mean,"T cells, Porcn Inhibitor III",-0.2377543,0.7153211,-0.3927839398384094,1.8652702569961548
split_random,global_train_mean,"NK cells, Proscillaridin A;Proscillaridin-A",0.008262488,2.269277,0.015851246193051338,3.1816649436950684
split_random,global_train_mean,"T cells, Vorinostat",0.36481807,2.1440864,0.45475998520851135,3.0379672050476074
split_random,global_train_mean,"NK cells, BMS-265246",0.10443595,0.88671196,0.2297670543193817,2.1497929096221924
split_random,global_train_mean,"NK cells, Ruxolitinib",0.3035557,0.71407634,0.508225679397583,1.7889983654022217
split_random,global_train_mean,"T cells, Pomalidomide",-0.15569142,1.3036164,-0.2121371626853943,2.710587501525879
split_random,global_train_mean,"NK cells, Dovitinib",0.2630559,0.7172006,0.4538465440273285,1.8601518869400024
split_random,global_train_mean,"NK cells, AVL-292",0.2850274,0.6615369,0.48680680990219116,1.8012254238128662
split_random,global_train_mean,"B cells, Navitoclax",-0.3054695,0.95894766,-0.5449731349945068,2.3144099712371826
split_random,global_train_mean,"T cells, Palbociclib",0.3316868,0.5073464,0.6699424982070923,1.5571610927581787
split_random,global_train_mean,"B cells, AMD-070 (hydrochloride)",0.30299821,0.6224139,0.54953932762146,1.752227783203125
split_random,global_train_mean,"T cells, Chlorpheniramine",0.3766329,0.5429031,0.6463244557380676,1.560394525527954
split_random,global_train_mean,"NK cells, Vardenafil",0.13991365,0.65507776,0.2567334771156311,1.8213722705841064
split_random,global_train_mean,"T cells, Dasatinib",0.6271097,1.0189751,0.8119356632232666,2.094789505004883
split_random,global_train_mean,"NK cells, PF-04691502",0.30541846,0.7519061,0.5750141143798828,1.8028204441070557
split_random,global_train_mean,"Myeloid cells, Dactolisib",0.5388473,2.0522358,0.6499713063240051,2.9983136653900146
split_random,global_train_mean,"NK cells, Amiodarone",0.16539359,0.65509254,0.2855307459831238,1.7901289463043213
split_random,global_train_mean,"Myeloid cells, Isoniazid",0.19793402,0.5847475,0.4447691738605499,1.6812862157821655
split_random,global_train_mean,"NK cells, IMD-0354",0.35742944,0.89840615,0.6045254468917847,2.0749053955078125
split_random,global_train_mean,"T cells, IMD-0354",0.46687624,1.6395781,0.5961419939994812,2.722374200820923
split_random,global_train_mean,"Myeloid cells, Idelalisib",0.24799432,0.9490093,0.438349187374115,2.0820417404174805
split_random,global_train_mean,"NK cells, Alogliptin",-0.025450226,0.6551738,-0.12356842309236526,1.874899983406067
split_random,global_train_mean,"Myeloid cells, Penfluridol",0.118111506,0.7243098,0.2756858766078949,1.8349393606185913
split_random,global_train_mean,"NK cells, RN-486",-0.054681584,0.7153706,-0.12588804960250854,1.923632025718689
split_random,global_train_mean,"NK cells, Decitabine",0.0699746,0.6434522,0.12502656877040863,1.7555220127105713
split_random,global_train_mean,"NK cells, Defactinib",0.13694634,0.6671516,0.3687359094619751,1.8220503330230713
split_random,global_train_mean,"T cells, Defactinib",0.20030825,0.7513802,0.4004323184490204,2.0360825061798096
split_random,global_train_mean,"NK cells, Resminostat",0.2879882,1.3034892,0.44011104106903076,2.4753944873809814
split_random,global_train_mean,"T cells, Resminostat",0.39069453,2.1523838,0.4824714660644531,3.0383450984954834
split_random,global_train_mean,"B cells, Crizotinib",0.5334119,0.8398448,0.7501029372215271,2.0193798542022705
split_random,global_train_mean,"NK cells, Nilotinib",0.3020629,0.7065583,0.5287185907363892,1.7920165061950684
split_random,global_train_mean,"NK cells, AT 7867",0.31859058,0.7058461,0.5579496026039124,1.820457935333252
split_random,global_train_mean,"T cells, OSI-930",-0.04303193,0.5641495,-0.1162884384393692,1.734512448310852
split_random,global_train_mean,"T cells, GO-6976",-0.12636217,0.9335633,-0.236555278301239,2.1535446643829346
split_random,global_train_mean,"NK cells, Saracatinib",0.269782,0.7211547,0.43032169342041016,1.8739005327224731
split_random,global_train_mean,"NK cells, TGX 221",0.32074696,0.7042182,0.48814553022384644,1.80198073387146
split_random,global_train_mean,"T cells, TGX 221",0.62504965,0.6623755,0.8565218448638916,1.6725362539291382
split_random,global_train_mean,"T cells, Pitavastatin Calcium",-0.22664803,1.6412495,-0.3160135746002197,2.885960102081299
split_random,global_train_mean,"NK cells, ABT737",0.10127439,0.7367185,0.21480219066143036,1.8974239826202393
split_random,global_train_mean,"B cells, PRT-062607",0.6066703,1.0739855,0.7870165109634399,2.181816339492798
split_random,global_train_mean,"Myeloid cells, PRT-062607",0.52965456,1.3949788,0.6924212574958801,2.5047354698181152
split_random,global_train_mean,"T cells, AZ628",0.6136299,0.67212224,0.8337960243225098,1.7345160245895386
split_random,global_train_mean,"B cells, Masitinib",0.3927783,0.664303,0.5948562026023865,1.7236531972885132
split_random,global_train_mean,"T cells, CGM-097",-0.062097307,1.3769709,-0.09363409876823425,2.678704023361206
split_random,global_train_mean,"NK cells, SLx-2119",0.13368249,0.7113738,0.11441081017255783,1.9804688692092896
split_random,global_train_mean,"T cells, SLx-2119",0.3172185,0.5840787,0.5650567412376404,1.746511459350586
split_random,global_train_mean,"NK cells, Nefazodone",0.15844971,0.6572366,0.31178924441337585,1.8189738988876343
split_random,global_train_mean,"T cells, TPCA-1",0.67017794,1.062829,0.8279997706413269,2.111146926879883
split_random,global_train_mean,"NK cells, MGCD-265",0.080454335,0.6557557,0.10705041140317917,1.8192622661590576
split_random,global_train_mean,"B cells, Ricolinostat",0.29545212,0.76228553,0.5368906855583191,1.899588942527771
split_random,global_train_mean,"NK cells, Ricolinostat",0.075088754,0.77067274,0.11523713916540146,1.924680233001709
split_random,global_train_mean,"Myeloid cells, Midostaurin",0.29547372,1.1205409,0.49114078283309937,2.3328564167022705
split_random,global_train_mean,"T cells, Imatinib",0.22257423,0.49988323,0.40132245421409607,1.5225995779037476
split_random,global_train_mean,"NK cells, Mometasone Furoate",0.3624662,0.91617215,0.5581009387969971,2.128218650817871
split_random,global_train_mean,"T cells, Tipifarnib",0.4441319,0.62433904,0.7323153018951416,1.7088199853897095
split_random,global_train_mean,"T cells, BX 912",0.6243903,0.7258081,0.8434501886367798,1.7825393676757812
split_random,global_train_mean,"NK cells, PF-03814735",0.33356825,0.8181704,0.5373314619064331,1.915972113609314
split_random,global_train_mean,"T cells, PF-03814735",0.59637415,1.0653381,0.779351532459259,2.16784405708313
split_random,global_train_mean,"NK cells, AZD4547",0.13508347,0.6576774,0.3438878357410431,1.7914217710494995
split_random,global_train_mean,"NK cells, Selumetinib",0.19009036,0.69887197,0.34275028109550476,1.829272747039795
split_random,global_train_mean,"T cells, Selumetinib",0.51689184,0.61054015,0.7696205377578735,1.6968737840652466
split_random,global_train_mean,"NK cells, Clotrimazole",0.13312982,0.64023435,0.27901139855384827,1.8039140701293945
split_random,global_train_mean,"Myeloid cells, RG7090",0.034358878,0.863956,0.12767215073108673,2.0793285369873047
split_random,global_train_mean,"NK cells, RG7090",0.04290173,0.6944183,0.1392005980014801,1.8554619550704956
split_random,global_train_mean,"NK cells, Mubritinib (TAK 165)",0.29281694,0.81400466,0.5286879539489746,1.9950746297836304
split_random,global_train_mean,"T cells, Mubritinib (TAK 165)",0.3782076,1.1032362,0.5862115025520325,2.3262007236480713
split_random,global_train_mean,"B cells, Lapatinib",-0.057751525,0.6746202,-0.08499175310134888,1.8951698541641235
split_random,global_train_mean,"Myeloid cells, Atorvastatin",-0.041909155,0.7546098,-0.10818129777908325,2.1325888633728027
split_random,global_train_mean,"Myeloid cells, Ixabepilone",0.14431186,0.6583581,0.20770488679409027,1.8696506023406982
split_random,global_train_mean,"Myeloid cells, Protriptyline",0.07285115,0.55384535,0.08604119718074799,1.7048112154006958
split_random,global_train_mean,"Myeloid cells, Phenylbutazone",0.0009647238,0.59683925,0.000526071002241224,1.7203751802444458
split_random,global_train_mean,"B cells, Sgc-cbp30",0.25368726,0.6488003,0.5643603205680847,1.7317670583724976
split_random,global_train_mean,"Myeloid cells, Dasatinib",0.5132712,1.4845141,0.6766846179962158,2.5427982807159424
split_random,global_train_mean,"Myeloid cells, AT13387",0.4720116,1.2955157,0.6505654454231262,2.362884044647217
split_random,global_train_mean,"Myeloid cells, Perhexiline",0.4446913,0.8907149,0.6622183918952942,2.045085906982422
split_random,global_train_mean,"B cells, RVX-208",0.35444438,0.7156516,0.5616341233253479,1.833197832107544
split_random,global_train_mean,"Myeloid cells, IKK Inhibitor VII",0.42577705,1.4832675,0.5987861156463623,2.666123628616333
split_random,global_train_mean,"B cells, RN-486",-0.031476244,0.63977474,-0.030246200039982796,1.8069123029708862
split_random,global_train_mean,"Myeloid cells, CC-401",0.429436,0.8857841,0.6394582390785217,2.0109329223632812
split_random,global_train_mean,"B cells, Lamivudine",0.29482988,0.59855425,0.5685851573944092,1.6743556261062622
split_random,global_train_mean,"B cells, GSK-1070916",0.3600779,0.57954377,0.608409583568573,1.609801173210144
split_random,global_train_mean,"B cells, Buspirone",0.0381855,0.59661216,0.0009291234891861677,1.855802297592163
split_random,global_train_mean,"B cells, SCH-58261",-0.04991635,0.6050011,-0.06401994079351425,1.7681355476379395
split_random,global_train_mean,"Myeloid cells, Colforsin",0.12633058,0.67333776,0.25748372077941895,1.9378926753997803
split_random,global_train_mean,"B cells, Tosedostat",0.15232569,0.6582112,0.32189658284187317,1.7906439304351807
split_random,global_train_mean,"Myeloid cells, Doxorubicin",0.19320571,2.328822,0.24957101047039032,3.170679807662964
split_random,global_train_mean,"Myeloid cells, PF-03814735",0.58444613,1.8331461,0.7034170627593994,2.792872190475464
split_random,global_train_mean,"B cells, Prednisolone",0.51425886,1.0332664,0.7177517414093018,2.232970952987671
split_random,global_train_mean,"Myeloid cells, Clotrimazole",0.09976943,0.74803126,0.20551741123199463,1.9339569807052612
split_random,global_train_mean,"Myeloid cells, Vanoxerine",0.3875331,0.57375586,0.6468446850776672,1.6077455282211304
split_random,cell_context_mean,"NK cells, Atorvastatin",0.27780652,0.6191259,0.4531140923500061,1.6778358221054077
split_random,cell_context_mean,"T cells, Ganetespib (STA-9090)",0.5260119,2.0665944,0.6034032106399536,2.9324464797973633
split_random,cell_context_mean,"NK cells, Clomipramine",0.23543133,0.6029663,0.4527103900909424,1.701083779335022
split_random,cell_context_mean,"NK cells, Sunitinib",0.271155,0.6286299,0.4555642902851105,1.6898936033248901
split_random,cell_context_mean,"B cells, Tivozanib",0.5025516,0.71866065,0.7537934184074402,1.743180513381958
split_random,cell_context_mean,"B cells, 5-(9-Isopropyl-8-methyl-2-morpholino-9H-purin-6-yl)pyrimidin-2-amine",0.69730216,1.1950494,0.8217929005622864,2.2009923458099365
split_random,cell_context_mean,"B cells, O-Demethylated Adapalene",0.45340422,0.6448263,0.7014611959457397,1.6542383432388306
split_random,cell_context_mean,"NK cells, Protriptyline",0.18888074,0.60107046,0.4065965414047241,1.71491277217865
split_random,cell_context_mean,"NK cells, I-BET151",0.26013434,0.99429685,0.4049418568611145,2.2389864921569824
split_random,cell_context_mean,"NK cells, Foretinib",0.41389018,0.7147653,0.6694855690002441,1.8240691423416138
split_random,cell_context_mean,"T cells, Topotecan",0.18825056,1.0396247,0.35988855361938477,2.229950189590454
split_random,cell_context_mean,"NK cells, K-02288",0.2029009,0.603875,0.44425302743911743,1.7284868955612183
split_random,cell_context_mean,"T cells, Porcn Inhibitor III",-0.10553773,0.72733516,-0.12813521921634674,1.818081259727478
split_random,cell_context_mean,"NK cells, Proscillaridin A;Proscillaridin-A",0.1114517,2.245463,0.15532232820987701,3.1487302780151367
split_random,cell_context_mean,"T cells, Vorinostat",0.41052306,2.1083252,0.4948619306087494,2.9840846061706543
split_random,cell_context_mean,"NK cells, BMS-265246",0.26919082,0.84817106,0.5008388757705688,2.0744340419769287
split_random,cell_context_mean,"NK cells, Ruxolitinib",0.39591128,0.6933224,0.651891827583313,1.7491258382797241
split_random,cell_context_mean,"T cells, Pomalidomide",-0.09564188,1.3161092,-0.13637910783290863,2.72304105758667
split_random,cell_context_mean,"NK cells, Dovitinib",0.33369315,0.7006513,0.573795735836029,1.8222103118896484
split_random,cell_context_mean,"NK cells, AVL-292",0.35610002,0.6448048,0.6507981419563293,1.7595741748809814
split_random,cell_context_mean,"B cells, Navitoclax",-0.21658309,0.9873545,-0.40353602170944214,2.346781015396118
split_random,cell_context_mean,"T cells, Palbociclib",0.4122721,0.49596128,0.7108783721923828,1.4323400259017944
split_random,cell_context_mean,"B cells, AMD-070 (hydrochloride)",0.39101017,0.60498774,0.6263232827186584,1.6203798055648804
split_random,cell_context_mean,"T cells, Chlorpheniramine",0.43514538,0.530762,0.7000260949134827,1.4633510112762451
split_random,cell_context_mean,"NK cells, Vardenafil",0.2583418,0.62535286,0.4436262249946594,1.7713228464126587
split_random,cell_context_mean,"T cells, Dasatinib",0.6700127,0.96576464,0.8187603950500488,1.97345769405365
split_random,cell_context_mean,"NK cells, PF-04691502",0.37493548,0.7367471,0.6396266222000122,1.7889666557312012
split_random,cell_context_mean,"Myeloid cells, Dactolisib",0.55793744,1.9910394,0.66390061378479,2.9030168056488037
split_random,cell_context_mean,"NK cells, Amiodarone",0.24313104,0.63467026,0.4669632315635681,1.7470691204071045
split_random,cell_context_mean,"Myeloid cells, Isoniazid",0.32508436,0.5777184,0.6043703556060791,1.4989266395568848
split_random,cell_context_mean,"NK cells, IMD-0354",0.34263992,0.90445733,0.5720117092132568,2.0967419147491455
split_random,cell_context_mean,"T cells, IMD-0354",0.50195956,1.6002516,0.6200242042541504,2.6555089950561523
split_random,cell_context_mean,"Myeloid cells, Idelalisib",0.39114478,0.9019387,0.6113114953041077,1.9312235116958618
split_random,cell_context_mean,"NK cells, Alogliptin",0.11491788,0.61901146,0.18361905217170715,1.7983381748199463
split_random,cell_context_mean,"Myeloid cells, Penfluridol",0.22412178,0.723395,0.41958943009376526,1.746902346611023
split_random,cell_context_mean,"NK cells, RN-486",0.0688615,0.68275404,0.18184782564640045,1.8574321269989014
split_random,cell_context_mean,"NK cells, Decitabine",0.18967794,0.6125547,0.35174810886383057,1.696611762046814
split_random,cell_context_mean,"NK cells, Defactinib",0.24173468,0.6405701,0.5311397314071655,1.765785813331604
split_random,cell_context_mean,"T cells, Defactinib",0.29584628,0.7333441,0.5061929225921631,1.9444645643234253
split_random,cell_context_mean,"NK cells, Resminostat",0.22399867,1.3200234,0.36744213104248047,2.5069644451141357
split_random,cell_context_mean,"T cells, Resminostat",0.4161175,2.1208873,0.5014927983283997,2.9894042015075684
split_random,cell_context_mean,"B cells, Crizotinib",0.6419862,0.7709386,0.8212600350379944,1.8153815269470215
split_random,cell_context_mean,"NK cells, Nilotinib",0.3346799,0.69919884,0.5655263066291809,1.7807561159133911
split_random,cell_context_mean,"NK cells, AT 7867",0.41499868,0.68434507,0.6843481659889221,1.7754793167114258
split_random,cell_context_mean,"T cells, OSI-930",0.015437667,0.59130526,-0.024612924084067345,1.7418643236160278
split_random,cell_context_mean,"T cells, GO-6976",-0.06512117,0.9496628,-0.0757046565413475,2.1520586013793945
split_random,cell_context_mean,"NK cells, Saracatinib",0.31233615,0.7110307,0.5651917457580566,1.8367369174957275
split_random,cell_context_mean,"NK cells, TGX 221",0.3696855,0.69356585,0.576413631439209,1.7824832201004028
split_random,cell_context_mean,"T cells, TGX 221",0.67730117,0.61434287,0.8674622178077698,1.5018749237060547
split_random,cell_context_mean,"T cells, Pitavastatin Calcium",-0.15279974,1.651456,-0.22129365801811218,2.898378849029541
split_random,cell_context_mean,"NK cells, ABT737",0.20281509,0.71101934,0.35573652386665344,1.863716721534729
split_random,cell_context_mean,"B cells, PRT-062607",0.6986678,0.9960757,0.843934953212738,2.0005931854248047
split_random,cell_context_mean,"Myeloid cells, PRT-062607",0.6741639,1.2902571,0.8069850206375122,2.3049449920654297
split_random,cell_context_mean,"T cells, AZ628",0.65291816,0.62964684,0.8473573327064514,1.5891860723495483
split_random,cell_context_mean,"B cells, Masitinib",0.4898018,0.62783295,0.689515233039856,1.5644376277923584
split_random,cell_context_mean,"T cells, CGM-097",-0.012642205,1.3833358,-0.039103440940380096,2.68367338180542
split_random,cell_context_mean,"NK cells, SLx-2119",0.18483767,0.6966695,0.25400638580322266,1.9464493989944458
split_random,cell_context_mean,"T cells, SLx-2119",0.35050142,0.58510596,0.594153106212616,1.6919124126434326
split_random,cell_context_mean,"NK cells, Nefazodone",0.2649027,0.6304075,0.45886191725730896,1.7749444246292114
split_random,cell_context_mean,"T cells, TPCA-1",0.7301699,0.9969879,0.854648232460022,1.9684512615203857
split_random,cell_context_mean,"NK cells, MGCD-265",0.19727874,0.6256472,0.4209376871585846,1.7466628551483154
split_random,cell_context_mean,"B cells, Ricolinostat",0.36358783,0.744087,0.6168370842933655,1.800291657447815
split_random,cell_context_mean,"NK cells, Ricolinostat",0.08875103,0.7633094,0.16124901175498962,1.919893503189087
split_random,cell_context_mean,"Myeloid cells, Midostaurin",0.411643,1.0705833,0.6139808297157288,2.1917459964752197
split_random,cell_context_mean,"T cells, Imatinib",0.29136738,0.50579363,0.4497702121734619,1.4230679273605347
split_random,cell_context_mean,"NK cells, Mometasone Furoate",0.38984126,0.91293174,0.6139686703681946,2.1220195293426514
split_random,cell_context_mean,"T cells, Tipifarnib",0.4059771,0.6335583,0.6944673657417297,1.66676664352417
split_random,cell_context_mean,"T cells, BX 912",0.6647452,0.68026257,0.8501015901565552,1.6302120685577393
split_random,cell_context_mean,"NK cells, PF-03814735",0.41550678,0.80118823,0.6554160118103027,1.881369709968567
split_random,cell_context_mean,"T cells, PF-03814735",0.5994625,1.0290511,0.7671319246292114,2.0766875743865967
split_random,cell_context_mean,"NK cells, AZD4547",0.2544464,0.62779,0.4954735040664673,1.7431386709213257
split_random,cell_context_mean,"NK cells, Selumetinib",0.2913518,0.6741082,0.5149763226509094,1.7756839990615845
split_random,cell_context_mean,"T cells, Selumetinib",0.5669589,0.58008045,0.8121844530105591,1.549975872039795
split_random,cell_context_mean,"NK cells, Clotrimazole",0.24204338,0.61237377,0.4201132357120514,1.7530630826950073
split_random,cell_context_mean,"Myeloid cells, RG7090",0.1843091,0.85024697,0.32688218355178833,1.9958058595657349
split_random,cell_context_mean,"NK cells, RG7090",0.17581037,0.6608542,0.4045276343822479,1.792721152305603
split_random,cell_context_mean,"NK cells, Mubritinib (TAK 165)",0.32568333,0.8073593,0.5652252435684204,1.9919054508209229
split_random,cell_context_mean,"T cells, Mubritinib (TAK 165)",0.42325532,1.0753781,0.6112150549888611,2.2544078826904297
split_random,cell_context_mean,"B cells, Lapatinib",-0.03773256,0.7140387,-0.03845735639333725,1.9039039611816406
split_random,cell_context_mean,"Myeloid cells, Atorvastatin",-0.0028422796,0.79437405,-0.029594026505947113,2.1556291580200195
split_random,cell_context_mean,"Myeloid cells, Ixabepilone",0.16857098,0.68757474,0.29971230030059814,1.8245959281921387
split_random,cell_context_mean,"Myeloid cells, Protriptyline",0.18284158,0.5748568,0.4249224364757538,1.552843689918518
split_random,cell_context_mean,"Myeloid cells, Phenylbutazone",0.033292376,0.64616364,0.1298886090517044,1.7118233442306519
split_random,cell_context_mean,"B cells, Sgc-cbp30",0.33835968,0.63665295,0.6590790748596191,1.6105892658233643
split_random,cell_context_mean,"Myeloid cells, Dasatinib",0.53063434,1.4331678,0.6980569958686829,2.4396820068359375
split_random,cell_context_mean,"Myeloid cells, AT13387",0.50643396,1.2468765,0.6932806372642517,2.2484805583953857
split_random,cell_context_mean,"Myeloid cells, Perhexiline",0.5051737,0.84704155,0.7191500663757324,1.8973182439804077
split_random,cell_context_mean,"B cells, RVX-208",0.39215875,0.7035465,0.6102026104927063,1.7413891553878784
split_random,cell_context_mean,"Myeloid cells, IKK Inhibitor VII",0.6108746,1.3781861,0.7525381445884705,2.469388723373413
split_random,cell_context_mean,"B cells, RN-486",0.039266217,0.6639398,0.12543843686580658,1.777330994606018
split_random,cell_context_mean,"Myeloid cells, CC-401",0.39492932,0.88279253,0.6311622858047485,1.945995807647705
split_random,cell_context_mean,"B cells, Lamivudine",0.35871097,0.59280944,0.64881432056427,1.5627233982086182
split_random,cell_context_mean,"B cells, GSK-1070916",0.42459542,0.56627667,0.6621677279472351,1.4991341829299927
split_random,cell_context_mean,"B cells, Buspirone",0.11933112,0.614009,0.19874891638755798,1.7987951040267944
split_random,cell_context_mean,"B cells, SCH-58261",0.0011681303,0.63878316,0.0436282753944397,1.771256685256958
split_random,cell_context_mean,"Myeloid cells, Colforsin",0.22476192,0.6781096,0.4686168432235718,1.8091953992843628
split_random,cell_context_mean,"B cells, Tosedostat",0.19591619,0.6711015,0.3602021634578705,1.7529672384262085
split_random,cell_context_mean,"Myeloid cells, Doxorubicin",0.20963849,2.314148,0.2664026618003845,3.142854928970337
split_random,cell_context_mean,"Myeloid cells, PF-03814735",0.6743466,1.7383133,0.7770342230796814,2.642925977706909
split_random,cell_context_mean,"B cells, Prednisolone",0.5718934,0.98189664,0.7531294226646423,2.1038777828216553
split_random,cell_context_mean,"Myeloid cells, Clotrimazole",0.09643363,0.78546405,0.22606854140758514,1.9202200174331665
split_random,cell_context_mean,"Myeloid cells, Vanoxerine",0.41314775,0.575733,0.7244127988815308,1.4618724584579468
split_random,drug_mean,"NK cells, Atorvastatin",0.15083125,0.72511876,0.2656283378601074,1.7207262516021729
split_random,drug_mean,"T cells, Ganetespib (STA-9090)",0.65067536,1.7117163,0.7329311966896057,2.320824146270752
split_random,drug_mean,"NK cells, Clomipramine",0.19019516,0.6738205,0.3200608491897583,1.7046557664871216
split_random,drug_mean,"NK cells, Sunitinib",0.2063105,0.7429112,0.3754885196685791,1.6701706647872925
split_random,drug_mean,"B cells, Tivozanib",0.25927693,0.8309823,0.5039491057395935,1.912718653678894
split_random,drug_mean,"B cells, 5-(9-Isopropyl-8-methyl-2-morpholino-9H-purin-6-yl)pyrimidin-2-amine",0.6216438,1.1161556,0.7602869272232056,1.736573338508606
split_random,drug_mean,"B cells, O-Demethylated Adapalene",0.21821783,0.7586767,0.4166412353515625,1.8379184007644653
split_random,drug_mean,"NK cells, Protriptyline",0.057170115,0.69550556,0.09120730310678482,1.8156968355178833
split_random,drug_mean,"NK cells, I-BET151",0.54086816,1.2231826,0.7642133831977844,1.5402618646621704
split_random,drug_mean,"NK cells, Foretinib",0.34194252,0.9573988,0.5416256189346313,1.7111939191818237
split_random,drug_mean,"T cells, Topotecan",0.54943055,0.90050673,0.7610130310058594,1.6067463159561157
split_random,drug_mean,"NK cells, K-02288",0.047912464,0.742847,0.05638039857149124,1.8410238027572632
split_random,drug_mean,"T cells, Porcn Inhibitor III",0.35852236,0.66155887,0.6207091808319092,1.424889087677002
split_random,drug_mean,"NK cells, Proscillaridin A;Proscillaridin-A",0.7799366,1.5751841,0.8863514065742493,1.4765499830245972
split_random,drug_mean,"T cells, Vorinostat",0.7270911,1.5605707,0.7978113889694214,2.0905978679656982
split_random,drug_mean,"NK cells, BMS-265246",0.49938154,1.025969,0.7787986993789673,1.3666179180145264
split_random,drug_mean,"NK cells, Ruxolitinib",0.2618269,0.9927588,0.4785003662109375,1.7089214324951172
split_random,drug_mean,"T cells, Pomalidomide",0.5566245,1.0365183,0.732839047908783,2.000437021255493
split_random,drug_mean,"NK cells, Dovitinib",0.25857127,0.8274858,0.4357120096683502,1.785685420036316
split_random,drug_mean,"NK cells, AVL-292",0.26113427,0.82656807,0.47108447551727295,1.711806297302246
split_random,drug_mean,"B cells, Navitoclax",0.27378887,0.8568194,0.5190091133117676,1.9051083326339722
split_random,drug_mean,"T cells, Palbociclib",0.28743666,0.58291477,0.6070923209190369,1.5247398614883423
split_random,drug_mean,"B cells, AMD-070 (hydrochloride)",0.16460833,0.71371156,0.33300769329071045,1.8025859594345093
split_random,drug_mean,"T cells, Chlorpheniramine",0.19682956,0.622623,0.4285241365432739,1.6195937395095825
split_random,drug_mean,"NK cells, Vardenafil",0.08949141,0.7250137,0.0993550643324852,1.8738396167755127
split_random,drug_mean,"T cells, Dasatinib",0.4914929,1.023866,0.710889458656311,1.7634775638580322
split_random,drug_mean,"NK cells, PF-04691502",0.29831627,1.0834839,0.5573479533195496,1.6606124639511108
split_random,drug_mean,"Myeloid cells, Dactolisib",0.58949244,1.7533379,0.6706568598747253,2.4283347129821777
split_random,drug_mean,"NK cells, Amiodarone",0.08510376,0.7238099,0.12202239036560059,1.8356090784072876
split_random,drug_mean,"Myeloid cells, Isoniazid",0.11273267,0.64368033,0.17386667430400848,1.75322687625885
split_random,drug_mean,"NK cells, IMD-0354",0.40704274,1.1935601,0.6597985029220581,1.6994484663009644
split_random,drug_mean,"T cells, IMD-0354",0.599165,1.3987669,0.7294148206710815,2.023000717163086
split_random,drug_mean,"Myeloid cells, Idelalisib",0.21735963,1.0534844,0.3783395290374756,2.039804458618164
split_random,drug_mean,"NK cells, Alogliptin",0.114717126,0.6658895,0.2640369236469269,1.764570713043213
split_random,drug_mean,"Myeloid cells, Penfluridol",0.17406203,0.7411616,0.36379438638687134,1.790758728981018
split_random,drug_mean,"NK cells, RN-486",0.028888298,0.7912541,0.1447683423757553,1.8793110847473145
split_random,drug_mean,"NK cells, Decitabine",0.065190904,0.6782098,0.06420040130615234,1.7864395380020142
split_random,drug_mean,"NK cells, Defactinib",0.15888219,0.90227133,0.31835147738456726,1.8015495538711548
split_random,drug_mean,"T cells, Defactinib",0.36257705,0.8424153,0.6526500582695007,1.637622356414795
split_random,drug_mean,"NK cells, Resminostat",0.5431849,1.4025551,0.7288673520088196,1.7583516836166382
split_random,drug_mean,"T cells, Resminostat",0.6813883,1.6344764,0.7692508101463318,2.0749521255493164
split_random,drug_mean,"B cells, Crizotinib",0.45430714,0.8591463,0.7151503562927246,1.7720365524291992
split_random,drug_mean,"NK cells, Nilotinib",0.25654268,0.9129464,0.4682285189628601,1.7365789413452148
split_random,drug_mean,"NK cells, AT 7867",0.22261205,0.89097303,0.45419788360595703,1.7575676441192627
split_random,drug_mean,"T cells, OSI-930",0.16947058,0.58733666,0.31835779547691345,1.603044867515564
split_random,drug_mean,"T cells, GO-6976",0.38837475,0.84250116,0.624144434928894,1.7058420181274414
split_random,drug_mean,"NK cells, Saracatinib",0.29408535,1.012812,0.4660043716430664,1.7547343969345093
split_random,drug_mean,"NK cells, TGX 221",0.2290447,0.93227684,0.3924359381198883,1.764689564704895
split_random,drug_mean,"T cells, TGX 221",0.48288733,0.7836722,0.7711203098297119,1.3491206169128418
split_random,drug_mean,"T cells, Pitavastatin Calcium",0.5703146,1.3323466,0.7404386401176453,1.9103189706802368
split_random,drug_mean,"NK cells, ABT737",0.058292028,0.87964857,0.1616048365831375,1.9407564401626587
split_random,drug_mean,"B cells, PRT-062607",0.48867562,1.061587,0.6877943277359009,1.8999919891357422
split_random,drug_mean,"Myeloid cells, PRT-062607",0.35624486,1.4229213,0.5147618055343628,2.3794054985046387
split_random,drug_mean,"T cells, AZ628",0.46257383,0.73991764,0.7347612977027893,1.5083001852035522
split_random,drug_mean,"B cells, Masitinib",0.23176807,0.74880713,0.337302565574646,1.7823967933654785
split_random,drug_mean,"T cells, CGM-097",0.60539305,1.0692197,0.7577595114707947,1.8993427753448486
split_random,drug_mean,"NK cells, SLx-2119",0.13630165,0.7926849,0.2633809447288513,1.9091596603393555
split_random,drug_mean,"T cells, SLx-2119",0.21878144,0.6884582,0.4789729118347168,1.6717299222946167
split_random,drug_mean,"NK cells, Nefazodone",0.11984998,0.69970953,0.13969694077968597,1.859288215637207
split_random,drug_mean,"T cells, TPCA-1",0.5793732,0.9962458,0.7809752225875854,1.630765676498413
split_random,drug_mean,"NK cells, MGCD-265",0.06166024,0.73182064,0.08978480100631714,1.8318402767181396
split_random,drug_mean,"B cells, Ricolinostat",0.4377667,0.87899053,0.6534600853919983,1.4759827852249146
split_random,drug_mean,"NK cells, Ricolinostat",0.3083464,0.95088845,0.49762919545173645,1.6478986740112305
split_random,drug_mean,"Myeloid cells, Midostaurin",0.2537514,1.1766902,0.44506382942199707,2.236185312271118
split_random,drug_mean,"T cells, Imatinib",0.107924975,0.5748878,0.19833911955356598,1.595005989074707
split_random,drug_mean,"NK cells, Mometasone Furoate",0.42320874,1.2304237,0.6761868596076965,1.6855264902114868
split_random,drug_mean,"T cells, Tipifarnib",0.39086315,0.67583287,0.6655551791191101,1.5624252557754517
split_random,drug_mean,"T cells, BX 912",0.41092393,0.7928352,0.7039324045181274,1.7199400663375854
split_random,drug_mean,"NK cells, PF-03814735",0.3042629,1.3055993,0.4996035397052765,1.8684300184249878
split_random,drug_mean,"T cells, PF-03814735",0.5407229,1.1866322,0.733810305595398,1.650037407875061
split_random,drug_mean,"NK cells, AZD4547",0.09701616,0.71611756,0.1849478781223297,1.826379418373108
split_random,drug_mean,"NK cells, Selumetinib",0.1557326,0.9447411,0.3111836016178131,1.838255524635315
split_random,drug_mean,"T cells, Selumetinib",0.33506835,0.83493125,0.6544798612594604,1.5392956733703613
split_random,drug_mean,"NK cells, Clotrimazole",0.08525104,0.7268971,0.14561326801776886,1.8427866697311401
split_random,drug_mean,"Myeloid cells, RG7090",0.29775682,0.85495245,0.5162851810455322,1.8199416399002075
split_random,drug_mean,"NK cells, RG7090",0.17562537,0.7824238,0.2951809763908386,1.7908860445022583
split_random,drug_mean,"NK cells, Mubritinib (TAK 165)",0.26355863,0.99233633,0.5150378346443176,1.83536958694458
split_random,drug_mean,"T cells, Mubritinib (TAK 165)",0.36898094,1.1424134,0.5579254627227783,2.098114013671875
split_random,drug_mean,"B cells, Lapatinib",0.24518095,0.65654707,0.5350027680397034,1.6133813858032227
split_random,drug_mean,"Myeloid cells, Atorvastatin",0.23956531,0.74001116,0.5307586789131165,1.8352878093719482
split_random,drug_mean,"Myeloid cells, Ixabepilone",0.18283707,0.6830428,0.33373790979385376,1.784783124923706
split_random,drug_mean,"Myeloid cells, Protriptyline",0.14890629,0.5976912,0.2774102985858917,1.635757565498352
split_random,drug_mean,"Myeloid cells, Phenylbutazone",0.16267493,0.6035885,0.23364000022411346,1.657736897468567
split_random,drug_mean,"B cells, Sgc-cbp30",0.29125923,0.73700136,0.5753818154335022,1.5934504270553589
split_random,drug_mean,"Myeloid cells, Dasatinib",0.3716037,1.488534,0.5273372530937195,2.3751161098480225
split_random,drug_mean,"Myeloid cells, AT13387",0.33985108,1.5823287,0.49639132618904114,2.2351293563842773
split_random,drug_mean,"Myeloid cells, Perhexiline",0.36593187,0.98778504,0.5895696878433228,1.8522051572799683
split_random,drug_mean,"B cells, RVX-208",0.42435142,0.74344796,0.6048537492752075,1.5595037937164307
split_random,drug_mean,"Myeloid cells, IKK Inhibitor VII",0.2995521,1.5132942,0.4511403441429138,2.574225425720215
split_random,drug_mean,"B cells, RN-486",0.028178418,0.7305567,-0.0628911703824997,1.8782978057861328
split_random,drug_mean,"Myeloid cells, CC-401",0.45148677,0.8677246,0.6353919506072998,1.783410668373108
split_random,drug_mean,"B cells, Lamivudine",0.1447272,0.68321866,0.24128800630569458,1.7670773267745972
split_random,drug_mean,"B cells, GSK-1070916",0.26260936,0.66807127,0.41926005482673645,1.5938165187835693
split_random,drug_mean,"B cells, Buspirone",0.1501958,0.6054272,0.17837175726890564,1.8090639114379883
split_random,drug_mean,"B cells, SCH-58261",0.08880355,0.6400572,0.14084109663963318,1.7130560874938965
split_random,drug_mean,"Myeloid cells, Colforsin",0.15219809,0.70723534,0.2841264009475708,1.9161256551742554
split_random,drug_mean,"B cells, Tosedostat",0.24704628,0.7838173,0.4950372278690338,1.5983723402023315
split_random,drug_mean,"Myeloid cells, Doxorubicin",0.5334723,2.0119767,0.6151191592216492,2.6494300365448
split_random,drug_mean,"Myeloid cells, PF-03814735",0.42594555,1.8267677,0.5308655500411987,2.5367159843444824
split_random,drug_mean,"B cells, Prednisolone",0.4508313,1.1289327,0.6782042384147644,1.8310329914093018
split_random,drug_mean,"Myeloid cells, Clotrimazole",0.19092904,0.77478445,0.37220507860183716,1.8382965326309204
split_random,drug_mean,"Myeloid cells, Vanoxerine",0.21285343,0.65751314,0.40181589126586914,1.65474534034729
split_cell_heldout,global_train_mean,"T cells, TIE2 Kinase Inhibitor",0.13322942,0.56621516,0.36613982915878296,1.6239948272705078
split_cell_heldout,global_train_mean,"T cells, MK-5108",0.085826755,0.55545217,0.1441657543182373,1.694636583328247
split_cell_heldout,global_train_mean,"T cells, Lapatinib",-0.04857703,0.64026487,-0.032261475920677185,1.8856027126312256
split_cell_heldout,global_train_mean,"T cells, Atorvastatin",0.18359146,0.54962265,0.39951783418655396,1.6366441249847412
split_cell_heldout,global_train_mean,"T cells, Ganetespib (STA-9090)",0.35497123,2.143626,0.4435880482196808,3.0420982837677
split_cell_heldout,global_train_mean,"T cells, Clomipramine",0.23542285,0.5494857,0.4683436453342438,1.6060882806777954
split_cell_heldout,global_train_mean,"T cells, Sunitinib",0.3590321,0.65823364,0.6346806883811951,1.7607684135437012
split_cell_heldout,global_train_mean,"T cells, Tivozanib",0.22696094,0.6379348,0.4583607017993927,1.8239367008209229
split_cell_heldout,global_train_mean,"T cells, Tamatinib",0.5485379,1.0272875,0.7521531581878662,2.1073434352874756
split_cell_heldout,global_train_mean,"T cells, Ixabepilone",0.021740256,0.5583837,-0.10481016337871552,1.836303949356079
split_cell_heldout,global_train_mean,"T cells, Linagliptin",0.15795143,0.51069844,0.20313821732997894,1.5813028812408447
split_cell_heldout,global_train_mean,"T cells, 5-(9-Isopropyl-8-methyl-2-morpholino-9H-purin-6-yl)pyrimidin-2-amine",0.5619866,1.3538934,0.7364051938056946,2.4268622398376465
split_cell_heldout,global_train_mean,"T cells, O-Demethylated Adapalene",0.27105942,0.57435775,0.5120665431022644,1.719565510749817
split_cell_heldout,global_train_mean,"T cells, Protriptyline",0.08718732,0.51137984,0.2639804184436798,1.6504324674606323
split_cell_heldout,global_train_mean,"T cells, I-BET151",0.32469285,1.9232069,0.42401668429374695,2.9083330631256104
split_cell_heldout,global_train_mean,"T cells, Foretinib",0.47639954,0.8237989,0.7252744436264038,1.944056510925293
split_cell_heldout,global_train_mean,"T cells, GW843682X",0.13196105,0.5978474,0.3049905300140381,1.9510934352874756
split_cell_heldout,global_train_mean,"T cells, BMS-387032",0.359982,1.2360486,0.5494005680084229,2.4177353382110596
split_cell_heldout,global_train_mean,"T cells, IN1451",0.247376,2.7921305,0.29601386189460754,3.404006242752075
split_cell_heldout,global_train_mean,"T cells, Raloxifene",-0.19467291,0.9314254,-0.314084529876709,2.13433575630188
split_cell_heldout,global_train_mean,"T cells, Topotecan",0.08988649,1.0575233,0.20107322931289673,2.2983522415161133
split_cell_heldout,global_train_mean,"T cells, BAY 87-2243",0.34902114,1.2564847,0.5277009010314941,2.3904311656951904
split_cell_heldout,global_train_mean,"T cells, Phenylbutazone",-0.0026015488,0.5582559,-0.17944134771823883,1.8303254842758179
split_cell_heldout,global_train_mean,"T cells, K-02288",0.16153061,0.5515872,0.32850247621536255,1.6891411542892456
split_cell_heldout,global_train_mean,"T cells, BMS-777607",0.30390722,0.5464078,0.6131545901298523,1.5364887714385986
split_cell_heldout,global_train_mean,"T cells, Porcn Inhibitor III",-0.28120527,0.72588867,-0.4573128819465637,1.8919192552566528
split_cell_heldout,global_train_mean,"T cells, TL_HRAS26",0.19687298,0.5434208,0.37640804052352905,1.8937932252883911
split_cell_heldout,global_train_mean,"T cells, Proscillaridin A;Proscillaridin-A",-0.024772711,2.9893453,-0.02784929983317852,3.546248197555542
split_cell_heldout,global_train_mean,"T cells, Vorinostat",0.28894845,2.1617236,0.3707827031612396,3.061948537826538
split_cell_heldout,global_train_mean,"T cells, BMS-265246",0.12485078,1.3695374,0.24082162976264954,2.5595014095306396
split_cell_heldout,global_train_mean,"T cells, Ruxolitinib",0.511488,0.8930864,0.738612949848175,1.9776405096054077
split_cell_heldout,global_train_mean,"T cells, Pomalidomide",-0.17461668,1.308563,-0.24109552800655365,2.715252161026001
split_cell_heldout,global_train_mean,"T cells, Dovitinib",0.37129968,0.7421824,0.6534827947616577,2.01507830619812
split_cell_heldout,global_train_mean,"T cells, AVL-292",0.46638864,0.7310984,0.7301310300827026,1.8515005111694336
split_cell_heldout,global_train_mean,"T cells, Navitoclax",-0.06625461,0.5934663,0.3020536005496979,1.834519386291504
split_cell_heldout,global_train_mean,"T cells, Methotrexate",-0.08209604,0.6573647,-0.37416717410087585,2.045820474624634
split_cell_heldout,global_train_mean,"T cells, Palbociclib",0.263806,0.52446747,0.6210733652114868,1.600044846534729
split_cell_heldout,global_train_mean,"T cells, Trametinib",0.30894744,0.6778332,0.6062509417533875,1.8590434789657593
split_cell_heldout,global_train_mean,"T cells, AMD-070 (hydrochloride)",0.19238676,0.60138065,0.4356045424938202,1.7609128952026367
split_cell_heldout,global_train_mean,"T cells, Sgc-cbp30",0.2301417,0.75624573,0.3935937285423279,1.9499009847640991
split_cell_heldout,global_train_mean,"T cells, FK 866",0.15189753,0.97722375,0.33170372247695923,2.200202465057373
split_cell_heldout,global_train_mean,"T cells, Chlorpheniramine",0.31368828,0.55896384,0.5752665996551514,1.5926238298416138
split_cell_heldout,global_train_mean,"T cells, Scriptaid",0.27761778,2.2431862,0.3514695465564728,3.1155123710632324
split_cell_heldout,global_train_mean,"T cells, BAY 61-3606",0.31531218,1.827318,0.4263804852962494,2.842625379562378
split_cell_heldout,global_train_mean,"T cells, LY2090314",-0.22847567,2.5058103,-0.2797563076019287,3.3820321559906006
split_cell_heldout,global_train_mean,"T cells, Vardenafil",0.16330332,0.5503159,0.44430944323539734,1.6591660976409912
split_cell_heldout,global_train_mean,"T cells, Dasatinib",0.5417932,1.0402093,0.7563470005989075,2.134154796600342
split_cell_heldout,global_train_mean,"T cells, AT13387",0.3670787,2.0436575,0.47005707025527954,2.9735913276672363
split_cell_heldout,global_train_mean,"T cells, PF-04691502",0.48480308,1.0626719,0.6936206221580505,2.254999876022339
split_cell_heldout,global_train_mean,"T cells, Perhexiline",0.5297754,0.92681795,0.7665877938270569,2.086127996444702
split_cell_heldout,global_train_mean,"T cells, RVX-208",0.2828875,0.8247514,0.459796279668808,1.999522089958191
split_cell_heldout,global_train_mean,"T cells, Ketoconazole",-0.24790645,1.2900563,-0.4287951588630676,2.7048184871673584
split_cell_heldout,global_train_mean,"T cells, Disulfiram",0.0037164052,0.6004334,0.03164827451109886,1.7719202041625977
split_cell_heldout,global_train_mean,"T cells, Flutamide",0.012755132,0.5628975,0.33719703555107117,1.690379023551941
split_cell_heldout,global_train_mean,"T cells, Desloratadine",0.07548263,0.5488369,0.24639613926410675,1.6042890548706055
split_cell_heldout,global_train_mean,"T cells, Dactolisib",0.50251436,1.4935436,0.6821736693382263,2.6240363121032715
split_cell_heldout,global_train_mean,"T cells, BMS-536924",0.50704247,1.06782,0.7226893305778503,2.2554304599761963
split_cell_heldout,global_train_mean,"T cells, IKK Inhibitor VII",0.45297334,0.89837873,0.7065337896347046,2.033726453781128
split_cell_heldout,global_train_mean,"T cells, Amiodarone",0.090595804,0.61102873,0.17087362706661224,1.987779140472412
split_cell_heldout,global_train_mean,"T cells, Isoniazid",-0.026758546,0.5499782,-0.0580274872481823,1.6147018671035767
split_cell_heldout,global_train_mean,"T cells, IMD-0354",0.3896842,1.6577828,0.5244655013084412,2.7487685680389404
split_cell_heldout,global_train_mean,"T cells, Canertinib",0.16459288,0.78709036,0.33416569232940674,2.052605390548706
split_cell_heldout,global_train_mean,"T cells, Idelalisib",0.42089072,0.84851635,0.6873776316642761,2.0171403884887695
split_cell_heldout,global_train_mean,"T cells, Alogliptin",-0.063676156,0.59547853,-0.1539081484079361,1.7483935356140137
split_cell_heldout,global_train_mean,"T cells, Penfluridol",0.031743806,0.5378077,0.1465921700000763,1.674742579460144
split_cell_heldout,global_train_mean,"T cells, Quizartinib",0.13937692,0.55620915,0.2605426013469696,1.8136872053146362
split_cell_heldout,global_train_mean,"T cells, RN-486",0.043032903,0.5362432,0.1813022643327713,1.6336992979049683
split_cell_heldout,global_train_mean,"T cells, PD-0325901",0.45061472,0.8225381,0.698009192943573,1.9748575687408447
split_cell_heldout,global_train_mean,"T cells, Decitabine",0.16935429,0.5070595,0.2908344268798828,1.6508593559265137
split_cell_heldout,global_train_mean,"T cells, LDN 193189",0.16960435,0.569145,0.34565117955207825,1.7072153091430664
split_cell_heldout,global_train_mean,"T cells, Cabozantinib",-0.09867047,0.6780416,-0.1365092396736145,1.916245460510254
split_cell_heldout,global_train_mean,"T cells, Riociguat",0.1263793,0.5231964,0.11730985343456268,1.7756197452545166
split_cell_heldout,global_train_mean,"T cells, CHIR-99021",-0.26496136,1.5211623,-0.4018872380256653,2.8573944568634033
split_cell_heldout,global_train_mean,"T cells, Defactinib",0.12855163,0.76891536,0.30961528420448303,2.0731606483459473
split_cell_heldout,global_train_mean,"T cells, BI-D1870",-0.018917643,0.619768,-0.02680433914065361,1.7229658365249634
split_cell_heldout,global_train_mean,"T cells, AZD3514",0.29778257,0.7504409,0.496379017829895,1.9398484230041504
split_cell_heldout,global_train_mean,"T cells, HMN-214",-0.16951905,0.76537097,-0.46477189660072327,2.2409911155700684
split_cell_heldout,global_train_mean,"T cells, CC-401",0.42539474,0.77414715,0.6652385592460632,1.9173738956451416
split_cell_heldout,global_train_mean,"T cells, Resminostat",0.32141528,2.1684196,0.4079783856868744,3.0604188442230225
split_cell_heldout,global_train_mean,"T cells, Crizotinib",0.4954643,0.76387316,0.7108840346336365,1.9061540365219116
split_cell_heldout,global_train_mean,"T cells, Azacitidine",0.15954496,0.61517286,0.3615371882915497,1.7254327535629272
split_cell_heldout,global_train_mean,"T cells, TR-14035",0.31428933,0.5554495,0.5873047709465027,1.5778484344482422
split_cell_heldout,global_train_mean,"T cells, Nilotinib",0.5286513,0.77862567,0.783413827419281,1.8383229970932007
split_cell_heldout,global_train_mean,"T cells, AT 7867",0.22642207,0.8599372,0.3945707678794861,2.031923532485962
split_cell_heldout,global_train_mean,"T cells, OSI-930",-0.06543229,0.570001,-0.13708488643169403,1.735432744026184
split_cell_heldout,global_train_mean,"T cells, GO-6976",-0.15112028,0.94007105,-0.30573713779449463,2.1658735275268555
split_cell_heldout,global_train_mean,"T cells, Saracatinib",0.5286097,0.80861855,0.754383385181427,1.8580387830734253
split_cell_heldout,global_train_mean,"T cells, RG7112",0.29645637,0.60203177,0.5336540341377258,2.1567234992980957
split_cell_heldout,global_train_mean,"T cells, Lamivudine",0.18889017,0.51870644,0.3017641007900238,1.5915110111236572
split_cell_heldout,global_train_mean,"T cells, TGX 221",0.5344375,0.6861593,0.8037359118461609,1.7317050695419312
split_cell_heldout,global_train_mean,"T cells, Pitavastatin Calcium",-0.25326222,1.6480643,-0.35154417157173157,2.893867254257202
split_cell_heldout,global_train_mean,"T cells, ABT737",0.0589592,0.6148291,0.37799349427223206,1.8671940565109253
split_cell_heldout,global_train_mean,"T cells, PRT-062607",0.5834967,0.9498473,0.7997916340827942,2.017326593399048
split_cell_heldout,global_train_mean,"T cells, AZ628",0.5324017,0.6935242,0.7898920774459839,1.7824249267578125
split_cell_heldout,global_train_mean,"T cells, AZD-8330",0.50728637,0.7241879,0.7738701701164246,1.791020393371582
split_cell_heldout,global_train_mean,"T cells, Masitinib",0.20784721,0.56482863,0.612971842288971,1.5236865282058716
split_cell_heldout,global_train_mean,"T cells, Ceritinib",0.41520473,0.56428987,0.6960668563842773,1.5730934143066406
split_cell_heldout,global_train_mean,"T cells, CGM-097",-0.092141606,1.3845332,-0.13400690257549286,2.687864065170288
split_cell_heldout,global_train_mean,"T cells, SLx-2119",0.26048243,0.59804547,0.4881897270679474,1.7740377187728882
split_cell_heldout,global_train_mean,"T cells, Nefazodone",0.31184462,0.46879992,0.5981908440589905,1.5052132606506348
split_cell_heldout,global_train_mean,"T cells, STK219801",0.12926453,0.56944406,0.2505795359611511,1.8519814014434814
split_cell_heldout,global_train_mean,"T cells, TPCA-1",0.5686357,1.0884047,0.7599903345108032,2.1587393283843994
split_cell_heldout,global_train_mean,"T cells, MGCD-265",0.37214836,0.4662535,0.6144229173660278,1.492770791053772
split_cell_heldout,global_train_mean,"T cells, GSK-1070916",0.2798357,0.5779481,0.5672287940979004,1.684355616569519
split_cell_heldout,global_train_mean,"T cells, Ricolinostat",0.19056238,0.8720195,0.41219499707221985,2.062915563583374
split_cell_heldout,global_train_mean,"T cells, Bosutinib",0.4817972,0.9868559,0.7030650973320007,2.1218435764312744
split_cell_heldout,global_train_mean,"T cells, Clemastine",0.29087394,0.52757245,0.6520490646362305,1.51026451587677
split_cell_heldout,global_train_mean,"T cells, YK 4-279",-0.13176052,0.65678656,-0.3063965439796448,1.7879486083984375
split_cell_heldout,global_train_mean,"T cells, Buspirone",0.025445113,0.5267913,-0.026901880279183388,1.7186065912246704
split_cell_heldout,global_train_mean,"T cells, Midostaurin",0.4433068,0.8535311,0.7206618785858154,2.0588886737823486
split_cell_heldout,global_train_mean,"T cells, CEP-37440",0.3288516,0.6441554,0.6494536995887756,1.8439069986343384
split_cell_heldout,global_train_mean,"T cells, GSK256066",0.28265166,0.73700505,0.5032418370246887,2.126208782196045
split_cell_heldout,global_train_mean,"T cells, R428",0.48520532,0.9026832,0.6951056718826294,2.070518970489502
split_cell_heldout,global_train_mean,"T cells, Oxybenzone",0.1697765,0.49437082,0.391393780708313,1.5485889911651611
split_cell_heldout,global_train_mean,"T cells, Vandetanib",0.15508808,0.5262575,0.36038291454315186,1.5884196758270264
split_cell_heldout,global_train_mean,"T cells, Imatinib",0.16641276,0.5135781,0.31582769751548767,1.5670400857925415
split_cell_heldout,global_train_mean,"T cells, SCH-58261",0.035686847,0.54970604,-0.022955534979701042,1.7339459657669067
split_cell_heldout,global_train_mean,"T cells, Colforsin",0.20224775,0.55098796,0.3428478240966797,1.5786182880401611
split_cell_heldout,global_train_mean,"T cells, Tivantinib",0.23863351,0.74392873,0.4429449737071991,1.8640999794006348
split_cell_heldout,global_train_mean,"T cells, Tosedostat",0.26682428,0.7606368,0.4786572754383087,1.9385242462158203
split_cell_heldout,global_train_mean,"T cells, Colchicine",0.20656574,0.9482095,0.3994435667991638,2.303431272506714
split_cell_heldout,global_train_mean,"T cells, ABT-199 (GDC-0199)",-0.0077205906,0.58727646,0.35220491886138916,1.730664610862732
split_cell_heldout,global_train_mean,"T cells, Mometasone Furoate",0.47969475,1.4104412,0.616527795791626,2.580724000930786
split_cell_heldout,global_train_mean,"T cells, Tipifarnib",0.40962052,0.6330176,0.701549768447876,1.7261375188827515
split_cell_heldout,global_train_mean,"T cells, BX 912",0.5382903,0.74814016,0.7945919036865234,1.8347878456115723
split_cell_heldout,global_train_mean,"T cells, Doxorubicin",0.3083746,1.3504595,0.4713611304759979,2.517037868499756
split_cell_heldout,global_train_mean,"T cells, PF-03814735",0.5289608,1.0819945,0.7337295413017273,2.198667526245117
split_cell_heldout,global_train_mean,"T cells, AZD4547",0.28044614,0.50335044,0.4662861227989197,1.5858403444290161
split_cell_heldout,global_train_mean,"T cells, Prednisolone",0.45104748,1.3625617,0.5886034369468689,2.567544460296631
split_cell_heldout,global_train_mean,"T cells, Tacalcitol",0.32706717,0.6431323,0.6489506959915161,1.7276793718338013
split_cell_heldout,global_train_mean,"T cells, Selumetinib",0.43800935,0.630945,0.7085183262825012,1.7480647563934326
split_cell_heldout,global_train_mean,"T cells, Clotrimazole",0.08465371,0.5551843,0.16402272880077362,1.7532267570495605
split_cell_heldout,global_train_mean,"T cells, RG7090",-0.15577303,0.8562819,-0.25866034626960754,2.1213173866271973
split_cell_heldout,global_train_mean,"T cells, GLPG0634",0.43204853,0.7378725,0.7251807451248169,1.818583369255066
split_cell_heldout,global_train_mean,"T cells, Mubritinib (TAK 165)",0.30459797,1.1209466,0.5148392915725708,2.3567543029785156
split_cell_heldout,global_train_mean,"T cells, Vanoxerine",0.13240993,0.59857553,0.34179821610450745,1.721913456916809
split_cell_heldout,global_train_mean,"T cells, SB525334",-0.3547582,1.0726162,-0.5552621483802795,2.411736011505127
split_cell_heldout,global_train_mean,"T cells, HYDROXYUREA",-0.025324712,0.56196165,-0.22116252779960632,1.7636351585388184
split_cell_heldout,cell_context_mean,"T cells, TIE2 Kinase Inhibitor",0.13322942,0.56621516,0.36613982915878296,1.6239948272705078
split_cell_heldout,cell_context_mean,"T cells, MK-5108",0.085826755,0.55545217,0.1441657543182373,1.694636583328247
split_cell_heldout,cell_context_mean,"T cells, Lapatinib",-0.04857703,0.64026487,-0.032261475920677185,1.8856027126312256
split_cell_heldout,cell_context_mean,"T cells, Atorvastatin",0.18359146,0.54962265,0.39951783418655396,1.6366441249847412
split_cell_heldout,cell_context_mean,"T cells, Ganetespib (STA-9090)",0.35497123,2.143626,0.4435880482196808,3.0420982837677
split_cell_heldout,cell_context_mean,"T cells, Clomipramine",0.23542285,0.5494857,0.4683436453342438,1.6060882806777954
split_cell_heldout,cell_context_mean,"T cells, Sunitinib",0.3590321,0.65823364,0.6346806883811951,1.7607684135437012
split_cell_heldout,cell_context_mean,"T cells, Tivozanib",0.22696094,0.6379348,0.4583607017993927,1.8239367008209229
split_cell_heldout,cell_context_mean,"T cells, Tamatinib",0.5485379,1.0272875,0.7521531581878662,2.1073434352874756
split_cell_heldout,cell_context_mean,"T cells, Ixabepilone",0.021740256,0.5583837,-0.10481016337871552,1.836303949356079
split_cell_heldout,cell_context_mean,"T cells, Linagliptin",0.15795143,0.51069844,0.20313821732997894,1.5813028812408447
split_cell_heldout,cell_context_mean,"T cells, 5-(9-Isopropyl-8-methyl-2-morpholino-9H-purin-6-yl)pyrimidin-2-amine",0.5619866,1.3538934,0.7364051938056946,2.4268622398376465
split_cell_heldout,cell_context_mean,"T cells, O-Demethylated Adapalene",0.27105942,0.57435775,0.5120665431022644,1.719565510749817
split_cell_heldout,cell_context_mean,"T cells, Protriptyline",0.08718732,0.51137984,0.2639804184436798,1.6504324674606323
split_cell_heldout,cell_context_mean,"T cells, I-BET151",0.32469285,1.9232069,0.42401668429374695,2.9083330631256104
split_cell_heldout,cell_context_mean,"T cells, Foretinib",0.47639954,0.8237989,0.7252744436264038,1.944056510925293
split_cell_heldout,cell_context_mean,"T cells, GW843682X",0.13196105,0.5978474,0.3049905300140381,1.9510934352874756
split_cell_heldout,cell_context_mean,"T cells, BMS-387032",0.359982,1.2360486,0.5494005680084229,2.4177353382110596
split_cell_heldout,cell_context_mean,"T cells, IN1451",0.247376,2.7921305,0.29601386189460754,3.404006242752075
split_cell_heldout,cell_context_mean,"T cells, Raloxifene",-0.19467291,0.9314254,-0.314084529876709,2.13433575630188
split_cell_heldout,cell_context_mean,"T cells, Topotecan",0.08988649,1.0575233,0.20107322931289673,2.2983522415161133
split_cell_heldout,cell_context_mean,"T cells, BAY 87-2243",0.34902114,1.2564847,0.5277009010314941,2.3904311656951904
split_cell_heldout,cell_context_mean,"T cells, Phenylbutazone",-0.0026015488,0.5582559,-0.17944134771823883,1.8303254842758179
split_cell_heldout,cell_context_mean,"T cells, K-02288",0.16153061,0.5515872,0.32850247621536255,1.6891411542892456
split_cell_heldout,cell_context_mean,"T cells, BMS-777607",0.30390722,0.5464078,0.6131545901298523,1.5364887714385986
split_cell_heldout,cell_context_mean,"T cells, Porcn Inhibitor III",-0.28120527,0.72588867,-0.4573128819465637,1.8919192552566528
split_cell_heldout,cell_context_mean,"T cells, TL_HRAS26",0.19687298,0.5434208,0.37640804052352905,1.8937932252883911
split_cell_heldout,cell_context_mean,"T cells, Proscillaridin A;Proscillaridin-A",-0.024772711,2.9893453,-0.02784929983317852,3.546248197555542
split_cell_heldout,cell_context_mean,"T cells, Vorinostat",0.28894845,2.1617236,0.3707827031612396,3.061948537826538
split_cell_heldout,cell_context_mean,"T cells, BMS-265246",0.12485078,1.3695374,0.24082162976264954,2.5595014095306396
split_cell_heldout,cell_context_mean,"T cells, Ruxolitinib",0.511488,0.8930864,0.738612949848175,1.9776405096054077
split_cell_heldout,cell_context_mean,"T cells, Pomalidomide",-0.17461668,1.308563,-0.24109552800655365,2.715252161026001
split_cell_heldout,cell_context_mean,"T cells, Dovitinib",0.37129968,0.7421824,0.6534827947616577,2.01507830619812
split_cell_heldout,cell_context_mean,"T cells, AVL-292",0.46638864,0.7310984,0.7301310300827026,1.8515005111694336
split_cell_heldout,cell_context_mean,"T cells, Navitoclax",-0.06625461,0.5934663,0.3020536005496979,1.834519386291504
split_cell_heldout,cell_context_mean,"T cells, Methotrexate",-0.08209604,0.6573647,-0.37416717410087585,2.045820474624634
split_cell_heldout,cell_context_mean,"T cells, Palbociclib",0.263806,0.52446747,0.6210733652114868,1.600044846534729
split_cell_heldout,cell_context_mean,"T cells, Trametinib",0.30894744,0.6778332,0.6062509417533875,1.8590434789657593
split_cell_heldout,cell_context_mean,"T cells, AMD-070 (hydrochloride)",0.19238676,0.60138065,0.4356045424938202,1.7609128952026367
split_cell_heldout,cell_context_mean,"T cells, Sgc-cbp30",0.2301417,0.75624573,0.3935937285423279,1.9499009847640991
split_cell_heldout,cell_context_mean,"T cells, FK 866",0.15189753,0.97722375,0.33170372247695923,2.200202465057373
split_cell_heldout,cell_context_mean,"T cells, Chlorpheniramine",0.31368828,0.55896384,0.5752665996551514,1.5926238298416138
split_cell_heldout,cell_context_mean,"T cells, Scriptaid",0.27761778,2.2431862,0.3514695465564728,3.1155123710632324
split_cell_heldout,cell_context_mean,"T cells, BAY 61-3606",0.31531218,1.827318,0.4263804852962494,2.842625379562378
split_cell_heldout,cell_context_mean,"T cells, LY2090314",-0.22847567,2.5058103,-0.2797563076019287,3.3820321559906006
split_cell_heldout,cell_context_mean,"T cells, Vardenafil",0.16330332,0.5503159,0.44430944323539734,1.6591660976409912
split_cell_heldout,cell_context_mean,"T cells, Dasatinib",0.5417932,1.0402093,0.7563470005989075,2.134154796600342
split_cell_heldout,cell_context_mean,"T cells, AT13387",0.3670787,2.0436575,0.47005707025527954,2.9735913276672363
split_cell_heldout,cell_context_mean,"T cells, PF-04691502",0.48480308,1.0626719,0.6936206221580505,2.254999876022339
split_cell_heldout,cell_context_mean,"T cells, Perhexiline",0.5297754,0.92681795,0.7665877938270569,2.086127996444702
split_cell_heldout,cell_context_mean,"T cells, RVX-208",0.2828875,0.8247514,0.459796279668808,1.999522089958191
split_cell_heldout,cell_context_mean,"T cells, Ketoconazole",-0.24790645,1.2900563,-0.4287951588630676,2.7048184871673584
split_cell_heldout,cell_context_mean,"T cells, Disulfiram",0.0037164052,0.6004334,0.03164827451109886,1.7719202041625977
split_cell_heldout,cell_context_mean,"T cells, Flutamide",0.012755132,0.5628975,0.33719703555107117,1.690379023551941
split_cell_heldout,cell_context_mean,"T cells, Desloratadine",0.07548263,0.5488369,0.24639613926410675,1.6042890548706055
split_cell_heldout,cell_context_mean,"T cells, Dactolisib",0.50251436,1.4935436,0.6821736693382263,2.6240363121032715
split_cell_heldout,cell_context_mean,"T cells, BMS-536924",0.50704247,1.06782,0.7226893305778503,2.2554304599761963
split_cell_heldout,cell_context_mean,"T cells, IKK Inhibitor VII",0.45297334,0.89837873,0.7065337896347046,2.033726453781128
split_cell_heldout,cell_context_mean,"T cells, Amiodarone",0.090595804,0.61102873,0.17087362706661224,1.987779140472412
split_cell_heldout,cell_context_mean,"T cells, Isoniazid",-0.026758546,0.5499782,-0.0580274872481823,1.6147018671035767
split_cell_heldout,cell_context_mean,"T cells, IMD-0354",0.3896842,1.6577828,0.5244655013084412,2.7487685680389404
split_cell_heldout,cell_context_mean,"T cells, Canertinib",0.16459288,0.78709036,0.33416569232940674,2.052605390548706
split_cell_heldout,cell_context_mean,"T cells, Idelalisib",0.42089072,0.84851635,0.6873776316642761,2.0171403884887695
split_cell_heldout,cell_context_mean,"T cells, Alogliptin",-0.063676156,0.59547853,-0.1539081484079361,1.7483935356140137
split_cell_heldout,cell_context_mean,"T cells, Penfluridol",0.031743806,0.5378077,0.1465921700000763,1.674742579460144
split_cell_heldout,cell_context_mean,"T cells, Quizartinib",0.13937692,0.55620915,0.2605426013469696,1.8136872053146362
split_cell_heldout,cell_context_mean,"T cells, RN-486",0.043032903,0.5362432,0.1813022643327713,1.6336992979049683
split_cell_heldout,cell_context_mean,"T cells, PD-0325901",0.45061472,0.8225381,0.698009192943573,1.9748575687408447
split_cell_heldout,cell_context_mean,"T cells, Decitabine",0.16935429,0.5070595,0.2908344268798828,1.6508593559265137
split_cell_heldout,cell_context_mean,"T cells, LDN 193189",0.16960435,0.569145,0.34565117955207825,1.7072153091430664
split_cell_heldout,cell_context_mean,"T cells, Cabozantinib",-0.09867047,0.6780416,-0.1365092396736145,1.916245460510254
split_cell_heldout,cell_context_mean,"T cells, Riociguat",0.1263793,0.5231964,0.11730985343456268,1.7756197452545166
split_cell_heldout,cell_context_mean,"T cells, CHIR-99021",-0.26496136,1.5211623,-0.4018872380256653,2.8573944568634033
split_cell_heldout,cell_context_mean,"T cells, Defactinib",0.12855163,0.76891536,0.30961528420448303,2.0731606483459473
split_cell_heldout,cell_context_mean,"T cells, BI-D1870",-0.018917643,0.619768,-0.02680433914065361,1.7229658365249634
split_cell_heldout,cell_context_mean,"T cells, AZD3514",0.29778257,0.7504409,0.496379017829895,1.9398484230041504
split_cell_heldout,cell_context_mean,"T cells, HMN-214",-0.16951905,0.76537097,-0.46477189660072327,2.2409911155700684
split_cell_heldout,cell_context_mean,"T cells, CC-401",0.42539474,0.77414715,0.6652385592460632,1.9173738956451416
split_cell_heldout,cell_context_mean,"T cells, Resminostat",0.32141528,2.1684196,0.4079783856868744,3.0604188442230225
split_cell_heldout,cell_context_mean,"T cells, Crizotinib",0.4954643,0.76387316,0.7108840346336365,1.9061540365219116
split_cell_heldout,cell_context_mean,"T cells, Azacitidine",0.15954496,0.61517286,0.3615371882915497,1.7254327535629272
split_cell_heldout,cell_context_mean,"T cells, TR-14035",0.31428933,0.5554495,0.5873047709465027,1.5778484344482422
split_cell_heldout,cell_context_mean,"T cells, Nilotinib",0.5286513,0.77862567,0.783413827419281,1.8383229970932007
split_cell_heldout,cell_context_mean,"T cells, AT 7867",0.22642207,0.8599372,0.3945707678794861,2.031923532485962
split_cell_heldout,cell_context_mean,"T cells, OSI-930",-0.06543229,0.570001,-0.13708488643169403,1.735432744026184
split_cell_heldout,cell_context_mean,"T cells, GO-6976",-0.15112028,0.94007105,-0.30573713779449463,2.1658735275268555
split_cell_heldout,cell_context_mean,"T cells, Saracatinib",0.5286097,0.80861855,0.754383385181427,1.8580387830734253
split_cell_heldout,cell_context_mean,"T cells, RG7112",0.29645637,0.60203177,0.5336540341377258,2.1567234992980957
split_cell_heldout,cell_context_mean,"T cells, Lamivudine",0.18889017,0.51870644,0.3017641007900238,1.5915110111236572
split_cell_heldout,cell_context_mean,"T cells, TGX 221",0.5344375,0.6861593,0.8037359118461609,1.7317050695419312
split_cell_heldout,cell_context_mean,"T cells, Pitavastatin Calcium",-0.25326222,1.6480643,-0.35154417157173157,2.893867254257202
split_cell_heldout,cell_context_mean,"T cells, ABT737",0.0589592,0.6148291,0.37799349427223206,1.8671940565109253
split_cell_heldout,cell_context_mean,"T cells, PRT-062607",0.5834967,0.9498473,0.7997916340827942,2.017326593399048
split_cell_heldout,cell_context_mean,"T cells, AZ628",0.5324017,0.6935242,0.7898920774459839,1.7824249267578125
split_cell_heldout,cell_context_mean,"T cells, AZD-8330",0.50728637,0.7241879,0.7738701701164246,1.791020393371582
split_cell_heldout,cell_context_mean,"T cells, Masitinib",0.20784721,0.56482863,0.612971842288971,1.5236865282058716
split_cell_heldout,cell_context_mean,"T cells, Ceritinib",0.41520473,0.56428987,0.6960668563842773,1.5730934143066406
split_cell_heldout,cell_context_mean,"T cells, CGM-097",-0.092141606,1.3845332,-0.13400690257549286,2.687864065170288
split_cell_heldout,cell_context_mean,"T cells, SLx-2119",0.26048243,0.59804547,0.4881897270679474,1.7740377187728882
split_cell_heldout,cell_context_mean,"T cells, Nefazodone",0.31184462,0.46879992,0.5981908440589905,1.5052132606506348
split_cell_heldout,cell_context_mean,"T cells, STK219801",0.12926453,0.56944406,0.2505795359611511,1.8519814014434814
split_cell_heldout,cell_context_mean,"T cells, TPCA-1",0.5686357,1.0884047,0.7599903345108032,2.1587393283843994
split_cell_heldout,cell_context_mean,"T cells, MGCD-265",0.37214836,0.4662535,0.6144229173660278,1.492770791053772
split_cell_heldout,cell_context_mean,"T cells, GSK-1070916",0.2798357,0.5779481,0.5672287940979004,1.684355616569519
split_cell_heldout,cell_context_mean,"T cells, Ricolinostat",0.19056238,0.8720195,0.41219499707221985,2.062915563583374
split_cell_heldout,cell_context_mean,"T cells, Bosutinib",0.4817972,0.9868559,0.7030650973320007,2.1218435764312744
split_cell_heldout,cell_context_mean,"T cells, Clemastine",0.29087394,0.52757245,0.6520490646362305,1.51026451587677
split_cell_heldout,cell_context_mean,"T cells, YK 4-279",-0.13176052,0.65678656,-0.3063965439796448,1.7879486083984375
split_cell_heldout,cell_context_mean,"T cells, Buspirone",0.025445113,0.5267913,-0.026901880279183388,1.7186065912246704
split_cell_heldout,cell_context_mean,"T cells, Midostaurin",0.4433068,0.8535311,0.7206618785858154,2.0588886737823486
split_cell_heldout,cell_context_mean,"T cells, CEP-37440",0.3288516,0.6441554,0.6494536995887756,1.8439069986343384
split_cell_heldout,cell_context_mean,"T cells, GSK256066",0.28265166,0.73700505,0.5032418370246887,2.126208782196045
split_cell_heldout,cell_context_mean,"T cells, R428",0.48520532,0.9026832,0.6951056718826294,2.070518970489502
split_cell_heldout,cell_context_mean,"T cells, Oxybenzone",0.1697765,0.49437082,0.391393780708313,1.5485889911651611
split_cell_heldout,cell_context_mean,"T cells, Vandetanib",0.15508808,0.5262575,0.36038291454315186,1.5884196758270264
split_cell_heldout,cell_context_mean,"T cells, Imatinib",0.16641276,0.5135781,0.31582769751548767,1.5670400857925415
split_cell_heldout,cell_context_mean,"T cells, SCH-58261",0.035686847,0.54970604,-0.022955534979701042,1.7339459657669067
split_cell_heldout,cell_context_mean,"T cells, Colforsin",0.20224775,0.55098796,0.3428478240966797,1.5786182880401611
split_cell_heldout,cell_context_mean,"T cells, Tivantinib",0.23863351,0.74392873,0.4429449737071991,1.8640999794006348
split_cell_heldout,cell_context_mean,"T cells, Tosedostat",0.26682428,0.7606368,0.4786572754383087,1.9385242462158203
split_cell_heldout,cell_context_mean,"T cells, Colchicine",0.20656574,0.9482095,0.3994435667991638,2.303431272506714
split_cell_heldout,cell_context_mean,"T cells, ABT-199 (GDC-0199)",-0.0077205906,0.58727646,0.35220491886138916,1.730664610862732
split_cell_heldout,cell_context_mean,"T cells, Mometasone Furoate",0.47969475,1.4104412,0.616527795791626,2.580724000930786
split_cell_heldout,cell_context_mean,"T cells, Tipifarnib",0.40962052,0.6330176,0.701549768447876,1.7261375188827515
split_cell_heldout,cell_context_mean,"T cells, BX 912",0.5382903,0.74814016,0.7945919036865234,1.8347878456115723
split_cell_heldout,cell_context_mean,"T cells, Doxorubicin",0.3083746,1.3504595,0.4713611304759979,2.517037868499756
split_cell_heldout,cell_context_mean,"T cells, PF-03814735",0.5289608,1.0819945,0.7337295413017273,2.198667526245117
split_cell_heldout,cell_context_mean,"T cells, AZD4547",0.28044614,0.50335044,0.4662861227989197,1.5858403444290161
split_cell_heldout,cell_context_mean,"T cells, Prednisolone",0.45104748,1.3625617,0.5886034369468689,2.567544460296631
split_cell_heldout,cell_context_mean,"T cells, Tacalcitol",0.32706717,0.6431323,0.6489506959915161,1.7276793718338013
split_cell_heldout,cell_context_mean,"T cells, Selumetinib",0.43800935,0.630945,0.7085183262825012,1.7480647563934326
split_cell_heldout,cell_context_mean,"T cells, Clotrimazole",0.08465371,0.5551843,0.16402272880077362,1.7532267570495605
split_cell_heldout,cell_context_mean,"T cells, RG7090",-0.15577303,0.8562819,-0.25866034626960754,2.1213173866271973
split_cell_heldout,cell_context_mean,"T cells, GLPG0634",0.43204853,0.7378725,0.7251807451248169,1.818583369255066
split_cell_heldout,cell_context_mean,"T cells, Mubritinib (TAK 165)",0.30459797,1.1209466,0.5148392915725708,2.3567543029785156
split_cell_heldout,cell_context_mean,"T cells, Vanoxerine",0.13240993,0.59857553,0.34179821610450745,1.721913456916809
split_cell_heldout,cell_context_mean,"T cells, SB525334",-0.3547582,1.0726162,-0.5552621483802795,2.411736011505127
split_cell_heldout,cell_context_mean,"T cells, HYDROXYUREA",-0.025324712,0.56196165,-0.22116252779960632,1.7636351585388184
split_cell_heldout,drug_mean,"T cells, TIE2 Kinase Inhibitor",0.27977133,0.56486076,0.5771811008453369,1.4693845510482788
split_cell_heldout,drug_mean,"T cells, MK-5108",0.27133536,0.55855364,0.5494440793991089,1.481903076171875
split_cell_heldout,drug_mean,"T cells, Lapatinib",0.33840114,0.58930916,0.661399781703949,1.4930510520935059
split_cell_heldout,drug_mean,"T cells, Atorvastatin",0.2894832,0.5796861,0.5953207612037659,1.440710425376892
split_cell_heldout,drug_mean,"T cells, Ganetespib (STA-9090)",0.65067536,1.7117163,0.7329311966896057,2.320824146270752
split_cell_heldout,drug_mean,"T cells, Clomipramine",0.32303515,0.5724273,0.6055377721786499,1.4446280002593994
split_cell_heldout,drug_mean,"T cells, Sunitinib",0.39751667,0.67185825,0.6743292212486267,1.5549684762954712
split_cell_heldout,drug_mean,"T cells, Tivozanib",0.35117295,0.654018,0.6841452717781067,1.5541415214538574
split_cell_heldout,drug_mean,"T cells, Tamatinib",0.57968485,0.9507969,0.780096709728241,1.5621954202651978
split_cell_heldout,drug_mean,"T cells, Ixabepilone",0.22043109,0.5673883,0.5009956955909729,1.5155786275863647
split_cell_heldout,drug_mean,"T cells, Linagliptin",0.14123632,0.5689442,0.3459582030773163,1.5165042877197266
split_cell_heldout,drug_mean,"T cells, 5-(9-Isopropyl-8-methyl-2-morpholino-9H-purin-6-yl)pyrimidin-2-amine",0.67978835,1.079781,0.8033649921417236,1.6789568662643433
split_cell_heldout,drug_mean,"T cells, O-Demethylated Adapalene",0.30445686,0.6246751,0.6295862793922424,1.4972847700119019
split_cell_heldout,drug_mean,"T cells, Protriptyline",0.16995956,0.5345723,0.4271106719970703,1.5668178796768188
split_cell_heldout,drug_mean,"T cells, I-BET151",0.7111071,1.4331268,0.799788236618042,2.037534475326538
split_cell_heldout,drug_mean,"T cells, Foretinib",0.49979663,0.8534882,0.7547361254692078,1.4978853464126587
split_cell_heldout,drug_mean,"T cells, GW843682X",0.32229838,0.6008078,0.6533847451210022,1.4965111017227173
split_cell_heldout,drug_mean,"T cells, BMS-387032",0.3487581,1.2771254,0.5307397842407227,2.1931064128875732
split_cell_heldout,drug_mean,"T cells, IN1451",0.7687715,1.9407423,0.8148676156997681,2.2927980422973633
split_cell_heldout,drug_mean,"T cells, Raloxifene",0.29626006,0.85009044,0.5317031741142273,1.786513328552246
split_cell_heldout,drug_mean,"T cells, Topotecan",0.54943055,0.90050673,0.7610130310058594,1.6067463159561157
split_cell_heldout,drug_mean,"T cells, BAY 87-2243",0.5378495,1.1169682,0.6891979575157166,1.895622730255127
split_cell_heldout,drug_mean,"T cells, Phenylbutazone",0.17227483,0.56881297,0.3829660415649414,1.5982306003570557
split_cell_heldout,drug_mean,"T cells, K-02288",0.14305523,0.6494706,0.3465723395347595,1.66713285446167
split_cell_heldout,drug_mean,"T cells, BMS-777607",0.2648137,0.61335766,0.5642745494842529,1.4854695796966553
split_cell_heldout,drug_mean,"T cells, Porcn Inhibitor III",0.35852236,0.66155887,0.6207091808319092,1.424889087677002
split_cell_heldout,drug_mean,"T cells, TL_HRAS26",0.24116643,0.5748354,0.5886790752410889,1.727949619293213
split_cell_heldout,drug_mean,"T cells, Proscillaridin A;Proscillaridin-A",0.82369465,1.7270118,0.8538662791252136,1.9451712369918823
split_cell_heldout,drug_mean,"T cells, Vorinostat",0.7270911,1.5605707,0.7978113889694214,2.0905978679656982
split_cell_heldout,drug_mean,"T cells, BMS-265246",0.6478413,1.0531509,0.8031020164489746,1.7060327529907227
split_cell_heldout,drug_mean,"T cells, Ruxolitinib",0.46820006,0.92867374,0.7242913246154785,1.6057868003845215
split_cell_heldout,drug_mean,"T cells, Pomalidomide",0.5566245,1.0365183,0.732839047908783,2.000437021255493
split_cell_heldout,drug_mean,"T cells, Dovitinib",0.4222049,0.7550087,0.7007114291191101,1.6775811910629272
split_cell_heldout,drug_mean,"T cells, AVL-292",0.467675,0.74928385,0.7367020845413208,1.5505768060684204
split_cell_heldout,drug_mean,"T cells, Navitoclax",0.23135187,0.6574686,0.5767216086387634,1.6032068729400635
split_cell_heldout,drug_mean,"T cells, Methotrexate",0.37232503,0.59711885,0.6576809287071228,1.4163999557495117
split_cell_heldout,drug_mean,"T cells, Palbociclib",0.28743666,0.58291477,0.6070923209190369,1.5247398614883423
split_cell_heldout,drug_mean,"T cells, Trametinib",0.3536532,0.78773445,0.6660809516906738,1.5753276348114014
split_cell_heldout,drug_mean,"T cells, AMD-070 (hydrochloride)",0.24946839,0.63661623,0.5615435242652893,1.641374945640564
split_cell_heldout,drug_mean,"T cells, Sgc-cbp30",0.359811,0.76212025,0.5932296514511108,1.71576988697052
split_cell_heldout,drug_mean,"T cells, FK 866",0.49482116,0.8651277,0.7113474607467651,1.731722354888916
split_cell_heldout,drug_mean,"T cells, Chlorpheniramine",0.19682956,0.622623,0.4285241365432739,1.6195937395095825
split_cell_heldout,drug_mean,"T cells, Scriptaid",0.74432355,1.5723614,0.8100326657295227,2.059560775756836
split_cell_heldout,drug_mean,"T cells, BAY 61-3606",0.64807105,1.4438483,0.7564660310745239,2.080138683319092
split_cell_heldout,drug_mean,"T cells, LY2090314",0.45019734,2.1783862,0.522240400314331,2.843292474746704
split_cell_heldout,drug_mean,"T cells, Vardenafil",0.20361093,0.5983252,0.484300434589386,1.5911527872085571
split_cell_heldout,drug_mean,"T cells, Dasatinib",0.5585856,0.9801937,0.753499448299408,1.6378426551818848
split_cell_heldout,drug_mean,"T cells, AT13387",0.62221116,1.6847552,0.710661768913269,2.351954460144043
split_cell_heldout,drug_mean,"T cells, PF-04691502",0.5201611,1.0042214,0.7369622588157654,1.795057773590088
split_cell_heldout,drug_mean,"T cells, Perhexiline",0.5554533,0.86431324,0.7767499685287476,1.6511448621749878
split_cell_heldout,drug_mean,"T cells, RVX-208",0.5078669,0.7497081,0.7031587362289429,1.587255597114563
split_cell_heldout,drug_mean,"T cells, Ketoconazole",0.6138635,0.9598143,0.7819998264312744,1.7093281745910645
split_cell_heldout,drug_mean,"T cells, Disulfiram",0.24374026,0.5852121,0.5169005393981934,1.4752553701400757
split_cell_heldout,drug_mean,"T cells, Flutamide",0.09012913,0.60948324,0.4308135211467743,1.6377944946289062
split_cell_heldout,drug_mean,"T cells, Desloratadine",0.24187566,0.558846,0.5226086974143982,1.4316014051437378
split_cell_heldout,drug_mean,"T cells, Dactolisib",0.707301,1.1376543,0.8308390378952026,1.617341160774231
split_cell_heldout,drug_mean,"T cells, BMS-536924",0.49053782,1.0262094,0.7052915692329407,1.9374333620071411
split_cell_heldout,drug_mean,"T cells, IKK Inhibitor VII",0.46725562,0.9315827,0.7230648994445801,1.6377134323120117
split_cell_heldout,drug_mean,"T cells, Amiodarone",0.2130986,0.6202557,0.5331143736839294,1.7551161050796509
split_cell_heldout,drug_mean,"T cells, Isoniazid",0.067777544,0.5933701,0.11845261603593826,1.5776396989822388
split_cell_heldout,drug_mean,"T cells, IMD-0354",0.631125,1.3513203,0.749080240726471,2.0678274631500244
split_cell_heldout,drug_mean,"T cells, Canertinib",0.40638477,0.7565271,0.6359592080116272,1.6449716091156006
split_cell_heldout,drug_mean,"T cells, Idelalisib",0.4130563,0.8698863,0.6859728097915649,1.7710182666778564
split_cell_heldout,drug_mean,"T cells, Alogliptin",0.19692485,0.5785707,0.4222699999809265,1.5644253492355347
split_cell_heldout,drug_mean,"T cells, Penfluridol",0.17166714,0.58085823,0.24998117983341217,1.6385772228240967
split_cell_heldout,drug_mean,"T cells, Quizartinib",0.16892602,0.61589164,0.4002593755722046,1.7128952741622925
split_cell_heldout,drug_mean,"T cells, RN-486",0.122939005,0.58332986,0.24633653461933136,1.6061064004898071
split_cell_heldout,drug_mean,"T cells, PD-0325901",0.35366213,0.9200985,0.6534180045127869,1.7324706315994263
split_cell_heldout,drug_mean,"T cells, Decitabine",0.13662522,0.55753344,0.21553565561771393,1.6631439924240112
split_cell_heldout,drug_mean,"T cells, LDN 193189",0.25894985,0.6087534,0.5864112973213196,1.4931232929229736
split_cell_heldout,drug_mean,"T cells, Cabozantinib",0.21864112,0.6765583,0.41981080174446106,1.700541377067566
split_cell_heldout,drug_mean,"T cells, Riociguat",0.15495656,0.56686354,0.30315229296684265,1.718044638633728
split_cell_heldout,drug_mean,"T cells, CHIR-99021",0.52107215,1.2357367,0.711712121963501,2.217501163482666
split_cell_heldout,drug_mean,"T cells, Defactinib",0.3897715,0.7504671,0.6805862188339233,1.659483551979065
split_cell_heldout,drug_mean,"T cells, BI-D1870",0.17818035,0.6681827,0.4665400981903076,1.5154963731765747
split_cell_heldout,drug_mean,"T cells, AZD3514",0.483838,0.7009751,0.7291878461837769,1.5580198764801025
split_cell_heldout,drug_mean,"T cells, HMN-214",0.45026505,0.63901347,0.7497210502624512,1.4988380670547485
split_cell_heldout,drug_mean,"T cells, CC-401",0.5044408,0.74712086,0.7215232253074646,1.584172010421753
split_cell_heldout,drug_mean,"T cells, Resminostat",0.7489363,1.5163516,0.8161596655845642,2.0125205516815186
split_cell_heldout,drug_mean,"T cells, Crizotinib",0.5352565,0.73709077,0.7902389168739319,1.4789948463439941
split_cell_heldout,drug_mean,"T cells, Azacitidine",0.30732644,0.6158813,0.5827412009239197,1.54073965549469
split_cell_heldout,drug_mean,"T cells, TR-14035",0.32682544,0.58622885,0.5586207509040833,1.5077180862426758
split_cell_heldout,drug_mean,"T cells, Nilotinib",0.48524976,0.8064081,0.7419230937957764,1.515494704246521
split_cell_heldout,drug_mean,"T cells, AT 7867",0.2777946,0.93494314,0.4947884678840637,1.8628181219100952
split_cell_heldout,drug_mean,"T cells, OSI-930",0.16947058,0.58733666,0.31835779547691345,1.603044867515564
split_cell_heldout,drug_mean,"T cells, GO-6976",0.38837475,0.84250116,0.624144434928894,1.7058420181274414
split_cell_heldout,drug_mean,"T cells, Saracatinib",0.5820844,0.80036,0.7958298921585083,1.3324298858642578
split_cell_heldout,drug_mean,"T cells, RG7112",0.43962136,0.594138,0.6892315745353699,1.590952754020691
split_cell_heldout,drug_mean,"T cells, Lamivudine",0.17079616,0.5913205,0.3264978528022766,1.5728715658187866
split_cell_heldout,drug_mean,"T cells, TGX 221",0.503776,0.710111,0.7825823426246643,1.408332109451294
split_cell_heldout,drug_mean,"T cells, Pitavastatin Calcium",0.5703146,1.3323466,0.7404386401176453,1.9103189706802368
split_cell_heldout,drug_mean,"T cells, ABT737",0.19846857,0.71546817,0.5636333227157593,1.6886788606643677
split_cell_heldout,drug_mean,"T cells, PRT-062607",0.5569918,0.91995317,0.7788372039794922,1.5397759675979614
split_cell_heldout,drug_mean,"T cells, AZ628",0.46257383,0.73991764,0.7347612977027893,1.5083001852035522
split_cell_heldout,drug_mean,"T cells, AZD-8330",0.37638748,0.8171699,0.6727192997932434,1.6322044134140015
split_cell_heldout,drug_mean,"T cells, Masitinib",0.31289992,0.60378486,0.7041609287261963,1.3231505155563354
split_cell_heldout,drug_mean,"T cells, Ceritinib",0.30609772,0.6647432,0.6040332317352295,1.5051645040512085
split_cell_heldout,drug_mean,"T cells, CGM-097",0.60539305,1.0692197,0.7577595114707947,1.8993427753448486
split_cell_heldout,drug_mean,"T cells, SLx-2119",0.29476327,0.63294595,0.590406060218811,1.5750473737716675
split_cell_heldout,drug_mean,"T cells, Nefazodone",0.19561914,0.5469581,0.3789385259151459,1.5384231805801392
split_cell_heldout,drug_mean,"T cells, STK219801",0.2738132,0.60155916,0.5190122723579407,1.567694902420044
split_cell_heldout,drug_mean,"T cells, TPCA-1",0.5793732,0.9962458,0.7809752225875854,1.630765676498413
split_cell_heldout,drug_mean,"T cells, MGCD-265",0.22860482,0.5662404,0.4344708025455475,1.5349434614181519
split_cell_heldout,drug_mean,"T cells, GSK-1070916",0.35756433,0.6050374,0.6099264621734619,1.4564909934997559
split_cell_heldout,drug_mean,"T cells, Ricolinostat",0.5457506,0.7603789,0.7568105459213257,1.4958961009979248
split_cell_heldout,drug_mean,"T cells, Bosutinib",0.5967534,0.91494703,0.8001110553741455,1.4462732076644897
split_cell_heldout,drug_mean,"T cells, Clemastine",0.3083082,0.583678,0.6707791686058044,1.3649137020111084
split_cell_heldout,drug_mean,"T cells, YK 4-279",0.2890811,0.5981377,0.5538785457611084,1.4472739696502686
split_cell_heldout,drug_mean,"T cells, Buspirone",0.12727574,0.5564903,0.16652879118919373,1.6852784156799316
split_cell_heldout,drug_mean,"T cells, Midostaurin",0.45192507,0.8557439,0.7254056334495544,1.7397358417510986
split_cell_heldout,drug_mean,"T cells, CEP-37440",0.3460321,0.6899225,0.6728843450546265,1.641252040863037
split_cell_heldout,drug_mean,"T cells, GSK256066",0.40601525,0.7720513,0.6462327837944031,1.7098444700241089
split_cell_heldout,drug_mean,"T cells, R428",0.4365684,1.23254,0.7175071835517883,1.5952117443084717
split_cell_heldout,drug_mean,"T cells, Oxybenzone",0.16446297,0.5413363,0.3836008608341217,1.5068254470825195
split_cell_heldout,drug_mean,"T cells, Vandetanib",0.17659566,0.60658437,0.4059129059314728,1.5377941131591797
split_cell_heldout,drug_mean,"T cells, Imatinib",0.107924975,0.5748878,0.19833911955356598,1.595005989074707
split_cell_heldout,drug_mean,"T cells, SCH-58261",0.19256575,0.56748533,0.3854350745677948,1.5857079029083252
split_cell_heldout,drug_mean,"T cells, Colforsin",0.21523826,0.59749305,0.4958236515522003,1.4836779832839966
split_cell_heldout,drug_mean,"T cells, Tivantinib",0.40325677,0.7230813,0.6655902862548828,1.5710186958312988
split_cell_heldout,drug_mean,"T cells, Tosedostat",0.43034574,0.7438226,0.6941869854927063,1.5842496156692505
split_cell_heldout,drug_mean,"T cells, Colchicine",0.42390767,1.1006144,0.7190626263618469,1.6866109371185303
split_cell_heldout,drug_mean,"T cells, ABT-199 (GDC-0199)",0.20492902,0.61960995,0.5132606029510498,1.6090316772460938
split_cell_heldout,drug_mean,"T cells, Mometasone Furoate",0.6020275,1.2160522,0.7580761909484863,1.894331693649292
split_cell_heldout,drug_mean,"T cells, Tipifarnib",0.39086315,0.67583287,0.6655551791191101,1.5624252557754517
split_cell_heldout,drug_mean,"T cells, BX 912",0.41092393,0.7928352,0.7039324045181274,1.7199400663375854
split_cell_heldout,drug_mean,"T cells, Doxorubicin",0.56679976,1.26022,0.7742556929588318,1.6978163719177246
split_cell_heldout,drug_mean,"T cells, PF-03814735",0.6056426,1.0054117,0.8073300123214722,1.4988045692443848
split_cell_heldout,drug_mean,"T cells, AZD4547",0.18881018,0.5817,0.3173370659351349,1.6099865436553955
split_cell_heldout,drug_mean,"T cells, Prednisolone",0.5709569,1.1939044,0.7195627689361572,2.020080804824829
split_cell_heldout,drug_mean,"T cells, Tacalcitol",0.34972346,0.8853868,0.6897985935211182,1.4259974956512451
split_cell_heldout,drug_mean,"T cells, Selumetinib",0.3611519,0.730269,0.6909328103065491,1.540345311164856
split_cell_heldout,drug_mean,"T cells, Clotrimazole",0.22691151,0.5820529,0.5082421898841858,1.579633355140686
split_cell_heldout,drug_mean,"T cells, RG7090",0.35646528,0.7555882,0.6412327289581299,1.6830458641052246
split_cell_heldout,drug_mean,"T cells, GLPG0634",0.4882978,0.7337937,0.7673437595367432,1.4707533121109009
split_cell_heldout,drug_mean,"T cells, Mubritinib (TAK 165)",0.46220616,1.0441065,0.6557794809341431,1.996933102607727
split_cell_heldout,drug_mean,"T cells, Vanoxerine",0.2245208,0.62318426,0.5149338841438293,1.5938856601715088
split_cell_heldout,drug_mean,"T cells, SB525334",0.506552,0.8433592,0.7353808283805847,1.6701881885528564
split_cell_heldout,drug_mean,"T cells, HYDROXYUREA",0.1460838,0.57691795,0.31674832105636597,1.6407276391983032
split_scaffold_heldout,global_train_mean,"NK cells, TIE2 Kinase Inhibitor",0.095381446,0.6254805,0.14545156061649323,1.7744592428207397
split_scaffold_heldout,global_train_mean,"T cells, TIE2 Kinase Inhibitor",0.16710104,0.5629835,0.4017024338245392,1.601151466369629
split_scaffold_heldout,global_train_mean,"NK cells, Lapatinib",-0.141382,0.7606046,-0.3034866154193878,1.960398554801941
split_scaffold_heldout,global_train_mean,"T cells, Lapatinib",-0.044812445,0.6465172,-0.0399179570376873,1.8963823318481445
split_scaffold_heldout,global_train_mean,"B cells, Tivozanib",0.45006937,0.7466329,0.7254996299743652,1.8687875270843506
split_scaffold_heldout,global_train_mean,"Myeloid cells, Tivozanib",0.15988775,0.75937927,0.34656649827957153,1.9660842418670654
split_scaffold_heldout,global_train_mean,"NK cells, Tivozanib",0.1002889,0.6710457,0.22041471302509308,1.798728346824646
split_scaffold_heldout,global_train_mean,"T cells, Tivozanib",0.24926618,0.63465816,0.4812130630016327,1.800092339515686
split_scaffold_heldout,global_train_mean,"B cells, Tamatinib",0.5932593,1.1039726,0.7785079479217529,2.2201004028320312
split_scaffold_heldout,global_train_mean,"Myeloid cells, Tamatinib",0.5209768,1.3076025,0.7096340656280518,2.428175687789917
split_scaffold_heldout,global_train_mean,"NK cells, Tamatinib",0.34446996,0.8139188,0.5219545960426331,1.856402039527893
split_scaffold_heldout,global_train_mean,"T cells, Tamatinib",0.6298871,0.9976385,0.8115378022193909,2.0474612712860107
split_scaffold_heldout,global_train_mean,"B cells, Linagliptin",-0.0005107984,0.61722344,-0.07959388196468353,1.800844430923462
split_scaffold_heldout,global_train_mean,"Myeloid cells, Linagliptin",-0.05754177,0.73091733,-0.13237328827381134,1.9788113832473755
split_scaffold_heldout,global_train_mean,"NK cells, Linagliptin",0.1173745,0.6451387,0.19894324243068695,1.7542158365249634
split_scaffold_heldout,global_train_mean,"T cells, Linagliptin",0.2043399,0.50483,0.2688981890678406,1.5605837106704712
split_scaffold_heldout,global_train_mean,"NK cells, Protriptyline",0.03326665,0.6468707,0.13229703903198242,1.7770689725875854
split_scaffold_heldout,global_train_mean,"T cells, Protriptyline",0.14156596,0.5052647,0.3425695300102234,1.6135509014129639
split_scaffold_heldout,global_train_mean,"NK cells, Phenylbutazone",0.1508748,0.668235,0.2461860477924347,1.8126630783081055
split_scaffold_heldout,global_train_mean,"T cells, Phenylbutazone",0.03995128,0.5560175,-0.17830650508403778,1.8710298538208008
split_scaffold_heldout,global_train_mean,"B cells, Proscillaridin A;Proscillaridin-A",0.10608196,2.2851028,0.13517968356609344,3.1657662391662598
split_scaffold_heldout,global_train_mean,"NK cells, Proscillaridin A;Proscillaridin-A",-0.036186207,2.2824116,-0.04074637219309807,3.1987342834472656
split_scaffold_heldout,global_train_mean,"T cells, Proscillaridin A;Proscillaridin-A",-0.04628891,2.996589,-0.052575405687093735,3.5548017024993896
split_scaffold_heldout,global_train_mean,"B cells, BMS-265246",-0.076025926,1.1599797,-0.1010320782661438,2.4297361373901367
split_scaffold_heldout,global_train_mean,"Myeloid cells, BMS-265246",0.07790312,1.7395303,0.16086933016777039,2.8667638301849365
split_scaffold_heldout,global_train_mean,"NK cells, BMS-265246",0.07920107,0.8964421,0.17376312613487244,2.16557240486145
split_scaffold_heldout,global_train_mean,"T cells, BMS-265246",0.13162923,1.3686165,0.24196425080299377,2.554877519607544
split_scaffold_heldout,global_train_mean,"B cells, Navitoclax",-0.3210708,0.9727292,-0.5655354261398315,2.3396036624908447
split_scaffold_heldout,global_train_mean,"Myeloid cells, Navitoclax",-0.29070118,0.95068574,-0.4457132816314697,2.2256252765655518
split_scaffold_heldout,global_train_mean,"NK cells, Navitoclax",-0.055016372,0.75107116,-0.0751306340098381,1.9769881963729858
split_scaffold_heldout,global_train_mean,"T cells, Navitoclax",-0.06269556,0.6005854,0.36800235509872437,1.8011400699615479
split_scaffold_heldout,global_train_mean,"NK cells, Trametinib",0.22975026,0.6933966,0.4762476682662964,1.7747982740402222
split_scaffold_heldout,global_train_mean,"T cells, Trametinib",0.37095377,0.66167134,0.6727325320243835,1.8010339736938477
split_scaffold_heldout,global_train_mean,"NK cells, Sgc-cbp30",0.24555038,0.6712929,0.4562900960445404,1.7604159116744995
split_scaffold_heldout,global_train_mean,"T cells, Sgc-cbp30",0.30054757,0.7392166,0.4932943880558014,1.9009190797805786
split_scaffold_heldout,global_train_mean,"NK cells, Chlorpheniramine",0.07992144,0.67829114,0.18057286739349365,1.869035243988037
split_scaffold_heldout,global_train_mean,"T cells, Chlorpheniramine",0.38796157,0.5407277,0.6629946231842041,1.5365713834762573
split_scaffold_heldout,global_train_mean,"NK cells, RVX-208",0.12897818,0.7030652,0.1530071347951889,1.8855383396148682
split_scaffold_heldout,global_train_mean,"T cells, RVX-208",0.3519478,0.80629826,0.5398869514465332,1.9608334302902222
split_scaffold_heldout,global_train_mean,"NK cells, IKK Inhibitor VII",0.31647912,0.71657234,0.5181228518486023,1.8183335065841675
split_scaffold_heldout,global_train_mean,"T cells, IKK Inhibitor VII",0.5737802,0.8603689,0.8041940927505493,1.9415247440338135
split_scaffold_heldout,global_train_mean,"NK cells, IMD-0354",0.36657125,0.8937932,0.6098446846008301,2.0578746795654297
split_scaffold_heldout,global_train_mean,"T cells, IMD-0354",0.47017404,1.6318359,0.5999134182929993,2.7079648971557617
split_scaffold_heldout,global_train_mean,"NK cells, Defactinib",0.13235305,0.67283386,0.36192792654037476,1.8181394338607788
split_scaffold_heldout,global_train_mean,"T cells, Defactinib",0.18456393,0.7579045,0.3735204339027405,2.0406219959259033
split_scaffold_heldout,global_train_mean,"B cells, BI-D1870",0.21603681,0.613538,0.4107966721057892,1.719189167022705
split_scaffold_heldout,global_train_mean,"Myeloid cells, BI-D1870",0.18973972,0.86129516,0.40018144249916077,2.0586016178131104
split_scaffold_heldout,global_train_mean,"NK cells, BI-D1870",0.02972341,0.7358106,0.1766534447669983,1.8119492530822754
split_scaffold_heldout,global_train_mean,"T cells, BI-D1870",0.03317817,0.61462694,0.07972390949726105,1.6997480392456055
split_scaffold_heldout,global_train_mean,"B cells, Crizotinib",0.5289093,0.83500355,0.74840247631073,2.0017220973968506
split_scaffold_heldout,global_train_mean,"Myeloid cells, Crizotinib",0.4796679,0.89623064,0.6920035481452942,2.0769193172454834
split_scaffold_heldout,global_train_mean,"NK cells, Crizotinib",0.32347092,0.6835211,0.5377377867698669,1.7236814498901367
split_scaffold_heldout,global_train_mean,"T cells, Crizotinib",0.56599236,0.73945886,0.7594906687736511,1.8461824655532837
split_scaffold_heldout,global_train_mean,"B cells, AT 7867",0.4377475,0.7296817,0.6801696419715881,1.8185497522354126
split_scaffold_heldout,global_train_mean,"Myeloid cells, AT 7867",0.1564378,1.3163173,0.3072425425052643,2.5053114891052246
split_scaffold_heldout,global_train_mean,"NK cells, AT 7867",0.31588084,0.7067836,0.5515172481536865,1.8115885257720947
split_scaffold_heldout,global_train_mean,"T cells, AT 7867",0.27343112,0.84856313,0.48243993520736694,1.9933452606201172
split_scaffold_heldout,global_train_mean,"B cells, GO-6976",0.10762518,0.7137234,0.263699471950531,1.8977982997894287
split_scaffold_heldout,global_train_mean,"Myeloid cells, GO-6976",0.13167301,1.1485968,0.2855653166770935,2.289719581604004
split_scaffold_heldout,global_train_mean,"NK cells, GO-6976",-0.07448508,0.8287509,-0.11464725434780121,1.9962849617004395
split_scaffold_heldout,global_train_mean,"T cells, GO-6976",-0.13611314,0.94333357,-0.24447864294052124,2.1621253490448
split_scaffold_heldout,global_train_mean,"NK cells, SLx-2119",0.13847947,0.71426,0.1142389103770256,1.9802359342575073
split_scaffold_heldout,global_train_mean,"T cells, SLx-2119",0.32430348,0.5837748,0.5608564615249634,1.7352678775787354
split_scaffold_heldout,global_train_mean,"B cells, Ricolinostat",0.30500615,0.7598889,0.541229248046875,1.884787678718567
split_scaffold_heldout,global_train_mean,"Myeloid cells, Ricolinostat",0.08359578,1.1747587,0.17405639588832855,2.4188168048858643
split_scaffold_heldout,global_train_mean,"NK cells, Ricolinostat",0.090722606,0.7715584,0.15144814550876617,1.9136425256729126
split_scaffold_heldout,global_train_mean,"T cells, Ricolinostat",0.2769203,0.8510707,0.5234804153442383,2.0119199752807617
split_scaffold_heldout,global_train_mean,"B cells, CEP-37440",0.35921985,0.6805662,0.6232123970985413,1.7924418449401855
split_scaffold_heldout,global_train_mean,"Myeloid cells, CEP-37440",0.15055056,0.93451524,0.3280710279941559,2.178558588027954
split_scaffold_heldout,global_train_mean,"NK cells, CEP-37440",0.26194155,0.667008,0.4313824772834778,1.7995754480361938
split_scaffold_heldout,global_train_mean,"T cells, CEP-37440",0.3980864,0.62577814,0.696212112903595,1.7930235862731934
split_scaffold_heldout,global_train_mean,"B cells, Oxybenzone",0.20311332,0.55216306,0.2891474962234497,1.6834185123443604
split_scaffold_heldout,global_train_mean,"Myeloid cells, Oxybenzone",0.17769518,0.5374313,0.4139474034309387,1.615949273109436
split_scaffold_heldout,global_train_mean,"NK cells, Oxybenzone",0.14634237,0.6370332,0.2397570013999939,1.7718156576156616
split_scaffold_heldout,global_train_mean,"T cells, Oxybenzone",0.24194188,0.48220086,0.479084312915802,1.509501338005066
split_scaffold_heldout,global_train_mean,"NK cells, Vandetanib",0.15824483,0.6562453,0.37161412835121155,1.8041801452636719
split_scaffold_heldout,global_train_mean,"T cells, Vandetanib",0.21730158,0.51629657,0.44753578305244446,1.5439753532409668
split_scaffold_heldout,global_train_mean,"NK cells, Vanoxerine",0.16016121,0.6644286,0.2390652894973755,1.7630243301391602
split_scaffold_heldout,global_train_mean,"T cells, Vanoxerine",0.21198605,0.5835698,0.46356403827667236,1.6612842082977295
split_scaffold_heldout,global_train_mean,"B cells, TIE2 Kinase Inhibitor",0.11879186,0.56826717,0.18465380370616913,1.6506340503692627
split_scaffold_heldout,global_train_mean,"Myeloid cells, TIE2 Kinase Inhibitor",0.0019605048,0.6791682,0.13779917359352112,1.8836028575897217
split_scaffold_heldout,global_train_mean,"B cells, Lapatinib",-0.0776017,0.68731654,-0.14424806833267212,1.9146637916564941
split_scaffold_heldout,global_train_mean,"Myeloid cells, Lapatinib",-0.14181297,0.7033436,-0.21594968438148499,2.0082128047943115
split_scaffold_heldout,global_train_mean,"B cells, Protriptyline",-0.00013804244,0.60049295,0.005820675287395716,1.7380828857421875
split_scaffold_heldout,global_train_mean,"Myeloid cells, Protriptyline",0.06752708,0.56228054,0.06445355713367462,1.710463285446167
split_scaffold_heldout,global_train_mean,"B cells, Phenylbutazone",0.17322412,0.55170685,0.3640561103820801,1.6321593523025513
split_scaffold_heldout,global_train_mean,"Myeloid cells, Phenylbutazone",0.007903462,0.603097,0.01717335358262062,1.7167673110961914
split_scaffold_heldout,global_train_mean,"B cells, Trametinib",0.2591201,0.7347972,0.5639938712120056,1.8712221384048462
split_scaffold_heldout,global_train_mean,"Myeloid cells, Trametinib",0.12020054,1.4288417,0.19002172350883484,2.6062026023864746
split_scaffold_heldout,global_train_mean,"B cells, Sgc-cbp30",0.24633281,0.6529019,0.5580546259880066,1.7257153987884521
split_scaffold_heldout,global_train_mean,"Myeloid cells, Sgc-cbp30",0.27520838,0.95736635,0.4964848458766937,2.129178762435913
split_scaffold_heldout,global_train_mean,"B cells, Chlorpheniramine",0.22564349,0.5914848,0.430430144071579,1.7020914554595947
split_scaffold_heldout,global_train_mean,"Myeloid cells, Chlorpheniramine",0.11859141,0.5533516,0.20029719173908234,1.6878180503845215
split_scaffold_heldout,global_train_mean,"B cells, RVX-208",0.34898004,0.7163259,0.5551509261131287,1.825238823890686
split_scaffold_heldout,global_train_mean,"Myeloid cells, RVX-208",0.2444482,0.8815206,0.4245140254497528,2.0709192752838135
split_scaffold_heldout,global_train_mean,"B cells, IKK Inhibitor VII",0.57775605,0.93718857,0.7674745917320251,2.014458179473877
split_scaffold_heldout,global_train_mean,"Myeloid cells, IKK Inhibitor VII",0.41628873,1.4801283,0.5928637385368347,2.6572444438934326
split_scaffold_heldout,global_train_mean,"B cells, IMD-0354",0.41201043,1.1877215,0.599055290222168,2.4127888679504395
split_scaffold_heldout,global_train_mean,"Myeloid cells, IMD-0354",0.44266966,1.5128742,0.597091794013977,2.613055944442749
split_scaffold_heldout,global_train_mean,"B cells, Defactinib",0.35948554,0.6978692,0.6219085454940796,1.7382853031158447
split_scaffold_heldout,global_train_mean,"Myeloid cells, Defactinib",0.43867278,0.98594224,0.6900652647018433,2.1005027294158936
split_scaffold_heldout,global_train_mean,"B cells, SLx-2119",0.3920412,0.6133636,0.6726311445236206,1.6554582118988037
split_scaffold_heldout,global_train_mean,"Myeloid cells, SLx-2119",0.107067086,0.6368331,0.056161150336265564,2.0306334495544434
split_scaffold_heldout,global_train_mean,"B cells, Vandetanib",0.4091992,0.66074777,0.6754710078239441,1.7683169841766357
split_scaffold_heldout,global_train_mean,"Myeloid cells, Vandetanib",0.19117944,0.7740855,0.38246557116508484,1.9320802688598633
split_scaffold_heldout,global_train_mean,"B cells, Vanoxerine",0.19331881,0.58943856,0.35478734970092773,1.744552731513977
split_scaffold_heldout,global_train_mean,"Myeloid cells, Vanoxerine",0.39240983,0.5725564,0.6493933200836182,1.5941423177719116
split_scaffold_heldout,cell_context_mean,"NK cells, TIE2 Kinase Inhibitor",0.21216257,0.59062815,0.4040350317955017,1.7105703353881836
split_scaffold_heldout,cell_context_mean,"T cells, TIE2 Kinase Inhibitor",0.21840583,0.5825478,0.4556146264076233,1.5436503887176514
split_scaffold_heldout,cell_context_mean,"NK cells, Lapatinib",-0.01906819,0.7212343,-0.07937711477279663,1.8943943977355957
split_scaffold_heldout,cell_context_mean,"T cells, Lapatinib",0.006913117,0.68008214,0.031889088451862335,1.9039170742034912
split_scaffold_heldout,cell_context_mean,"B cells, Tivozanib",0.49303252,0.7212541,0.7497929334640503,1.738770604133606
split_scaffold_heldout,cell_context_mean,"Myeloid cells, Tivozanib",0.2260921,0.771564,0.4680926501750946,1.8591002225875854
split_scaffold_heldout,cell_context_mean,"NK cells, Tivozanib",0.22779074,0.63462543,0.4343802034854889,1.7383816242218018
split_scaffold_heldout,cell_context_mean,"T cells, Tivozanib",0.25375095,0.6547642,0.5016523599624634,1.7414286136627197
split_scaffold_heldout,cell_context_mean,"B cells, Tamatinib",0.67920476,1.0333611,0.8332275748252869,2.05682635307312
split_scaffold_heldout,cell_context_mean,"Myeloid cells, Tamatinib",0.707841,1.1745701,0.8529673218727112,2.16567063331604
split_scaffold_heldout,cell_context_mean,"NK cells, Tamatinib",0.45003814,0.7912267,0.6670022010803223,1.8170044422149658
split_scaffold_heldout,cell_context_mean,"T cells, Tamatinib",0.62878704,0.95504737,0.8075651526451111,1.9311245679855347
split_scaffold_heldout,cell_context_mean,"B cells, Linagliptin",0.047920328,0.6449887,0.06338249146938324,1.7757807970046997
split_scaffold_heldout,cell_context_mean,"Myeloid cells, Linagliptin",-0.0108725615,0.78333217,-0.03942497819662094,1.993056058883667
split_scaffold_heldout,cell_context_mean,"NK cells, Linagliptin",0.25260267,0.60694367,0.49482062458992004,1.6789740324020386
split_scaffold_heldout,cell_context_mean,"T cells, Linagliptin",0.24030904,0.53178453,0.30863070487976074,1.5268968343734741
split_scaffold_heldout,cell_context_mean,"NK cells, Protriptyline",0.18647443,0.6029933,0.41266337037086487,1.7117537260055542
split_scaffold_heldout,cell_context_mean,"T cells, Protriptyline",0.20996742,0.5287646,0.44459670782089233,1.5362117290496826
split_scaffold_heldout,cell_context_mean,"NK cells, Phenylbutazone",0.23060845,0.64380926,0.43178993463516235,1.7603716850280762
split_scaffold_heldout,cell_context_mean,"T cells, Phenylbutazone",0.115734816,0.5824007,-0.14615875482559204,1.9965792894363403
split_scaffold_heldout,cell_context_mean,"B cells, Proscillaridin A;Proscillaridin-A",0.15370347,2.2705607,0.19444869458675385,3.1388018131256104
split_scaffold_heldout,cell_context_mean,"NK cells, Proscillaridin A;Proscillaridin-A",0.088114746,2.2505176,0.12335844337940216,3.155461072921753
split_scaffold_heldout,cell_context_mean,"T cells, Proscillaridin A;Proscillaridin-A",-0.0026306561,2.996163,-0.0031569048296660185,3.5523951053619385
split_scaffold_heldout,cell_context_mean,"B cells, BMS-265246",-0.06167765,1.1849363,-0.08516447246074677,2.452089786529541
split_scaffold_heldout,cell_context_mean,"Myeloid cells, BMS-265246",0.09665863,1.7479894,0.1717088371515274,2.8571887016296387
split_scaffold_heldout,cell_context_mean,"NK cells, BMS-265246",0.26143086,0.84975946,0.4870040714740753,2.073093891143799
split_scaffold_heldout,cell_context_mean,"T cells, BMS-265246",0.16126734,1.3666978,0.26034125685691833,2.531919002532959
split_scaffold_heldout,cell_context_mean,"B cells, Navitoclax",-0.22036621,0.99415034,-0.41295361518859863,2.35650897026062
split_scaffold_heldout,cell_context_mean,"Myeloid cells, Navitoclax",-0.28920805,1.0328028,-0.4616755545139313,2.349973201751709
split_scaffold_heldout,cell_context_mean,"NK cells, Navitoclax",0.029902004,0.7213706,0.06624739617109299,1.9417452812194824
split_scaffold_heldout,cell_context_mean,"T cells, Navitoclax",-0.012695035,0.63995314,0.4736027121543884,1.7182880640029907
split_scaffold_heldout,cell_context_mean,"NK cells, Trametinib",0.3612566,0.6595142,0.6246690154075623,1.721572995185852
split_scaffold_heldout,cell_context_mean,"T cells, Trametinib",0.3999365,0.65626174,0.7082657217979431,1.6810426712036133
split_scaffold_heldout,cell_context_mean,"NK cells, Sgc-cbp30",0.29815218,0.655949,0.5516502857208252,1.733376383781433
split_scaffold_heldout,cell_context_mean,"T cells, Sgc-cbp30",0.37325752,0.7213849,0.5878053307533264,1.7835215330123901
split_scaffold_heldout,cell_context_mean,"NK cells, Chlorpheniramine",0.18598878,0.64630246,0.31322306394577026,1.8395558595657349
split_scaffold_heldout,cell_context_mean,"T cells, Chlorpheniramine",0.4287202,0.53896797,0.7020595669746399,1.4294462203979492
split_scaffold_heldout,cell_context_mean,"NK cells, RVX-208",0.20303778,0.6798556,0.30878859758377075,1.847269058227539
split_scaffold_heldout,cell_context_mean,"T cells, RVX-208",0.41013837,0.7839966,0.5915878415107727,1.8749771118164062
split_scaffold_heldout,cell_context_mean,"NK cells, IKK Inhibitor VII",0.35177132,0.70839673,0.5948429703712463,1.8065348863601685
split_scaffold_heldout,cell_context_mean,"T cells, IKK Inhibitor VII",0.6548152,0.79473233,0.842012345790863,1.7450740337371826
split_scaffold_heldout,cell_context_mean,"NK cells, IMD-0354",0.3377491,0.9046049,0.560357391834259,2.0958406925201416
split_scaffold_heldout,cell_context_mean,"T cells, IMD-0354",0.53290254,1.5757959,0.6480997800827026,2.611549139022827
split_scaffold_heldout,cell_context_mean,"NK cells, Defactinib",0.2406377,0.64155525,0.5181549191474915,1.764567494392395
split_scaffold_heldout,cell_context_mean,"T cells, Defactinib",0.2725688,0.7476132,0.47769415378570557,1.9497867822647095
split_scaffold_heldout,cell_context_mean,"B cells, BI-D1870",0.23398682,0.6316103,0.42297375202178955,1.6843302249908447
split_scaffold_heldout,cell_context_mean,"Myeloid cells, BI-D1870",0.30752915,0.84055245,0.5471089482307434,1.9143563508987427
split_scaffold_heldout,cell_context_mean,"NK cells, BI-D1870",0.18570404,0.6925023,0.414286345243454,1.7476643323898315
split_scaffold_heldout,cell_context_mean,"T cells, BI-D1870",0.13997683,0.62602043,0.2851557731628418,1.6389727592468262
split_scaffold_heldout,cell_context_mean,"B cells, Crizotinib",0.6500621,0.7637429,0.8263540267944336,1.7953200340270996
split_scaffold_heldout,cell_context_mean,"Myeloid cells, Crizotinib",0.584441,0.82333285,0.7982144951820374,1.841211199760437
split_scaffold_heldout,cell_context_mean,"NK cells, Crizotinib",0.40830958,0.6632637,0.6275337934494019,1.6914386749267578
split_scaffold_heldout,cell_context_mean,"T cells, Crizotinib",0.5622237,0.7157456,0.7808288335800171,1.72347092628479
split_scaffold_heldout,cell_context_mean,"B cells, AT 7867",0.55555063,0.67660064,0.7770411372184753,1.6352039575576782
split_scaffold_heldout,cell_context_mean,"Myeloid cells, AT 7867",0.2055828,1.309401,0.35050323605537415,2.453447103500366
split_scaffold_heldout,cell_context_mean,"NK cells, AT 7867",0.41699722,0.68276906,0.6817118525505066,1.768524408340454
split_scaffold_heldout,cell_context_mean,"T cells, AT 7867",0.3146191,0.8409147,0.5781093239784241,1.9030388593673706
split_scaffold_heldout,cell_context_mean,"B cells, GO-6976",0.15938708,0.72422165,0.34673765301704407,1.849790096282959
split_scaffold_heldout,cell_context_mean,"Myeloid cells, GO-6976",0.33878043,1.0861499,0.563058078289032,2.1090567111968994
split_scaffold_heldout,cell_context_mean,"NK cells, GO-6976",0.105733596,0.7789364,0.26247671246528625,1.9010456800460815
split_scaffold_heldout,cell_context_mean,"T cells, GO-6976",-0.044751167,0.9582204,-0.019247079268097878,2.1392977237701416
split_scaffold_heldout,cell_context_mean,"NK cells, SLx-2119",0.17244004,0.70043886,0.20623713731765747,1.957099199295044
split_scaffold_heldout,cell_context_mean,"T cells, SLx-2119",0.3728689,0.58411103,0.6123237013816833,1.6488392353057861
split_scaffold_heldout,cell_context_mean,"B cells, Ricolinostat",0.37791693,0.73944795,0.6238203644752502,1.7836769819259644
split_scaffold_heldout,cell_context_mean,"Myeloid cells, Ricolinostat",0.096159056,1.1975762,0.18632742762565613,2.4062185287475586
split_scaffold_heldout,cell_context_mean,"NK cells, Ricolinostat",0.09861843,0.7627616,0.18515847623348236,1.9127190113067627
split_scaffold_heldout,cell_context_mean,"T cells, Ricolinostat",0.36537325,0.8251206,0.5720246434211731,1.9109748601913452
split_scaffold_heldout,cell_context_mean,"B cells, CEP-37440",0.50565135,0.6294207,0.7603444457054138,1.5974760055541992
split_scaffold_heldout,cell_context_mean,"Myeloid cells, CEP-37440",0.272936,0.9136912,0.5306680798530579,2.0314157009124756
split_scaffold_heldout,cell_context_mean,"NK cells, CEP-37440",0.31374124,0.6523003,0.48504769802093506,1.7865136861801147
split_scaffold_heldout,cell_context_mean,"T cells, CEP-37440",0.43844345,0.61486554,0.7074818015098572,1.6919244527816772
split_scaffold_heldout,cell_context_mean,"B cells, Oxybenzone",0.24930272,0.56648755,0.44115760922431946,1.6124653816223145
split_scaffold_heldout,cell_context_mean,"Myeloid cells, Oxybenzone",0.22956672,0.5779592,0.5644002556800842,1.498615026473999
split_scaffold_heldout,cell_context_mean,"NK cells, Oxybenzone",0.24136215,0.6085131,0.4229840040206909,1.7172211408615112
split_scaffold_heldout,cell_context_mean,"T cells, Oxybenzone",0.3096895,0.49729025,0.4923194348812103,1.4377943277359009
split_scaffold_heldout,cell_context_mean,"NK cells, Vandetanib",0.28615978,0.6208312,0.6055815815925598,1.7365789413452148
split_scaffold_heldout,cell_context_mean,"T cells, Vandetanib",0.2831488,0.53076637,0.5335439443588257,1.4559224843978882
split_scaffold_heldout,cell_context_mean,"NK cells, Vanoxerine",0.26988402,0.63336945,0.39144256711006165,1.716450810432434
split_scaffold_heldout,cell_context_mean,"T cells, Vanoxerine",0.32066384,0.5762909,0.5716766119003296,1.5323673486709595
split_scaffold_heldout,cell_context_mean,"B cells, TIE2 Kinase Inhibitor",0.16887353,0.58886456,0.2574497163295746,1.62041175365448
split_scaffold_heldout,cell_context_mean,"Myeloid cells, TIE2 Kinase Inhibitor",0.061254904,0.7242234,0.33569711446762085,1.798405647277832
split_scaffold_heldout,cell_context_mean,"B cells, Lapatinib",-0.064559944,0.72745675,-0.11143872141838074,1.9330036640167236
split_scaffold_heldout,cell_context_mean,"Myeloid cells, Lapatinib",-0.09612255,0.7687681,-0.10550329089164734,2.040432929992676
split_scaffold_heldout,cell_context_mean,"B cells, Protriptyline",0.083519675,0.61884683,0.25096890330314636,1.6689648628234863
split_scaffold_heldout,cell_context_mean,"Myeloid cells, Protriptyline",0.16888933,0.59819025,0.38686344027519226,1.5622169971466064
split_scaffold_heldout,cell_context_mean,"B cells, Phenylbutazone",0.21753392,0.5699802,0.3794703781604767,1.5943208932876587
split_scaffold_heldout,cell_context_mean,"Myeloid cells, Phenylbutazone",0.027800266,0.66888314,0.12306633591651917,1.7173409461975098
split_scaffold_heldout,cell_context_mean,"B cells, Trametinib",0.35023248,0.7149712,0.6222610473632812,1.7641944885253906
split_scaffold_heldout,cell_context_mean,"Myeloid cells, Trametinib",0.35195825,1.3494458,0.5019580721855164,2.436392068862915
split_scaffold_heldout,cell_context_mean,"B cells, Sgc-cbp30",0.334837,0.63977355,0.6571816205978394,1.6077722311019897
split_scaffold_heldout,cell_context_mean,"Myeloid cells, Sgc-cbp30",0.26214164,0.9702005,0.47937095165252686,2.072742462158203
split_scaffold_heldout,cell_context_mean,"B cells, Chlorpheniramine",0.29293698,0.59297246,0.5427836775779724,1.5892772674560547
split_scaffold_heldout,cell_context_mean,"Myeloid cells, Chlorpheniramine",0.21978913,0.58291775,0.434823215007782,1.5693762302398682
split_scaffold_heldout,cell_context_mean,"B cells, RVX-208",0.38517535,0.7066779,0.6042901873588562,1.7404526472091675
split_scaffold_heldout,cell_context_mean,"Myeloid cells, RVX-208",0.24371834,0.8983478,0.4164058566093445,2.027292251586914
split_scaffold_heldout,cell_context_mean,"B cells, IKK Inhibitor VII",0.66804767,0.869526,0.8344389200210571,1.8355047702789307
split_scaffold_heldout,cell_context_mean,"Myeloid cells, IKK Inhibitor VII",0.60398036,1.3651581,0.75552898645401,2.439211845397949
split_scaffold_heldout,cell_context_mean,"B cells, IMD-0354",0.46422058,1.1505091,0.6307834386825562,2.319385528564453
split_scaffold_heldout,cell_context_mean,"Myeloid cells, IMD-0354",0.51859,1.4426919,0.6616467237472534,2.4767706394195557
split_scaffold_heldout,cell_context_mean,"B cells, Defactinib",0.44665384,0.66961783,0.6960075497627258,1.6135845184326172
split_scaffold_heldout,cell_context_mean,"Myeloid cells, Defactinib",0.60888374,0.88654536,0.8036708831787109,1.8529425859451294
split_scaffold_heldout,cell_context_mean,"B cells, SLx-2119",0.43461797,0.60251004,0.7020153403282166,1.5331631898880005
split_scaffold_heldout,cell_context_mean,"Myeloid cells, SLx-2119",0.17981568,0.6670444,0.23085163533687592,1.953886866569519
split_scaffold_heldout,cell_context_mean,"B cells, Vandetanib",0.46463093,0.6398312,0.7246308922767639,1.6255854368209839
split_scaffold_heldout,cell_context_mean,"Myeloid cells, Vandetanib",0.22769324,0.7918589,0.4418836534023285,1.8597897291183472
split_scaffold_heldout,cell_context_mean,"B cells, Vanoxerine",0.25865263,0.5949265,0.4727993905544281,1.6479252576828003
split_scaffold_heldout,cell_context_mean,"Myeloid cells, Vanoxerine",0.4284986,0.5771662,0.7411351799964905,1.4213452339172363
split_scaffold_heldout,drug_mean,"NK cells, TIE2 Kinase Inhibitor",0.095381446,0.6254805,0.14545156061649323,1.7744592428207397
split_scaffold_heldout,drug_mean,"T cells, TIE2 Kinase Inhibitor",0.16710104,0.5629835,0.4017024338245392,1.601151466369629
split_scaffold_heldout,drug_mean,"NK cells, Lapatinib",-0.141382,0.7606046,-0.3034866154193878,1.960398554801941
split_scaffold_heldout,drug_mean,"T cells, Lapatinib",-0.044812445,0.6465172,-0.0399179570376873,1.8963823318481445
split_scaffold_heldout,drug_mean,"B cells, Tivozanib",0.45006937,0.7466329,0.7254996299743652,1.8687875270843506
split_scaffold_heldout,drug_mean,"Myeloid cells, Tivozanib",0.15988775,0.75937927,0.34656649827957153,1.9660842418670654
split_scaffold_heldout,drug_mean,"NK cells, Tivozanib",0.1002889,0.6710457,0.22041471302509308,1.798728346824646
split_scaffold_heldout,drug_mean,"T cells, Tivozanib",0.24926618,0.63465816,0.4812130630016327,1.800092339515686
split_scaffold_heldout,drug_mean,"B cells, Tamatinib",0.5932593,1.1039726,0.7785079479217529,2.2201004028320312
split_scaffold_heldout,drug_mean,"Myeloid cells, Tamatinib",0.5209768,1.3076025,0.7096340656280518,2.428175687789917
split_scaffold_heldout,drug_mean,"NK cells, Tamatinib",0.34446996,0.8139188,0.5219545960426331,1.856402039527893
split_scaffold_heldout,drug_mean,"T cells, Tamatinib",0.6298871,0.9976385,0.8115378022193909,2.0474612712860107
split_scaffold_heldout,drug_mean,"B cells, Linagliptin",-0.0005107984,0.61722344,-0.07959388196468353,1.800844430923462
split_scaffold_heldout,drug_mean,"Myeloid cells, Linagliptin",-0.05754177,0.73091733,-0.13237328827381134,1.9788113832473755
split_scaffold_heldout,drug_mean,"NK cells, Linagliptin",0.1173745,0.6451387,0.19894324243068695,1.7542158365249634
split_scaffold_heldout,drug_mean,"T cells, Linagliptin",0.2043399,0.50483,0.2688981890678406,1.5605837106704712
split_scaffold_heldout,drug_mean,"NK cells, Protriptyline",0.03326665,0.6468707,0.13229703903198242,1.7770689725875854
split_scaffold_heldout,drug_mean,"T cells, Protriptyline",0.14156596,0.5052647,0.3425695300102234,1.6135509014129639
split_scaffold_heldout,drug_mean,"NK cells, Phenylbutazone",0.1508748,0.668235,0.2461860477924347,1.8126630783081055
split_scaffold_heldout,drug_mean,"T cells, Phenylbutazone",0.03995128,0.5560175,-0.17830650508403778,1.8710298538208008
split_scaffold_heldout,drug_mean,"B cells, Proscillaridin A;Proscillaridin-A",0.10608196,2.2851028,0.13517968356609344,3.1657662391662598
split_scaffold_heldout,drug_mean,"NK cells, Proscillaridin A;Proscillaridin-A",-0.036186207,2.2824116,-0.04074637219309807,3.1987342834472656
split_scaffold_heldout,drug_mean,"T cells, Proscillaridin A;Proscillaridin-A",-0.04628891,2.996589,-0.052575405687093735,3.5548017024993896
split_scaffold_heldout,drug_mean,"B cells, BMS-265246",-0.076025926,1.1599797,-0.1010320782661438,2.4297361373901367
split_scaffold_heldout,drug_mean,"Myeloid cells, BMS-265246",0.07790312,1.7395303,0.16086933016777039,2.8667638301849365
split_scaffold_heldout,drug_mean,"NK cells, BMS-265246",0.07920107,0.8964421,0.17376312613487244,2.16557240486145
split_scaffold_heldout,drug_mean,"T cells, BMS-265246",0.13162923,1.3686165,0.24196425080299377,2.554877519607544
split_scaffold_heldout,drug_mean,"B cells, Navitoclax",-0.3210708,0.9727292,-0.5655354261398315,2.3396036624908447
split_scaffold_heldout,drug_mean,"Myeloid cells, Navitoclax",-0.29070118,0.95068574,-0.4457132816314697,2.2256252765655518
split_scaffold_heldout,drug_mean,"NK cells, Navitoclax",-0.055016372,0.75107116,-0.0751306340098381,1.9769881963729858
split_scaffold_heldout,drug_mean,"T cells, Navitoclax",-0.06269556,0.6005854,0.36800235509872437,1.8011400699615479
split_scaffold_heldout,drug_mean,"NK cells, Trametinib",0.22975026,0.6933966,0.4762476682662964,1.7747982740402222
split_scaffold_heldout,drug_mean,"T cells, Trametinib",0.37095377,0.66167134,0.6727325320243835,1.8010339736938477
split_scaffold_heldout,drug_mean,"NK cells, Sgc-cbp30",0.24555038,0.6712929,0.4562900960445404,1.7604159116744995
split_scaffold_heldout,drug_mean,"T cells, Sgc-cbp30",0.30054757,0.7392166,0.4932943880558014,1.9009190797805786
split_scaffold_heldout,drug_mean,"NK cells, Chlorpheniramine",0.07992144,0.67829114,0.18057286739349365,1.869035243988037
split_scaffold_heldout,drug_mean,"T cells, Chlorpheniramine",0.38796157,0.5407277,0.6629946231842041,1.5365713834762573
split_scaffold_heldout,drug_mean,"NK cells, RVX-208",0.12897818,0.7030652,0.1530071347951889,1.8855383396148682
split_scaffold_heldout,drug_mean,"T cells, RVX-208",0.3519478,0.80629826,0.5398869514465332,1.9608334302902222
split_scaffold_heldout,drug_mean,"NK cells, IKK Inhibitor VII",0.31647912,0.71657234,0.5181228518486023,1.8183335065841675
split_scaffold_heldout,drug_mean,"T cells, IKK Inhibitor VII",0.5737802,0.8603689,0.8041940927505493,1.9415247440338135
split_scaffold_heldout,drug_mean,"NK cells, IMD-0354",0.36657125,0.8937932,0.6098446846008301,2.0578746795654297
split_scaffold_heldout,drug_mean,"T cells, IMD-0354",0.47017404,1.6318359,0.5999134182929993,2.7079648971557617
split_scaffold_heldout,drug_mean,"NK cells, Defactinib",0.13235305,0.67283386,0.36192792654037476,1.8181394338607788
split_scaffold_heldout,drug_mean,"T cells, Defactinib",0.18456393,0.7579045,0.3735204339027405,2.0406219959259033
split_scaffold_heldout,drug_mean,"B cells, BI-D1870",0.21603681,0.613538,0.4107966721057892,1.719189167022705
split_scaffold_heldout,drug_mean,"Myeloid cells, BI-D1870",0.18973972,0.86129516,0.40018144249916077,2.0586016178131104
split_scaffold_heldout,drug_mean,"NK cells, BI-D1870",0.02972341,0.7358106,0.1766534447669983,1.8119492530822754
split_scaffold_heldout,drug_mean,"T cells, BI-D1870",0.03317817,0.61462694,0.07972390949726105,1.6997480392456055
split_scaffold_heldout,drug_mean,"B cells, Crizotinib",0.5289093,0.83500355,0.74840247631073,2.0017220973968506
split_scaffold_heldout,drug_mean,"Myeloid cells, Crizotinib",0.4796679,0.89623064,0.6920035481452942,2.0769193172454834
split_scaffold_heldout,drug_mean,"NK cells, Crizotinib",0.32347092,0.6835211,0.5377377867698669,1.7236814498901367
split_scaffold_heldout,drug_mean,"T cells, Crizotinib",0.56599236,0.73945886,0.7594906687736511,1.8461824655532837
split_scaffold_heldout,drug_mean,"B cells, AT 7867",0.4377475,0.7296817,0.6801696419715881,1.8185497522354126
split_scaffold_heldout,drug_mean,"Myeloid cells, AT 7867",0.1564378,1.3163173,0.3072425425052643,2.5053114891052246
split_scaffold_heldout,drug_mean,"NK cells, AT 7867",0.31588084,0.7067836,0.5515172481536865,1.8115885257720947
split_scaffold_heldout,drug_mean,"T cells, AT 7867",0.27343112,0.84856313,0.48243993520736694,1.9933452606201172
split_scaffold_heldout,drug_mean,"B cells, GO-6976",0.10762518,0.7137234,0.263699471950531,1.8977982997894287
split_scaffold_heldout,drug_mean,"Myeloid cells, GO-6976",0.13167301,1.1485968,0.2855653166770935,2.289719581604004
split_scaffold_heldout,drug_mean,"NK cells, GO-6976",-0.07448508,0.8287509,-0.11464725434780121,1.9962849617004395
split_scaffold_heldout,drug_mean,"T cells, GO-6976",-0.13611314,0.94333357,-0.24447864294052124,2.1621253490448
split_scaffold_heldout,drug_mean,"NK cells, SLx-2119",0.13847947,0.71426,0.1142389103770256,1.9802359342575073
split_scaffold_heldout,drug_mean,"T cells, SLx-2119",0.32430348,0.5837748,0.5608564615249634,1.7352678775787354
split_scaffold_heldout,drug_mean,"B cells, Ricolinostat",0.30500615,0.7598889,0.541229248046875,1.884787678718567
split_scaffold_heldout,drug_mean,"Myeloid cells, Ricolinostat",0.08359578,1.1747587,0.17405639588832855,2.4188168048858643
split_scaffold_heldout,drug_mean,"NK cells, Ricolinostat",0.090722606,0.7715584,0.15144814550876617,1.9136425256729126
split_scaffold_heldout,drug_mean,"T cells, Ricolinostat",0.2769203,0.8510707,0.5234804153442383,2.0119199752807617
split_scaffold_heldout,drug_mean,"B cells, CEP-37440",0.35921985,0.6805662,0.6232123970985413,1.7924418449401855
split_scaffold_heldout,drug_mean,"Myeloid cells, CEP-37440",0.15055056,0.93451524,0.3280710279941559,2.178558588027954
split_scaffold_heldout,drug_mean,"NK cells, CEP-37440",0.26194155,0.667008,0.4313824772834778,1.7995754480361938
split_scaffold_heldout,drug_mean,"T cells, CEP-37440",0.3980864,0.62577814,0.696212112903595,1.7930235862731934
split_scaffold_heldout,drug_mean,"B cells, Oxybenzone",0.20311332,0.55216306,0.2891474962234497,1.6834185123443604
split_scaffold_heldout,drug_mean,"Myeloid cells, Oxybenzone",0.17769518,0.5374313,0.4139474034309387,1.615949273109436
split_scaffold_heldout,drug_mean,"NK cells, Oxybenzone",0.14634237,0.6370332,0.2397570013999939,1.7718156576156616
split_scaffold_heldout,drug_mean,"T cells, Oxybenzone",0.24194188,0.48220086,0.479084312915802,1.509501338005066
split_scaffold_heldout,drug_mean,"NK cells, Vandetanib",0.15824483,0.6562453,0.37161412835121155,1.8041801452636719
split_scaffold_heldout,drug_mean,"T cells, Vandetanib",0.21730158,0.51629657,0.44753578305244446,1.5439753532409668
split_scaffold_heldout,drug_mean,"NK cells, Vanoxerine",0.16016121,0.6644286,0.2390652894973755,1.7630243301391602
split_scaffold_heldout,drug_mean,"T cells, Vanoxerine",0.21198605,0.5835698,0.46356403827667236,1.6612842082977295
split_scaffold_heldout,drug_mean,"B cells, TIE2 Kinase Inhibitor",0.11879186,0.56826717,0.18465380370616913,1.6506340503692627
split_scaffold_heldout,drug_mean,"Myeloid cells, TIE2 Kinase Inhibitor",0.0019605048,0.6791682,0.13779917359352112,1.8836028575897217
split_scaffold_heldout,drug_mean,"B cells, Lapatinib",-0.0776017,0.68731654,-0.14424806833267212,1.9146637916564941
split_scaffold_heldout,drug_mean,"Myeloid cells, Lapatinib",-0.14181297,0.7033436,-0.21594968438148499,2.0082128047943115
split_scaffold_heldout,drug_mean,"B cells, Protriptyline",-0.00013804244,0.60049295,0.005820675287395716,1.7380828857421875
split_scaffold_heldout,drug_mean,"Myeloid cells, Protriptyline",0.06752708,0.56228054,0.06445355713367462,1.710463285446167
split_scaffold_heldout,drug_mean,"B cells, Phenylbutazone",0.17322412,0.55170685,0.3640561103820801,1.6321593523025513
split_scaffold_heldout,drug_mean,"Myeloid cells, Phenylbutazone",0.007903462,0.603097,0.01717335358262062,1.7167673110961914
split_scaffold_heldout,drug_mean,"B cells, Trametinib",0.2591201,0.7347972,0.5639938712120056,1.8712221384048462
split_scaffold_heldout,drug_mean,"Myeloid cells, Trametinib",0.12020054,1.4288417,0.19002172350883484,2.6062026023864746
split_scaffold_heldout,drug_mean,"B cells, Sgc-cbp30",0.24633281,0.6529019,0.5580546259880066,1.7257153987884521
split_scaffold_heldout,drug_mean,"Myeloid cells, Sgc-cbp30",0.27520838,0.95736635,0.4964848458766937,2.129178762435913
split_scaffold_heldout,drug_mean,"B cells, Chlorpheniramine",0.22564349,0.5914848,0.430430144071579,1.7020914554595947
split_scaffold_heldout,drug_mean,"Myeloid cells, Chlorpheniramine",0.11859141,0.5533516,0.20029719173908234,1.6878180503845215
split_scaffold_heldout,drug_mean,"B cells, RVX-208",0.34898004,0.7163259,0.5551509261131287,1.825238823890686
split_scaffold_heldout,drug_mean,"Myeloid cells, RVX-208",0.2444482,0.8815206,0.4245140254497528,2.0709192752838135
split_scaffold_heldout,drug_mean,"B cells, IKK Inhibitor VII",0.57775605,0.93718857,0.7674745917320251,2.014458179473877
split_scaffold_heldout,drug_mean,"Myeloid cells, IKK Inhibitor VII",0.41628873,1.4801283,0.5928637385368347,2.6572444438934326
split_scaffold_heldout,drug_mean,"B cells, IMD-0354",0.41201043,1.1877215,0.599055290222168,2.4127888679504395
split_scaffold_heldout,drug_mean,"Myeloid cells, IMD-0354",0.44266966,1.5128742,0.597091794013977,2.613055944442749
split_scaffold_heldout,drug_mean,"B cells, Defactinib",0.35948554,0.6978692,0.6219085454940796,1.7382853031158447
split_scaffold_heldout,drug_mean,"Myeloid cells, Defactinib",0.43867278,0.98594224,0.6900652647018433,2.1005027294158936
split_scaffold_heldout,drug_mean,"B cells, SLx-2119",0.3920412,0.6133636,0.6726311445236206,1.6554582118988037
split_scaffold_heldout,drug_mean,"Myeloid cells, SLx-2119",0.107067086,0.6368331,0.056161150336265564,2.0306334495544434
split_scaffold_heldout,drug_mean,"B cells, Vandetanib",0.4091992,0.66074777,0.6754710078239441,1.7683169841766357
split_scaffold_heldout,drug_mean,"Myeloid cells, Vandetanib",0.19117944,0.7740855,0.38246557116508484,1.9320802688598633
split_scaffold_heldout,drug_mean,"B cells, Vanoxerine",0.19331881,0.58943856,0.35478734970092773,1.744552731513977
split_scaffold_heldout,drug_mean,"Myeloid cells, Vanoxerine",0.39240983,0.5725564,0.6493933200836182,1.5941423177719116
split_cell_scaffold_heldout,global_train_mean,"T cells, TIE2 Kinase Inhibitor",0.121939495,0.5729642,0.3423974812030792,1.6298089027404785
split_cell_scaffold_heldout,global_train_mean,"T cells, Lapatinib",-0.064277396,0.6494728,-0.07645735144615173,1.9013625383377075
split_cell_scaffold_heldout,global_train_mean,"T cells, Tivozanib",0.21663897,0.64260083,0.4366286098957062,1.8274637460708618
split_cell_scaffold_heldout,global_train_mean,"T cells, Tamatinib",0.5534344,1.0210086,0.7552557587623596,2.0928101539611816
split_cell_scaffold_heldout,global_train_mean,"T cells, Linagliptin",0.16202189,0.5141145,0.2021927684545517,1.5793520212173462
split_cell_scaffold_heldout,global_train_mean,"T cells, Protriptyline",0.09128127,0.5157413,0.26389026641845703,1.6493241786956787
split_cell_scaffold_heldout,global_train_mean,"T cells, Phenylbutazone",-0.001473906,0.56383085,-0.18846987187862396,1.8387597799301147
split_cell_scaffold_heldout,global_train_mean,"T cells, Proscillaridin A;Proscillaridin-A",-0.061683398,2.999893,-0.07091262936592102,3.5584652423858643
split_cell_scaffold_heldout,global_train_mean,"T cells, BMS-265246",0.101250514,1.3761678,0.205370232462883,2.5676164627075195
split_cell_scaffold_heldout,global_train_mean,"T cells, Navitoclax",-0.0791431,0.602553,0.28747084736824036,1.8391801118850708
split_cell_scaffold_heldout,global_train_mean,"T cells, Trametinib",0.31164142,0.67762387,0.6078030467033386,1.8501948118209839
split_cell_scaffold_heldout,global_train_mean,"T cells, Sgc-cbp30",0.2287551,0.7577779,0.3885229527950287,1.9483916759490967
split_cell_scaffold_heldout,global_train_mean,"T cells, Chlorpheniramine",0.3208923,0.5585485,0.5860758423805237,1.5800743103027344
split_cell_scaffold_heldout,global_train_mean,"T cells, RVX-208",0.28087452,0.8252884,0.45599621534347534,1.995845079421997
split_cell_scaffold_heldout,global_train_mean,"T cells, IKK Inhibitor VII",0.4645795,0.89221966,0.7190589904785156,2.0148987770080566
split_cell_scaffold_heldout,global_train_mean,"T cells, IMD-0354",0.38246322,1.6561557,0.5154534578323364,2.744800567626953
split_cell_scaffold_heldout,global_train_mean,"T cells, Defactinib",0.11957151,0.7737078,0.2911316752433777,2.0770063400268555
split_cell_scaffold_heldout,global_train_mean,"T cells, BI-D1870",-0.022374552,0.62602973,-0.04596446454524994,1.7302556037902832
split_cell_scaffold_heldout,global_train_mean,"T cells, Crizotinib",0.4986355,0.75990665,0.7091489434242249,1.8938539028167725
split_cell_scaffold_heldout,global_train_mean,"T cells, AT 7867",0.22015242,0.8622011,0.3864663541316986,2.030287981033325
split_cell_scaffold_heldout,global_train_mean,"T cells, GO-6976",-0.16353203,0.94826907,-0.3233620524406433,2.1760520935058594
split_cell_scaffold_heldout,global_train_mean,"T cells, SLx-2119",0.26125,0.5996706,0.4779084324836731,1.7713910341262817
split_cell_scaffold_heldout,global_train_mean,"T cells, Ricolinostat",0.20042425,0.87065005,0.4275989532470703,2.0533509254455566
split_cell_scaffold_heldout,global_train_mean,"T cells, CEP-37440",0.3299733,0.64431286,0.6452474594116211,1.8346036672592163
split_cell_scaffold_heldout,global_train_mean,"T cells, Oxybenzone",0.17970484,0.496433,0.3969707489013672,1.5424491167068481
split_cell_scaffold_heldout,global_train_mean,"T cells, Vandetanib",0.15899234,0.52949435,0.3617906868457794,1.5854581594467163
split_cell_scaffold_heldout,global_train_mean,"T cells, Vanoxerine",0.13367376,0.6019674,0.34914082288742065,1.7153757810592651
split_cell_scaffold_heldout,cell_context_mean,"T cells, TIE2 Kinase Inhibitor",0.121939495,0.5729642,0.3423974812030792,1.6298089027404785
split_cell_scaffold_heldout,cell_context_mean,"T cells, Lapatinib",-0.064277396,0.6494728,-0.07645735144615173,1.9013625383377075
split_cell_scaffold_heldout,cell_context_mean,"T cells, Tivozanib",0.21663897,0.64260083,0.4366286098957062,1.8274637460708618
split_cell_scaffold_heldout,cell_context_mean,"T cells, Tamatinib",0.5534344,1.0210086,0.7552557587623596,2.0928101539611816
split_cell_scaffold_heldout,cell_context_mean,"T cells, Linagliptin",0.16202189,0.5141145,0.2021927684545517,1.5793520212173462
split_cell_scaffold_heldout,cell_context_mean,"T cells, Protriptyline",0.09128127,0.5157413,0.26389026641845703,1.6493241786956787
split_cell_scaffold_heldout,cell_context_mean,"T cells, Phenylbutazone",-0.001473906,0.56383085,-0.18846987187862396,1.8387597799301147
split_cell_scaffold_heldout,cell_context_mean,"T cells, Proscillaridin A;Proscillaridin-A",-0.061683398,2.999893,-0.07091262936592102,3.5584652423858643
split_cell_scaffold_heldout,cell_context_mean,"T cells, BMS-265246",0.101250514,1.3761678,0.205370232462883,2.5676164627075195
split_cell_scaffold_heldout,cell_context_mean,"T cells, Navitoclax",-0.0791431,0.602553,0.28747084736824036,1.8391801118850708
split_cell_scaffold_heldout,cell_context_mean,"T cells, Trametinib",0.31164142,0.67762387,0.6078030467033386,1.8501948118209839
split_cell_scaffold_heldout,cell_context_mean,"T cells, Sgc-cbp30",0.2287551,0.7577779,0.3885229527950287,1.9483916759490967
split_cell_scaffold_heldout,cell_context_mean,"T cells, Chlorpheniramine",0.3208923,0.5585485,0.5860758423805237,1.5800743103027344
split_cell_scaffold_heldout,cell_context_mean,"T cells, RVX-208",0.28087452,0.8252884,0.45599621534347534,1.995845079421997
split_cell_scaffold_heldout,cell_context_mean,"T cells, IKK Inhibitor VII",0.4645795,0.89221966,0.7190589904785156,2.0148987770080566
split_cell_scaffold_heldout,cell_context_mean,"T cells, IMD-0354",0.38246322,1.6561557,0.5154534578323364,2.744800567626953
split_cell_scaffold_heldout,cell_context_mean,"T cells, Defactinib",0.11957151,0.7737078,0.2911316752433777,2.0770063400268555
split_cell_scaffold_heldout,cell_context_mean,"T cells, BI-D1870",-0.022374552,0.62602973,-0.04596446454524994,1.7302556037902832
split_cell_scaffold_heldout,cell_context_mean,"T cells, Crizotinib",0.4986355,0.75990665,0.7091489434242249,1.8938539028167725
split_cell_scaffold_heldout,cell_context_mean,"T cells, AT 7867",0.22015242,0.8622011,0.3864663541316986,2.030287981033325
split_cell_scaffold_heldout,cell_context_mean,"T cells, GO-6976",-0.16353203,0.94826907,-0.3233620524406433,2.1760520935058594
split_cell_scaffold_heldout,cell_context_mean,"T cells, SLx-2119",0.26125,0.5996706,0.4779084324836731,1.7713910341262817
split_cell_scaffold_heldout,cell_context_mean,"T cells, Ricolinostat",0.20042425,0.87065005,0.4275989532470703,2.0533509254455566
split_cell_scaffold_heldout,cell_context_mean,"T cells, CEP-37440",0.3299733,0.64431286,0.6452474594116211,1.8346036672592163
split_cell_scaffold_heldout,cell_context_mean,"T cells, Oxybenzone",0.17970484,0.496433,0.3969707489013672,1.5424491167068481
split_cell_scaffold_heldout,cell_context_mean,"T cells, Vandetanib",0.15899234,0.52949435,0.3617906868457794,1.5854581594467163
split_cell_scaffold_heldout,cell_context_mean,"T cells, Vanoxerine",0.13367376,0.6019674,0.34914082288742065,1.7153757810592651
split_cell_scaffold_heldout,drug_mean,"T cells, TIE2 Kinase Inhibitor",0.121939495,0.5729642,0.3423974812030792,1.6298089027404785
split_cell_scaffold_heldout,drug_mean,"T cells, Lapatinib",-0.064277396,0.6494728,-0.07645735144615173,1.9013625383377075
split_cell_scaffold_heldout,drug_mean,"T cells, Tivozanib",0.21663897,0.64260083,0.4366286098957062,1.8274637460708618
split_cell_scaffold_heldout,drug_mean,"T cells, Tamatinib",0.5534344,1.0210086,0.7552557587623596,2.0928101539611816
split_cell_scaffold_heldout,drug_mean,"T cells, Linagliptin",0.16202189,0.5141145,0.2021927684545517,1.5793520212173462
split_cell_scaffold_heldout,drug_mean,"T cells, Protriptyline",0.09128127,0.5157413,0.26389026641845703,1.6493241786956787
split_cell_scaffold_heldout,drug_mean,"T cells, Phenylbutazone",-0.001473906,0.56383085,-0.18846987187862396,1.8387597799301147
split_cell_scaffold_heldout,drug_mean,"T cells, Proscillaridin A;Proscillaridin-A",-0.061683398,2.999893,-0.07091262936592102,3.5584652423858643
split_cell_scaffold_heldout,drug_mean,"T cells, BMS-265246",0.101250514,1.3761678,0.205370232462883,2.5676164627075195
split_cell_scaffold_heldout,drug_mean,"T cells, Navitoclax",-0.0791431,0.602553,0.28747084736824036,1.8391801118850708
split_cell_scaffold_heldout,drug_mean,"T cells, Trametinib",0.31164142,0.67762387,0.6078030467033386,1.8501948118209839
split_cell_scaffold_heldout,drug_mean,"T cells, Sgc-cbp30",0.2287551,0.7577779,0.3885229527950287,1.9483916759490967
split_cell_scaffold_heldout,drug_mean,"T cells, Chlorpheniramine",0.3208923,0.5585485,0.5860758423805237,1.5800743103027344
split_cell_scaffold_heldout,drug_mean,"T cells, RVX-208",0.28087452,0.8252884,0.45599621534347534,1.995845079421997
split_cell_scaffold_heldout,drug_mean,"T cells, IKK Inhibitor VII",0.4645795,0.89221966,0.7190589904785156,2.0148987770080566
split_cell_scaffold_heldout,drug_mean,"T cells, IMD-0354",0.38246322,1.6561557,0.5154534578323364,2.744800567626953
split_cell_scaffold_heldout,drug_mean,"T cells, Defactinib",0.11957151,0.7737078,0.2911316752433777,2.0770063400268555
split_cell_scaffold_heldout,drug_mean,"T cells, BI-D1870",-0.022374552,0.62602973,-0.04596446454524994,1.7302556037902832
split_cell_scaffold_heldout,drug_mean,"T cells, Crizotinib",0.4986355,0.75990665,0.7091489434242249,1.8938539028167725
split_cell_scaffold_heldout,drug_mean,"T cells, AT 7867",0.22015242,0.8622011,0.3864663541316986,2.030287981033325
split_cell_scaffold_heldout,drug_mean,"T cells, GO-6976",-0.16353203,0.94826907,-0.3233620524406433,2.1760520935058594
split_cell_scaffold_heldout,drug_mean,"T cells, SLx-2119",0.26125,0.5996706,0.4779084324836731,1.7713910341262817
split_cell_scaffold_heldout,drug_mean,"T cells, Ricolinostat",0.20042425,0.87065005,0.4275989532470703,2.0533509254455566
split_cell_scaffold_heldout,drug_mean,"T cells, CEP-37440",0.3299733,0.64431286,0.6452474594116211,1.8346036672592163
split_cell_scaffold_heldout,drug_mean,"T cells, Oxybenzone",0.17970484,0.496433,0.3969707489013672,1.5424491167068481
split_cell_scaffold_heldout,drug_mean,"T cells, Vandetanib",0.15899234,0.52949435,0.3617906868457794,1.5854581594467163
split_cell_scaffold_heldout,drug_mean,"T cells, Vanoxerine",0.13367376,0.6019674,0.34914082288742065,1.7153757810592651
