split,baseline,sample_id,rowwise_pearson,rmse,de_rowwise_pearson,de_rmse
split_random,global_train_mean,"NK cells, Atorvastatin",0.12229705,0.65612245,0.201682910323143,1.743233561515808
split_random,global_train_mean,"B cells, Ganetespib (STA-9090)",0.47816402,1.6180432,0.6157069802284241,2.7075319290161133
split_random,global_train_mean,"Myeloid cells, Ganetespib (STA-9090)",0.50174856,1.4353384,0.6682962775230408,2.512800693511963
split_random,global_train_mean,"B cells, Sunitinib",0.43853712,0.79049295,0.6790000796318054,1.9557167291641235
split_random,global_train_mean,"B cells, Tivozanib",0.44871613,0.7511849,0.7259039282798767,1.8906455039978027
split_random,global_train_mean,"Myeloid cells, Tivozanib",0.17468685,0.7521474,0.3774278163909912,1.9625115394592285
split_random,global_train_mean,"Myeloid cells, Tamatinib",0.5080123,1.3199891,0.6982297301292419,2.4538073539733887
split_random,global_train_mean,"NK cells, Ixabepilone",0.12704027,0.6445809,0.2133667767047882,1.8389172554016113
split_random,global_train_mean,"T cells, Ixabepilone",0.10729773,0.5372588,0.10538632422685623,1.7574070692062378
split_random,global_train_mean,"NK cells, Protriptyline",0.029851293,0.6393038,0.130167618393898,1.7793424129486084
split_random,global_train_mean,"B cells, I-BET151",0.41305065,1.2609408,0.5597209930419922,2.4174327850341797
split_random,global_train_mean,"T cells, IN1451",0.28907755,2.783564,0.3431544005870819,3.3939032554626465
split_random,global_train_mean,"Myeloid cells, Raloxifene",0.11299558,0.97016865,0.2891254425048828,2.193957567214966
split_random,global_train_mean,"NK cells, Raloxifene",-0.042589933,0.79954803,-0.06404271721839905,1.9974486827850342
split_random,global_train_mean,"T cells, Topotecan",0.13816014,1.0454308,0.2856041491031647,2.275315284729004
split_random,global_train_mean,"T cells, BMS-777607",0.37636372,0.5279211,0.6735760569572449,1.497114896774292
split_random,global_train_mean,"NK cells, TL_HRAS26",0.077588476,0.6318698,0.11061021685600281,1.856946587562561
split_random,global_train_mean,"NK cells, Vorinostat",0.32625324,1.2012533,0.5168195366859436,2.389482021331787
split_random,global_train_mean,"NK cells, BMS-265246",0.08810847,0.8897947,0.19173575937747955,2.161487102508545
split_random,global_train_mean,"Myeloid cells, Pomalidomide",-0.07016793,1.0929986,-0.042833518236875534,2.569960594177246
split_random,global_train_mean,"B cells, Dovitinib",0.50942636,0.84113044,0.7544808387756348,2.0330240726470947
split_random,global_train_mean,"T cells, Navitoclax",-0.047377646,0.58629936,0.3831942677497864,1.7986388206481934
split_random,global_train_mean,"B cells, Methotrexate",-0.32893518,0.7507874,-0.5950611233711243,1.996832013130188
split_random,global_train_mean,"T cells, AMD-070 (hydrochloride)",0.27572033,0.58049196,0.537573516368866,1.718039631843567
split_random,global_train_mean,"Myeloid cells, FK 866",0.23943268,1.1438259,0.38644933700561523,2.3295772075653076
split_random,global_train_mean,"T cells, FK 866",0.18752497,0.96826386,0.37348830699920654,2.1862165927886963
split_random,global_train_mean,"T cells, Chlorpheniramine",0.3775091,0.54268306,0.646007776260376,1.5625666379928589
split_random,global_train_mean,"T cells, BAY 61-3606",0.37893644,1.8136052,0.49305012822151184,2.823317527770996
split_random,global_train_mean,"NK cells, Vardenafil",0.13940762,0.65419734,0.25194916129112244,1.8232053518295288
split_random,global_train_mean,"B cells, PF-04691502",0.56729877,1.0664692,0.7612349390983582,2.2116599082946777
split_random,global_train_mean,"T cells, Perhexiline",0.6149545,0.90729046,0.817439615726471,2.0486397743225098
split_random,global_train_mean,"T cells, RVX-208",0.3535445,0.80774873,0.542494535446167,1.9722779989242554
split_random,global_train_mean,"T cells, Disulfiram",0.08016455,0.58127224,0.2452826350927353,1.7036718130111694
split_random,global_train_mean,"NK cells, Flutamide",0.13278955,0.68060946,0.35444507002830505,1.776262879371643
split_random,global_train_mean,"T cells, Flutamide",0.04468141,0.55322766,0.3890162706375122,1.6642544269561768
split_random,global_train_mean,"T cells, Desloratadine",0.15191466,0.5295525,0.3923276960849762,1.5547431707382202
split_random,global_train_mean,"NK cells, Dactolisib",0.4771532,0.9644125,0.6890462636947632,2.164155960083008
split_random,global_train_mean,"T cells, Dactolisib",0.6152767,1.4686276,0.7743455767631531,2.5823676586151123
split_random,global_train_mean,"T cells, BMS-536924",0.6288744,1.039326,0.8218393921852112,2.1971306800842285
split_random,global_train_mean,"B cells, Isoniazid",0.23949382,0.5765968,0.43496039509773254,1.6822203397750854
split_random,global_train_mean,"NK cells, Isoniazid",0.0893776,0.6521485,0.18016619980335236,1.821153998374939
split_random,global_train_mean,"NK cells, Canertinib",0.09647362,0.69964224,0.16508296132087708,1.9413442611694336
split_random,global_train_mean,"Myeloid cells, Idelalisib",0.23353407,0.952566,0.4183156192302704,2.0917117595672607
split_random,global_train_mean,"T cells, Quizartinib",0.2057216,0.5391419,0.3867265284061432,1.7818783521652222
split_random,global_train_mean,"B cells, PD-0325901",0.47104052,0.75946844,0.7192868590354919,1.9479061365127563
split_random,global_train_mean,"Myeloid cells, PD-0325901",0.33659065,1.3426046,0.5001540780067444,2.509671926498413
split_random,global_train_mean,"B cells, LDN 193189",0.12835199,0.57578677,0.34343212842941284,1.6620947122573853
split_random,global_train_mean,"T cells, Defactinib",0.18903203,0.75364906,0.38490352034568787,2.0448920726776123
split_random,global_train_mean,"Myeloid cells, BI-D1870",0.20400186,0.8558337,0.4231204688549042,2.058943271636963
split_random,global_train_mean,"NK cells, AZD3514",0.15411595,0.6705928,0.31146374344825745,1.802680253982544
split_random,global_train_mean,"NK cells, CC-401",0.26680613,0.6796362,0.4728226065635681,1.7947453260421753
split_random,global_train_mean,"T cells, CC-401",0.46028316,0.7665124,0.6936715841293335,1.9023233652114868
split_random,global_train_mean,"Myeloid cells, Azacitidine",0.115259685,0.60994023,0.3506072759628296,1.7084760665893555
split_random,global_train_mean,"NK cells, Azacitidine",0.15153168,0.64244586,0.2540636956691742,1.8105882406234741
split_random,global_train_mean,"NK cells, Nilotinib",0.30097654,0.70671415,0.5352466702461243,1.7930934429168701
split_random,global_train_mean,"B cells, GO-6976",0.107021175,0.7082098,0.2626049220561981,1.9005558490753174
split_random,global_train_mean,"B cells, ABT737",-0.14911702,0.99585605,-0.2611851692199707,2.223544120788574
split_random,global_train_mean,"NK cells, PRT-062607",0.3521578,0.71569264,0.5933911800384521,1.7836846113204956
split_random,global_train_mean,"T cells, Nefazodone",0.34551135,0.45944837,0.6573273539543152,1.4925309419631958
split_random,global_train_mean,"T cells, MGCD-265",0.41580966,0.4545746,0.6576166749000549,1.4577752351760864
split_random,global_train_mean,"NK cells, Bosutinib",0.31743056,0.75090396,0.5178102254867554,1.8905434608459473
split_random,global_train_mean,"T cells, Bosutinib",0.5548788,0.9705699,0.749823272228241,2.09224534034729
split_random,global_train_mean,"NK cells, YK 4-279",-0.056895558,0.7190542,-0.0690559521317482,1.8650298118591309
split_random,global_train_mean,"B cells, Oxybenzone",0.20023718,0.5470846,0.2774231433868408,1.6896214485168457
split_random,global_train_mean,"NK cells, Vandetanib",0.15828405,0.65111005,0.36932995915412903,1.8106012344360352
split_random,global_train_mean,"NK cells, Colforsin",0.08790143,0.6596142,0.06365684419870377,1.8301262855529785
split_random,global_train_mean,"NK cells, Tosedostat",0.30998567,0.73105025,0.5515195727348328,1.858843207359314
split_random,global_train_mean,"NK cells, Colchicine",0.24692793,0.7098145,0.4366428256034851,1.8100632429122925
split_random,global_train_mean,"NK cells, Mometasone Furoate",0.36323038,0.9166062,0.5611354112625122,2.1297528743743896
split_random,global_train_mean,"T cells, Tipifarnib",0.45089594,0.6231672,0.7364973425865173,1.7085338830947876
split_random,global_train_mean,"NK cells, PF-03814735",0.32602394,0.82029754,0.5309106111526489,1.920403242111206
split_random,global_train_mean,"T cells, PF-03814735",0.59081537,1.0688236,0.7757421135902405,2.1755712032318115
split_random,global_train_mean,"T cells, Prednisolone",0.5192056,1.3480151,0.6491952538490295,2.5445055961608887
split_random,global_train_mean,"NK cells, Tacalcitol",0.22213037,0.676348,0.38306212425231934,1.8027286529541016
split_random,global_train_mean,"Myeloid cells, Selumetinib",0.37998787,1.0211647,0.6111738085746765,2.231060266494751
split_random,global_train_mean,"NK cells, Selumetinib",0.18862621,0.6986133,0.34082934260368347,1.8305562734603882
split_random,global_train_mean,"T cells, Clotrimazole",0.14778984,0.5389404,0.29392507672309875,1.7093558311462402
split_random,global_train_mean,"T cells, RG7090",-0.1038358,0.8422596,-0.15113697946071625,2.0965356826782227
split_random,global_train_mean,"T cells, GLPG0634",0.52125204,0.7162352,0.7932964563369751,1.7694634199142456
split_random,global_train_mean,"T cells, HYDROXYUREA",0.003491581,0.5528797,-0.16358254849910736,1.7542880773544312
split_random,global_train_mean,"B cells, TIE2 Kinase Inhibitor",0.12902899,0.5584308,0.22560684382915497,1.6427935361862183
split_random,global_train_mean,"B cells, Atorvastatin",0.1882807,0.5970251,0.45728763937950134,1.6694824695587158
split_random,global_train_mean,"B cells, Clomipramine",0.15187183,0.5924504,0.27468523383140564,1.7230401039123535
split_random,global_train_mean,"B cells, Ixabepilone",0.13295276,0.57507193,0.25355491042137146,1.8214333057403564
split_random,global_train_mean,"B cells, Vorinostat",0.3690088,1.5840131,0.506753146648407,2.6568446159362793
split_random,global_train_mean,"Myeloid cells, Vorinostat",0.34571305,1.8258228,0.47693541646003723,2.8650238513946533
split_random,global_train_mean,"B cells, Ruxolitinib",0.5243471,0.89582396,0.7562363147735596,2.0308523178100586
split_random,global_train_mean,"Myeloid cells, AVL-292",0.32508326,0.9049033,0.5619817972183228,2.0965471267700195
split_random,global_train_mean,"B cells, BAY 61-3606",0.42964894,1.185879,0.6294274926185608,2.3283755779266357
split_random,global_train_mean,"B cells, Dasatinib",0.55062014,1.1356361,0.7536391615867615,2.308525800704956
split_random,global_train_mean,"B cells, BMS-536924",0.59715265,1.0027903,0.787093460559845,2.1320109367370605
split_random,global_train_mean,"B cells, Decitabine",0.123098254,0.5692215,0.11116170883178711,1.766228199005127
split_random,global_train_mean,"B cells, CC-401",0.49277198,0.70629436,0.7415979504585266,1.7902098894119263
split_random,global_train_mean,"Myeloid cells, Resminostat",0.38067457,1.919741,0.5031116604804993,2.8670380115509033
split_random,global_train_mean,"B cells, OSI-930",0.07077848,0.5772571,0.14415469765663147,1.7076127529144287
split_random,global_train_mean,"Myeloid cells, TPCA-1",0.48697317,1.3824625,0.66690593957901,2.5074453353881836
split_random,global_train_mean,"B cells, Clemastine",0.2545105,0.6516754,0.4092455208301544,1.8290749788284302
split_random,global_train_mean,"Myeloid cells, YK 4-279",0.086615905,0.623083,0.14389926195144653,1.7379399538040161
split_random,global_train_mean,"Myeloid cells, Doxorubicin",0.18323785,2.331631,0.23729774355888367,3.1745309829711914
split_random,global_train_mean,"Myeloid cells, PF-03814735",0.57553506,1.8375301,0.6972792744636536,2.799391746520996
split_random,global_train_mean,"Myeloid cells, Clotrimazole",0.094267316,0.7483929,0.19606034457683563,1.9364569187164307
split_random,global_train_mean,"B cells, SB525334",-0.12892632,0.739446,-0.3057575821876526,2.0157744884490967
split_random,cell_context_mean,"NK cells, Atorvastatin",0.27935988,0.6187697,0.4540482759475708,1.6767566204071045
split_random,cell_context_mean,"B cells, Ganetespib (STA-9090)",0.529772,1.5680625,0.6660208702087402,2.610490560531616
split_random,cell_context_mean,"Myeloid cells, Ganetespib (STA-9090)",0.5240522,1.3856397,0.6818527579307556,2.411200523376465
split_random,cell_context_mean,"B cells, Sunitinib",0.51734793,0.7502174,0.7457100749015808,1.794986367225647
split_random,cell_context_mean,"B cells, Tivozanib",0.49872398,0.72121507,0.7517713308334351,1.7548472881317139
split_random,cell_context_mean,"Myeloid cells, Tivozanib",0.25840136,0.7478148,0.5101325511932373,1.848077654838562
split_random,cell_context_mean,"Myeloid cells, Tamatinib",0.6814171,1.2106524,0.8334488272666931,2.238297462463379
split_random,cell_context_mean,"NK cells, Ixabepilone",0.23750012,0.6174535,0.4217589497566223,1.7784291505813599
split_random,cell_context_mean,"T cells, Ixabepilone",0.23636341,0.5379035,0.3138478398323059,1.5881496667861938
split_random,cell_context_mean,"NK cells, Protriptyline",0.18056358,0.60284615,0.4059649109840393,1.7149887084960938
split_random,cell_context_mean,"B cells, I-BET151",0.43547136,1.2326478,0.5880752801895142,2.3408782482147217
split_random,cell_context_mean,"T cells, IN1451",0.2947811,2.7623823,0.3466132879257202,3.3650927543640137
split_random,cell_context_mean,"Myeloid cells, Raloxifene",0.3813715,0.896022,0.6172674894332886,1.9882071018218994
split_random,cell_context_mean,"NK cells, Raloxifene",0.13425402,0.7577455,0.2468549758195877,1.9267573356628418
split_random,cell_context_mean,"T cells, Topotecan",0.18904291,1.0405993,0.3665996193885803,2.2232069969177246
split_random,cell_context_mean,"T cells, BMS-777607",0.42765573,0.5211175,0.7268586158752441,1.3734320402145386
split_random,cell_context_mean,"NK cells, TL_HRAS26",0.17978525,0.605992,0.3292565941810608,1.8047367334365845
split_random,cell_context_mean,"NK cells, Vorinostat",0.29207924,1.2113672,0.47754958271980286,2.4106106758117676
split_random,cell_context_mean,"NK cells, BMS-265246",0.2746201,0.84692806,0.5116917490959167,2.069964647293091
split_random,cell_context_mean,"Myeloid cells, Pomalidomide",-0.13201235,1.1523067,-0.19742824137210846,2.670262098312378
split_random,cell_context_mean,"B cells, Dovitinib",0.6227243,0.77586275,0.8296213746070862,1.8371039628982544
split_random,cell_context_mean,"T cells, Navitoclax",0.001659665,0.6210553,0.4779410660266876,1.7198084592819214
split_random,cell_context_mean,"B cells, Methotrexate",-0.24444416,0.7879285,-0.48972225189208984,2.0439376831054688
split_random,cell_context_mean,"T cells, AMD-070 (hydrochloride)",0.3735653,0.5656888,0.640350341796875,1.591862678527832
split_random,cell_context_mean,"Myeloid cells, FK 866",0.37825295,1.093633,0.5784396529197693,2.1977057456970215
split_random,cell_context_mean,"T cells, FK 866",0.23401599,0.9617998,0.4208900034427643,2.132802963256836
split_random,cell_context_mean,"T cells, Chlorpheniramine",0.40080497,0.54426587,0.6670601963996887,1.477157473564148
split_random,cell_context_mean,"T cells, BAY 61-3606",0.4250064,1.7738711,0.5398226976394653,2.753976345062256
split_random,cell_context_mean,"NK cells, Vardenafil",0.24837476,0.6275487,0.41011807322502136,1.782282829284668
split_random,cell_context_mean,"B cells, PF-04691502",0.657877,0.9966274,0.8143793940544128,2.046069860458374
split_random,cell_context_mean,"T cells, Perhexiline",0.62372464,0.86463714,0.8111557960510254,1.9238826036453247
split_random,cell_context_mean,"T cells, RVX-208",0.41583902,0.78233945,0.5987182855606079,1.8858081102371216
split_random,cell_context_mean,"T cells, Disulfiram",0.18828109,0.5869152,0.38094067573547363,1.5713077783584595
split_random,cell_context_mean,"NK cells, Flutamide",0.26482904,0.6490001,0.49414804577827454,1.7275593280792236
split_random,cell_context_mean,"T cells, Flutamide",0.100166105,0.58053756,0.4438430070877075,1.6039444208145142
split_random,cell_context_mean,"T cells, Desloratadine",0.24677297,0.5360568,0.4839484989643097,1.4563696384429932
split_random,cell_context_mean,"NK cells, Dactolisib",0.3929473,0.9883952,0.6131967902183533,2.2240025997161865
split_random,cell_context_mean,"T cells, Dactolisib",0.66130596,1.4049317,0.7934902310371399,2.459484577178955
split_random,cell_context_mean,"T cells, BMS-536924",0.70211184,0.9670817,0.8681918382644653,2.015381097793579
split_random,cell_context_mean,"B cells, Isoniazid",0.27822435,0.5861416,0.5122361779212952,1.6105371713638306
split_random,cell_context_mean,"NK cells, Isoniazid",0.16730754,0.6316744,0.3385213017463684,1.7829381227493286
split_random,cell_context_mean,"NK cells, Canertinib",0.218455,0.6700675,0.3462527394294739,1.8903729915618896
split_random,cell_context_mean,"Myeloid cells, Idelalisib",0.3763911,0.9078955,0.5951847434043884,1.949938416481018
split_random,cell_context_mean,"T cells, Quizartinib",0.28106448,0.54435086,0.49320363998413086,1.7011674642562866
split_random,cell_context_mean,"B cells, PD-0325901",0.5842344,0.7018658,0.8098356127738953,1.754217505455017
split_random,cell_context_mean,"Myeloid cells, PD-0325901",0.55473477,1.2428284,0.7330672144889832,2.307462453842163
split_random,cell_context_mean,"B cells, LDN 193189",0.17994253,0.5929191,0.37886273860931396,1.620331883430481
split_random,cell_context_mean,"T cells, Defactinib",0.27576962,0.74152803,0.4887824058532715,1.9550652503967285
split_random,cell_context_mean,"Myeloid cells, BI-D1870",0.3008493,0.8371527,0.5464357733726501,1.938300609588623
split_random,cell_context_mean,"NK cells, AZD3514",0.26712525,0.64327484,0.4498840272426605,1.7595597505569458
split_random,cell_context_mean,"NK cells, CC-401",0.37270167,0.65509236,0.5903971195220947,1.74471116065979
split_random,cell_context_mean,"T cells, CC-401",0.4271282,0.7642629,0.6739885807037354,1.8354406356811523
split_random,cell_context_mean,"Myeloid cells, Azacitidine",0.09516214,0.6584869,0.33042895793914795,1.6868987083435059
split_random,cell_context_mean,"NK cells, Azacitidine",0.22202028,0.62419116,0.41873204708099365,1.7666116952896118
split_random,cell_context_mean,"NK cells, Nilotinib",0.3291406,0.700477,0.5699259638786316,1.7796335220336914
split_random,cell_context_mean,"B cells, GO-6976",0.16843866,0.71538013,0.36166977882385254,1.8451188802719116
split_random,cell_context_mean,"B cells, ABT737",-0.07137007,1.0138291,-0.12173375487327576,2.2238306999206543
split_random,cell_context_mean,"NK cells, PRT-062607",0.41542217,0.7022989,0.6625865697860718,1.7633378505706787
split_random,cell_context_mean,"T cells, Nefazodone",0.32949433,0.48753396,0.6253637075424194,1.453741192817688
split_random,cell_context_mean,"T cells, MGCD-265",0.4060786,0.4724649,0.6759129762649536,1.3579274415969849
split_random,cell_context_mean,"NK cells, Bosutinib",0.31188405,0.7528217,0.5392482876777649,1.8963673114776611
split_random,cell_context_mean,"T cells, Bosutinib",0.55677956,0.93750715,0.7281955480575562,1.996206521987915
split_random,cell_context_mean,"NK cells, YK 4-279",0.11101621,0.67886436,0.24150079488754272,1.7960827350616455
split_random,cell_context_mean,"B cells, Oxybenzone",0.25004575,0.55941826,0.44282248616218567,1.6156425476074219
split_random,cell_context_mean,"NK cells, Vandetanib",0.289959,0.619563,0.6077012419700623,1.738195538520813
split_random,cell_context_mean,"NK cells, Colforsin",0.15891698,0.640672,0.25865840911865234,1.7886525392532349
split_random,cell_context_mean,"NK cells, Tosedostat",0.33014905,0.7269199,0.5763542056083679,1.8543274402618408
split_random,cell_context_mean,"NK cells, Colchicine",0.34785017,0.68639517,0.5748571753501892,1.768048882484436
split_random,cell_context_mean,"NK cells, Mometasone Furoate",0.38498858,0.91403025,0.6089221835136414,2.1240923404693604
split_random,cell_context_mean,"T cells, Tipifarnib",0.42246628,0.628229,0.7093618512153625,1.6425793170928955
split_random,cell_context_mean,"NK cells, PF-03814735",0.40370452,0.8039129,0.6456676721572876,1.8847380876541138
split_random,cell_context_mean,"T cells, PF-03814735",0.575523,1.0345081,0.7555802464485168,2.0806655883789062
split_random,cell_context_mean,"T cells, Prednisolone",0.5290149,1.3094004,0.6663408279418945,2.4611120223999023
split_random,cell_context_mean,"NK cells, Tacalcitol",0.29912075,0.65778136,0.502833902835846,1.7648712396621704
split_random,cell_context_mean,"Myeloid cells, Selumetinib",0.579836,0.92806476,0.7990766763687134,1.9929909706115723
split_random,cell_context_mean,"NK cells, Selumetinib",0.29487112,0.67330974,0.5099014043807983,1.777915120124817
split_random,cell_context_mean,"T cells, Clotrimazole",0.24476804,0.5447297,0.4368668496608734,1.6101324558258057
split_random,cell_context_mean,"T cells, RG7090",0.024688503,0.8445734,0.06376714259386063,2.0614171028137207
split_random,cell_context_mean,"T cells, GLPG0634",0.5710729,0.6769862,0.8182302117347717,1.611151933670044
split_random,cell_context_mean,"T cells, HYDROXYUREA",0.0643965,0.5828864,-0.004122648388147354,1.748375415802002
split_random,cell_context_mean,"B cells, TIE2 Kinase Inhibitor",0.17754427,0.57824683,0.29100820422172546,1.610865831375122
split_random,cell_context_mean,"B cells, Atorvastatin",0.25252527,0.6023797,0.5046384334564209,1.5971812009811401
split_random,cell_context_mean,"B cells, Clomipramine",0.21321902,0.6026654,0.36992520093917847,1.6657137870788574
split_random,cell_context_mean,"B cells, Ixabepilone",0.19955286,0.58747333,0.37673380970954895,1.7724665403366089
split_random,cell_context_mean,"B cells, Vorinostat",0.4186811,1.5466119,0.5562261343002319,2.583026885986328
split_random,cell_context_mean,"Myeloid cells, Vorinostat",0.3741792,1.7911322,0.49944573640823364,2.7995591163635254
split_random,cell_context_mean,"B cells, Ruxolitinib",0.6418484,0.8253139,0.824633002281189,1.8431501388549805
split_random,cell_context_mean,"Myeloid cells, AVL-292",0.47867373,0.84373057,0.7405896782875061,1.8915610313415527
split_random,cell_context_mean,"B cells, BAY 61-3606",0.46713108,1.1507317,0.6488751173019409,2.245204448699951
split_random,cell_context_mean,"B cells, Dasatinib",0.65976965,1.0599622,0.8290925025939941,2.138023614883423
split_random,cell_context_mean,"B cells, BMS-536924",0.7043097,0.9238115,0.86312335729599,1.9362108707427979
split_random,cell_context_mean,"B cells, Decitabine",0.16980566,0.5888904,0.2791391611099243,1.7160903215408325
split_random,cell_context_mean,"B cells, CC-401",0.55337065,0.6684258,0.7702710628509521,1.6486033201217651
split_random,cell_context_mean,"Myeloid cells, Resminostat",0.43602887,1.8695508,0.5519400238990784,2.783649444580078
split_random,cell_context_mean,"B cells, OSI-930",0.13621889,0.595902,0.38306334614753723,1.6253297328948975
split_random,cell_context_mean,"Myeloid cells, TPCA-1",0.662289,1.2750827,0.8076105713844299,2.3026325702667236
split_random,cell_context_mean,"B cells, Clemastine",0.35651073,0.63291156,0.5664014220237732,1.7158886194229126
split_random,cell_context_mean,"Myeloid cells, YK 4-279",0.25643253,0.6117846,0.42934200167655945,1.6084328889846802
split_random,cell_context_mean,"Myeloid cells, Doxorubicin",0.17925675,2.3255641,0.23005428910255432,3.1585500240325928
split_random,cell_context_mean,"Myeloid cells, PF-03814735",0.68681425,1.7383443,0.7895997762680054,2.6438214778900146
split_random,cell_context_mean,"Myeloid cells, Clotrimazole",0.08748845,0.78522897,0.20662172138690948,1.9287612438201904
split_random,cell_context_mean,"B cells, SB525334",-0.099653445,0.77590793,-0.2547711431980133,2.047414779663086
split_random,drug_mean,"NK cells, Atorvastatin",0.13928488,0.7505059,0.2590346038341522,1.7299115657806396
split_random,drug_mean,"B cells, Ganetespib (STA-9090)",0.63864845,1.3763065,0.769741952419281,1.8480446338653564
split_random,drug_mean,"Myeloid cells, Ganetespib (STA-9090)",0.40147167,1.6540394,0.5704320073127747,2.2374634742736816
split_random,drug_mean,"B cells, Sunitinib",0.29797217,0.84503114,0.5336362719535828,1.9199658632278442
split_random,drug_mean,"B cells, Tivozanib",0.24488673,0.8533963,0.4551945626735687,1.9280610084533691
split_random,drug_mean,"Myeloid cells, Tivozanib",0.1573073,0.83808845,0.3008093535900116,1.9503751993179321
split_random,drug_mean,"Myeloid cells, Tamatinib",0.41467404,1.3198138,0.5763503909111023,2.223799705505371
split_random,drug_mean,"NK cells, Ixabepilone",0.07908631,0.8699926,0.24771474301815033,1.8341211080551147
split_random,drug_mean,"T cells, Ixabepilone",0.17361432,0.7541726,0.5393490195274353,1.4779324531555176
split_random,drug_mean,"NK cells, Protriptyline",0.0781676,0.66411495,0.1486644744873047,1.7813905477523804
split_random,drug_mean,"B cells, I-BET151",0.66063386,1.0881991,0.8298519253730774,1.4547793865203857
split_random,drug_mean,"T cells, IN1451",0.7687715,1.9407423,0.8148676156997681,2.2927980422973633
split_random,drug_mean,"Myeloid cells, Raloxifene",0.14610264,1.0468268,0.24873681366443634,2.1927952766418457
split_random,drug_mean,"NK cells, Raloxifene",0.2531302,0.81769794,0.47086790204048157,1.758378028869629
split_random,drug_mean,"T cells, Topotecan",0.54943055,0.90050673,0.7610130310058594,1.6067463159561157
split_random,drug_mean,"T cells, BMS-777607",0.2648137,0.61335766,0.5642745494842529,1.4854695796966553
split_random,drug_mean,"NK cells, TL_HRAS26",0.11347321,0.678171,0.22575730085372925,1.822848916053772
split_random,drug_mean,"NK cells, Vorinostat",0.63206965,1.725534,0.8415977954864502,1.6342726945877075
split_random,drug_mean,"NK cells, BMS-265246",0.49938154,1.025969,0.7787986993789673,1.3666179180145264
split_random,drug_mean,"Myeloid cells, Pomalidomide",0.24843556,1.1495619,0.4128234088420868,2.3023836612701416
split_random,drug_mean,"B cells, Dovitinib",0.31513655,0.92232245,0.5272866487503052,1.977213978767395
split_random,drug_mean,"T cells, Navitoclax",0.23135187,0.6574686,0.5767216086387634,1.6032068729400635
split_random,drug_mean,"B cells, Methotrexate",0.24873209,0.69287676,0.49242475628852844,1.5715562105178833
split_random,drug_mean,"T cells, AMD-070 (hydrochloride)",0.24946839,0.63661623,0.5615435242652893,1.641374945640564
split_random,drug_mean,"Myeloid cells, FK 866",0.27311885,1.1622137,0.44879114627838135,2.2106406688690186
split_random,drug_mean,"T cells, FK 866",0.39910826,0.92013085,0.6296738982200623,1.8709276914596558
split_random,drug_mean,"T cells, Chlorpheniramine",0.19682956,0.622623,0.4285241365432739,1.6195937395095825
split_random,drug_mean,"T cells, BAY 61-3606",0.5510493,1.5878918,0.6810766458511353,2.208664894104004
split_random,drug_mean,"NK cells, Vardenafil",0.08949141,0.7250137,0.0993550643324852,1.8738396167755127
split_random,drug_mean,"B cells, PF-04691502",0.48839378,1.0510976,0.6828768253326416,1.875064730644226
split_random,drug_mean,"T cells, Perhexiline",0.5554533,0.86431324,0.7767499685287476,1.6511448621749878
split_random,drug_mean,"T cells, RVX-208",0.5078669,0.7497081,0.7031587362289429,1.587255597114563
split_random,drug_mean,"T cells, Disulfiram",0.24374026,0.5852121,0.5169005393981934,1.4752553701400757
split_random,drug_mean,"NK cells, Flutamide",0.1072907,0.7540118,0.28937095403671265,1.7702643871307373
split_random,drug_mean,"T cells, Flutamide",0.085168906,0.63643855,0.4324037432670593,1.640076756477356
split_random,drug_mean,"T cells, Desloratadine",0.24187566,0.558846,0.5226086974143982,1.4316014051437378
split_random,drug_mean,"NK cells, Dactolisib",0.50141436,1.4117774,0.728607177734375,1.7170175313949585
split_random,drug_mean,"T cells, Dactolisib",0.6641996,1.3108871,0.8105144500732422,1.6366380453109741
split_random,drug_mean,"T cells, BMS-536924",0.32526544,1.1577015,0.5470635294914246,2.1758737564086914
split_random,drug_mean,"B cells, Isoniazid",0.10466437,0.670869,0.1659446805715561,1.7460579872131348
split_random,drug_mean,"NK cells, Isoniazid",0.044943016,0.7281488,0.1256750077009201,1.8394159078598022
split_random,drug_mean,"NK cells, Canertinib",0.27004775,0.794919,0.4973301291465759,1.6987149715423584
split_random,drug_mean,"Myeloid cells, Idelalisib",0.21735963,1.0534844,0.3783395290374756,2.039804458618164
split_random,drug_mean,"T cells, Quizartinib",0.16892602,0.61589164,0.4002593755722046,1.7128952741622925
split_random,drug_mean,"B cells, PD-0325901",0.368666,0.86320615,0.6362309455871582,1.7179629802703857
split_random,drug_mean,"Myeloid cells, PD-0325901",0.1644606,1.4533732,0.27808818221092224,2.5415494441986084
split_random,drug_mean,"B cells, LDN 193189",0.18925105,0.6421089,0.39941462874412537,1.6168807744979858
split_random,drug_mean,"T cells, Defactinib",0.3897715,0.7504671,0.6805862188339233,1.659483551979065
split_random,drug_mean,"Myeloid cells, BI-D1870",0.2109828,0.8740485,0.3556707203388214,2.0385208129882812
split_random,drug_mean,"NK cells, AZD3514",0.24763395,0.77491015,0.4348115026950836,1.6778970956802368
split_random,drug_mean,"NK cells, CC-401",0.21171562,1.0635839,0.419098824262619,1.7360879182815552
split_random,drug_mean,"T cells, CC-401",0.39706495,0.9960385,0.6287810802459717,1.6483516693115234
split_random,drug_mean,"Myeloid cells, Azacitidine",0.13707452,0.72580683,0.347371906042099,1.6624550819396973
split_random,drug_mean,"NK cells, Azacitidine",0.17748867,0.741049,0.21015745401382446,1.8066107034683228
split_random,drug_mean,"NK cells, Nilotinib",0.25654268,0.9129464,0.4682285189628601,1.7365789413452148
split_random,drug_mean,"B cells, GO-6976",0.2817252,0.80892825,0.5025238990783691,1.6947765350341797
split_random,drug_mean,"B cells, ABT737",0.19032441,0.96267915,0.3149946630001068,2.018028974533081
split_random,drug_mean,"NK cells, PRT-062607",0.3488436,0.9960553,0.6017386317253113,1.5838334560394287
split_random,drug_mean,"T cells, Nefazodone",0.19561914,0.5469581,0.3789385259151459,1.5384231805801392
split_random,drug_mean,"T cells, MGCD-265",0.22860482,0.5662404,0.4344708025455475,1.5349434614181519
split_random,drug_mean,"NK cells, Bosutinib",0.29997516,1.2568662,0.5103316307067871,1.7605217695236206
split_random,drug_mean,"T cells, Bosutinib",0.5594716,1.0986255,0.7728858590126038,1.464057207107544
split_random,drug_mean,"NK cells, YK 4-279",0.13951142,0.7506856,0.3025985062122345,1.753717303276062
split_random,drug_mean,"B cells, Oxybenzone",0.13114303,0.602671,0.15827593207359314,1.7219338417053223
split_random,drug_mean,"NK cells, Vandetanib",0.06002072,0.7543854,0.07195113599300385,1.8908964395523071
split_random,drug_mean,"NK cells, Colforsin",0.113152385,0.7068342,0.19183886051177979,1.7926396131515503
split_random,drug_mean,"NK cells, Tosedostat",0.30317608,0.81522256,0.5248834490776062,1.7314112186431885
split_random,drug_mean,"NK cells, Colchicine",0.22244164,1.2337353,0.45177358388900757,1.7755420207977295
split_random,drug_mean,"NK cells, Mometasone Furoate",0.42320874,1.2304237,0.6761868596076965,1.6855264902114868
split_random,drug_mean,"T cells, Tipifarnib",0.39086315,0.67583287,0.6655551791191101,1.5624252557754517
split_random,drug_mean,"NK cells, PF-03814735",0.3042629,1.3055993,0.4996035397052765,1.8684300184249878
split_random,drug_mean,"T cells, PF-03814735",0.5407229,1.1866322,0.733810305595398,1.650037407875061
split_random,drug_mean,"T cells, Prednisolone",0.5709569,1.1939044,0.7195627689361572,2.020080804824829
split_random,drug_mean,"NK cells, Tacalcitol",0.10451792,1.0778034,0.0923008993268013,1.9763284921646118
split_random,drug_mean,"Myeloid cells, Selumetinib",0.21772288,1.134899,0.36693906784057617,2.2405874729156494
split_random,drug_mean,"NK cells, Selumetinib",0.18577258,0.8602677,0.34095248579978943,1.8128124475479126
split_random,drug_mean,"T cells, Clotrimazole",0.15277755,0.6320708,0.46066349744796753,1.6055142879486084
split_random,drug_mean,"T cells, RG7090",0.35646528,0.7555882,0.6412327289581299,1.6830458641052246
split_random,drug_mean,"T cells, GLPG0634",0.4882978,0.7337937,0.7673437595367432,1.4707533121109009
split_random,drug_mean,"T cells, HYDROXYUREA",0.1460838,0.57691795,0.31674832105636597,1.6407276391983032
split_random,drug_mean,"B cells, TIE2 Kinase Inhibitor",0.17104633,0.6050928,0.38971084356307983,1.5727204084396362
split_random,drug_mean,"B cells, Atorvastatin",0.25486714,0.6661182,0.48205941915512085,1.568041205406189
split_random,drug_mean,"B cells, Clomipramine",0.22617708,0.6334704,0.4086618721485138,1.6362860202789307
split_random,drug_mean,"B cells, Ixabepilone",0.10474951,0.8121306,0.29475170373916626,1.8011817932128906
split_random,drug_mean,"B cells, Vorinostat",0.7039604,1.5773112,0.8498886823654175,1.5848453044891357
split_random,drug_mean,"Myeloid cells, Vorinostat",0.4282221,2.2139716,0.5695867538452148,2.5784969329833984
split_random,drug_mean,"B cells, Ruxolitinib",0.4569037,0.94127965,0.7108993530273438,1.7033166885375977
split_random,drug_mean,"Myeloid cells, AVL-292",0.21629581,1.0222468,0.3960321247577667,2.0759809017181396
split_random,drug_mean,"B cells, BAY 61-3606",0.49370202,1.2597332,0.7045899033546448,1.7748827934265137
split_random,drug_mean,"B cells, Dasatinib",0.45876446,1.1495345,0.6611582636833191,1.9789105653762817
split_random,drug_mean,"B cells, BMS-536924",0.3340552,1.1161796,0.5696456432342529,2.0707685947418213
split_random,drug_mean,"B cells, Decitabine",0.10025583,0.61416787,0.17854298651218414,1.755240797996521
split_random,drug_mean,"B cells, CC-401",0.3632049,0.9979232,0.6104013919830322,1.6112844944000244
split_random,drug_mean,"Myeloid cells, Resminostat",0.47549585,1.8550192,0.591847836971283,2.4013619422912598
split_random,drug_mean,"B cells, OSI-930",0.16275278,0.61874795,0.3470146059989929,1.622687816619873
split_random,drug_mean,"Myeloid cells, TPCA-1",0.36399582,1.4168371,0.5269835591316223,2.337841749191284
split_random,drug_mean,"B cells, Clemastine",0.24948627,0.69610137,0.4429013729095459,1.7587493658065796
split_random,drug_mean,"Myeloid cells, YK 4-279",0.21188572,0.66769874,0.42299240827560425,1.6010829210281372
split_random,drug_mean,"Myeloid cells, Doxorubicin",0.5334723,2.0119767,0.6151191592216492,2.6494300365448
split_random,drug_mean,"Myeloid cells, PF-03814735",0.42594555,1.8267677,0.5308655500411987,2.5367159843444824
split_random,drug_mean,"Myeloid cells, Clotrimazole",0.09097517,0.8231934,0.23417583107948303,1.9129184484481812
split_random,drug_mean,"B cells, SB525334",0.3277267,0.81412023,0.542896568775177,1.602262020111084
split_cell_heldout,global_train_mean,"B cells, MK-5108",0.18080659,0.58018136,0.3453758656978607,1.6838642358779907
split_cell_heldout,global_train_mean,"B cells, Ganetespib (STA-9090)",0.3880083,1.6371533,0.5193173885345459,2.7387447357177734
split_cell_heldout,global_train_mean,"B cells, Sunitinib",0.3527557,0.8105694,0.5836547613143921,2.0038347244262695
split_cell_heldout,global_train_mean,"B cells, Tivozanib",0.37724885,0.7679397,0.654340922832489,1.9295438528060913
split_cell_heldout,global_train_mean,"B cells, Tamatinib",0.4761304,1.1410497,0.6765168309211731,2.2948877811431885
split_cell_heldout,global_train_mean,"B cells, Linagliptin",-0.02311872,0.6164424,-0.1373111456632614,1.8108570575714111
split_cell_heldout,global_train_mean,"B cells, 5-(9-Isopropyl-8-methyl-2-morpholino-9H-purin-6-yl)pyrimidin-2-amine",0.54082423,1.2895257,0.7199763655662537,2.3853180408477783
split_cell_heldout,global_train_mean,"B cells, O-Demethylated Adapalene",0.3167007,0.6861637,0.5495268702507019,1.843629240989685
split_cell_heldout,global_train_mean,"B cells, I-BET151",0.35229886,1.2736496,0.4950351417064667,2.4400136470794678
split_cell_heldout,global_train_mean,"B cells, Foretinib",0.5054463,1.0489328,0.7083609700202942,2.2035536766052246
split_cell_heldout,global_train_mean,"B cells, GW843682X",0.1875559,0.6208009,0.43059027194976807,1.8442697525024414
split_cell_heldout,global_train_mean,"B cells, IN1451",0.2492645,1.57829,0.36148902773857117,2.6577939987182617
split_cell_heldout,global_train_mean,"B cells, Raloxifene",0.095595315,0.63214225,0.29949769377708435,1.7727771997451782
split_cell_heldout,global_train_mean,"B cells, Topotecan",0.060549866,0.8396696,0.12241077423095703,2.1274638175964355
split_cell_heldout,global_train_mean,"B cells, BAY 87-2243",0.43650454,0.94411135,0.6635903716087341,2.143022298812866
split_cell_heldout,global_train_mean,"B cells, Porcn Inhibitor III",-0.045317356,0.6267809,0.031857192516326904,1.7777913808822632
split_cell_heldout,global_train_mean,"B cells, TL_HRAS26",0.27517474,0.60855967,0.5297427773475647,1.724359154701233
split_cell_heldout,global_train_mean,"B cells, Proscillaridin A;Proscillaridin-A",0.11297553,2.2835507,0.1447097510099411,3.1646928787231445
split_cell_heldout,global_train_mean,"B cells, BMS-265246",-0.047014326,1.1490782,-0.05554315075278282,2.4098827838897705
split_cell_heldout,global_train_mean,"B cells, Pomalidomide",-0.17132105,1.0326357,-0.2886250615119934,2.4652066230773926
split_cell_heldout,global_train_mean,"B cells, Dovitinib",0.39506456,0.86815655,0.6408247351646423,2.0928049087524414
split_cell_heldout,global_train_mean,"B cells, Navitoclax",-0.31602758,0.9643884,-0.571853756904602,2.320410966873169
split_cell_heldout,global_train_mean,"B cells, Methotrexate",-0.32311964,0.755462,-0.5929312109947205,1.9922863245010376
split_cell_heldout,global_train_mean,"B cells, Palbociclib",0.1606196,0.65575165,0.3768247663974762,1.7818561792373657
split_cell_heldout,global_train_mean,"B cells, AMD-070 (hydrochloride)",0.21599188,0.64424145,0.4311748743057251,1.8038759231567383
split_cell_heldout,global_train_mean,"B cells, FK 866",0.2542597,0.7390129,0.49994707107543945,1.9175008535385132
split_cell_heldout,global_train_mean,"B cells, Scriptaid",0.2962785,1.7128086,0.4166123569011688,2.765582799911499
split_cell_heldout,global_train_mean,"B cells, PF-04691502",0.4564695,1.0917174,0.6676055192947388,2.26045560836792
split_cell_heldout,global_train_mean,"B cells, Dactolisib",0.55292463,1.3869224,0.7341518998146057,2.5055387020111084
split_cell_heldout,global_train_mean,"B cells, Isoniazid",0.19568998,0.58872837,0.3409273624420166,1.7067089080810547
split_cell_heldout,global_train_mean,"B cells, Idelalisib",0.4419691,0.960408,0.6772245168685913,2.152102470397949
split_cell_heldout,global_train_mean,"B cells, Penfluridol",-0.09645534,0.63754845,-0.3109164535999298,1.8617360591888428
split_cell_heldout,global_train_mean,"B cells, Quizartinib",0.03365553,0.59558284,0.24832259118556976,1.659148931503296
split_cell_heldout,global_train_mean,"B cells, PD-0325901",0.36241496,0.7857686,0.6097424030303955,2.0059354305267334
split_cell_heldout,global_train_mean,"B cells, LDN 193189",0.0929231,0.5867394,0.2884852886199951,1.678769826889038
split_cell_heldout,global_train_mean,"B cells, Riociguat",0.059721433,0.5948783,0.13742728531360626,1.799471139907837
split_cell_heldout,global_train_mean,"B cells, CHIR-99021",-0.14122346,0.83363104,-0.3108590245246887,2.0874691009521484
split_cell_heldout,global_train_mean,"B cells, BI-D1870",0.1861366,0.6179336,0.37335535883903503,1.739210605621338
split_cell_heldout,global_train_mean,"B cells, Crizotinib",0.4061075,0.87164724,0.6364672780036926,2.0904386043548584
split_cell_heldout,global_train_mean,"B cells, Azacitidine",0.11146743,0.6792158,0.3226718604564667,1.8346470594406128
split_cell_heldout,global_train_mean,"B cells, TR-14035",0.30630913,0.63092524,0.5050910711288452,1.7756308317184448
split_cell_heldout,global_train_mean,"B cells, AT 7867",0.33056405,0.75947064,0.5631077289581299,1.8976480960845947
split_cell_heldout,global_train_mean,"B cells, GO-6976",0.072259784,0.7186654,0.18798662722110748,1.9209176301956177
split_cell_heldout,global_train_mean,"B cells, TGX 221",0.43472865,0.83782494,0.672719419002533,1.9856197834014893
split_cell_heldout,global_train_mean,"B cells, Pitavastatin Calcium",-0.15771939,1.1461844,-0.23379948735237122,2.4549129009246826
split_cell_heldout,global_train_mean,"B cells, ABT737",-0.17239273,1.0038149,-0.30551472306251526,2.2356717586517334
split_cell_heldout,global_train_mean,"B cells, PRT-062607",0.47420865,1.106442,0.6735175848007202,2.245316505432129
split_cell_heldout,global_train_mean,"B cells, AZ628",0.46004555,0.88773274,0.7163191437721252,2.011427640914917
split_cell_heldout,global_train_mean,"B cells, Masitinib",0.2893656,0.6904519,0.4653457701206207,1.7839616537094116
split_cell_heldout,global_train_mean,"B cells, STK219801",0.22136112,0.6199649,0.3199319839477539,1.859541654586792
split_cell_heldout,global_train_mean,"B cells, Ricolinostat",0.22733372,0.77932286,0.43388187885284424,1.9333903789520264
split_cell_heldout,global_train_mean,"B cells, Midostaurin",0.34983808,0.8124623,0.5689336061477661,1.986725926399231
split_cell_heldout,global_train_mean,"B cells, CEP-37440",0.24386361,0.7100034,0.4601875841617584,1.8757888078689575
split_cell_heldout,global_train_mean,"B cells, R428",0.4233058,0.96304226,0.6558666229248047,2.1541552543640137
split_cell_heldout,global_train_mean,"B cells, Oxybenzone",0.15101,0.5610884,0.14051710069179535,1.7168965339660645
split_cell_heldout,global_train_mean,"B cells, Tivantinib",0.3179594,0.6915369,0.5378201603889465,1.8162314891815186
split_cell_heldout,global_train_mean,"B cells, Colchicine",0.1822803,1.0644588,0.34632086753845215,2.3679776191711426
split_cell_heldout,global_train_mean,"B cells, BX 912",0.38304934,0.7239682,0.630605161190033,1.8192088603973389
split_cell_heldout,global_train_mean,"B cells, Selumetinib",0.36700127,0.8001913,0.6232074499130249,2.07226300239563
split_cell_heldout,global_train_mean,"B cells, RG7090",0.07427469,0.62825954,0.22659362852573395,1.763460636138916
split_cell_heldout,global_train_mean,"B cells, GLPG0634",0.4129324,0.82735294,0.6597995758056641,1.9070414304733276
split_cell_heldout,global_train_mean,"B cells, TIE2 Kinase Inhibitor",0.09268419,0.5695319,0.1581866443157196,1.6588724851608276
split_cell_heldout,global_train_mean,"B cells, Lapatinib",-0.05863146,0.677014,-0.09767621010541916,1.898582935333252
split_cell_heldout,global_train_mean,"B cells, Atorvastatin",0.13475336,0.6116355,0.3834235966205597,1.6964890956878662
split_cell_heldout,global_train_mean,"B cells, Clomipramine",0.10794992,0.605185,0.18714730441570282,1.743872880935669
split_cell_heldout,global_train_mean,"B cells, Ixabepilone",0.088160984,0.58802545,0.17474167048931122,1.8358705043792725
split_cell_heldout,global_train_mean,"B cells, Protriptyline",-0.0340912,0.60203445,-0.10036397725343704,1.761213779449463
split_cell_heldout,global_train_mean,"B cells, Phenylbutazone",0.12717077,0.5584766,0.2924709916114807,1.6549638509750366
split_cell_heldout,global_train_mean,"B cells, K-02288",0.29290405,0.6296971,0.5549165606498718,1.7472978830337524
split_cell_heldout,global_train_mean,"B cells, BMS-777607",0.22948907,0.63909924,0.4516451358795166,1.778428554534912
split_cell_heldout,global_train_mean,"B cells, Vorinostat",0.29298353,1.6007165,0.4238387942314148,2.682072162628174
split_cell_heldout,global_train_mean,"B cells, Ruxolitinib",0.41022754,0.9225157,0.6567431092262268,2.0834412574768066
split_cell_heldout,global_train_mean,"B cells, AVL-292",0.47613806,0.9561257,0.6904049515724182,2.1044812202453613
split_cell_heldout,global_train_mean,"B cells, Trametinib",0.18950005,0.75077885,0.49037966132164,1.918788194656372
split_cell_heldout,global_train_mean,"B cells, Sgc-cbp30",0.17865498,0.6677211,0.4282231330871582,1.7766040563583374
split_cell_heldout,global_train_mean,"B cells, Chlorpheniramine",0.16185914,0.60412866,0.26380470395088196,1.755751132965088
split_cell_heldout,global_train_mean,"B cells, BAY 61-3606",0.37189782,1.1981806,0.581233024597168,2.3462982177734375
split_cell_heldout,global_train_mean,"B cells, LY2090314",0.005982413,1.1714389,0.009715824387967587,2.466233968734741
split_cell_heldout,global_train_mean,"B cells, Vardenafil",0.18705411,0.58298796,0.4032169580459595,1.6508709192276
split_cell_heldout,global_train_mean,"B cells, Dasatinib",0.4268712,1.1640886,0.6417872905731201,2.362201452255249
split_cell_heldout,global_train_mean,"B cells, AT13387",0.37569585,1.5875628,0.5113077163696289,2.7258660793304443
split_cell_heldout,global_train_mean,"B cells, Perhexiline",0.4887293,1.0003933,0.7066834568977356,2.1007659435272217
split_cell_heldout,global_train_mean,"B cells, RVX-208",0.2890763,0.73201203,0.4744226038455963,1.8670076131820679
split_cell_heldout,global_train_mean,"B cells, Ketoconazole",-0.13732715,0.976561,-0.2631470561027527,2.3825316429138184
split_cell_heldout,global_train_mean,"B cells, Disulfiram",0.08858068,0.6033318,0.0848761796951294,1.7979397773742676
split_cell_heldout,global_train_mean,"B cells, Flutamide",0.046064526,0.596733,0.017929179593920708,1.8119789361953735
split_cell_heldout,global_train_mean,"B cells, Desloratadine",0.09182628,0.5912508,0.04780864343047142,1.700719952583313
split_cell_heldout,global_train_mean,"B cells, BMS-536924",0.4792121,1.0297773,0.6873031854629517,2.1861684322357178
split_cell_heldout,global_train_mean,"B cells, IKK Inhibitor VII",0.45616415,0.974994,0.6590114831924438,2.0968925952911377
split_cell_heldout,global_train_mean,"B cells, Amiodarone",0.056993954,0.5729433,0.05541416257619858,1.6668585538864136
split_cell_heldout,global_train_mean,"B cells, IMD-0354",0.34605104,1.2080045,0.5421521663665771,2.4530253410339355
split_cell_heldout,global_train_mean,"B cells, Canertinib",0.20193632,0.73035306,0.3901020884513855,1.9459686279296875
split_cell_heldout,global_train_mean,"B cells, Alogliptin",0.06443445,0.6132728,0.1353583186864853,1.813529372215271
split_cell_heldout,global_train_mean,"B cells, RN-486",-0.06981292,0.6504271,-0.13868410885334015,1.8302949666976929
split_cell_heldout,global_train_mean,"B cells, Decitabine",0.085473545,0.5807426,0.010875271633267403,1.7862210273742676
split_cell_heldout,global_train_mean,"B cells, Cabozantinib",0.039518557,0.74093604,0.16813792288303375,1.9292453527450562
split_cell_heldout,global_train_mean,"B cells, Defactinib",0.28027183,0.71813476,0.5327263474464417,1.7939307689666748
split_cell_heldout,global_train_mean,"B cells, AZD3514",0.2743848,0.7015659,0.478506475687027,1.8454071283340454
split_cell_heldout,global_train_mean,"B cells, HMN-214",-0.13006228,0.6425572,-0.21020269393920898,1.8448221683502197
split_cell_heldout,global_train_mean,"B cells, CC-401",0.40813223,0.7264534,0.6756563186645508,1.8291691541671753
split_cell_heldout,global_train_mean,"B cells, Resminostat",0.27364838,1.6794878,0.3945351541042328,2.7481091022491455
split_cell_heldout,global_train_mean,"B cells, Nilotinib",0.47782263,0.8611657,0.7395700216293335,2.0051093101501465
split_cell_heldout,global_train_mean,"B cells, OSI-930",0.023995688,0.5910474,-0.004898711107671261,1.7415192127227783
split_cell_heldout,global_train_mean,"B cells, Saracatinib",0.5013439,1.0259962,0.7087522745132446,2.2114439010620117
split_cell_heldout,global_train_mean,"B cells, RG7112",0.065096326,0.60247177,0.1855146288871765,2.01227068901062
split_cell_heldout,global_train_mean,"B cells, Lamivudine",0.21915157,0.61759686,0.443020224571228,1.7206588983535767
split_cell_heldout,global_train_mean,"B cells, AZD-8330",0.4481641,0.74217737,0.6901569366455078,1.8939327001571655
split_cell_heldout,global_train_mean,"B cells, Ceritinib",0.3085567,0.5829891,0.5753757953643799,1.6453430652618408
split_cell_heldout,global_train_mean,"B cells, CGM-097",-0.12272125,1.1142359,-0.1951950192451477,2.430769920349121
split_cell_heldout,global_train_mean,"B cells, SLx-2119",0.32190347,0.6318371,0.5842646360397339,1.7160378694534302
split_cell_heldout,global_train_mean,"B cells, Nefazodone",0.15171215,0.5987168,0.24642984569072723,1.8086496591567993
split_cell_heldout,global_train_mean,"B cells, TPCA-1",0.5242594,1.0974679,0.7162997722625732,2.214867353439331
split_cell_heldout,global_train_mean,"B cells, MGCD-265",0.26589394,0.6855058,0.46370670199394226,1.8085911273956299
split_cell_heldout,global_train_mean,"B cells, GSK-1070916",0.274823,0.6012242,0.5051472783088684,1.6549915075302124
split_cell_heldout,global_train_mean,"B cells, Bosutinib",0.43180287,1.1638235,0.6162247657775879,2.3223788738250732
split_cell_heldout,global_train_mean,"B cells, Clemastine",0.17736296,0.67133766,0.2776351571083069,1.8690013885498047
split_cell_heldout,global_train_mean,"B cells, YK 4-279",0.022381486,0.6313051,0.02616034261882305,1.837415337562561
split_cell_heldout,global_train_mean,"B cells, Buspirone",-0.013885327,0.6102602,-0.12739384174346924,1.887817144393921
split_cell_heldout,global_train_mean,"B cells, GSK256066",0.21517326,0.87028474,0.4082203805446625,2.193869113922119
split_cell_heldout,global_train_mean,"B cells, Vandetanib",0.332143,0.68174344,0.5857465267181396,1.8357206583023071
split_cell_heldout,global_train_mean,"B cells, Imatinib",0.10363638,0.56711495,0.1458277404308319,1.7599308490753174
split_cell_heldout,global_train_mean,"B cells, SCH-58261",-0.07001517,0.6119084,-0.12338630855083466,1.7762011289596558
split_cell_heldout,global_train_mean,"B cells, Colforsin",0.17891134,0.5805392,0.22513574361801147,1.7103967666625977
split_cell_heldout,global_train_mean,"B cells, Tosedostat",0.11092727,0.66914856,0.2608553171157837,1.8064481019973755
split_cell_heldout,global_train_mean,"B cells, ABT-199 (GDC-0199)",-0.22287878,1.0542766,-0.4253074824810028,2.3330538272857666
split_cell_heldout,global_train_mean,"B cells, Mometasone Furoate",0.47394875,1.2039714,0.6611796021461487,2.3823885917663574
split_cell_heldout,global_train_mean,"B cells, Tipifarnib",0.28451392,0.64124846,0.48863133788108826,1.7526150941848755
split_cell_heldout,global_train_mean,"B cells, Doxorubicin",-0.017895749,1.7852479,-0.008566911332309246,2.9070417881011963
split_cell_heldout,global_train_mean,"B cells, PF-03814735",0.41683677,1.1961384,0.6065369248390198,2.387805461883545
split_cell_heldout,global_train_mean,"B cells, AZD4547",0.13190776,0.59361047,0.32289981842041016,1.7518136501312256
split_cell_heldout,global_train_mean,"B cells, Prednisolone",0.41384783,1.057671,0.6313947439193726,2.2775580883026123
split_cell_heldout,global_train_mean,"B cells, Tacalcitol",0.27995613,0.6694485,0.4906226694583893,1.7407301664352417
split_cell_heldout,global_train_mean,"B cells, Clotrimazole",0.082778536,0.622799,0.09721805155277252,1.7939543724060059
split_cell_heldout,global_train_mean,"B cells, Mubritinib (TAK 165)",0.3987871,0.7978581,0.6717221140861511,1.9542899131774902
split_cell_heldout,global_train_mean,"B cells, Vanoxerine",0.14637856,0.59756815,0.26779407262802124,1.781733512878418
split_cell_heldout,global_train_mean,"B cells, SB525334",-0.13288282,0.7447811,-0.29355955123901367,2.019721508026123
split_cell_heldout,global_train_mean,"B cells, HYDROXYUREA",0.03829336,0.609684,0.0808274894952774,1.736550211906433
split_cell_heldout,cell_context_mean,"B cells, MK-5108",0.18080659,0.58018136,0.3453758656978607,1.6838642358779907
split_cell_heldout,cell_context_mean,"B cells, Ganetespib (STA-9090)",0.3880083,1.6371533,0.5193173885345459,2.7387447357177734
split_cell_heldout,cell_context_mean,"B cells, Sunitinib",0.3527557,0.8105694,0.5836547613143921,2.0038347244262695
split_cell_heldout,cell_context_mean,"B cells, Tivozanib",0.37724885,0.7679397,0.654340922832489,1.9295438528060913
split_cell_heldout,cell_context_mean,"B cells, Tamatinib",0.4761304,1.1410497,0.6765168309211731,2.2948877811431885
split_cell_heldout,cell_context_mean,"B cells, Linagliptin",-0.02311872,0.6164424,-0.1373111456632614,1.8108570575714111
split_cell_heldout,cell_context_mean,"B cells, 5-(9-Isopropyl-8-methyl-2-morpholino-9H-purin-6-yl)pyrimidin-2-amine",0.54082423,1.2895257,0.7199763655662537,2.3853180408477783
split_cell_heldout,cell_context_mean,"B cells, O-Demethylated Adapalene",0.3167007,0.6861637,0.5495268702507019,1.843629240989685
split_cell_heldout,cell_context_mean,"B cells, I-BET151",0.35229886,1.2736496,0.4950351417064667,2.4400136470794678
split_cell_heldout,cell_context_mean,"B cells, Foretinib",0.5054463,1.0489328,0.7083609700202942,2.2035536766052246
split_cell_heldout,cell_context_mean,"B cells, GW843682X",0.1875559,0.6208009,0.43059027194976807,1.8442697525024414
split_cell_heldout,cell_context_mean,"B cells, IN1451",0.2492645,1.57829,0.36148902773857117,2.6577939987182617
split_cell_heldout,cell_context_mean,"B cells, Raloxifene",0.095595315,0.63214225,0.29949769377708435,1.7727771997451782
split_cell_heldout,cell_context_mean,"B cells, Topotecan",0.060549866,0.8396696,0.12241077423095703,2.1274638175964355
split_cell_heldout,cell_context_mean,"B cells, BAY 87-2243",0.43650454,0.94411135,0.6635903716087341,2.143022298812866
split_cell_heldout,cell_context_mean,"B cells, Porcn Inhibitor III",-0.045317356,0.6267809,0.031857192516326904,1.7777913808822632
split_cell_heldout,cell_context_mean,"B cells, TL_HRAS26",0.27517474,0.60855967,0.5297427773475647,1.724359154701233
split_cell_heldout,cell_context_mean,"B cells, Proscillaridin A;Proscillaridin-A",0.11297553,2.2835507,0.1447097510099411,3.1646928787231445
split_cell_heldout,cell_context_mean,"B cells, BMS-265246",-0.047014326,1.1490782,-0.05554315075278282,2.4098827838897705
split_cell_heldout,cell_context_mean,"B cells, Pomalidomide",-0.17132105,1.0326357,-0.2886250615119934,2.4652066230773926
split_cell_heldout,cell_context_mean,"B cells, Dovitinib",0.39506456,0.86815655,0.6408247351646423,2.0928049087524414
split_cell_heldout,cell_context_mean,"B cells, Navitoclax",-0.31602758,0.9643884,-0.571853756904602,2.320410966873169
split_cell_heldout,cell_context_mean,"B cells, Methotrexate",-0.32311964,0.755462,-0.5929312109947205,1.9922863245010376
split_cell_heldout,cell_context_mean,"B cells, Palbociclib",0.1606196,0.65575165,0.3768247663974762,1.7818561792373657
split_cell_heldout,cell_context_mean,"B cells, AMD-070 (hydrochloride)",0.21599188,0.64424145,0.4311748743057251,1.8038759231567383
split_cell_heldout,cell_context_mean,"B cells, FK 866",0.2542597,0.7390129,0.49994707107543945,1.9175008535385132
split_cell_heldout,cell_context_mean,"B cells, Scriptaid",0.2962785,1.7128086,0.4166123569011688,2.765582799911499
split_cell_heldout,cell_context_mean,"B cells, PF-04691502",0.4564695,1.0917174,0.6676055192947388,2.26045560836792
split_cell_heldout,cell_context_mean,"B cells, Dactolisib",0.55292463,1.3869224,0.7341518998146057,2.5055387020111084
split_cell_heldout,cell_context_mean,"B cells, Isoniazid",0.19568998,0.58872837,0.3409273624420166,1.7067089080810547
split_cell_heldout,cell_context_mean,"B cells, Idelalisib",0.4419691,0.960408,0.6772245168685913,2.152102470397949
split_cell_heldout,cell_context_mean,"B cells, Penfluridol",-0.09645534,0.63754845,-0.3109164535999298,1.8617360591888428
split_cell_heldout,cell_context_mean,"B cells, Quizartinib",0.03365553,0.59558284,0.24832259118556976,1.659148931503296
split_cell_heldout,cell_context_mean,"B cells, PD-0325901",0.36241496,0.7857686,0.6097424030303955,2.0059354305267334
split_cell_heldout,cell_context_mean,"B cells, LDN 193189",0.0929231,0.5867394,0.2884852886199951,1.678769826889038
split_cell_heldout,cell_context_mean,"B cells, Riociguat",0.059721433,0.5948783,0.13742728531360626,1.799471139907837
split_cell_heldout,cell_context_mean,"B cells, CHIR-99021",-0.14122346,0.83363104,-0.3108590245246887,2.0874691009521484
split_cell_heldout,cell_context_mean,"B cells, BI-D1870",0.1861366,0.6179336,0.37335535883903503,1.739210605621338
split_cell_heldout,cell_context_mean,"B cells, Crizotinib",0.4061075,0.87164724,0.6364672780036926,2.0904386043548584
split_cell_heldout,cell_context_mean,"B cells, Azacitidine",0.11146743,0.6792158,0.3226718604564667,1.8346470594406128
split_cell_heldout,cell_context_mean,"B cells, TR-14035",0.30630913,0.63092524,0.5050910711288452,1.7756308317184448
split_cell_heldout,cell_context_mean,"B cells, AT 7867",0.33056405,0.75947064,0.5631077289581299,1.8976480960845947
split_cell_heldout,cell_context_mean,"B cells, GO-6976",0.072259784,0.7186654,0.18798662722110748,1.9209176301956177
split_cell_heldout,cell_context_mean,"B cells, TGX 221",0.43472865,0.83782494,0.672719419002533,1.9856197834014893
split_cell_heldout,cell_context_mean,"B cells, Pitavastatin Calcium",-0.15771939,1.1461844,-0.23379948735237122,2.4549129009246826
split_cell_heldout,cell_context_mean,"B cells, ABT737",-0.17239273,1.0038149,-0.30551472306251526,2.2356717586517334
split_cell_heldout,cell_context_mean,"B cells, PRT-062607",0.47420865,1.106442,0.6735175848007202,2.245316505432129
split_cell_heldout,cell_context_mean,"B cells, AZ628",0.46004555,0.88773274,0.7163191437721252,2.011427640914917
split_cell_heldout,cell_context_mean,"B cells, Masitinib",0.2893656,0.6904519,0.4653457701206207,1.7839616537094116
split_cell_heldout,cell_context_mean,"B cells, STK219801",0.22136112,0.6199649,0.3199319839477539,1.859541654586792
split_cell_heldout,cell_context_mean,"B cells, Ricolinostat",0.22733372,0.77932286,0.43388187885284424,1.9333903789520264
split_cell_heldout,cell_context_mean,"B cells, Midostaurin",0.34983808,0.8124623,0.5689336061477661,1.986725926399231
split_cell_heldout,cell_context_mean,"B cells, CEP-37440",0.24386361,0.7100034,0.4601875841617584,1.8757888078689575
split_cell_heldout,cell_context_mean,"B cells, R428",0.4233058,0.96304226,0.6558666229248047,2.1541552543640137
split_cell_heldout,cell_context_mean,"B cells, Oxybenzone",0.15101,0.5610884,0.14051710069179535,1.7168965339660645
split_cell_heldout,cell_context_mean,"B cells, Tivantinib",0.3179594,0.6915369,0.5378201603889465,1.8162314891815186
split_cell_heldout,cell_context_mean,"B cells, Colchicine",0.1822803,1.0644588,0.34632086753845215,2.3679776191711426
split_cell_heldout,cell_context_mean,"B cells, BX 912",0.38304934,0.7239682,0.630605161190033,1.8192088603973389
split_cell_heldout,cell_context_mean,"B cells, Selumetinib",0.36700127,0.8001913,0.6232074499130249,2.07226300239563
split_cell_heldout,cell_context_mean,"B cells, RG7090",0.07427469,0.62825954,0.22659362852573395,1.763460636138916
split_cell_heldout,cell_context_mean,"B cells, GLPG0634",0.4129324,0.82735294,0.6597995758056641,1.9070414304733276
split_cell_heldout,cell_context_mean,"B cells, TIE2 Kinase Inhibitor",0.09268419,0.5695319,0.1581866443157196,1.6588724851608276
split_cell_heldout,cell_context_mean,"B cells, Lapatinib",-0.05863146,0.677014,-0.09767621010541916,1.898582935333252
split_cell_heldout,cell_context_mean,"B cells, Atorvastatin",0.13475336,0.6116355,0.3834235966205597,1.6964890956878662
split_cell_heldout,cell_context_mean,"B cells, Clomipramine",0.10794992,0.605185,0.18714730441570282,1.743872880935669
split_cell_heldout,cell_context_mean,"B cells, Ixabepilone",0.088160984,0.58802545,0.17474167048931122,1.8358705043792725
split_cell_heldout,cell_context_mean,"B cells, Protriptyline",-0.0340912,0.60203445,-0.10036397725343704,1.761213779449463
split_cell_heldout,cell_context_mean,"B cells, Phenylbutazone",0.12717077,0.5584766,0.2924709916114807,1.6549638509750366
split_cell_heldout,cell_context_mean,"B cells, K-02288",0.29290405,0.6296971,0.5549165606498718,1.7472978830337524
split_cell_heldout,cell_context_mean,"B cells, BMS-777607",0.22948907,0.63909924,0.4516451358795166,1.778428554534912
split_cell_heldout,cell_context_mean,"B cells, Vorinostat",0.29298353,1.6007165,0.4238387942314148,2.682072162628174
split_cell_heldout,cell_context_mean,"B cells, Ruxolitinib",0.41022754,0.9225157,0.6567431092262268,2.0834412574768066
split_cell_heldout,cell_context_mean,"B cells, AVL-292",0.47613806,0.9561257,0.6904049515724182,2.1044812202453613
split_cell_heldout,cell_context_mean,"B cells, Trametinib",0.18950005,0.75077885,0.49037966132164,1.918788194656372
split_cell_heldout,cell_context_mean,"B cells, Sgc-cbp30",0.17865498,0.6677211,0.4282231330871582,1.7766040563583374
split_cell_heldout,cell_context_mean,"B cells, Chlorpheniramine",0.16185914,0.60412866,0.26380470395088196,1.755751132965088
split_cell_heldout,cell_context_mean,"B cells, BAY 61-3606",0.37189782,1.1981806,0.581233024597168,2.3462982177734375
split_cell_heldout,cell_context_mean,"B cells, LY2090314",0.005982413,1.1714389,0.009715824387967587,2.466233968734741
split_cell_heldout,cell_context_mean,"B cells, Vardenafil",0.18705411,0.58298796,0.4032169580459595,1.6508709192276
split_cell_heldout,cell_context_mean,"B cells, Dasatinib",0.4268712,1.1640886,0.6417872905731201,2.362201452255249
split_cell_heldout,cell_context_mean,"B cells, AT13387",0.37569585,1.5875628,0.5113077163696289,2.7258660793304443
split_cell_heldout,cell_context_mean,"B cells, Perhexiline",0.4887293,1.0003933,0.7066834568977356,2.1007659435272217
split_cell_heldout,cell_context_mean,"B cells, RVX-208",0.2890763,0.73201203,0.4744226038455963,1.8670076131820679
split_cell_heldout,cell_context_mean,"B cells, Ketoconazole",-0.13732715,0.976561,-0.2631470561027527,2.3825316429138184
split_cell_heldout,cell_context_mean,"B cells, Disulfiram",0.08858068,0.6033318,0.0848761796951294,1.7979397773742676
split_cell_heldout,cell_context_mean,"B cells, Flutamide",0.046064526,0.596733,0.017929179593920708,1.8119789361953735
split_cell_heldout,cell_context_mean,"B cells, Desloratadine",0.09182628,0.5912508,0.04780864343047142,1.700719952583313
split_cell_heldout,cell_context_mean,"B cells, BMS-536924",0.4792121,1.0297773,0.6873031854629517,2.1861684322357178
split_cell_heldout,cell_context_mean,"B cells, IKK Inhibitor VII",0.45616415,0.974994,0.6590114831924438,2.0968925952911377
split_cell_heldout,cell_context_mean,"B cells, Amiodarone",0.056993954,0.5729433,0.05541416257619858,1.6668585538864136
split_cell_heldout,cell_context_mean,"B cells, IMD-0354",0.34605104,1.2080045,0.5421521663665771,2.4530253410339355
split_cell_heldout,cell_context_mean,"B cells, Canertinib",0.20193632,0.73035306,0.3901020884513855,1.9459686279296875
split_cell_heldout,cell_context_mean,"B cells, Alogliptin",0.06443445,0.6132728,0.1353583186864853,1.813529372215271
split_cell_heldout,cell_context_mean,"B cells, RN-486",-0.06981292,0.6504271,-0.13868410885334015,1.8302949666976929
split_cell_heldout,cell_context_mean,"B cells, Decitabine",0.085473545,0.5807426,0.010875271633267403,1.7862210273742676
split_cell_heldout,cell_context_mean,"B cells, Cabozantinib",0.039518557,0.74093604,0.16813792288303375,1.9292453527450562
split_cell_heldout,cell_context_mean,"B cells, Defactinib",0.28027183,0.71813476,0.5327263474464417,1.7939307689666748
split_cell_heldout,cell_context_mean,"B cells, AZD3514",0.2743848,0.7015659,0.478506475687027,1.8454071283340454
split_cell_heldout,cell_context_mean,"B cells, HMN-214",-0.13006228,0.6425572,-0.21020269393920898,1.8448221683502197
split_cell_heldout,cell_context_mean,"B cells, CC-401",0.40813223,0.7264534,0.6756563186645508,1.8291691541671753
split_cell_heldout,cell_context_mean,"B cells, Resminostat",0.27364838,1.6794878,0.3945351541042328,2.7481091022491455
split_cell_heldout,cell_context_mean,"B cells, Nilotinib",0.47782263,0.8611657,0.7395700216293335,2.0051093101501465
split_cell_heldout,cell_context_mean,"B cells, OSI-930",0.023995688,0.5910474,-0.004898711107671261,1.7415192127227783
split_cell_heldout,cell_context_mean,"B cells, Saracatinib",0.5013439,1.0259962,0.7087522745132446,2.2114439010620117
split_cell_heldout,cell_context_mean,"B cells, RG7112",0.065096326,0.60247177,0.1855146288871765,2.01227068901062
split_cell_heldout,cell_context_mean,"B cells, Lamivudine",0.21915157,0.61759686,0.443020224571228,1.7206588983535767
split_cell_heldout,cell_context_mean,"B cells, AZD-8330",0.4481641,0.74217737,0.6901569366455078,1.8939327001571655
split_cell_heldout,cell_context_mean,"B cells, Ceritinib",0.3085567,0.5829891,0.5753757953643799,1.6453430652618408
split_cell_heldout,cell_context_mean,"B cells, CGM-097",-0.12272125,1.1142359,-0.1951950192451477,2.430769920349121
split_cell_heldout,cell_context_mean,"B cells, SLx-2119",0.32190347,0.6318371,0.5842646360397339,1.7160378694534302
split_cell_heldout,cell_context_mean,"B cells, Nefazodone",0.15171215,0.5987168,0.24642984569072723,1.8086496591567993
split_cell_heldout,cell_context_mean,"B cells, TPCA-1",0.5242594,1.0974679,0.7162997722625732,2.214867353439331
split_cell_heldout,cell_context_mean,"B cells, MGCD-265",0.26589394,0.6855058,0.46370670199394226,1.8085911273956299
split_cell_heldout,cell_context_mean,"B cells, GSK-1070916",0.274823,0.6012242,0.5051472783088684,1.6549915075302124
split_cell_heldout,cell_context_mean,"B cells, Bosutinib",0.43180287,1.1638235,0.6162247657775879,2.3223788738250732
split_cell_heldout,cell_context_mean,"B cells, Clemastine",0.17736296,0.67133766,0.2776351571083069,1.8690013885498047
split_cell_heldout,cell_context_mean,"B cells, YK 4-279",0.022381486,0.6313051,0.02616034261882305,1.837415337562561
split_cell_heldout,cell_context_mean,"B cells, Buspirone",-0.013885327,0.6102602,-0.12739384174346924,1.887817144393921
split_cell_heldout,cell_context_mean,"B cells, GSK256066",0.21517326,0.87028474,0.4082203805446625,2.193869113922119
split_cell_heldout,cell_context_mean,"B cells, Vandetanib",0.332143,0.68174344,0.5857465267181396,1.8357206583023071
split_cell_heldout,cell_context_mean,"B cells, Imatinib",0.10363638,0.56711495,0.1458277404308319,1.7599308490753174
split_cell_heldout,cell_context_mean,"B cells, SCH-58261",-0.07001517,0.6119084,-0.12338630855083466,1.7762011289596558
split_cell_heldout,cell_context_mean,"B cells, Colforsin",0.17891134,0.5805392,0.22513574361801147,1.7103967666625977
split_cell_heldout,cell_context_mean,"B cells, Tosedostat",0.11092727,0.66914856,0.2608553171157837,1.8064481019973755
split_cell_heldout,cell_context_mean,"B cells, ABT-199 (GDC-0199)",-0.22287878,1.0542766,-0.4253074824810028,2.3330538272857666
split_cell_heldout,cell_context_mean,"B cells, Mometasone Furoate",0.47394875,1.2039714,0.6611796021461487,2.3823885917663574
split_cell_heldout,cell_context_mean,"B cells, Tipifarnib",0.28451392,0.64124846,0.48863133788108826,1.7526150941848755
split_cell_heldout,cell_context_mean,"B cells, Doxorubicin",-0.017895749,1.7852479,-0.008566911332309246,2.9070417881011963
split_cell_heldout,cell_context_mean,"B cells, PF-03814735",0.41683677,1.1961384,0.6065369248390198,2.387805461883545
split_cell_heldout,cell_context_mean,"B cells, AZD4547",0.13190776,0.59361047,0.32289981842041016,1.7518136501312256
split_cell_heldout,cell_context_mean,"B cells, Prednisolone",0.41384783,1.057671,0.6313947439193726,2.2775580883026123
split_cell_heldout,cell_context_mean,"B cells, Tacalcitol",0.27995613,0.6694485,0.4906226694583893,1.7407301664352417
split_cell_heldout,cell_context_mean,"B cells, Clotrimazole",0.082778536,0.622799,0.09721805155277252,1.7939543724060059
split_cell_heldout,cell_context_mean,"B cells, Mubritinib (TAK 165)",0.3987871,0.7978581,0.6717221140861511,1.9542899131774902
split_cell_heldout,cell_context_mean,"B cells, Vanoxerine",0.14637856,0.59756815,0.26779407262802124,1.781733512878418
split_cell_heldout,cell_context_mean,"B cells, SB525334",-0.13288282,0.7447811,-0.29355955123901367,2.019721508026123
split_cell_heldout,cell_context_mean,"B cells, HYDROXYUREA",0.03829336,0.609684,0.0808274894952774,1.736550211906433
split_cell_heldout,drug_mean,"B cells, MK-5108",0.18367472,0.63089925,0.3730846345424652,1.6475170850753784
split_cell_heldout,drug_mean,"B cells, Ganetespib (STA-9090)",0.63122183,1.3457456,0.7573983669281006,1.9314779043197632
split_cell_heldout,drug_mean,"B cells, Sunitinib",0.29797217,0.84503114,0.5336362719535828,1.9199658632278442
split_cell_heldout,drug_mean,"B cells, Tivozanib",0.25927693,0.8309823,0.5039491057395935,1.912718653678894
split_cell_heldout,drug_mean,"B cells, Tamatinib",0.5396936,1.0598121,0.734460175037384,1.8313568830490112
split_cell_heldout,drug_mean,"B cells, Linagliptin",0.07859373,0.6450351,0.12385097146034241,1.7627263069152832
split_cell_heldout,drug_mean,"B cells, 5-(9-Isopropyl-8-methyl-2-morpholino-9H-purin-6-yl)pyrimidin-2-amine",0.6216438,1.1161556,0.7602869272232056,1.736573338508606
split_cell_heldout,drug_mean,"B cells, O-Demethylated Adapalene",0.21821783,0.7586767,0.4166412353515625,1.8379184007644653
split_cell_heldout,drug_mean,"B cells, I-BET151",0.66063386,1.0881991,0.8298519253730774,1.4547793865203857
split_cell_heldout,drug_mean,"B cells, Foretinib",0.48105523,1.0160851,0.6752703785896301,1.9074245691299438
split_cell_heldout,drug_mean,"B cells, GW843682X",0.2804091,0.6456193,0.4550112783908844,1.665276050567627
split_cell_heldout,drug_mean,"B cells, IN1451",0.7455747,1.2725177,0.9004586935043335,1.1979643106460571
split_cell_heldout,drug_mean,"B cells, Raloxifene",0.14164537,0.77362245,0.416711688041687,1.676411509513855
split_cell_heldout,drug_mean,"B cells, Topotecan",0.46634066,0.8633221,0.6910397410392761,1.571790099143982
split_cell_heldout,drug_mean,"B cells, BAY 87-2243",0.42791098,1.0503206,0.6122996211051941,1.845948576927185
split_cell_heldout,drug_mean,"B cells, Porcn Inhibitor III",0.18026716,0.7353526,0.41078102588653564,1.6261811256408691
split_cell_heldout,drug_mean,"B cells, TL_HRAS26",0.13665037,0.684804,0.30009740591049194,1.7800296545028687
split_cell_heldout,drug_mean,"B cells, Proscillaridin A;Proscillaridin-A",0.74273866,1.717325,0.8490632772445679,1.7023645639419556
split_cell_heldout,drug_mean,"B cells, BMS-265246",0.5895042,0.9796289,0.7769786715507507,1.515743613243103
split_cell_heldout,drug_mean,"B cells, Pomalidomide",0.4383608,0.9289,0.6549987196922302,1.801950454711914
split_cell_heldout,drug_mean,"B cells, Dovitinib",0.31513655,0.92232245,0.5272866487503052,1.977213978767395
split_cell_heldout,drug_mean,"B cells, Navitoclax",0.27378887,0.8568194,0.5190091133117676,1.9051083326339722
split_cell_heldout,drug_mean,"B cells, Methotrexate",0.24873209,0.69287676,0.49242475628852844,1.5715562105178833
split_cell_heldout,drug_mean,"B cells, Palbociclib",0.15201288,0.722968,0.35394665598869324,1.7761329412460327
split_cell_heldout,drug_mean,"B cells, AMD-070 (hydrochloride)",0.16460833,0.71371156,0.33300769329071045,1.8025859594345093
split_cell_heldout,drug_mean,"B cells, FK 866",0.3660706,0.82678455,0.650265634059906,1.5799347162246704
split_cell_heldout,drug_mean,"B cells, Scriptaid",0.7238653,1.2441621,0.8436817526817322,1.567571759223938
split_cell_heldout,drug_mean,"B cells, PF-04691502",0.48839378,1.0510976,0.6828768253326416,1.875064730644226
split_cell_heldout,drug_mean,"B cells, Dactolisib",0.6661252,1.1654794,0.8099353313446045,1.6071385145187378
split_cell_heldout,drug_mean,"B cells, Isoniazid",0.113804,0.6450792,0.24279052019119263,1.7258551120758057
split_cell_heldout,drug_mean,"B cells, Idelalisib",0.4526651,0.9352927,0.6708862781524658,1.9096603393554688
split_cell_heldout,drug_mean,"B cells, Penfluridol",0.11703561,0.6566736,0.28156909346580505,1.715975284576416
split_cell_heldout,drug_mean,"B cells, Quizartinib",0.13228016,0.64254665,0.30566897988319397,1.6221941709518433
split_cell_heldout,drug_mean,"B cells, PD-0325901",0.34996003,0.88625395,0.6458854079246521,1.711015224456787
split_cell_heldout,drug_mean,"B cells, LDN 193189",0.18925105,0.6421089,0.39941462874412537,1.6168807744979858
split_cell_heldout,drug_mean,"B cells, Riociguat",0.08832162,0.6371591,0.17410770058631897,1.8030681610107422
split_cell_heldout,drug_mean,"B cells, CHIR-99021",0.45926833,0.83616596,0.7186563611030579,1.4044270515441895
split_cell_heldout,drug_mean,"B cells, BI-D1870",0.17727761,0.6997737,0.3261556029319763,1.7357898950576782
split_cell_heldout,drug_mean,"B cells, Crizotinib",0.45430714,0.8591463,0.7151503562927246,1.7720365524291992
split_cell_heldout,drug_mean,"B cells, Azacitidine",0.26108542,0.67713416,0.5104969143867493,1.6873878240585327
split_cell_heldout,drug_mean,"B cells, TR-14035",0.22781716,0.6881856,0.38845738768577576,1.7857121229171753
split_cell_heldout,drug_mean,"B cells, AT 7867",0.30777484,0.8641502,0.5150157809257507,1.7819379568099976
split_cell_heldout,drug_mean,"B cells, GO-6976",0.2817252,0.80892825,0.5025238990783691,1.6947765350341797
split_cell_heldout,drug_mean,"B cells, TGX 221",0.4202708,0.8560338,0.645926833152771,1.7733463048934937
split_cell_heldout,drug_mean,"B cells, Pitavastatin Calcium",0.53292423,1.208104,0.7599871158599854,1.5308804512023926
split_cell_heldout,drug_mean,"B cells, ABT737",0.19032441,0.96267915,0.3149946630001068,2.018028974533081
split_cell_heldout,drug_mean,"B cells, PRT-062607",0.46982712,1.0924318,0.6892538666725159,1.8932297229766846
split_cell_heldout,drug_mean,"B cells, AZ628",0.3928216,0.9170885,0.6464340686798096,1.852159857749939
split_cell_heldout,drug_mean,"B cells, Masitinib",0.23176807,0.74880713,0.337302565574646,1.7823967933654785
split_cell_heldout,drug_mean,"B cells, STK219801",0.27044225,0.6534072,0.4009210467338562,1.7146801948547363
split_cell_heldout,drug_mean,"B cells, Ricolinostat",0.44639206,0.7884341,0.6658433079719543,1.4814791679382324
split_cell_heldout,drug_mean,"B cells, Midostaurin",0.37713474,0.8680976,0.564829409122467,1.754725456237793
split_cell_heldout,drug_mean,"B cells, CEP-37440",0.19471532,0.80689675,0.35555019974708557,1.8638954162597656
split_cell_heldout,drug_mean,"B cells, R428",0.410673,1.2699643,0.6462955474853516,1.7898714542388916
split_cell_heldout,drug_mean,"B cells, Oxybenzone",0.13114303,0.602671,0.15827593207359314,1.7219338417053223
split_cell_heldout,drug_mean,"B cells, Tivantinib",0.35064,0.72936547,0.5690551996231079,1.6377123594284058
split_cell_heldout,drug_mean,"B cells, Colchicine",0.40561312,1.1641377,0.6424443125724792,1.8635244369506836
split_cell_heldout,drug_mean,"B cells, BX 912",0.35418025,0.7800834,0.6214746236801147,1.6587538719177246
split_cell_heldout,drug_mean,"B cells, Selumetinib",0.31752318,0.86111313,0.6038880944252014,1.919914722442627
split_cell_heldout,drug_mean,"B cells, RG7090",0.25499496,0.68497294,0.504545271396637,1.5951741933822632
split_cell_heldout,drug_mean,"B cells, GLPG0634",0.46308872,0.81168634,0.6961732506752014,1.6490520238876343
split_cell_heldout,drug_mean,"B cells, TIE2 Kinase Inhibitor",0.17104633,0.6050928,0.38971084356307983,1.5727204084396362
split_cell_heldout,drug_mean,"B cells, Lapatinib",0.24518095,0.65654707,0.5350027680397034,1.6133813858032227
split_cell_heldout,drug_mean,"B cells, Atorvastatin",0.25141343,0.6338723,0.47503897547721863,1.5838896036148071
split_cell_heldout,drug_mean,"B cells, Clomipramine",0.22617708,0.6334704,0.4086618721485138,1.6362860202789307
split_cell_heldout,drug_mean,"B cells, Ixabepilone",0.15680921,0.6270482,0.3733740448951721,1.7235233783721924
split_cell_heldout,drug_mean,"B cells, Protriptyline",0.11094839,0.60635173,0.26688411831855774,1.6730787754058838
split_cell_heldout,drug_mean,"B cells, Phenylbutazone",0.11421877,0.61331844,0.09327414631843567,1.705282211303711
split_cell_heldout,drug_mean,"B cells, K-02288",0.053472526,0.7733605,0.06159535050392151,1.9197099208831787
split_cell_heldout,drug_mean,"B cells, BMS-777607",0.2070375,0.69646734,0.3976541757583618,1.7597382068634033
split_cell_heldout,drug_mean,"B cells, Vorinostat",0.6959447,1.2244636,0.8244208097457886,1.6000508069992065
split_cell_heldout,drug_mean,"B cells, Ruxolitinib",0.4569037,0.94127965,0.7108993530273438,1.7033166885375977
split_cell_heldout,drug_mean,"B cells, AVL-292",0.3967721,0.97272843,0.6190707087516785,1.9632858037948608
split_cell_heldout,drug_mean,"B cells, Trametinib",0.33733553,0.8234801,0.6496486663818359,1.618242621421814
split_cell_heldout,drug_mean,"B cells, Sgc-cbp30",0.29125923,0.73700136,0.5753818154335022,1.5934504270553589
split_cell_heldout,drug_mean,"B cells, Chlorpheniramine",0.15778208,0.6448407,0.2882676124572754,1.7370015382766724
split_cell_heldout,drug_mean,"B cells, BAY 61-3606",0.6146274,1.119846,0.8088858723640442,1.472608208656311
split_cell_heldout,drug_mean,"B cells, LY2090314",0.5413232,1.2425554,0.7642050385475159,1.582740306854248
split_cell_heldout,drug_mean,"B cells, Vardenafil",0.16711038,0.6418542,0.38838425278663635,1.6242111921310425
split_cell_heldout,drug_mean,"B cells, Dasatinib",0.45876446,1.1495345,0.6611582636833191,1.9789105653762817
split_cell_heldout,drug_mean,"B cells, AT13387",0.6012987,1.3425392,0.741999626159668,1.9977229833602905
split_cell_heldout,drug_mean,"B cells, Perhexiline",0.5287276,0.93588734,0.7204949855804443,1.7537659406661987
split_cell_heldout,drug_mean,"B cells, RVX-208",0.42435142,0.74344796,0.6048537492752075,1.5595037937164307
split_cell_heldout,drug_mean,"B cells, Ketoconazole",0.5297284,0.8896124,0.7139360308647156,1.538463830947876
split_cell_heldout,drug_mean,"B cells, Disulfiram",0.13807154,0.64568293,0.29783713817596436,1.7213246822357178
split_cell_heldout,drug_mean,"B cells, Flutamide",0.11430805,0.6328253,0.2758421003818512,1.7431553602218628
split_cell_heldout,drug_mean,"B cells, Desloratadine",0.18588741,0.61542153,0.3001776933670044,1.6116383075714111
split_cell_heldout,drug_mean,"B cells, BMS-536924",0.50079715,0.9844696,0.7089159488677979,1.8479293584823608
split_cell_heldout,drug_mean,"B cells, IKK Inhibitor VII",0.42391983,1.018818,0.6337612271308899,1.8303412199020386
split_cell_heldout,drug_mean,"B cells, Amiodarone",0.15528373,0.6084979,0.2674405872821808,1.5969489812850952
split_cell_heldout,drug_mean,"B cells, IMD-0354",0.5971339,1.0799783,0.7776883244514465,1.6572402715682983
split_cell_heldout,drug_mean,"B cells, Canertinib",0.34058186,0.7721687,0.5508915781974792,1.6645538806915283
split_cell_heldout,drug_mean,"B cells, Alogliptin",0.106016785,0.64990485,0.09037070721387863,1.8380448818206787
split_cell_heldout,drug_mean,"B cells, RN-486",0.056366984,0.68100816,0.07168938964605331,1.8082526922225952
split_cell_heldout,drug_mean,"B cells, Decitabine",0.10025583,0.61416787,0.17854298651218414,1.755240797996521
split_cell_heldout,drug_mean,"B cells, Cabozantinib",0.26222378,0.7244875,0.5464448928833008,1.7159762382507324
split_cell_heldout,drug_mean,"B cells, Defactinib",0.37171188,0.7536854,0.6435394883155823,1.5454429388046265
split_cell_heldout,drug_mean,"B cells, AZD3514",0.41895935,0.70443696,0.6382769346237183,1.552449107170105
split_cell_heldout,drug_mean,"B cells, HMN-214",0.32264128,0.64228654,0.5655337572097778,1.4674618244171143
split_cell_heldout,drug_mean,"B cells, CC-401",0.45675045,0.746661,0.7101933360099792,1.5191264152526855
split_cell_heldout,drug_mean,"B cells, Resminostat",0.6841472,1.3037212,0.8156316876411438,1.6561343669891357
split_cell_heldout,drug_mean,"B cells, Nilotinib",0.45286214,0.8777005,0.6938477158546448,1.727745532989502
split_cell_heldout,drug_mean,"B cells, OSI-930",0.16275278,0.61874795,0.3470146059989929,1.622687816619873
split_cell_heldout,drug_mean,"B cells, Saracatinib",0.48803467,1.014073,0.7045177221298218,1.8559476137161255
split_cell_heldout,drug_mean,"B cells, RG7112",0.267627,0.65052676,0.5144667625427246,1.6586034297943115
split_cell_heldout,drug_mean,"B cells, Lamivudine",0.1447272,0.68321866,0.24128800630569458,1.7670773267745972
split_cell_heldout,drug_mean,"B cells, AZD-8330",0.39053234,0.8093269,0.6618393659591675,1.6683307886123657
split_cell_heldout,drug_mean,"B cells, Ceritinib",0.28437725,0.6710383,0.56166672706604,1.539016604423523
split_cell_heldout,drug_mean,"B cells, CGM-097",0.58244306,0.8986115,0.7776619791984558,1.5102907419204712
split_cell_heldout,drug_mean,"B cells, SLx-2119",0.18421303,0.72244537,0.4433198571205139,1.700066328048706
split_cell_heldout,drug_mean,"B cells, Nefazodone",0.105464004,0.6547235,0.10096666216850281,1.8435084819793701
split_cell_heldout,drug_mean,"B cells, TPCA-1",0.4959921,1.0861828,0.7097012996673584,1.8217206001281738
split_cell_heldout,drug_mean,"B cells, MGCD-265",0.1853821,0.7359419,0.3540058434009552,1.8225258588790894
split_cell_heldout,drug_mean,"B cells, GSK-1070916",0.26260936,0.66807127,0.41926005482673645,1.5938165187835693
split_cell_heldout,drug_mean,"B cells, Bosutinib",0.5218792,1.0961651,0.7025136947631836,1.8298923969268799
split_cell_heldout,drug_mean,"B cells, Clemastine",0.24948627,0.69610137,0.4429013729095459,1.7587493658065796
split_cell_heldout,drug_mean,"B cells, YK 4-279",0.16192208,0.6597356,0.3409996032714844,1.733522653579712
split_cell_heldout,drug_mean,"B cells, Buspirone",0.1501958,0.6054272,0.17837175726890564,1.8090639114379883
split_cell_heldout,drug_mean,"B cells, GSK256066",0.29934913,0.92382985,0.48833203315734863,1.979454517364502
split_cell_heldout,drug_mean,"B cells, Vandetanib",0.13091761,0.778118,0.23340024054050446,1.955511450767517
split_cell_heldout,drug_mean,"B cells, Imatinib",0.09523166,0.6103726,0.19085970520973206,1.7472925186157227
split_cell_heldout,drug_mean,"B cells, SCH-58261",0.08880355,0.6400572,0.14084109663963318,1.7130560874938965
split_cell_heldout,drug_mean,"B cells, Colforsin",0.12974572,0.6516067,0.1793910562992096,1.7187336683273315
split_cell_heldout,drug_mean,"B cells, Tosedostat",0.24704628,0.7838173,0.4950372278690338,1.5983723402023315
split_cell_heldout,drug_mean,"B cells, ABT-199 (GDC-0199)",0.11712712,0.9980687,0.2026452124118805,2.1612443923950195
split_cell_heldout,drug_mean,"B cells, Mometasone Furoate",0.5349188,1.189434,0.7346962690353394,1.7848379611968994
split_cell_heldout,drug_mean,"B cells, Tipifarnib",0.2979601,0.71287876,0.4647335708141327,1.6669319868087769
split_cell_heldout,drug_mean,"B cells, Doxorubicin",0.52078664,1.5376575,0.6637049913406372,2.202977418899536
split_cell_heldout,drug_mean,"B cells, PF-03814735",0.5528032,1.1181252,0.7529981136322021,1.7731858491897583
split_cell_heldout,drug_mean,"B cells, AZD4547",0.111843035,0.6575707,0.15872088074684143,1.7907068729400635
split_cell_heldout,drug_mean,"B cells, Prednisolone",0.4508313,1.1289327,0.6782042384147644,1.8310329914093018
split_cell_heldout,drug_mean,"B cells, Tacalcitol",0.19504832,1.0118915,0.43754130601882935,1.7434275150299072
split_cell_heldout,drug_mean,"B cells, Clotrimazole",0.15690449,0.6621725,0.25744718313217163,1.7413160800933838
split_cell_heldout,drug_mean,"B cells, Mubritinib (TAK 165)",0.39880863,0.88942736,0.644461989402771,1.6788777112960815
split_cell_heldout,drug_mean,"B cells, Vanoxerine",0.16682121,0.6496466,0.2068459391593933,1.7755038738250732
split_cell_heldout,drug_mean,"B cells, SB525334",0.3277267,0.81412023,0.542896568775177,1.602262020111084
split_cell_heldout,drug_mean,"B cells, HYDROXYUREA",0.10734548,0.6395008,0.2264779508113861,1.701880693435669
split_scaffold_heldout,global_train_mean,"B cells, Tivozanib",0.45116788,0.74840546,0.7222384810447693,1.8797147274017334
split_scaffold_heldout,global_train_mean,"Myeloid cells, Tivozanib",0.1522668,0.7591438,0.32852819561958313,1.9734954833984375
split_scaffold_heldout,global_train_mean,"NK cells, Tivozanib",0.1068054,0.6661598,0.22718003392219543,1.797365665435791
split_scaffold_heldout,global_train_mean,"T cells, Tivozanib",0.25555494,0.63140893,0.493243008852005,1.7998402118682861
split_scaffold_heldout,global_train_mean,"B cells, IN1451",0.27233353,1.5726336,0.385749489068985,2.648301601409912
split_scaffold_heldout,global_train_mean,"Myeloid cells, IN1451",0.29802233,2.3955812,0.3696865737438202,3.2183876037597656
split_scaffold_heldout,global_train_mean,"NK cells, IN1451",0.26739076,1.2005208,0.40739941596984863,2.3453152179718018
split_scaffold_heldout,global_train_mean,"T cells, IN1451",0.27624995,2.7842329,0.328496515750885,3.39430832862854
split_scaffold_heldout,global_train_mean,"B cells, BAY 87-2243",0.5372553,0.91701746,0.7501275539398193,2.0823473930358887
split_scaffold_heldout,global_train_mean,"Myeloid cells, BAY 87-2243",0.33635032,1.3977143,0.4458751976490021,2.5314977169036865
split_scaffold_heldout,global_train_mean,"NK cells, BAY 87-2243",0.36516812,0.8900787,0.5654664039611816,2.1255788803100586
split_scaffold_heldout,global_train_mean,"T cells, BAY 87-2243",0.44777405,1.2305472,0.6250016093254089,2.3436264991760254
split_scaffold_heldout,global_train_mean,"NK cells, AVL-292",0.2834358,0.6624275,0.4911506474018097,1.7966811656951904
split_scaffold_heldout,global_train_mean,"T cells, AVL-292",0.5600239,0.7046305,0.799472451210022,1.785336971282959
split_scaffold_heldout,global_train_mean,"B cells, AMD-070 (hydrochloride)",0.292107,0.62560904,0.5332671999931335,1.7548985481262207
split_scaffold_heldout,global_train_mean,"Myeloid cells, AMD-070 (hydrochloride)",0.13103524,0.74661833,0.2885431945323944,2.0106887817382812
split_scaffold_heldout,global_train_mean,"NK cells, AMD-070 (hydrochloride)",0.00011739203,0.6563108,0.037787895649671555,1.8344331979751587
split_scaffold_heldout,global_train_mean,"T cells, AMD-070 (hydrochloride)",0.2693395,0.5834631,0.5529940128326416,1.7065261602401733
split_scaffold_heldout,global_train_mean,"NK cells, RVX-208",0.12548573,0.70111096,0.14769333600997925,1.888350009918213
split_scaffold_heldout,global_train_mean,"T cells, RVX-208",0.35486102,0.8063966,0.5416604280471802,1.9650784730911255
split_scaffold_heldout,global_train_mean,"NK cells, Desloratadine",0.0472701,0.66747594,0.025293922051787376,1.820783257484436
split_scaffold_heldout,global_train_mean,"T cells, Desloratadine",0.13175559,0.53766346,0.359563410282135,1.5639362335205078
split_scaffold_heldout,global_train_mean,"NK cells, Amiodarone",0.17407538,0.6544458,0.30506080389022827,1.7835019826889038
split_scaffold_heldout,global_train_mean,"T cells, Amiodarone",0.17280427,0.59335,0.40711772441864014,1.9021745920181274
split_scaffold_heldout,global_train_mean,"B cells, Idelalisib",0.5467889,0.93206096,0.7663188576698303,2.090697765350342
split_scaffold_heldout,global_train_mean,"Myeloid cells, Idelalisib",0.2450002,0.9497902,0.43393564224243164,2.0815346240997314
split_scaffold_heldout,global_train_mean,"NK cells, Idelalisib",0.17978512,0.7013593,0.3727152347564697,1.8343932628631592
split_scaffold_heldout,global_train_mean,"T cells, Idelalisib",0.51520455,0.8226594,0.760529100894928,1.9561470746994019
split_scaffold_heldout,global_train_mean,"NK cells, Cabozantinib",0.055773433,0.68533975,0.16862089931964874,1.8037396669387817
split_scaffold_heldout,global_train_mean,"T cells, Cabozantinib",-0.060176294,0.6716064,-0.04066739231348038,1.8918708562850952
split_scaffold_heldout,global_train_mean,"B cells, Riociguat",0.10238402,0.585808,0.2088228464126587,1.780837059020996
split_scaffold_heldout,global_train_mean,"Myeloid cells, Riociguat",0.24445996,0.57688236,0.45783674716949463,1.6658728122711182
split_scaffold_heldout,global_train_mean,"NK cells, Riociguat",0.11923532,0.6652317,0.2882707715034485,1.807716727256775
split_scaffold_heldout,global_train_mean,"T cells, Riociguat",0.18572193,0.5109764,0.2248115837574005,1.7460660934448242
split_scaffold_heldout,global_train_mean,"NK cells, Defactinib",0.13793138,0.6685557,0.36943164467811584,1.8185173273086548
split_scaffold_heldout,global_train_mean,"T cells, Defactinib",0.18230975,0.756674,0.3740701675415039,2.0436694622039795
split_scaffold_heldout,global_train_mean,"B cells, Crizotinib",0.516523,0.8420573,0.7401629090309143,2.020336627960205
split_scaffold_heldout,global_train_mean,"Myeloid cells, Crizotinib",0.47639182,0.90021914,0.6877886652946472,2.0888309478759766
split_scaffold_heldout,global_train_mean,"NK cells, Crizotinib",0.3246058,0.6829844,0.539355456829071,1.7277294397354126
split_scaffold_heldout,global_train_mean,"T cells, Crizotinib",0.55530053,0.7463017,0.7565463781356812,1.8645299673080444
split_scaffold_heldout,global_train_mean,"NK cells, Nilotinib",0.3060166,0.7056517,0.5445612072944641,1.782894492149353
split_scaffold_heldout,global_train_mean,"T cells, Nilotinib",0.60413873,0.7563682,0.829903244972229,1.7869939804077148
split_scaffold_heldout,global_train_mean,"NK cells, Saracatinib",0.27099013,0.721173,0.43511489033699036,1.8687220811843872
split_scaffold_heldout,global_train_mean,"T cells, Saracatinib",0.61329514,0.7838064,0.824831485748291,1.7970621585845947
split_scaffold_heldout,global_train_mean,"NK cells, Lamivudine",0.17353696,0.65787756,0.301192969083786,1.86440110206604
split_scaffold_heldout,global_train_mean,"T cells, Lamivudine",0.22123139,0.51225877,0.38189467787742615,1.5734490156173706
split_scaffold_heldout,global_train_mean,"B cells, Masitinib",0.37813434,0.6675261,0.5798130035400391,1.7263352870941162
split_scaffold_heldout,global_train_mean,"Myeloid cells, Masitinib",0.32771465,0.7071585,0.6407568454742432,1.8698177337646484
split_scaffold_heldout,global_train_mean,"NK cells, Masitinib",0.22629742,0.659868,0.31921178102493286,1.80530846118927
split_scaffold_heldout,global_train_mean,"T cells, Masitinib",0.27964786,0.54828614,0.6965035200119019,1.4584647417068481
split_scaffold_heldout,global_train_mean,"NK cells, TPCA-1",0.4313254,0.827607,0.6620134711265564,1.8774347305297852
split_scaffold_heldout,global_train_mean,"T cells, TPCA-1",0.6739461,1.0578947,0.8308891654014587,2.1008739471435547
split_scaffold_heldout,global_train_mean,"NK cells, GSK-1070916",0.12471679,0.6538653,0.281870037317276,1.7756673097610474
split_scaffold_heldout,global_train_mean,"T cells, GSK-1070916",0.35880396,0.5584746,0.658088743686676,1.627072811126709
split_scaffold_heldout,global_train_mean,"B cells, Ricolinostat",0.29244822,0.76300675,0.5355295538902283,1.8965119123458862
split_scaffold_heldout,global_train_mean,"Myeloid cells, Ricolinostat",0.0722521,1.1759155,0.15689601004123688,2.4238646030426025
split_scaffold_heldout,global_train_mean,"NK cells, Ricolinostat",0.07266563,0.7729309,0.11154083162546158,1.9249587059020996
split_scaffold_heldout,global_train_mean,"T cells, Ricolinostat",0.25418127,0.8567263,0.4979086220264435,2.0298521518707275
split_scaffold_heldout,global_train_mean,"NK cells, GSK256066",0.30840993,0.85579145,0.521289587020874,2.020815372467041
split_scaffold_heldout,global_train_mean,"T cells, GSK256066",0.34967017,0.72019035,0.6210772395133972,2.083003520965576
split_scaffold_heldout,global_train_mean,"NK cells, SCH-58261",0.002077157,0.6881445,0.039000511169433594,1.8618736267089844
split_scaffold_heldout,global_train_mean,"T cells, SCH-58261",0.043047477,0.54981434,-0.016716988757252693,1.7375264167785645
split_scaffold_heldout,global_train_mean,"NK cells, Clotrimazole",0.1325554,0.6421,0.2928338646888733,1.7986222505569458
split_scaffold_heldout,global_train_mean,"T cells, Clotrimazole",0.124961436,0.5476429,0.23955361545085907,1.7275103330612183
split_scaffold_heldout,global_train_mean,"B cells, RG7090",0.11455365,0.61953855,0.29251179099082947,1.7412256002426147
split_scaffold_heldout,global_train_mean,"Myeloid cells, RG7090",0.0327065,0.86612064,0.1192493736743927,2.0814805030822754
split_scaffold_heldout,global_train_mean,"NK cells, RG7090",0.049192272,0.69520813,0.1474207192659378,1.8532401323318481
split_scaffold_heldout,global_train_mean,"T cells, RG7090",-0.11891659,0.8500295,-0.1748070865869522,2.1081409454345703
split_scaffold_heldout,global_train_mean,"NK cells, Vanoxerine",0.15749113,0.6624209,0.22315365076065063,1.7685028314590454
split_scaffold_heldout,global_train_mean,"T cells, Vanoxerine",0.18891601,0.5864776,0.4254947900772095,1.684088945388794
split_scaffold_heldout,global_train_mean,"NK cells, SB525334",-0.14432913,0.80981356,-0.2723219096660614,2.0284011363983154
split_scaffold_heldout,global_train_mean,"T cells, SB525334",-0.34992996,1.0741527,-0.537696123123169,2.4183738231658936
split_scaffold_heldout,global_train_mean,"B cells, AVL-292",0.58366925,0.92677087,0.7834665179252625,2.0394794940948486
split_scaffold_heldout,global_train_mean,"Myeloid cells, AVL-292",0.30807388,0.9082094,0.5396237969398499,2.0983402729034424
split_scaffold_heldout,global_train_mean,"B cells, RVX-208",0.34936538,0.7165769,0.5507818460464478,1.832303762435913
split_scaffold_heldout,global_train_mean,"Myeloid cells, RVX-208",0.24205339,0.88175344,0.4258717894554138,2.0749704837799072
split_scaffold_heldout,global_train_mean,"B cells, Desloratadine",0.12732743,0.5833321,0.14903463423252106,1.6760156154632568
split_scaffold_heldout,global_train_mean,"Myeloid cells, Desloratadine",0.07050893,0.63857,0.12299849092960358,1.7561243772506714
split_scaffold_heldout,global_train_mean,"B cells, Amiodarone",0.100325495,0.5636575,0.18965363502502441,1.6380491256713867
split_scaffold_heldout,global_train_mean,"Myeloid cells, Amiodarone",0.07461187,0.6406427,0.18301427364349365,1.837009310722351
split_scaffold_heldout,global_train_mean,"B cells, Cabozantinib",0.082849935,0.7316034,0.23320481181144714,1.910058856010437
split_scaffold_heldout,global_train_mean,"Myeloid cells, Cabozantinib",0.146826,0.74523586,0.36931514739990234,1.8616480827331543
split_scaffold_heldout,global_train_mean,"B cells, Defactinib",0.3543668,0.699559,0.6139440536499023,1.7497259378433228
split_scaffold_heldout,global_train_mean,"Myeloid cells, Defactinib",0.4330568,0.99017525,0.683635950088501,2.1129820346832275
split_scaffold_heldout,global_train_mean,"B cells, Nilotinib",0.573257,0.8349453,0.8067963719367981,1.9468293190002441
split_scaffold_heldout,global_train_mean,"Myeloid cells, Nilotinib",0.31892267,1.1570084,0.5108760595321655,2.354645013809204
split_scaffold_heldout,global_train_mean,"B cells, Saracatinib",0.60991156,0.9962739,0.7989116311073303,2.1482529640197754
split_scaffold_heldout,global_train_mean,"Myeloid cells, Saracatinib",0.5400813,1.3869603,0.6994526982307434,2.4488043785095215
split_scaffold_heldout,global_train_mean,"B cells, Lamivudine",0.28237167,0.6023367,0.5461559295654297,1.6783533096313477
split_scaffold_heldout,global_train_mean,"Myeloid cells, Lamivudine",0.19331156,0.68820107,0.446976900100708,1.8071364164352417
split_scaffold_heldout,global_train_mean,"B cells, TPCA-1",0.639346,1.0659393,0.8107682466506958,2.152193069458008
split_scaffold_heldout,global_train_mean,"Myeloid cells, TPCA-1",0.4920433,1.3770086,0.6736961007118225,2.4962573051452637
split_scaffold_heldout,global_train_mean,"B cells, GSK-1070916",0.34551543,0.5834318,0.6005048751831055,1.6118748188018799
split_scaffold_heldout,global_train_mean,"Myeloid cells, GSK-1070916",0.16328456,0.78738314,0.3871043026447296,1.9094243049621582
split_scaffold_heldout,global_train_mean,"B cells, GSK256066",0.31175554,0.8460118,0.559605062007904,2.1298415660858154
split_scaffold_heldout,global_train_mean,"Myeloid cells, GSK256066",0.08781601,1.096214,0.17385175824165344,2.422731399536133
split_scaffold_heldout,global_train_mean,"B cells, SCH-58261",-0.048492186,0.6078597,-0.0665976032614708,1.7687655687332153
split_scaffold_heldout,global_train_mean,"Myeloid cells, SCH-58261",0.2894019,0.62639225,0.5912454724311829,1.691206693649292
split_scaffold_heldout,global_train_mean,"B cells, Clotrimazole",0.12038837,0.6144243,0.16909025609493256,1.7711114883422852
split_scaffold_heldout,global_train_mean,"Myeloid cells, Clotrimazole",0.075467505,0.7553892,0.1579921990633011,1.945399284362793
split_scaffold_heldout,global_train_mean,"B cells, Vanoxerine",0.19175655,0.5869976,0.35300180315971375,1.7481739521026611
split_scaffold_heldout,global_train_mean,"Myeloid cells, Vanoxerine",0.37190336,0.5778181,0.6287132501602173,1.61165452003479
split_scaffold_heldout,global_train_mean,"B cells, SB525334",-0.13667704,0.74624056,-0.32041189074516296,2.0268492698669434
split_scaffold_heldout,global_train_mean,"Myeloid cells, SB525334",-0.14794339,1.2900205,-0.21476194262504578,2.609076738357544
split_scaffold_heldout,cell_context_mean,"B cells, Tivozanib",0.48992044,0.7243309,0.7483585476875305,1.7612022161483765
split_scaffold_heldout,cell_context_mean,"Myeloid cells, Tivozanib",0.21794775,0.7718811,0.4534103274345398,1.8698997497558594
split_scaffold_heldout,cell_context_mean,"NK cells, Tivozanib",0.22726661,0.63443464,0.43878597021102905,1.7380582094192505
split_scaffold_heldout,cell_context_mean,"T cells, Tivozanib",0.26264298,0.64777786,0.5186423063278198,1.7366997003555298
split_scaffold_heldout,cell_context_mean,"B cells, IN1451",0.30277857,1.5546023,0.4180217981338501,2.606860637664795
split_scaffold_heldout,cell_context_mean,"Myeloid cells, IN1451",0.32974005,2.3571997,0.4087170362472534,3.1572327613830566
split_scaffold_heldout,cell_context_mean,"NK cells, IN1451",0.3025816,1.1944708,0.48157423734664917,2.3332860469818115
split_scaffold_heldout,cell_context_mean,"T cells, IN1451",0.3059219,2.7560644,0.3589994013309479,3.3568015098571777
split_scaffold_heldout,cell_context_mean,"B cells, BAY 87-2243",0.6114038,0.86455905,0.8005673885345459,1.9327324628829956
split_scaffold_heldout,cell_context_mean,"Myeloid cells, BAY 87-2243",0.50151736,1.3102015,0.6428989768028259,2.3554413318634033
split_scaffold_heldout,cell_context_mean,"NK cells, BAY 87-2243",0.2995289,0.90812385,0.46992114186286926,2.186816692352295
split_scaffold_heldout,cell_context_mean,"T cells, BAY 87-2243",0.5388563,1.1722481,0.6915691494941711,2.2199792861938477
split_scaffold_heldout,cell_context_mean,"NK cells, AVL-292",0.35538286,0.64469445,0.6445544958114624,1.754411220550537
split_scaffold_heldout,cell_context_mean,"T cells, AVL-292",0.62436336,0.65430397,0.8388991355895996,1.60037362575531
split_scaffold_heldout,cell_context_mean,"B cells, AMD-070 (hydrochloride)",0.38903266,0.6047633,0.6255125403404236,1.629023551940918
split_scaffold_heldout,cell_context_mean,"Myeloid cells, AMD-070 (hydrochloride)",0.15480474,0.7792629,0.3268497884273529,1.968636393547058
split_scaffold_heldout,cell_context_mean,"NK cells, AMD-070 (hydrochloride)",0.15116408,0.6165506,0.3472311496734619,1.7632006406784058
split_scaffold_heldout,cell_context_mean,"T cells, AMD-070 (hydrochloride)",0.37660754,0.5671885,0.6608400940895081,1.5686020851135254
split_scaffold_heldout,cell_context_mean,"NK cells, RVX-208",0.20399664,0.6793364,0.3132062554359436,1.845189094543457
split_scaffold_heldout,cell_context_mean,"T cells, RVX-208",0.41976762,0.78047156,0.5990995764732361,1.8764065504074097
split_scaffold_heldout,cell_context_mean,"NK cells, Desloratadine",0.14841548,0.6391674,0.3198068141937256,1.752597689628601
split_scaffold_heldout,cell_context_mean,"T cells, Desloratadine",0.23602462,0.54461527,0.4719878137111664,1.46323561668396
split_scaffold_heldout,cell_context_mean,"NK cells, Amiodarone",0.23745081,0.63642246,0.4621621370315552,1.7470359802246094
split_scaffold_heldout,cell_context_mean,"T cells, Amiodarone",0.30709895,0.58037704,0.6194118857383728,1.657346248626709
split_scaffold_heldout,cell_context_mean,"B cells, Idelalisib",0.6254773,0.87607527,0.8120885491371155,1.9392043352127075
split_scaffold_heldout,cell_context_mean,"Myeloid cells, Idelalisib",0.40741357,0.89487463,0.6320213079452515,1.9027878046035767
split_scaffold_heldout,cell_context_mean,"NK cells, Idelalisib",0.29504272,0.67221797,0.5151507258415222,1.7898913621902466
split_scaffold_heldout,cell_context_mean,"T cells, Idelalisib",0.57986015,0.77451944,0.7905781865119934,1.793144941329956
split_scaffold_heldout,cell_context_mean,"NK cells, Cabozantinib",0.21578066,0.64438766,0.4143673777580261,1.742265224456787
split_scaffold_heldout,cell_context_mean,"T cells, Cabozantinib",0.03809716,0.6889393,0.18146327137947083,1.8297401666641235
split_scaffold_heldout,cell_context_mean,"B cells, Riociguat",0.18771437,0.59166306,0.33523187041282654,1.7248250246047974
split_scaffold_heldout,cell_context_mean,"Myeloid cells, Riociguat",0.22642821,0.62514657,0.39489492774009705,1.639943242073059
split_scaffold_heldout,cell_context_mean,"NK cells, Riociguat",0.2619218,0.6286712,0.48600125312805176,1.7426542043685913
split_scaffold_heldout,cell_context_mean,"T cells, Riociguat",0.28094038,0.5177289,0.38985544443130493,1.6675224304199219
split_scaffold_heldout,cell_context_mean,"NK cells, Defactinib",0.24020764,0.6413588,0.5265716910362244,1.764583945274353
split_scaffold_heldout,cell_context_mean,"T cells, Defactinib",0.26881582,0.74619114,0.4816701412200928,1.952468991279602
split_scaffold_heldout,cell_context_mean,"B cells, Crizotinib",0.6396301,0.7746637,0.8228840231895447,1.8278429508209229
split_scaffold_heldout,cell_context_mean,"Myeloid cells, Crizotinib",0.5786265,0.82831216,0.7932267189025879,1.8556158542633057
split_scaffold_heldout,cell_context_mean,"NK cells, Crizotinib",0.39918247,0.6657304,0.6240824460983276,1.694012999534607
split_scaffold_heldout,cell_context_mean,"T cells, Crizotinib",0.5561728,0.72062385,0.7812718749046326,1.7419995069503784
split_scaffold_heldout,cell_context_mean,"NK cells, Nilotinib",0.3338947,0.699164,0.5694301128387451,1.7754541635513306
split_scaffold_heldout,cell_context_mean,"T cells, Nilotinib",0.61830056,0.71803993,0.8295638561248779,1.6468181610107422
split_scaffold_heldout,cell_context_mean,"NK cells, Saracatinib",0.31519246,0.7102639,0.5684645771980286,1.8301892280578613
split_scaffold_heldout,cell_context_mean,"T cells, Saracatinib",0.64652795,0.7349671,0.8455386161804199,1.627693772315979
split_scaffold_heldout,cell_context_mean,"NK cells, Lamivudine",0.27566475,0.63116944,0.4788634777069092,1.8128584623336792
split_scaffold_heldout,cell_context_mean,"T cells, Lamivudine",0.2578171,0.53383964,0.44514092803001404,1.5240342617034912
split_scaffold_heldout,cell_context_mean,"B cells, Masitinib",0.49289134,0.62688655,0.6949360966682434,1.5686001777648926
split_scaffold_heldout,cell_context_mean,"Myeloid cells, Masitinib",0.3970984,0.6928218,0.6998339891433716,1.6857662200927734
split_scaffold_heldout,cell_context_mean,"NK cells, Masitinib",0.30826497,0.638707,0.4719599485397339,1.7613842487335205
split_scaffold_heldout,cell_context_mean,"T cells, Masitinib",0.38584977,0.53493136,0.7691895961761475,1.2666823863983154
split_scaffold_heldout,cell_context_mean,"NK cells, TPCA-1",0.46318722,0.8243867,0.7058737874031067,1.875850796699524
split_scaffold_heldout,cell_context_mean,"T cells, TPCA-1",0.72296256,0.98730993,0.8569474220275879,1.9415940046310425
split_scaffold_heldout,cell_context_mean,"NK cells, GSK-1070916",0.18769398,0.635009,0.4178210198879242,1.7404975891113281
split_scaffold_heldout,cell_context_mean,"T cells, GSK-1070916",0.44513983,0.54010737,0.6954802870750427,1.4730459451675415
split_scaffold_heldout,cell_context_mean,"B cells, Ricolinostat",0.36932066,0.7416483,0.6253734827041626,1.7993013858795166
split_scaffold_heldout,cell_context_mean,"Myeloid cells, Ricolinostat",0.1010852,1.1933229,0.19283899664878845,2.4021496772766113
split_scaffold_heldout,cell_context_mean,"NK cells, Ricolinostat",0.08733338,0.76466334,0.1597517430782318,1.919887900352478
split_scaffold_heldout,cell_context_mean,"T cells, Ricolinostat",0.33455923,0.83594507,0.5520446300506592,1.9398193359375
split_scaffold_heldout,cell_context_mean,"NK cells, GSK256066",0.38987574,0.83822143,0.6347982287406921,1.9884397983551025
split_scaffold_heldout,cell_context_mean,"T cells, GSK256066",0.39460242,0.70712334,0.6996288895606995,1.9811105728149414
split_scaffold_heldout,cell_context_mean,"NK cells, SCH-58261",0.13198286,0.65319324,0.2668403685092926,1.811123013496399
split_scaffold_heldout,cell_context_mean,"T cells, SCH-58261",0.036436964,0.59784716,-0.018644340336322784,1.7782717943191528
split_scaffold_heldout,cell_context_mean,"NK cells, Clotrimazole",0.24102859,0.61316353,0.43398526310920715,1.747666358947754
split_scaffold_heldout,cell_context_mean,"T cells, Clotrimazole",0.20708539,0.5617602,0.3698403835296631,1.6511247158050537
split_scaffold_heldout,cell_context_mean,"B cells, RG7090",0.17413533,0.62975764,0.3809097707271576,1.6878741979599
split_scaffold_heldout,cell_context_mean,"Myeloid cells, RG7090",0.16629015,0.8643136,0.30028679966926575,2.006659746170044
split_scaffold_heldout,cell_context_mean,"NK cells, RG7090",0.17458937,0.66188455,0.4091709554195404,1.7910130023956299
split_scaffold_heldout,cell_context_mean,"T cells, RG7090",-0.0128554795,0.86124134,0.0037475202698260546,2.0903565883636475
split_scaffold_heldout,cell_context_mean,"NK cells, Vanoxerine",0.25522706,0.636497,0.36681312322616577,1.724909782409668
split_scaffold_heldout,cell_context_mean,"T cells, Vanoxerine",0.29095128,0.5826352,0.5464503169059753,1.566727638244629
split_scaffold_heldout,cell_context_mean,"NK cells, SB525334",0.049507428,0.7603178,0.08780569583177567,1.934162974357605
split_scaffold_heldout,cell_context_mean,"T cells, SB525334",-0.23618622,1.0973934,-0.3909609317779541,2.443617820739746
split_scaffold_heldout,cell_context_mean,"B cells, AVL-292",0.6752942,0.86144716,0.8485464453697205,1.865153193473816
split_scaffold_heldout,cell_context_mean,"Myeloid cells, AVL-292",0.44564596,0.854211,0.7123350501060486,1.8863153457641602
split_scaffold_heldout,cell_context_mean,"B cells, RVX-208",0.39236677,0.703138,0.6091609001159668,1.7474725246429443
split_scaffold_heldout,cell_context_mean,"Myeloid cells, RVX-208",0.23074591,0.9015846,0.39880332350730896,2.0388433933258057
split_scaffold_heldout,cell_context_mean,"B cells, Desloratadine",0.1871699,0.5940643,0.2943502366542816,1.620461106300354
split_scaffold_heldout,cell_context_mean,"Myeloid cells, Desloratadine",0.033913963,0.710085,0.07880713045597076,1.7921701669692993
split_scaffold_heldout,cell_context_mean,"B cells, Amiodarone",0.16755626,0.57651615,0.357778400182724,1.5748472213745117
split_scaffold_heldout,cell_context_mean,"Myeloid cells, Amiodarone",0.16277905,0.66868436,0.36245930194854736,1.72892165184021
split_scaffold_heldout,cell_context_mean,"B cells, Cabozantinib",0.14160067,0.73919487,0.2903646230697632,1.8780879974365234
split_scaffold_heldout,cell_context_mean,"Myeloid cells, Cabozantinib",0.2289917,0.75380325,0.5159589648246765,1.7518802881240845
split_scaffold_heldout,cell_context_mean,"B cells, Defactinib",0.44903743,0.6687818,0.698772668838501,1.6257106065750122
split_scaffold_heldout,cell_context_mean,"Myeloid cells, Defactinib",0.5906742,0.8979223,0.7889411449432373,1.8774974346160889
split_scaffold_heldout,cell_context_mean,"B cells, Nilotinib",0.6426384,0.7816451,0.8421411514282227,1.791821837425232
split_scaffold_heldout,cell_context_mean,"Myeloid cells, Nilotinib",0.43685675,1.0986307,0.6624001264572144,2.1869699954986572
split_scaffold_heldout,cell_context_mean,"B cells, Saracatinib",0.69253504,0.9301491,0.8562469482421875,1.9804904460906982
split_scaffold_heldout,cell_context_mean,"Myeloid cells, Saracatinib",0.61811966,1.2990687,0.7812734842300415,2.269869565963745
split_scaffold_heldout,cell_context_mean,"B cells, Lamivudine",0.36014596,0.59101844,0.654094934463501,1.565680980682373
split_scaffold_heldout,cell_context_mean,"Myeloid cells, Lamivudine",0.22933008,0.71198744,0.4987012445926666,1.715433955192566
split_scaffold_heldout,cell_context_mean,"B cells, TPCA-1",0.7305929,0.99202496,0.8715938925743103,1.9833040237426758
split_scaffold_heldout,cell_context_mean,"Myeloid cells, TPCA-1",0.67401844,1.2517052,0.8167231678962708,2.2555112838745117
split_scaffold_heldout,cell_context_mean,"B cells, GSK-1070916",0.42684865,0.5645898,0.6712016463279724,1.499770164489746
split_scaffold_heldout,cell_context_mean,"Myeloid cells, GSK-1070916",0.14422758,0.8280327,0.3433258533477783,1.8866034746170044
split_scaffold_heldout,cell_context_mean,"B cells, GSK256066",0.41980076,0.80844384,0.6893194317817688,1.9759080410003662
split_scaffold_heldout,cell_context_mean,"Myeloid cells, GSK256066",0.20282257,1.0808967,0.3334333598613739,2.3367106914520264
split_scaffold_heldout,cell_context_mean,"B cells, SCH-58261",0.009584653,0.6323914,0.057223882526159286,1.7626179456710815
split_scaffold_heldout,cell_context_mean,"Myeloid cells, SCH-58261",0.28416345,0.6569384,0.5582768321037292,1.643100380897522
split_scaffold_heldout,cell_context_mean,"B cells, Clotrimazole",0.19693927,0.618617,0.3005870580673218,1.706321358680725
split_scaffold_heldout,cell_context_mean,"Myeloid cells, Clotrimazole",0.053930193,0.81136554,0.14667175710201263,1.9542860984802246
split_scaffold_heldout,cell_context_mean,"B cells, Vanoxerine",0.25806206,0.58935606,0.47277313470840454,1.6556307077407837
split_scaffold_heldout,cell_context_mean,"Myeloid cells, Vanoxerine",0.40278736,0.58573335,0.7177990078926086,1.450977087020874
split_scaffold_heldout,cell_context_mean,"B cells, SB525334",-0.10534442,0.7779232,-0.2613891065120697,2.0531234741210938
split_scaffold_heldout,cell_context_mean,"Myeloid cells, SB525334",-0.14897808,1.3452566,-0.21528904139995575,2.677523612976074
split_scaffold_heldout,drug_mean,"B cells, Tivozanib",0.45116788,0.74840546,0.7222384810447693,1.8797147274017334
split_scaffold_heldout,drug_mean,"Myeloid cells, Tivozanib",0.1522668,0.7591438,0.32852819561958313,1.9734954833984375
split_scaffold_heldout,drug_mean,"NK cells, Tivozanib",0.1068054,0.6661598,0.22718003392219543,1.797365665435791
split_scaffold_heldout,drug_mean,"T cells, Tivozanib",0.25555494,0.63140893,0.493243008852005,1.7998402118682861
split_scaffold_heldout,drug_mean,"B cells, IN1451",0.27233353,1.5726336,0.385749489068985,2.648301601409912
split_scaffold_heldout,drug_mean,"Myeloid cells, IN1451",0.29802233,2.3955812,0.3696865737438202,3.2183876037597656
split_scaffold_heldout,drug_mean,"NK cells, IN1451",0.26739076,1.2005208,0.40739941596984863,2.3453152179718018
split_scaffold_heldout,drug_mean,"T cells, IN1451",0.27624995,2.7842329,0.328496515750885,3.39430832862854
split_scaffold_heldout,drug_mean,"B cells, BAY 87-2243",0.5372553,0.91701746,0.7501275539398193,2.0823473930358887
split_scaffold_heldout,drug_mean,"Myeloid cells, BAY 87-2243",0.33635032,1.3977143,0.4458751976490021,2.5314977169036865
split_scaffold_heldout,drug_mean,"NK cells, BAY 87-2243",0.36516812,0.8900787,0.5654664039611816,2.1255788803100586
split_scaffold_heldout,drug_mean,"T cells, BAY 87-2243",0.44777405,1.2305472,0.6250016093254089,2.3436264991760254
split_scaffold_heldout,drug_mean,"NK cells, AVL-292",0.2834358,0.6624275,0.4911506474018097,1.7966811656951904
split_scaffold_heldout,drug_mean,"T cells, AVL-292",0.5600239,0.7046305,0.799472451210022,1.785336971282959
split_scaffold_heldout,drug_mean,"B cells, AMD-070 (hydrochloride)",0.292107,0.62560904,0.5332671999931335,1.7548985481262207
split_scaffold_heldout,drug_mean,"Myeloid cells, AMD-070 (hydrochloride)",0.13103524,0.74661833,0.2885431945323944,2.0106887817382812
split_scaffold_heldout,drug_mean,"NK cells, AMD-070 (hydrochloride)",0.00011739203,0.6563108,0.037787895649671555,1.8344331979751587
split_scaffold_heldout,drug_mean,"T cells, AMD-070 (hydrochloride)",0.2693395,0.5834631,0.5529940128326416,1.7065261602401733
split_scaffold_heldout,drug_mean,"NK cells, RVX-208",0.12548573,0.70111096,0.14769333600997925,1.888350009918213
split_scaffold_heldout,drug_mean,"T cells, RVX-208",0.35486102,0.8063966,0.5416604280471802,1.9650784730911255
split_scaffold_heldout,drug_mean,"NK cells, Desloratadine",0.0472701,0.66747594,0.025293922051787376,1.820783257484436
split_scaffold_heldout,drug_mean,"T cells, Desloratadine",0.13175559,0.53766346,0.359563410282135,1.5639362335205078
split_scaffold_heldout,drug_mean,"NK cells, Amiodarone",0.17407538,0.6544458,0.30506080389022827,1.7835019826889038
split_scaffold_heldout,drug_mean,"T cells, Amiodarone",0.17280427,0.59335,0.40711772441864014,1.9021745920181274
split_scaffold_heldout,drug_mean,"B cells, Idelalisib",0.5467889,0.93206096,0.7663188576698303,2.090697765350342
split_scaffold_heldout,drug_mean,"Myeloid cells, Idelalisib",0.2450002,0.9497902,0.43393564224243164,2.0815346240997314
split_scaffold_heldout,drug_mean,"NK cells, Idelalisib",0.17978512,0.7013593,0.3727152347564697,1.8343932628631592
split_scaffold_heldout,drug_mean,"T cells, Idelalisib",0.51520455,0.8226594,0.760529100894928,1.9561470746994019
split_scaffold_heldout,drug_mean,"NK cells, Cabozantinib",0.055773433,0.68533975,0.16862089931964874,1.8037396669387817
split_scaffold_heldout,drug_mean,"T cells, Cabozantinib",-0.060176294,0.6716064,-0.04066739231348038,1.8918708562850952
split_scaffold_heldout,drug_mean,"B cells, Riociguat",0.10238402,0.585808,0.2088228464126587,1.780837059020996
split_scaffold_heldout,drug_mean,"Myeloid cells, Riociguat",0.24445996,0.57688236,0.45783674716949463,1.6658728122711182
split_scaffold_heldout,drug_mean,"NK cells, Riociguat",0.11923532,0.6652317,0.2882707715034485,1.807716727256775
split_scaffold_heldout,drug_mean,"T cells, Riociguat",0.18572193,0.5109764,0.2248115837574005,1.7460660934448242
split_scaffold_heldout,drug_mean,"NK cells, Defactinib",0.13793138,0.6685557,0.36943164467811584,1.8185173273086548
split_scaffold_heldout,drug_mean,"T cells, Defactinib",0.18230975,0.756674,0.3740701675415039,2.0436694622039795
split_scaffold_heldout,drug_mean,"B cells, Crizotinib",0.516523,0.8420573,0.7401629090309143,2.020336627960205
split_scaffold_heldout,drug_mean,"Myeloid cells, Crizotinib",0.47639182,0.90021914,0.6877886652946472,2.0888309478759766
split_scaffold_heldout,drug_mean,"NK cells, Crizotinib",0.3246058,0.6829844,0.539355456829071,1.7277294397354126
split_scaffold_heldout,drug_mean,"T cells, Crizotinib",0.55530053,0.7463017,0.7565463781356812,1.8645299673080444
split_scaffold_heldout,drug_mean,"NK cells, Nilotinib",0.3060166,0.7056517,0.5445612072944641,1.782894492149353
split_scaffold_heldout,drug_mean,"T cells, Nilotinib",0.60413873,0.7563682,0.829903244972229,1.7869939804077148
split_scaffold_heldout,drug_mean,"NK cells, Saracatinib",0.27099013,0.721173,0.43511489033699036,1.8687220811843872
split_scaffold_heldout,drug_mean,"T cells, Saracatinib",0.61329514,0.7838064,0.824831485748291,1.7970621585845947
split_scaffold_heldout,drug_mean,"NK cells, Lamivudine",0.17353696,0.65787756,0.301192969083786,1.86440110206604
split_scaffold_heldout,drug_mean,"T cells, Lamivudine",0.22123139,0.51225877,0.38189467787742615,1.5734490156173706
split_scaffold_heldout,drug_mean,"B cells, Masitinib",0.37813434,0.6675261,0.5798130035400391,1.7263352870941162
split_scaffold_heldout,drug_mean,"Myeloid cells, Masitinib",0.32771465,0.7071585,0.6407568454742432,1.8698177337646484
split_scaffold_heldout,drug_mean,"NK cells, Masitinib",0.22629742,0.659868,0.31921178102493286,1.80530846118927
split_scaffold_heldout,drug_mean,"T cells, Masitinib",0.27964786,0.54828614,0.6965035200119019,1.4584647417068481
split_scaffold_heldout,drug_mean,"NK cells, TPCA-1",0.4313254,0.827607,0.6620134711265564,1.8774347305297852
split_scaffold_heldout,drug_mean,"T cells, TPCA-1",0.6739461,1.0578947,0.8308891654014587,2.1008739471435547
split_scaffold_heldout,drug_mean,"NK cells, GSK-1070916",0.12471679,0.6538653,0.281870037317276,1.7756673097610474
split_scaffold_heldout,drug_mean,"T cells, GSK-1070916",0.35880396,0.5584746,0.658088743686676,1.627072811126709
split_scaffold_heldout,drug_mean,"B cells, Ricolinostat",0.29244822,0.76300675,0.5355295538902283,1.8965119123458862
split_scaffold_heldout,drug_mean,"Myeloid cells, Ricolinostat",0.0722521,1.1759155,0.15689601004123688,2.4238646030426025
split_scaffold_heldout,drug_mean,"NK cells, Ricolinostat",0.07266563,0.7729309,0.11154083162546158,1.9249587059020996
split_scaffold_heldout,drug_mean,"T cells, Ricolinostat",0.25418127,0.8567263,0.4979086220264435,2.0298521518707275
split_scaffold_heldout,drug_mean,"NK cells, GSK256066",0.30840993,0.85579145,0.521289587020874,2.020815372467041
split_scaffold_heldout,drug_mean,"T cells, GSK256066",0.34967017,0.72019035,0.6210772395133972,2.083003520965576
split_scaffold_heldout,drug_mean,"NK cells, SCH-58261",0.002077157,0.6881445,0.039000511169433594,1.8618736267089844
split_scaffold_heldout,drug_mean,"T cells, SCH-58261",0.043047477,0.54981434,-0.016716988757252693,1.7375264167785645
split_scaffold_heldout,drug_mean,"NK cells, Clotrimazole",0.1325554,0.6421,0.2928338646888733,1.7986222505569458
split_scaffold_heldout,drug_mean,"T cells, Clotrimazole",0.124961436,0.5476429,0.23955361545085907,1.7275103330612183
split_scaffold_heldout,drug_mean,"B cells, RG7090",0.11455365,0.61953855,0.29251179099082947,1.7412256002426147
split_scaffold_heldout,drug_mean,"Myeloid cells, RG7090",0.0327065,0.86612064,0.1192493736743927,2.0814805030822754
split_scaffold_heldout,drug_mean,"NK cells, RG7090",0.049192272,0.69520813,0.1474207192659378,1.8532401323318481
split_scaffold_heldout,drug_mean,"T cells, RG7090",-0.11891659,0.8500295,-0.1748070865869522,2.1081409454345703
split_scaffold_heldout,drug_mean,"NK cells, Vanoxerine",0.15749113,0.6624209,0.22315365076065063,1.7685028314590454
split_scaffold_heldout,drug_mean,"T cells, Vanoxerine",0.18891601,0.5864776,0.4254947900772095,1.684088945388794
split_scaffold_heldout,drug_mean,"NK cells, SB525334",-0.14432913,0.80981356,-0.2723219096660614,2.0284011363983154
split_scaffold_heldout,drug_mean,"T cells, SB525334",-0.34992996,1.0741527,-0.537696123123169,2.4183738231658936
split_scaffold_heldout,drug_mean,"B cells, AVL-292",0.58366925,0.92677087,0.7834665179252625,2.0394794940948486
split_scaffold_heldout,drug_mean,"Myeloid cells, AVL-292",0.30807388,0.9082094,0.5396237969398499,2.0983402729034424
split_scaffold_heldout,drug_mean,"B cells, RVX-208",0.34936538,0.7165769,0.5507818460464478,1.832303762435913
split_scaffold_heldout,drug_mean,"Myeloid cells, RVX-208",0.24205339,0.88175344,0.4258717894554138,2.0749704837799072
split_scaffold_heldout,drug_mean,"B cells, Desloratadine",0.12732743,0.5833321,0.14903463423252106,1.6760156154632568
split_scaffold_heldout,drug_mean,"Myeloid cells, Desloratadine",0.07050893,0.63857,0.12299849092960358,1.7561243772506714
split_scaffold_heldout,drug_mean,"B cells, Amiodarone",0.100325495,0.5636575,0.18965363502502441,1.6380491256713867
split_scaffold_heldout,drug_mean,"Myeloid cells, Amiodarone",0.07461187,0.6406427,0.18301427364349365,1.837009310722351
split_scaffold_heldout,drug_mean,"B cells, Cabozantinib",0.082849935,0.7316034,0.23320481181144714,1.910058856010437
split_scaffold_heldout,drug_mean,"Myeloid cells, Cabozantinib",0.146826,0.74523586,0.36931514739990234,1.8616480827331543
split_scaffold_heldout,drug_mean,"B cells, Defactinib",0.3543668,0.699559,0.6139440536499023,1.7497259378433228
split_scaffold_heldout,drug_mean,"Myeloid cells, Defactinib",0.4330568,0.99017525,0.683635950088501,2.1129820346832275
split_scaffold_heldout,drug_mean,"B cells, Nilotinib",0.573257,0.8349453,0.8067963719367981,1.9468293190002441
split_scaffold_heldout,drug_mean,"Myeloid cells, Nilotinib",0.31892267,1.1570084,0.5108760595321655,2.354645013809204
split_scaffold_heldout,drug_mean,"B cells, Saracatinib",0.60991156,0.9962739,0.7989116311073303,2.1482529640197754
split_scaffold_heldout,drug_mean,"Myeloid cells, Saracatinib",0.5400813,1.3869603,0.6994526982307434,2.4488043785095215
split_scaffold_heldout,drug_mean,"B cells, Lamivudine",0.28237167,0.6023367,0.5461559295654297,1.6783533096313477
split_scaffold_heldout,drug_mean,"Myeloid cells, Lamivudine",0.19331156,0.68820107,0.446976900100708,1.8071364164352417
split_scaffold_heldout,drug_mean,"B cells, TPCA-1",0.639346,1.0659393,0.8107682466506958,2.152193069458008
split_scaffold_heldout,drug_mean,"Myeloid cells, TPCA-1",0.4920433,1.3770086,0.6736961007118225,2.4962573051452637
split_scaffold_heldout,drug_mean,"B cells, GSK-1070916",0.34551543,0.5834318,0.6005048751831055,1.6118748188018799
split_scaffold_heldout,drug_mean,"Myeloid cells, GSK-1070916",0.16328456,0.78738314,0.3871043026447296,1.9094243049621582
split_scaffold_heldout,drug_mean,"B cells, GSK256066",0.31175554,0.8460118,0.559605062007904,2.1298415660858154
split_scaffold_heldout,drug_mean,"Myeloid cells, GSK256066",0.08781601,1.096214,0.17385175824165344,2.422731399536133
split_scaffold_heldout,drug_mean,"B cells, SCH-58261",-0.048492186,0.6078597,-0.0665976032614708,1.7687655687332153
split_scaffold_heldout,drug_mean,"Myeloid cells, SCH-58261",0.2894019,0.62639225,0.5912454724311829,1.691206693649292
split_scaffold_heldout,drug_mean,"B cells, Clotrimazole",0.12038837,0.6144243,0.16909025609493256,1.7711114883422852
split_scaffold_heldout,drug_mean,"Myeloid cells, Clotrimazole",0.075467505,0.7553892,0.1579921990633011,1.945399284362793
split_scaffold_heldout,drug_mean,"B cells, Vanoxerine",0.19175655,0.5869976,0.35300180315971375,1.7481739521026611
split_scaffold_heldout,drug_mean,"Myeloid cells, Vanoxerine",0.37190336,0.5778181,0.6287132501602173,1.61165452003479
split_scaffold_heldout,drug_mean,"B cells, SB525334",-0.13667704,0.74624056,-0.32041189074516296,2.0268492698669434
split_scaffold_heldout,drug_mean,"Myeloid cells, SB525334",-0.14794339,1.2900205,-0.21476194262504578,2.609076738357544
split_cell_scaffold_heldout,global_train_mean,"B cells, Tivozanib",0.37606376,0.7677874,0.6493427157402039,1.926275372505188
split_cell_scaffold_heldout,global_train_mean,"B cells, IN1451",0.2238598,1.5841731,0.32696402072906494,2.665811777114868
split_cell_scaffold_heldout,global_train_mean,"B cells, BAY 87-2243",0.435357,0.9433016,0.6628590822219849,2.1384437084198
split_cell_scaffold_heldout,global_train_mean,"B cells, AMD-070 (hydrochloride)",0.21150689,0.64612275,0.4196052551269531,1.8048797845840454
split_cell_scaffold_heldout,global_train_mean,"B cells, Idelalisib",0.4416473,0.9592959,0.6749619245529175,2.1474971771240234
split_cell_scaffold_heldout,global_train_mean,"B cells, Riociguat",0.051274057,0.59859246,0.11366453021764755,1.8043304681777954
split_cell_scaffold_heldout,global_train_mean,"B cells, Crizotinib",0.39549172,0.87359625,0.6280440092086792,2.0909359455108643
split_cell_scaffold_heldout,global_train_mean,"B cells, Masitinib",0.27856585,0.69335854,0.45278969407081604,1.786695957183838
split_cell_scaffold_heldout,global_train_mean,"B cells, Ricolinostat",0.22073014,0.78131294,0.4277854561805725,1.933933973312378
split_cell_scaffold_heldout,global_train_mean,"B cells, RG7090",0.07334394,0.6300751,0.21749991178512573,1.7653988599777222
split_cell_scaffold_heldout,global_train_mean,"B cells, AVL-292",0.4680403,0.9568995,0.6828970313072205,2.10339093208313
split_cell_scaffold_heldout,global_train_mean,"B cells, RVX-208",0.28542474,0.7330491,0.4667305052280426,1.8666775226593018
split_cell_scaffold_heldout,global_train_mean,"B cells, Desloratadine",0.08436363,0.5945477,0.049547962844371796,1.700407862663269
split_cell_scaffold_heldout,global_train_mean,"B cells, Amiodarone",0.057535686,0.57466435,0.06815383583307266,1.6641851663589478
split_cell_scaffold_heldout,global_train_mean,"B cells, Cabozantinib",0.046075575,0.7409107,0.17648521065711975,1.926623821258545
split_cell_scaffold_heldout,global_train_mean,"B cells, Defactinib",0.2667866,0.7218096,0.5157046318054199,1.798526406288147
split_cell_scaffold_heldout,global_train_mean,"B cells, Nilotinib",0.46886396,0.86230916,0.7324429154396057,2.0044233798980713
split_cell_scaffold_heldout,global_train_mean,"B cells, Saracatinib",0.49492398,1.0260946,0.7022057771682739,2.209482431411743
split_cell_scaffold_heldout,global_train_mean,"B cells, Lamivudine",0.21154435,0.6203335,0.42877423763275146,1.7220394611358643
split_cell_scaffold_heldout,global_train_mean,"B cells, TPCA-1",0.51674575,1.0976579,0.7097569108009338,2.2136666774749756
split_cell_scaffold_heldout,global_train_mean,"B cells, GSK-1070916",0.2650068,0.6042594,0.49466294050216675,1.6574642658233643
split_cell_scaffold_heldout,global_train_mean,"B cells, GSK256066",0.22368649,0.8683912,0.4169052541255951,2.187566041946411
split_cell_scaffold_heldout,global_train_mean,"B cells, SCH-58261",-0.06812402,0.6137754,-0.12023692578077316,1.7763172388076782
split_cell_scaffold_heldout,global_train_mean,"B cells, Clotrimazole",0.07087736,0.62708783,0.07587768137454987,1.7997777462005615
split_cell_scaffold_heldout,global_train_mean,"B cells, Vanoxerine",0.13765396,0.6009109,0.2541474401950836,1.7854608297348022
split_cell_scaffold_heldout,global_train_mean,"B cells, SB525334",-0.13309662,0.74705625,-0.2990622818470001,2.023554563522339
split_cell_scaffold_heldout,cell_context_mean,"B cells, Tivozanib",0.37606376,0.7677874,0.6493427157402039,1.926275372505188
split_cell_scaffold_heldout,cell_context_mean,"B cells, IN1451",0.2238598,1.5841731,0.32696402072906494,2.665811777114868
split_cell_scaffold_heldout,cell_context_mean,"B cells, BAY 87-2243",0.435357,0.9433016,0.6628590822219849,2.1384437084198
split_cell_scaffold_heldout,cell_context_mean,"B cells, AMD-070 (hydrochloride)",0.21150689,0.64612275,0.4196052551269531,1.8048797845840454
split_cell_scaffold_heldout,cell_context_mean,"B cells, Idelalisib",0.4416473,0.9592959,0.6749619245529175,2.1474971771240234
split_cell_scaffold_heldout,cell_context_mean,"B cells, Riociguat",0.051274057,0.59859246,0.11366453021764755,1.8043304681777954
split_cell_scaffold_heldout,cell_context_mean,"B cells, Crizotinib",0.39549172,0.87359625,0.6280440092086792,2.0909359455108643
split_cell_scaffold_heldout,cell_context_mean,"B cells, Masitinib",0.27856585,0.69335854,0.45278969407081604,1.786695957183838
split_cell_scaffold_heldout,cell_context_mean,"B cells, Ricolinostat",0.22073014,0.78131294,0.4277854561805725,1.933933973312378
split_cell_scaffold_heldout,cell_context_mean,"B cells, RG7090",0.07334394,0.6300751,0.21749991178512573,1.7653988599777222
split_cell_scaffold_heldout,cell_context_mean,"B cells, AVL-292",0.4680403,0.9568995,0.6828970313072205,2.10339093208313
split_cell_scaffold_heldout,cell_context_mean,"B cells, RVX-208",0.28542474,0.7330491,0.4667305052280426,1.8666775226593018
split_cell_scaffold_heldout,cell_context_mean,"B cells, Desloratadine",0.08436363,0.5945477,0.049547962844371796,1.700407862663269
split_cell_scaffold_heldout,cell_context_mean,"B cells, Amiodarone",0.057535686,0.57466435,0.06815383583307266,1.6641851663589478
split_cell_scaffold_heldout,cell_context_mean,"B cells, Cabozantinib",0.046075575,0.7409107,0.17648521065711975,1.926623821258545
split_cell_scaffold_heldout,cell_context_mean,"B cells, Defactinib",0.2667866,0.7218096,0.5157046318054199,1.798526406288147
split_cell_scaffold_heldout,cell_context_mean,"B cells, Nilotinib",0.46886396,0.86230916,0.7324429154396057,2.0044233798980713
split_cell_scaffold_heldout,cell_context_mean,"B cells, Saracatinib",0.49492398,1.0260946,0.7022057771682739,2.209482431411743
split_cell_scaffold_heldout,cell_context_mean,"B cells, Lamivudine",0.21154435,0.6203335,0.42877423763275146,1.7220394611358643
split_cell_scaffold_heldout,cell_context_mean,"B cells, TPCA-1",0.51674575,1.0976579,0.7097569108009338,2.2136666774749756
split_cell_scaffold_heldout,cell_context_mean,"B cells, GSK-1070916",0.2650068,0.6042594,0.49466294050216675,1.6574642658233643
split_cell_scaffold_heldout,cell_context_mean,"B cells, GSK256066",0.22368649,0.8683912,0.4169052541255951,2.187566041946411
split_cell_scaffold_heldout,cell_context_mean,"B cells, SCH-58261",-0.06812402,0.6137754,-0.12023692578077316,1.7763172388076782
split_cell_scaffold_heldout,cell_context_mean,"B cells, Clotrimazole",0.07087736,0.62708783,0.07587768137454987,1.7997777462005615
split_cell_scaffold_heldout,cell_context_mean,"B cells, Vanoxerine",0.13765396,0.6009109,0.2541474401950836,1.7854608297348022
split_cell_scaffold_heldout,cell_context_mean,"B cells, SB525334",-0.13309662,0.74705625,-0.2990622818470001,2.023554563522339
split_cell_scaffold_heldout,drug_mean,"B cells, Tivozanib",0.37606376,0.7677874,0.6493427157402039,1.926275372505188
split_cell_scaffold_heldout,drug_mean,"B cells, IN1451",0.2238598,1.5841731,0.32696402072906494,2.665811777114868
split_cell_scaffold_heldout,drug_mean,"B cells, BAY 87-2243",0.435357,0.9433016,0.6628590822219849,2.1384437084198
split_cell_scaffold_heldout,drug_mean,"B cells, AMD-070 (hydrochloride)",0.21150689,0.64612275,0.4196052551269531,1.8048797845840454
split_cell_scaffold_heldout,drug_mean,"B cells, Idelalisib",0.4416473,0.9592959,0.6749619245529175,2.1474971771240234
split_cell_scaffold_heldout,drug_mean,"B cells, Riociguat",0.051274057,0.59859246,0.11366453021764755,1.8043304681777954
split_cell_scaffold_heldout,drug_mean,"B cells, Crizotinib",0.39549172,0.87359625,0.6280440092086792,2.0909359455108643
split_cell_scaffold_heldout,drug_mean,"B cells, Masitinib",0.27856585,0.69335854,0.45278969407081604,1.786695957183838
split_cell_scaffold_heldout,drug_mean,"B cells, Ricolinostat",0.22073014,0.78131294,0.4277854561805725,1.933933973312378
split_cell_scaffold_heldout,drug_mean,"B cells, RG7090",0.07334394,0.6300751,0.21749991178512573,1.7653988599777222
split_cell_scaffold_heldout,drug_mean,"B cells, AVL-292",0.4680403,0.9568995,0.6828970313072205,2.10339093208313
split_cell_scaffold_heldout,drug_mean,"B cells, RVX-208",0.28542474,0.7330491,0.4667305052280426,1.8666775226593018
split_cell_scaffold_heldout,drug_mean,"B cells, Desloratadine",0.08436363,0.5945477,0.049547962844371796,1.700407862663269
split_cell_scaffold_heldout,drug_mean,"B cells, Amiodarone",0.057535686,0.57466435,0.06815383583307266,1.6641851663589478
split_cell_scaffold_heldout,drug_mean,"B cells, Cabozantinib",0.046075575,0.7409107,0.17648521065711975,1.926623821258545
split_cell_scaffold_heldout,drug_mean,"B cells, Defactinib",0.2667866,0.7218096,0.5157046318054199,1.798526406288147
split_cell_scaffold_heldout,drug_mean,"B cells, Nilotinib",0.46886396,0.86230916,0.7324429154396057,2.0044233798980713
split_cell_scaffold_heldout,drug_mean,"B cells, Saracatinib",0.49492398,1.0260946,0.7022057771682739,2.209482431411743
split_cell_scaffold_heldout,drug_mean,"B cells, Lamivudine",0.21154435,0.6203335,0.42877423763275146,1.7220394611358643
split_cell_scaffold_heldout,drug_mean,"B cells, TPCA-1",0.51674575,1.0976579,0.7097569108009338,2.2136666774749756
split_cell_scaffold_heldout,drug_mean,"B cells, GSK-1070916",0.2650068,0.6042594,0.49466294050216675,1.6574642658233643
split_cell_scaffold_heldout,drug_mean,"B cells, GSK256066",0.22368649,0.8683912,0.4169052541255951,2.187566041946411
split_cell_scaffold_heldout,drug_mean,"B cells, SCH-58261",-0.06812402,0.6137754,-0.12023692578077316,1.7763172388076782
split_cell_scaffold_heldout,drug_mean,"B cells, Clotrimazole",0.07087736,0.62708783,0.07587768137454987,1.7997777462005615
split_cell_scaffold_heldout,drug_mean,"B cells, Vanoxerine",0.13765396,0.6009109,0.2541474401950836,1.7854608297348022
split_cell_scaffold_heldout,drug_mean,"B cells, SB525334",-0.13309662,0.74705625,-0.2990622818470001,2.023554563522339
