split,baseline,sample_id,rowwise_pearson,rmse,de_rowwise_pearson,de_rmse
split_random,global_train_mean,"B cells, Ganetespib (STA-9090)",0.47350734,1.6160914,0.6072809100151062,2.703869581222534
split_random,global_train_mean,"NK cells, Protriptyline",0.030863227,0.6420164,0.13215705752372742,1.778933048248291
split_random,global_train_mean,"T cells, Foretinib",0.5714224,0.7979242,0.7916772365570068,1.8903707265853882
split_random,global_train_mean,"Myeloid cells, GW843682X",0.14174694,0.7353217,0.30945831537246704,2.020287275314331
split_random,global_train_mean,"T cells, BMS-387032",0.40367147,1.2248456,0.5936134457588196,2.39764142036438
split_random,global_train_mean,"NK cells, Raloxifene",-0.04114482,0.8020289,-0.06588764488697052,2.0001840591430664
split_random,global_train_mean,"T cells, Raloxifene",-0.13605289,0.9189963,-0.19429463148117065,2.1049158573150635
split_random,global_train_mean,"B cells, Topotecan",0.12542182,0.8242143,0.26474252343177795,2.087937355041504
split_random,global_train_mean,"B cells, BAY 87-2243",0.5324466,0.919358,0.7463366389274597,2.088754415512085
split_random,global_train_mean,"T cells, Phenylbutazone",0.03278367,0.551246,-0.17781133949756622,1.8613898754119873
split_random,global_train_mean,"NK cells, K-02288",0.07902134,0.6368583,0.18657170236110687,1.7947269678115845
split_random,global_train_mean,"B cells, BMS-265246",-0.05037561,1.1496134,-0.059783052653074265,2.412825584411621
split_random,global_train_mean,"NK cells, Ruxolitinib",0.3110037,0.71226305,0.5192100405693054,1.7825324535369873
split_random,global_train_mean,"NK cells, AVL-292",0.2873054,0.6612202,0.4977562129497528,1.7956113815307617
split_random,global_train_mean,"Myeloid cells, Navitoclax",-0.271633,0.9385531,-0.42182159423828125,2.204988956451416
split_random,global_train_mean,"NK cells, Navitoclax",-0.047817085,0.74360526,-0.06676184386014938,1.9724828004837036
split_random,global_train_mean,"B cells, Methotrexate",-0.3301007,0.75607705,-0.5965308547019958,2.0021820068359375
split_random,global_train_mean,"T cells, Palbociclib",0.32408908,0.50971955,0.6642237901687622,1.5587196350097656
split_random,global_train_mean,"NK cells, BAY 61-3606",0.33651525,0.9980926,0.5460429191589355,2.1471009254455566
split_random,global_train_mean,"T cells, Desloratadine",0.14112465,0.53447527,0.3740391433238983,1.5605372190475464
split_random,global_train_mean,"B cells, Dactolisib",0.6330268,1.3665156,0.789612889289856,2.4718055725097656
split_random,global_train_mean,"NK cells, Isoniazid",0.09104799,0.6540779,0.18422111868858337,1.8197107315063477
split_random,global_train_mean,"Myeloid cells, Idelalisib",0.2443399,0.94986844,0.4321298599243164,2.0834903717041016
split_random,global_train_mean,"T cells, Idelalisib",0.51830316,0.82272524,0.7670754790306091,1.956969141960144
split_random,global_train_mean,"B cells, Penfluridol",-0.089195006,0.635404,-0.29325416684150696,1.8621439933776855
split_random,global_train_mean,"NK cells, Penfluridol",0.10862659,0.6917316,0.24670322239398956,1.7967846393585205
split_random,global_train_mean,"B cells, PD-0325901",0.4684857,0.75834256,0.7208292484283447,1.9398137331008911
split_random,global_train_mean,"B cells, LDN 193189",0.13519886,0.5766189,0.35565659403800964,1.6566609144210815
split_random,global_train_mean,"Myeloid cells, CHIR-99021",-0.0618886,1.2425157,-0.1026698648929596,2.4736223220825195
split_random,global_train_mean,"T cells, Defactinib",0.19520065,0.75306594,0.3950936794281006,2.036980390548706
split_random,global_train_mean,"NK cells, BI-D1870",0.046833396,0.72704744,0.20145338773727417,1.8068844079971313
split_random,global_train_mean,"NK cells, Resminostat",0.30446717,1.2989354,0.4622541666030884,2.4669737815856934
split_random,global_train_mean,"Myeloid cells, Crizotinib",0.4742187,0.9015267,0.68745356798172,2.093224287033081
split_random,global_train_mean,"NK cells, Nilotinib",0.3068603,0.7054356,0.5406843423843384,1.7864179611206055
split_random,global_train_mean,"NK cells, AT 7867",0.3337059,0.70203614,0.578568696975708,1.8086758852005005
split_random,global_train_mean,"NK cells, Pitavastatin Calcium",-0.12555474,1.4282751,-0.16012747585773468,2.7084500789642334
split_random,global_train_mean,"Myeloid cells, PRT-062607",0.53003776,1.3931879,0.6947407722473145,2.50111722946167
split_random,global_train_mean,"Myeloid cells, AZ628",0.32388666,0.94525963,0.52059406042099,2.1056365966796875
split_random,global_train_mean,"T cells, AZ628",0.6146922,0.6702654,0.8345889449119568,1.730918049812317
split_random,global_train_mean,"T cells, AZD-8330",0.6105246,0.69566035,0.8492388725280762,1.7189239263534546
split_random,global_train_mean,"B cells, Masitinib",0.3834971,0.66639495,0.5892090797424316,1.7247463464736938
split_random,global_train_mean,"T cells, Masitinib",0.28887862,0.5455396,0.7084367275238037,1.4518492221832275
split_random,global_train_mean,"NK cells, CGM-097",0.031055488,0.84946907,0.13402561843395233,2.0738821029663086
split_random,global_train_mean,"T cells, Nefazodone",0.3538303,0.45855963,0.657958447933197,1.4836492538452148
split_random,global_train_mean,"T cells, TPCA-1",0.6721935,1.0600189,0.8294823169708252,2.105503797531128
split_random,global_train_mean,"B cells, Ricolinostat",0.29126948,0.7633271,0.5317806005477905,1.900382161140442
split_random,global_train_mean,"T cells, Ricolinostat",0.25641724,0.8561358,0.4987737834453583,2.0307044982910156
split_random,global_train_mean,"NK cells, Clemastine",0.18181036,0.6511056,0.2624901235103607,1.7674866914749146
split_random,global_train_mean,"T cells, Clemastine",0.3548582,0.5115933,0.7272942066192627,1.4640957117080688
split_random,global_train_mean,"T cells, YK 4-279",-0.10190495,0.6510582,-0.2777324914932251,1.7947900295257568
split_random,global_train_mean,"NK cells, Buspirone",0.055307686,0.6202165,0.0330134853720665,1.794249415397644
split_random,global_train_mean,"NK cells, CEP-37440",0.25512487,0.6672129,0.42101728916168213,1.810164451599121
split_random,global_train_mean,"NK cells, Vandetanib",0.16456391,0.6513638,0.38520804047584534,1.8044209480285645
split_random,global_train_mean,"NK cells, Colforsin",0.082952954,0.6631158,0.0588112436234951,1.831701397895813
split_random,global_train_mean,"NK cells, ABT-199 (GDC-0199)",0.07380443,0.6598504,0.17496156692504883,1.8383680582046509
split_random,global_train_mean,"NK cells, Tipifarnib",0.27392098,0.6762241,0.49471813440322876,1.8094907999038696
split_random,global_train_mean,"T cells, PF-03814735",0.6028199,1.0617585,0.7859299182891846,2.160820245742798
split_random,global_train_mean,"NK cells, Prednisolone",0.3406933,0.8976143,0.5282472372055054,2.1314337253570557
split_random,global_train_mean,"Myeloid cells, RG7090",0.03258866,0.8653681,0.12756413221359253,2.0794897079467773
split_random,global_train_mean,"Myeloid cells, GLPG0634",0.41940305,0.8735882,0.7202813029289246,2.0117547512054443
split_random,global_train_mean,"T cells, GLPG0634",0.51928,0.7144491,0.7914556264877319,1.7629296779632568
split_random,global_train_mean,"T cells, Vanoxerine",0.20420024,0.5821614,0.45871493220329285,1.6732760667800903
split_random,global_train_mean,"NK cells, HYDROXYUREA",0.034242522,0.665496,0.0471772737801075,1.8004149198532104
split_random,global_train_mean,"B cells, TIE2 Kinase Inhibitor",0.12987757,0.5607074,0.21998310089111328,1.6436556577682495
split_random,global_train_mean,"Myeloid cells, TIE2 Kinase Inhibitor",0.012168422,0.671263,0.1655230075120926,1.8768566846847534
split_random,global_train_mean,"B cells, Ixabepilone",0.13314563,0.57736844,0.2708236873149872,1.8164454698562622
split_random,global_train_mean,"B cells, Protriptyline",0.00049876084,0.59394693,0.01816825196146965,1.734873652458191
split_random,global_train_mean,"Myeloid cells, Protriptyline",0.050706767,0.5602436,0.03612735494971275,1.7161482572555542
split_random,global_train_mean,"Myeloid cells, K-02288",0.040857896,0.99047107,0.16025973856449127,2.274458169937134
split_random,global_train_mean,"B cells, Vorinostat",0.36575067,1.5828288,0.5045925974845886,2.6540687084198
split_random,global_train_mean,"B cells, Ruxolitinib",0.52068627,0.8940167,0.7544137835502625,2.0233638286590576
split_random,global_train_mean,"B cells, AVL-292",0.58519053,0.92764777,0.7860037684440613,2.042163133621216
split_random,global_train_mean,"B cells, Sgc-cbp30",0.2465643,0.6509688,0.5551179647445679,1.7328858375549316
split_random,global_train_mean,"Myeloid cells, BAY 61-3606",0.43557015,1.8629676,0.5645359754562378,2.8677451610565186
split_random,global_train_mean,"Myeloid cells, LY2090314",0.20305178,2.1183555,0.2843787372112274,3.068729877471924
split_random,global_train_mean,"Myeloid cells, Dasatinib",0.5236079,1.4802349,0.6868836283683777,2.5354979038238525
split_random,global_train_mean,"B cells, AT13387",0.46534684,1.565316,0.6056745052337646,2.688410758972168
split_random,global_train_mean,"B cells, Flutamide",0.080656245,0.5883295,0.12444952875375748,1.7869771718978882
split_random,global_train_mean,"B cells, Desloratadine",0.12860231,0.5821966,0.1285100132226944,1.680254578590393
split_random,global_train_mean,"B cells, IKK Inhibitor VII",0.56098384,0.9477675,0.7563726902008057,2.038435220718384
split_random,global_train_mean,"Myeloid cells, IKK Inhibitor VII",0.39927837,1.4886887,0.5723102688789368,2.674832582473755
split_random,global_train_mean,"Myeloid cells, Amiodarone",0.07229943,0.6402722,0.17423094809055328,1.8401943445205688
split_random,global_train_mean,"Myeloid cells, IMD-0354",0.44934234,1.5160177,0.6094094514846802,2.6193583011627197
split_random,global_train_mean,"Myeloid cells, Decitabine",0.25829056,0.5119831,0.4603342115879059,1.6433117389678955
split_random,global_train_mean,"B cells, AZD3514",0.31895986,0.6903671,0.5172682404518127,1.82840096950531
split_random,global_train_mean,"Myeloid cells, HMN-214",0.16015844,0.8439226,0.2413599044084549,2.0221688747406006
split_random,global_train_mean,"B cells, CC-401",0.4942807,0.7039787,0.7435115575790405,1.7795758247375488
split_random,global_train_mean,"Myeloid cells, CC-401",0.43650538,0.88312167,0.6490434408187866,2.0046708583831787
split_random,global_train_mean,"B cells, OSI-930",0.05754119,0.5830897,0.1131930872797966,1.7146202325820923
split_random,global_train_mean,"Myeloid cells, SLx-2119",0.09231775,0.63589424,0.04107494652271271,2.033806085586548
split_random,global_train_mean,"B cells, Nefazodone",0.20559092,0.5855315,0.36317846179008484,1.772068738937378
split_random,global_train_mean,"Myeloid cells, GSK-1070916",0.16542432,0.78642845,0.38655486702919006,1.9102301597595215
split_random,global_train_mean,"B cells, Bosutinib",0.54683834,1.134368,0.7255566120147705,2.2667531967163086
split_random,global_train_mean,"B cells, Buspirone",0.023569424,0.60135204,-0.038530681282281876,1.866225242614746
split_random,global_train_mean,"Myeloid cells, Buspirone",0.17920282,0.5504214,0.3669286370277405,1.6013617515563965
split_random,global_train_mean,"B cells, Vandetanib",0.41409335,0.6606874,0.6767194271087646,1.7776665687561035
split_random,global_train_mean,"B cells, Imatinib",0.13871503,0.5585364,0.27120667695999146,1.7303149700164795
split_random,global_train_mean,"B cells, Tosedostat",0.14481893,0.6608427,0.308219850063324,1.7936158180236816
split_random,global_train_mean,"Myeloid cells, Tosedostat",0.38501513,0.9633972,0.5609890818595886,2.127504348754883
split_random,global_train_mean,"Myeloid cells, AZD4547",0.24427068,0.6526735,0.48921602964401245,1.831239104270935
split_random,cell_context_mean,"B cells, Ganetespib (STA-9090)",0.513643,1.5730994,0.6469046473503113,2.6187689304351807
split_random,cell_context_mean,"NK cells, Protriptyline",0.18495435,0.6030829,0.40113574266433716,1.7151811122894287
split_random,cell_context_mean,"T cells, Foretinib",0.62216926,0.7486014,0.8182424306869507,1.7426401376724243
split_random,cell_context_mean,"Myeloid cells, GW843682X",0.27637103,0.7232725,0.47520577907562256,1.8804751634597778
split_random,cell_context_mean,"T cells, BMS-387032",0.36364734,1.2204734,0.5356360077857971,2.3655948638916016
split_random,cell_context_mean,"NK cells, Raloxifene",0.11751201,0.76242536,0.20594210922718048,1.9364560842514038
split_random,cell_context_mean,"T cells, Raloxifene",0.018530067,0.9125122,0.10343387722969055,2.0391409397125244
split_random,cell_context_mean,"B cells, Topotecan",0.23505579,0.8078748,0.43539705872535706,1.990499496459961
split_random,cell_context_mean,"B cells, BAY 87-2243",0.6091021,0.8651032,0.7940723299980164,1.9317731857299805
split_random,cell_context_mean,"T cells, Phenylbutazone",0.109371364,0.5743306,-0.1393337994813919,1.9709604978561401
split_random,cell_context_mean,"NK cells, K-02288",0.20304532,0.60486037,0.4485742151737213,1.7264949083328247
split_random,cell_context_mean,"B cells, BMS-265246",-0.036278732,1.1710194,-0.044466301798820496,2.4301233291625977
split_random,cell_context_mean,"NK cells, Ruxolitinib",0.40821183,0.68959767,0.6544110178947449,1.739963173866272
split_random,cell_context_mean,"NK cells, AVL-292",0.3702726,0.64114374,0.6545456647872925,1.747992753982544
split_random,cell_context_mean,"Myeloid cells, Navitoclax",-0.2765559,1.0151283,-0.44239017367362976,2.3188633918762207
split_random,cell_context_mean,"NK cells, Navitoclax",0.035452046,0.71980137,0.07441864907741547,1.9402437210083008
split_random,cell_context_mean,"B cells, Methotrexate",-0.24960221,0.7902616,-0.49536213278770447,2.0487477779388428
split_random,cell_context_mean,"T cells, Palbociclib",0.3537045,0.52008504,0.673376202583313,1.4692015647888184
split_random,cell_context_mean,"NK cells, BAY 61-3606",0.419704,0.9810269,0.6567948460578918,2.118474245071411
split_random,cell_context_mean,"T cells, Desloratadine",0.2390768,0.5411595,0.47726741433143616,1.4619957208633423
split_random,cell_context_mean,"B cells, Dactolisib",0.65012205,1.3160512,0.7850726842880249,2.371556520462036
split_random,cell_context_mean,"NK cells, Isoniazid",0.17307702,0.6315966,0.352417916059494,1.7794197797775269
split_random,cell_context_mean,"Myeloid cells, Idelalisib",0.39596894,0.89956415,0.6149731874465942,1.92252779006958
split_random,cell_context_mean,"T cells, Idelalisib",0.5625037,0.78295213,0.7805125117301941,1.8130645751953125
split_random,cell_context_mean,"B cells, Penfluridol",-0.043141365,0.66709113,-0.16761519014835358,1.8771673440933228
split_random,cell_context_mean,"NK cells, Penfluridol",0.26202315,0.65374035,0.4850223958492279,1.7333444356918335
split_random,cell_context_mean,"B cells, PD-0325901",0.5863956,0.700635,0.8100663423538208,1.7485836744308472
split_random,cell_context_mean,"B cells, LDN 193189",0.1879758,0.59105694,0.39970871806144714,1.611754059791565
split_random,cell_context_mean,"Myeloid cells, CHIR-99021",-0.044095095,1.2773726,-0.07135453820228577,2.5029358863830566
split_random,cell_context_mean,"T cells, Defactinib",0.27904785,0.74160254,0.4933217167854309,1.948949933052063
split_random,cell_context_mean,"NK cells, BI-D1870",0.19435492,0.6903394,0.4247220456600189,1.744063377380371
split_random,cell_context_mean,"NK cells, Resminostat",0.23066911,1.3181182,0.3725934624671936,2.503380298614502
split_random,cell_context_mean,"Myeloid cells, Crizotinib",0.57561827,0.8323802,0.790431797504425,1.8740462064743042
split_random,cell_context_mean,"NK cells, Nilotinib",0.3463107,0.696208,0.5797131657600403,1.7695530652999878
split_random,cell_context_mean,"NK cells, AT 7867",0.4213422,0.6818951,0.684249997138977,1.7691890001296997
split_random,cell_context_mean,"NK cells, Pitavastatin Calcium",0.008458572,1.3943645,0.051181942224502563,2.654189109802246
split_random,cell_context_mean,"Myeloid cells, PRT-062607",0.70501447,1.2686206,0.8334846496582031,2.2670340538024902
split_random,cell_context_mean,"Myeloid cells, AZ628",0.4920053,0.87406814,0.720803439617157,1.8901703357696533
split_random,cell_context_mean,"T cells, AZ628",0.61257577,0.64152503,0.8310844302177429,1.6016204357147217
split_random,cell_context_mean,"T cells, AZD-8330",0.6538044,0.64799,0.8730179667472839,1.5280386209487915
split_random,cell_context_mean,"B cells, Masitinib",0.4982894,0.6248981,0.6981711387634277,1.560062289237976
split_random,cell_context_mean,"T cells, Masitinib",0.3941823,0.5305723,0.7742136716842651,1.2626112699508667
split_random,cell_context_mean,"NK cells, CGM-097",0.10979626,0.828148,0.26462239027023315,2.042520523071289
split_random,cell_context_mean,"T cells, Nefazodone",0.3367752,0.48754573,0.6272135376930237,1.4450552463531494
split_random,cell_context_mean,"T cells, TPCA-1",0.700914,0.99962544,0.8436335921287537,1.9647176265716553
split_random,cell_context_mean,"B cells, Ricolinostat",0.35554993,0.7465011,0.6043077707290649,1.8107930421829224
split_random,cell_context_mean,"T cells, Ricolinostat",0.33674023,0.83485776,0.5508151054382324,1.9425548315048218
split_random,cell_context_mean,"NK cells, Clemastine",0.24600358,0.6337141,0.4032931625843048,1.7273203134536743
split_random,cell_context_mean,"T cells, Clemastine",0.39423305,0.514481,0.7782168984413147,1.3421319723129272
split_random,cell_context_mean,"T cells, YK 4-279",-0.010591756,0.6740602,-0.16154898703098297,1.8321146965026855
split_random,cell_context_mean,"NK cells, Buspirone",0.15842684,0.5924572,0.30051857233047485,1.7390670776367188
split_random,cell_context_mean,"NK cells, CEP-37440",0.30679047,0.6539186,0.4767935872077942,1.7900724411010742
split_random,cell_context_mean,"NK cells, Vandetanib",0.2946069,0.61881036,0.6143277287483215,1.7312418222427368
split_random,cell_context_mean,"NK cells, Colforsin",0.14869736,0.6441084,0.23134221136569977,1.7931171655654907
split_random,cell_context_mean,"NK cells, ABT-199 (GDC-0199)",0.18730791,0.6302769,0.4075242578983307,1.7760190963745117
split_random,cell_context_mean,"NK cells, Tipifarnib",0.33078495,0.6621051,0.5714365243911743,1.7852730751037598
split_random,cell_context_mean,"T cells, PF-03814735",0.5821726,1.0296152,0.7648680210113525,2.0690526962280273
split_random,cell_context_mean,"NK cells, Prednisolone",0.38223246,0.8898156,0.5974235534667969,2.1135201454162598
split_random,cell_context_mean,"Myeloid cells, RG7090",0.15430382,0.8651459,0.28498461842536926,2.0156683921813965
split_random,cell_context_mean,"Myeloid cells, GLPG0634",0.54539835,0.805626,0.8176613450050354,1.7811760902404785
split_random,cell_context_mean,"T cells, GLPG0634",0.55957526,0.68022615,0.816646933555603,1.6137129068374634
split_random,cell_context_mean,"T cells, Vanoxerine",0.3038214,0.57649314,0.5591220259666443,1.5604008436203003
split_random,cell_context_mean,"NK cells, HYDROXYUREA",0.1493888,0.6352465,0.35515496134757996,1.7304115295410156
split_random,cell_context_mean,"B cells, TIE2 Kinase Inhibitor",0.17794535,0.5786819,0.29083389043807983,1.611280083656311
split_random,cell_context_mean,"Myeloid cells, TIE2 Kinase Inhibitor",0.08036944,0.7070541,0.3772306740283966,1.77931547164917
split_random,cell_context_mean,"B cells, Ixabepilone",0.20082785,0.5875978,0.37718212604522705,1.7719603776931763
split_random,cell_context_mean,"B cells, Protriptyline",0.084434815,0.6101893,0.25534072518348694,1.668161153793335
split_random,cell_context_mean,"Myeloid cells, Protriptyline",0.16941684,0.5868806,0.40519148111343384,1.5592230558395386
split_random,cell_context_mean,"Myeloid cells, K-02288",0.17225716,0.97900236,0.3949469327926636,2.1588051319122314
split_random,cell_context_mean,"B cells, Vorinostat",0.40596837,1.5506672,0.5403886437416077,2.5896317958831787
split_random,cell_context_mean,"B cells, Ruxolitinib",0.63818985,0.8260276,0.8194750547409058,1.8430455923080444
split_random,cell_context_mean,"B cells, AVL-292",0.6821176,0.858352,0.847423791885376,1.856726050376892
split_random,cell_context_mean,"B cells, Sgc-cbp30",0.3290663,0.63868517,0.6467862725257874,1.6228578090667725
split_random,cell_context_mean,"Myeloid cells, BAY 61-3606",0.49111322,1.8003234,0.6309767961502075,2.7558774948120117
split_random,cell_context_mean,"Myeloid cells, LY2090314",0.33269718,2.060072,0.43089407682418823,2.9746270179748535
split_random,cell_context_mean,"Myeloid cells, Dasatinib",0.5803015,1.4070647,0.7407332062721252,2.3969647884368896
split_random,cell_context_mean,"B cells, AT13387",0.52246886,1.5171368,0.6614939570426941,2.592782974243164
split_random,cell_context_mean,"B cells, Flutamide",0.1482541,0.60205257,0.35419711470603943,1.7101404666900635
split_random,cell_context_mean,"B cells, Desloratadine",0.17973506,0.5967157,0.27769172191619873,1.6245471239089966
split_random,cell_context_mean,"B cells, IKK Inhibitor VII",0.6555142,0.8820979,0.8258450031280518,1.8644516468048096
split_random,cell_context_mean,"Myeloid cells, IKK Inhibitor VII",0.5855312,1.3822211,0.7367982864379883,2.4736506938934326
split_random,cell_context_mean,"Myeloid cells, Amiodarone",0.16951631,0.6612064,0.3698345422744751,1.7286453247070312
split_random,cell_context_mean,"Myeloid cells, IMD-0354",0.5179554,1.449951,0.6611290574073792,2.492319107055664
split_random,cell_context_mean,"Myeloid cells, Decitabine",0.27036676,0.5517165,0.3525402545928955,1.6338491439819336
split_random,cell_context_mean,"B cells, AZD3514",0.32180876,0.69555813,0.49840912222862244,1.7945796251296997
split_random,cell_context_mean,"Myeloid cells, HMN-214",0.25895917,0.8341574,0.45863109827041626,1.9153908491134644
split_random,cell_context_mean,"B cells, CC-401",0.55348843,0.6680259,0.7675886154174805,1.6452544927597046
split_random,cell_context_mean,"Myeloid cells, CC-401",0.4185225,0.872962,0.6612676978111267,1.9201960563659668
split_random,cell_context_mean,"B cells, OSI-930",0.12683555,0.5993283,0.3608482778072357,1.6327807903289795
split_random,cell_context_mean,"Myeloid cells, SLx-2119",0.17733213,0.65870965,0.23284102976322174,1.9514137506484985
split_random,cell_context_mean,"B cells, Nefazodone",0.28086257,0.58469665,0.49613091349601746,1.6698296070098877
split_random,cell_context_mean,"Myeloid cells, GSK-1070916",0.15034792,0.8217898,0.34621554613113403,1.8873786926269531
split_random,cell_context_mean,"B cells, Bosutinib",0.6608257,1.0601095,0.8077784776687622,2.103773832321167
split_random,cell_context_mean,"B cells, Buspirone",0.12126415,0.61048305,0.21775378286838531,1.790489673614502
split_random,cell_context_mean,"Myeloid cells, Buspirone",0.16983703,0.6034311,0.36307448148727417,1.5729987621307373
split_random,cell_context_mean,"B cells, Vandetanib",0.48058018,0.63403726,0.7341687679290771,1.6262301206588745
split_random,cell_context_mean,"B cells, Imatinib",0.17712204,0.5781262,0.4230942726135254,1.6619164943695068
split_random,cell_context_mean,"B cells, Tosedostat",0.18829134,0.67145014,0.34523871541023254,1.7613890171051025
split_random,cell_context_mean,"Myeloid cells, Tosedostat",0.3972847,0.9453955,0.5750948786735535,2.0393781661987305
split_random,cell_context_mean,"Myeloid cells, AZD4547",0.29305127,0.6637844,0.5592691898345947,1.7198249101638794
split_random,drug_mean,"B cells, Ganetespib (STA-9090)",0.63122183,1.3457456,0.7573983669281006,1.9314779043197632
split_random,drug_mean,"NK cells, Protriptyline",0.06326467,0.7443324,0.14585845172405243,1.79779851436615
split_random,drug_mean,"T cells, Foretinib",0.49979663,0.8534882,0.7547361254692078,1.4978853464126587
split_random,drug_mean,"Myeloid cells, GW843682X",0.22453639,0.7536147,0.37131643295288086,1.9040610790252686
split_random,drug_mean,"T cells, BMS-387032",0.3487581,1.2771254,0.5307397842407227,2.1931064128875732
split_random,drug_mean,"NK cells, Raloxifene",0.08735566,0.92021435,0.1993774175643921,1.9465473890304565
split_random,drug_mean,"T cells, Raloxifene",0.17628784,0.95252204,0.3523120880126953,1.9129637479782104
split_random,drug_mean,"B cells, Topotecan",0.46634066,0.8633221,0.6910397410392761,1.571790099143982
split_random,drug_mean,"B cells, BAY 87-2243",0.42791098,1.0503206,0.6122996211051941,1.845948576927185
split_random,drug_mean,"T cells, Phenylbutazone",0.17227483,0.56881297,0.3829660415649414,1.5982306003570557
split_random,drug_mean,"NK cells, K-02288",0.04122,0.73883414,-0.020174583420157433,1.8668055534362793
split_random,drug_mean,"B cells, BMS-265246",0.5895042,0.9796289,0.7769786715507507,1.515743613243103
split_random,drug_mean,"NK cells, Ruxolitinib",0.23958647,1.1071817,0.4546642601490021,1.745692253112793
split_random,drug_mean,"NK cells, AVL-292",0.21580462,0.8621394,0.402975469827652,1.7785396575927734
split_random,drug_mean,"Myeloid cells, Navitoclax",0.27907133,0.86659473,0.4551168382167816,1.852987289428711
split_random,drug_mean,"NK cells, Navitoclax",0.16173261,0.8060482,0.2999095320701599,1.855715036392212
split_random,drug_mean,"B cells, Methotrexate",0.24873209,0.69287676,0.49242475628852844,1.5715562105178833
split_random,drug_mean,"T cells, Palbociclib",0.28743666,0.58291477,0.6070923209190369,1.5247398614883423
split_random,drug_mean,"NK cells, BAY 61-3606",0.50789183,1.2688634,0.746344268321991,1.5524941682815552
split_random,drug_mean,"T cells, Desloratadine",0.18793656,0.6183755,0.423702597618103,1.4945145845413208
split_random,drug_mean,"B cells, Dactolisib",0.6661252,1.1654794,0.8099353313446045,1.6071385145187378
split_random,drug_mean,"NK cells, Isoniazid",0.06593344,0.6981109,0.18045231699943542,1.8175263404846191
split_random,drug_mean,"Myeloid cells, Idelalisib",0.21193135,1.0695233,0.37526485323905945,2.0411276817321777
split_random,drug_mean,"T cells, Idelalisib",0.45043734,0.864067,0.7078736424446106,1.670736312866211
split_random,drug_mean,"B cells, Penfluridol",0.12094907,0.6853994,0.27572545409202576,1.7205688953399658
split_random,drug_mean,"NK cells, Penfluridol",0.13088983,0.7656456,0.269458144903183,1.7833971977233887
split_random,drug_mean,"B cells, PD-0325901",0.34996003,0.88625395,0.6458854079246521,1.711015224456787
split_random,drug_mean,"B cells, LDN 193189",0.18925105,0.6421089,0.39941462874412537,1.6168807744979858
split_random,drug_mean,"Myeloid cells, CHIR-99021",0.4073743,1.1298876,0.5736384391784668,2.04258394241333
split_random,drug_mean,"T cells, Defactinib",0.3897715,0.7504671,0.6805862188339233,1.659483551979065
split_random,drug_mean,"NK cells, BI-D1870",0.12350713,0.78145117,0.18696703016757965,1.8065980672836304
split_random,drug_mean,"NK cells, Resminostat",0.64092314,1.2935343,0.8213843107223511,1.4655698537826538
split_random,drug_mean,"Myeloid cells, Crizotinib",0.35229474,0.96608365,0.5271682739257812,2.0067596435546875
split_random,drug_mean,"NK cells, Nilotinib",0.25654268,0.9129464,0.4682285189628601,1.7365789413452148
split_random,drug_mean,"NK cells, AT 7867",0.22261205,0.89097303,0.45419788360595703,1.7575676441192627
split_random,drug_mean,"NK cells, Pitavastatin Calcium",0.52662617,1.3020872,0.7109620571136475,1.8555885553359985
split_random,drug_mean,"Myeloid cells, PRT-062607",0.37537274,1.4111686,0.5228636264801025,2.359236001968384
split_random,drug_mean,"Myeloid cells, AZ628",0.2202439,1.069429,0.3984203040599823,2.072913885116577
split_random,drug_mean,"T cells, AZ628",0.46143287,0.76227516,0.7307199835777283,1.484062671661377
split_random,drug_mean,"T cells, AZD-8330",0.37638748,0.8171699,0.6727192997932434,1.6322044134140015
split_random,drug_mean,"B cells, Masitinib",0.1554315,0.8199779,0.2007700800895691,1.8534226417541504
split_random,drug_mean,"T cells, Masitinib",0.23721191,0.6720775,0.6282312273979187,1.388440728187561
split_random,drug_mean,"NK cells, CGM-097",0.42885765,0.9662461,0.6660716533660889,1.5690944194793701
split_random,drug_mean,"T cells, Nefazodone",0.17555343,0.5954572,0.29420456290245056,1.5713709592819214
split_random,drug_mean,"T cells, TPCA-1",0.5793732,0.9962458,0.7809752225875854,1.630765676498413
split_random,drug_mean,"B cells, Ricolinostat",0.33949158,0.8946598,0.5436201691627502,1.6451650857925415
split_random,drug_mean,"T cells, Ricolinostat",0.4534699,0.8669097,0.6716850399971008,1.5980644226074219
split_random,drug_mean,"NK cells, Clemastine",0.12994868,0.7809674,0.19852985441684723,1.7789280414581299
split_random,drug_mean,"T cells, Clemastine",0.2910789,0.63763577,0.6463979482650757,1.355317234992981
split_random,drug_mean,"T cells, YK 4-279",0.2890811,0.5981377,0.5538785457611084,1.4472739696502686
split_random,drug_mean,"NK cells, Buspirone",0.055976596,0.73478943,-0.015937672927975655,1.852293610572815
split_random,drug_mean,"NK cells, CEP-37440",0.23315161,0.7569657,0.39111268520355225,1.7362297773361206
split_random,drug_mean,"NK cells, Vandetanib",0.04234521,0.7938473,0.025623083114624023,1.9216831922531128
split_random,drug_mean,"NK cells, Colforsin",0.113152385,0.7068342,0.19183886051177979,1.7926396131515503
split_random,drug_mean,"NK cells, ABT-199 (GDC-0199)",0.048640482,0.76002073,0.1608850359916687,1.8609801530838013
split_random,drug_mean,"NK cells, Tipifarnib",0.2362086,0.7706475,0.3912665843963623,1.7742539644241333
split_random,drug_mean,"T cells, PF-03814735",0.6056426,1.0054117,0.8073300123214722,1.4988045692443848
split_random,drug_mean,"NK cells, Prednisolone",0.40829715,1.097674,0.6362525820732117,1.7605981826782227
split_random,drug_mean,"Myeloid cells, RG7090",0.28401238,0.83475006,0.48382943868637085,1.8697248697280884
split_random,drug_mean,"Myeloid cells, GLPG0634",0.26204535,0.99526036,0.5149332284927368,1.9579578638076782
split_random,drug_mean,"T cells, GLPG0634",0.4643797,0.7651001,0.7443018555641174,1.4677913188934326
split_random,drug_mean,"T cells, Vanoxerine",0.2245208,0.62318426,0.5149338841438293,1.5938856601715088
split_random,drug_mean,"NK cells, HYDROXYUREA",0.0699017,0.70016867,0.1282469481229782,1.7999107837677002
split_random,drug_mean,"B cells, TIE2 Kinase Inhibitor",0.15675107,0.6334202,0.3587494194507599,1.5841459035873413
split_random,drug_mean,"Myeloid cells, TIE2 Kinase Inhibitor",0.17086367,0.6986861,0.31243494153022766,1.8134678602218628
split_random,drug_mean,"B cells, Ixabepilone",0.15680921,0.6270482,0.3733740448951721,1.7235233783721924
split_random,drug_mean,"B cells, Protriptyline",0.11131185,0.6805064,0.25373584032058716,1.6836717128753662
split_random,drug_mean,"Myeloid cells, Protriptyline",0.14266832,0.65295094,0.29342079162597656,1.62473726272583
split_random,drug_mean,"Myeloid cells, K-02288",0.07474105,1.0369449,0.15006813406944275,2.2745132446289062
split_random,drug_mean,"B cells, Vorinostat",0.6959447,1.2244636,0.8244208097457886,1.6000508069992065
split_random,drug_mean,"B cells, Ruxolitinib",0.4484521,1.0553877,0.7016854882240295,1.678173303604126
split_random,drug_mean,"B cells, AVL-292",0.37096348,1.0193838,0.5834490656852722,1.9635950326919556
split_random,drug_mean,"B cells, Sgc-cbp30",0.29125923,0.73700136,0.5753818154335022,1.5934504270553589
split_random,drug_mean,"Myeloid cells, BAY 61-3606",0.4698044,1.7957746,0.5873830318450928,2.436189651489258
split_random,drug_mean,"Myeloid cells, LY2090314",0.20696281,2.2852674,0.2569352090358734,3.080972194671631
split_random,drug_mean,"Myeloid cells, Dasatinib",0.45920178,1.4136819,0.6103200316429138,2.267838954925537
split_random,drug_mean,"B cells, AT13387",0.6012987,1.3425392,0.741999626159668,1.9977229833602905
split_random,drug_mean,"B cells, Flutamide",0.11430805,0.6328253,0.2758421003818512,1.7431553602218628
split_random,drug_mean,"B cells, Desloratadine",0.12754081,0.676112,0.23282036185264587,1.6564579010009766
split_random,drug_mean,"B cells, IKK Inhibitor VII",0.44063902,0.9818498,0.6474619507789612,1.829105257987976
split_random,drug_mean,"Myeloid cells, IKK Inhibitor VII",0.2637396,1.5403268,0.4192480444908142,2.610189914703369
split_random,drug_mean,"Myeloid cells, Amiodarone",0.1335382,0.6729025,0.21797536313533783,1.81987464427948
split_random,drug_mean,"Myeloid cells, IMD-0354",0.47473675,1.4487293,0.617265522480011,2.214914083480835
split_random,drug_mean,"Myeloid cells, Decitabine",0.11889709,0.58422583,0.2466990202665329,1.6988285779953003
split_random,drug_mean,"B cells, AZD3514",0.41895935,0.70443696,0.6382769346237183,1.552449107170105
split_random,drug_mean,"Myeloid cells, HMN-214",0.41016343,0.78064275,0.6535026431083679,1.679711937904358
split_random,drug_mean,"B cells, CC-401",0.39743653,0.78576696,0.6672537326812744,1.5846554040908813
split_random,drug_mean,"Myeloid cells, CC-401",0.3928437,0.9150429,0.5944308638572693,1.8259044885635376
split_random,drug_mean,"B cells, OSI-930",0.16275278,0.61874795,0.3470146059989929,1.622687816619873
split_random,drug_mean,"Myeloid cells, SLx-2119",0.16994293,0.6908318,0.3845204710960388,1.8126410245895386
split_random,drug_mean,"B cells, Nefazodone",0.07340656,0.7072881,0.04952426254749298,1.8770567178726196
split_random,drug_mean,"Myeloid cells, GSK-1070916",0.28434068,0.7807524,0.4907541275024414,1.7806371450424194
split_random,drug_mean,"B cells, Bosutinib",0.5218792,1.0961651,0.7025136947631836,1.8298923969268799
split_random,drug_mean,"B cells, Buspirone",0.073105335,0.7071738,0.10790811479091644,1.8491466045379639
split_random,drug_mean,"Myeloid cells, Buspirone",0.113279894,0.679834,0.15462146699428558,1.6569169759750366
split_random,drug_mean,"B cells, Vandetanib",0.1271761,0.8192132,0.23492267727851868,1.9522814750671387
split_random,drug_mean,"B cells, Imatinib",0.09523166,0.6103726,0.19085970520973206,1.7472925186157227
split_random,drug_mean,"B cells, Tosedostat",0.22877009,0.79257536,0.4220682382583618,1.6702966690063477
split_random,drug_mean,"Myeloid cells, Tosedostat",0.34893996,1.0000445,0.5489355325698853,1.9632519483566284
split_random,drug_mean,"Myeloid cells, AZD4547",0.15893158,0.7051963,0.42917099595069885,1.8158960342407227
split_cell_heldout,global_train_mean,"NK cells, TIE2 Kinase Inhibitor",0.061186764,0.6426536,0.061438702046871185,1.7972984313964844
split_cell_heldout,global_train_mean,"NK cells, MK-5108",0.015189168,0.7082144,0.05955035611987114,1.8818506002426147
split_cell_heldout,global_train_mean,"NK cells, Lapatinib",-0.14703201,0.773828,-0.3178473711013794,1.9709662199020386
split_cell_heldout,global_train_mean,"NK cells, Atorvastatin",0.07647248,0.68121356,0.1009325385093689,1.7639394998550415
split_cell_heldout,global_train_mean,"NK cells, Ganetespib (STA-9090)",0.36369962,1.0744603,0.5633083581924438,2.238921880722046
split_cell_heldout,global_train_mean,"NK cells, Clomipramine",0.09601026,0.65153104,0.1760650873184204,1.7695375680923462
split_cell_heldout,global_train_mean,"NK cells, Sunitinib",0.12578842,0.6759228,0.18649831414222717,1.7670326232910156
split_cell_heldout,global_train_mean,"NK cells, Tivozanib",0.06593814,0.68754315,0.14193442463874817,1.820363163948059
split_cell_heldout,global_train_mean,"NK cells, Tamatinib",0.28870076,0.8292327,0.45734894275665283,1.8753669261932373
split_cell_heldout,global_train_mean,"NK cells, Ixabepilone",0.08478957,0.66889644,0.10989297926425934,1.8599393367767334
split_cell_heldout,global_train_mean,"NK cells, Linagliptin",0.07087968,0.66479623,0.08415580540895462,1.7841812372207642
split_cell_heldout,global_train_mean,"NK cells, 5-(9-Isopropyl-8-methyl-2-morpholino-9H-purin-6-yl)pyrimidin-2-amine",0.38251203,0.8410061,0.6160469651222229,1.9481146335601807
split_cell_heldout,global_train_mean,"NK cells, O-Demethylated Adapalene",0.03617214,0.68187726,-0.03267180174589157,1.841216802597046
split_cell_heldout,global_train_mean,"NK cells, Protriptyline",-0.010664707,0.6674401,0.01523473858833313,1.8036811351776123
split_cell_heldout,global_train_mean,"NK cells, I-BET151",0.18384689,1.0145347,0.30314695835113525,2.2588798999786377
split_cell_heldout,global_train_mean,"NK cells, Foretinib",0.28537202,0.74598014,0.490897536277771,1.8624444007873535
split_cell_heldout,global_train_mean,"NK cells, GW843682X",0.12012143,0.6656747,0.32345396280288696,1.8110904693603516
split_cell_heldout,global_train_mean,"NK cells, BMS-387032",0.18390642,0.8277728,0.37205758690834045,1.995897650718689
split_cell_heldout,global_train_mean,"NK cells, IN1451",0.24624452,1.2042323,0.37155845761299133,2.3454415798187256
split_cell_heldout,global_train_mean,"NK cells, Raloxifene",-0.0830306,0.8271823,-0.14817145466804504,2.0268049240112305
split_cell_heldout,global_train_mean,"NK cells, Topotecan",0.10352155,0.8137003,0.21198618412017822,2.0181543827056885
split_cell_heldout,global_train_mean,"NK cells, BAY 87-2243",0.34111413,0.8936323,0.5425374507904053,2.1127512454986572
split_cell_heldout,global_train_mean,"NK cells, Phenylbutazone",0.110276006,0.68537396,0.14710991084575653,1.8360874652862549
split_cell_heldout,global_train_mean,"NK cells, K-02288",0.038843114,0.6604374,0.047071389853954315,1.8203694820404053
split_cell_heldout,global_train_mean,"NK cells, BMS-777607",0.07879562,0.6759118,0.15485262870788574,1.7843432426452637
split_cell_heldout,global_train_mean,"NK cells, Porcn Inhibitor III",-0.11625739,0.8065086,-0.24681934714317322,2.0749576091766357
split_cell_heldout,global_train_mean,"NK cells, TL_HRAS26",0.03690824,0.65823084,0.00020845560356974602,1.8829293251037598
split_cell_heldout,global_train_mean,"NK cells, Proscillaridin A;Proscillaridin-A",-0.025194991,2.2831616,-0.028042716905474663,3.1982996463775635
split_cell_heldout,global_train_mean,"NK cells, Vorinostat",0.29632264,1.2035608,0.4812433421611786,2.380552291870117
split_cell_heldout,global_train_mean,"NK cells, BMS-265246",0.047100607,0.91045535,0.12275595963001251,2.1813483238220215
split_cell_heldout,global_train_mean,"NK cells, Ruxolitinib",0.24982761,0.73131675,0.437374085187912,1.8015879392623901
split_cell_heldout,global_train_mean,"NK cells, Pomalidomide",-0.10667159,0.9110673,-0.17468270659446716,2.250107526779175
split_cell_heldout,global_train_mean,"NK cells, Dovitinib",0.21895975,0.7334729,0.38725149631500244,1.8730202913284302
split_cell_heldout,global_train_mean,"NK cells, AVL-292",0.23668239,0.6793088,0.4153892695903778,1.8148021697998047
split_cell_heldout,global_train_mean,"NK cells, Navitoclax",-0.064338855,0.7634519,-0.09822283685207367,1.9874881505966187
split_cell_heldout,global_train_mean,"NK cells, Methotrexate",-0.18625513,0.73372316,-0.2867671251296997,1.987194538116455
split_cell_heldout,global_train_mean,"NK cells, Palbociclib",0.06376376,0.67561466,0.05136016011238098,1.807557463645935
split_cell_heldout,global_train_mean,"NK cells, Trametinib",0.17134282,0.71334124,0.3854061961174011,1.804442048072815
split_cell_heldout,global_train_mean,"NK cells, AMD-070 (hydrochloride)",-0.036404237,0.6800854,-0.07665696740150452,1.8615210056304932
split_cell_heldout,global_train_mean,"NK cells, Sgc-cbp30",0.2055833,0.68610114,0.38966575264930725,1.7782604694366455
split_cell_heldout,global_train_mean,"NK cells, FK 866",0.075932935,0.770414,0.23259779810905457,1.914591908454895
split_cell_heldout,global_train_mean,"NK cells, Chlorpheniramine",0.045302566,0.695164,0.10775226354598999,1.8838207721710205
split_cell_heldout,global_train_mean,"NK cells, Scriptaid",0.3160947,1.2917849,0.48033204674720764,2.4751648902893066
split_cell_heldout,global_train_mean,"NK cells, BAY 61-3606",0.27374223,1.012496,0.46735385060310364,2.1605308055877686
split_cell_heldout,global_train_mean,"NK cells, LY2090314",0.05691125,1.2427351,0.11117763817310333,2.558814764022827
split_cell_heldout,global_train_mean,"NK cells, Vardenafil",0.0981914,0.6774038,0.1804891973733902,1.8381035327911377
split_cell_heldout,global_train_mean,"NK cells, Dasatinib",0.20955525,0.76057786,0.3607957661151886,1.8625776767730713
split_cell_heldout,global_train_mean,"NK cells, AT13387",0.35638517,1.0485358,0.5325750708580017,2.214829206466675
split_cell_heldout,global_train_mean,"NK cells, PF-04691502",0.26251912,0.7651844,0.5301260948181152,1.8030121326446533
split_cell_heldout,global_train_mean,"NK cells, Perhexiline",0.3226903,0.7640072,0.5232082605361938,1.8056663274765015
split_cell_heldout,global_train_mean,"NK cells, RVX-208",0.091884054,0.7193009,0.06686905026435852,1.9090238809585571
split_cell_heldout,global_train_mean,"NK cells, Ketoconazole",-0.13688196,0.9677419,-0.28039222955703735,2.3092474937438965
split_cell_heldout,global_train_mean,"NK cells, Disulfiram",0.06457364,0.6648417,0.005564204882830381,1.867786169052124
split_cell_heldout,global_train_mean,"NK cells, Flutamide",0.0890371,0.70401496,0.2713143229484558,1.7894110679626465
split_cell_heldout,global_train_mean,"NK cells, Desloratadine",0.019091064,0.6874752,-0.06941744685173035,1.8462443351745605
split_cell_heldout,global_train_mean,"NK cells, Dactolisib",0.4354508,0.9644901,0.6505618095397949,2.1463849544525146
split_cell_heldout,global_train_mean,"NK cells, BMS-536924",0.26674202,0.7291572,0.4669375717639923,1.7968981266021729
split_cell_heldout,global_train_mean,"NK cells, IKK Inhibitor VII",0.2696281,0.73109746,0.45372751355171204,1.8367013931274414
split_cell_heldout,global_train_mean,"NK cells, Amiodarone",0.13405392,0.6735859,0.2143601030111313,1.802679419517517
split_cell_heldout,global_train_mean,"NK cells, Isoniazid",0.059129648,0.6747114,0.10734028369188309,1.836621642112732
split_cell_heldout,global_train_mean,"NK cells, IMD-0354",0.33244282,0.9015338,0.5773334503173828,2.0609853267669678
split_cell_heldout,global_train_mean,"NK cells, Canertinib",0.049805094,0.72502023,0.0866611897945404,1.964007019996643
split_cell_heldout,global_train_mean,"NK cells, Idelalisib",0.12912716,0.72225,0.2950643301010132,1.852514386177063
split_cell_heldout,global_train_mean,"NK cells, Alogliptin",-0.061334353,0.6823243,-0.20356997847557068,1.9069039821624756
split_cell_heldout,global_train_mean,"NK cells, Penfluridol",0.05423158,0.71684074,0.128518208861351,1.821790099143982
split_cell_heldout,global_train_mean,"NK cells, Quizartinib",0.009108683,0.686296,0.03252631053328514,1.866061806678772
split_cell_heldout,global_train_mean,"NK cells, RN-486",-0.08148339,0.74008334,-0.20140694081783295,1.950370192527771
split_cell_heldout,global_train_mean,"NK cells, PD-0325901",0.22713697,0.7733748,0.41334962844848633,1.9174638986587524
split_cell_heldout,global_train_mean,"NK cells, Decitabine",0.033133127,0.6675653,0.02883366495370865,1.7767244577407837
split_cell_heldout,global_train_mean,"NK cells, LDN 193189",-0.06210193,0.73126566,-0.23387590050697327,1.9349336624145508
split_cell_heldout,global_train_mean,"NK cells, Cabozantinib",0.002860075,0.71103334,0.06104038655757904,1.830500841140747
split_cell_heldout,global_train_mean,"NK cells, Riociguat",0.06753074,0.6890508,0.1621423214673996,1.834964632987976
split_cell_heldout,global_train_mean,"NK cells, CHIR-99021",-0.053698525,0.7865053,-0.13712984323501587,1.9971071481704712
split_cell_heldout,global_train_mean,"NK cells, Defactinib",0.09837328,0.6884737,0.2706940472126007,1.8385668992996216
split_cell_heldout,global_train_mean,"NK cells, BI-D1870",-0.0051166415,0.7529527,0.08308476209640503,1.8340896368026733
split_cell_heldout,global_train_mean,"NK cells, AZD3514",0.11244472,0.69274604,0.23179206252098083,1.817420482635498
split_cell_heldout,global_train_mean,"NK cells, HMN-214",-0.013137998,0.73715496,-0.01687915250658989,1.853747844696045
split_cell_heldout,global_train_mean,"NK cells, CC-401",0.21648124,0.6986501,0.3963223695755005,1.8073076009750366
split_cell_heldout,global_train_mean,"NK cells, Resminostat",0.28400618,1.3000737,0.43178072571754456,2.460207939147949
split_cell_heldout,global_train_mean,"NK cells, Crizotinib",0.2697734,0.7002376,0.4737232029438019,1.745237946510315
split_cell_heldout,global_train_mean,"NK cells, Azacitidine",0.11262549,0.6647627,0.1371423453092575,1.8314635753631592
split_cell_heldout,global_train_mean,"NK cells, TR-14035",0.18478152,0.62733394,0.28304311633110046,1.8250285387039185
split_cell_heldout,global_train_mean,"NK cells, Nilotinib",0.26368096,0.7196474,0.48850536346435547,1.7946311235427856
split_cell_heldout,global_train_mean,"NK cells, AT 7867",0.2661034,0.72222686,0.47811272740364075,1.8321104049682617
split_cell_heldout,global_train_mean,"NK cells, OSI-930",-0.12577458,0.74337107,-0.32351288199424744,1.9489541053771973
split_cell_heldout,global_train_mean,"NK cells, GO-6976",-0.09816896,0.8443178,-0.1741347461938858,2.016310691833496
split_cell_heldout,global_train_mean,"NK cells, Saracatinib",0.231634,0.73535705,0.3627866804599762,1.886586308479309
split_cell_heldout,global_train_mean,"NK cells, RG7112",0.19699876,0.66591316,0.3774630129337311,1.8924463987350464
split_cell_heldout,global_train_mean,"NK cells, Lamivudine",0.12568541,0.67907536,0.1776684820652008,1.8879016637802124
split_cell_heldout,global_train_mean,"NK cells, TGX 221",0.2786668,0.7175416,0.4364470839500427,1.8064464330673218
split_cell_heldout,global_train_mean,"NK cells, Pitavastatin Calcium",-0.16833138,1.4517673,-0.22560997307300568,2.7414450645446777
split_cell_heldout,global_train_mean,"NK cells, ABT737",0.06729649,0.7567728,0.15306244790554047,1.9097585678100586
split_cell_heldout,global_train_mean,"NK cells, PRT-062607",0.30342567,0.7289696,0.5368274450302124,1.785839557647705
split_cell_heldout,global_train_mean,"NK cells, AZ628",0.24048996,0.7089648,0.4547466039657593,1.7818682193756104
split_cell_heldout,global_train_mean,"NK cells, AZD-8330",0.31022146,0.7282709,0.5023800134658813,1.7896604537963867
split_cell_heldout,global_train_mean,"NK cells, Masitinib",0.18184206,0.6783135,0.24113953113555908,1.8245484828948975
split_cell_heldout,global_train_mean,"NK cells, Ceritinib",0.24740745,0.6868482,0.4199404716491699,1.7884441614151
split_cell_heldout,global_train_mean,"NK cells, CGM-097",-0.0047182804,0.8699211,0.05719330906867981,2.0956554412841797
split_cell_heldout,global_train_mean,"NK cells, SLx-2119",0.11234589,0.7272127,0.07850543409585953,1.9928382635116577
split_cell_heldout,global_train_mean,"NK cells, Nefazodone",0.119318314,0.678058,0.23687458038330078,1.8317662477493286
split_cell_heldout,global_train_mean,"NK cells, STK219801",0.08923186,0.69831324,0.1086244285106659,1.9388374090194702
split_cell_heldout,global_train_mean,"NK cells, TPCA-1",0.37118876,0.83987564,0.5973820686340332,1.8871233463287354
split_cell_heldout,global_train_mean,"NK cells, MGCD-265",0.042779196,0.6793725,-0.015608702786266804,1.8441553115844727
split_cell_heldout,global_train_mean,"NK cells, GSK-1070916",0.09960926,0.6707678,0.20695574581623077,1.7908178567886353
split_cell_heldout,global_train_mean,"NK cells, Ricolinostat",0.068659514,0.78384864,0.09512022137641907,1.927676796913147
split_cell_heldout,global_train_mean,"NK cells, Bosutinib",0.2838957,0.7608841,0.47030073404312134,1.886974573135376
split_cell_heldout,global_train_mean,"NK cells, Clemastine",0.14736567,0.66909814,0.17125242948532104,1.7845841646194458
split_cell_heldout,global_train_mean,"NK cells, YK 4-279",-0.09474463,0.74814403,-0.16431351006031036,1.8955528736114502
split_cell_heldout,global_train_mean,"NK cells, Buspirone",0.024359575,0.6426435,-0.06953447312116623,1.8152910470962524
split_cell_heldout,global_train_mean,"NK cells, Midostaurin",0.27014774,0.72435695,0.45219534635543823,1.7728873491287231
split_cell_heldout,global_train_mean,"NK cells, CEP-37440",0.21504723,0.6834904,0.36129504442214966,1.8192192316055298
split_cell_heldout,global_train_mean,"NK cells, GSK256066",0.24884853,0.87227464,0.43399229645729065,2.0396032333374023
split_cell_heldout,global_train_mean,"NK cells, Oxybenzone",0.10315377,0.65541875,0.1301753968000412,1.7977114915847778
split_cell_heldout,global_train_mean,"NK cells, Vandetanib",0.10861244,0.67575943,0.239522784948349,1.8342235088348389
split_cell_heldout,global_train_mean,"NK cells, Imatinib",0.12092774,0.6876425,0.2634927034378052,1.8229331970214844
split_cell_heldout,global_train_mean,"NK cells, SCH-58261",-0.03788408,0.7121413,-0.05208316817879677,1.8849797248840332
split_cell_heldout,global_train_mean,"NK cells, Colforsin",0.058387298,0.68192166,-0.004884935915470123,1.8481032848358154
split_cell_heldout,global_train_mean,"NK cells, Tivantinib",0.1712186,0.69050276,0.3383852541446686,1.8332809209823608
split_cell_heldout,global_train_mean,"NK cells, Tosedostat",0.26484972,0.74514556,0.49252957105636597,1.8621325492858887
split_cell_heldout,global_train_mean,"NK cells, Colchicine",0.19894823,0.72834325,0.35980692505836487,1.821700930595398
split_cell_heldout,global_train_mean,"NK cells, ABT-199 (GDC-0199)",0.03424111,0.6829457,0.08737139403820038,1.8640748262405396
split_cell_heldout,global_train_mean,"NK cells, Mometasone Furoate",0.320429,0.9238254,0.5074062347412109,2.1275315284729004
split_cell_heldout,global_train_mean,"NK cells, Tipifarnib",0.22354656,0.6944301,0.41459640860557556,1.82277250289917
split_cell_heldout,global_train_mean,"NK cells, BX 912",0.25749183,0.71744305,0.43372857570648193,1.7780147790908813
split_cell_heldout,global_train_mean,"NK cells, Doxorubicin",0.23609434,0.84224266,0.43891528248786926,2.052116632461548
split_cell_heldout,global_train_mean,"NK cells, PF-03814735",0.2821287,0.83139664,0.47073376178741455,1.9240524768829346
split_cell_heldout,global_train_mean,"NK cells, AZD4547",0.092711784,0.68030995,0.2444019317626953,1.8077125549316406
split_cell_heldout,global_train_mean,"NK cells, Prednisolone",0.28483918,0.9109838,0.4548083543777466,2.145504951477051
split_cell_heldout,global_train_mean,"NK cells, Tacalcitol",0.17886436,0.6956396,0.3070329427719116,1.8145127296447754
split_cell_heldout,global_train_mean,"NK cells, Selumetinib",0.14655754,0.7185816,0.273297518491745,1.847434639930725
split_cell_heldout,global_train_mean,"NK cells, Clotrimazole",0.09094603,0.663328,0.1796366423368454,1.822244644165039
split_cell_heldout,global_train_mean,"NK cells, RG7090",0.007552634,0.7180264,0.0487557128071785,1.8785158395767212
split_cell_heldout,global_train_mean,"NK cells, GLPG0634",0.25861198,0.72645557,0.44510552287101746,1.8201606273651123
split_cell_heldout,global_train_mean,"NK cells, Mubritinib (TAK 165)",0.26268724,0.82307446,0.4886910021305084,1.9906706809997559
split_cell_heldout,global_train_mean,"NK cells, Vanoxerine",0.11548536,0.68250257,0.14556099474430084,1.7866594791412354
split_cell_heldout,global_train_mean,"NK cells, SB525334",-0.1788386,0.83505017,-0.3388613164424896,2.061558485031128
split_cell_heldout,global_train_mean,"NK cells, HYDROXYUREA",0.0011691981,0.68817306,-0.05854355916380882,1.8276160955429077
split_cell_heldout,cell_context_mean,"NK cells, TIE2 Kinase Inhibitor",0.061186764,0.6426536,0.061438702046871185,1.7972984313964844
split_cell_heldout,cell_context_mean,"NK cells, MK-5108",0.015189168,0.7082144,0.05955035611987114,1.8818506002426147
split_cell_heldout,cell_context_mean,"NK cells, Lapatinib",-0.14703201,0.773828,-0.3178473711013794,1.9709662199020386
split_cell_heldout,cell_context_mean,"NK cells, Atorvastatin",0.07647248,0.68121356,0.1009325385093689,1.7639394998550415
split_cell_heldout,cell_context_mean,"NK cells, Ganetespib (STA-9090)",0.36369962,1.0744603,0.5633083581924438,2.238921880722046
split_cell_heldout,cell_context_mean,"NK cells, Clomipramine",0.09601026,0.65153104,0.1760650873184204,1.7695375680923462
split_cell_heldout,cell_context_mean,"NK cells, Sunitinib",0.12578842,0.6759228,0.18649831414222717,1.7670326232910156
split_cell_heldout,cell_context_mean,"NK cells, Tivozanib",0.06593814,0.68754315,0.14193442463874817,1.820363163948059
split_cell_heldout,cell_context_mean,"NK cells, Tamatinib",0.28870076,0.8292327,0.45734894275665283,1.8753669261932373
split_cell_heldout,cell_context_mean,"NK cells, Ixabepilone",0.08478957,0.66889644,0.10989297926425934,1.8599393367767334
split_cell_heldout,cell_context_mean,"NK cells, Linagliptin",0.07087968,0.66479623,0.08415580540895462,1.7841812372207642
split_cell_heldout,cell_context_mean,"NK cells, 5-(9-Isopropyl-8-methyl-2-morpholino-9H-purin-6-yl)pyrimidin-2-amine",0.38251203,0.8410061,0.6160469651222229,1.9481146335601807
split_cell_heldout,cell_context_mean,"NK cells, O-Demethylated Adapalene",0.03617214,0.68187726,-0.03267180174589157,1.841216802597046
split_cell_heldout,cell_context_mean,"NK cells, Protriptyline",-0.010664707,0.6674401,0.01523473858833313,1.8036811351776123
split_cell_heldout,cell_context_mean,"NK cells, I-BET151",0.18384689,1.0145347,0.30314695835113525,2.2588798999786377
split_cell_heldout,cell_context_mean,"NK cells, Foretinib",0.28537202,0.74598014,0.490897536277771,1.8624444007873535
split_cell_heldout,cell_context_mean,"NK cells, GW843682X",0.12012143,0.6656747,0.32345396280288696,1.8110904693603516
split_cell_heldout,cell_context_mean,"NK cells, BMS-387032",0.18390642,0.8277728,0.37205758690834045,1.995897650718689
split_cell_heldout,cell_context_mean,"NK cells, IN1451",0.24624452,1.2042323,0.37155845761299133,2.3454415798187256
split_cell_heldout,cell_context_mean,"NK cells, Raloxifene",-0.0830306,0.8271823,-0.14817145466804504,2.0268049240112305
split_cell_heldout,cell_context_mean,"NK cells, Topotecan",0.10352155,0.8137003,0.21198618412017822,2.0181543827056885
split_cell_heldout,cell_context_mean,"NK cells, BAY 87-2243",0.34111413,0.8936323,0.5425374507904053,2.1127512454986572
split_cell_heldout,cell_context_mean,"NK cells, Phenylbutazone",0.110276006,0.68537396,0.14710991084575653,1.8360874652862549
split_cell_heldout,cell_context_mean,"NK cells, K-02288",0.038843114,0.6604374,0.047071389853954315,1.8203694820404053
split_cell_heldout,cell_context_mean,"NK cells, BMS-777607",0.07879562,0.6759118,0.15485262870788574,1.7843432426452637
split_cell_heldout,cell_context_mean,"NK cells, Porcn Inhibitor III",-0.11625739,0.8065086,-0.24681934714317322,2.0749576091766357
split_cell_heldout,cell_context_mean,"NK cells, TL_HRAS26",0.03690824,0.65823084,0.00020845560356974602,1.8829293251037598
split_cell_heldout,cell_context_mean,"NK cells, Proscillaridin A;Proscillaridin-A",-0.025194991,2.2831616,-0.028042716905474663,3.1982996463775635
split_cell_heldout,cell_context_mean,"NK cells, Vorinostat",0.29632264,1.2035608,0.4812433421611786,2.380552291870117
split_cell_heldout,cell_context_mean,"NK cells, BMS-265246",0.047100607,0.91045535,0.12275595963001251,2.1813483238220215
split_cell_heldout,cell_context_mean,"NK cells, Ruxolitinib",0.24982761,0.73131675,0.437374085187912,1.8015879392623901
split_cell_heldout,cell_context_mean,"NK cells, Pomalidomide",-0.10667159,0.9110673,-0.17468270659446716,2.250107526779175
split_cell_heldout,cell_context_mean,"NK cells, Dovitinib",0.21895975,0.7334729,0.38725149631500244,1.8730202913284302
split_cell_heldout,cell_context_mean,"NK cells, AVL-292",0.23668239,0.6793088,0.4153892695903778,1.8148021697998047
split_cell_heldout,cell_context_mean,"NK cells, Navitoclax",-0.064338855,0.7634519,-0.09822283685207367,1.9874881505966187
split_cell_heldout,cell_context_mean,"NK cells, Methotrexate",-0.18625513,0.73372316,-0.2867671251296997,1.987194538116455
split_cell_heldout,cell_context_mean,"NK cells, Palbociclib",0.06376376,0.67561466,0.05136016011238098,1.807557463645935
split_cell_heldout,cell_context_mean,"NK cells, Trametinib",0.17134282,0.71334124,0.3854061961174011,1.804442048072815
split_cell_heldout,cell_context_mean,"NK cells, AMD-070 (hydrochloride)",-0.036404237,0.6800854,-0.07665696740150452,1.8615210056304932
split_cell_heldout,cell_context_mean,"NK cells, Sgc-cbp30",0.2055833,0.68610114,0.38966575264930725,1.7782604694366455
split_cell_heldout,cell_context_mean,"NK cells, FK 866",0.075932935,0.770414,0.23259779810905457,1.914591908454895
split_cell_heldout,cell_context_mean,"NK cells, Chlorpheniramine",0.045302566,0.695164,0.10775226354598999,1.8838207721710205
split_cell_heldout,cell_context_mean,"NK cells, Scriptaid",0.3160947,1.2917849,0.48033204674720764,2.4751648902893066
split_cell_heldout,cell_context_mean,"NK cells, BAY 61-3606",0.27374223,1.012496,0.46735385060310364,2.1605308055877686
split_cell_heldout,cell_context_mean,"NK cells, LY2090314",0.05691125,1.2427351,0.11117763817310333,2.558814764022827
split_cell_heldout,cell_context_mean,"NK cells, Vardenafil",0.0981914,0.6774038,0.1804891973733902,1.8381035327911377
split_cell_heldout,cell_context_mean,"NK cells, Dasatinib",0.20955525,0.76057786,0.3607957661151886,1.8625776767730713
split_cell_heldout,cell_context_mean,"NK cells, AT13387",0.35638517,1.0485358,0.5325750708580017,2.214829206466675
split_cell_heldout,cell_context_mean,"NK cells, PF-04691502",0.26251912,0.7651844,0.5301260948181152,1.8030121326446533
split_cell_heldout,cell_context_mean,"NK cells, Perhexiline",0.3226903,0.7640072,0.5232082605361938,1.8056663274765015
split_cell_heldout,cell_context_mean,"NK cells, RVX-208",0.091884054,0.7193009,0.06686905026435852,1.9090238809585571
split_cell_heldout,cell_context_mean,"NK cells, Ketoconazole",-0.13688196,0.9677419,-0.28039222955703735,2.3092474937438965
split_cell_heldout,cell_context_mean,"NK cells, Disulfiram",0.06457364,0.6648417,0.005564204882830381,1.867786169052124
split_cell_heldout,cell_context_mean,"NK cells, Flutamide",0.0890371,0.70401496,0.2713143229484558,1.7894110679626465
split_cell_heldout,cell_context_mean,"NK cells, Desloratadine",0.019091064,0.6874752,-0.06941744685173035,1.8462443351745605
split_cell_heldout,cell_context_mean,"NK cells, Dactolisib",0.4354508,0.9644901,0.6505618095397949,2.1463849544525146
split_cell_heldout,cell_context_mean,"NK cells, BMS-536924",0.26674202,0.7291572,0.4669375717639923,1.7968981266021729
split_cell_heldout,cell_context_mean,"NK cells, IKK Inhibitor VII",0.2696281,0.73109746,0.45372751355171204,1.8367013931274414
split_cell_heldout,cell_context_mean,"NK cells, Amiodarone",0.13405392,0.6735859,0.2143601030111313,1.802679419517517
split_cell_heldout,cell_context_mean,"NK cells, Isoniazid",0.059129648,0.6747114,0.10734028369188309,1.836621642112732
split_cell_heldout,cell_context_mean,"NK cells, IMD-0354",0.33244282,0.9015338,0.5773334503173828,2.0609853267669678
split_cell_heldout,cell_context_mean,"NK cells, Canertinib",0.049805094,0.72502023,0.0866611897945404,1.964007019996643
split_cell_heldout,cell_context_mean,"NK cells, Idelalisib",0.12912716,0.72225,0.2950643301010132,1.852514386177063
split_cell_heldout,cell_context_mean,"NK cells, Alogliptin",-0.061334353,0.6823243,-0.20356997847557068,1.9069039821624756
split_cell_heldout,cell_context_mean,"NK cells, Penfluridol",0.05423158,0.71684074,0.128518208861351,1.821790099143982
split_cell_heldout,cell_context_mean,"NK cells, Quizartinib",0.009108683,0.686296,0.03252631053328514,1.866061806678772
split_cell_heldout,cell_context_mean,"NK cells, RN-486",-0.08148339,0.74008334,-0.20140694081783295,1.950370192527771
split_cell_heldout,cell_context_mean,"NK cells, PD-0325901",0.22713697,0.7733748,0.41334962844848633,1.9174638986587524
split_cell_heldout,cell_context_mean,"NK cells, Decitabine",0.033133127,0.6675653,0.02883366495370865,1.7767244577407837
split_cell_heldout,cell_context_mean,"NK cells, LDN 193189",-0.06210193,0.73126566,-0.23387590050697327,1.9349336624145508
split_cell_heldout,cell_context_mean,"NK cells, Cabozantinib",0.002860075,0.71103334,0.06104038655757904,1.830500841140747
split_cell_heldout,cell_context_mean,"NK cells, Riociguat",0.06753074,0.6890508,0.1621423214673996,1.834964632987976
split_cell_heldout,cell_context_mean,"NK cells, CHIR-99021",-0.053698525,0.7865053,-0.13712984323501587,1.9971071481704712
split_cell_heldout,cell_context_mean,"NK cells, Defactinib",0.09837328,0.6884737,0.2706940472126007,1.8385668992996216
split_cell_heldout,cell_context_mean,"NK cells, BI-D1870",-0.0051166415,0.7529527,0.08308476209640503,1.8340896368026733
split_cell_heldout,cell_context_mean,"NK cells, AZD3514",0.11244472,0.69274604,0.23179206252098083,1.817420482635498
split_cell_heldout,cell_context_mean,"NK cells, HMN-214",-0.013137998,0.73715496,-0.01687915250658989,1.853747844696045
split_cell_heldout,cell_context_mean,"NK cells, CC-401",0.21648124,0.6986501,0.3963223695755005,1.8073076009750366
split_cell_heldout,cell_context_mean,"NK cells, Resminostat",0.28400618,1.3000737,0.43178072571754456,2.460207939147949
split_cell_heldout,cell_context_mean,"NK cells, Crizotinib",0.2697734,0.7002376,0.4737232029438019,1.745237946510315
split_cell_heldout,cell_context_mean,"NK cells, Azacitidine",0.11262549,0.6647627,0.1371423453092575,1.8314635753631592
split_cell_heldout,cell_context_mean,"NK cells, TR-14035",0.18478152,0.62733394,0.28304311633110046,1.8250285387039185
split_cell_heldout,cell_context_mean,"NK cells, Nilotinib",0.26368096,0.7196474,0.48850536346435547,1.7946311235427856
split_cell_heldout,cell_context_mean,"NK cells, AT 7867",0.2661034,0.72222686,0.47811272740364075,1.8321104049682617
split_cell_heldout,cell_context_mean,"NK cells, OSI-930",-0.12577458,0.74337107,-0.32351288199424744,1.9489541053771973
split_cell_heldout,cell_context_mean,"NK cells, GO-6976",-0.09816896,0.8443178,-0.1741347461938858,2.016310691833496
split_cell_heldout,cell_context_mean,"NK cells, Saracatinib",0.231634,0.73535705,0.3627866804599762,1.886586308479309
split_cell_heldout,cell_context_mean,"NK cells, RG7112",0.19699876,0.66591316,0.3774630129337311,1.8924463987350464
split_cell_heldout,cell_context_mean,"NK cells, Lamivudine",0.12568541,0.67907536,0.1776684820652008,1.8879016637802124
split_cell_heldout,cell_context_mean,"NK cells, TGX 221",0.2786668,0.7175416,0.4364470839500427,1.8064464330673218
split_cell_heldout,cell_context_mean,"NK cells, Pitavastatin Calcium",-0.16833138,1.4517673,-0.22560997307300568,2.7414450645446777
split_cell_heldout,cell_context_mean,"NK cells, ABT737",0.06729649,0.7567728,0.15306244790554047,1.9097585678100586
split_cell_heldout,cell_context_mean,"NK cells, PRT-062607",0.30342567,0.7289696,0.5368274450302124,1.785839557647705
split_cell_heldout,cell_context_mean,"NK cells, AZ628",0.24048996,0.7089648,0.4547466039657593,1.7818682193756104
split_cell_heldout,cell_context_mean,"NK cells, AZD-8330",0.31022146,0.7282709,0.5023800134658813,1.7896604537963867
split_cell_heldout,cell_context_mean,"NK cells, Masitinib",0.18184206,0.6783135,0.24113953113555908,1.8245484828948975
split_cell_heldout,cell_context_mean,"NK cells, Ceritinib",0.24740745,0.6868482,0.4199404716491699,1.7884441614151
split_cell_heldout,cell_context_mean,"NK cells, CGM-097",-0.0047182804,0.8699211,0.05719330906867981,2.0956554412841797
split_cell_heldout,cell_context_mean,"NK cells, SLx-2119",0.11234589,0.7272127,0.07850543409585953,1.9928382635116577
split_cell_heldout,cell_context_mean,"NK cells, Nefazodone",0.119318314,0.678058,0.23687458038330078,1.8317662477493286
split_cell_heldout,cell_context_mean,"NK cells, STK219801",0.08923186,0.69831324,0.1086244285106659,1.9388374090194702
split_cell_heldout,cell_context_mean,"NK cells, TPCA-1",0.37118876,0.83987564,0.5973820686340332,1.8871233463287354
split_cell_heldout,cell_context_mean,"NK cells, MGCD-265",0.042779196,0.6793725,-0.015608702786266804,1.8441553115844727
split_cell_heldout,cell_context_mean,"NK cells, GSK-1070916",0.09960926,0.6707678,0.20695574581623077,1.7908178567886353
split_cell_heldout,cell_context_mean,"NK cells, Ricolinostat",0.068659514,0.78384864,0.09512022137641907,1.927676796913147
split_cell_heldout,cell_context_mean,"NK cells, Bosutinib",0.2838957,0.7608841,0.47030073404312134,1.886974573135376
split_cell_heldout,cell_context_mean,"NK cells, Clemastine",0.14736567,0.66909814,0.17125242948532104,1.7845841646194458
split_cell_heldout,cell_context_mean,"NK cells, YK 4-279",-0.09474463,0.74814403,-0.16431351006031036,1.8955528736114502
split_cell_heldout,cell_context_mean,"NK cells, Buspirone",0.024359575,0.6426435,-0.06953447312116623,1.8152910470962524
split_cell_heldout,cell_context_mean,"NK cells, Midostaurin",0.27014774,0.72435695,0.45219534635543823,1.7728873491287231
split_cell_heldout,cell_context_mean,"NK cells, CEP-37440",0.21504723,0.6834904,0.36129504442214966,1.8192192316055298
split_cell_heldout,cell_context_mean,"NK cells, GSK256066",0.24884853,0.87227464,0.43399229645729065,2.0396032333374023
split_cell_heldout,cell_context_mean,"NK cells, Oxybenzone",0.10315377,0.65541875,0.1301753968000412,1.7977114915847778
split_cell_heldout,cell_context_mean,"NK cells, Vandetanib",0.10861244,0.67575943,0.239522784948349,1.8342235088348389
split_cell_heldout,cell_context_mean,"NK cells, Imatinib",0.12092774,0.6876425,0.2634927034378052,1.8229331970214844
split_cell_heldout,cell_context_mean,"NK cells, SCH-58261",-0.03788408,0.7121413,-0.05208316817879677,1.8849797248840332
split_cell_heldout,cell_context_mean,"NK cells, Colforsin",0.058387298,0.68192166,-0.004884935915470123,1.8481032848358154
split_cell_heldout,cell_context_mean,"NK cells, Tivantinib",0.1712186,0.69050276,0.3383852541446686,1.8332809209823608
split_cell_heldout,cell_context_mean,"NK cells, Tosedostat",0.26484972,0.74514556,0.49252957105636597,1.8621325492858887
split_cell_heldout,cell_context_mean,"NK cells, Colchicine",0.19894823,0.72834325,0.35980692505836487,1.821700930595398
split_cell_heldout,cell_context_mean,"NK cells, ABT-199 (GDC-0199)",0.03424111,0.6829457,0.08737139403820038,1.8640748262405396
split_cell_heldout,cell_context_mean,"NK cells, Mometasone Furoate",0.320429,0.9238254,0.5074062347412109,2.1275315284729004
split_cell_heldout,cell_context_mean,"NK cells, Tipifarnib",0.22354656,0.6944301,0.41459640860557556,1.82277250289917
split_cell_heldout,cell_context_mean,"NK cells, BX 912",0.25749183,0.71744305,0.43372857570648193,1.7780147790908813
split_cell_heldout,cell_context_mean,"NK cells, Doxorubicin",0.23609434,0.84224266,0.43891528248786926,2.052116632461548
split_cell_heldout,cell_context_mean,"NK cells, PF-03814735",0.2821287,0.83139664,0.47073376178741455,1.9240524768829346
split_cell_heldout,cell_context_mean,"NK cells, AZD4547",0.092711784,0.68030995,0.2444019317626953,1.8077125549316406
split_cell_heldout,cell_context_mean,"NK cells, Prednisolone",0.28483918,0.9109838,0.4548083543777466,2.145504951477051
split_cell_heldout,cell_context_mean,"NK cells, Tacalcitol",0.17886436,0.6956396,0.3070329427719116,1.8145127296447754
split_cell_heldout,cell_context_mean,"NK cells, Selumetinib",0.14655754,0.7185816,0.273297518491745,1.847434639930725
split_cell_heldout,cell_context_mean,"NK cells, Clotrimazole",0.09094603,0.663328,0.1796366423368454,1.822244644165039
split_cell_heldout,cell_context_mean,"NK cells, RG7090",0.007552634,0.7180264,0.0487557128071785,1.8785158395767212
split_cell_heldout,cell_context_mean,"NK cells, GLPG0634",0.25861198,0.72645557,0.44510552287101746,1.8201606273651123
split_cell_heldout,cell_context_mean,"NK cells, Mubritinib (TAK 165)",0.26268724,0.82307446,0.4886910021305084,1.9906706809997559
split_cell_heldout,cell_context_mean,"NK cells, Vanoxerine",0.11548536,0.68250257,0.14556099474430084,1.7866594791412354
split_cell_heldout,cell_context_mean,"NK cells, SB525334",-0.1788386,0.83505017,-0.3388613164424896,2.061558485031128
split_cell_heldout,cell_context_mean,"NK cells, HYDROXYUREA",0.0011691981,0.68817306,-0.05854355916380882,1.8276160955429077
split_cell_heldout,drug_mean,"NK cells, TIE2 Kinase Inhibitor",0.11161667,0.67181885,0.12468786537647247,1.7960577011108398
split_cell_heldout,drug_mean,"NK cells, MK-5108",0.16313528,0.7017395,0.2827816903591156,1.8115673065185547
split_cell_heldout,drug_mean,"NK cells, Lapatinib",0.17307582,0.7359992,0.38234663009643555,1.7272979021072388
split_cell_heldout,drug_mean,"NK cells, Atorvastatin",0.1538468,0.7127811,0.2858460247516632,1.7137866020202637
split_cell_heldout,drug_mean,"NK cells, Ganetespib (STA-9090)",0.5621755,1.2506677,0.7898524403572083,1.4860559701919556
split_cell_heldout,drug_mean,"NK cells, Clomipramine",0.19019516,0.6738205,0.3200608491897583,1.7046557664871216
split_cell_heldout,drug_mean,"NK cells, Sunitinib",0.2063105,0.7429112,0.3754885196685791,1.6701706647872925
split_cell_heldout,drug_mean,"NK cells, Tivozanib",0.15387714,0.7601667,0.2547030448913574,1.7872925996780396
split_cell_heldout,drug_mean,"NK cells, Tamatinib",0.4049985,1.0143595,0.6128730773925781,1.6009553670883179
split_cell_heldout,drug_mean,"NK cells, Ixabepilone",0.12481861,0.6938468,0.2901086211204529,1.7929637432098389
split_cell_heldout,drug_mean,"NK cells, Linagliptin",0.07046094,0.6955858,0.17554360628128052,1.7695589065551758
split_cell_heldout,drug_mean,"NK cells, 5-(9-Isopropyl-8-methyl-2-morpholino-9H-purin-6-yl)pyrimidin-2-amine",0.4799846,1.1301831,0.6987916231155396,1.5847779512405396
split_cell_heldout,drug_mean,"NK cells, O-Demethylated Adapalene",0.11034028,0.7489381,0.15066036581993103,1.7894941568374634
split_cell_heldout,drug_mean,"NK cells, Protriptyline",0.0781676,0.66411495,0.1486644744873047,1.7813905477523804
split_cell_heldout,drug_mean,"NK cells, I-BET151",0.54086816,1.2231826,0.7642133831977844,1.5402618646621704
split_cell_heldout,drug_mean,"NK cells, Foretinib",0.34194252,0.9573988,0.5416256189346313,1.7111939191818237
split_cell_heldout,drug_mean,"NK cells, GW843682X",0.1529715,0.7209193,0.290841281414032,1.7955665588378906
split_cell_heldout,drug_mean,"NK cells, BMS-387032",0.3487581,1.2771254,0.5937512516975403,1.7746987342834473
split_cell_heldout,drug_mean,"NK cells, IN1451",0.6334805,1.574507,0.856529176235199,1.385409951210022
split_cell_heldout,drug_mean,"NK cells, Raloxifene",0.22566356,0.8178463,0.45734721422195435,1.7721717357635498
split_cell_heldout,drug_mean,"NK cells, Topotecan",0.4036741,0.91178465,0.656148374080658,1.5674028396606445
split_cell_heldout,drug_mean,"NK cells, BAY 87-2243",0.5089842,0.928767,0.7291316986083984,1.5232957601547241
split_cell_heldout,drug_mean,"NK cells, Phenylbutazone",0.13350362,0.69717956,0.19861909747123718,1.8202773332595825
split_cell_heldout,drug_mean,"NK cells, K-02288",0.047912464,0.742847,0.05638039857149124,1.8410238027572632
split_cell_heldout,drug_mean,"NK cells, BMS-777607",0.08097672,0.74859923,0.16953860223293304,1.7819139957427979
split_cell_heldout,drug_mean,"NK cells, Porcn Inhibitor III",0.1844637,0.8262939,0.3818577826023102,1.8489137887954712
split_cell_heldout,drug_mean,"NK cells, TL_HRAS26",0.11347321,0.678171,0.22575730085372925,1.822848916053772
split_cell_heldout,drug_mean,"NK cells, Proscillaridin A;Proscillaridin-A",0.7799366,1.5751841,0.8863514065742493,1.4765499830245972
split_cell_heldout,drug_mean,"NK cells, Vorinostat",0.6318492,1.2551368,0.8182791471481323,1.4579097032546997
split_cell_heldout,drug_mean,"NK cells, BMS-265246",0.49938154,1.025969,0.7787986993789673,1.3666179180145264
split_cell_heldout,drug_mean,"NK cells, Ruxolitinib",0.2618269,0.9927588,0.4785003662109375,1.7089214324951172
split_cell_heldout,drug_mean,"NK cells, Pomalidomide",0.38829905,0.90551955,0.6289709210395813,1.6549264192581177
split_cell_heldout,drug_mean,"NK cells, Dovitinib",0.25857127,0.8274858,0.4357120096683502,1.785685420036316
split_cell_heldout,drug_mean,"NK cells, AVL-292",0.26113427,0.82656807,0.47108447551727295,1.711806297302246
split_cell_heldout,drug_mean,"NK cells, Navitoclax",0.16032472,0.79435045,0.30337342619895935,1.8617486953735352
split_cell_heldout,drug_mean,"NK cells, Methotrexate",0.10428629,0.7611067,0.12097235769033432,1.8991200923919678
split_cell_heldout,drug_mean,"NK cells, Palbociclib",0.14046222,0.7168707,0.2847234904766083,1.73479163646698
split_cell_heldout,drug_mean,"NK cells, Trametinib",0.22109133,0.8788574,0.4331507682800293,1.7294894456863403
split_cell_heldout,drug_mean,"NK cells, AMD-070 (hydrochloride)",0.0629812,0.7321258,0.08971492201089859,1.8582521677017212
split_cell_heldout,drug_mean,"NK cells, Sgc-cbp30",0.24672408,0.7745227,0.4284985065460205,1.7043999433517456
split_cell_heldout,drug_mean,"NK cells, FK 866",0.26399365,0.8920679,0.47221753001213074,1.7320142984390259
split_cell_heldout,drug_mean,"NK cells, Chlorpheniramine",0.09009261,0.71439946,0.11058252304792404,1.8863861560821533
split_cell_heldout,drug_mean,"NK cells, Scriptaid",0.659138,1.2823478,0.8337781429290771,1.4502990245819092
split_cell_heldout,drug_mean,"NK cells, BAY 61-3606",0.48816037,1.2639074,0.7305433750152588,1.5801881551742554
split_cell_heldout,drug_mean,"NK cells, LY2090314",0.564625,1.2217149,0.779244601726532,1.597110390663147
split_cell_heldout,drug_mean,"NK cells, Vardenafil",0.08949141,0.7250137,0.0993550643324852,1.8738396167755127
split_cell_heldout,drug_mean,"NK cells, Dasatinib",0.25980395,1.1220634,0.4517551362514496,1.7782748937606812
split_cell_heldout,drug_mean,"NK cells, AT13387",0.5203472,1.222557,0.7640440464019775,1.5428102016448975
split_cell_heldout,drug_mean,"NK cells, PF-04691502",0.29831627,1.0834839,0.5573479533195496,1.6606124639511108
split_cell_heldout,drug_mean,"NK cells, Perhexiline",0.3518443,0.91195506,0.5620303750038147,1.641564130783081
split_cell_heldout,drug_mean,"NK cells, RVX-208",0.29143807,0.79227614,0.48844674229621887,1.6187185049057007
split_cell_heldout,drug_mean,"NK cells, Ketoconazole",0.52223164,0.88750774,0.7103703022003174,1.5078825950622559
split_cell_heldout,drug_mean,"NK cells, Disulfiram",0.16176596,0.67017275,0.24208614230155945,1.7979627847671509
split_cell_heldout,drug_mean,"NK cells, Flutamide",0.11098192,0.71887773,0.26538899540901184,1.7837331295013428
split_cell_heldout,drug_mean,"NK cells, Desloratadine",0.10976226,0.6995453,0.11624015122652054,1.805416464805603
split_cell_heldout,drug_mean,"NK cells, Dactolisib",0.5644556,1.2403332,0.768926739692688,1.5752474069595337
split_cell_heldout,drug_mean,"NK cells, BMS-536924",0.28893238,0.9594701,0.48419755697250366,1.714510202407837
split_cell_heldout,drug_mean,"NK cells, IKK Inhibitor VII",0.30725506,0.9721312,0.5165445804595947,1.6826270818710327
split_cell_heldout,drug_mean,"NK cells, Amiodarone",0.08510376,0.7238099,0.12202239036560059,1.8356090784072876
split_cell_heldout,drug_mean,"NK cells, Isoniazid",0.06593344,0.6981109,0.18045231699943542,1.8175263404846191
split_cell_heldout,drug_mean,"NK cells, IMD-0354",0.4622632,1.1632757,0.7090492248535156,1.5950663089752197
split_cell_heldout,drug_mean,"NK cells, Canertinib",0.27004775,0.794919,0.4973301291465759,1.6987149715423584
split_cell_heldout,drug_mean,"NK cells, Idelalisib",0.21481046,0.8831532,0.4105212986469269,1.7452428340911865
split_cell_heldout,drug_mean,"NK cells, Alogliptin",0.114717126,0.6658895,0.2640369236469269,1.764570713043213
split_cell_heldout,drug_mean,"NK cells, Penfluridol",0.1282712,0.73124766,0.24460940062999725,1.7952780723571777
split_cell_heldout,drug_mean,"NK cells, Quizartinib",0.090475716,0.71450067,0.23379091918468475,1.8080753087997437
split_cell_heldout,drug_mean,"NK cells, RN-486",0.055255517,0.738836,0.16366976499557495,1.8620812892913818
split_cell_heldout,drug_mean,"NK cells, PD-0325901",0.27625826,0.9138921,0.47666385769844055,1.7977032661437988
split_cell_heldout,drug_mean,"NK cells, Decitabine",0.065190904,0.6782098,0.06420040130615234,1.7864395380020142
split_cell_heldout,drug_mean,"NK cells, LDN 193189",0.21009259,0.7020224,0.4277302920818329,1.6995954513549805
split_cell_heldout,drug_mean,"NK cells, Cabozantinib",0.15448482,0.7385227,0.32947930693626404,1.734636902809143
split_cell_heldout,drug_mean,"NK cells, Riociguat",0.04880797,0.72213393,0.09926265478134155,1.8675380945205688
split_cell_heldout,drug_mean,"NK cells, CHIR-99021",0.32267407,0.93896294,0.5629769563674927,1.623238444328308
split_cell_heldout,drug_mean,"NK cells, Defactinib",0.2043858,0.80995536,0.36549797654151917,1.7637081146240234
split_cell_heldout,drug_mean,"NK cells, BI-D1870",0.12350713,0.78145117,0.18696703016757965,1.8065980672836304
split_cell_heldout,drug_mean,"NK cells, AZD3514",0.24763395,0.77491015,0.4348115026950836,1.6778970956802368
split_cell_heldout,drug_mean,"NK cells, HMN-214",0.30573568,0.71637255,0.44640982151031494,1.639206051826477
split_cell_heldout,drug_mean,"NK cells, CC-401",0.29323295,0.8153162,0.4774933457374573,1.6738619804382324
split_cell_heldout,drug_mean,"NK cells, Resminostat",0.64092314,1.2935343,0.8213843107223511,1.4655698537826538
split_cell_heldout,drug_mean,"NK cells, Crizotinib",0.26863313,0.86197174,0.4608699083328247,1.68595552444458
split_cell_heldout,drug_mean,"NK cells, Azacitidine",0.19014,0.69050825,0.2583821713924408,1.7772191762924194
split_cell_heldout,drug_mean,"NK cells, TR-14035",0.13294883,0.6979027,0.18817868828773499,1.852226972579956
split_cell_heldout,drug_mean,"NK cells, Nilotinib",0.25654268,0.9129464,0.4682285189628601,1.7365789413452148
split_cell_heldout,drug_mean,"NK cells, AT 7867",0.22261205,0.89097303,0.45419788360595703,1.7575676441192627
split_cell_heldout,drug_mean,"NK cells, OSI-930",0.17072509,0.69454145,0.35720643401145935,1.7441030740737915
split_cell_heldout,drug_mean,"NK cells, GO-6976",0.23809034,0.8770471,0.4319472312927246,1.7635703086853027
split_cell_heldout,drug_mean,"NK cells, Saracatinib",0.29408535,1.012812,0.4660043716430664,1.7547343969345093
split_cell_heldout,drug_mean,"NK cells, RG7112",0.30803207,0.6852421,0.5268231630325317,1.6362898349761963
split_cell_heldout,drug_mean,"NK cells, Lamivudine",0.059830744,0.7438517,0.08307402580976486,1.9159660339355469
split_cell_heldout,drug_mean,"NK cells, TGX 221",0.27294022,0.8549401,0.4431931674480438,1.7177684307098389
split_cell_heldout,drug_mean,"NK cells, Pitavastatin Calcium",0.52662617,1.3020872,0.7109620571136475,1.8555885553359985
split_cell_heldout,drug_mean,"NK cells, ABT737",0.058292028,0.87964857,0.1616048365831375,1.9407564401626587
split_cell_heldout,drug_mean,"NK cells, PRT-062607",0.3488436,0.9960553,0.6017386317253113,1.5838334560394287
split_cell_heldout,drug_mean,"NK cells, AZ628",0.2617161,0.8436619,0.43622803688049316,1.721524953842163
split_cell_heldout,drug_mean,"NK cells, AZD-8330",0.3009962,0.84099466,0.49281561374664307,1.7027270793914795
split_cell_heldout,drug_mean,"NK cells, Masitinib",0.12097564,0.7692604,0.10896459966897964,1.8708536624908447
split_cell_heldout,drug_mean,"NK cells, Ceritinib",0.14757864,0.803509,0.21662537753582,1.8372490406036377
split_cell_heldout,drug_mean,"NK cells, CGM-097",0.42885765,0.9662461,0.6660716533660889,1.5690944194793701
split_cell_heldout,drug_mean,"NK cells, SLx-2119",0.2192006,0.73337746,0.39367878437042236,1.827951192855835
split_cell_heldout,drug_mean,"NK cells, Nefazodone",0.11984998,0.69970953,0.13969694077968597,1.859288215637207
split_cell_heldout,drug_mean,"NK cells, STK219801",0.21687269,0.70642066,0.35622864961624146,1.7967698574066162
split_cell_heldout,drug_mean,"NK cells, TPCA-1",0.39950833,1.0396936,0.6367499828338623,1.617482304573059
split_cell_heldout,drug_mean,"NK cells, MGCD-265",0.06166024,0.73182064,0.08978480100631714,1.8318402767181396
split_cell_heldout,drug_mean,"NK cells, GSK-1070916",0.17791039,0.7230803,0.2451716661453247,1.766252875328064
split_cell_heldout,drug_mean,"NK cells, Ricolinostat",0.3269941,0.85940355,0.5206757187843323,1.6228160858154297
split_cell_heldout,drug_mean,"NK cells, Bosutinib",0.35715386,1.0809476,0.5678113698959351,1.6470940113067627
split_cell_heldout,drug_mean,"NK cells, Clemastine",0.16522898,0.72209316,0.258448988199234,1.7473375797271729
split_cell_heldout,drug_mean,"NK cells, YK 4-279",0.14757115,0.7235985,0.34408026933670044,1.7396125793457031
split_cell_heldout,drug_mean,"NK cells, Buspirone",0.09398956,0.64815,0.12112877517938614,1.7892649173736572
split_cell_heldout,drug_mean,"NK cells, Midostaurin",0.2843017,0.8717642,0.4702094793319702,1.6545599699020386
split_cell_heldout,drug_mean,"NK cells, CEP-37440",0.23315161,0.7569657,0.39111268520355225,1.7362297773361206
split_cell_heldout,drug_mean,"NK cells, GSK256066",0.3326573,0.9064719,0.5539290904998779,1.8151930570602417
split_cell_heldout,drug_mean,"NK cells, Oxybenzone",0.08756109,0.67990834,0.06506627053022385,1.8378034830093384
split_cell_heldout,drug_mean,"NK cells, Vandetanib",0.06002072,0.7543854,0.07195113599300385,1.8908964395523071
split_cell_heldout,drug_mean,"NK cells, Imatinib",0.068112046,0.71645117,0.17581680417060852,1.8439091444015503
split_cell_heldout,drug_mean,"NK cells, SCH-58261",0.105775036,0.70527434,0.1322183907032013,1.8498034477233887
split_cell_heldout,drug_mean,"NK cells, Colforsin",0.113152385,0.7068342,0.19183886051177979,1.7926396131515503
split_cell_heldout,drug_mean,"NK cells, Tivantinib",0.17713271,0.800897,0.28902289271354675,1.8176602125167847
split_cell_heldout,drug_mean,"NK cells, Tosedostat",0.30317608,0.81522256,0.5248834490776062,1.7314112186431885
split_cell_heldout,drug_mean,"NK cells, Colchicine",0.22244164,1.2337353,0.45177358388900757,1.7755420207977295
split_cell_heldout,drug_mean,"NK cells, ABT-199 (GDC-0199)",0.048640482,0.76002073,0.1608850359916687,1.8609801530838013
split_cell_heldout,drug_mean,"NK cells, Mometasone Furoate",0.42320874,1.2304237,0.6761868596076965,1.6855264902114868
split_cell_heldout,drug_mean,"NK cells, Tipifarnib",0.2362086,0.7706475,0.3912665843963623,1.7742539644241333
split_cell_heldout,drug_mean,"NK cells, BX 912",0.25818813,0.81172353,0.4490315616130829,1.7043222188949585
split_cell_heldout,drug_mean,"NK cells, Doxorubicin",0.38123208,1.3975502,0.6734088659286499,1.7059656381607056
split_cell_heldout,drug_mean,"NK cells, PF-03814735",0.39898372,1.1592313,0.6342019438743591,1.605510950088501
split_cell_heldout,drug_mean,"NK cells, AZD4547",0.09701616,0.71611756,0.1849478781223297,1.826379418373108
split_cell_heldout,drug_mean,"NK cells, Prednisolone",0.40829715,1.097674,0.6362525820732117,1.7605981826782227
split_cell_heldout,drug_mean,"NK cells, Tacalcitol",0.10451792,1.0778034,0.0923008993268013,1.9763284921646118
split_cell_heldout,drug_mean,"NK cells, Selumetinib",0.19585869,0.8408355,0.3613710403442383,1.7938345670700073
split_cell_heldout,drug_mean,"NK cells, Clotrimazole",0.075094186,0.72256094,0.07766060531139374,1.8675144910812378
split_cell_heldout,drug_mean,"NK cells, RG7090",0.17527936,0.7689252,0.2941438555717468,1.791492223739624
split_cell_heldout,drug_mean,"NK cells, GLPG0634",0.2537874,0.86297196,0.45054513216018677,1.7399728298187256
split_cell_heldout,drug_mean,"NK cells, Mubritinib (TAK 165)",0.38243815,0.89742905,0.6255066990852356,1.6751160621643066
split_cell_heldout,drug_mean,"NK cells, Vanoxerine",0.110063896,0.72754,0.20145639777183533,1.7705838680267334
split_cell_heldout,drug_mean,"NK cells, SB525334",0.29886833,0.86453927,0.504744291305542,1.674706220626831
split_cell_heldout,drug_mean,"NK cells, HYDROXYUREA",0.0699017,0.70016867,0.1282469481229782,1.7999107837677002
split_scaffold_heldout,global_train_mean,"NK cells, Lapatinib",-0.12644431,0.7453218,-0.26999470591545105,1.938260793685913
split_scaffold_heldout,global_train_mean,"T cells, Lapatinib",-0.021126539,0.63022053,0.022773366421461105,1.87154221534729
split_scaffold_heldout,global_train_mean,"B cells, Ganetespib (STA-9090)",0.45532227,1.6246929,0.5926526784896851,2.7180287837982178
split_scaffold_heldout,global_train_mean,"Myeloid cells, Ganetespib (STA-9090)",0.49295703,1.4386921,0.6568712592124939,2.5185048580169678
split_scaffold_heldout,global_train_mean,"NK cells, Ganetespib (STA-9090)",0.3962015,1.0746201,0.5983986854553223,2.2533745765686035
split_scaffold_heldout,global_train_mean,"T cells, Ganetespib (STA-9090)",0.43234265,2.128153,0.5193430185317993,3.02156400680542
split_scaffold_heldout,global_train_mean,"B cells, Tamatinib",0.5777203,1.1200281,0.7672917246818542,2.2554354667663574
split_scaffold_heldout,global_train_mean,"Myeloid cells, Tamatinib",0.5037795,1.3222349,0.6950457692146301,2.4572060108184814
split_scaffold_heldout,global_train_mean,"NK cells, Tamatinib",0.3280775,0.8198055,0.5016794800758362,1.877868890762329
split_scaffold_heldout,global_train_mean,"T cells, Tamatinib",0.61235106,1.0150872,0.7965669631958008,2.0880181789398193
split_scaffold_heldout,global_train_mean,"NK cells, Protriptyline",0.03610472,0.6368975,0.15241259336471558,1.7762503623962402
split_scaffold_heldout,global_train_mean,"T cells, Protriptyline",0.14725909,0.4945735,0.34938928484916687,1.6157430410385132
split_scaffold_heldout,global_train_mean,"B cells, Foretinib",0.5996468,1.0298033,0.7892537117004395,2.1655170917510986
split_scaffold_heldout,global_train_mean,"NK cells, Foretinib",0.34090713,0.73063403,0.5647123456001282,1.8555415868759155
split_scaffold_heldout,global_train_mean,"T cells, Foretinib",0.5765128,0.8009744,0.7891788482666016,1.9033293724060059
split_scaffold_heldout,global_train_mean,"B cells, IN1451",0.23791187,1.582599,0.33636221289634705,2.6665616035461426
split_scaffold_heldout,global_train_mean,"Myeloid cells, IN1451",0.2580805,2.4079213,0.31957072019577026,3.2355551719665527
split_scaffold_heldout,global_train_mean,"NK cells, IN1451",0.2292854,1.2105637,0.3412403464317322,2.368725061416626
split_scaffold_heldout,global_train_mean,"T cells, IN1451",0.2446007,2.7944849,0.2929546535015106,3.407092571258545
split_scaffold_heldout,global_train_mean,"B cells, TL_HRAS26",0.3363311,0.5928121,0.586780309677124,1.6976312398910522
split_scaffold_heldout,global_train_mean,"Myeloid cells, TL_HRAS26",0.050411098,0.62940073,0.12342840433120728,1.936471700668335
split_scaffold_heldout,global_train_mean,"NK cells, TL_HRAS26",0.078273945,0.6307867,0.10561463236808777,1.8588321208953857
split_scaffold_heldout,global_train_mean,"T cells, TL_HRAS26",0.2645029,0.52558166,0.45307183265686035,1.8670670986175537
split_scaffold_heldout,global_train_mean,"B cells, BMS-265246",-0.089838214,1.155288,-0.12472720444202423,2.429856777191162
split_scaffold_heldout,global_train_mean,"Myeloid cells, BMS-265246",0.0730757,1.73899,0.15354406833648682,2.86981463432312
split_scaffold_heldout,global_train_mean,"NK cells, BMS-265246",0.055210367,0.8965423,0.11290741711854935,2.1837222576141357
split_scaffold_heldout,global_train_mean,"T cells, BMS-265246",0.10004135,1.3746053,0.18842671811580658,2.5736889839172363
split_scaffold_heldout,global_train_mean,"B cells, Navitoclax",-0.31011057,0.955853,-0.5543593168258667,2.3111491203308105
split_scaffold_heldout,global_train_mean,"Myeloid cells, Navitoclax",-0.26776955,0.93189204,-0.40712255239486694,2.1935598850250244
split_scaffold_heldout,global_train_mean,"NK cells, Navitoclax",-0.052811038,0.7403975,-0.07324571162462234,1.9723912477493286
split_scaffold_heldout,global_train_mean,"T cells, Navitoclax",-0.04968156,0.58535147,0.3915407657623291,1.7957552671432495
split_scaffold_heldout,global_train_mean,"NK cells, BAY 61-3606",0.2896037,1.0106943,0.4783655107021332,2.175865650177002
split_scaffold_heldout,global_train_mean,"T cells, BAY 61-3606",0.33921298,1.8237892,0.44804421067237854,2.8383047580718994
split_scaffold_heldout,global_train_mean,"NK cells, RVX-208",0.13655591,0.6954798,0.167495459318161,1.8840922117233276
split_scaffold_heldout,global_train_mean,"T cells, RVX-208",0.34223247,0.8107664,0.5226393938064575,1.9807132482528687
split_scaffold_heldout,global_train_mean,"NK cells, Desloratadine",0.061160203,0.6598711,0.05007117614150047,1.8144875764846802
split_scaffold_heldout,global_train_mean,"T cells, Desloratadine",0.16127765,0.5265671,0.4117332994937897,1.5425132513046265
split_scaffold_heldout,global_train_mean,"B cells, PD-0325901",0.47788376,0.75848997,0.7288013696670532,1.9454091787338257
split_scaffold_heldout,global_train_mean,"Myeloid cells, PD-0325901",0.33917218,1.3425915,0.4993612468242645,2.5100605487823486
split_scaffold_heldout,global_train_mean,"NK cells, PD-0325901",0.26097512,0.7605286,0.4638580083847046,1.914514422416687
split_scaffold_heldout,global_train_mean,"T cells, PD-0325901",0.53778946,0.802859,0.7528350353240967,1.944191575050354
split_scaffold_heldout,global_train_mean,"NK cells, Defactinib",0.12702319,0.6677728,0.3592442274093628,1.8267890214920044
split_scaffold_heldout,global_train_mean,"T cells, Defactinib",0.1723554,0.7570594,0.3507632613182068,2.057598114013672
split_scaffold_heldout,global_train_mean,"NK cells, AZD3514",0.14354852,0.6723475,0.2972080707550049,1.8070586919784546
split_scaffold_heldout,global_train_mean,"T cells, AZD3514",0.3318625,0.7422909,0.5182636976242065,1.9305092096328735
split_scaffold_heldout,global_train_mean,"B cells, AT 7867",0.42903385,0.7360549,0.6721310019493103,1.8451406955718994
split_scaffold_heldout,global_train_mean,"Myeloid cells, AT 7867",0.15859833,1.3151811,0.30499371886253357,2.510101318359375
split_scaffold_heldout,global_train_mean,"NK cells, AT 7867",0.30737498,0.7086318,0.5378445386886597,1.8312478065490723
split_scaffold_heldout,global_train_mean,"T cells, AT 7867",0.2641196,0.85080373,0.477319598197937,2.008655071258545
split_scaffold_heldout,global_train_mean,"B cells, AZ628",0.5900716,0.85803777,0.805768609046936,1.954639196395874
split_scaffold_heldout,global_train_mean,"Myeloid cells, AZ628",0.3361895,0.94360584,0.5357925891876221,2.1051454544067383
split_scaffold_heldout,global_train_mean,"NK cells, AZ628",0.28182217,0.69347113,0.5224613547325134,1.7758662700653076
split_scaffold_heldout,global_train_mean,"T cells, AZ628",0.61473453,0.6748198,0.8278135061264038,1.7510361671447754
split_scaffold_heldout,global_train_mean,"NK cells, Ceritinib",0.29429877,0.6698315,0.49567490816116333,1.7813135385513306
split_scaffold_heldout,global_train_mean,"T cells, Ceritinib",0.49869338,0.54362565,0.7282362580299377,1.532641887664795
split_scaffold_heldout,global_train_mean,"B cells, STK219801",0.265287,0.6075067,0.41889142990112305,1.8289531469345093
split_scaffold_heldout,global_train_mean,"Myeloid cells, STK219801",0.2878406,0.6277817,0.464335560798645,1.8721362352371216
split_scaffold_heldout,global_train_mean,"NK cells, STK219801",0.121639855,0.6765051,0.17934873700141907,1.924958348274231
split_scaffold_heldout,global_train_mean,"T cells, STK219801",0.14004391,0.5640789,0.3181721270084381,1.8405814170837402
split_scaffold_heldout,global_train_mean,"NK cells, TPCA-1",0.4169726,0.833953,0.6490011811256409,1.895609736442566
split_scaffold_heldout,global_train_mean,"T cells, TPCA-1",0.6723102,1.0665166,0.8235403895378113,2.1190221309661865
split_scaffold_heldout,global_train_mean,"NK cells, MGCD-265",0.08494836,0.6526195,0.13271254301071167,1.8152027130126953
split_scaffold_heldout,global_train_mean,"T cells, MGCD-265",0.41729417,0.45405394,0.6582741737365723,1.4590736627578735
split_scaffold_heldout,global_train_mean,"NK cells, SCH-58261",-0.009908167,0.6856066,0.026336390525102615,1.8639626502990723
split_scaffold_heldout,global_train_mean,"T cells, SCH-58261",0.017814882,0.54924893,-0.07011078298091888,1.7499586343765259
split_scaffold_heldout,global_train_mean,"NK cells, Doxorubicin",0.26978457,0.8313471,0.47763416171073914,2.0562610626220703
split_scaffold_heldout,global_train_mean,"T cells, Doxorubicin",0.3559579,1.3407954,0.5229790806770325,2.5034453868865967
split_scaffold_heldout,global_train_mean,"NK cells, PF-03814735",0.32143697,0.82160956,0.523672878742218,1.924365758895874
split_scaffold_heldout,global_train_mean,"T cells, PF-03814735",0.5857091,1.0715437,0.7665538787841797,2.18247652053833
split_scaffold_heldout,global_train_mean,"NK cells, AZD4547",0.13044296,0.65706426,0.3459726572036743,1.793224811553955
split_scaffold_heldout,global_train_mean,"T cells, AZD4547",0.31246078,0.49395114,0.5220093727111816,1.570458173751831
split_scaffold_heldout,global_train_mean,"NK cells, Tacalcitol",0.21813428,0.6769091,0.38494977355003357,1.8053914308547974
split_scaffold_heldout,global_train_mean,"T cells, Tacalcitol",0.4101264,0.6227715,0.7257013320922852,1.6853870153427124
split_scaffold_heldout,global_train_mean,"NK cells, Mubritinib (TAK 165)",0.3022122,0.81199676,0.5390900373458862,1.9952492713928223
split_scaffold_heldout,global_train_mean,"T cells, Mubritinib (TAK 165)",0.3847618,1.1031295,0.5884015560150146,2.3281972408294678
split_scaffold_heldout,global_train_mean,"B cells, Lapatinib",-0.0624868,0.6726059,-0.10781621187925339,1.8986903429031372
split_scaffold_heldout,global_train_mean,"Myeloid cells, Lapatinib",-0.11615098,0.6852365,-0.14769841730594635,1.9833154678344727
split_scaffold_heldout,global_train_mean,"B cells, Protriptyline",0.0049143727,0.5883916,0.017837025225162506,1.734528660774231
split_scaffold_heldout,global_train_mean,"Myeloid cells, Protriptyline",0.07579526,0.55047184,0.11302869766950607,1.6984513998031616
split_scaffold_heldout,global_train_mean,"B cells, BAY 61-3606",0.40681326,1.1922362,0.6057119369506836,2.3404970169067383
split_scaffold_heldout,global_train_mean,"Myeloid cells, BAY 61-3606",0.4267022,1.8689545,0.5560352802276611,2.877352476119995
split_scaffold_heldout,global_train_mean,"B cells, RVX-208",0.34233227,0.7189688,0.5431368947029114,1.8433514833450317
split_scaffold_heldout,global_train_mean,"Myeloid cells, RVX-208",0.24941996,0.87981516,0.4328702688217163,2.076970338821411
split_scaffold_heldout,global_train_mean,"B cells, Desloratadine",0.15248053,0.57360345,0.19176419079303741,1.667407751083374
split_scaffold_heldout,global_train_mean,"Myeloid cells, Desloratadine",0.0848369,0.6309567,0.13910606503486633,1.7504408359527588
split_scaffold_heldout,global_train_mean,"B cells, Defactinib",0.34565833,0.70233744,0.6064236164093018,1.76508367061615
split_scaffold_heldout,global_train_mean,"Myeloid cells, Defactinib",0.42278892,0.9961607,0.6771581172943115,2.1273741722106934
split_scaffold_heldout,global_train_mean,"B cells, AZD3514",0.2876098,0.6978013,0.4654967486858368,1.8499025106430054
split_scaffold_heldout,global_train_mean,"Myeloid cells, AZD3514",0.37926963,0.7943478,0.643142819404602,1.9482628107070923
split_scaffold_heldout,global_train_mean,"B cells, Ceritinib",0.38400757,0.56392527,0.6410782337188721,1.6058324575424194
split_scaffold_heldout,global_train_mean,"Myeloid cells, Ceritinib",0.37760612,0.91304314,0.6414444446563721,2.1653521060943604
split_scaffold_heldout,global_train_mean,"B cells, TPCA-1",0.6475968,1.0713856,0.8073359727859497,2.166463851928711
split_scaffold_heldout,global_train_mean,"Myeloid cells, TPCA-1",0.483607,1.3844407,0.6620780825614929,2.5116255283355713
split_scaffold_heldout,global_train_mean,"B cells, MGCD-265",0.37570435,0.6583013,0.6170193552970886,1.7462146282196045
split_scaffold_heldout,global_train_mean,"Myeloid cells, MGCD-265",0.308645,0.58674484,0.5472660660743713,1.6443208456039429
split_scaffold_heldout,global_train_mean,"B cells, SCH-58261",-0.056341935,0.60300237,-0.08672693371772766,1.7728041410446167
split_scaffold_heldout,global_train_mean,"Myeloid cells, SCH-58261",0.25695005,0.6329087,0.5567371845245361,1.7154432535171509
split_scaffold_heldout,global_train_mean,"B cells, Doxorubicin",-0.01997028,1.783539,-0.009962193667888641,2.905836582183838
split_scaffold_heldout,global_train_mean,"Myeloid cells, Doxorubicin",0.15862751,2.3375285,0.20571453869342804,3.1827967166900635
split_scaffold_heldout,global_train_mean,"B cells, PF-03814735",0.52145076,1.1738791,0.708777666091919,2.3468682765960693
split_scaffold_heldout,global_train_mean,"Myeloid cells, PF-03814735",0.56853044,1.8408182,0.6927177906036377,2.8036928176879883
split_scaffold_heldout,global_train_mean,"B cells, AZD4547",0.17479655,0.5805375,0.4124632477760315,1.7270681858062744
split_scaffold_heldout,global_train_mean,"Myeloid cells, AZD4547",0.23870227,0.65286255,0.4888482391834259,1.8355863094329834
split_scaffold_heldout,global_train_mean,"B cells, Tacalcitol",0.3579179,0.6499902,0.5815810561180115,1.703630805015564
split_scaffold_heldout,global_train_mean,"Myeloid cells, Tacalcitol",0.16077599,2.2143097,0.2105904072523117,3.155996084213257
split_scaffold_heldout,global_train_mean,"B cells, Mubritinib (TAK 165)",0.4641686,0.7836911,0.7155455350875854,1.9275943040847778
split_scaffold_heldout,global_train_mean,"Myeloid cells, Mubritinib (TAK 165)",0.14400855,1.1486508,0.22791332006454468,2.4046239852905273
split_scaffold_heldout,cell_context_mean,"NK cells, Lapatinib",0.009763988,0.711455,-0.01860578916966915,1.875805139541626
split_scaffold_heldout,cell_context_mean,"T cells, Lapatinib",0.042406224,0.6520373,0.1119658574461937,1.858513593673706
split_scaffold_heldout,cell_context_mean,"B cells, Ganetespib (STA-9090)",0.52230686,1.5716698,0.6605271100997925,2.616340398788452
split_scaffold_heldout,cell_context_mean,"Myeloid cells, Ganetespib (STA-9090)",0.5082991,1.3881427,0.6628846526145935,2.4126088619232178
split_scaffold_heldout,cell_context_mean,"NK cells, Ganetespib (STA-9090)",0.4337618,1.0701444,0.6673929691314697,2.247204065322876
split_scaffold_heldout,cell_context_mean,"T cells, Ganetespib (STA-9090)",0.5164374,2.0698242,0.5937502980232239,2.9358320236206055
split_scaffold_heldout,cell_context_mean,"B cells, Tamatinib",0.66755253,1.048668,0.8266996741294861,2.0910091400146484
split_scaffold_heldout,cell_context_mean,"Myeloid cells, Tamatinib",0.68853396,1.2016746,0.837605893611908,2.2192580699920654
split_scaffold_heldout,cell_context_mean,"NK cells, Tamatinib",0.4125446,0.80251205,0.6367021799087524,1.8441674709320068
split_scaffold_heldout,cell_context_mean,"T cells, Tamatinib",0.59806025,0.98079634,0.7848614454269409,1.9920380115509033
split_scaffold_heldout,cell_context_mean,"NK cells, Protriptyline",0.19024368,0.6000364,0.42661672830581665,1.7136629819869995
split_scaffold_heldout,cell_context_mean,"T cells, Protriptyline",0.22021858,0.5091536,0.46017947793006897,1.533022165298462
split_scaffold_heldout,cell_context_mean,"B cells, Foretinib",0.6549751,0.970034,0.8298534750938416,2.0127792358398438
split_scaffold_heldout,cell_context_mean,"NK cells, Foretinib",0.4113376,0.7160626,0.6674451231956482,1.8293672800064087
split_scaffold_heldout,cell_context_mean,"T cells, Foretinib",0.63549316,0.748757,0.8201684355735779,1.7547856569290161
split_scaffold_heldout,cell_context_mean,"B cells, IN1451",0.27300698,1.5648254,0.37791314721107483,2.6239206790924072
split_scaffold_heldout,cell_context_mean,"Myeloid cells, IN1451",0.29035455,2.376716,0.36015647649765015,3.1854264736175537
split_scaffold_heldout,cell_context_mean,"NK cells, IN1451",0.2656318,1.2038316,0.4270227551460266,2.3541765213012695
split_scaffold_heldout,cell_context_mean,"T cells, IN1451",0.26773927,2.7729683,0.3165229558944702,3.378142833709717
split_scaffold_heldout,cell_context_mean,"B cells, TL_HRAS26",0.38082826,0.5876635,0.6269790530204773,1.60234797000885
split_scaffold_heldout,cell_context_mean,"Myeloid cells, TL_HRAS26",0.1030445,0.6667562,0.255217581987381,1.8900758028030396
split_scaffold_heldout,cell_context_mean,"NK cells, TL_HRAS26",0.1899087,0.6031084,0.34016862511634827,1.8033968210220337
split_scaffold_heldout,cell_context_mean,"T cells, TL_HRAS26",0.3252647,0.52825636,0.5324517488479614,1.7953953742980957
split_scaffold_heldout,cell_context_mean,"B cells, BMS-265246",-0.06622474,1.1787193,-0.09359639883041382,2.4489316940307617
split_scaffold_heldout,cell_context_mean,"Myeloid cells, BMS-265246",0.088459976,1.746616,0.15848790109157562,2.8620359897613525
split_scaffold_heldout,cell_context_mean,"NK cells, BMS-265246",0.24983957,0.85248,0.4601828157901764,2.089498281478882
split_scaffold_heldout,cell_context_mean,"T cells, BMS-265246",0.13096125,1.3733444,0.21085603535175323,2.5564076900482178
split_scaffold_heldout,cell_context_mean,"B cells, Navitoclax",-0.2224797,0.98302984,-0.41968780755996704,2.342616319656372
split_scaffold_heldout,cell_context_mean,"Myeloid cells, Navitoclax",-0.25377557,1.0003436,-0.4045829474925995,2.2916574478149414
split_scaffold_heldout,cell_context_mean,"NK cells, Navitoclax",0.03495131,0.71690786,0.06248908117413521,1.9420818090438843
split_scaffold_heldout,cell_context_mean,"T cells, Navitoclax",0.0005050412,0.61651546,0.48854461312294006,1.7144681215286255
split_scaffold_heldout,cell_context_mean,"NK cells, BAY 61-3606",0.3866303,0.9910281,0.6196152567863464,2.1424832344055176
split_scaffold_heldout,cell_context_mean,"T cells, BAY 61-3606",0.3976809,1.7856171,0.5099733471870422,2.771906852722168
split_scaffold_heldout,cell_context_mean,"NK cells, RVX-208",0.22021501,0.6748083,0.34259864687919617,1.8384547233581543
split_scaffold_heldout,cell_context_mean,"T cells, RVX-208",0.40064228,0.7880696,0.5757051706314087,1.9027764797210693
split_scaffold_heldout,cell_context_mean,"NK cells, Desloratadine",0.17004906,0.6327958,0.35110169649124146,1.7474262714385986
split_scaffold_heldout,cell_context_mean,"T cells, Desloratadine",0.27280226,0.52464134,0.5044119954109192,1.435945749282837
split_scaffold_heldout,cell_context_mean,"B cells, PD-0325901",0.58678746,0.70156646,0.8113686442375183,1.7553192377090454
split_scaffold_heldout,cell_context_mean,"Myeloid cells, PD-0325901",0.5804991,1.2282933,0.7515333890914917,2.2802577018737793
split_scaffold_heldout,cell_context_mean,"NK cells, PD-0325901",0.31377733,0.74879205,0.538718044757843,1.8960400819778442
split_scaffold_heldout,cell_context_mean,"T cells, PD-0325901",0.5671586,0.766993,0.7567634582519531,1.8428053855895996
split_scaffold_heldout,cell_context_mean,"NK cells, Defactinib",0.23632242,0.641353,0.5298091769218445,1.7690107822418213
split_scaffold_heldout,cell_context_mean,"T cells, Defactinib",0.2665879,0.74324155,0.46749410033226013,1.9708718061447144
split_scaffold_heldout,cell_context_mean,"NK cells, AZD3514",0.25543082,0.6455858,0.4305214583873749,1.7667714357376099
split_scaffold_heldout,cell_context_mean,"T cells, AZD3514",0.3505743,0.7370601,0.5351456999778748,1.8751838207244873
split_scaffold_heldout,cell_context_mean,"B cells, AT 7867",0.54989576,0.6825361,0.7742040753364563,1.663083791732788
split_scaffold_heldout,cell_context_mean,"Myeloid cells, AT 7867",0.20788671,1.3056839,0.3461497128009796,2.4596362113952637
split_scaffold_heldout,cell_context_mean,"NK cells, AT 7867",0.4022575,0.6878926,0.6710864901542664,1.7858840227127075
split_scaffold_heldout,cell_context_mean,"T cells, AT 7867",0.307666,0.84069705,0.582654595375061,1.9225702285766602
split_scaffold_heldout,cell_context_mean,"B cells, AZ628",0.6951677,0.7832115,0.8480451703071594,1.7616616487503052
split_scaffold_heldout,cell_context_mean,"Myeloid cells, AZ628",0.5181059,0.86534965,0.7443792819976807,1.8776582479476929
split_scaffold_heldout,cell_context_mean,"NK cells, AZ628",0.34900737,0.6783965,0.6134940981864929,1.7420116662979126
split_scaffold_heldout,cell_context_mean,"T cells, AZ628",0.62093556,0.64233166,0.8281062841415405,1.6206450462341309
split_scaffold_heldout,cell_context_mean,"NK cells, Ceritinib",0.37911323,0.65081507,0.6106014847755432,1.7429507970809937
split_scaffold_heldout,cell_context_mean,"T cells, Ceritinib",0.5224535,0.5283048,0.6974747776985168,1.433373212814331
split_scaffold_heldout,cell_context_mean,"B cells, STK219801",0.3083724,0.60940087,0.5104292631149292,1.7301024198532104
split_scaffold_heldout,cell_context_mean,"Myeloid cells, STK219801",0.34531108,0.6288245,0.5361186265945435,1.7799147367477417
split_scaffold_heldout,cell_context_mean,"NK cells, STK219801",0.22192213,0.65199095,0.38632723689079285,1.8733283281326294
split_scaffold_heldout,cell_context_mean,"T cells, STK219801",0.15629776,0.58988297,0.4009059965610504,1.7967016696929932
split_scaffold_heldout,cell_context_mean,"NK cells, TPCA-1",0.44741774,0.83045304,0.6955366730690002,1.8914719820022583
split_scaffold_heldout,cell_context_mean,"T cells, TPCA-1",0.70511013,1.006527,0.8331913352012634,1.9811347723007202
split_scaffold_heldout,cell_context_mean,"NK cells, MGCD-265",0.20199095,0.6240139,0.4381408989429474,1.7457740306854248
split_scaffold_heldout,cell_context_mean,"T cells, MGCD-265",0.40758684,0.46961933,0.6756812930107117,1.367256999015808
split_scaffold_heldout,cell_context_mean,"NK cells, SCH-58261",0.13254835,0.6511244,0.26790371537208557,1.8117504119873047
split_scaffold_heldout,cell_context_mean,"T cells, SCH-58261",0.0072588366,0.59392047,-0.08589676022529602,1.8033888339996338
split_scaffold_heldout,cell_context_mean,"NK cells, Doxorubicin",0.33453518,0.8175694,0.5627819299697876,2.0385005474090576
split_scaffold_heldout,cell_context_mean,"T cells, Doxorubicin",0.402318,1.3094035,0.5727477073669434,2.4322144985198975
split_scaffold_heldout,cell_context_mean,"NK cells, PF-03814735",0.3994549,0.80565405,0.6409813761711121,1.889061450958252
split_scaffold_heldout,cell_context_mean,"T cells, PF-03814735",0.5681112,1.0405803,0.744159460067749,2.095651388168335
split_scaffold_heldout,cell_context_mean,"NK cells, AZD4547",0.24906296,0.6286057,0.4886018633842468,1.7473276853561401
split_scaffold_heldout,cell_context_mean,"T cells, AZD4547",0.30131608,0.51723593,0.5286054015159607,1.5304982662200928
split_scaffold_heldout,cell_context_mean,"NK cells, Tacalcitol",0.29854843,0.6578702,0.5082976818084717,1.7684358358383179
split_scaffold_heldout,cell_context_mean,"T cells, Tacalcitol",0.47220752,0.59951174,0.7640746831893921,1.5464286804199219
split_scaffold_heldout,cell_context_mean,"NK cells, Mubritinib (TAK 165)",0.31851897,0.80931497,0.5597637891769409,1.9978114366531372
split_scaffold_heldout,cell_context_mean,"T cells, Mubritinib (TAK 165)",0.44984162,1.0659739,0.6346529126167297,2.2360005378723145
split_scaffold_heldout,cell_context_mean,"B cells, Lapatinib",-0.043148562,0.7100103,-0.062069982290267944,1.9085272550582886
split_scaffold_heldout,cell_context_mean,"Myeloid cells, Lapatinib",-0.061019808,0.7375962,-0.026600414887070656,1.9943106174468994
split_scaffold_heldout,cell_context_mean,"B cells, Protriptyline",0.08560085,0.6078418,0.2500156760215759,1.6715196371078491
split_scaffold_heldout,cell_context_mean,"Myeloid cells, Protriptyline",0.1944743,0.57228124,0.4522821009159088,1.5393985509872437
split_scaffold_heldout,cell_context_mean,"B cells, BAY 61-3606",0.44790906,1.1581782,0.6289640069007874,2.26013445854187
split_scaffold_heldout,cell_context_mean,"Myeloid cells, BAY 61-3606",0.4811724,1.8084322,0.6205535531044006,2.768744707107544
split_scaffold_heldout,cell_context_mean,"B cells, RVX-208",0.38693777,0.7049222,0.6028793454170227,1.7514688968658447
split_scaffold_heldout,cell_context_mean,"Myeloid cells, RVX-208",0.24242978,0.89256287,0.41484227776527405,2.034853219985962
split_scaffold_heldout,cell_context_mean,"B cells, Desloratadine",0.19967034,0.5889893,0.309561163187027,1.612512230873108
split_scaffold_heldout,cell_context_mean,"Myeloid cells, Desloratadine",0.05352709,0.690975,0.10792521387338638,1.7762354612350464
split_scaffold_heldout,cell_context_mean,"B cells, Defactinib",0.43645617,0.6732853,0.685124933719635,1.6397309303283691
split_scaffold_heldout,cell_context_mean,"Myeloid cells, Defactinib",0.5977228,0.90219885,0.7908843159675598,1.8965682983398438
split_scaffold_heldout,cell_context_mean,"B cells, AZD3514",0.30061552,0.70206594,0.46570149064064026,1.8117401599884033
split_scaffold_heldout,cell_context_mean,"Myeloid cells, AZD3514",0.3960566,0.7826597,0.6489500999450684,1.840989351272583
split_scaffold_heldout,cell_context_mean,"B cells, Ceritinib",0.42281684,0.55725116,0.6769422292709351,1.4930508136749268
split_scaffold_heldout,cell_context_mean,"Myeloid cells, Ceritinib",0.5296774,0.8408322,0.7813398241996765,1.9281632900238037
split_scaffold_heldout,cell_context_mean,"B cells, TPCA-1",0.7373185,0.9914111,0.8705704808235168,1.983965277671814
split_scaffold_heldout,cell_context_mean,"Myeloid cells, TPCA-1",0.6623238,1.2693737,0.8069655895233154,2.2909834384918213
split_scaffold_heldout,cell_context_mean,"B cells, MGCD-265",0.5087307,0.61154985,0.7208989262580872,1.568568468093872
split_scaffold_heldout,cell_context_mean,"Myeloid cells, MGCD-265",0.30287758,0.6121868,0.5640259981155396,1.5574767589569092
split_scaffold_heldout,cell_context_mean,"B cells, SCH-58261",0.00018439714,0.6332218,0.036379989236593246,1.772585391998291
split_scaffold_heldout,cell_context_mean,"Myeloid cells, SCH-58261",0.24869226,0.6621759,0.49595576524734497,1.6872488260269165
split_scaffold_heldout,cell_context_mean,"B cells, Doxorubicin",0.029055435,1.783994,0.05998104438185692,2.8929240703582764
split_scaffold_heldout,cell_context_mean,"Myeloid cells, Doxorubicin",0.16777076,2.3293746,0.214300274848938,3.1631293296813965
split_scaffold_heldout,cell_context_mean,"B cells, PF-03814735",0.62551206,1.1037364,0.7913514375686646,2.187852144241333
split_scaffold_heldout,cell_context_mean,"Myeloid cells, PF-03814735",0.69725734,1.7274728,0.7974003553390503,2.626401901245117
split_scaffold_heldout,cell_context_mean,"B cells, AZD4547",0.25279164,0.58394283,0.5008739829063416,1.6385873556137085
split_scaffold_heldout,cell_context_mean,"Myeloid cells, AZD4547",0.29653043,0.65931904,0.5681613087654114,1.717911720275879
split_scaffold_heldout,cell_context_mean,"B cells, Tacalcitol",0.43350333,0.6270407,0.6693958640098572,1.5798349380493164
split_scaffold_heldout,cell_context_mean,"Myeloid cells, Tacalcitol",0.05982506,2.2468612,0.08532987534999847,3.191946506500244
split_scaffold_heldout,cell_context_mean,"B cells, Mubritinib (TAK 165)",0.47866997,0.76315373,0.7100113034248352,1.8251819610595703
split_scaffold_heldout,cell_context_mean,"Myeloid cells, Mubritinib (TAK 165)",0.26774,1.1180905,0.41757524013519287,2.2990307807922363
split_scaffold_heldout,drug_mean,"NK cells, Lapatinib",-0.12644431,0.7453218,-0.26999470591545105,1.938260793685913
split_scaffold_heldout,drug_mean,"T cells, Lapatinib",-0.021126539,0.63022053,0.022773366421461105,1.87154221534729
split_scaffold_heldout,drug_mean,"B cells, Ganetespib (STA-9090)",0.45532227,1.6246929,0.5926526784896851,2.7180287837982178
split_scaffold_heldout,drug_mean,"Myeloid cells, Ganetespib (STA-9090)",0.49295703,1.4386921,0.6568712592124939,2.5185048580169678
split_scaffold_heldout,drug_mean,"NK cells, Ganetespib (STA-9090)",0.3962015,1.0746201,0.5983986854553223,2.2533745765686035
split_scaffold_heldout,drug_mean,"T cells, Ganetespib (STA-9090)",0.43234265,2.128153,0.5193430185317993,3.02156400680542
split_scaffold_heldout,drug_mean,"B cells, Tamatinib",0.5777203,1.1200281,0.7672917246818542,2.2554354667663574
split_scaffold_heldout,drug_mean,"Myeloid cells, Tamatinib",0.5037795,1.3222349,0.6950457692146301,2.4572060108184814
split_scaffold_heldout,drug_mean,"NK cells, Tamatinib",0.3280775,0.8198055,0.5016794800758362,1.877868890762329
split_scaffold_heldout,drug_mean,"T cells, Tamatinib",0.61235106,1.0150872,0.7965669631958008,2.0880181789398193
split_scaffold_heldout,drug_mean,"NK cells, Protriptyline",0.03610472,0.6368975,0.15241259336471558,1.7762503623962402
split_scaffold_heldout,drug_mean,"T cells, Protriptyline",0.14725909,0.4945735,0.34938928484916687,1.6157430410385132
split_scaffold_heldout,drug_mean,"B cells, Foretinib",0.5996468,1.0298033,0.7892537117004395,2.1655170917510986
split_scaffold_heldout,drug_mean,"NK cells, Foretinib",0.34090713,0.73063403,0.5647123456001282,1.8555415868759155
split_scaffold_heldout,drug_mean,"T cells, Foretinib",0.5765128,0.8009744,0.7891788482666016,1.9033293724060059
split_scaffold_heldout,drug_mean,"B cells, IN1451",0.23791187,1.582599,0.33636221289634705,2.6665616035461426
split_scaffold_heldout,drug_mean,"Myeloid cells, IN1451",0.2580805,2.4079213,0.31957072019577026,3.2355551719665527
split_scaffold_heldout,drug_mean,"NK cells, IN1451",0.2292854,1.2105637,0.3412403464317322,2.368725061416626
split_scaffold_heldout,drug_mean,"T cells, IN1451",0.2446007,2.7944849,0.2929546535015106,3.407092571258545
split_scaffold_heldout,drug_mean,"B cells, TL_HRAS26",0.3363311,0.5928121,0.586780309677124,1.6976312398910522
split_scaffold_heldout,drug_mean,"Myeloid cells, TL_HRAS26",0.050411098,0.62940073,0.12342840433120728,1.936471700668335
split_scaffold_heldout,drug_mean,"NK cells, TL_HRAS26",0.078273945,0.6307867,0.10561463236808777,1.8588321208953857
split_scaffold_heldout,drug_mean,"T cells, TL_HRAS26",0.2645029,0.52558166,0.45307183265686035,1.8670670986175537
split_scaffold_heldout,drug_mean,"B cells, BMS-265246",-0.089838214,1.155288,-0.12472720444202423,2.429856777191162
split_scaffold_heldout,drug_mean,"Myeloid cells, BMS-265246",0.0730757,1.73899,0.15354406833648682,2.86981463432312
split_scaffold_heldout,drug_mean,"NK cells, BMS-265246",0.055210367,0.8965423,0.11290741711854935,2.1837222576141357
split_scaffold_heldout,drug_mean,"T cells, BMS-265246",0.10004135,1.3746053,0.18842671811580658,2.5736889839172363
split_scaffold_heldout,drug_mean,"B cells, Navitoclax",-0.31011057,0.955853,-0.5543593168258667,2.3111491203308105
split_scaffold_heldout,drug_mean,"Myeloid cells, Navitoclax",-0.26776955,0.93189204,-0.40712255239486694,2.1935598850250244
split_scaffold_heldout,drug_mean,"NK cells, Navitoclax",-0.052811038,0.7403975,-0.07324571162462234,1.9723912477493286
split_scaffold_heldout,drug_mean,"T cells, Navitoclax",-0.04968156,0.58535147,0.3915407657623291,1.7957552671432495
split_scaffold_heldout,drug_mean,"NK cells, BAY 61-3606",0.2896037,1.0106943,0.4783655107021332,2.175865650177002
split_scaffold_heldout,drug_mean,"T cells, BAY 61-3606",0.33921298,1.8237892,0.44804421067237854,2.8383047580718994
split_scaffold_heldout,drug_mean,"NK cells, RVX-208",0.13655591,0.6954798,0.167495459318161,1.8840922117233276
split_scaffold_heldout,drug_mean,"T cells, RVX-208",0.34223247,0.8107664,0.5226393938064575,1.9807132482528687
split_scaffold_heldout,drug_mean,"NK cells, Desloratadine",0.061160203,0.6598711,0.05007117614150047,1.8144875764846802
split_scaffold_heldout,drug_mean,"T cells, Desloratadine",0.16127765,0.5265671,0.4117332994937897,1.5425132513046265
split_scaffold_heldout,drug_mean,"B cells, PD-0325901",0.47788376,0.75848997,0.7288013696670532,1.9454091787338257
split_scaffold_heldout,drug_mean,"Myeloid cells, PD-0325901",0.33917218,1.3425915,0.4993612468242645,2.5100605487823486
split_scaffold_heldout,drug_mean,"NK cells, PD-0325901",0.26097512,0.7605286,0.4638580083847046,1.914514422416687
split_scaffold_heldout,drug_mean,"T cells, PD-0325901",0.53778946,0.802859,0.7528350353240967,1.944191575050354
split_scaffold_heldout,drug_mean,"NK cells, Defactinib",0.12702319,0.6677728,0.3592442274093628,1.8267890214920044
split_scaffold_heldout,drug_mean,"T cells, Defactinib",0.1723554,0.7570594,0.3507632613182068,2.057598114013672
split_scaffold_heldout,drug_mean,"NK cells, AZD3514",0.14354852,0.6723475,0.2972080707550049,1.8070586919784546
split_scaffold_heldout,drug_mean,"T cells, AZD3514",0.3318625,0.7422909,0.5182636976242065,1.9305092096328735
split_scaffold_heldout,drug_mean,"B cells, AT 7867",0.42903385,0.7360549,0.6721310019493103,1.8451406955718994
split_scaffold_heldout,drug_mean,"Myeloid cells, AT 7867",0.15859833,1.3151811,0.30499371886253357,2.510101318359375
split_scaffold_heldout,drug_mean,"NK cells, AT 7867",0.30737498,0.7086318,0.5378445386886597,1.8312478065490723
split_scaffold_heldout,drug_mean,"T cells, AT 7867",0.2641196,0.85080373,0.477319598197937,2.008655071258545
split_scaffold_heldout,drug_mean,"B cells, AZ628",0.5900716,0.85803777,0.805768609046936,1.954639196395874
split_scaffold_heldout,drug_mean,"Myeloid cells, AZ628",0.3361895,0.94360584,0.5357925891876221,2.1051454544067383
split_scaffold_heldout,drug_mean,"NK cells, AZ628",0.28182217,0.69347113,0.5224613547325134,1.7758662700653076
split_scaffold_heldout,drug_mean,"T cells, AZ628",0.61473453,0.6748198,0.8278135061264038,1.7510361671447754
split_scaffold_heldout,drug_mean,"NK cells, Ceritinib",0.29429877,0.6698315,0.49567490816116333,1.7813135385513306
split_scaffold_heldout,drug_mean,"T cells, Ceritinib",0.49869338,0.54362565,0.7282362580299377,1.532641887664795
split_scaffold_heldout,drug_mean,"B cells, STK219801",0.265287,0.6075067,0.41889142990112305,1.8289531469345093
split_scaffold_heldout,drug_mean,"Myeloid cells, STK219801",0.2878406,0.6277817,0.464335560798645,1.8721362352371216
split_scaffold_heldout,drug_mean,"NK cells, STK219801",0.121639855,0.6765051,0.17934873700141907,1.924958348274231
split_scaffold_heldout,drug_mean,"T cells, STK219801",0.14004391,0.5640789,0.3181721270084381,1.8405814170837402
split_scaffold_heldout,drug_mean,"NK cells, TPCA-1",0.4169726,0.833953,0.6490011811256409,1.895609736442566
split_scaffold_heldout,drug_mean,"T cells, TPCA-1",0.6723102,1.0665166,0.8235403895378113,2.1190221309661865
split_scaffold_heldout,drug_mean,"NK cells, MGCD-265",0.08494836,0.6526195,0.13271254301071167,1.8152027130126953
split_scaffold_heldout,drug_mean,"T cells, MGCD-265",0.41729417,0.45405394,0.6582741737365723,1.4590736627578735
split_scaffold_heldout,drug_mean,"NK cells, SCH-58261",-0.009908167,0.6856066,0.026336390525102615,1.8639626502990723
split_scaffold_heldout,drug_mean,"T cells, SCH-58261",0.017814882,0.54924893,-0.07011078298091888,1.7499586343765259
split_scaffold_heldout,drug_mean,"NK cells, Doxorubicin",0.26978457,0.8313471,0.47763416171073914,2.0562610626220703
split_scaffold_heldout,drug_mean,"T cells, Doxorubicin",0.3559579,1.3407954,0.5229790806770325,2.5034453868865967
split_scaffold_heldout,drug_mean,"NK cells, PF-03814735",0.32143697,0.82160956,0.523672878742218,1.924365758895874
split_scaffold_heldout,drug_mean,"T cells, PF-03814735",0.5857091,1.0715437,0.7665538787841797,2.18247652053833
split_scaffold_heldout,drug_mean,"NK cells, AZD4547",0.13044296,0.65706426,0.3459726572036743,1.793224811553955
split_scaffold_heldout,drug_mean,"T cells, AZD4547",0.31246078,0.49395114,0.5220093727111816,1.570458173751831
split_scaffold_heldout,drug_mean,"NK cells, Tacalcitol",0.21813428,0.6769091,0.38494977355003357,1.8053914308547974
split_scaffold_heldout,drug_mean,"T cells, Tacalcitol",0.4101264,0.6227715,0.7257013320922852,1.6853870153427124
split_scaffold_heldout,drug_mean,"NK cells, Mubritinib (TAK 165)",0.3022122,0.81199676,0.5390900373458862,1.9952492713928223
split_scaffold_heldout,drug_mean,"T cells, Mubritinib (TAK 165)",0.3847618,1.1031295,0.5884015560150146,2.3281972408294678
split_scaffold_heldout,drug_mean,"B cells, Lapatinib",-0.0624868,0.6726059,-0.10781621187925339,1.8986903429031372
split_scaffold_heldout,drug_mean,"Myeloid cells, Lapatinib",-0.11615098,0.6852365,-0.14769841730594635,1.9833154678344727
split_scaffold_heldout,drug_mean,"B cells, Protriptyline",0.0049143727,0.5883916,0.017837025225162506,1.734528660774231
split_scaffold_heldout,drug_mean,"Myeloid cells, Protriptyline",0.07579526,0.55047184,0.11302869766950607,1.6984513998031616
split_scaffold_heldout,drug_mean,"B cells, BAY 61-3606",0.40681326,1.1922362,0.6057119369506836,2.3404970169067383
split_scaffold_heldout,drug_mean,"Myeloid cells, BAY 61-3606",0.4267022,1.8689545,0.5560352802276611,2.877352476119995
split_scaffold_heldout,drug_mean,"B cells, RVX-208",0.34233227,0.7189688,0.5431368947029114,1.8433514833450317
split_scaffold_heldout,drug_mean,"Myeloid cells, RVX-208",0.24941996,0.87981516,0.4328702688217163,2.076970338821411
split_scaffold_heldout,drug_mean,"B cells, Desloratadine",0.15248053,0.57360345,0.19176419079303741,1.667407751083374
split_scaffold_heldout,drug_mean,"Myeloid cells, Desloratadine",0.0848369,0.6309567,0.13910606503486633,1.7504408359527588
split_scaffold_heldout,drug_mean,"B cells, Defactinib",0.34565833,0.70233744,0.6064236164093018,1.76508367061615
split_scaffold_heldout,drug_mean,"Myeloid cells, Defactinib",0.42278892,0.9961607,0.6771581172943115,2.1273741722106934
split_scaffold_heldout,drug_mean,"B cells, AZD3514",0.2876098,0.6978013,0.4654967486858368,1.8499025106430054
split_scaffold_heldout,drug_mean,"Myeloid cells, AZD3514",0.37926963,0.7943478,0.643142819404602,1.9482628107070923
split_scaffold_heldout,drug_mean,"B cells, Ceritinib",0.38400757,0.56392527,0.6410782337188721,1.6058324575424194
split_scaffold_heldout,drug_mean,"Myeloid cells, Ceritinib",0.37760612,0.91304314,0.6414444446563721,2.1653521060943604
split_scaffold_heldout,drug_mean,"B cells, TPCA-1",0.6475968,1.0713856,0.8073359727859497,2.166463851928711
split_scaffold_heldout,drug_mean,"Myeloid cells, TPCA-1",0.483607,1.3844407,0.6620780825614929,2.5116255283355713
split_scaffold_heldout,drug_mean,"B cells, MGCD-265",0.37570435,0.6583013,0.6170193552970886,1.7462146282196045
split_scaffold_heldout,drug_mean,"Myeloid cells, MGCD-265",0.308645,0.58674484,0.5472660660743713,1.6443208456039429
split_scaffold_heldout,drug_mean,"B cells, SCH-58261",-0.056341935,0.60300237,-0.08672693371772766,1.7728041410446167
split_scaffold_heldout,drug_mean,"Myeloid cells, SCH-58261",0.25695005,0.6329087,0.5567371845245361,1.7154432535171509
split_scaffold_heldout,drug_mean,"B cells, Doxorubicin",-0.01997028,1.783539,-0.009962193667888641,2.905836582183838
split_scaffold_heldout,drug_mean,"Myeloid cells, Doxorubicin",0.15862751,2.3375285,0.20571453869342804,3.1827967166900635
split_scaffold_heldout,drug_mean,"B cells, PF-03814735",0.52145076,1.1738791,0.708777666091919,2.3468682765960693
split_scaffold_heldout,drug_mean,"Myeloid cells, PF-03814735",0.56853044,1.8408182,0.6927177906036377,2.8036928176879883
split_scaffold_heldout,drug_mean,"B cells, AZD4547",0.17479655,0.5805375,0.4124632477760315,1.7270681858062744
split_scaffold_heldout,drug_mean,"Myeloid cells, AZD4547",0.23870227,0.65286255,0.4888482391834259,1.8355863094329834
split_scaffold_heldout,drug_mean,"B cells, Tacalcitol",0.3579179,0.6499902,0.5815810561180115,1.703630805015564
split_scaffold_heldout,drug_mean,"Myeloid cells, Tacalcitol",0.16077599,2.2143097,0.2105904072523117,3.155996084213257
split_scaffold_heldout,drug_mean,"B cells, Mubritinib (TAK 165)",0.4641686,0.7836911,0.7155455350875854,1.9275943040847778
split_scaffold_heldout,drug_mean,"Myeloid cells, Mubritinib (TAK 165)",0.14400855,1.1486508,0.22791332006454468,2.4046239852905273
split_cell_scaffold_heldout,global_train_mean,"NK cells, Lapatinib",-0.146991,0.766938,-0.3139968812465668,1.9628862142562866
split_cell_scaffold_heldout,global_train_mean,"NK cells, Ganetespib (STA-9090)",0.33776358,1.0835919,0.5325044393539429,2.2593438625335693
split_cell_scaffold_heldout,global_train_mean,"NK cells, Tamatinib",0.26557294,0.8352445,0.4191277325153351,1.894257664680481
split_cell_scaffold_heldout,global_train_mean,"NK cells, Protriptyline",-0.009083927,0.6611149,0.024203678593039513,1.8016258478164673
split_cell_scaffold_heldout,global_train_mean,"NK cells, Foretinib",0.28054455,0.74635065,0.4898706376552582,1.8694682121276855
split_cell_scaffold_heldout,global_train_mean,"NK cells, IN1451",0.19160266,1.2194502,0.2840763330459595,2.3775200843811035
split_cell_scaffold_heldout,global_train_mean,"NK cells, TL_HRAS26",0.039164938,0.65229505,0.0024448048789054155,1.881822109222412
split_cell_scaffold_heldout,global_train_mean,"NK cells, BMS-265246",-0.0030265946,0.91966134,0.006122341845184565,2.2192301750183105
split_cell_scaffold_heldout,global_train_mean,"NK cells, Navitoclax",-0.069558375,0.75882286,-0.10350345075130463,1.9866423606872559
split_cell_scaffold_heldout,global_train_mean,"NK cells, BAY 61-3606",0.22848728,1.025109,0.39674562215805054,2.1908700466156006
split_cell_scaffold_heldout,global_train_mean,"NK cells, RVX-208",0.09771134,0.7136773,0.08244532346725464,1.9049787521362305
split_cell_scaffold_heldout,global_train_mean,"NK cells, Desloratadine",0.024872566,0.6806695,-0.055651452392339706,1.8404638767242432
split_cell_scaffold_heldout,global_train_mean,"NK cells, PD-0325901",0.21506044,0.7749117,0.40430259704589844,1.924864411354065
split_cell_scaffold_heldout,global_train_mean,"NK cells, Defactinib",0.08256399,0.688232,0.2381911426782608,1.8495770692825317
split_cell_scaffold_heldout,global_train_mean,"NK cells, AZD3514",0.09638306,0.69283694,0.20827710628509521,1.8251169919967651
split_cell_scaffold_heldout,global_train_mean,"NK cells, AT 7867",0.24465004,0.7266469,0.43832647800445557,1.8519794940948486
split_cell_scaffold_heldout,global_train_mean,"NK cells, AZ628",0.22955121,0.70991635,0.4427347481250763,1.7924768924713135
split_cell_scaffold_heldout,global_train_mean,"NK cells, Ceritinib",0.2358376,0.6879245,0.4036157429218292,1.797998070716858
split_cell_scaffold_heldout,global_train_mean,"NK cells, STK219801",0.08022461,0.69622165,0.09155261516571045,1.9459350109100342
split_cell_scaffold_heldout,global_train_mean,"NK cells, TPCA-1",0.35787386,0.8447336,0.5849513411521912,1.9019938707351685
split_cell_scaffold_heldout,global_train_mean,"NK cells, MGCD-265",0.043591958,0.67401993,-0.006345822475850582,1.8419667482376099
split_cell_scaffold_heldout,global_train_mean,"NK cells, SCH-58261",-0.046373963,0.70827824,-0.058265432715415955,1.8852577209472656
split_cell_scaffold_heldout,global_train_mean,"NK cells, Doxorubicin",0.21963117,0.8455179,0.4147019386291504,2.0667693614959717
split_cell_scaffold_heldout,global_train_mean,"NK cells, PF-03814735",0.26145115,0.83659613,0.4394586980342865,1.9412873983383179
split_cell_scaffold_heldout,global_train_mean,"NK cells, AZD4547",0.08309986,0.6783417,0.23655539751052856,1.8123173713684082
split_cell_scaffold_heldout,global_train_mean,"NK cells, Tacalcitol",0.17016105,0.6948899,0.29383936524391174,1.821905493736267
split_cell_scaffold_heldout,global_train_mean,"NK cells, Mubritinib (TAK 165)",0.26090202,0.82276386,0.482750803232193,1.9989533424377441
split_cell_scaffold_heldout,cell_context_mean,"NK cells, Lapatinib",-0.146991,0.766938,-0.3139968812465668,1.9628862142562866
split_cell_scaffold_heldout,cell_context_mean,"NK cells, Ganetespib (STA-9090)",0.33776358,1.0835919,0.5325044393539429,2.2593438625335693
split_cell_scaffold_heldout,cell_context_mean,"NK cells, Tamatinib",0.26557294,0.8352445,0.4191277325153351,1.894257664680481
split_cell_scaffold_heldout,cell_context_mean,"NK cells, Protriptyline",-0.009083927,0.6611149,0.024203678593039513,1.8016258478164673
split_cell_scaffold_heldout,cell_context_mean,"NK cells, Foretinib",0.28054455,0.74635065,0.4898706376552582,1.8694682121276855
split_cell_scaffold_heldout,cell_context_mean,"NK cells, IN1451",0.19160266,1.2194502,0.2840763330459595,2.3775200843811035
split_cell_scaffold_heldout,cell_context_mean,"NK cells, TL_HRAS26",0.039164938,0.65229505,0.0024448048789054155,1.881822109222412
split_cell_scaffold_heldout,cell_context_mean,"NK cells, BMS-265246",-0.0030265946,0.91966134,0.006122341845184565,2.2192301750183105
split_cell_scaffold_heldout,cell_context_mean,"NK cells, Navitoclax",-0.069558375,0.75882286,-0.10350345075130463,1.9866423606872559
split_cell_scaffold_heldout,cell_context_mean,"NK cells, BAY 61-3606",0.22848728,1.025109,0.39674562215805054,2.1908700466156006
split_cell_scaffold_heldout,cell_context_mean,"NK cells, RVX-208",0.09771134,0.7136773,0.08244532346725464,1.9049787521362305
split_cell_scaffold_heldout,cell_context_mean,"NK cells, Desloratadine",0.024872566,0.6806695,-0.055651452392339706,1.8404638767242432
split_cell_scaffold_heldout,cell_context_mean,"NK cells, PD-0325901",0.21506044,0.7749117,0.40430259704589844,1.924864411354065
split_cell_scaffold_heldout,cell_context_mean,"NK cells, Defactinib",0.08256399,0.688232,0.2381911426782608,1.8495770692825317
split_cell_scaffold_heldout,cell_context_mean,"NK cells, AZD3514",0.09638306,0.69283694,0.20827710628509521,1.8251169919967651
split_cell_scaffold_heldout,cell_context_mean,"NK cells, AT 7867",0.24465004,0.7266469,0.43832647800445557,1.8519794940948486
split_cell_scaffold_heldout,cell_context_mean,"NK cells, AZ628",0.22955121,0.70991635,0.4427347481250763,1.7924768924713135
split_cell_scaffold_heldout,cell_context_mean,"NK cells, Ceritinib",0.2358376,0.6879245,0.4036157429218292,1.797998070716858
split_cell_scaffold_heldout,cell_context_mean,"NK cells, STK219801",0.08022461,0.69622165,0.09155261516571045,1.9459350109100342
split_cell_scaffold_heldout,cell_context_mean,"NK cells, TPCA-1",0.35787386,0.8447336,0.5849513411521912,1.9019938707351685
split_cell_scaffold_heldout,cell_context_mean,"NK cells, MGCD-265",0.043591958,0.67401993,-0.006345822475850582,1.8419667482376099
split_cell_scaffold_heldout,cell_context_mean,"NK cells, SCH-58261",-0.046373963,0.70827824,-0.058265432715415955,1.8852577209472656
split_cell_scaffold_heldout,cell_context_mean,"NK cells, Doxorubicin",0.21963117,0.8455179,0.4147019386291504,2.0667693614959717
split_cell_scaffold_heldout,cell_context_mean,"NK cells, PF-03814735",0.26145115,0.83659613,0.4394586980342865,1.9412873983383179
split_cell_scaffold_heldout,cell_context_mean,"NK cells, AZD4547",0.08309986,0.6783417,0.23655539751052856,1.8123173713684082
split_cell_scaffold_heldout,cell_context_mean,"NK cells, Tacalcitol",0.17016105,0.6948899,0.29383936524391174,1.821905493736267
split_cell_scaffold_heldout,cell_context_mean,"NK cells, Mubritinib (TAK 165)",0.26090202,0.82276386,0.482750803232193,1.9989533424377441
split_cell_scaffold_heldout,drug_mean,"NK cells, Lapatinib",-0.146991,0.766938,-0.3139968812465668,1.9628862142562866
split_cell_scaffold_heldout,drug_mean,"NK cells, Ganetespib (STA-9090)",0.33776358,1.0835919,0.5325044393539429,2.2593438625335693
split_cell_scaffold_heldout,drug_mean,"NK cells, Tamatinib",0.26557294,0.8352445,0.4191277325153351,1.894257664680481
split_cell_scaffold_heldout,drug_mean,"NK cells, Protriptyline",-0.009083927,0.6611149,0.024203678593039513,1.8016258478164673
split_cell_scaffold_heldout,drug_mean,"NK cells, Foretinib",0.28054455,0.74635065,0.4898706376552582,1.8694682121276855
split_cell_scaffold_heldout,drug_mean,"NK cells, IN1451",0.19160266,1.2194502,0.2840763330459595,2.3775200843811035
split_cell_scaffold_heldout,drug_mean,"NK cells, TL_HRAS26",0.039164938,0.65229505,0.0024448048789054155,1.881822109222412
split_cell_scaffold_heldout,drug_mean,"NK cells, BMS-265246",-0.0030265946,0.91966134,0.006122341845184565,2.2192301750183105
split_cell_scaffold_heldout,drug_mean,"NK cells, Navitoclax",-0.069558375,0.75882286,-0.10350345075130463,1.9866423606872559
split_cell_scaffold_heldout,drug_mean,"NK cells, BAY 61-3606",0.22848728,1.025109,0.39674562215805054,2.1908700466156006
split_cell_scaffold_heldout,drug_mean,"NK cells, RVX-208",0.09771134,0.7136773,0.08244532346725464,1.9049787521362305
split_cell_scaffold_heldout,drug_mean,"NK cells, Desloratadine",0.024872566,0.6806695,-0.055651452392339706,1.8404638767242432
split_cell_scaffold_heldout,drug_mean,"NK cells, PD-0325901",0.21506044,0.7749117,0.40430259704589844,1.924864411354065
split_cell_scaffold_heldout,drug_mean,"NK cells, Defactinib",0.08256399,0.688232,0.2381911426782608,1.8495770692825317
split_cell_scaffold_heldout,drug_mean,"NK cells, AZD3514",0.09638306,0.69283694,0.20827710628509521,1.8251169919967651
split_cell_scaffold_heldout,drug_mean,"NK cells, AT 7867",0.24465004,0.7266469,0.43832647800445557,1.8519794940948486
split_cell_scaffold_heldout,drug_mean,"NK cells, AZ628",0.22955121,0.70991635,0.4427347481250763,1.7924768924713135
split_cell_scaffold_heldout,drug_mean,"NK cells, Ceritinib",0.2358376,0.6879245,0.4036157429218292,1.797998070716858
split_cell_scaffold_heldout,drug_mean,"NK cells, STK219801",0.08022461,0.69622165,0.09155261516571045,1.9459350109100342
split_cell_scaffold_heldout,drug_mean,"NK cells, TPCA-1",0.35787386,0.8447336,0.5849513411521912,1.9019938707351685
split_cell_scaffold_heldout,drug_mean,"NK cells, MGCD-265",0.043591958,0.67401993,-0.006345822475850582,1.8419667482376099
split_cell_scaffold_heldout,drug_mean,"NK cells, SCH-58261",-0.046373963,0.70827824,-0.058265432715415955,1.8852577209472656
split_cell_scaffold_heldout,drug_mean,"NK cells, Doxorubicin",0.21963117,0.8455179,0.4147019386291504,2.0667693614959717
split_cell_scaffold_heldout,drug_mean,"NK cells, PF-03814735",0.26145115,0.83659613,0.4394586980342865,1.9412873983383179
split_cell_scaffold_heldout,drug_mean,"NK cells, AZD4547",0.08309986,0.6783417,0.23655539751052856,1.8123173713684082
split_cell_scaffold_heldout,drug_mean,"NK cells, Tacalcitol",0.17016105,0.6948899,0.29383936524391174,1.821905493736267
split_cell_scaffold_heldout,drug_mean,"NK cells, Mubritinib (TAK 165)",0.26090202,0.82276386,0.482750803232193,1.9989533424377441
