split,baseline,sample_id,rowwise_pearson,rmse,de_rowwise_pearson,de_rmse
split_random,ridge_cell,"Myeloid cells, MK-5108",0.20328964772397154,0.6167536891347482,0.37312475489858116,1.6720772578738514
split_random,ridge_cell,"T cells, Lapatinib",0.016304720889158162,0.6676158160053984,0.06491113580401116,1.88331156078549
split_random,ridge_cell,"Myeloid cells, Ganetespib (STA-9090)",0.5073506056551771,1.387978491472956,0.6623054943789731,2.412457222360508
split_random,ridge_cell,"Myeloid cells, Sunitinib",0.04232202261165994,0.7343883347892773,0.18517688487720213,1.8199299539030924
split_random,ridge_cell,"B cells, Linagliptin",0.04986914135889122,0.6317679327182877,0.07568494230326445,1.7681115327933254
split_random,ridge_cell,"Myeloid cells, Linagliptin",0.023930890805904256,0.7550791470126131,0.037757605984967205,1.9550542702571485
split_random,ridge_cell,"Myeloid cells, I-BET151",0.40480392989436953,1.6833960882950225,0.5413872263844864,2.7190099782329775
split_random,ridge_cell,"Myeloid cells, GW843682X",0.29533616134206814,0.7136506525880539,0.4999870230675489,1.8647647343043072
split_random,ridge_cell,"T cells, BMS-387032",0.3347468322610567,1.230700738338735,0.4990071776887206,2.3843575284796312
split_random,ridge_cell,"T cells, IN1451",0.2634596231480643,2.7716762468331244,0.31138311269238633,3.3761051189480002
split_random,ridge_cell,"B cells, Raloxifene",0.19021870772290034,0.6304309794715353,0.4485542884119622,1.7022855050502554
split_random,ridge_cell,"T cells, Topotecan",0.18227241655481669,1.043861934406863,0.3554109342454272,2.2282377360432344
split_random,ridge_cell,"B cells, BAY 87-2243",0.6004235980289196,0.8713639682365399,0.7859727180519528,1.953668276053249
split_random,ridge_cell,"NK cells, BAY 87-2243",0.3016136969266091,0.9083522543758635,0.47038665460012863,2.1900282673110953
split_random,ridge_cell,"T cells, BMS-777607",0.4806965081203595,0.5027133148658387,0.7566305726511504,1.3227852044973951
split_random,ridge_cell,"B cells, TL_HRAS26",0.3806303740456387,0.5870991044930279,0.6294065985840981,1.6062039943991315
split_random,ridge_cell,"B cells, Proscillaridin A;Proscillaridin-A",0.16277433396342636,2.267997827906956,0.20811200950130415,3.136761196523573
split_random,ridge_cell,"T cells, Proscillaridin A;Proscillaridin-A",-0.03168539130380706,3.0036201791202717,-0.03584551728438605,3.561472317424345
split_random,ridge_cell,"T cells, Vorinostat",0.4495160682876691,2.0895630317126828,0.5336099669268769,2.956764071240778
split_random,ridge_cell,"Myeloid cells, BMS-265246",0.1004901946490252,1.7427145469470535,0.172560856957604,2.8566219367367465
split_random,ridge_cell,"NK cells, BMS-265246",0.26487934363175375,0.8491497518858329,0.5003998367891284,2.075092190623459
split_random,ridge_cell,"NK cells, AVL-292",0.35856920048241225,0.6443984546941256,0.6385813711186836,1.7632278900389504
split_random,ridge_cell,"T cells, AVL-292",0.6640812344911212,0.6389173444416514,0.852518381425556,1.5777321622183935
split_random,ridge_cell,"B cells, Navitoclax",-0.2287129782737583,0.9826444733696701,-0.42669374404562693,2.3409631082928213
split_random,ridge_cell,"NK cells, Palbociclib",0.27293937781648614,0.6107365003381995,0.4516768537367445,1.7031791452918676
split_random,ridge_cell,"NK cells, Trametinib",0.3490368706552741,0.6629228147035493,0.6096062223808928,1.7373102168910282
split_random,ridge_cell,"NK cells, AMD-070 (hydrochloride)",0.15010462985383488,0.6150441816580261,0.3442891050850499,1.7663699603797762
split_random,ridge_cell,"NK cells, Sgc-cbp30",0.29605295255785385,0.6562225494886694,0.5539690323084359,1.7389201070442486
split_random,ridge_cell,"B cells, FK 866",0.37748721510526323,0.708067564467734,0.6156847842595662,1.7871370040370222
split_random,ridge_cell,"T cells, FK 866",0.20617631575875878,0.9720945285306363,0.3933354624529622,2.145299888280743
split_random,ridge_cell,"B cells, Scriptaid",0.3984022538061462,1.6672982270043721,0.5200493390544111,2.6854710357895835
split_random,ridge_cell,"NK cells, BAY 61-3606",0.4148625639038704,0.9844425055673388,0.6498748655306579,2.1294747176660365
split_random,ridge_cell,"B cells, PF-04691502",0.6698252869982706,0.9956481794592145,0.8255605535494456,2.0477480314108982
split_random,ridge_cell,"T cells, PF-04691502",0.623006730988516,0.9840765284876796,0.7884633471425107,2.079646212267404
split_random,ridge_cell,"NK cells, RVX-208",0.2050339799155221,0.6781759304014396,0.31764702953788354,1.8474457258999937
split_random,ridge_cell,"T cells, Ketoconazole",-0.26119693050877196,1.3385108356670177,-0.3949333067253724,2.8095193454536607
split_random,ridge_cell,"NK cells, Disulfiram",0.15487909977800784,0.6249044085239018,0.32925317298093837,1.7923567831256337
split_random,ridge_cell,"T cells, Disulfiram",0.19769468490381487,0.5870794173363513,0.38307435698179343,1.5673303623275059
split_random,ridge_cell,"T cells, Flutamide",0.10562159694598623,0.5827936874454913,0.44482661790459527,1.6017114593551978
split_random,ridge_cell,"B cells, Dactolisib",0.6666499971025666,1.3145896299873572,0.7983883458161429,2.3719319031864616
split_random,ridge_cell,"Myeloid cells, Dactolisib",0.5391290846375093,1.9967956166266936,0.6464513086980759,2.910930160276961
split_random,ridge_cell,"T cells, Dactolisib",0.7015749833027813,1.3854339531993014,0.8175114138757016,2.4296887899824835
split_random,ridge_cell,"NK cells, Amiodarone",0.23830431152003023,0.6354286709114887,0.45988473445593764,1.7521055665494156
split_random,ridge_cell,"T cells, Amiodarone",0.33527461970592365,0.569461664123918,0.6376429812663699,1.6289364373424813
split_random,ridge_cell,"B cells, Isoniazid",0.28022029872179405,0.5835187582882836,0.503107180140001,1.6178127627314758
split_random,ridge_cell,"NK cells, Isoniazid",0.16795281875909185,0.630972221284208,0.3413902953298979,1.7846173180635019
split_random,ridge_cell,"B cells, Idelalisib",0.6396134725375379,0.8737946727041761,0.8229399260380332,1.938940871234088
split_random,ridge_cell,"NK cells, RN-486",0.06317383651216447,0.6830815723246346,0.17262337068888034,1.8593826257449202
split_random,ridge_cell,"B cells, PD-0325901",0.5826481524829209,0.7042167579400357,0.8067939770638424,1.768243844053552
split_random,ridge_cell,"B cells, LDN 193189",0.17880228655878597,0.5905753207967306,0.3841174504840007,1.621648490756695
split_random,ridge_cell,"T cells, LDN 193189",0.27874012647685925,0.5658566606044537,0.4751148176354371,1.6280629375846034
split_random,ridge_cell,"T cells, Cabozantinib",0.012976011946546599,0.6939911163549478,0.15392521606596046,1.8410082250696378
split_random,ridge_cell,"B cells, Riociguat",0.1881342504484594,0.5885810256364084,0.3689516221357493,1.715203597885727
split_random,ridge_cell,"Myeloid cells, Riociguat",0.24053684610927,0.6105430427678746,0.40851786697169307,1.6368957694900406
split_random,ridge_cell,"B cells, CHIR-99021",-0.14871681193178093,0.8707832448080418,-0.3056897444982548,2.1550379981160313
split_random,ridge_cell,"Myeloid cells, BI-D1870",0.3186881041333734,0.8313420682369872,0.5612564084328958,1.91999800654015
split_random,ridge_cell,"NK cells, BI-D1870",0.1946819190324941,0.6890783790980024,0.41961764443120114,1.7496495673301167
split_random,ridge_cell,"NK cells, Resminostat",0.23481309453557506,1.3179904066760002,0.3784483003491918,2.5050476877158645
split_random,ridge_cell,"NK cells, Crizotinib",0.40681294572894594,0.6649747642289453,0.6314837468767345,1.699210763435793
split_random,ridge_cell,"Myeloid cells, Azacitidine",0.06961565455951922,0.6724832819443979,0.285560446840942,1.7034907525405927
split_random,ridge_cell,"NK cells, TR-14035",0.3104584968253053,0.5858891947457784,0.592586726664259,1.7498672292851547
split_random,ridge_cell,"T cells, OSI-930",0.013580816177027806,0.6012786955051432,-0.011753055163129238,1.7421081214615886
split_random,ridge_cell,"B cells, GO-6976",0.1577313944594019,0.7166844710468062,0.33778543418355017,1.858116647227806
split_random,ridge_cell,"Myeloid cells, Pitavastatin Calcium",0.04239694226856814,2.339611804990751,0.06524292865812567,3.2092805115765026
split_random,ridge_cell,"T cells, Pitavastatin Calcium",-0.19672625607307792,1.6714044751458832,-0.2815431796168373,2.9301055367273485
split_random,ridge_cell,"NK cells, AZ628",0.3559553262676528,0.6768006716541806,0.6210479810689816,1.7398425116979965
split_random,ridge_cell,"T cells, STK219801",0.1826523839351138,0.5887564347091809,0.4039603247463628,1.7862802358714431
split_random,ridge_cell,"NK cells, TPCA-1",0.4705534032099181,0.8248654000433115,0.7144145622526035,1.8808594829616654
split_random,ridge_cell,"B cells, Ricolinostat",0.34274795281354603,0.7504312883376519,0.5862529203749917,1.82763237070853
split_random,ridge_cell,"NK cells, Clemastine",0.23544926400183827,0.6351136594669697,0.3752455279574915,1.7379561521673461
split_random,ridge_cell,"T cells, YK 4-279",-0.05069150014162558,0.6860570248269194,-0.2203574001787284,1.8688840650965524
split_random,ridge_cell,"NK cells, Buspirone",0.150287118512433,0.5920647525880502,0.2829897604643087,1.7446395534511014
split_random,ridge_cell,"NK cells, CEP-37440",0.3002543183248961,0.6553059661067573,0.46837398191564256,1.7980319868089647
split_random,ridge_cell,"T cells, R428",0.605816816420707,0.8340862977140819,0.7945859506515335,1.8951008432405583
split_random,ridge_cell,"Myeloid cells, Oxybenzone",0.23213855582600035,0.5614239959069862,0.5658963722817312,1.5100823045304133
split_random,ridge_cell,"B cells, Tivantinib",0.41957876387271303,0.6616526098082445,0.6294973134582685,1.7060701207694322
split_random,ridge_cell,"B cells, Colchicine",0.24288946054291757,1.0503853601015345,0.4161967000279518,2.306404701697362
split_random,ridge_cell,"T cells, ABT-199 (GDC-0199)",0.04332243112499619,0.6188549303715639,0.38725422670256715,1.6818266579352996
split_random,ridge_cell,"T cells, Mometasone Furoate",0.560541646657533,1.3496179345094255,0.7003117161403731,2.465382320569822
split_random,ridge_cell,"NK cells, Selumetinib",0.29382213757875353,0.673519384584456,0.5012959608068334,1.781962450158041
split_random,ridge_cell,"Myeloid cells, GLPG0634",0.5726323219465422,0.7961073611085339,0.8287592344818022,1.773020699187919
split_random,ridge_cell,"T cells, SB525334",-0.2805042969504185,1.107799871897328,-0.4534473704684341,2.4702346165883813
split_random,ridge_cell,"Myeloid cells, Phenylbutazone",0.03289179911184994,0.6487144070271869,0.1460996560515456,1.7061283283073674
split_random,ridge_cell,"B cells, Trametinib",0.3353025525762539,0.7174999126114731,0.6074073161856808,1.7936178808865821
split_random,ridge_cell,"Myeloid cells, Sgc-cbp30",0.22971412368202365,0.9778725575650966,0.42423469984769596,2.111412932052233
split_random,ridge_cell,"Myeloid cells, BAY 61-3606",0.5121538673111882,1.7959188575765965,0.6466523413797134,2.7510610462907996
split_random,ridge_cell,"Myeloid cells, Vardenafil",0.3717300486973889,0.6499721090295835,0.6860686764545846,1.5522091417371355
split_random,ridge_cell,"Myeloid cells, Ketoconazole",0.07554532970853582,1.3931926950759979,0.11502383751448482,2.5911645288758627
split_random,ridge_cell,"B cells, BMS-536924",0.7225776445247907,0.9204365816578762,0.8753742555252024,1.9341432841547272
split_random,ridge_cell,"Myeloid cells, IMD-0354",0.5055283546775076,1.4586956692265955,0.64570763578312,2.5087310689206745
split_random,ridge_cell,"B cells, Canertinib",0.2868724567750705,0.7160677803180944,0.4967307857169446,1.8546088536802245
split_random,ridge_cell,"Myeloid cells, RN-486",0.26453241023057933,0.734585521987917,0.46713901665787916,1.8528341319115649
split_random,ridge_cell,"B cells, HMN-214",-0.04094712135759979,0.6602227348626165,0.004514248326096177,1.8006198662564563
split_random,ridge_cell,"B cells, Resminostat",0.38242790055223624,1.6337983081272764,0.509985585080553,2.6664327871856215
split_random,ridge_cell,"Myeloid cells, RG7112",0.3645922886107145,0.7308722479407408,0.5488988019677754,2.021686110107557
split_random,ridge_cell,"B cells, AZD-8330",0.6316424805963939,0.6654251730568813,0.8413625830701912,1.6555887231826403
split_random,ridge_cell,"Myeloid cells, Nefazodone",0.35465502662926124,0.530118580291881,0.5848507314598581,1.4908564809503402
split_random,ridge_cell,"Myeloid cells, TPCA-1",0.6846716115772017,1.2591327849551592,0.8224264596693728,2.273414059653762
split_random,ridge_cell,"Myeloid cells, MGCD-265",0.2982831215838998,0.6140966045660456,0.5659127529713953,1.5571259745650954
split_random,ridge_cell,"Myeloid cells, GSK-1070916",0.17035040641592172,0.8111923071196702,0.37479759305300686,1.8740289506779713
split_random,ridge_cell,"Myeloid cells, Clemastine",0.4238477240188902,0.6165006696526225,0.728766675860851,1.5128599442026902
split_random,ridge_cell,"Myeloid cells, Buspirone",0.1583817083419196,0.6018275903791128,0.3238214972461306,1.5949709559955552
split_random,ridge_cell,"B cells, Vandetanib",0.4743192136023047,0.6366626294597626,0.7339391241755605,1.643759285848073
split_random,ridge_cell,"B cells, SCH-58261",0.008537936524035008,0.6288207626193295,0.06308048870378782,1.7597250087077174
split_random,ridge_cell,"Myeloid cells, SCH-58261",0.2461086433622908,0.6634517132077038,0.49809557392729353,1.6891488244283428
split_random,ridge_cell,"Myeloid cells, Colforsin",0.2460493836855739,0.6719104371755208,0.5142123402411309,1.784033017682357
split_random,ridge_cell,"Myeloid cells, Mometasone Furoate",0.6695989217456836,1.7727207649917964,0.7746680603964405,2.663170035018004
split_random,ridge_cell,"B cells, Clotrimazole",0.19951817735292107,0.6153121565515246,0.3028786960224387,1.7067846727559863
split_random,ridge_cell,"B cells, Mubritinib (TAK 165)",0.4566584917181892,0.7714323251460921,0.6929955077505996,1.8478184547416299
split_random,ridge_cell,"Myeloid cells, Vanoxerine",0.4314725339331811,0.5691813074922688,0.7338414082582521,1.44868822977972
split_random,ridge_drug_fp,"Myeloid cells, MK-5108",0.2569447580484334,0.5919959616154324,0.45567838866748034,1.6380460761678166
split_random,ridge_drug_fp,"T cells, Lapatinib",0.34376635807480915,0.5766588996730498,0.6653509350821716,1.509711864687473
split_random,ridge_drug_fp,"Myeloid cells, Ganetespib (STA-9090)",0.42454239148688183,1.5356029590686666,0.5908603280228666,2.1837816507079246
split_random,ridge_drug_fp,"Myeloid cells, Sunitinib",0.18025339079667474,0.7381696186537261,0.4482399234666329,1.6769979373588477
split_random,ridge_drug_fp,"B cells, Linagliptin",0.06926317421785483,0.653423957361751,0.13901857150080407,1.7579793916511552
split_random,ridge_drug_fp,"Myeloid cells, Linagliptin",0.036048626813316755,0.7558552019827587,0.13001106979091595,1.914235274990265
split_random,ridge_drug_fp,"Myeloid cells, I-BET151",0.526802202198519,1.5390681461612141,0.6638067528231919,2.25467149628751
split_random,ridge_drug_fp,"Myeloid cells, GW843682X",0.21917219213788075,0.7457681861576542,0.3672115130584313,1.9154763703399937
split_random,ridge_drug_fp,"T cells, BMS-387032",0.38951738220921306,1.2074859559497961,0.5771732890525784,2.1846647647041633
split_random,ridge_drug_fp,"T cells, IN1451",0.7685139272260338,2.0211359367058375,0.8146096006897915,2.413354501404028
split_random,ridge_drug_fp,"B cells, Raloxifene",0.14726148238773046,0.7248915251492383,0.42847900746495515,1.6756314392735283
split_random,ridge_drug_fp,"T cells, Topotecan",0.5526062025785459,0.8868649976509178,0.7634026563697831,1.6366042844215647
split_random,ridge_drug_fp,"B cells, BAY 87-2243",0.39619757475832534,1.104881744242444,0.5908682643222471,1.8833439574878372
split_random,ridge_drug_fp,"NK cells, BAY 87-2243",0.4755511058420335,0.9894857352453896,0.7125272291299886,1.5506377743714101
split_random,ridge_drug_fp,"T cells, BMS-777607",0.2867007084869468,0.5940387869173455,0.5956467932343354,1.4674619708802903
split_random,ridge_drug_fp,"B cells, TL_HRAS26",0.16373722357281242,0.6638976156253096,0.3455605599518489,1.7606569692355858
split_random,ridge_drug_fp,"B cells, Proscillaridin A;Proscillaridin-A",0.6669579527146027,1.7377159221992613,0.7647138422911378,2.0768504247111386
split_random,ridge_drug_fp,"T cells, Proscillaridin A;Proscillaridin-A",0.7741582413406722,1.9437470252032296,0.8119228153988745,2.214849024536448
split_random,ridge_drug_fp,"T cells, Vorinostat",0.7443614295496975,1.5913697729884284,0.8119730208568062,2.1801608809813606
split_random,ridge_drug_fp,"Myeloid cells, BMS-265246",0.43948837994731477,1.5769589479210593,0.5670535714966853,2.450534667128216
split_random,ridge_drug_fp,"NK cells, BMS-265246",0.539335677118787,0.8638041885725127,0.7952318217324975,1.3373188584755338
split_random,ridge_drug_fp,"NK cells, AVL-292",0.21995089625970932,0.8320698097015203,0.42367640732151035,1.7563512549510163
split_random,ridge_drug_fp,"T cells, AVL-292",0.45231227474409935,0.7734951717553953,0.7125211236220014,1.5593350462346005
split_random,ridge_drug_fp,"B cells, Navitoclax",0.2723402883726938,0.849274725059104,0.5150737358841574,1.9215372703766582
split_random,ridge_drug_fp,"NK cells, Palbociclib",0.1488774572171307,0.702348224696548,0.296054663615777,1.7315607791034657
split_random,ridge_drug_fp,"NK cells, Trametinib",0.22953893770959402,0.9292273701284836,0.4445039168719732,1.717391192859519
split_random,ridge_drug_fp,"NK cells, AMD-070 (hydrochloride)",0.06373314232107859,0.7129742462839972,0.09536707120012666,1.8494331164931064
split_random,ridge_drug_fp,"NK cells, Sgc-cbp30",0.26518457669938617,0.7479992965085459,0.4484642605806441,1.6900722302843096
split_random,ridge_drug_fp,"B cells, FK 866",0.286549932145591,0.8422144178666213,0.5863510891287719,1.692815813118182
split_random,ridge_drug_fp,"T cells, FK 866",0.42208075627711583,0.9196974430796171,0.6557149319212733,1.820307016111937
split_random,ridge_drug_fp,"B cells, Scriptaid",0.7283163859766176,1.2117422598460599,0.8469176006391229,1.631552289089538
split_random,ridge_drug_fp,"NK cells, BAY 61-3606",0.5086975868291518,1.1424612596161805,0.7478987902304102,1.5225961934467143
split_random,ridge_drug_fp,"B cells, PF-04691502",0.28755344561223095,1.169294601060754,0.506109791815429,2.186641134833519
split_random,ridge_drug_fp,"T cells, PF-04691502",0.3368695532918123,1.117230185959353,0.5735521844652048,2.130958362881038
split_random,ridge_drug_fp,"NK cells, RVX-208",0.29097850275735737,0.7608899108778652,0.4867542896704983,1.6249134481334175
split_random,ridge_drug_fp,"T cells, Ketoconazole",0.6074037531439127,0.9662360571306579,0.7779786106133001,1.8416941781939657
split_random,ridge_drug_fp,"NK cells, Disulfiram",0.1164559785882111,0.669709280890977,0.18628998842749653,1.8211473182959823
split_random,ridge_drug_fp,"T cells, Disulfiram",0.20699179557853709,0.5821590462264044,0.4697900217060031,1.5574092571744613
split_random,ridge_drug_fp,"T cells, Flutamide",0.09472233886212997,0.5926833182137405,0.4607071905745762,1.6210715751884843
split_random,ridge_drug_fp,"B cells, Dactolisib",0.47259638881097665,1.3257728620508675,0.6277653398868277,2.214888513937142
split_random,ridge_drug_fp,"Myeloid cells, Dactolisib",0.39723480353009294,1.9914328376248966,0.4880426206293047,2.839065477878377
split_random,ridge_drug_fp,"T cells, Dactolisib",0.5554950878851045,1.3334208484521068,0.6890242178640845,2.2042701391249455
split_random,ridge_drug_fp,"NK cells, Amiodarone",0.047098567209107406,0.7318499585584622,0.04702803542819175,1.865009446135027
split_random,ridge_drug_fp,"T cells, Amiodarone",0.17494849600079287,0.6332605070837083,0.4088946269590316,1.8311601279420826
split_random,ridge_drug_fp,"B cells, Isoniazid",0.15733537785042076,0.6127905442077093,0.26149714574712757,1.7139278999155643
split_random,ridge_drug_fp,"NK cells, Isoniazid",0.061266559229849235,0.6789597166695384,0.14485226151761713,1.8273543399873997
split_random,ridge_drug_fp,"B cells, Idelalisib",0.4543132687127606,0.9306867457481003,0.67278148003439,1.932027879105904
split_random,ridge_drug_fp,"NK cells, RN-486",0.11559950853537682,0.7178053259395443,0.19913910843529378,1.8401536500017694
split_random,ridge_drug_fp,"B cells, PD-0325901",0.3601760452791225,0.8570547278611418,0.6540066058554385,1.7171283910463846
split_random,ridge_drug_fp,"B cells, LDN 193189",0.12413906291160955,0.6797574511400163,0.28438975621066365,1.6825812250601302
split_random,ridge_drug_fp,"T cells, LDN 193189",0.20503480973660623,0.647860045070612,0.4790002471801023,1.5792102685901965
split_random,ridge_drug_fp,"T cells, Cabozantinib",0.20433492807851522,0.6516026648835721,0.4074843788819089,1.719457114689375
split_random,ridge_drug_fp,"B cells, Riociguat",0.08508895406761359,0.6405381297416796,0.11285935247361019,1.822142107377294
split_random,ridge_drug_fp,"Myeloid cells, Riociguat",0.15144324201185816,0.640824483575849,0.3111642847367751,1.6983637907481928
split_random,ridge_drug_fp,"B cells, CHIR-99021",0.45396052874213527,0.7953670371039631,0.7143608844331637,1.428401138184901
split_random,ridge_drug_fp,"Myeloid cells, BI-D1870",0.21568861539609008,0.8740771394275881,0.36921554162594494,2.029697378892633
split_random,ridge_drug_fp,"NK cells, BI-D1870",0.09201064182894217,0.7683635281157825,0.1578169688661503,1.8165078172020117
split_random,ridge_drug_fp,"NK cells, Resminostat",0.6043207908982423,1.296101000310769,0.80361386984348,1.5228981190753967
split_random,ridge_drug_fp,"NK cells, Crizotinib",0.27149773764537405,0.8254743297316766,0.46222720610800877,1.6825280401009663
split_random,ridge_drug_fp,"Myeloid cells, Azacitidine",0.11828368417467498,0.6583816996406426,0.3396152732452237,1.6752584031826194
split_random,ridge_drug_fp,"NK cells, TR-14035",0.14208695502592403,0.6749054716144017,0.2082909826201454,1.8420727085700666
split_random,ridge_drug_fp,"T cells, OSI-930",0.16193822601207639,0.5687206912611376,0.30132688944588126,1.6152178272909747
split_random,ridge_drug_fp,"B cells, GO-6976",0.2824639995945346,0.7675873505872756,0.5038627999452511,1.705140071566689
split_random,ridge_drug_fp,"Myeloid cells, Pitavastatin Calcium",0.4129395883730926,2.1216446429745055,0.4837738807975499,2.8546206514922203
split_random,ridge_drug_fp,"T cells, Pitavastatin Calcium",0.6408597027536144,1.2156339601383515,0.7726722768351121,1.9740454128868317
split_random,ridge_drug_fp,"NK cells, AZ628",0.2650833927932927,0.8140508564388483,0.44140788791101504,1.7167071703254697
split_random,ridge_drug_fp,"T cells, STK219801",0.28195853959207134,0.5832998144229629,0.5325127407533508,1.55964701505736
split_random,ridge_drug_fp,"NK cells, TPCA-1",0.4036299406936154,0.9574951512088599,0.639078753949377,1.623281645140978
split_random,ridge_drug_fp,"B cells, Ricolinostat",0.47616997083226875,0.750541074778269,0.6944450184453133,1.454909108476854
split_random,ridge_drug_fp,"NK cells, Clemastine",0.14303655135309704,0.7113403347495345,0.21285186003036902,1.7675981800292897
split_random,ridge_drug_fp,"T cells, YK 4-279",0.2838908920037639,0.5849966782167301,0.5503013051598135,1.471112858856673
split_random,ridge_drug_fp,"NK cells, Buspirone",0.08332686541943952,0.645553522752869,0.07447920774651921,1.8008202183537336
split_random,ridge_drug_fp,"NK cells, CEP-37440",0.2493138340780592,0.7388135546791831,0.4068018254496394,1.7256596648122702
split_random,ridge_drug_fp,"T cells, R428",0.4480701589029734,1.125942473517566,0.7254937212914961,1.5745008171146972
split_random,ridge_drug_fp,"Myeloid cells, Oxybenzone",0.13574630308061775,0.5544589018459491,0.3029304386723822,1.6440641882295095
split_random,ridge_drug_fp,"B cells, Tivantinib",0.3657622804962334,0.7109727851565167,0.5886729350697169,1.6371715724997584
split_random,ridge_drug_fp,"B cells, Colchicine",0.40998730675130163,1.107068446152854,0.6489079773106508,1.8731575446769144
split_random,ridge_drug_fp,"T cells, ABT-199 (GDC-0199)",0.21030549979517033,0.602926754502507,0.530720834882083,1.5992834032037164
split_random,ridge_drug_fp,"T cells, Mometasone Furoate",0.6052251886372892,1.2025575653991514,0.7453717108125796,2.0141799304104255
split_random,ridge_drug_fp,"NK cells, Selumetinib",0.20233600343799557,0.8217685183265739,0.3673051997188119,1.7868184457910667
split_random,ridge_drug_fp,"Myeloid cells, GLPG0634",0.3311913061770569,0.9260708241825019,0.5887056451103212,1.9094302325513295
split_random,ridge_drug_fp,"T cells, SB525334",0.4772946156691234,0.8528848264032205,0.7106363242575839,1.7591145929972758
split_random,ridge_drug_fp,"Myeloid cells, Phenylbutazone",0.16088424105862534,0.5799090908698569,0.24147871452961583,1.6587322689479926
split_random,ridge_drug_fp,"B cells, Trametinib",0.341149978264273,0.8875414350077233,0.6541002122644767,1.5816089403400926
split_random,ridge_drug_fp,"Myeloid cells, Sgc-cbp30",0.25988059358271953,0.9987357910202713,0.45517734018461287,2.045653783935664
split_random,ridge_drug_fp,"Myeloid cells, BAY 61-3606",0.4797487411783027,1.738315079138533,0.5977843188385317,2.4363966085248783
split_random,ridge_drug_fp,"Myeloid cells, Vardenafil",0.15693288681352124,0.722948677431679,0.2954432141148817,1.8138699098595739
split_random,ridge_drug_fp,"Myeloid cells, Ketoconazole",0.4605784937268791,1.2186139999729828,0.618962574459439,2.1652571824419855
split_random,ridge_drug_fp,"B cells, BMS-536924",0.5053768910816103,0.9746578961609181,0.7119114587654052,1.8658552134494557
split_random,ridge_drug_fp,"Myeloid cells, IMD-0354",0.48508367804316843,1.4140532696227996,0.6288283179465918,2.2308479133287418
split_random,ridge_drug_fp,"B cells, Canertinib",0.3611923103797841,0.7338141253555354,0.5792157406100285,1.6572812880197891
split_random,ridge_drug_fp,"Myeloid cells, RN-486",0.005563922302469016,0.8215402160276114,0.005904049756300109,2.057161083957036
split_random,ridge_drug_fp,"B cells, HMN-214",0.3152830787435073,0.6159288509529983,0.5617996257496126,1.479266103768376
split_random,ridge_drug_fp,"B cells, Resminostat",0.6565444020084793,1.3641515383341178,0.8029636402035562,1.7104417043084437
split_random,ridge_drug_fp,"Myeloid cells, RG7112",0.3862166101110567,0.7254504709197644,0.5163042450472977,1.927665483461636
split_random,ridge_drug_fp,"B cells, AZD-8330",0.4095702856646573,0.7851991908828386,0.6771960265166806,1.6587941267909148
split_random,ridge_drug_fp,"Myeloid cells, Nefazodone",0.17419736876333233,0.5750374450134988,0.25043624038337475,1.6748471867683816
split_random,ridge_drug_fp,"Myeloid cells, TPCA-1",0.34772767992045783,1.4268600741880761,0.5059181268984517,2.3656897350250636
split_random,ridge_drug_fp,"Myeloid cells, MGCD-265",0.22231003580187458,0.6447986310861099,0.439501154764109,1.6340506837506206
split_random,ridge_drug_fp,"Myeloid cells, GSK-1070916",0.29989543245952194,0.7706304595155432,0.5139748015723133,1.7720770114509186
split_random,ridge_drug_fp,"Myeloid cells, Clemastine",0.3015437630830018,0.6722582585500271,0.4897320979292493,1.695574536266573
split_random,ridge_drug_fp,"Myeloid cells, Buspirone",0.22249136941167988,0.56521099824816,0.34991904599044205,1.571929142063799
split_random,ridge_drug_fp,"B cells, Vandetanib",0.18439303353885858,0.7469775058322503,0.3511082772094513,1.906443022374926
split_random,ridge_drug_fp,"B cells, SCH-58261",0.08433902208132636,0.6360295620378079,0.11994541404365645,1.7194819798475605
split_random,ridge_drug_fp,"Myeloid cells, SCH-58261",0.18834176662404864,0.687451302253195,0.36263090957738736,1.7443077285703037
split_random,ridge_drug_fp,"Myeloid cells, Colforsin",0.1460946737847965,0.6987592841691634,0.2715910066262031,1.9227875195375854
split_random,ridge_drug_fp,"Myeloid cells, Mometasone Furoate",0.4054452887418431,1.8227192917453685,0.5272706144279484,2.628104290983529
split_random,ridge_drug_fp,"B cells, Clotrimazole",0.17062517385291637,0.6368624492581538,0.27929076446931866,1.73262428058719
split_random,ridge_drug_fp,"B cells, Mubritinib (TAK 165)",0.4045673073712632,0.8668879436532342,0.6510754217477542,1.678594252950091
split_random,ridge_drug_fp,"Myeloid cells, Vanoxerine",0.23092327893770243,0.6351812929631925,0.4237546765370921,1.6556748555968992
split_random,ridge_cell_drug_fp,"Myeloid cells, MK-5108",0.2886806229359987,0.6275577922180221,0.5012025592166351,1.5745588756677413
split_random,ridge_cell_drug_fp,"T cells, Lapatinib",0.3363268896812684,0.5989921660903089,0.6660596268452772,1.4877112446203204
split_random,ridge_cell_drug_fp,"Myeloid cells, Ganetespib (STA-9090)",0.49176959638328777,1.44448185969067,0.666227150592474,2.028932006413056
split_random,ridge_cell_drug_fp,"Myeloid cells, Sunitinib",0.1487519627719121,0.7837531154182606,0.4238027771945499,1.6845082804787255
split_random,ridge_cell_drug_fp,"B cells, Linagliptin",0.10346795679400249,0.6723273346916929,0.216458596353686,1.726525419929352
split_random,ridge_cell_drug_fp,"Myeloid cells, Linagliptin",0.07415636729002428,0.7968042563592413,0.17197937239072858,1.9057482846826985
split_random,ridge_cell_drug_fp,"Myeloid cells, I-BET151",0.5849944825059784,1.461376276960754,0.7236047779819919,2.131471810669632
split_random,ridge_cell_drug_fp,"Myeloid cells, GW843682X",0.3593979671297075,0.7160541692148925,0.5596704728882118,1.7201641097765021
split_random,ridge_cell_drug_fp,"T cells, BMS-387032",0.3951092436017315,1.2139459295214419,0.5799688931833562,2.157641103793851
split_random,ridge_cell_drug_fp,"T cells, IN1451",0.7895424203313082,1.9789949773020306,0.8302693085870378,2.3681745191558248
split_random,ridge_cell_drug_fp,"B cells, Raloxifene",0.217205348224271,0.7009091069723101,0.5170577322476059,1.6071151322290975
split_random,ridge_cell_drug_fp,"T cells, Topotecan",0.5818329379501188,0.8661113055953258,0.7918634730772475,1.5594867732963034
split_random,ridge_cell_drug_fp,"B cells, BAY 87-2243",0.4654052451761978,1.0362727589842662,0.6760120898082834,1.7240661641480952
split_random,ridge_cell_drug_fp,"NK cells, BAY 87-2243",0.47771538637409616,0.9551696456428155,0.7178609412103919,1.5549281420231886
split_random,ridge_cell_drug_fp,"T cells, BMS-777607",0.4385087221618293,0.5461563782260148,0.7429883898018218,1.278472974018534
split_random,ridge_cell_drug_fp,"B cells, TL_HRAS26",0.25829959985459944,0.6550327577327041,0.49281746577784785,1.6554754308049846
split_random,ridge_cell_drug_fp,"B cells, Proscillaridin A;Proscillaridin-A",0.6839924056871941,1.6943903514381853,0.7800905119673666,2.0237645080884774
split_random,ridge_cell_drug_fp,"T cells, Proscillaridin A;Proscillaridin-A",0.772760642329076,1.9495748797290338,0.8102100907935583,2.2231484991950414
split_random,ridge_cell_drug_fp,"T cells, Vorinostat",0.7820926282831671,1.5133401588419213,0.838284108969283,2.075558739378226
split_random,ridge_cell_drug_fp,"Myeloid cells, BMS-265246",0.4458234216976681,1.575012355805192,0.5796677041514346,2.425478568759722
split_random,ridge_cell_drug_fp,"NK cells, BMS-265246",0.5706424745227315,0.8504097446495275,0.8233652785165372,1.2537773429980232
split_random,ridge_cell_drug_fp,"NK cells, AVL-292",0.2739538678299355,0.7607435446869604,0.5228208761856734,1.6717494906502772
split_random,ridge_cell_drug_fp,"T cells, AVL-292",0.575303926243404,0.6882508357032675,0.8114692937132316,1.3512954756427789
split_random,ridge_cell_drug_fp,"B cells, Navitoclax",0.24427043487299396,0.8758354325346404,0.4461938484978348,1.9432227821807464
split_random,ridge_cell_drug_fp,"NK cells, Palbociclib",0.2569494512546198,0.6515974635240299,0.4835815246523217,1.635104389158028
split_random,ridge_cell_drug_fp,"NK cells, Trametinib",0.26644621600999524,0.896832559265092,0.5241640149380028,1.633783557672667
split_random,ridge_cell_drug_fp,"NK cells, AMD-070 (hydrochloride)",0.15583831564755277,0.682675523941786,0.27262738949697746,1.7702960816821085
split_random,ridge_cell_drug_fp,"NK cells, Sgc-cbp30",0.2738545381661039,0.738694444350446,0.4898388384747892,1.659377245523949
split_random,ridge_cell_drug_fp,"B cells, FK 866",0.3752335202760474,0.7948131944822304,0.7004422965426491,1.5370442188895035
split_random,ridge_cell_drug_fp,"T cells, FK 866",0.4635595236690739,0.8917129436596648,0.6980810835408152,1.7550650222279833
split_random,ridge_cell_drug_fp,"B cells, Scriptaid",0.76200960056397,1.1437580255366382,0.8703552524096447,1.5286458726427579
split_random,ridge_cell_drug_fp,"NK cells, BAY 61-3606",0.5422403923912594,1.0786645048951113,0.7752790536799588,1.45080309730228
split_random,ridge_cell_drug_fp,"B cells, PF-04691502",0.4438821920315618,1.0697407812501318,0.6898862531231562,1.9486993780278812
split_random,ridge_cell_drug_fp,"T cells, PF-04691502",0.46815460267931974,1.0333181067549255,0.7110717564110585,1.9352341908959227
split_random,ridge_cell_drug_fp,"NK cells, RVX-208",0.3292189366921204,0.7340637710700554,0.5633032839702129,1.5494946289623248
split_random,ridge_cell_drug_fp,"T cells, Ketoconazole",0.5707159225802986,0.9958905226958835,0.7472679676802665,1.9084754366188053
split_random,ridge_cell_drug_fp,"NK cells, Disulfiram",0.1448919330762392,0.6812866248562285,0.29101778614562435,1.7673272670103468
split_random,ridge_cell_drug_fp,"T cells, Disulfiram",0.30817212041907927,0.5775757242772269,0.6532719832713977,1.3547271896252397
split_random,ridge_cell_drug_fp,"T cells, Flutamide",0.15728615206933594,0.6005850135093153,0.5269446694475061,1.5368088865913943
split_random,ridge_cell_drug_fp,"B cells, Dactolisib",0.5776504530497165,1.2271969043169793,0.7291432373035847,2.025723560849526
split_random,ridge_cell_drug_fp,"Myeloid cells, Dactolisib",0.5064480201640618,1.888348642409242,0.6043867746579563,2.6835626926207015
split_random,ridge_cell_drug_fp,"T cells, Dactolisib",0.6511278463571075,1.2273050413203408,0.7693570746312105,2.003278887291344
split_random,ridge_cell_drug_fp,"NK cells, Amiodarone",0.07186424950712406,0.7405935248346749,0.13575832495558174,1.835202820365181
split_random,ridge_cell_drug_fp,"T cells, Amiodarone",0.32782692574401767,0.6048622403125484,0.6661931071603063,1.5262994102638938
split_random,ridge_cell_drug_fp,"B cells, Isoniazid",0.2176775682962238,0.6139807356002198,0.40984202092149097,1.6451352875476009
split_random,ridge_cell_drug_fp,"NK cells, Isoniazid",0.11856782433407231,0.6672394963762341,0.30774318307024845,1.7748553924471095
split_random,ridge_cell_drug_fp,"B cells, Idelalisib",0.5824607940594035,0.8478957252046292,0.7910957557040781,1.7222001790212873
split_random,ridge_cell_drug_fp,"NK cells, RN-486",0.1716281264241276,0.7145566978283105,0.338633709011647,1.7785463628065838
split_random,ridge_cell_drug_fp,"B cells, PD-0325901",0.4861712605469726,0.7780728567456204,0.7642444341970093,1.506074361751513
split_random,ridge_cell_drug_fp,"B cells, LDN 193189",0.16973791114870926,0.687646059984284,0.34585698878489796,1.637640598736264
split_random,ridge_cell_drug_fp,"T cells, LDN 193189",0.2860275262342454,0.6437446278339625,0.5662866966713465,1.4944050411945413
split_random,ridge_cell_drug_fp,"T cells, Cabozantinib",0.25704574926813273,0.6461737635980868,0.5214417784210895,1.6360748633294688
split_random,ridge_cell_drug_fp,"B cells, Riociguat",0.16576509208279497,0.6437609843840716,0.25872772391814175,1.750645249504841
split_random,ridge_cell_drug_fp,"Myeloid cells, Riociguat",0.19333636052221256,0.6757467303770351,0.35442347374918526,1.6634115304847117
split_random,ridge_cell_drug_fp,"B cells, CHIR-99021",0.43045707334852074,0.8206958232224932,0.6839546961635357,1.4745578287780279
split_random,ridge_cell_drug_fp,"Myeloid cells, BI-D1870",0.3550587266452102,0.8341175164514747,0.5619207426822044,1.8568057995164913
split_random,ridge_cell_drug_fp,"NK cells, BI-D1870",0.19039023291938834,0.7414539731915933,0.3463050170440509,1.7339656556697047
split_random,ridge_cell_drug_fp,"NK cells, Resminostat",0.6165247471133444,1.2413384130167646,0.8145755478966056,1.489130162276236
split_random,ridge_cell_drug_fp,"NK cells, Crizotinib",0.32459385633841087,0.7623842289948214,0.5243585621838122,1.6178744769601283
split_random,ridge_cell_drug_fp,"Myeloid cells, Azacitidine",0.08849991832628398,0.7186005210101386,0.35248077627193003,1.6613582938243956
split_random,ridge_cell_drug_fp,"NK cells, TR-14035",0.1938567288961265,0.6488700018536034,0.3793095312719626,1.7676104510282682
split_random,ridge_cell_drug_fp,"T cells, OSI-930",0.1696410536012887,0.621638761305347,0.3131936246120598,1.6169863954856498
split_random,ridge_cell_drug_fp,"B cells, GO-6976",0.3407742293147902,0.7368378602109814,0.5791255430051656,1.6289440312886034
split_random,ridge_cell_drug_fp,"Myeloid cells, Pitavastatin Calcium",0.4331522048149067,2.1020290697768247,0.5061938749809946,2.826629242488395
split_random,ridge_cell_drug_fp,"T cells, Pitavastatin Calcium",0.6362935531642547,1.2205600740546048,0.7612995471069064,1.9922907769400622
split_random,ridge_cell_drug_fp,"NK cells, AZ628",0.3171191260941032,0.7548688656382219,0.5232621062352065,1.6486219192613891
split_random,ridge_cell_drug_fp,"T cells, STK219801",0.3084027953949577,0.5974969526651854,0.6040002372225366,1.4822220532081356
split_random,ridge_cell_drug_fp,"NK cells, TPCA-1",0.45653475406935917,0.8715158644295887,0.6955968189448354,1.554179932836298
split_random,ridge_cell_drug_fp,"B cells, Ricolinostat",0.5241687902787542,0.7330285832522164,0.7461084440794753,1.3502149430290928
split_random,ridge_cell_drug_fp,"NK cells, Clemastine",0.1730187085791004,0.6964700754099905,0.32281418734647455,1.7246668662860336
split_random,ridge_cell_drug_fp,"T cells, YK 4-279",0.29074536248043625,0.6014175248933623,0.4746672530449967,1.5137560429187655
split_random,ridge_cell_drug_fp,"NK cells, Buspirone",0.1348681385594625,0.6422049001710848,0.26081191817524824,1.739770388720053
split_random,ridge_cell_drug_fp,"NK cells, CEP-37440",0.2796337345163059,0.7137645604391447,0.4654718221580764,1.6871384648730972
split_random,ridge_cell_drug_fp,"T cells, R428",0.5052420533396706,1.0673214452839508,0.7792916706553984,1.4387918638434916
split_random,ridge_cell_drug_fp,"Myeloid cells, Oxybenzone",0.219262507030999,0.58108570952143,0.5391559275255051,1.5134751376095963
split_random,ridge_cell_drug_fp,"B cells, Tivantinib",0.4357488030089559,0.6887507940883283,0.6727391407488825,1.5270999908753755
split_random,ridge_cell_drug_fp,"B cells, Colchicine",0.44267037773522927,1.0846730749058024,0.6866867965123906,1.7974682078831468
split_random,ridge_cell_drug_fp,"T cells, ABT-199 (GDC-0199)",0.22061187088520498,0.6273644716416029,0.5483038793811332,1.547740772742838
split_random,ridge_cell_drug_fp,"T cells, Mometasone Furoate",0.6518938822708112,1.1470834550018512,0.7889239119736857,1.9001171041924125
split_random,ridge_cell_drug_fp,"NK cells, Selumetinib",0.26854224023965506,0.7577988185587077,0.4693833758725475,1.707088077414495
split_random,ridge_cell_drug_fp,"Myeloid cells, GLPG0634",0.5076280873119795,0.8267360759004402,0.8022345071493455,1.6061521685726172
split_random,ridge_cell_drug_fp,"T cells, SB525334",0.4313537295065486,0.8904699493149248,0.6559643211812788,1.8001821892398795
split_random,ridge_cell_drug_fp,"Myeloid cells, Phenylbutazone",0.14012093556534094,0.6368317769950149,0.3036899207626715,1.6425061969397972
split_random,ridge_cell_drug_fp,"B cells, Trametinib",0.4193378074358785,0.8319175923224171,0.729787662013214,1.4449224696045995
split_random,ridge_cell_drug_fp,"Myeloid cells, Sgc-cbp30",0.27583430555366784,0.9999747549601978,0.4818542751338245,2.010340401833671
split_random,ridge_cell_drug_fp,"Myeloid cells, BAY 61-3606",0.554262838571854,1.63227728382952,0.6823815008716996,2.27276150483327
split_random,ridge_cell_drug_fp,"Myeloid cells, Vardenafil",0.34942622299527604,0.6811875980021648,0.6850826384473326,1.5256697444633904
split_random,ridge_cell_drug_fp,"Myeloid cells, Ketoconazole",0.48618088078490357,1.199555554272407,0.6487156457433513,2.102718064866439
split_random,ridge_cell_drug_fp,"B cells, BMS-536924",0.6302347765302225,0.8722013638948394,0.8192653169717451,1.6352818004336778
split_random,ridge_cell_drug_fp,"Myeloid cells, IMD-0354",0.5760126658704273,1.3141277937692057,0.7233211773743263,2.058808208564113
split_random,ridge_cell_drug_fp,"B cells, Canertinib",0.4018386940122816,0.7299015834347631,0.6318556788893818,1.5743537152689087
split_random,ridge_cell_drug_fp,"Myeloid cells, RN-486",0.12577582959335953,0.8228958164020131,0.294254837975641,1.9362714732138513
split_random,ridge_cell_drug_fp,"B cells, HMN-214",0.3326153144465549,0.6268599653257484,0.6045939442038571,1.4285194018926042
split_random,ridge_cell_drug_fp,"B cells, Resminostat",0.6890019433575244,1.2973009123466173,0.8278298545152978,1.6178030608425487
split_random,ridge_cell_drug_fp,"Myeloid cells, RG7112",0.4438980674081328,0.7161805463128048,0.6324488390751176,1.758240894428079
split_random,ridge_cell_drug_fp,"B cells, AZD-8330",0.5279027209848391,0.7174225142674889,0.7882198975365576,1.445685370203683
split_random,ridge_cell_drug_fp,"Myeloid cells, Nefazodone",0.30627780399810556,0.5787326198383159,0.45371758667976325,1.5444748723426125
split_random,ridge_cell_drug_fp,"Myeloid cells, TPCA-1",0.5266376802835265,1.2590847788346038,0.7108687658447825,2.0796135371363293
split_random,ridge_cell_drug_fp,"Myeloid cells, MGCD-265",0.2726364307152851,0.6641192532671335,0.56385258365355,1.5217870273923575
split_random,ridge_cell_drug_fp,"Myeloid cells, GSK-1070916",0.29896426580464003,0.7903997541248473,0.5489148014907242,1.7223178579386345
split_random,ridge_cell_drug_fp,"Myeloid cells, Clemastine",0.4286256027501591,0.6388537602603604,0.6877068835835136,1.4809410771851292
split_random,ridge_cell_drug_fp,"Myeloid cells, Buspirone",0.16849142203609827,0.6301028949422968,0.31623184505575397,1.5892353726809423
split_random,ridge_cell_drug_fp,"B cells, Vandetanib",0.30956887141188294,0.7167745212619617,0.5931296469146375,1.7272905291135894
split_random,ridge_cell_drug_fp,"B cells, SCH-58261",0.1064543616163025,0.6632699743370641,0.16034812867737075,1.7225468913155244
split_random,ridge_cell_drug_fp,"Myeloid cells, SCH-58261",0.22457699108554352,0.7237947476491785,0.397342516469351,1.7088274241548178
split_random,ridge_cell_drug_fp,"Myeloid cells, Colforsin",0.26923273142233556,0.6930957251179828,0.5533783153680293,1.7335777376324992
split_random,ridge_cell_drug_fp,"Myeloid cells, Mometasone Furoate",0.5499209524463787,1.6779481099530376,0.6777339020843676,2.4101341917646963
split_random,ridge_cell_drug_fp,"B cells, Clotrimazole",0.2358780435465089,0.6414805436145727,0.3889171686604556,1.6552083954433296
split_random,ridge_cell_drug_fp,"B cells, Mubritinib (TAK 165)",0.4625935639560933,0.8339854401839579,0.7144132574600186,1.5609325153168192
split_random,ridge_cell_drug_fp,"Myeloid cells, Vanoxerine",0.36168889897393275,0.6141193618657708,0.6812288582488194,1.4540159213992234
split_cell_heldout,ridge_cell,"B cells, MK-5108",0.1807417281758211,0.5803110403968321,0.34526858805454197,1.6837888133562617
split_cell_heldout,ridge_cell,"B cells, Ganetespib (STA-9090)",0.38667852663975005,1.637360719081694,0.5179642352142142,2.7390105012904424
split_cell_heldout,ridge_cell,"B cells, Sunitinib",0.3522174701401876,0.8106690585876026,0.5832304620038592,2.0039579627748876
split_cell_heldout,ridge_cell,"B cells, Tivozanib",0.3769162026480567,0.7679798961880183,0.6543474452677615,1.9294325576303593
split_cell_heldout,ridge_cell,"B cells, Tamatinib",0.47578722862257283,1.140989423796383,0.6764929731224694,2.2946768437988294
split_cell_heldout,ridge_cell,"B cells, Linagliptin",-0.023119566673991312,0.6166416260832174,-0.1364004836467939,1.8107796115013333
split_cell_heldout,ridge_cell,"B cells, 5-(9-Isopropyl-8-methyl-2-morpholino-9H-purin-6-yl)pyrimidin-2-amine",0.540003476951712,1.2895425234198037,0.7197249671044862,2.385299558757617
split_cell_heldout,ridge_cell,"B cells, O-Demethylated Adapalene",0.3164401098151212,0.6862367501171752,0.5497337944754757,1.8435200374026612
split_cell_heldout,ridge_cell,"B cells, I-BET151",0.35124532652495966,1.2738270317491522,0.49407438676199483,2.440250723827046
split_cell_heldout,ridge_cell,"B cells, Foretinib",0.5051709485404079,1.048846481038477,0.7083289358739866,2.2033480840208792
split_cell_heldout,ridge_cell,"B cells, GW843682X",0.18759133836735112,0.6208880453680244,0.43094352798351737,1.843983677689674
split_cell_heldout,ridge_cell,"B cells, IN1451",0.24856961049406584,1.578411847429058,0.36096497963553326,2.6578560052066202
split_cell_heldout,ridge_cell,"B cells, Raloxifene",0.09518840210108655,0.6323757045307968,0.2987029534829706,1.7728737018496934
split_cell_heldout,ridge_cell,"B cells, Topotecan",0.060082166881983465,0.8398891280585356,0.12128579097724115,2.1277512863922072
split_cell_heldout,ridge_cell,"B cells, BAY 87-2243",0.43532026996570244,0.9443122461421914,0.6631525205060207,2.1431750442325828
split_cell_heldout,ridge_cell,"B cells, Porcn Inhibitor III",-0.04555899527512899,0.627040741808177,0.030238484006337833,1.778136247851839
split_cell_heldout,ridge_cell,"B cells, TL_HRAS26",0.2746127167242434,0.6087518518833923,0.5294322647191351,1.7244314901361866
split_cell_heldout,ridge_cell,"B cells, Proscillaridin A;Proscillaridin-A",0.11211217360494743,2.283754119049275,0.14381113030387147,3.164906886888324
split_cell_heldout,ridge_cell,"B cells, BMS-265246",-0.047904237360312206,1.149408808138548,-0.05681162914073603,2.4102781134523745
split_cell_heldout,ridge_cell,"B cells, Pomalidomide",-0.17160115450969002,1.0328874563557553,-0.289100674492409,2.465564638847511
split_cell_heldout,ridge_cell,"B cells, Dovitinib",0.3943753021861448,0.8682618639283312,0.6403528798682467,2.0928930371252026
split_cell_heldout,ridge_cell,"B cells, Navitoclax",-0.31636298124297785,0.9647154296331557,-0.5719805504011236,2.3207943302265925
split_cell_heldout,ridge_cell,"B cells, Methotrexate",-0.32244404363639173,0.7556118226479048,-0.5920352292614797,1.991894057071192
split_cell_heldout,ridge_cell,"B cells, Palbociclib",0.15999726342882853,0.6559982410344608,0.3761320970730354,1.782026616115878
split_cell_heldout,ridge_cell,"B cells, AMD-070 (hydrochloride)",0.21524746192080813,0.6444957200907572,0.43039185948643904,1.804100849975479
split_cell_heldout,ridge_cell,"B cells, FK 866",0.253662688251717,0.7391925650672982,0.49960301568976506,1.9175746573826333
split_cell_heldout,ridge_cell,"B cells, Scriptaid",0.29486402804920514,1.7130762351110334,0.4149217893942565,2.765965949925907
split_cell_heldout,ridge_cell,"B cells, PF-04691502",0.4558092247151615,1.091753203637147,0.6675936023274739,2.2603992752856503
split_cell_heldout,ridge_cell,"B cells, Dactolisib",0.5521114443030382,1.386924253897364,0.7339122221615714,2.505483020060777
split_cell_heldout,ridge_cell,"B cells, Isoniazid",0.19583175769309963,0.5887972617404758,0.3417083473123551,1.706310052522981
split_cell_heldout,ridge_cell,"B cells, Idelalisib",0.4416037708779777,0.9603901862317337,0.6772305232614083,2.1519187383698295
split_cell_heldout,ridge_cell,"B cells, Penfluridol",-0.09636672493757642,0.6377539010560143,-0.3115786434619218,1.8620996731581867
split_cell_heldout,ridge_cell,"B cells, Quizartinib",0.03319966962194917,0.595865350482495,0.24736057793009616,1.6594165983917344
split_cell_heldout,ridge_cell,"B cells, PD-0325901",0.36188023631109223,0.7858643882576224,0.6095125477083984,2.0058979727177078
split_cell_heldout,ridge_cell,"B cells, LDN 193189",0.09302802630070828,0.5868704398843904,0.28838539062228463,1.6787019059369195
split_cell_heldout,ridge_cell,"B cells, Riociguat",0.059221970097666866,0.595159116336378,0.13694574928924827,1.799598649103399
split_cell_heldout,ridge_cell,"B cells, CHIR-99021",-0.14172587103705106,0.8339441120601794,-0.31164812906207434,2.087881470072924
split_cell_heldout,ridge_cell,"B cells, BI-D1870",0.18582913010427105,0.6181058486538583,0.37321875817107036,1.739226171580123
split_cell_heldout,ridge_cell,"B cells, Crizotinib",0.40520694652545813,0.8717999324544417,0.6358839959214486,2.0905564860529426
split_cell_heldout,ridge_cell,"B cells, Azacitidine",0.11116228014735904,0.6794070480331316,0.3230677825178608,1.834551915804537
split_cell_heldout,ridge_cell,"B cells, TR-14035",0.3061687450486146,0.6309872725172585,0.5057618673235377,1.7751775834414019
split_cell_heldout,ridge_cell,"B cells, AT 7867",0.32993679011174193,0.7596122649557938,0.562167984288355,1.8978573042612477
split_cell_heldout,ridge_cell,"B cells, GO-6976",0.07227004401605515,0.7187900582553393,0.18728752219537656,1.9210507592079493
split_cell_heldout,ridge_cell,"B cells, TGX 221",0.4337315287686244,0.8379927535817554,0.672340706046186,1.9857615532961324
split_cell_heldout,ridge_cell,"B cells, Pitavastatin Calcium",-0.1582355796045246,1.1464749532451168,-0.2350572761020947,2.455387404441163
split_cell_heldout,ridge_cell,"B cells, ABT737",-0.1722740341958177,1.003986502020386,-0.3050616935227913,2.23568843027315
split_cell_heldout,ridge_cell,"B cells, PRT-062607",0.4735557814352382,1.106465517912895,0.6736629197565394,2.245220107581077
split_cell_heldout,ridge_cell,"B cells, AZ628",0.4594816815549297,0.8877651592558142,0.7163059746469538,2.0112497876269297
split_cell_heldout,ridge_cell,"B cells, Masitinib",0.2886959959067103,0.6906386313974614,0.46452380284065675,1.7841709240867987
split_cell_heldout,ridge_cell,"B cells, STK219801",0.2215554821842275,0.61999472053865,0.32073098891992646,1.8592625394450506
split_cell_heldout,ridge_cell,"B cells, Ricolinostat",0.22633984799466778,0.7796012359192033,0.4321556786835442,1.9337103683935708
split_cell_heldout,ridge_cell,"B cells, Midostaurin",0.349195902686563,0.8125861398327848,0.5684846471710536,1.9868546679669512
split_cell_heldout,ridge_cell,"B cells, CEP-37440",0.24293061216456677,0.7102737881439057,0.4591120500983488,1.8761191100721335
split_cell_heldout,ridge_cell,"B cells, R428",0.4233458128052306,0.9629295607774899,0.656097988922199,2.1537516343132688
split_cell_heldout,ridge_cell,"B cells, Oxybenzone",0.15133243982743083,0.5611482099553106,0.14144794237709601,1.7166347627704668
split_cell_heldout,ridge_cell,"B cells, Tivantinib",0.3177626682406694,0.6915905528187843,0.5380374028167199,1.8159663555597598
split_cell_heldout,ridge_cell,"B cells, Colchicine",0.18219810577708725,1.0644972724905604,0.345920283297654,2.3679501863451073
split_cell_heldout,ridge_cell,"B cells, BX 912",0.38222391514036036,0.724141441505578,0.6304314519653051,1.8194329129575917
split_cell_heldout,ridge_cell,"B cells, Selumetinib",0.36661829953629915,0.800243255993568,0.6234780920338887,2.0720489018707062
split_cell_heldout,ridge_cell,"B cells, RG7090",0.07358199352687271,0.6285685850547894,0.22520614893738952,1.7638147422351738
split_cell_heldout,ridge_cell,"B cells, GLPG0634",0.4123995951445058,0.8274131996409001,0.659979899324739,1.906940573107312
split_cell_heldout,ridge_cell,"B cells, TIE2 Kinase Inhibitor",0.09232776594097068,0.5697749164056368,0.15805373366979045,1.6588709147228442
split_cell_heldout,ridge_cell,"B cells, Lapatinib",-0.05856253415527258,0.6771970679566515,-0.09719401425889974,1.8985955050027898
split_cell_heldout,ridge_cell,"B cells, Atorvastatin",0.13468367444361723,0.6117781329549292,0.38368848008578516,1.6963273062093693
split_cell_heldout,ridge_cell,"B cells, Clomipramine",0.10812619492785162,0.6052853044540415,0.18814718146317072,1.7436651966880625
split_cell_heldout,ridge_cell,"B cells, Ixabepilone",0.08837777927515195,0.5881334930333737,0.175263846602979,1.8357366234436467
split_cell_heldout,ridge_cell,"B cells, Protriptyline",-0.03422789860078905,0.6022721097872411,-0.1008316891159999,1.761433270919
split_cell_heldout,ridge_cell,"B cells, Phenylbutazone",0.12750432554183255,0.5585484094259346,0.2927564494024505,1.6547755683769643
split_cell_heldout,ridge_cell,"B cells, K-02288",0.29264904770444794,0.6297964333808386,0.5550387234487789,1.7472076579295652
split_cell_heldout,ridge_cell,"B cells, BMS-777607",0.22944844344243945,0.6391774397567095,0.4518416568705289,1.778236345635088
split_cell_heldout,ridge_cell,"B cells, Vorinostat",0.2916158770069462,1.6009793881217098,0.42229426849722473,2.6824193563484515
split_cell_heldout,ridge_cell,"B cells, Ruxolitinib",0.4094916013701649,0.9226169327956599,0.6563920690301269,2.083453820225594
split_cell_heldout,ridge_cell,"B cells, AVL-292",0.47556021641139923,0.9561451603482096,0.6901931860067947,2.1043847925408614
split_cell_heldout,ridge_cell,"B cells, Trametinib",0.18884766553585852,0.7509990011346315,0.489704384710224,1.9190076689690432
split_cell_heldout,ridge_cell,"B cells, Sgc-cbp30",0.17763179691598888,0.6680521490270324,0.4257719150503875,1.7770953364595297
split_cell_heldout,ridge_cell,"B cells, Chlorpheniramine",0.16223402693778588,0.6041544090929768,0.26495204180009735,1.7553419833288635
split_cell_heldout,ridge_cell,"B cells, BAY 61-3606",0.37064702002734695,1.198401819981821,0.5803126247333548,2.34656836992697
split_cell_heldout,ridge_cell,"B cells, LY2090314",0.0056435183553526485,1.1716122208558493,0.009155668147282721,2.4664215839627266
split_cell_heldout,ridge_cell,"B cells, Vardenafil",0.1868993971353421,0.5831336119151532,0.40356453456848984,1.6506754041683818
split_cell_heldout,ridge_cell,"B cells, Dasatinib",0.4258162555159146,1.16423436992306,0.6412654405825022,2.362407327396546
split_cell_heldout,ridge_cell,"B cells, AT13387",0.3740858001506878,1.5878474316396631,0.5098147017426079,2.72624302190885
split_cell_heldout,ridge_cell,"B cells, Perhexiline",0.4879749047691464,1.0004462930133475,0.7066233203094031,2.1007595513898245
split_cell_heldout,ridge_cell,"B cells, RVX-208",0.2883039694379574,0.7322164408155363,0.4736870352980311,1.8671815361110553
split_cell_heldout,ridge_cell,"B cells, Ketoconazole",-0.1373216322827884,0.9767402676363337,-0.2632312084078278,2.382547330051006
split_cell_heldout,ridge_cell,"B cells, Disulfiram",0.08814917531507804,0.603581572394788,0.08411525341152179,1.7981439493350044
split_cell_heldout,ridge_cell,"B cells, Flutamide",0.0463337311728855,0.5968452331616291,0.018411926328156292,1.8117689899372844
split_cell_heldout,ridge_cell,"B cells, Desloratadine",0.09129913802712898,0.5915232820883081,0.047438802403832296,1.7008564124767818
split_cell_heldout,ridge_cell,"B cells, BMS-536924",0.47832904962159223,1.0298662796223876,0.6869439353888902,2.1862476181443635
split_cell_heldout,ridge_cell,"B cells, IKK Inhibitor VII",0.45585678578265804,0.9749514973877027,0.6590686503078836,2.096732528909399
split_cell_heldout,ridge_cell,"B cells, Amiodarone",0.05648599752781629,0.57323303033524,0.05447554494767656,1.6670614196938796
split_cell_heldout,ridge_cell,"B cells, IMD-0354",0.3449886313733776,1.2081893899930292,0.5413620784033514,2.4531792256546407
split_cell_heldout,ridge_cell,"B cells, Canertinib",0.20154825988392092,0.7305057377252967,0.38980213959965476,1.9459632417580965
split_cell_heldout,ridge_cell,"B cells, Alogliptin",0.06421140465500563,0.6134826219262457,0.1350879393660709,1.8135206750264794
split_cell_heldout,ridge_cell,"B cells, RN-486",-0.06926491050735623,0.6505169839370533,-0.13779206723468088,1.8302037431201517
split_cell_heldout,ridge_cell,"B cells, Decitabine",0.08530584037146861,0.5809412623829134,0.010436537759149997,1.7863797313584773
split_cell_heldout,ridge_cell,"B cells, Cabozantinib",0.03940815319330501,0.7411011901649471,0.16795286940026813,1.929303453382617
split_cell_heldout,ridge_cell,"B cells, Defactinib",0.27960001082360564,0.7183234361398041,0.5327001699177575,1.7939215538154938
split_cell_heldout,ridge_cell,"B cells, AZD3514",0.27430544251356326,0.7016127063741993,0.4793866900060898,1.8450775416648661
split_cell_heldout,ridge_cell,"B cells, HMN-214",-0.129080206510201,0.6425876401794091,-0.20826500228078398,1.8444189068643175
split_cell_heldout,ridge_cell,"B cells, CC-401",0.40781223812033884,0.7264810892807931,0.6756438960305123,1.8290485075529053
split_cell_heldout,ridge_cell,"B cells, Resminostat",0.27219311418876724,1.6797768262375228,0.39279781081997367,2.748511141328598
split_cell_heldout,ridge_cell,"B cells, Nilotinib",0.47694639103804803,0.861276018508378,0.7395836688459505,2.005167785625333
split_cell_heldout,ridge_cell,"B cells, OSI-930",0.02360494978927227,0.5913197937287533,-0.005113371912173855,1.7416986276153843
split_cell_heldout,ridge_cell,"B cells, Saracatinib",0.5009447142266986,1.025946977691334,0.7088742793650432,2.2112805667315714
split_cell_heldout,ridge_cell,"B cells, RG7112",0.06513281627577482,0.6026257973313064,0.18542727531769868,2.0121883638439524
split_cell_heldout,ridge_cell,"B cells, Lamivudine",0.21963659302270508,0.617560060360383,0.4443857898333983,1.7200043878176012
split_cell_heldout,ridge_cell,"B cells, AZD-8330",0.44746888544194546,0.742278320964468,0.6899630160720641,1.893893096278084
split_cell_heldout,ridge_cell,"B cells, Ceritinib",0.30842185487632784,0.583065844076165,0.5756519837018392,1.645216647228024
split_cell_heldout,ridge_cell,"B cells, CGM-097",-0.12302050517738235,1.1144636372520509,-0.19618314104305243,2.4311288306453966
split_cell_heldout,ridge_cell,"B cells, SLx-2119",0.32178111187454245,0.6318860307672773,0.5839604032311027,1.715986760887012
split_cell_heldout,ridge_cell,"B cells, Nefazodone",0.15191300910026012,0.5987903948948818,0.2482830031072829,1.8081257561799688
split_cell_heldout,ridge_cell,"B cells, TPCA-1",0.5232987290192511,1.0975466288936313,0.7159041962878322,2.2149774565650158
split_cell_heldout,ridge_cell,"B cells, MGCD-265",0.26582817908051415,0.6855569486958165,0.4636100178496281,1.8083522680102182
split_cell_heldout,ridge_cell,"B cells, GSK-1070916",0.27372698940133444,0.6015500379422392,0.5045345209009604,1.6551878704680552
split_cell_heldout,ridge_cell,"B cells, Bosutinib",0.43178925129499374,1.1637007730621733,0.6164764433801434,2.3220654620535885
split_cell_heldout,ridge_cell,"B cells, Clemastine",0.17765327101379327,0.671355062811491,0.2788966641914728,1.8684793272569933
split_cell_heldout,ridge_cell,"B cells, YK 4-279",0.022306879294841396,0.6314953081267695,0.027101136115530465,1.8372504888346342
split_cell_heldout,ridge_cell,"B cells, Buspirone",-0.013909341439436448,0.6104609037435528,-0.12688649189085294,1.887709146924367
split_cell_heldout,ridge_cell,"B cells, GSK256066",0.2145135434634037,0.870471195214064,0.40723895703410573,2.194063850311272
split_cell_heldout,ridge_cell,"B cells, Vandetanib",0.33214957102042264,0.6817405663424357,0.5862334625253772,1.8354365650836983
split_cell_heldout,ridge_cell,"B cells, Imatinib",0.10341228698386104,0.5673219765247057,0.14550159965032528,1.759993320492647
split_cell_heldout,ridge_cell,"B cells, SCH-58261",-0.06990248930683914,0.6121032535030835,-0.12371352890652176,1.776337294369202
split_cell_heldout,ridge_cell,"B cells, Colforsin",0.17857666740378622,0.5807318715338669,0.22533525001243054,1.7102135036257229
split_cell_heldout,ridge_cell,"B cells, Tosedostat",0.11022423483714072,0.669433535339933,0.26028100780348024,1.8066980231221328
split_cell_heldout,ridge_cell,"B cells, ABT-199 (GDC-0199)",-0.22264747747218105,1.054434209980025,-0.42490175054437024,2.33304541678645
split_cell_heldout,ridge_cell,"B cells, Mometasone Furoate",0.4734551940711333,1.2039459256348617,0.6610062463131167,2.382260152325038
split_cell_heldout,ridge_cell,"B cells, Tipifarnib",0.2840448806371206,0.6414018382614937,0.4885084912153122,1.7525449775725281
split_cell_heldout,ridge_cell,"B cells, Doxorubicin",-0.019148824001239392,1.7856170962251086,-0.010308878305042795,2.9075502687167742
split_cell_heldout,ridge_cell,"B cells, PF-03814735",0.41706857731032143,1.1959593263368524,0.6069570690083069,2.387419169357443
split_cell_heldout,ridge_cell,"B cells, AZD4547",0.1314608013815308,0.5938477290139782,0.321630987242307,1.7519631456447173
split_cell_heldout,ridge_cell,"B cells, Prednisolone",0.4131644255946935,1.0577385304735574,0.6310512198357814,2.277545147604934
split_cell_heldout,ridge_cell,"B cells, Tacalcitol",0.2796633055535381,0.6695528689493186,0.4908396285590171,1.740585143366149
split_cell_heldout,ridge_cell,"B cells, Clotrimazole",0.08276742888168509,0.6229484061927928,0.09862737399809471,1.7935775440254225
split_cell_heldout,ridge_cell,"B cells, Mubritinib (TAK 165)",0.39829014843546007,0.7979235011738757,0.6717643770371626,1.9542474413158812
split_cell_heldout,ridge_cell,"B cells, Vanoxerine",0.14588236903598586,0.5978075912212535,0.26696139744526687,1.7819502101721152
split_cell_heldout,ridge_cell,"B cells, SB525334",-0.13321982471052274,0.7450677313602831,-0.2934632625217336,2.020049450162679
split_cell_heldout,ridge_cell,"B cells, HYDROXYUREA",0.03834421410059443,0.6098454620905341,0.08107540142719319,1.7364729249782556
split_cell_heldout,ridge_drug_fp,"B cells, MK-5108",0.18171152839572025,0.61829936429213,0.374276845058242,1.651081067230408
split_cell_heldout,ridge_drug_fp,"B cells, Ganetespib (STA-9090)",0.6309723667167151,1.3342411643614938,0.7566116492108418,1.9713736255218959
split_cell_heldout,ridge_drug_fp,"B cells, Sunitinib",0.29772797076135094,0.8381534629784642,0.533704704847326,1.9333313519320523
split_cell_heldout,ridge_drug_fp,"B cells, Tivozanib",0.2651575855101574,0.8157679582122173,0.5128435953775191,1.9247871381864465
split_cell_heldout,ridge_drug_fp,"B cells, Tamatinib",0.5433624710055555,1.0458426409518498,0.736978536340827,1.8573382072182403
split_cell_heldout,ridge_drug_fp,"B cells, Linagliptin",0.07917979027861606,0.6325440618136489,0.12466186300778702,1.760549001490491
split_cell_heldout,ridge_drug_fp,"B cells, 5-(9-Isopropyl-8-methyl-2-morpholino-9H-purin-6-yl)pyrimidin-2-amine",0.6257457551120192,1.0991476478021127,0.7634954967273959,1.76273706582858
split_cell_heldout,ridge_drug_fp,"B cells, O-Demethylated Adapalene",0.23884864968283265,0.735198011263282,0.44574802116080275,1.8312312982314642
split_cell_heldout,ridge_drug_fp,"B cells, I-BET151",0.6609462595964312,1.0504108130344596,0.8303374341741725,1.489242754955544
split_cell_heldout,ridge_drug_fp,"B cells, Foretinib",0.48643444468297364,1.0050755809728835,0.6833660374178113,1.9843609276129193
split_cell_heldout,ridge_drug_fp,"B cells, GW843682X",0.28719215786508345,0.6308228687666193,0.46437783892746304,1.6665695342100277
split_cell_heldout,ridge_drug_fp,"B cells, IN1451",0.7448778979469624,1.1592049831829006,0.9000814928728379,1.2439071962130528
split_cell_heldout,ridge_drug_fp,"B cells, Raloxifene",0.14111858783547326,0.7294911781989981,0.4190394341546453,1.6814615072864363
split_cell_heldout,ridge_drug_fp,"B cells, Topotecan",0.466706254231901,0.8287248594994339,0.690620389583674,1.5804711243549183
split_cell_heldout,ridge_drug_fp,"B cells, BAY 87-2243",0.4302254795423811,1.015535317677197,0.6180181413977355,1.8434690714756052
split_cell_heldout,ridge_drug_fp,"B cells, Porcn Inhibitor III",0.17888870486113484,0.6980935839261578,0.4163659793696844,1.626922222778044
split_cell_heldout,ridge_drug_fp,"B cells, TL_HRAS26",0.15565477199383626,0.6660943521820166,0.33437433161864694,1.7659328217645642
split_cell_heldout,ridge_drug_fp,"B cells, Proscillaridin A;Proscillaridin-A",0.7441758308829917,1.6120510690358367,0.8501576633762635,1.6882385180787811
split_cell_heldout,ridge_drug_fp,"B cells, BMS-265246",0.5856260093640444,0.9407864048776274,0.7741797180237094,1.5657518988810164
split_cell_heldout,ridge_drug_fp,"B cells, Pomalidomide",0.4308722883065675,0.9013534000308541,0.6470275282202473,1.8566859388077697
split_cell_heldout,ridge_drug_fp,"B cells, Dovitinib",0.3282638130685169,0.9042644186473855,0.5404761891682004,1.977955711094056
split_cell_heldout,ridge_drug_fp,"B cells, Navitoclax",0.2621706475365821,0.8529099944689442,0.4984902525584004,1.931961745516317
split_cell_heldout,ridge_drug_fp,"B cells, Methotrexate",0.2276121532045525,0.6804715635354557,0.473725816529051,1.5934262897801545
split_cell_heldout,ridge_drug_fp,"B cells, Palbociclib",0.16141731852587815,0.7093951402505602,0.37267152442737667,1.7695541128677426
split_cell_heldout,ridge_drug_fp,"B cells, AMD-070 (hydrochloride)",0.17439031154597778,0.6965410858127624,0.3468476761623498,1.7983734564437126
split_cell_heldout,ridge_drug_fp,"B cells, FK 866",0.3716490593890595,0.787509521235111,0.6559171022426694,1.5899579011276226
split_cell_heldout,ridge_drug_fp,"B cells, Scriptaid",0.7247641061684406,1.2191544877127176,0.8443796205193893,1.6365658889558725
split_cell_heldout,ridge_drug_fp,"B cells, PF-04691502",0.49613092697564853,1.0322031371346168,0.6898939125788873,1.8982092691497394
split_cell_heldout,ridge_drug_fp,"B cells, Dactolisib",0.6648987996002834,1.1348307161847462,0.8089433011881393,1.6628475256137494
split_cell_heldout,ridge_drug_fp,"B cells, Isoniazid",0.1456168069188309,0.6115729382449109,0.293844903053284,1.711630899447417
split_cell_heldout,ridge_drug_fp,"B cells, Idelalisib",0.45364292020011465,0.9311688137413496,0.6714360568176125,1.9324989051406285
split_cell_heldout,ridge_drug_fp,"B cells, Penfluridol",0.10716923492917575,0.6404843733891941,0.2707202202783368,1.7227902877237038
split_cell_heldout,ridge_drug_fp,"B cells, Quizartinib",0.12817119894748968,0.6320762461394436,0.3158629627254967,1.6186618097033012
split_cell_heldout,ridge_drug_fp,"B cells, PD-0325901",0.35406221686394124,0.8604921543757248,0.6480166837274793,1.7269080769554064
split_cell_heldout,ridge_drug_fp,"B cells, LDN 193189",0.18900694247826733,0.6198925879392162,0.40646287780515694,1.6168541527643776
split_cell_heldout,ridge_drug_fp,"B cells, Riociguat",0.08816869167372415,0.6236339712047996,0.17085283217761946,1.802511271323181
split_cell_heldout,ridge_drug_fp,"B cells, CHIR-99021",0.4537593446090085,0.7957161015890661,0.7153297899834804,1.4270209599886943
split_cell_heldout,ridge_drug_fp,"B cells, BI-D1870",0.19482341238526457,0.6735542556114318,0.3553341796851989,1.720332746990394
split_cell_heldout,ridge_drug_fp,"B cells, Crizotinib",0.451027413401289,0.851580677278829,0.7130991406283744,1.8044070453014085
split_cell_heldout,ridge_drug_fp,"B cells, Azacitidine",0.26915593894613826,0.6602521538899289,0.5151556965422849,1.7061018040368354
split_cell_heldout,ridge_drug_fp,"B cells, TR-14035",0.23275921999054894,0.673525201608459,0.4001688183687378,1.7873278096134304
split_cell_heldout,ridge_drug_fp,"B cells, AT 7867",0.3081080050583347,0.8294678872613943,0.5147779080394842,1.7951594501427015
split_cell_heldout,ridge_drug_fp,"B cells, GO-6976",0.2812896909266022,0.7670991861973461,0.5031851346809159,1.7061297599243663
split_cell_heldout,ridge_drug_fp,"B cells, TGX 221",0.4392942700832754,0.8381885049136383,0.6624500587773915,1.761395591512785
split_cell_heldout,ridge_drug_fp,"B cells, Pitavastatin Calcium",0.5319187299061727,1.1182915514370104,0.7589368425323723,1.5256342632823032
split_cell_heldout,ridge_drug_fp,"B cells, ABT737",0.20914150375341192,0.9440788124679577,0.34805975113513354,2.003568324723203
split_cell_heldout,ridge_drug_fp,"B cells, PRT-062607",0.4745844504576803,1.0776303193824954,0.6931318603435845,1.906074516674604
split_cell_heldout,ridge_drug_fp,"B cells, AZ628",0.4209967318698515,0.8930117657026361,0.6703842945063926,1.838446990886168
split_cell_heldout,ridge_drug_fp,"B cells, Masitinib",0.24703864313911236,0.7248566202019372,0.36653962539648804,1.777641773377149
split_cell_heldout,ridge_drug_fp,"B cells, STK219801",0.27308052255924453,0.6415039163141067,0.40288405274220723,1.7169783358740174
split_cell_heldout,ridge_drug_fp,"B cells, Ricolinostat",0.47355844864382424,0.7557676273659047,0.693187983641975,1.4545622287543978
split_cell_heldout,ridge_drug_fp,"B cells, Midostaurin",0.37036049373435787,0.8504476209696559,0.5600258581492227,1.781616432624843
split_cell_heldout,ridge_drug_fp,"B cells, CEP-37440",0.21606651569425148,0.7872716538889244,0.3862909261492057,1.8422961108545832
split_cell_heldout,ridge_drug_fp,"B cells, R428",0.4175698170664727,1.1707052225309666,0.6524703292079956,1.7617796429429653
split_cell_heldout,ridge_drug_fp,"B cells, Oxybenzone",0.11876119125493857,0.5795241875526226,0.11484578880862797,1.7339690304750408
split_cell_heldout,ridge_drug_fp,"B cells, Tivantinib",0.3634485382197971,0.7128198560865168,0.585301310610134,1.6394187131328686
split_cell_heldout,ridge_drug_fp,"B cells, Colchicine",0.40708597522897394,1.1104943861122392,0.6450106913682092,1.8793766431950736
split_cell_heldout,ridge_drug_fp,"B cells, BX 912",0.3596482765509331,0.7673293363719497,0.6254384263343199,1.6651447620985758
split_cell_heldout,ridge_drug_fp,"B cells, Selumetinib",0.3365480791708253,0.8432902818675699,0.6196461967234069,1.909187000421945
split_cell_heldout,ridge_drug_fp,"B cells, RG7090",0.2565091800869578,0.654413284741775,0.5137654386413655,1.6009603570269593
split_cell_heldout,ridge_drug_fp,"B cells, GLPG0634",0.473291909980793,0.7982615463025211,0.7044475944805457,1.6580538872394321
split_cell_heldout,ridge_drug_fp,"B cells, TIE2 Kinase Inhibitor",0.1675893008919827,0.5913106153119776,0.3789387252535715,1.5828920709468095
split_cell_heldout,ridge_drug_fp,"B cells, Lapatinib",0.24936774718383192,0.6423937539220089,0.5423533452184999,1.619606666910168
split_cell_heldout,ridge_drug_fp,"B cells, Atorvastatin",0.2584783322125477,0.6176244637877496,0.49543350797362345,1.5776913626934048
split_cell_heldout,ridge_drug_fp,"B cells, Clomipramine",0.21190585991681893,0.6178017826874483,0.39161073735196444,1.65480448439884
split_cell_heldout,ridge_drug_fp,"B cells, Ixabepilone",0.15179722388086955,0.6159318353396639,0.3646177595894459,1.7297149099601963
split_cell_heldout,ridge_drug_fp,"B cells, Protriptyline",0.10964333288368795,0.5883876386112818,0.25982873580429716,1.6775314992261308
split_cell_heldout,ridge_drug_fp,"B cells, Phenylbutazone",0.11458933249596037,0.5859957746803252,0.07663746234821579,1.704287461529827
split_cell_heldout,ridge_drug_fp,"B cells, K-02288",0.10169772859371923,0.7297428843446949,0.18964046109645014,1.8594000457265731
split_cell_heldout,ridge_drug_fp,"B cells, BMS-777607",0.22093911662398893,0.6807726366468425,0.42301666728082177,1.7529026445986509
split_cell_heldout,ridge_drug_fp,"B cells, Vorinostat",0.7023253683545744,1.1780033675213428,0.8279544914916768,1.6802034820859482
split_cell_heldout,ridge_drug_fp,"B cells, Ruxolitinib",0.461519544822779,0.9205715799606927,0.7150744356977592,1.7178571640954938
split_cell_heldout,ridge_drug_fp,"B cells, AVL-292",0.40635383677405884,0.96068679323657,0.6313834819787023,1.9769977309234925
split_cell_heldout,ridge_drug_fp,"B cells, Trametinib",0.3427389812195135,0.8050372725682556,0.6563916681987447,1.6183040860509432
split_cell_heldout,ridge_drug_fp,"B cells, Sgc-cbp30",0.28943464370863653,0.7240020825527483,0.5768394960897992,1.598567985522333
split_cell_heldout,ridge_drug_fp,"B cells, Chlorpheniramine",0.14876394716832622,0.6262498425225757,0.2702999463797053,1.7539740149938308
split_cell_heldout,ridge_drug_fp,"B cells, BAY 61-3606",0.6161278556468864,1.0700171894917712,0.8099809661604545,1.5019023474005693
split_cell_heldout,ridge_drug_fp,"B cells, LY2090314",0.5372638139635764,1.1771248946293738,0.7618382892644314,1.5808077630841642
split_cell_heldout,ridge_drug_fp,"B cells, Vardenafil",0.1757371817679388,0.6294320569165571,0.3981216486894848,1.6237290283841481
split_cell_heldout,ridge_drug_fp,"B cells, Dasatinib",0.46037679802498715,1.1322719985510847,0.6625912440213992,1.999586167599945
split_cell_heldout,ridge_drug_fp,"B cells, AT13387",0.603671190288972,1.3296821626630644,0.743105161333988,2.0340682487368658
split_cell_heldout,ridge_drug_fp,"B cells, Perhexiline",0.5366687913035636,0.9250793196215659,0.725283540402757,1.7898218361911253
split_cell_heldout,ridge_drug_fp,"B cells, RVX-208",0.4271752878937337,0.7227877676492113,0.6096953459920771,1.5731287625829213
split_cell_heldout,ridge_drug_fp,"B cells, Ketoconazole",0.5284975537203521,0.853764425491628,0.7135634723205229,1.5476279041227758
split_cell_heldout,ridge_drug_fp,"B cells, Disulfiram",0.1421348623620568,0.6174044308012647,0.30064883350405547,1.7168083124932239
split_cell_heldout,ridge_drug_fp,"B cells, Flutamide",0.1254509683324555,0.6164216439560537,0.28883532863463074,1.7380578335960026
split_cell_heldout,ridge_drug_fp,"B cells, Desloratadine",0.17680990890322554,0.5990040272177486,0.28930929628036256,1.6223057104819394
split_cell_heldout,ridge_drug_fp,"B cells, BMS-536924",0.5008458448725845,0.9780528676944058,0.7078979239680272,1.8722026401912768
split_cell_heldout,ridge_drug_fp,"B cells, IKK Inhibitor VII",0.4237541093062742,1.0014017712419756,0.633141099365421,1.8465841931257765
split_cell_heldout,ridge_drug_fp,"B cells, Amiodarone",0.14782879559145487,0.5921642438902732,0.261792441024736,1.600732994283926
split_cell_heldout,ridge_drug_fp,"B cells, IMD-0354",0.5949061340377756,1.0422951707056487,0.7762875985109453,1.7208459505238978
split_cell_heldout,ridge_drug_fp,"B cells, Canertinib",0.35004479095843694,0.7381929674568551,0.5668469713196015,1.6731136705312766
split_cell_heldout,ridge_drug_fp,"B cells, Alogliptin",0.11841408313417438,0.6311791403940826,0.12269258161346205,1.8244097242934492
split_cell_heldout,ridge_drug_fp,"B cells, RN-486",0.048307584522504395,0.6718368156763805,0.058462382001309016,1.8080732957536094
split_cell_heldout,ridge_drug_fp,"B cells, Decitabine",0.10493949612699799,0.5912515881337196,0.16902072508474375,1.7583458069261202
split_cell_heldout,ridge_drug_fp,"B cells, Cabozantinib",0.27115262750321883,0.7024530355915763,0.5645652027240978,1.7319914090797406
split_cell_heldout,ridge_drug_fp,"B cells, Defactinib",0.3750315168646581,0.7348078229761046,0.6478755178400569,1.5584479822891246
split_cell_heldout,ridge_drug_fp,"B cells, AZD3514",0.42188167999310555,0.6900193086991129,0.6469779659293949,1.562383302918897
split_cell_heldout,ridge_drug_fp,"B cells, HMN-214",0.3128165845938597,0.616129411896566,0.5573205139082983,1.4843224917696536
split_cell_heldout,ridge_drug_fp,"B cells, CC-401",0.4603565761558445,0.7261350500800661,0.7121266368910019,1.548873066095517
split_cell_heldout,ridge_drug_fp,"B cells, Resminostat",0.6840193031366907,1.2735470354126424,0.8161020709209963,1.7022335169067766
split_cell_heldout,ridge_drug_fp,"B cells, Nilotinib",0.4578990733826768,0.8577319325709857,0.7008347833240334,1.7566696376016946
split_cell_heldout,ridge_drug_fp,"B cells, OSI-930",0.16074684613806972,0.5996665620466785,0.34153382737955035,1.6331811321343732
split_cell_heldout,ridge_drug_fp,"B cells, Saracatinib",0.49495267136062715,0.9954896782469941,0.7114226920046951,1.8697329326833831
split_cell_heldout,ridge_drug_fp,"B cells, RG7112",0.26381688426690897,0.6357776501079733,0.5151372977717554,1.6529422377742768
split_cell_heldout,ridge_drug_fp,"B cells, Lamivudine",0.17098123062812684,0.6619247066023892,0.2970394154597499,1.7509464947155604
split_cell_heldout,ridge_drug_fp,"B cells, AZD-8330",0.40135340944543035,0.7899285878646454,0.6679771414271051,1.6731627993610931
split_cell_heldout,ridge_drug_fp,"B cells, Ceritinib",0.2858422207004704,0.6532669731713061,0.5647044651136651,1.5507548122395522
split_cell_heldout,ridge_drug_fp,"B cells, CGM-097",0.5763634741680633,0.8893711837963066,0.7731244993841274,1.5498507025027826
split_cell_heldout,ridge_drug_fp,"B cells, SLx-2119",0.20682299451089436,0.7015889221795415,0.47924564237841366,1.6862909640917834
split_cell_heldout,ridge_drug_fp,"B cells, Nefazodone",0.10291565949301797,0.6392432415835346,0.10767024641697011,1.8409908553457042
split_cell_heldout,ridge_drug_fp,"B cells, TPCA-1",0.4939899930346042,1.061171684999226,0.7069915826330436,1.874075657602857
split_cell_heldout,ridge_drug_fp,"B cells, MGCD-265",0.20007496714646453,0.7256110816779516,0.37383186351962977,1.8174944522293528
split_cell_heldout,ridge_drug_fp,"B cells, GSK-1070916",0.269938267034143,0.6566446860709823,0.43465870841492293,1.5881296928258524
split_cell_heldout,ridge_drug_fp,"B cells, Bosutinib",0.5235949992862512,1.0761492788762004,0.705155300267433,1.8621493872196346
split_cell_heldout,ridge_drug_fp,"B cells, Clemastine",0.25248150142325276,0.6793346621747739,0.44254144201791634,1.7718479696279854
split_cell_heldout,ridge_drug_fp,"B cells, YK 4-279",0.15607017960953973,0.6404661313272058,0.3286299464119566,1.7457150046739973
split_cell_heldout,ridge_drug_fp,"B cells, Buspirone",0.14311936524943786,0.5956464966588406,0.1599892943980652,1.8173026162682886
split_cell_heldout,ridge_drug_fp,"B cells, GSK256066",0.29757392854725256,0.9109238862947162,0.48831023140313085,1.9887620832339414
split_cell_heldout,ridge_drug_fp,"B cells, Vandetanib",0.16466047138643092,0.7528221392420819,0.3077741949948881,1.9264198479222838
split_cell_heldout,ridge_drug_fp,"B cells, Imatinib",0.10769149430989618,0.5948148617488093,0.1582095625121939,1.7570520403852516
split_cell_heldout,ridge_drug_fp,"B cells, SCH-58261",0.08609676064718454,0.6271973115703559,0.13734091318984248,1.7110656243258406
split_cell_heldout,ridge_drug_fp,"B cells, Colforsin",0.14060659170187934,0.6322374820650982,0.18933927092443495,1.7131032793235863
split_cell_heldout,ridge_drug_fp,"B cells, Tosedostat",0.24645245854646697,0.7500391461199596,0.5003239277134629,1.6000182797328095
split_cell_heldout,ridge_drug_fp,"B cells, ABT-199 (GDC-0199)",0.10280033970948273,0.9983882786889939,0.1729609680650136,2.172659474356961
split_cell_heldout,ridge_drug_fp,"B cells, Mometasone Furoate",0.5326881422714054,1.1662663720886137,0.7325843090293437,1.8070958232673426
split_cell_heldout,ridge_drug_fp,"B cells, Tipifarnib",0.30036152846795183,0.6939310523542347,0.46975904290885817,1.6719272233701263
split_cell_heldout,ridge_drug_fp,"B cells, Doxorubicin",0.5231286818846013,1.5196600310472157,0.6658058152654551,2.219986743024092
split_cell_heldout,ridge_drug_fp,"B cells, PF-03814735",0.5561324052562369,1.0957890521345377,0.7545399319324544,1.7932177441971808
split_cell_heldout,ridge_drug_fp,"B cells, AZD4547",0.12001586822799498,0.6439559332137168,0.17668770933970399,1.7823570757519476
split_cell_heldout,ridge_drug_fp,"B cells, Prednisolone",0.4515142581715084,1.0985023664174396,0.6797008990579253,1.8448441943753653
split_cell_heldout,ridge_drug_fp,"B cells, Tacalcitol",0.19834968215157425,0.9625132199849379,0.44253374580321875,1.7255952982640002
split_cell_heldout,ridge_drug_fp,"B cells, Clotrimazole",0.1619124411515622,0.639346972049903,0.2626232267863009,1.7404856167912082
split_cell_heldout,ridge_drug_fp,"B cells, Mubritinib (TAK 165)",0.40451466074735576,0.8673734119150649,0.6517453086181865,1.6775069582293767
split_cell_heldout,ridge_drug_fp,"B cells, Vanoxerine",0.17389810212247156,0.6272843132908261,0.2156851514084355,1.771022259828216
split_cell_heldout,ridge_drug_fp,"B cells, SB525334",0.320610152069961,0.7606895666528377,0.5325175183754769,1.624337351677869
split_cell_heldout,ridge_drug_fp,"B cells, HYDROXYUREA",0.1071022514002877,0.6206460685889659,0.22013732896384164,1.6986997999332776
split_cell_heldout,ridge_cell_drug_fp,"B cells, MK-5108",0.18164428553553824,0.6183091047013038,0.3741444285850462,1.6511310564212833
split_cell_heldout,ridge_cell_drug_fp,"B cells, Ganetespib (STA-9090)",0.6309728506986638,1.3342435704382638,0.7566116632461454,1.9713579667767223
split_cell_heldout,ridge_cell_drug_fp,"B cells, Sunitinib",0.29760374351689606,0.8382055971132408,0.5335651660228065,1.9334238841103863
split_cell_heldout,ridge_cell_drug_fp,"B cells, Tivozanib",0.2652243157574281,0.8157417382394058,0.5129229560587434,1.924731354840227
split_cell_heldout,ridge_cell_drug_fp,"B cells, Tamatinib",0.5433065201592127,1.0459150804330182,0.7369545677926016,1.8573096733471262
split_cell_heldout,ridge_cell_drug_fp,"B cells, Linagliptin",0.07916525911560657,0.6325578638058655,0.12469694112170876,1.7605360555453482
split_cell_heldout,ridge_cell_drug_fp,"B cells, 5-(9-Isopropyl-8-methyl-2-morpholino-9H-purin-6-yl)pyrimidin-2-amine",0.6257178369459773,1.0991751106367396,0.7635256798414204,1.7627614837193766
split_cell_heldout,ridge_cell_drug_fp,"B cells, O-Demethylated Adapalene",0.23886527704314026,0.7351959361170967,0.44577537642187876,1.8312135339667022
split_cell_heldout,ridge_cell_drug_fp,"B cells, I-BET151",0.6609156358225214,1.050495814791325,0.8303173830534727,1.4892732782599891
split_cell_heldout,ridge_cell_drug_fp,"B cells, Foretinib",0.5031758032953371,0.9947931731056588,0.6979372595822737,1.9681665020125971
split_cell_heldout,ridge_cell_drug_fp,"B cells, GW843682X",0.2871846212056977,0.6308296127324571,0.46439034987496697,1.6665597208156662
split_cell_heldout,ridge_cell_drug_fp,"B cells, IN1451",0.7448411900407362,1.1593352035728766,0.9000577237320597,1.24398361078924
split_cell_heldout,ridge_cell_drug_fp,"B cells, Raloxifene",0.1410535272634905,0.7296633981670124,0.41895659817001624,1.681474493071647
split_cell_heldout,ridge_cell_drug_fp,"B cells, Topotecan",0.46667701617675,0.8287405786781942,0.6905872450031715,1.5805408253150135
split_cell_heldout,ridge_cell_drug_fp,"B cells, BAY 87-2243",0.43023235059354126,1.0154018643257254,0.617960076581166,1.8435906194181886
split_cell_heldout,ridge_cell_drug_fp,"B cells, Porcn Inhibitor III",0.17882966663910999,0.6980543158840906,0.4162949900573659,1.6269909291975158
split_cell_heldout,ridge_cell_drug_fp,"B cells, TL_HRAS26",0.15574043926102568,0.6660792507805539,0.33452573141768777,1.7658589869699473
split_cell_heldout,ridge_cell_drug_fp,"B cells, Proscillaridin A;Proscillaridin-A",0.7454113000690215,1.6060929843328136,0.8510461857860241,1.6843552363581724
split_cell_heldout,ridge_cell_drug_fp,"B cells, BMS-265246",0.5854579256696684,0.9409764852391147,0.7740571029862913,1.5660320503486167
split_cell_heldout,ridge_cell_drug_fp,"B cells, Pomalidomide",0.4309840360504638,0.9013039177632833,0.6471531315217443,1.8564668099896937
split_cell_heldout,ridge_cell_drug_fp,"B cells, Dovitinib",0.3280661625692252,0.9043582679316476,0.5402334361914932,1.978168162220559
split_cell_heldout,ridge_cell_drug_fp,"B cells, Navitoclax",0.2618903764948898,0.8529860747484874,0.49827749356276374,1.9321986110257283
split_cell_heldout,ridge_cell_drug_fp,"B cells, Methotrexate",0.22770137589968267,0.680427595402687,0.4737686065846277,1.5933892905645344
split_cell_heldout,ridge_cell_drug_fp,"B cells, Palbociclib",0.16110539145354869,0.7096512225682967,0.37204611309909225,1.769794927671024
split_cell_heldout,ridge_cell_drug_fp,"B cells, AMD-070 (hydrochloride)",0.17421602063056463,0.6965682838300076,0.3466514572843797,1.7984961154628225
split_cell_heldout,ridge_cell_drug_fp,"B cells, FK 866",0.37155339494409484,0.7876851705248138,0.6558205498679838,1.5900241791054348
split_cell_heldout,ridge_cell_drug_fp,"B cells, Scriptaid",0.7247763038545599,1.2191367841136926,0.8443872424031587,1.6364888621453626
split_cell_heldout,ridge_cell_drug_fp,"B cells, PF-04691502",0.5008337690485758,1.0289861578490602,0.6985758259252847,1.8862857034548135
split_cell_heldout,ridge_cell_drug_fp,"B cells, Dactolisib",0.6649323355412635,1.1348005190168768,0.8089540266809052,1.6627395508867133
split_cell_heldout,ridge_cell_drug_fp,"B cells, Isoniazid",0.14592828473913647,0.6115793850112538,0.2943661602205568,1.711385486326113
split_cell_heldout,ridge_cell_drug_fp,"B cells, Idelalisib",0.453593743177361,0.9311935856199731,0.6714035578021516,1.9325778707700905
split_cell_heldout,ridge_cell_drug_fp,"B cells, Penfluridol",0.10695323327975505,0.6406955056784893,0.26985312749566076,1.7231506305780335
split_cell_heldout,ridge_cell_drug_fp,"B cells, Quizartinib",0.12770457976987054,0.6325169356505342,0.31480637927566935,1.619144441154879
split_cell_heldout,ridge_cell_drug_fp,"B cells, PD-0325901",0.3542000632759725,0.8602666909050508,0.6480416431607985,1.726927821885329
split_cell_heldout,ridge_cell_drug_fp,"B cells, LDN 193189",0.18909283061157237,0.6198865475569035,0.4066394961642129,1.6167419026925112
split_cell_heldout,ridge_cell_drug_fp,"B cells, Riociguat",0.08816408731309149,0.6236441469232116,0.17088361373086178,1.8025051877160763
split_cell_heldout,ridge_cell_drug_fp,"B cells, CHIR-99021",0.4537912065077944,0.7957227492953409,0.7153444831239878,1.42697492379632
split_cell_heldout,ridge_cell_drug_fp,"B cells, BI-D1870",0.19481482743056383,0.6735786883241462,0.35532578042864843,1.7203341238997523
split_cell_heldout,ridge_cell_drug_fp,"B cells, Crizotinib",0.4509081238448793,0.8517036803687111,0.7130173388309528,1.804367777795735
split_cell_heldout,ridge_cell_drug_fp,"B cells, Azacitidine",0.26914855497257295,0.6602384326539563,0.5151645742639033,1.7061229233581754
split_cell_heldout,ridge_cell_drug_fp,"B cells, TR-14035",0.23272496346062457,0.6735214801011153,0.3998098926388271,1.787569320190338
split_cell_heldout,ridge_cell_drug_fp,"B cells, AT 7867",0.3081154479681131,0.82947622651176,0.5147481618477686,1.7951739599106673
split_cell_heldout,ridge_cell_drug_fp,"B cells, GO-6976",0.28136757833662296,0.7669344843156293,0.5034813615453214,1.7059577120463685
split_cell_heldout,ridge_cell_drug_fp,"B cells, TGX 221",0.43904342599300616,0.8383623558115808,0.662317669493783,1.761601728873896
split_cell_heldout,ridge_cell_drug_fp,"B cells, Pitavastatin Calcium",0.5319130286940729,1.1183017288685744,0.7589338921576485,1.5256444188486216
split_cell_heldout,ridge_cell_drug_fp,"B cells, ABT737",0.2091312661188568,0.9440817793509991,0.34802208466548906,2.003587259212613
split_cell_heldout,ridge_cell_drug_fp,"B cells, PRT-062607",0.4746486175980742,1.0774725140085473,0.6931569050574388,1.9062086595760468
split_cell_heldout,ridge_cell_drug_fp,"B cells, AZ628",0.4208677318229486,0.8931100889009933,0.6703189617877768,1.8384521808932168
split_cell_heldout,ridge_cell_drug_fp,"B cells, Masitinib",0.24675258032327926,0.7248368863179087,0.3663183762141745,1.7778637245499567
split_cell_heldout,ridge_cell_drug_fp,"B cells, STK219801",0.27305947864552976,0.6415054736858526,0.40284167548144734,1.717012266378638
split_cell_heldout,ridge_cell_drug_fp,"B cells, Ricolinostat",0.4736202074868214,0.7557472305278222,0.6932316583294784,1.4544652352129412
split_cell_heldout,ridge_cell_drug_fp,"B cells, Midostaurin",0.3703521200562327,0.8505450770276685,0.5601028073992342,1.7815102658801827
split_cell_heldout,ridge_cell_drug_fp,"B cells, CEP-37440",0.21590047335593443,0.7872854699823134,0.3860190381535166,1.8424858950802954
split_cell_heldout,ridge_cell_drug_fp,"B cells, R428",0.4120365267012968,1.160003380384279,0.6473208492088735,1.770858561812389
split_cell_heldout,ridge_cell_drug_fp,"B cells, Oxybenzone",0.11827595548939553,0.5796013436691198,0.11406742083224078,1.7342411070432866
split_cell_heldout,ridge_cell_drug_fp,"B cells, Tivantinib",0.3632745815384429,0.712801481073851,0.5849964786048929,1.639770208445011
split_cell_heldout,ridge_cell_drug_fp,"B cells, Colchicine",0.4070634018673641,1.1105441196346257,0.6449660397674728,1.8794333414918085
split_cell_heldout,ridge_cell_drug_fp,"B cells, BX 912",0.359569173957035,0.7673592140342763,0.6254075449889698,1.6652210104747631
split_cell_heldout,ridge_cell_drug_fp,"B cells, Selumetinib",0.336497147046697,0.8433606219888456,0.6196235136945397,1.9091600487289606
split_cell_heldout,ridge_cell_drug_fp,"B cells, RG7090",0.2567800990630363,0.654256065947663,0.5138535110758836,1.6008399593007647
split_cell_heldout,ridge_cell_drug_fp,"B cells, GLPG0634",0.4731511545397967,0.7984016589268098,0.7044772909327967,1.6579230958377957
split_cell_heldout,ridge_cell_drug_fp,"B cells, TIE2 Kinase Inhibitor",0.1675547421276943,0.591304262798466,0.37898061391305066,1.582908457003468
split_cell_heldout,ridge_cell_drug_fp,"B cells, Lapatinib",0.24945219239925998,0.6423226766999514,0.5423962020059481,1.6195645002555812
split_cell_heldout,ridge_cell_drug_fp,"B cells, Atorvastatin",0.2584396201928458,0.6176414656310468,0.49541585804902993,1.5777180152488632
split_cell_heldout,ridge_cell_drug_fp,"B cells, Clomipramine",0.21187429030733768,0.6177347831103952,0.3915420319304641,1.6548492879569219
split_cell_heldout,ridge_cell_drug_fp,"B cells, Ixabepilone",0.1519172976826965,0.6159054213519146,0.3648144390691103,1.7295740044212964
split_cell_heldout,ridge_cell_drug_fp,"B cells, Protriptyline",0.10965491810015303,0.5883767171862533,0.25977186341479,1.6775400179250752
split_cell_heldout,ridge_cell_drug_fp,"B cells, Phenylbutazone",0.11437322865368138,0.5860517157654795,0.07637000967864947,1.7043737268623387
split_cell_heldout,ridge_cell_drug_fp,"B cells, K-02288",0.10156944654719043,0.7297293392060402,0.189400026944848,1.8595006043133835
split_cell_heldout,ridge_cell_drug_fp,"B cells, BMS-777607",0.2209739842641444,0.6808820109374533,0.423188413123002,1.7527441170632763
split_cell_heldout,ridge_cell_drug_fp,"B cells, Vorinostat",0.7022077302184635,1.1782043929806119,0.8278639759839153,1.6804713314672468
split_cell_heldout,ridge_cell_drug_fp,"B cells, Ruxolitinib",0.4615737617019601,0.9204714809616158,0.7151110387490442,1.7178730968796339
split_cell_heldout,ridge_cell_drug_fp,"B cells, AVL-292",0.40624115128922617,0.9607827702698045,0.6313645092790133,1.976855254630743
split_cell_heldout,ridge_cell_drug_fp,"B cells, Trametinib",0.34243055304332976,0.8054432492277067,0.6561961355927689,1.6184838530465775
split_cell_heldout,ridge_cell_drug_fp,"B cells, Sgc-cbp30",0.2893383890829615,0.7240086165414314,0.576673363723797,1.5987087964470692
split_cell_heldout,ridge_cell_drug_fp,"B cells, Chlorpheniramine",0.1484890243778742,0.6263276262753016,0.2696041529068781,1.7542179513167244
split_cell_heldout,ridge_cell_drug_fp,"B cells, BAY 61-3606",0.6161570867292341,1.0699682910267165,0.8099947197951126,1.5018586725792946
split_cell_heldout,ridge_cell_drug_fp,"B cells, LY2090314",0.5372499039047867,1.1771558370031592,0.7618349692695389,1.5808175526509232
split_cell_heldout,ridge_cell_drug_fp,"B cells, Vardenafil",0.1757447757122006,0.6294743865047954,0.3982782808456995,1.62365769042318
split_cell_heldout,ridge_cell_drug_fp,"B cells, Dasatinib",0.46040119306774585,1.1322870790007977,0.6626108048770455,1.9994959524732747
split_cell_heldout,ridge_cell_drug_fp,"B cells, AT13387",0.603724035469065,1.3296025770060529,0.7431333631887713,2.0340417239633624
split_cell_heldout,ridge_cell_drug_fp,"B cells, Perhexiline",0.5367302211650339,0.9250369144288074,0.7252978356841335,1.7897505461963024
split_cell_heldout,ridge_cell_drug_fp,"B cells, RVX-208",0.42724155937422165,0.7227749166678814,0.609764570876945,1.573029966522314
split_cell_heldout,ridge_cell_drug_fp,"B cells, Ketoconazole",0.5284888781348852,0.8537743150784196,0.713560055867385,1.547634785040629
split_cell_heldout,ridge_cell_drug_fp,"B cells, Disulfiram",0.14214325674654502,0.6174316816078304,0.30081501085625384,1.7166965833714518
split_cell_heldout,ridge_cell_drug_fp,"B cells, Flutamide",0.12543878145038606,0.6164017811685385,0.2888972688747718,1.7380556915545151
split_cell_heldout,ridge_cell_drug_fp,"B cells, Desloratadine",0.17655010128563975,0.5990478712149497,0.28912822815609196,1.6224747679579594
split_cell_heldout,ridge_cell_drug_fp,"B cells, BMS-536924",0.5008179168603002,0.9781193486208335,0.7079159955564046,1.8720185118004016
split_cell_heldout,ridge_cell_drug_fp,"B cells, IKK Inhibitor VII",0.42349150678499237,1.001332666284157,0.6329565521671684,1.8471033651430615
split_cell_heldout,ridge_cell_drug_fp,"B cells, Amiodarone",0.1475559380900844,0.5922741093585361,0.2615889961592685,1.6008256975820938
split_cell_heldout,ridge_cell_drug_fp,"B cells, IMD-0354",0.5948504860309595,1.042378078308729,0.7762671201634388,1.7208782279190735
split_cell_heldout,ridge_cell_drug_fp,"B cells, Canertinib",0.351033578871586,0.7392675192299019,0.5737792500725696,1.6659754466898573
split_cell_heldout,ridge_cell_drug_fp,"B cells, Alogliptin",0.11841865036541203,0.631182840756107,0.12264413763345741,1.8244664755739297
split_cell_heldout,ridge_cell_drug_fp,"B cells, RN-486",0.04832236898610184,0.6718259823773721,0.05849654503864202,1.8080601860877565
split_cell_heldout,ridge_cell_drug_fp,"B cells, Decitabine",0.10493492387438108,0.5912496851895195,0.1690009840319296,1.758352399028838
split_cell_heldout,ridge_cell_drug_fp,"B cells, Cabozantinib",0.2705708317272506,0.7028312408587888,0.5626290980640453,1.7326100554405486
split_cell_heldout,ridge_cell_drug_fp,"B cells, Defactinib",0.37508473751210736,0.7347692203397083,0.6478999035435371,1.5584201819220478
split_cell_heldout,ridge_cell_drug_fp,"B cells, AZD3514",0.42191072734433893,0.6900342452089638,0.6470441930397575,1.562282499972885
split_cell_heldout,ridge_cell_drug_fp,"B cells, HMN-214",0.3127890714970957,0.6160964037322418,0.5572616833767076,1.4843904831575896
split_cell_heldout,ridge_cell_drug_fp,"B cells, CC-401",0.4602750546507095,0.7261534474686299,0.7120468564159218,1.5490226325764513
split_cell_heldout,ridge_cell_drug_fp,"B cells, Resminostat",0.6840735503271816,1.2734429379064398,0.8161436563732298,1.70210097380995
split_cell_heldout,ridge_cell_drug_fp,"B cells, Nilotinib",0.45810954191308595,0.857586165470331,0.7009051665535336,1.7564789555907883
split_cell_heldout,ridge_cell_drug_fp,"B cells, OSI-930",0.16075049511865777,0.5997010853026205,0.3414426209511795,1.6331914488233212
split_cell_heldout,ridge_cell_drug_fp,"B cells, Saracatinib",0.4949036246023666,0.9955778153594367,0.7113674592406736,1.8697125842524824
split_cell_heldout,ridge_cell_drug_fp,"B cells, RG7112",0.2638043453936977,0.6357959837847403,0.5151278341445545,1.6529489061902796
split_cell_heldout,ridge_cell_drug_fp,"B cells, Lamivudine",0.1712144067233817,0.6618944676344237,0.2976512871092307,1.7506817458310087
split_cell_heldout,ridge_cell_drug_fp,"B cells, AZD-8330",0.4013775923515044,0.7899586093771928,0.6679979802226612,1.673083310587228
split_cell_heldout,ridge_cell_drug_fp,"B cells, Ceritinib",0.28589992782227347,0.6533187004183469,0.5647793500280132,1.5506518184246865
split_cell_heldout,ridge_cell_drug_fp,"B cells, CGM-097",0.576292423700523,0.8894409831547493,0.7730604959298223,1.5499944779569477
split_cell_heldout,ridge_cell_drug_fp,"B cells, SLx-2119",0.20667853884727783,0.701630589507104,0.479101433086357,1.6863707480016177
split_cell_heldout,ridge_cell_drug_fp,"B cells, Nefazodone",0.10260241424218536,0.6392610962247587,0.10663797932292135,1.8413845839257608
split_cell_heldout,ridge_cell_drug_fp,"B cells, TPCA-1",0.4938709134596549,1.0613393445416412,0.7069206955689055,1.8740810156862737
split_cell_heldout,ridge_cell_drug_fp,"B cells, MGCD-265",0.20058592165048608,0.7255147004349748,0.3745623727848747,1.8170112430410414
split_cell_heldout,ridge_cell_drug_fp,"B cells, GSK-1070916",0.26987019103433596,0.6566555081526317,0.4346111833467015,1.5881743438569818
split_cell_heldout,ridge_cell_drug_fp,"B cells, Bosutinib",0.5235003131161495,1.0764326985095987,0.7051541889373193,1.8617473553043244
split_cell_heldout,ridge_cell_drug_fp,"B cells, Clemastine",0.2525698042475824,0.6793567217219115,0.44274206967065105,1.7716278416900144
split_cell_heldout,ridge_cell_drug_fp,"B cells, YK 4-279",0.15610918430704876,0.640453120549136,0.3286945926569631,1.7456849172563453
split_cell_heldout,ridge_cell_drug_fp,"B cells, Buspirone",0.14309800016092028,0.5956916393968147,0.15968699818197138,1.8173717305422048
split_cell_heldout,ridge_cell_drug_fp,"B cells, GSK256066",0.2975720662293612,0.9109066772280879,0.4883051458007707,1.9887719386573204
split_cell_heldout,ridge_cell_drug_fp,"B cells, Vandetanib",0.16495650018301414,0.7527708306069957,0.308233461811246,1.9261861587015743
split_cell_heldout,ridge_cell_drug_fp,"B cells, Imatinib",0.10771663166822074,0.5948694717139245,0.15827242707696842,1.757030801714997
split_cell_heldout,ridge_cell_drug_fp,"B cells, SCH-58261",0.0862117748597031,0.6271466683613424,0.13768942325726785,1.7109368288428637
split_cell_heldout,ridge_cell_drug_fp,"B cells, Colforsin",0.1406313726279939,0.6322439901770903,0.18938005421942142,1.7130782007204823
split_cell_heldout,ridge_cell_drug_fp,"B cells, Tosedostat",0.24640263638146015,0.7500496456508586,0.5002951292195079,1.600068698621082
split_cell_heldout,ridge_cell_drug_fp,"B cells, ABT-199 (GDC-0199)",0.10282042185889897,0.9983823289181738,0.17302380311263302,2.1726360119441703
split_cell_heldout,ridge_cell_drug_fp,"B cells, Mometasone Furoate",0.5326867954041071,1.1663951417684402,0.7325899428665111,1.8069989234038006
split_cell_heldout,ridge_cell_drug_fp,"B cells, Tipifarnib",0.3002779011629197,0.6940532664898446,0.4697944493733399,1.6718742307488792
split_cell_heldout,ridge_cell_drug_fp,"B cells, Doxorubicin",0.5229820599160079,1.519856749241217,0.6656654533237483,2.220253441487397
split_cell_heldout,ridge_cell_drug_fp,"B cells, PF-03814735",0.5561078835735803,1.095824619555636,0.7545293491383616,1.7932287339854844
split_cell_heldout,ridge_cell_drug_fp,"B cells, AZD4547",0.12008284853114587,0.6439347778592364,0.17685626025538642,1.782294142498521
split_cell_heldout,ridge_cell_drug_fp,"B cells, Prednisolone",0.4514479136434559,1.0987150530427543,0.6796626675152617,1.8448465852016585
split_cell_heldout,ridge_cell_drug_fp,"B cells, Tacalcitol",0.19841657490840656,0.9624697234311494,0.4426599042842659,1.7254541005461752
split_cell_heldout,ridge_cell_drug_fp,"B cells, Clotrimazole",0.16180324128230905,0.639359063451704,0.26202685865332664,1.740735108160345
split_cell_heldout,ridge_cell_drug_fp,"B cells, Mubritinib (TAK 165)",0.40457247194447643,0.8673736898753097,0.6518036713398522,1.6774018020741825
split_cell_heldout,ridge_cell_drug_fp,"B cells, Vanoxerine",0.17384662841497006,0.6273098313953018,0.2155597273994732,1.7710784738495784
split_cell_heldout,ridge_cell_drug_fp,"B cells, SB525334",0.32059601742821875,0.7606794299587817,0.532501337449408,1.6243625631031715
split_cell_heldout,ridge_cell_drug_fp,"B cells, HYDROXYUREA",0.10709497485501752,0.6206119895021486,0.220073111191803,1.6987316800050523
split_scaffold_heldout,ridge_cell,"B cells, Ganetespib (STA-9090)",0.5258115773041989,1.5790632483279945,0.6610807343818653,2.633154541065365
split_scaffold_heldout,ridge_cell,"Myeloid cells, Ganetespib (STA-9090)",0.5041978078935165,1.3963585551757214,0.6639181037180162,2.4317255983734674
split_scaffold_heldout,ridge_cell,"NK cells, Ganetespib (STA-9090)",0.4446844888133415,1.068356253311555,0.6732399751819375,2.2460876829903573
split_scaffold_heldout,ridge_cell,"T cells, Ganetespib (STA-9090)",0.5305648035072337,2.0698212176421733,0.6090350979035145,2.9368221525798206
split_scaffold_heldout,ridge_cell,"B cells, Tamatinib",0.6801840121553148,1.055561369022477,0.8355845134858605,2.111895931268231
split_scaffold_heldout,ridge_cell,"Myeloid cells, Tamatinib",0.6865636653042143,1.213699123651849,0.8359416023026602,2.2464940882252353
split_scaffold_heldout,ridge_cell,"NK cells, Tamatinib",0.4462297189046989,0.7953827390874142,0.6672642902617384,1.8325543089800014
split_scaffold_heldout,ridge_cell,"T cells, Tamatinib",0.6481336754039465,0.9671722633726579,0.820327014143152,1.9711226208171222
split_scaffold_heldout,ridge_cell,"B cells, Linagliptin",0.05486276872250097,0.6221266472742701,0.08737360500947634,1.76429447196251
split_scaffold_heldout,ridge_cell,"Myeloid cells, Linagliptin",0.04477530316987896,0.7383656501357617,0.09130131310054213,1.9316773827564369
split_scaffold_heldout,ridge_cell,"NK cells, Linagliptin",0.25715462005530565,0.6046036087409675,0.4864699035466395,1.6844848821710627
split_scaffold_heldout,ridge_cell,"T cells, Linagliptin",0.25915549121519704,0.5065142782195724,0.37517309695854867,1.5138675938067823
split_scaffold_heldout,ridge_cell,"B cells, I-BET151",0.42511805015307924,1.2414720629386116,0.5755466422275363,2.3641201934201512
split_scaffold_heldout,ridge_cell,"Myeloid cells, I-BET151",0.39836199982103176,1.69086323364157,0.5396125956167437,2.73310187118637
split_scaffold_heldout,ridge_cell,"NK cells, I-BET151",0.24985711837012906,0.9968531241585652,0.39075203127197966,2.24660355204889
split_scaffold_heldout,ridge_cell,"T cells, I-BET151",0.46171079309862056,1.8653431847442294,0.5629161695669882,2.8180425696137794
split_scaffold_heldout,ridge_cell,"B cells, Foretinib",0.6565041793291643,0.979950715161729,0.8268804416043307,2.0435988544768287
split_scaffold_heldout,ridge_cell,"NK cells, Foretinib",0.4271703829777908,0.7128749511130102,0.676752229627358,1.8257001865131246
split_scaffold_heldout,ridge_cell,"T cells, Foretinib",0.6571586810700965,0.7447233363926842,0.8385076355257872,1.752245429017297
split_scaffold_heldout,ridge_cell,"B cells, GW843682X",0.2665300357914835,0.6114128206117014,0.47225162103079044,1.7913694470073622
split_scaffold_heldout,ridge_cell,"Myeloid cells, GW843682X",0.3128605809078868,0.7029273954143602,0.5237913776365569,1.8607033431055728
split_scaffold_heldout,ridge_cell,"NK cells, GW843682X",0.2612093198405482,0.6181712514393944,0.5239639021141915,1.759000597040235
split_scaffold_heldout,ridge_cell,"T cells, GW843682X",0.2646309100609045,0.5806566722752439,0.3906364236809174,1.885056691789293
split_scaffold_heldout,ridge_cell,"B cells, Raloxifene",0.18702160113826763,0.625653272864698,0.443687662295249,1.70899306975933
split_scaffold_heldout,ridge_cell,"Myeloid cells, Raloxifene",0.3569556858869194,0.9052821659132434,0.5933897149707914,2.0108505213655032
split_scaffold_heldout,ridge_cell,"NK cells, Raloxifene",0.09677170097510919,0.7644315563499701,0.18285082487678347,1.9429103286559222
split_scaffold_heldout,ridge_cell,"T cells, Raloxifene",-0.034838855630384774,0.9183560535802103,0.001336114762750192,2.0706289049043862
split_scaffold_heldout,ridge_cell,"NK cells, K-02288",0.20501413449810077,0.6024480331424532,0.4381991776777684,1.7348674462645512
split_scaffold_heldout,ridge_cell,"T cells, K-02288",0.4063711937073621,0.49928732530213626,0.6052806863191079,1.4924873818883804
split_scaffold_heldout,ridge_cell,"B cells, Proscillaridin A;Proscillaridin-A",0.15831212862746505,2.2699109781823954,0.20373140019707606,3.1405677442736666
split_scaffold_heldout,ridge_cell,"NK cells, Proscillaridin A;Proscillaridin-A",0.07152657311546892,2.253830518841613,0.10236105586378579,3.16095961418485
split_scaffold_heldout,ridge_cell,"T cells, Proscillaridin A;Proscillaridin-A",0.0005510422782651192,2.9897881880964094,0.000632813553859114,3.5458783916071024
split_scaffold_heldout,ridge_cell,"NK cells, Vorinostat",0.2741944154440887,1.2160616033713405,0.45387722653928836,2.422187185648086
split_scaffold_heldout,ridge_cell,"T cells, Vorinostat",0.4333688120823074,2.1041419557250833,0.5197243794053014,2.978662496429208
split_scaffold_heldout,ridge_cell,"B cells, Dovitinib",0.6128024204986022,0.7881603378419163,0.8235489430578676,1.880847117919077
split_scaffold_heldout,ridge_cell,"Myeloid cells, Dovitinib",0.10404837204436589,0.9588748900960761,0.24791258077552392,2.2179201602583123
split_scaffold_heldout,ridge_cell,"NK cells, Dovitinib",0.34389059170040975,0.698798482025299,0.5722904443070073,1.8248225800953684
split_scaffold_heldout,ridge_cell,"T cells, Dovitinib",0.5371264741642388,0.6830991070643473,0.7582082797206514,1.8386433726968483
split_scaffold_heldout,ridge_cell,"B cells, Methotrexate",-0.23770460295259405,0.770722279078375,-0.48573093643796683,2.013955081807807
split_scaffold_heldout,ridge_cell,"Myeloid cells, Methotrexate",0.1247267974811695,0.9329806025892046,0.24602663083336504,2.091358814809013
split_scaffold_heldout,ridge_cell,"NK cells, Methotrexate",-0.01796131446478501,0.6655097152437873,-0.014857939676227835,1.889826919154462
split_scaffold_heldout,ridge_cell,"T cells, Methotrexate",-0.17886313651753954,0.7135860896833579,-0.5099064253408404,2.2894619837639647
split_scaffold_heldout,ridge_cell,"NK cells, Trametinib",0.3482329545240666,0.6632984864142817,0.6192901779231185,1.7383377740584744
split_scaffold_heldout,ridge_cell,"T cells, Trametinib",0.3792111396134851,0.6597050648305204,0.6880948781696566,1.736383727511458
split_scaffold_heldout,ridge_cell,"NK cells, Dasatinib",0.3307853701088277,0.7269903694708367,0.5519832751428686,1.8228407384272238
split_scaffold_heldout,ridge_cell,"T cells, Dasatinib",0.6641445828233853,0.9732420651958298,0.8169788808321495,1.98761964235469
split_scaffold_heldout,ridge_cell,"NK cells, Ketoconazole",0.03172636985106038,0.9068459093911446,-0.003709856655502706,2.207976029791258
split_scaffold_heldout,ridge_cell,"T cells, Ketoconazole",-0.23822278692751173,1.3181194478777103,-0.365070432685689,2.775003864010906
split_scaffold_heldout,ridge_cell,"NK cells, Flutamide",0.268962540066066,0.6477776550775282,0.5000915744895661,1.7316076478703386
split_scaffold_heldout,ridge_cell,"T cells, Flutamide",0.09687458920396075,0.5717515738999692,0.4445474067625282,1.6080777546659113
split_scaffold_heldout,ridge_cell,"B cells, Dactolisib",0.6569022273526295,1.3277218680200835,0.7919514305483764,2.3975276518977995
split_scaffold_heldout,ridge_cell,"Myeloid cells, Dactolisib",0.5652486054910778,1.9966208083086292,0.6741307940940744,2.9129304972054406
split_scaffold_heldout,ridge_cell,"NK cells, Dactolisib",0.4176240899086542,0.9843958148836875,0.638670179685711,2.218017987473187
split_scaffold_heldout,ridge_cell,"T cells, Dactolisib",0.6771550363382051,1.4104904875601167,0.8031312778764989,2.47481799367868
split_scaffold_heldout,ridge_cell,"B cells, Idelalisib",0.6260562644038442,0.8861959147586606,0.8145915493392694,1.9714996957282724
split_scaffold_heldout,ridge_cell,"Myeloid cells, Idelalisib",0.350341071464566,0.9174419307455239,0.5642382426032414,1.9736747394623415
split_scaffold_heldout,ridge_cell,"NK cells, Idelalisib",0.303368267498654,0.6703390480570222,0.5409570335625182,1.7885072773313186
split_scaffold_heldout,ridge_cell,"T cells, Idelalisib",0.5711859227056363,0.7869011241531664,0.7894466845699271,1.8353567395514319
split_scaffold_heldout,ridge_cell,"B cells, Penfluridol",-0.0410500740884933,0.652541903015972,-0.1572971369876971,1.8616702649717554
split_scaffold_heldout,ridge_cell,"Myeloid cells, Penfluridol",0.1855738170301391,0.7312505835140478,0.37129685158537845,1.7771128708272732
split_scaffold_heldout,ridge_cell,"NK cells, Penfluridol",0.2520601524166635,0.6551140172236187,0.4757203953344811,1.7425119976903545
split_scaffold_heldout,ridge_cell,"T cells, Penfluridol",0.09117424336926054,0.5532917083205944,0.3601674134842179,1.604079295734032
split_scaffold_heldout,ridge_cell,"B cells, PD-0325901",0.5820834279022644,0.7092574793047653,0.8080436174363423,1.7914686760472793
split_scaffold_heldout,ridge_cell,"Myeloid cells, PD-0325901",0.5261255216877538,1.2572199817938834,0.7118195878210227,2.3342561052563604
split_scaffold_heldout,ridge_cell,"NK cells, PD-0325901",0.3386999552125932,0.7435061815029177,0.5577400920369265,1.8898639516163613
split_scaffold_heldout,ridge_cell,"T cells, PD-0325901",0.5830962310805607,0.7642074014472843,0.7693190575816898,1.8450702739645908
split_scaffold_heldout,ridge_cell,"NK cells, Resminostat",0.22465832916653283,1.320417272990144,0.36184772703852697,2.51085964973842
split_scaffold_heldout,ridge_cell,"T cells, Resminostat",0.4436407025158869,2.1152767680409568,0.5301713374751851,2.982482569493491
split_scaffold_heldout,ridge_cell,"B cells, TR-14035",0.44411970212179597,0.5923717170066117,0.6671729227224575,1.6285247948500639
split_scaffold_heldout,ridge_cell,"Myeloid cells, TR-14035",0.38201414078628376,0.573084679965194,0.6795925952131566,1.5382020221908466
split_scaffold_heldout,ridge_cell,"NK cells, TR-14035",0.32445847876302714,0.5827548107789754,0.6181783752236071,1.7443308982172578
split_scaffold_heldout,ridge_cell,"T cells, TR-14035",0.4627724722953424,0.517533811622897,0.7077557611139687,1.412699053659669
split_scaffold_heldout,ridge_cell,"NK cells, Nilotinib",0.3578278390572369,0.6945499531618397,0.5943070031902408,1.7736946527516602
split_scaffold_heldout,ridge_cell,"T cells, Nilotinib",0.6401997418898644,0.7202696407427044,0.8365088678743484,1.673919972695498
split_scaffold_heldout,ridge_cell,"NK cells, Saracatinib",0.3313033684789007,0.7071763238708604,0.5751446785782256,1.836418471442697
split_scaffold_heldout,ridge_cell,"T cells, Saracatinib",0.6675118144332035,0.7392581088579906,0.8495166068701666,1.6585470038660548
split_scaffold_heldout,ridge_cell,"B cells, Pitavastatin Calcium",-0.13775451792523474,1.1627766717713195,-0.19014740848745684,2.472419427925848
split_scaffold_heldout,ridge_cell,"Myeloid cells, Pitavastatin Calcium",-0.003895189469912929,2.3525765019660994,0.00688447924947117,3.2290760101356137
split_scaffold_heldout,ridge_cell,"NK cells, Pitavastatin Calcium",-0.03181387572023924,1.4005979314978667,-0.020854291130187184,2.6683574741624057
split_scaffold_heldout,ridge_cell,"T cells, Pitavastatin Calcium",-0.1617010331270528,1.6501810525450729,-0.22865941032580983,2.8973651519414987
split_scaffold_heldout,ridge_cell,"NK cells, YK 4-279",0.0765372542580427,0.6844765927726807,0.1675647971571494,1.813918042240501
split_scaffold_heldout,ridge_cell,"T cells, YK 4-279",-0.04023998917655346,0.6682837847802297,-0.19739907100271326,1.842518869232783
split_scaffold_heldout,ridge_cell,"NK cells, Colforsin",0.1613911121945969,0.6390254151328131,0.2468413579432059,1.7918792719699392
split_scaffold_heldout,ridge_cell,"T cells, Colforsin",0.37178401517259874,0.5185006727212804,0.555801443417728,1.3993952762714963
split_scaffold_heldout,ridge_cell,"B cells, Tivantinib",0.42573260568814053,0.6596449040257455,0.6401433069154627,1.7110944188832644
split_scaffold_heldout,ridge_cell,"Myeloid cells, Tivantinib",0.3755887113411228,0.7677598429601936,0.6152819536914325,1.8884575982611447
split_scaffold_heldout,ridge_cell,"NK cells, Tivantinib",0.2808278205176573,0.654162707132694,0.5297651872987063,1.7916611050025717
split_scaffold_heldout,ridge_cell,"T cells, Tivantinib",0.40231872882556974,0.7000548379244176,0.5925985991136723,1.7345842948157486
split_scaffold_heldout,ridge_cell,"B cells, K-02288",0.4352502328831296,0.5912733954210012,0.7128649341856632,1.5810921993596678
split_scaffold_heldout,ridge_cell,"Myeloid cells, K-02288",0.2241007971820685,0.9544481234903139,0.4545813828201015,2.135855516412402
split_scaffold_heldout,ridge_cell,"B cells, Vorinostat",0.3978348044844876,1.559665439490567,0.5331348286566803,2.608505215667666
split_scaffold_heldout,ridge_cell,"Myeloid cells, Vorinostat",0.37157447696591944,1.7942094999043448,0.4986831900190632,2.805603152812362
split_scaffold_heldout,ridge_cell,"B cells, Trametinib",0.3358921718683876,0.7159308848806445,0.6050841740878323,1.8045938339086127
split_scaffold_heldout,ridge_cell,"Myeloid cells, Trametinib",0.2900237137724513,1.377382631203002,0.4250720678952515,2.498204483679233
split_scaffold_heldout,ridge_cell,"B cells, Dasatinib",0.6602114006809815,1.07243474454221,0.831294152688465,2.1706985403989147
split_scaffold_heldout,ridge_cell,"Myeloid cells, Dasatinib",0.5510077675211669,1.4321141129948975,0.7195658501296901,2.4424577804659418
split_scaffold_heldout,ridge_cell,"B cells, Ketoconazole",-0.11512911985743263,0.9934473804025353,-0.23239051015055223,2.4031684763057553
split_scaffold_heldout,ridge_cell,"Myeloid cells, Ketoconazole",0.0035677190430519826,1.4130478312119061,-0.007967835347480003,2.635739113746688
split_scaffold_heldout,ridge_cell,"B cells, Flutamide",0.15079354412391832,0.5909170228896795,0.3502855434270125,1.7185454888671405
split_scaffold_heldout,ridge_cell,"Myeloid cells, Flutamide",0.2990665191433288,0.5934195061482449,0.5771328022132085,1.6108257727498232
split_scaffold_heldout,ridge_cell,"B cells, Resminostat",0.39961245509083837,1.632497700344618,0.5292078148911256,2.6669678494533318
split_scaffold_heldout,ridge_cell,"Myeloid cells, Resminostat",0.4427130329657215,1.8701118286854748,0.5591539249069787,2.7861424753388855
split_scaffold_heldout,ridge_cell,"B cells, Nilotinib",0.6605054294524662,0.7853293844432171,0.8512057631469283,1.8150213524973178
split_scaffold_heldout,ridge_cell,"Myeloid cells, Nilotinib",0.4691887509240627,1.0936976752453746,0.6892629050218934,2.201952880551629
split_scaffold_heldout,ridge_cell,"B cells, Saracatinib",0.7045779152495161,0.9391363573066073,0.8622348475559329,2.008565994521246
split_scaffold_heldout,ridge_cell,"Myeloid cells, Saracatinib",0.6156169711917437,1.3205466904754688,0.7772450265328272,2.317933003389471
split_scaffold_heldout,ridge_cell,"B cells, YK 4-279",0.14675556822801747,0.6201968122244903,0.3067535305966393,1.7569460150346172
split_scaffold_heldout,ridge_cell,"Myeloid cells, YK 4-279",0.24221034168040495,0.6133154305818878,0.4024280723245482,1.6265669254347843
split_scaffold_heldout,ridge_cell,"B cells, Colforsin",0.28875377055395035,0.5644564880386594,0.4227178493586427,1.6088280192281246
split_scaffold_heldout,ridge_cell,"Myeloid cells, Colforsin",0.24204988977926625,0.6666767757501717,0.48927257642655925,1.80888066506146
split_scaffold_heldout,ridge_drug_fp,"B cells, Ganetespib (STA-9090)",0.5745206635483002,1.5325152165738045,0.7190604789725482,2.5457621826742884
split_scaffold_heldout,ridge_drug_fp,"Myeloid cells, Ganetespib (STA-9090)",0.4441765967924917,1.4114090388161398,0.6090887042792617,2.4424356754818084
split_scaffold_heldout,ridge_drug_fp,"NK cells, Ganetespib (STA-9090)",0.5134011020831193,1.0054110102783742,0.7269885171681623,2.0596712896385356
split_scaffold_heldout,ridge_drug_fp,"T cells, Ganetespib (STA-9090)",0.6388845921459606,1.9996491332732436,0.7230802245741896,2.8329516352784205
split_scaffold_heldout,ridge_drug_fp,"B cells, Tamatinib",0.30583342195517,1.1756274437912633,0.4769158107047861,2.317049441144365
split_scaffold_heldout,ridge_drug_fp,"Myeloid cells, Tamatinib",0.28237283616333825,1.3644551950364516,0.4506849768304737,2.4956356725771536
split_scaffold_heldout,ridge_drug_fp,"NK cells, Tamatinib",0.20593291904961447,0.8679731006132995,0.39329424616629394,1.8826968863399522
split_scaffold_heldout,ridge_drug_fp,"T cells, Tamatinib",0.33675991073171124,1.071617269046736,0.5493650738423757,2.135502565811753
split_scaffold_heldout,ridge_drug_fp,"B cells, Linagliptin",0.04528031701576565,0.6268688469937317,0.0664631543561315,1.7739362025670606
split_scaffold_heldout,ridge_drug_fp,"Myeloid cells, Linagliptin",-0.04602764153221999,0.7491591673204654,-0.1360208724253809,1.9865455152604894
split_scaffold_heldout,ridge_drug_fp,"NK cells, Linagliptin",0.1379324835009995,0.6544929416111297,0.243009045698071,1.7353323277313186
split_scaffold_heldout,ridge_drug_fp,"T cells, Linagliptin",0.2280111699236179,0.5157758702760425,0.3800924599198228,1.5066941495732356
split_scaffold_heldout,ridge_drug_fp,"B cells, I-BET151",0.3867364221617723,1.2399108667901553,0.5658005931827952,2.328205738770833
split_scaffold_heldout,ridge_drug_fp,"Myeloid cells, I-BET151",0.4004202140216578,1.677047315322838,0.5470146882932998,2.6983700444749066
split_scaffold_heldout,ridge_drug_fp,"NK cells, I-BET151",0.21764802386814638,1.0194825633589673,0.3772690649398513,2.1991097547985716
split_scaffold_heldout,ridge_drug_fp,"T cells, I-BET151",0.4045947682032778,1.8614256884524958,0.5261781037210785,2.79704184734713
split_scaffold_heldout,ridge_drug_fp,"B cells, Foretinib",0.26833456340008077,1.1094892705188557,0.4643056320167155,2.2559841859309224
split_scaffold_heldout,ridge_drug_fp,"NK cells, Foretinib",0.17012609784324492,0.8030875233463804,0.3804530975329766,1.895494542718837
split_scaffold_heldout,ridge_drug_fp,"T cells, Foretinib",0.1579134639340858,0.9275456604266554,0.31606584025870116,2.089700772148853
split_scaffold_heldout,ridge_drug_fp,"B cells, GW843682X",0.13583167581209693,0.6592008608241627,0.37506434805163824,1.8308047485780254
split_scaffold_heldout,ridge_drug_fp,"Myeloid cells, GW843682X",0.07190383352153844,0.7777682441619385,0.18045126349200832,2.0554624866912556
split_scaffold_heldout,ridge_drug_fp,"NK cells, GW843682X",0.1527820998801903,0.6712509267837125,0.35652955052875285,1.7799958556102204
split_scaffold_heldout,ridge_drug_fp,"T cells, GW843682X",0.09377772236540523,0.6386456304985232,0.22183368337957213,1.96697518392435
split_scaffold_heldout,ridge_drug_fp,"B cells, Raloxifene",0.04104221063134208,0.7177227624782981,0.1735201729646624,1.8046968743056897
split_scaffold_heldout,ridge_drug_fp,"Myeloid cells, Raloxifene",0.007968418982963115,1.0473534832823994,0.07949707841267988,2.2550756448300056
split_scaffold_heldout,ridge_drug_fp,"NK cells, Raloxifene",-0.14491377903924466,0.9089546238229533,-0.25723186642167684,2.1097209761646125
split_scaffold_heldout,ridge_drug_fp,"T cells, Raloxifene",-0.28142792407558936,1.0458719747181158,-0.4969855755756733,2.3025093962518537
split_scaffold_heldout,ridge_drug_fp,"NK cells, K-02288",0.031638338107932436,0.7184532616811572,0.14010902086887264,1.796328433609358
split_scaffold_heldout,ridge_drug_fp,"T cells, K-02288",0.10295489652707104,0.6363123262188373,0.23279898630322737,1.6928557057368212
split_scaffold_heldout,ridge_drug_fp,"B cells, Proscillaridin A;Proscillaridin-A",0.16500243543812887,2.2671249781602634,0.2237699256955409,3.125089926448095
split_scaffold_heldout,ridge_drug_fp,"NK cells, Proscillaridin A;Proscillaridin-A",0.09733416492645607,2.256663761339785,0.13534509128458166,3.1471145921008348
split_scaffold_heldout,ridge_drug_fp,"T cells, Proscillaridin A;Proscillaridin-A",0.09949614130119047,2.9618487231869333,0.115255160911726,3.5085119953292034
split_scaffold_heldout,ridge_drug_fp,"NK cells, Vorinostat",0.5401272564709559,1.0934534501364797,0.724133239146388,2.150503499994964
split_scaffold_heldout,ridge_drug_fp,"T cells, Vorinostat",0.6906705620251208,1.963152860558334,0.7684083892615771,2.777606441670461
split_scaffold_heldout,ridge_drug_fp,"B cells, Dovitinib",0.3294035488764542,0.8825475582436177,0.6026318709323947,2.0911629331694344
split_scaffold_heldout,ridge_drug_fp,"Myeloid cells, Dovitinib",0.032425905565291006,0.966871745538384,0.12889378513298302,2.264943073350929
split_scaffold_heldout,ridge_drug_fp,"NK cells, Dovitinib",0.16609880392834311,0.7504072373340334,0.3767873422630872,1.8821665238575238
split_scaffold_heldout,ridge_drug_fp,"T cells, Dovitinib",0.3281780611435531,0.7531528787873963,0.6245417340840589,1.9979512622995292
split_scaffold_heldout,ridge_drug_fp,"B cells, Methotrexate",-0.23851406225961416,0.7846725305225347,-0.5591451583088525,2.050640260306643
split_scaffold_heldout,ridge_drug_fp,"Myeloid cells, Methotrexate",0.0019444840346602363,0.9667410671967822,0.03267115520952233,2.173470070132396
split_scaffold_heldout,ridge_drug_fp,"NK cells, Methotrexate",-0.07140174656991581,0.7262981357670792,-0.034543897453724465,1.914640705511486
split_scaffold_heldout,ridge_drug_fp,"T cells, Methotrexate",-0.1682531488266135,0.7208982145867845,-0.48478432627384577,2.2364218305351056
split_scaffold_heldout,ridge_drug_fp,"NK cells, Trametinib",0.2792316213290189,0.7806797891752176,0.49285030636637844,1.6675874139013076
split_scaffold_heldout,ridge_drug_fp,"T cells, Trametinib",0.45543931929669873,0.6858550014356178,0.7317326356044795,1.4892955234482281
split_scaffold_heldout,ridge_drug_fp,"NK cells, Dasatinib",0.27602911350609466,0.764578695229183,0.484781825092747,1.7717086845633088
split_scaffold_heldout,ridge_drug_fp,"T cells, Dasatinib",0.6193684044493896,0.9515962216781195,0.8005612657742545,1.9101779898669127
split_scaffold_heldout,ridge_drug_fp,"NK cells, Ketoconazole",-0.10266256631844378,0.9553910218730066,-0.23247957642518724,2.2754245039797167
split_scaffold_heldout,ridge_drug_fp,"T cells, Ketoconazole",-0.1091934440044397,1.2692418998177184,-0.25529160951195434,2.669582283391184
split_scaffold_heldout,ridge_drug_fp,"NK cells, Flutamide",0.12581245827163862,0.7757306124471834,0.335055432368708,1.7391202642459822
split_scaffold_heldout,ridge_drug_fp,"T cells, Flutamide",0.01236855086960387,0.6996652798032585,0.35083248170988685,1.6659567572766851
split_scaffold_heldout,ridge_drug_fp,"B cells, Dactolisib",0.038749018176478196,1.5201046690578348,0.06757071031615225,2.7258159751352644
split_scaffold_heldout,ridge_drug_fp,"Myeloid cells, Dactolisib",-0.03489125850002862,2.1965833854590633,-0.052152970649471074,3.203283446530395
split_scaffold_heldout,ridge_drug_fp,"NK cells, Dactolisib",0.004444876632138592,1.0882780077614898,-0.01017242240927487,2.4111187609090674
split_scaffold_heldout,ridge_drug_fp,"T cells, Dactolisib",0.02684166678007885,1.6158944954446761,0.04248250502522119,2.82148994253038
split_scaffold_heldout,ridge_drug_fp,"B cells, Idelalisib",0.1058932730338351,1.0535539185548206,0.23041989900421905,2.3105451653584033
split_scaffold_heldout,ridge_drug_fp,"Myeloid cells, Idelalisib",0.14472545652200342,0.9816240293402997,0.31236556261870285,2.115288905495925
split_scaffold_heldout,ridge_drug_fp,"NK cells, Idelalisib",-0.012636876452259303,0.7685428976116274,-0.04941951441464467,1.9599059813414847
split_scaffold_heldout,ridge_drug_fp,"T cells, Idelalisib",0.08433543938851693,0.9439647180089054,0.274953693760003,2.174680864600466
split_scaffold_heldout,ridge_drug_fp,"B cells, Penfluridol",-0.06159837494182683,0.6918558752003146,-0.15080821962574537,1.8631185841015385
split_scaffold_heldout,ridge_drug_fp,"Myeloid cells, Penfluridol",0.044215813347882445,0.7854675623737108,0.1268480121863395,1.8873669374644495
split_scaffold_heldout,ridge_drug_fp,"NK cells, Penfluridol",0.07576905175970047,0.7417995232798115,0.23332039645085142,1.7894103537904391
split_scaffold_heldout,ridge_drug_fp,"T cells, Penfluridol",0.01773560646680504,0.6035715950543115,0.11893199597752807,1.690408436790379
split_scaffold_heldout,ridge_drug_fp,"B cells, PD-0325901",0.43352139177091137,0.7622730094117733,0.6894334046345532,1.7831873494611348
split_scaffold_heldout,ridge_drug_fp,"Myeloid cells, PD-0325901",0.459209490759365,1.2600773460930002,0.6223884106992228,2.307769895347655
split_scaffold_heldout,ridge_drug_fp,"NK cells, PD-0325901",0.24271639560139352,0.8078997915672597,0.44491127016419313,1.859946325285671
split_scaffold_heldout,ridge_drug_fp,"T cells, PD-0325901",0.47445462786496706,0.7939299494316394,0.7164337719149234,1.7791170916018955
split_scaffold_heldout,ridge_drug_fp,"NK cells, Resminostat",0.13118116725935608,1.3511835345357925,0.2478031417931431,2.5289875306811664
split_scaffold_heldout,ridge_drug_fp,"T cells, Resminostat",0.1808907994271813,2.197575350705076,0.24284723533785382,3.0920762594551294
split_scaffold_heldout,ridge_drug_fp,"B cells, TR-14035",0.2607244042791772,0.6746273675375766,0.4885684377580088,1.7395762942943886
split_scaffold_heldout,ridge_drug_fp,"Myeloid cells, TR-14035",0.20621705368757204,0.6515323122955814,0.4291855292936881,1.6966822671217887
split_scaffold_heldout,ridge_drug_fp,"NK cells, TR-14035",0.18433323717943775,0.6653684196983041,0.3544465629926584,1.7757383895183145
split_scaffold_heldout,ridge_drug_fp,"T cells, TR-14035",0.3152651076411149,0.5896053430771938,0.6092717895180341,1.5011323298879338
split_scaffold_heldout,ridge_drug_fp,"NK cells, Nilotinib",0.1082708917028159,0.8343749580373037,0.25161908406962846,1.8747719847801183
split_scaffold_heldout,ridge_drug_fp,"T cells, Nilotinib",0.22361161510179645,0.899042308573581,0.43511208422392555,1.9325292873569666
split_scaffold_heldout,ridge_drug_fp,"NK cells, Saracatinib",0.1689805947288682,0.7958522324227694,0.2837999449112251,1.9040702317170086
split_scaffold_heldout,ridge_drug_fp,"T cells, Saracatinib",0.40344173878873013,0.8330473785961756,0.6372280140783044,1.8136754059319589
split_scaffold_heldout,ridge_drug_fp,"B cells, Pitavastatin Calcium",-0.014391355164961298,1.12084178015159,-0.000474139682630651,2.382457474194161
split_scaffold_heldout,ridge_drug_fp,"Myeloid cells, Pitavastatin Calcium",0.08197980039381261,2.3203563406520273,0.1137699765258322,3.187445140606991
split_scaffold_heldout,ridge_drug_fp,"NK cells, Pitavastatin Calcium",-0.04859447389806147,1.418030479278259,-0.06846017171793477,2.685703138303922
split_scaffold_heldout,ridge_drug_fp,"T cells, Pitavastatin Calcium",-0.05206826847364011,1.6095860079241189,-0.08209750988904752,2.822686369408235
split_scaffold_heldout,ridge_drug_fp,"NK cells, YK 4-279",-0.0442285321909997,0.7247768568127225,-0.02245930716652796,1.8627220966415112
split_scaffold_heldout,ridge_drug_fp,"T cells, YK 4-279",-0.0713874375503358,0.6505588097026767,-0.1557390996979528,1.7686991576593587
split_scaffold_heldout,ridge_drug_fp,"NK cells, Colforsin",0.03424891208406944,0.7373322810013415,-0.05482546222015435,1.8840983171742893
split_scaffold_heldout,ridge_drug_fp,"T cells, Colforsin",0.23094561848462264,0.5947599798274316,0.42052857640088553,1.501736561347805
split_scaffold_heldout,ridge_drug_fp,"B cells, Tivantinib",0.2787219864849791,0.7224246397528817,0.45661573264705685,1.7879427946665885
split_scaffold_heldout,ridge_drug_fp,"Myeloid cells, Tivantinib",0.2587199817370966,0.8184915534645093,0.46641415299033834,1.9636254943279579
split_scaffold_heldout,ridge_drug_fp,"NK cells, Tivantinib",0.14766030284363743,0.730474779642023,0.2664166057854513,1.836841868248286
split_scaffold_heldout,ridge_drug_fp,"T cells, Tivantinib",0.33643798642517425,0.7302625245897507,0.5180295806877544,1.7230359988621233
split_scaffold_heldout,ridge_drug_fp,"B cells, K-02288",0.2611411381193314,0.6734395761530042,0.573128538125892,1.6497076783612552
split_scaffold_heldout,ridge_drug_fp,"Myeloid cells, K-02288",-0.12498640260214423,1.0950828577522176,-0.18639958236253015,2.4210300148064023
split_scaffold_heldout,ridge_drug_fp,"B cells, Vorinostat",0.6588909217829009,1.422546627782344,0.7854523083643221,2.3770250209004296
split_scaffold_heldout,ridge_drug_fp,"Myeloid cells, Vorinostat",0.5396295305088309,1.7097380561719187,0.6694966119753459,2.6694502113041727
split_scaffold_heldout,ridge_drug_fp,"B cells, Trametinib",0.32995010746904385,0.7900028269455873,0.6418726186471753,1.6474785856186598
split_scaffold_heldout,ridge_drug_fp,"Myeloid cells, Trametinib",0.3825332928102266,1.3282692583312545,0.5409542817158328,2.334762137637529
split_scaffold_heldout,ridge_drug_fp,"B cells, Dasatinib",0.5328692446065301,1.0848413851276326,0.7410933515421675,2.1547702030581712
split_scaffold_heldout,ridge_drug_fp,"Myeloid cells, Dasatinib",0.5412054139682773,1.412038595294479,0.707351061500924,2.395025247837351
split_scaffold_heldout,ridge_drug_fp,"B cells, Ketoconazole",-0.10705657459373552,0.9807324386942644,-0.24495799466045004,2.380004674223328
split_scaffold_heldout,ridge_drug_fp,"Myeloid cells, Ketoconazole",-0.10707222068163397,1.4267206613098382,-0.21056321412719675,2.6766195539401223
split_scaffold_heldout,ridge_drug_fp,"B cells, Flutamide",0.08918094947864265,0.7037016712409891,0.1584302524387286,1.7710442285860637
split_scaffold_heldout,ridge_drug_fp,"Myeloid cells, Flutamide",0.27827560630978193,0.6554647085159467,0.49545181539566613,1.6095600474344196
split_scaffold_heldout,ridge_drug_fp,"B cells, Resminostat",0.19447492532231858,1.6974741168298406,0.3118641264201474,2.7600830963119583
split_scaffold_heldout,ridge_drug_fp,"Myeloid cells, Resminostat",0.17652929879931342,1.9650599362925594,0.2588561586478824,2.919978046778861
split_scaffold_heldout,ridge_drug_fp,"B cells, Nilotinib",0.26485315522464026,0.941573800770245,0.4778372735617661,2.023129248447233
split_scaffold_heldout,ridge_drug_fp,"Myeloid cells, Nilotinib",0.11111449690450353,1.2502040917744512,0.22754032819264433,2.4302848533554555
split_scaffold_heldout,ridge_drug_fp,"B cells, Saracatinib",0.42608874363467125,1.0188527238741365,0.6587116919082135,2.123228095365027
split_scaffold_heldout,ridge_drug_fp,"Myeloid cells, Saracatinib",0.36769963683258183,1.4025757258597367,0.5212099186113986,2.4396234871944196
split_scaffold_heldout,ridge_drug_fp,"B cells, YK 4-279",0.03472737909679703,0.6329656986356532,0.08512780737352028,1.828549550997567
split_scaffold_heldout,ridge_drug_fp,"Myeloid cells, YK 4-279",0.019290053886604454,0.6457616826247797,-0.06103071003229377,1.7867334519984046
split_scaffold_heldout,ridge_drug_fp,"B cells, Colforsin",0.19913153140680148,0.6260984833772206,0.2510209651605114,1.6688484040313276
split_scaffold_heldout,ridge_drug_fp,"Myeloid cells, Colforsin",0.11453572491489124,0.7287619724703087,0.25102987735053106,1.9216376504875534
split_scaffold_heldout,ridge_cell_drug_fp,"B cells, Ganetespib (STA-9090)",0.631447640100174,1.4867756853024603,0.7743896744944604,2.4601853076871665
split_scaffold_heldout,ridge_cell_drug_fp,"Myeloid cells, Ganetespib (STA-9090)",0.5364667985022114,1.3564711707854187,0.6996220668712271,2.3412966101018977
split_scaffold_heldout,ridge_cell_drug_fp,"NK cells, Ganetespib (STA-9090)",0.5207338856599562,1.0034073959878478,0.7461543479148591,2.0548101620932497
split_scaffold_heldout,ridge_cell_drug_fp,"T cells, Ganetespib (STA-9090)",0.6812250386419942,1.9430533072935419,0.7581105334394993,2.7500039582814595
split_scaffold_heldout,ridge_cell_drug_fp,"B cells, Tamatinib",0.44376352477045733,1.1150906220228554,0.6402166171050807,2.179669125911771
split_scaffold_heldout,ridge_cell_drug_fp,"Myeloid cells, Tamatinib",0.4779422153566991,1.2687863275892004,0.6778326180034865,2.297192902724994
split_scaffold_heldout,ridge_cell_drug_fp,"NK cells, Tamatinib",0.2506324693227768,0.8492045079901662,0.4682983062940322,1.8488157140786898
split_scaffold_heldout,ridge_cell_drug_fp,"T cells, Tamatinib",0.4274536346250914,1.0308297303404046,0.6530674496796686,2.0321885437189726
split_scaffold_heldout,ridge_cell_drug_fp,"B cells, Linagliptin",0.07767565020147292,0.6454389751238502,0.14951171484406164,1.7504292335950242
split_scaffold_heldout,ridge_cell_drug_fp,"Myeloid cells, Linagliptin",0.018347253339895838,0.769876797320207,0.015705934575043722,1.9591813833720706
split_scaffold_heldout,ridge_cell_drug_fp,"NK cells, Linagliptin",0.21481878343975003,0.6333093430361666,0.41087676613479496,1.6716648612995226
split_scaffold_heldout,ridge_cell_drug_fp,"T cells, Linagliptin",0.28060475824632924,0.5185852732143899,0.45261928168611604,1.4612682201929261
split_scaffold_heldout,ridge_cell_drug_fp,"B cells, I-BET151",0.4325113955192742,1.2143543517507023,0.6155613026932265,2.2620630561701667
split_scaffold_heldout,ridge_cell_drug_fp,"Myeloid cells, I-BET151",0.45127224190436427,1.6376010916406814,0.6000784762938463,2.6235694550515802
split_scaffold_heldout,ridge_cell_drug_fp,"NK cells, I-BET151",0.24518210002882834,1.0051070194831648,0.41446665916076886,2.1828349727281937
split_scaffold_heldout,ridge_cell_drug_fp,"T cells, I-BET151",0.47136220339427715,1.8168334518761429,0.589925977913475,2.7250558004942524
split_scaffold_heldout,ridge_cell_drug_fp,"B cells, Foretinib",0.3749245097357993,1.0654032471803028,0.6164712365405838,2.1357064676675295
split_scaffold_heldout,ridge_cell_drug_fp,"NK cells, Foretinib",0.18460337317742598,0.8054401389038695,0.4041737301161937,1.8757247813198346
split_scaffold_heldout,ridge_cell_drug_fp,"T cells, Foretinib",0.3037774607603644,0.8765603672286261,0.5520672298857754,1.9478484926489323
split_scaffold_heldout,ridge_cell_drug_fp,"B cells, GW843682X",0.19362057183278797,0.6551691139122265,0.4326322499300998,1.7853780224411866
split_scaffold_heldout,ridge_cell_drug_fp,"Myeloid cells, GW843682X",0.22472992020992122,0.7547567659277903,0.4454658050333316,1.8999632771662793
split_scaffold_heldout,ridge_cell_drug_fp,"NK cells, GW843682X",0.19626616363966856,0.6611744877945002,0.4152584369548335,1.7476482686198864
split_scaffold_heldout,ridge_cell_drug_fp,"T cells, GW843682X",0.17521399382140057,0.6330794157503784,0.31202352743691164,1.9125318229630948
split_scaffold_heldout,ridge_cell_drug_fp,"B cells, Raloxifene",0.09717925842758234,0.7257130395644563,0.283085640717804,1.757565894319395
split_scaffold_heldout,ridge_cell_drug_fp,"Myeloid cells, Raloxifene",0.2166091814583771,0.9838381770477704,0.4412193020454661,2.0658887041152685
split_scaffold_heldout,ridge_cell_drug_fp,"NK cells, Raloxifene",-0.07699829136448386,0.8706968266957793,-0.12884053210193636,2.0586366315166877
split_scaffold_heldout,ridge_cell_drug_fp,"T cells, Raloxifene",-0.18810060322160146,1.0484096012973754,-0.3296722871994132,2.2598659591138888
split_scaffold_heldout,ridge_cell_drug_fp,"NK cells, K-02288",0.09393175579769514,0.6859857807713426,0.30352285218341796,1.7357974222078731
split_scaffold_heldout,ridge_cell_drug_fp,"T cells, K-02288",0.2294387399564585,0.6176929842171204,0.44371726501825864,1.562526700597139
split_scaffold_heldout,ridge_cell_drug_fp,"B cells, Proscillaridin A;Proscillaridin-A",0.20189444698518885,2.250868544358744,0.27029028208401507,3.0982926795639005
split_scaffold_heldout,ridge_cell_drug_fp,"NK cells, Proscillaridin A;Proscillaridin-A",0.1498253600976222,2.2345280956381828,0.20219473917049033,3.117812439272754
split_scaffold_heldout,ridge_cell_drug_fp,"T cells, Proscillaridin A;Proscillaridin-A",0.11151202611726864,2.9584807959328123,0.12800801275238166,3.5031914130161272
split_scaffold_heldout,ridge_cell_drug_fp,"NK cells, Vorinostat",0.5442867652556286,1.0975560202721737,0.7328962781283935,2.1652244568998453
split_scaffold_heldout,ridge_cell_drug_fp,"T cells, Vorinostat",0.7142075381399814,1.916868489103893,0.7855516989370561,2.709924375122333
split_scaffold_heldout,ridge_cell_drug_fp,"B cells, Dovitinib",0.4615962910642929,0.8327086008526768,0.7432267043714275,1.9327445686631441
split_scaffold_heldout,ridge_cell_drug_fp,"Myeloid cells, Dovitinib",0.09715297964520453,0.965578143220339,0.22904800573055753,2.2250713436203187
split_scaffold_heldout,ridge_cell_drug_fp,"NK cells, Dovitinib",0.2041953995061466,0.7402378791113426,0.45928877494748327,1.8455860981342502
split_scaffold_heldout,ridge_cell_drug_fp,"T cells, Dovitinib",0.4350280912201636,0.7177769228126448,0.7108313137908957,1.8617496163854816
split_scaffold_heldout,ridge_cell_drug_fp,"B cells, Methotrexate",-0.2011961025095345,0.809572602912621,-0.508785276990593,2.079103502741082
split_scaffold_heldout,ridge_cell_drug_fp,"Myeloid cells, Methotrexate",0.06273214538081512,0.9690840867663938,0.1441952753624148,2.133841181065023
split_scaffold_heldout,ridge_cell_drug_fp,"NK cells, Methotrexate",0.024531095168554187,0.6976400569706712,0.11871255635772762,1.8601846984506576
split_scaffold_heldout,ridge_cell_drug_fp,"T cells, Methotrexate",-0.205982358174905,0.7720115122539268,-0.5462361588632422,2.4234865122124303
split_scaffold_heldout,ridge_cell_drug_fp,"NK cells, Trametinib",0.3336948965385313,0.7381748243924331,0.5685521623661535,1.6012077179690165
split_scaffold_heldout,ridge_cell_drug_fp,"T cells, Trametinib",0.5029309214205735,0.6632301600467535,0.76371264887159,1.4070848709320145
split_scaffold_heldout,ridge_cell_drug_fp,"NK cells, Dasatinib",0.3239000886831779,0.7388779558854108,0.5637470795010098,1.7364636946108014
split_scaffold_heldout,ridge_cell_drug_fp,"T cells, Dasatinib",0.6753143780973215,0.9031882473949825,0.8241222467802545,1.8005942833897663
split_scaffold_heldout,ridge_cell_drug_fp,"NK cells, Ketoconazole",0.0338891395892201,0.9319917064342761,0.035049002572074196,2.199872071944396
split_scaffold_heldout,ridge_cell_drug_fp,"T cells, Ketoconazole",-0.10677109993379938,1.2879569982929715,-0.22437948281902542,2.709874061379393
split_scaffold_heldout,ridge_cell_drug_fp,"NK cells, Flutamide",0.19338218629243406,0.7285664433834433,0.426859697627057,1.6931024446815335
split_scaffold_heldout,ridge_cell_drug_fp,"T cells, Flutamide",0.04745447959791202,0.7175956033252151,0.40361409278694105,1.6335763382781783
split_scaffold_heldout,ridge_cell_drug_fp,"B cells, Dactolisib",0.18515454197843648,1.479143975972377,0.29982948150251465,2.6423572427567703
split_scaffold_heldout,ridge_cell_drug_fp,"Myeloid cells, Dactolisib",0.17216970444369664,2.1368172555349627,0.22447796123313457,3.1100881617093106
split_scaffold_heldout,ridge_cell_drug_fp,"NK cells, Dactolisib",-0.055310106091691714,1.1169033262702348,-0.13417284056173218,2.460414547773175
split_scaffold_heldout,ridge_cell_drug_fp,"T cells, Dactolisib",0.23825149434228496,1.5552253518635242,0.3558574454413327,2.7069219304336394
split_scaffold_heldout,ridge_cell_drug_fp,"B cells, Idelalisib",0.2714840925949658,1.0046747793706339,0.48747610836520017,2.176799310008112
split_scaffold_heldout,ridge_cell_drug_fp,"Myeloid cells, Idelalisib",0.30445941998099724,0.9356688921281016,0.543799340864092,1.9812520394673918
split_scaffold_heldout,ridge_cell_drug_fp,"NK cells, Idelalisib",0.057317540786900385,0.7550716325927004,0.1002770686120469,1.9167906765538598
split_scaffold_heldout,ridge_cell_drug_fp,"T cells, Idelalisib",0.23417105418743847,0.9070570695589573,0.5034088438147407,2.039941539839742
split_scaffold_heldout,ridge_cell_drug_fp,"B cells, Penfluridol",-0.0360144764115158,0.7162223388790283,-0.09433441399840851,1.8710711697392453
split_scaffold_heldout,ridge_cell_drug_fp,"Myeloid cells, Penfluridol",0.13142958073781766,0.7884025810085511,0.2854732196262728,1.8169891721947766
split_scaffold_heldout,ridge_cell_drug_fp,"NK cells, Penfluridol",0.16640986944664107,0.7034818523357664,0.38309442798816123,1.7330750797883916
split_scaffold_heldout,ridge_cell_drug_fp,"T cells, Penfluridol",0.05170848548882105,0.6277338775654889,0.24193658053517092,1.6445435838547426
split_scaffold_heldout,ridge_cell_drug_fp,"B cells, PD-0325901",0.5268237390796593,0.7157686652358917,0.7684105981763448,1.633637590741433
split_scaffold_heldout,ridge_cell_drug_fp,"Myeloid cells, PD-0325901",0.5750493497985546,1.1771667349351704,0.7374585152063214,2.1328255365050555
split_scaffold_heldout,ridge_cell_drug_fp,"NK cells, PD-0325901",0.2895722405552424,0.7754376075289114,0.5023585182655564,1.82798865404016
split_scaffold_heldout,ridge_cell_drug_fp,"T cells, PD-0325901",0.5439687160466407,0.7561953454758888,0.7548189326735016,1.6888655904367578
split_scaffold_heldout,ridge_cell_drug_fp,"NK cells, Resminostat",0.08749188383247636,1.3652397415111872,0.18490260396086997,2.5555461373362327
split_scaffold_heldout,ridge_cell_drug_fp,"T cells, Resminostat",0.28785423234042173,2.1541889523489606,0.3744317225244905,3.0265882303750944
split_scaffold_heldout,ridge_cell_drug_fp,"B cells, TR-14035",0.3365461448212934,0.6582305395077944,0.5981211467482858,1.6337409520270614
split_scaffold_heldout,ridge_cell_drug_fp,"Myeloid cells, TR-14035",0.3209770012737116,0.6333885320342588,0.6256095993672051,1.5251976306542752
split_scaffold_heldout,ridge_cell_drug_fp,"NK cells, TR-14035",0.23080489442084537,0.6413968083723334,0.5009402709873139,1.7132924608077171
split_scaffold_heldout,ridge_cell_drug_fp,"T cells, TR-14035",0.3867325251002252,0.5826474886426459,0.7098030236913023,1.3706236774698037
split_scaffold_heldout,ridge_cell_drug_fp,"NK cells, Nilotinib",0.11927939706120323,0.8241826559617936,0.2760612599968681,1.8552052490291746
split_scaffold_heldout,ridge_cell_drug_fp,"T cells, Nilotinib",0.31408645717421246,0.8668041799578401,0.5728730531740324,1.809680059829898
split_scaffold_heldout,ridge_cell_drug_fp,"NK cells, Saracatinib",0.19007006353710218,0.7821257922742658,0.35968473806712004,1.8672179064727774
split_scaffold_heldout,ridge_cell_drug_fp,"T cells, Saracatinib",0.49019849372928004,0.7917722466890449,0.7335520434933532,1.66940084420291
split_scaffold_heldout,ridge_cell_drug_fp,"B cells, Pitavastatin Calcium",-0.0032580894053922302,1.1334456193991926,0.02023807703381261,2.3872542094282503
split_scaffold_heldout,ridge_cell_drug_fp,"Myeloid cells, Pitavastatin Calcium",0.10222947570137395,2.317900392245574,0.13449954212940243,3.1793593782089955
split_scaffold_heldout,ridge_cell_drug_fp,"NK cells, Pitavastatin Calcium",0.05603915574483557,1.3941972911217835,0.09551280360044519,2.639799542527547
split_scaffold_heldout,ridge_cell_drug_fp,"T cells, Pitavastatin Calcium",-0.008482760017871401,1.6075613428490543,-0.016484220239511335,2.8165002215930497
split_scaffold_heldout,ridge_cell_drug_fp,"NK cells, YK 4-279",0.08133583155610456,0.6981495154401403,0.21172372484189286,1.802679458618542
split_scaffold_heldout,ridge_cell_drug_fp,"T cells, YK 4-279",-0.007229236012811208,0.6650028843338881,-0.11147801028192957,1.804382699789284
split_scaffold_heldout,ridge_cell_drug_fp,"NK cells, Colforsin",0.06649993127095323,0.714541095856366,0.040193278903232765,1.8499156568133803
split_scaffold_heldout,ridge_cell_drug_fp,"T cells, Colforsin",0.3129738809173009,0.5857627247346661,0.526065884951928,1.3848866027132296
split_scaffold_heldout,ridge_cell_drug_fp,"B cells, Tivantinib",0.34098460788244866,0.7072367508757073,0.5449344877305274,1.7121003879513466
split_scaffold_heldout,ridge_cell_drug_fp,"Myeloid cells, Tivantinib",0.3370930259315701,0.8031383692252518,0.5791774463838585,1.8558389518379597
split_scaffold_heldout,ridge_cell_drug_fp,"NK cells, Tivantinib",0.1952043866392496,0.699968002591509,0.3725196522430205,1.800176774639981
split_scaffold_heldout,ridge_cell_drug_fp,"T cells, Tivantinib",0.4083936271769249,0.7086644697350284,0.558886951156997,1.6489896244500848
split_scaffold_heldout,ridge_cell_drug_fp,"B cells, K-02288",0.3372808446533808,0.6570804201528242,0.6626492188339798,1.5327749901957761
split_scaffold_heldout,ridge_cell_drug_fp,"Myeloid cells, K-02288",0.017865914491322035,1.0738678372774382,0.13417079074485186,2.301446232730607
split_scaffold_heldout,ridge_cell_drug_fp,"B cells, Vorinostat",0.6726765459813133,1.3901593293626922,0.796052690753478,2.3157601997893833
split_scaffold_heldout,ridge_cell_drug_fp,"Myeloid cells, Vorinostat",0.581215585390626,1.666173737069816,0.7123526096788018,2.5952321134142085
split_scaffold_heldout,ridge_cell_drug_fp,"B cells, Trametinib",0.38169030618574085,0.7775078444111001,0.6831048477335218,1.5677003824234383
split_scaffold_heldout,ridge_cell_drug_fp,"Myeloid cells, Trametinib",0.45715213112261066,1.2782023911220914,0.6274748047969264,2.2135200668733113
split_scaffold_heldout,ridge_cell_drug_fp,"B cells, Dasatinib",0.6219996081843562,1.021738985568517,0.809503345962069,2.0108467891782507
split_scaffold_heldout,ridge_cell_drug_fp,"Myeloid cells, Dasatinib",0.6113010906706666,1.3500368682261534,0.7715460577528068,2.2794188758371567
split_scaffold_heldout,ridge_cell_drug_fp,"B cells, Ketoconazole",-0.07614622524450483,0.9886648833690076,-0.17237459272345548,2.3800039547788856
split_scaffold_heldout,ridge_cell_drug_fp,"Myeloid cells, Ketoconazole",-0.010368212772942934,1.4201090838233934,-0.03719220190519414,2.644004008384169
split_scaffold_heldout,ridge_cell_drug_fp,"B cells, Flutamide",0.1299486879890589,0.7127894917135332,0.28610740519135486,1.7085661929127278
split_scaffold_heldout,ridge_cell_drug_fp,"Myeloid cells, Flutamide",0.3231908018569491,0.676149640744471,0.5873172739692132,1.5130415933179029
split_scaffold_heldout,ridge_cell_drug_fp,"B cells, Resminostat",0.2861230458736499,1.6611809762824945,0.424392155689555,2.6952492975444806
split_scaffold_heldout,ridge_cell_drug_fp,"Myeloid cells, Resminostat",0.29219119794091697,1.915485606680772,0.39561918355160486,2.837245397824635
split_scaffold_heldout,ridge_cell_drug_fp,"B cells, Nilotinib",0.3766140355566489,0.8903445273138261,0.6259126813293808,1.8804779277182933
split_scaffold_heldout,ridge_cell_drug_fp,"Myeloid cells, Nilotinib",0.23863712746851432,1.204556022838288,0.44302914371104596,2.290540633183444
split_scaffold_heldout,ridge_cell_drug_fp,"B cells, Saracatinib",0.5219035197894468,0.9651647195510129,0.7634192783648265,1.9751393053406836
split_scaffold_heldout,ridge_cell_drug_fp,"Myeloid cells, Saracatinib",0.5089143565529004,1.323230903787654,0.6869397882390043,2.2875181561236664
split_scaffold_heldout,ridge_cell_drug_fp,"B cells, YK 4-279",0.11850354293704697,0.6352453652554645,0.25267560152925966,1.7740695822755381
split_scaffold_heldout,ridge_cell_drug_fp,"Myeloid cells, YK 4-279",0.20453544910292265,0.6266786476183431,0.3471835082955521,1.655913305302177
split_scaffold_heldout,ridge_cell_drug_fp,"B cells, Colforsin",0.24646054652178012,0.6314054678028411,0.34623191647769935,1.6057793316487565
split_scaffold_heldout,ridge_cell_drug_fp,"Myeloid cells, Colforsin",0.2016079665844258,0.7303293082623014,0.4614843477770711,1.7961547373944895
split_cell_scaffold_heldout,ridge_cell,"B cells, Ganetespib (STA-9090)",0.379179063642709,1.6419781014114239,0.5108064862205516,2.7479421657186456
split_cell_scaffold_heldout,ridge_cell,"B cells, Tamatinib",0.48004692162984314,1.1432823796346885,0.6814516971401564,2.3017230804957363
split_cell_scaffold_heldout,ridge_cell,"B cells, Linagliptin",-0.016412165695693332,0.6108862598882717,-0.12314742446945584,1.803686786027797
split_cell_scaffold_heldout,ridge_cell,"B cells, I-BET151",0.3283901665340399,1.2812894006762505,0.4660291076448208,2.455589465689345
split_cell_scaffold_heldout,ridge_cell,"B cells, Foretinib",0.5032476487732782,1.052886205592498,0.7070972004441715,2.2148567639357553
split_cell_scaffold_heldout,ridge_cell,"B cells, GW843682X",0.18875916813267107,0.6185772720425857,0.4153284652899292,1.8523659691246435
split_cell_scaffold_heldout,ridge_cell,"B cells, Raloxifene",0.07689361303374737,0.6333903630104597,0.25965419432232856,1.7836318530698227
split_cell_scaffold_heldout,ridge_cell,"B cells, Proscillaridin A;Proscillaridin-A",0.07549117472259892,2.292295750055308,0.09920675256523487,3.1767312364722153
split_cell_scaffold_heldout,ridge_cell,"B cells, Dovitinib",0.3844461892357305,0.8723647066501101,0.6294473428804603,2.1074517846543923
split_cell_scaffold_heldout,ridge_cell,"B cells, Methotrexate",-0.31023393273477956,0.7468770642623844,-0.5835913766076235,1.9757682814787019
split_cell_scaffold_heldout,ridge_cell,"B cells, Dactolisib",0.5544996552971494,1.3909742277556618,0.735831628178198,2.5146165313557547
split_cell_scaffold_heldout,ridge_cell,"B cells, Idelalisib",0.42715518892230175,0.9665030468974033,0.6664563626206044,2.1682761141697986
split_cell_scaffold_heldout,ridge_cell,"B cells, Penfluridol",-0.09806630671027126,0.6331924498553226,-0.32384963373793363,1.8604241081856234
split_cell_scaffold_heldout,ridge_cell,"B cells, PD-0325901",0.36442480160697033,0.7862127088826282,0.6105591085305867,2.014801001773718
split_cell_scaffold_heldout,ridge_cell,"B cells, TR-14035",0.30749169591949377,0.6301481124566829,0.513736813588255,1.7791097175683968
split_cell_scaffold_heldout,ridge_cell,"B cells, Pitavastatin Calcium",-0.19320339023746622,1.150226243499301,-0.2879266390086781,2.4677610430346792
split_cell_scaffold_heldout,ridge_cell,"B cells, Tivantinib",0.31530119215841734,0.6921627193175779,0.5252585170567885,1.8261231015346815
split_cell_scaffold_heldout,ridge_cell,"B cells, K-02288",0.29079404248850743,0.6295285184916976,0.5551719019816381,1.755024056900252
split_cell_scaffold_heldout,ridge_cell,"B cells, Vorinostat",0.27161477631498476,1.60738139736823,0.39739186472706,2.6941685420706087
split_cell_scaffold_heldout,ridge_cell,"B cells, Trametinib",0.15828827203563905,0.7567315688641271,0.44330482994428394,1.941538092992668
split_cell_scaffold_heldout,ridge_cell,"B cells, Dasatinib",0.4353980528383896,1.1646594652089832,0.6538485008262666,2.3662300347620087
split_cell_scaffold_heldout,ridge_cell,"B cells, Ketoconazole",-0.17965638648143345,0.9818454352266683,-0.34046909842370726,2.4038789402590317
split_cell_scaffold_heldout,ridge_cell,"B cells, Flutamide",0.046874074468080694,0.5929715517227653,0.012955196045815034,1.8114070475642907
split_cell_scaffold_heldout,ridge_cell,"B cells, Resminostat",0.2597033526472273,1.6842491668086403,0.3784769330753074,2.7567679885532073
split_cell_scaffold_heldout,ridge_cell,"B cells, Nilotinib",0.48810217901451664,0.8612016177092904,0.7477431347084643,2.0117093851267427
split_cell_scaffold_heldout,ridge_cell,"B cells, Saracatinib",0.5003173450995532,1.0295639264954108,0.7102610976947227,2.221257257357483
split_cell_scaffold_heldout,ridge_cell,"B cells, YK 4-279",0.017405219159241408,0.6287688631739131,0.015124421412673969,1.8384505319049513
split_cell_scaffold_heldout,ridge_cell,"B cells, Colforsin",0.18797788677994137,0.576153893846498,0.25284720824604245,1.7047624577850018
split_cell_scaffold_heldout,ridge_drug_fp,"B cells, Ganetespib (STA-9090)",0.43592131786821675,1.5879919062063323,0.580441528427714,2.6363225562072605
split_cell_scaffold_heldout,ridge_drug_fp,"B cells, Tamatinib",0.22718402707049717,1.207294228692921,0.3675124053958599,2.3719048348548624
split_cell_scaffold_heldout,ridge_drug_fp,"B cells, Linagliptin",0.03226487309914809,0.6340012840754815,0.06002421522657888,1.7760359256771037
split_cell_scaffold_heldout,ridge_drug_fp,"B cells, I-BET151",0.3148076895000078,1.2702730448132749,0.4821685148321545,2.380890991132821
split_cell_scaffold_heldout,ridge_drug_fp,"B cells, Foretinib",0.23459081114090863,1.1263676207998352,0.41442960749595387,2.2760196755151374
split_cell_scaffold_heldout,ridge_drug_fp,"B cells, GW843682X",0.12067328240951253,0.671580229635674,0.35037355226036937,1.836532338675776
split_cell_scaffold_heldout,ridge_drug_fp,"B cells, Raloxifene",0.000745875130239519,0.7318767432606369,0.08410524976622062,1.8383957801468898
split_cell_scaffold_heldout,ridge_drug_fp,"B cells, Proscillaridin A;Proscillaridin-A",0.1505682943558895,2.274788479571589,0.20586143829200876,3.1311290052481406
split_cell_scaffold_heldout,ridge_drug_fp,"B cells, Dovitinib",0.22196658124700144,0.9161559434957115,0.43351214826374035,2.1660701014626516
split_cell_scaffold_heldout,ridge_drug_fp,"B cells, Methotrexate",-0.2296935276874629,0.7890846610168315,-0.544160171308366,2.047637737369828
split_cell_scaffold_heldout,ridge_drug_fp,"B cells, Dactolisib",-0.036430486879946655,1.5465542737959996,-0.05512397141886903,2.7660971408690473
split_cell_scaffold_heldout,ridge_drug_fp,"B cells, Idelalisib",0.01294020347050958,1.0855409744458,0.049455876291294984,2.3737071602458917
split_cell_scaffold_heldout,ridge_drug_fp,"B cells, Penfluridol",-0.0719141958209844,0.7036289397054533,-0.15324341527565036,1.8670124678152056
split_cell_scaffold_heldout,ridge_drug_fp,"B cells, PD-0325901",0.33594360970718296,0.8145761486407043,0.5820102468615819,1.8895144122179237
split_cell_scaffold_heldout,ridge_drug_fp,"B cells, TR-14035",0.23428021585140774,0.690338561086363,0.4526160168800274,1.7597716034167985
split_cell_scaffold_heldout,ridge_drug_fp,"B cells, Pitavastatin Calcium",-0.003083239700341623,1.1206221095853364,0.02344023877943706,2.374618458693841
split_cell_scaffold_heldout,ridge_drug_fp,"B cells, Tivantinib",0.23175834283437968,0.7485529021708103,0.3771866562908525,1.8252484122174548
split_cell_scaffold_heldout,ridge_drug_fp,"B cells, K-02288",0.2232449456691073,0.6976909189815205,0.5091730997779716,1.6934807421306999
split_cell_scaffold_heldout,ridge_drug_fp,"B cells, Vorinostat",0.5864667867764476,1.451398362083291,0.7299636330884294,2.4190648431782633
split_cell_scaffold_heldout,ridge_drug_fp,"B cells, Trametinib",0.2647219561715695,0.8258943767436803,0.5721013853080754,1.7364636506822695
split_cell_scaffold_heldout,ridge_drug_fp,"B cells, Dasatinib",0.4079137339768601,1.1430444425522008,0.6243611189144127,2.267963339172137
split_cell_scaffold_heldout,ridge_drug_fp,"B cells, Ketoconazole",-0.12276996402281125,0.9951711629794561,-0.28123578159499335,2.4009780730346475
split_cell_scaffold_heldout,ridge_drug_fp,"B cells, Flutamide",0.07482182901280862,0.7192065133843542,0.11486907385109518,1.7943269207185344
split_cell_scaffold_heldout,ridge_drug_fp,"B cells, Resminostat",0.1413326640784417,1.7173827966540436,0.23809780430044183,2.7856428009390704
split_cell_scaffold_heldout,ridge_drug_fp,"B cells, Nilotinib",0.22831819287871122,0.9646635913016135,0.44416067996044006,2.0514287298818186
split_cell_scaffold_heldout,ridge_drug_fp,"B cells, Saracatinib",0.38266632564219294,1.0393385873810255,0.6210031280727666,2.1485653022120346
split_cell_scaffold_heldout,ridge_drug_fp,"B cells, YK 4-279",-0.011968275722051641,0.6469106652276361,-0.0232736715341257,1.857590697694282
split_cell_scaffold_heldout,ridge_drug_fp,"B cells, Colforsin",0.15972983238070979,0.6493753678970273,0.18375530818193372,1.7046802794726383
split_cell_scaffold_heldout,ridge_cell_drug_fp,"B cells, Ganetespib (STA-9090)",0.43632084078044064,1.587760959169054,0.5806765820964719,2.635970200700628
split_cell_scaffold_heldout,ridge_cell_drug_fp,"B cells, Tamatinib",0.22711396987834334,1.2072946827433517,0.36735901078827254,2.3720277253448976
split_cell_scaffold_heldout,ridge_cell_drug_fp,"B cells, Linagliptin",0.03203972402878851,0.6347269159758113,0.06099283794457221,1.7757532639410925
split_cell_scaffold_heldout,ridge_cell_drug_fp,"B cells, I-BET151",0.3150252239578074,1.2701658256194637,0.48255581874355735,2.3803116749907454
split_cell_scaffold_heldout,ridge_cell_drug_fp,"B cells, Foretinib",0.24028256660232605,1.1240035119255078,0.4205435972084287,2.2726150746497797
split_cell_scaffold_heldout,ridge_cell_drug_fp,"B cells, GW843682X",0.12134342032147996,0.6716796045943243,0.35220455701630976,1.8355127192020055
split_cell_scaffold_heldout,ridge_cell_drug_fp,"B cells, Raloxifene",0.00042042060208220106,0.7337167353526104,0.08344252620687767,1.8390241727011218
split_cell_scaffold_heldout,ridge_cell_drug_fp,"B cells, Proscillaridin A;Proscillaridin-A",0.15045765125357308,2.2748446416027703,0.20579064142651984,3.1311614758321262
split_cell_scaffold_heldout,ridge_cell_drug_fp,"B cells, Dovitinib",0.22014540036167907,0.9165778840374128,0.4318514078851085,2.166965980949909
split_cell_scaffold_heldout,ridge_cell_drug_fp,"B cells, Methotrexate",-0.23003545223135793,0.7893075970479463,-0.5440169702659832,2.0472363807984326
split_cell_scaffold_heldout,ridge_cell_drug_fp,"B cells, Dactolisib",-0.03329266766552595,1.5456400100464522,-0.04975542031392571,2.764427885427142
split_cell_scaffold_heldout,ridge_cell_drug_fp,"B cells, Idelalisib",0.01194251279199006,1.0857756998226507,0.04752580811447702,2.37429269631958
split_cell_scaffold_heldout,ridge_cell_drug_fp,"B cells, Penfluridol",-0.07216955844836832,0.7046992914441184,-0.15674126621911214,1.8687984715028412
split_cell_scaffold_heldout,ridge_cell_drug_fp,"B cells, PD-0325901",0.33622859695878526,0.8144207133467095,0.5822127315072071,1.8893043987521596
split_cell_scaffold_heldout,ridge_cell_drug_fp,"B cells, TR-14035",0.23432797875388459,0.6903146427850478,0.4514490918028075,1.7606639716362116
split_cell_scaffold_heldout,ridge_cell_drug_fp,"B cells, Pitavastatin Calcium",-0.004221217345365242,1.121020450607137,0.020855751375383737,2.375414812864196
split_cell_scaffold_heldout,ridge_cell_drug_fp,"B cells, Tivantinib",0.23067364040572363,0.7472096223542698,0.3731118294782149,1.827902298077071
split_cell_scaffold_heldout,ridge_cell_drug_fp,"B cells, K-02288",0.22307327719653072,0.6974041228663991,0.5089097749487624,1.6938168267161737
split_cell_scaffold_heldout,ridge_cell_drug_fp,"B cells, Vorinostat",0.5853703647506605,1.4518010637041567,0.7291974602574891,2.419588861745124
split_cell_scaffold_heldout,ridge_cell_drug_fp,"B cells, Trametinib",0.2624542975582362,0.8286358997366092,0.5698759276424045,1.73825152921142
split_cell_scaffold_heldout,ridge_cell_drug_fp,"B cells, Dasatinib",0.4078743211553892,1.1427964592834066,0.6249773413714023,2.2664758438483465
split_cell_scaffold_heldout,ridge_cell_drug_fp,"B cells, Ketoconazole",-0.12351442683105851,0.9954263464947969,-0.28250271905381286,2.4014279449055316
split_cell_scaffold_heldout,ridge_cell_drug_fp,"B cells, Flutamide",0.07488040836215744,0.7188368119767594,0.11525213942943688,1.7940706568899076
split_cell_scaffold_heldout,ridge_cell_drug_fp,"B cells, Resminostat",0.14279243261274935,1.7167885317670593,0.24030127608947532,2.784812871059818
split_cell_scaffold_heldout,ridge_cell_drug_fp,"B cells, Nilotinib",0.22986268162229945,0.9639547024016556,0.4462848454300192,2.0497566775670157
split_cell_scaffold_heldout,ridge_cell_drug_fp,"B cells, Saracatinib",0.3839986830946388,1.0386981870280656,0.6222103378903384,2.147584548175586
split_cell_scaffold_heldout,ridge_cell_drug_fp,"B cells, YK 4-279",-0.011549075186632495,0.646966011788245,-0.02194120817438038,1.8572770634821247
split_cell_scaffold_heldout,ridge_cell_drug_fp,"B cells, Colforsin",0.15997050073782543,0.6495448216467463,0.18428858476648877,1.7043835914327314
